{"charts/global_step": 99942400, "charts/SPS": 2190, "charts/learning_rate": 2.458210422812135e-07, "charts/episodic_length": 0, "charts/episodic_return": 0, "charts/reward": 0.006054502446204424, "charts/agent_steps": 99942400, "losses/policy_loss": 0.0015035067917779088, "losses/value_loss": 0.038734353225057326, "losses/entropy": 0.8292428764204184, "losses/old_approx_kl": 0.0017790608241436228, "losses/approx_kl": 0.0022960705209698062, "losses/clipfrac": 0.036641438802083336, "losses/explained_variance": 0.9067539572715759, "performance/total_uptime": 65339, "performance/total_updates": 3050, "performance/total_agent_steps": 99942400, "performance/epoch_time": 18.386526669259183, "performance/epoch_sps": 1782, "performance/evaluation_time": 0, "performance/evaluation_sps": 0, "performance/evaluation_memory": 0, "performance/evaluation_pytorch_memory": 0, "performance/env_time": 9.507086300174706, "performance/env_sps": 3453, "performance/inference_time": 3.683362876108731, "performance/inference_sps": 8913, "performance/train_time": 3.398874521255493, "performance/train_sps": 9640, "performance/train_memory": 7651745792, "performance/train_pytorch_memory": 260524544, "performance/eval_time": 14.98765214800369, "performance/eval_sps": 2190, "performance/eval_memory": 7651745792, "performance/eval_pytorch_memory": 70466560, "stats/mask": 1.0, "global_step": 99942400, "agent_steps": 99942400, "_timestamp": 1703208974.88393, "_runtime": 65340.454417943954, "_step": 3049, "stats/reward/delta": 0.0006249999999994316, "stats/reward/event": 83.375, "stats/reward/level": 45.68359375, "stats/reward/opponent_level": 0.0, "stats/reward/death": 0.0, "stats/reward/badges": 8.828125, "stats/reward/bill_saved": 9.375, "stats/reward/ss_anne_state_reward": 4.53125, "stats/reward/healing": 0.07583381706182445, "stats/reward/exploration": 40.59953125, "stats/reward/explore npcs": 0.16707187499999998, "stats/maps_explored": 32.71875, "stats/party_size": 3.3125, "stats/highest_pokemon_level": 44.21875, "stats/total_party_level": 92.734375, "stats/deaths": 0.015625, "stats/bill_saved": 0.9375, "stats/ss_anne_state": 28.09375, "stats/badge_1": 1.0, "stats/badge_2": 0.765625, "stats/event": 83.234375, "stats/money": 14876.546875, "stats/Media/exploration_map": {"_type": "image-file", "sha256": "daed1d81f26991db47e8c10857000da01874bfe1887aba9c8aa3f6e46a67e050", "size": 3277305, "path": "media/images/stats/Media/exploration_map_3034_daed1d81f26991db47e8.png", "format": "png", "width": 6976, "height": 7104}, "stats/pokemon_exploration_map": 8.04029436187908, "stats/return": 752.4166227682474, "stats/length": 20480.0, "_wandb": {"runtime": 65362}}