{"charts/global_step": 99942400, "charts/SPS": 2039, "charts/learning_rate": 2.458210422812135e-07, "charts/episodic_length": 0, "charts/episodic_return": 0, "charts/reward": 0.24999848008155823, "charts/agent_steps": 99942400, "losses/policy_loss": 0.005584942817222327, "losses/value_loss": 539.7272055943807, "losses/entropy": 1.4624696299433708, "losses/old_approx_kl": 0.008161692322270634, "losses/approx_kl": 0.007749593098803113, "losses/clipfrac": 0.2608744303385417, "losses/explained_variance": 0.9643630906939507, "performance/total_uptime": 70090, "performance/total_updates": 3050, "performance/total_agent_steps": 99942400, "performance/epoch_time": 19.65178043092601, "performance/epoch_sps": 1667, "performance/evaluation_time": 0, "performance/evaluation_sps": 0, "performance/evaluation_memory": 0, "performance/evaluation_pytorch_memory": 0, "performance/env_time": 10.146530674770474, "performance/env_sps": 3235, "performance/inference_time": 4.233953152492177, "performance/inference_sps": 7754, "performance/train_time": 3.5525588989257812, "performance/train_sps": 9223, "performance/train_memory": 7948193792, "performance/train_pytorch_memory": 260524544, "performance/eval_time": 16.09922153200023, "performance/eval_sps": 2039, "performance/eval_memory": 7948193792, "performance/eval_pytorch_memory": 70466560, "stats/mask": 1.0, "global_step": 99942400, "agent_steps": 99942400, "_timestamp": 1703036714.6560912, "_runtime": 70091.17307019234, "_step": 3049, "stats/reward/delta": 0.25, "stats/reward/event": 33.875, "stats/reward/level": 37.93359375, "stats/reward/opponent_level": 0.0, "stats/reward/death": 0.0, "stats/reward/badges": 8.046875, "stats/reward/bill_saved": 0.0, "stats/reward/ss_anne_state_reward": 0.0, "stats/reward/healing": 0.00436608825426908, "stats/reward/exploration": 0.2590625, "stats/maps_explored": 1.171875, "stats/party_size": 2.875, "stats/highest_pokemon_level": 34.765625, "stats/total_party_level": 64.125, "stats/deaths": 0.0, "stats/bill_saved": 0.0, "stats/ss_anne_state": 0.0, "stats/badge_1": 1.0, "stats/badge_2": 0.609375, "stats/event": 33.875, "stats/money": 2678.296875, "stats/Media/exploration_map": {"_type": "image-file", "sha256": "b2ba2a793216d6decf4a4695aae89b8c92d629c449c87bcc4cfb87fa0c60745f", "size": 2364626, "path": "media/images/stats/Media/exploration_map_3034_b2ba2a793216d6decf4a.png", "format": "png", "width": 5840, "height": 7104}, "stats/pokemon_exploration_map": 9.604343684437863, "stats/return": 234834.913089353, "stats/length": 20480.0, "_wandb": {"runtime": 70113}}