{"charts/global_step": 78086144, "charts/SPS": 1592, "charts/learning_rate": 5.490003277613897e-05, "charts/episodic_length": 0, "charts/episodic_return": 0, "charts/reward": 0.00023224127653520554, "charts/agent_steps": 78086144, "losses/policy_loss": -0.004227435041684657, "losses/value_loss": 0.0028135700061587463, "losses/entropy": 1.1161001945535343, "losses/old_approx_kl": 0.005649997313109149, "losses/approx_kl": 0.005078711881651543, "losses/clipfrac": 0.16658528645833334, "losses/explained_variance": 0.7705105245113373, "performance/total_uptime": 65374, "performance/total_updates": 2383, "performance/total_agent_steps": 78086144, "performance/epoch_time": 24.60332409502007, "performance/epoch_sps": 1331, "performance/evaluation_time": 0, "performance/evaluation_sps": 0, "performance/evaluation_memory": 0, "performance/evaluation_pytorch_memory": 0, "performance/env_time": 14.688788874191232, "performance/env_sps": 2235, "performance/inference_time": 3.932808344834484, "performance/inference_sps": 8348, "performance/train_time": 3.98651385307312, "performance/train_sps": 8219, "performance/train_memory": 7963463680, "performance/train_pytorch_memory": 260524544, "performance/eval_time": 20.61681024194695, "performance/eval_sps": 1592, "performance/eval_memory": 7963377664, "performance/eval_pytorch_memory": 70466560, "stats/mask": 1.0, "global_step": 78086144, "agent_steps": 78086144, "_timestamp": 1703125631.5339692, "_runtime": 65374.89215826988, "_step": 2382, "stats/reward/delta": 0.0, "stats/reward/event": 51.03125, "stats/reward/level": 42.984375, "stats/reward/opponent_level": 0.0, "stats/reward/death": 0.0, "stats/reward/badges": 9.140625, "stats/reward/bill_saved": 9.6875, "stats/reward/ss_anne_state_reward": 0.0, "stats/reward/healing": 0.21239652866047093, "stats/reward/exploration": 14.06078125, "stats/reward/explore npcs": 0.10210312499999999, "stats/maps_explored": 10.875, "stats/party_size": 3.6875, "stats/highest_pokemon_level": 39.484375, "stats/total_party_level": 83.015625, "stats/deaths": 0.4375, "stats/bill_saved": 0.96875, "stats/ss_anne_state": 0.0, "stats/badge_1": 1.0, "stats/badge_2": 0.828125, "stats/event": 51.03125, "stats/money": 3457.78125, "stats/Media/exploration_map": {"_type": "image-file", "sha256": "6db26628f9a3605d18c35637bccbb205ce4fa717ae8b3115e2de7f3917a880ad", "size": 2416966, "path": "media/images/stats/Media/exploration_map_2355_6db26628f9a3605d18c3.png", "format": "png", "width": 5840, "height": 7104}, "stats/pokemon_exploration_map": 7.456001056707392, "stats/return": 508.8761236146418, "stats/length": 20480.0}