v 1.31448606 -1.72263346 1.61658608
v 1.12592375 -1.91119532 1.60286474
v 1.32101778 -1.71610176 1.60286499
v 1.33072005 -1.70639952 1.5936278
v 1.13245549 -1.90466359 1.61658585
v 1.31196492 -1.7251546 1.63273777
v 1.13497658 -1.90214251 1.63273755
v 1.31448606 -1.72263347 1.64888947
v 1.13245547 -1.90466361 1.64888924
v 1.32101774 -1.7161018 1.66261058
v 1.12592371 -1.91119535 1.66261033
v 1.11622147 -1.92089757 1.67184752
v 1.11622152 -1.92089752 1.59362753
v 1.33072 -1.70639956 1.67184779
v 1.16549166 -1.8716275 1.93632496
v 1.10480039 -1.93231863 1.67541309
v 1.09337931 -1.94373968 1.67184749
v 0.988914114 -2.04820461 1.93632473
v 1.08367708 -1.95344188 1.66261028
v 1.40283234 -1.6342874 1.93632527
v 1.34214108 -1.69497851 1.67541339
v 0.988914311 -2.04820442 1.63273736
v 1.35356213 -1.68355749 1.67184782
v 1.0771454 -1.95997355 1.64888916
v 1.07462425 -1.96249469 1.63273747
v 1.07714542 -1.95997353 1.61658578
v 1.08367712 -1.95344184 1.60286468
v 1.64017299 -1.39694733 1.93632557
v 1.20234766 -1.83477159 1.36445727
v 0.988914505 -2.04820423 1.33458428
v 1.21204989 -1.82506938 1.37369447
v 1.09337936 -1.94373963 1.5936275
v 1.19581589 -1.84130335 1.35073624
v 1.22347097 -1.81364833 1.37726008
v 1.10480044 -1.93231857 1.59006211
v 1.19329483 -1.8438244 1.33458455
v 1.19581591 -1.84130333 1.31843286
v 1.23489206 -1.80222728 1.3736945
v 1.2023477 -1.83477155 1.30471185
v 1.44939053 -1.58772933 1.37369478
v 1.34214112 -1.69497848 1.59006241
v 1.43968829 -1.59743155 1.36445757
v 1.46081159 -1.5763083 1.37726038
v 1.2445943 -1.79252506 1.36445732
v 1.43315658 -1.60396324 1.35073655
v 1.251126 -1.78599338 1.35073631
v 1.43063544 -1.60648437 1.33458485
v 1.25364717 -1.78347222 1.33458462
v 1.4331566 -1.60396322 1.31843316
v 1.25112602 -1.78599336 1.31843293
v 1.43968833 -1.59743151 1.30471215
v 1.24459434 -1.79252502 1.3047119
v 1.47223267 -1.56488725 1.37369481
v 1.44939058 -1.58772928 1.29547497
v 1.35356218 -1.68355744 1.59362783
v 1.23489211 -1.80222723 1.2954747
v 1.6867312 -1.35038924 1.37369508
v 1.67702894 -1.36009148 1.36445788
v 1.48193493 -1.55518501 1.36445763
v 1.67049726 -1.36662314 1.35073685
v 1.48846664 -1.54865331 1.35073662
v 1.4909878 -1.54613216 1.33458493
v 1.66797609 -1.3691443 1.33458516
v 1.48846667 -1.54865329 1.31843323
v 1.67049728 -1.36662312 1.31843347
v 1.48193497 -1.55518498 1.30471221
v 1.67702898 -1.36009144 1.30471246
v 1.68673125 -1.35038919 1.29547528
v 1.47223272 -1.5648872 1.295475
v 1.56806071 -1.46905944 1.59362811
v 1.36326444 -1.6738552 1.60286504
v 1.69815223 -1.33896824 1.37726068
v 1.55835845 -1.47876167 1.60286529
v 1.57948177 -1.4576384 1.59006272
v 1.36979614 -1.66732352 1.61658616
v 1.55182674 -1.48529337 1.61658639
v 1.70957332 -1.32754718 1.37369511
v 1.37231726 -1.66480241 1.63273785
v 1.54930558 -1.48781453 1.63273808
v 1.55182671 -1.48529339 1.64888977
v 1.36979612 -1.66732354 1.64888954
v 1.55835842 -1.47876171 1.66261089
v 1.3632644 -1.67385524 1.66261064
v 1.56806066 -1.46905949 1.6718481
v 1.57948172 -1.45763846 1.6754137
v 1.59090278 -1.44621742 1.67184812
v 1.59090283 -1.44621737 1.59362814
v 1.87751367 -1.15960723 1.93632588
v 1.92407182 -1.11304921 1.37369539
v 1.80540137 -1.23171936 1.59362841
v 1.6006051 -1.43651513 1.60286535
v 1.91436965 -1.12275135 1.36445818
v 1.71927556 -1.31784497 1.36445793
v 1.7258073 -1.31131323 1.35073692
v 1.90783797 -1.12928302 1.35073716
v 1.72832844 -1.3087921 1.33458523
v 1.90531679 -1.13180419 1.33458546
v 1.90783799 -1.129283 1.31843377
v 1.72580732 -1.31131321 1.31843354
v 1.91436969 -1.12275131 1.30471276
v 1.7192756 -1.31784493 1.30471251
v 1.92407187 -1.11304916 1.29547558
v 1.93549289 -1.10162816 1.37726099
v 1.70957337 -1.32754713 1.29547531
v 1.81682246 -1.2202983 1.59006302
v 1.82824353 -1.20887725 1.59362844
v 1.94691398 -1.0902071 1.37369542
v 1.83794576 -1.19917505 1.60286565
v 1.95661622 -1.08050489 1.36445824
v 2.04995116 -0.98717017 1.33458565
v 1.96314792 -1.0739732 1.35073723
v 1.96566909 -1.07145204 1.33458554
v 1.96314794 -1.07397318 1.31843384
v 1.95661626 -1.08050485 1.30471282
v 2.04995097 -0.987170359 1.63273872
v 1.84447745 -1.19264338 1.61658676
v 1.84699859 -1.19012224 1.63273846
v 1.84447743 -1.1926434 1.64889015
v 1.83794573 -1.19917508 1.66261125
v 2.04995077 -0.987170552 1.9363261
v 1.82824348 -1.2088773 1.67184843
v 1.8168224 -1.22029836 1.675414
v 1.80540132 -1.23171941 1.6718484
v 1.79569913 -1.24142158 1.66261119
v 1.60060506 -1.43651517 1.66261094
v 1.78916735 -1.24795334 1.64889008
v 1.60713676 -1.42998349 1.64888985
v 1.60965793 -1.42746232 1.63273816
v 1.78664626 -1.25047442 1.63273838
v 1.60713678 -1.42998347 1.61658646
v 1.78916737 -1.24795332 1.61658669
v 1.79569916 -1.24142154 1.6028656
v 2.04995136 -0.987169981 1.03643248
v 1.83794611 -1.1991747 1.06630501
v 1.82824387 -1.20887692 1.07554219
v 1.94691403 -1.09020705 1.29547561
v 1.84447781 -1.19264302 1.052584
v 1.81682279 -1.22029798 1.07910767
v 1.93549295 -1.1016281 1.29191001
v 1.84699898 -1.19012186 1.03643222
v 1.84447783 -1.192643 1.02028035
v 1.80540171 -1.23171903 1.07554216
v 1.83794615 -1.19917467 1.00655932
v 2.04995155 -0.987169792 0.738279362
v 1.59090317 -1.44621704 1.07554189
v 1.69815229 -1.33896818 1.2919097
v 1.79569951 -1.2414212 1.06630495
v 1.5794821 -1.45763808 1.07910737
v 1.60060544 -1.43651479 1.0663047
v 1.78916774 -1.24795296 1.05258393
v 1.60713714 -1.42998311 1.0525837
v 1.60965832 -1.42746194 1.03643192
v 1.78664665 -1.25047404 1.03643214
v 1.60713716 -1.42998309 1.02028004
v 1.78916776 -1.24795294 1.02028028
v 1.60060548 -1.43651475 1.00655902
v 1.79569955 -1.24142116 1.00655927
v 1.56806105 -1.46905911 1.07554186
v 1.59090322 -1.44621699 0.99732172
v 1.80540176 -1.23171898 0.997321996
v 1.35356252 -1.68355711 1.07554158
v 1.46081164 -1.57630825 1.2919094
v 1.5583588 -1.47876133 1.06630465
v 1.34214145 -1.69497815 1.07910706
v 1.36326479 -1.67385486 1.0663044
v 1.36979651 -1.66732317 1.05258339
v 1.5518271 -1.48529301 1.05258362
v 1.37231764 -1.66480203 1.03643161
v 1.54930596 -1.48781415 1.03643184
v 1.36979653 -1.66732314 1.02027974
v 1.55182712 -1.48529299 1.02027997
v 1.36326483 -1.67385483 1.00655871
v 1.55835884 -1.47876129 1.00655896
v 1.33072039 -1.70639919 1.07554155
v 1.35356257 -1.68355706 0.997321416
v 1.5680611 -1.46905906 0.997321691
v 1.11622186 -1.92089719 1.07554128
v 1.32101813 -1.71610142 1.06630434
v 1.1259241 -1.91119498 1.06630409
v 1.31448643 -1.72263311 1.05258332
v 1.13245586 -1.90466323 1.05258309
v 1.31196531 -1.72515422 1.03643153
v 1.13497697 -1.90214213 1.03643131
v 1.31448645 -1.72263309 1.02027967
v 1.13245588 -1.90466321 1.02027943
v 1.32101817 -1.71610139 1.00655866
v 1.12592414 -1.91119494 1.00655841
v 1.10480077 -1.93231825 1.07910676
v 1.22347103 -1.81364828 1.29190909
v 1.21204995 -1.82506933 1.29547467
v 1.09337969 -1.9437393 1.07554125
v 1.33072044 -1.70639914 0.997321386
v 1.08367746 -1.9534415 1.06630404
v 0.988914699 -2.04820404 1.03643112
v 1.07714578 -1.95997317 1.05258301
v 1.07462463 -1.96249431 1.03643123
v 1.0771458 -1.95997315 1.02027936
v 1.0836775 -1.95344147 1.00655835
v 1.11622191 -1.92089714 0.997321111
v 1.20234805 -1.83477121 0.768151117
v 0.988914892 -2.04820385 0.738277999
v 1.21205028 -1.82506901 0.777388324
v 1.09337975 -1.94373925 0.997321082
v 1.19581628 -1.84130297 0.754430092
v 1.22347136 -1.81364796 0.780953747
v 1.10480083 -1.93231819 0.993755777
v 1.19329522 -1.84382402 0.738278262
v 1.1958163 -1.84130295 0.722126394
v 1.23489244 -1.8022269 0.777388353
v 1.20234809 -1.83477117 0.70840543
v 1.44939092 -1.58772895 0.777388628
v 1.46081197 -1.57630792 0.780954051
v 1.43968867 -1.59743117 0.768151422
v 1.34214151 -1.6949781 0.993756082
v 1.24459468 -1.79252468 0.768151171
v 1.43315697 -1.60396286 0.754430396
v 1.25112638 -1.785993 0.754430163
v 1.43063583 -1.606484 0.738278566
v 1.25364755 -1.78347184 0.738278339
v 1.43315699 -1.60396284 0.722126698
v 1.25112641 -1.78599298 0.722126465
v 1.43968871 -1.59743113 0.708405735
v 1.24459472 -1.79252465 0.708405484
v 1.47223306 -1.56488687 0.777388658
v 1.44939097 -1.5877289 0.699168464
v 1.23489249 -1.80222685 0.699168188
v 1.68673159 -1.35038886 0.777388933
v 1.69815262 -1.33896786 0.780954356
v 1.57948216 -1.45763803 0.993756387
v 1.67702933 -1.3600911 0.768151726
v 1.48193531 -1.55518464 0.768151476
v 1.48846703 -1.54865293 0.754430467
v 1.67049765 -1.36662277 0.754430701
v 1.49098819 -1.54613178 0.738278644
v 1.66797648 -1.36914392 0.738278871
v 1.48846705 -1.54865291 0.722126769
v 1.67049767 -1.36662275 0.722127003
v 1.48193535 -1.5551846 0.708405789
v 1.67702937 -1.36009106 0.708406039
v 1.7095737 -1.32754681 0.777388962
v 1.47223311 -1.56488682 0.699168493
v 1.68673164 -1.35038881 0.699168768
v 1.9240722 -1.11304883 0.777389238
v 1.91437004 -1.12275097 0.768152031
v 1.71927594 -1.31784459 0.768151781
v 1.93549328 -1.10162778 0.780954661
v 1.81682284 -1.22029792 0.993756691
v 1.82824392 -1.20887687 0.997322025
v 1.94691436 -1.09020673 0.777389267
v 1.95661661 -1.08050451 0.768152085
v 1.90783836 -1.12928264 0.754431006
v 1.72580769 -1.31131286 0.754430772
v 1.72832883 -1.30879172 0.738278949
v 1.90531718 -1.13180381 0.738279176
v 1.72580771 -1.31131284 0.722127074
v 1.90783838 -1.12928262 0.722127308
v 1.71927598 -1.31784455 0.708406094
v 1.91437008 -1.12275094 0.708406344
v 1.70957375 -1.32754676 0.699168798
v 1.96314831 -1.07397282 0.754431077
v 1.96566948 -1.07145166 0.738279253
v 1.96314833 -1.0739728 0.722127379
v 1.95661664 -1.08050447 0.708406398
v 1.92407225 -1.11304878 0.699169073
v 2.04995174 -0.987169603 0.440126197
v 1.8379465 -1.19917433 0.469998768
v 1.82824426 -1.20887654 0.479235995
v 1.94691441 -1.09020668 0.699169102
v 1.8444782 -1.19264264 0.45627776
v 1.81682318 -1.2202976 0.482801388
v 1.93549334 -1.10162773 0.695603679
v 1.84699937 -1.19012148 0.440125936
v 1.84447822 -1.19264262 0.423974151
v 1.83794654 -1.19917429 0.410253126
v 2.04995193 -0.987169418 0.149325437
v 1.82824431 -1.2088765 0.401015875
v 1.87751483 -1.1596061 0.149325215
v 1.81682323 -1.22029755 0.397450407
v 1.80540215 -1.2317186 0.401015845
v 1.8054021 -1.23171865 0.479235965
v 1.64017416 -1.39694619 0.149324911
v 1.59090356 -1.44621666 0.47923569
v 1.7956999 -1.24142082 0.469998714
v 1.60060583 -1.43651441 0.469998464
v 1.60713753 -1.42998273 0.456277455
v 1.78916812 -1.24795258 0.456277689
v 1.60965871 -1.42746156 0.440125632
v 1.78664704 -1.25047366 0.440125859
v 1.60713755 -1.42998271 0.423973846
v 1.78916814 -1.24795256 0.42397408
v 1.60060587 -1.43651438 0.410252821
v 1.79569994 -1.24142079 0.410253072
v 1.57948249 -1.4576377 0.482801084
v 1.69815268 -1.33896781 0.695603375
v 1.59090361 -1.44621661 0.40101557
v 1.57948255 -1.45763765 0.397450102
v 1.56806148 -1.46905868 0.401015541
v 1.56806143 -1.46905873 0.479235661
v 1.40283348 -1.63428629 0.149324606
v 1.3535629 -1.68355674 0.479235385
v 1.55835919 -1.47876095 0.469998409
v 1.36326518 -1.67385449 0.469998159
v 1.34214184 -1.69497777 0.482800779
v 1.46081203 -1.57630787 0.69560307
v 1.55182749 -1.48529264 0.456277384
v 1.36979689 -1.66732279 0.456277151
v 1.37231803 -1.66480166 0.440125327
v 1.54930635 -1.48781377 0.440125554
v 1.36979691 -1.66732277 0.423973542
v 1.55182751 -1.48529262 0.423973775
v 1.36326522 -1.67385445 0.410252517
v 1.55835923 -1.47876091 0.410252767
v 1.35356295 -1.68355669 0.401015265
v 1.34214191 -1.6949777 0.397449798
v 1.33072083 -1.70639876 0.401015236
v 1.33072078 -1.70639881 0.479235356
v 1.16549282 -1.87162637 0.149324301
v 1.11622224 -1.92089682 0.479235081
v 1.12592448 -1.9111946 0.469997854
v 1.32101851 -1.71610105 0.469998105
v 1.13245625 -1.90466285 0.456276846
v 1.31448682 -1.72263273 0.45627708
v 1.13497735 -1.90214175 0.440125022
v 1.3119657 -1.72515384 0.44012525
v 1.13245627 -1.90466283 0.423973237
v 1.31448685 -1.72263269 0.423973471
v 1.12592452 -1.91119456 0.410252212
v 1.32101855 -1.71610101 0.410252462
v 1.10480116 -1.93231787 0.482800474
v 1.22347142 -1.8136479 0.695602765
v 1.21205033 -1.82506896 0.699168159
v 1.09338008 -1.94373892 0.479235051
v 1.11622229 -1.92089677 0.401014961
v 1.08367785 -1.95344113 0.4699978
v 1.10480122 -1.93231782 0.397449493
v 1.09338013 -1.94373887 0.401014931
v 0.988915275 -2.04820348 0.149324075
v 1.08367789 -1.95344109 0.410252158
v 0.988915086 -2.04820366 0.440124835
v 1.07714617 -1.95997279 0.456276775
v 1.07714619 -1.95997277 0.423973166
v 1.07462502 -1.96249393 0.440124945
v 1.01437005 -2.07366022 1.63273736
v 1.10260114 -1.98542935 1.64888917
v 1.10007999 -1.9879505 1.63273747
v 1.10260116 -1.98542933 1.61658578
v 1.10913282 -1.97889769 1.66261028
v 1.10913286 -1.97889765 1.60286468
v 1.01436986 -2.07366041 1.93632473
v 1.11883505 -1.96919548 1.67184749
v 1.1909474 -1.89708331 1.93632496
v 1.13025613 -1.95777443 1.67541309
v 1.14167721 -1.94635338 1.67184752
v 1.42828806 -1.65974323 1.93632527
v 1.22780341 -1.8602274 1.36445727
v 1.01437025 -2.07366003 1.33458428
v 1.23750564 -1.85052519 1.37369447
v 1.1188351 -1.96919543 1.5936275
v 1.22127163 -1.86675916 1.35073624
v 1.24892672 -1.83910414 1.37726008
v 1.13025618 -1.95777438 1.59006211
v 1.21875058 -1.8692802 1.33458455
v 1.14167726 -1.94635333 1.59362753
v 1.22127165 -1.86675914 1.31843286
v 1.22780345 -1.86022736 1.30471185
v 1.2603478 -1.82768309 1.3736945
v 1.10913321 -1.97889731 1.06630404
v 1.01437044 -2.07365984 1.03643112
v 1.11883544 -1.9691951 1.07554125
v 1.23750569 -1.85052514 1.29547467
v 1.10260153 -1.98542898 1.05258301
v 1.13025652 -1.95777405 1.07910676
v 1.24892677 -1.83910409 1.29190909
v 1.10008038 -1.98795012 1.03643123
v 1.26034785 -1.82768304 1.2954747
v 1.10260155 -1.98542896 1.02027936
v 1.1416776 -1.946353 1.07554128
v 1.10913325 -1.97889727 1.00655835
v 1.35617613 -1.73185499 1.07554155
v 1.15137984 -1.93665078 1.06630409
v 1.34647387 -1.74155723 1.06630434
v 1.1579116 -1.93011903 1.05258309
v 1.33994217 -1.74808891 1.05258332
v 1.16043271 -1.92759793 1.03643131
v 1.33742106 -1.75061002 1.03643153
v 1.15791162 -1.93011901 1.02027943
v 1.33994219 -1.74808889 1.02027967
v 1.15137988 -1.93665074 1.00655841
v 1.34647391 -1.74155719 1.00655866
v 1.14167765 -1.94635295 0.997321111
v 1.35617618 -1.73185494 0.997321387
v 1.47484633 -1.61318508 1.29547497
v 1.36759719 -1.72043396 1.07910706
v 1.27005008 -1.81798083 1.3047119
v 1.48626739 -1.60176405 1.2919094
v 1.46514407 -1.62288732 1.30471215
v 1.27658176 -1.81144916 1.31843293
v 1.45861235 -1.62941902 1.31843316
v 1.27910291 -1.80892802 1.33458462
v 1.45609118 -1.63194018 1.33458485
v 1.27658174 -1.81144918 1.35073631
v 1.45861232 -1.62941905 1.35073655
v 1.27005004 -1.81798087 1.36445732
v 1.46514403 -1.62288736 1.36445757
v 1.37901826 -1.70901292 1.07554158
v 1.47484628 -1.61318513 1.37369478
v 1.49768846 -1.590343 1.295475
v 1.35617579 -1.73185532 1.59362781
v 1.15137949 -1.93665112 1.60286474
v 1.34647352 -1.74155757 1.60286499
v 1.15791124 -1.93011939 1.61658585
v 1.33994181 -1.74808927 1.61658608
v 1.16043232 -1.92759831 1.63273755
v 1.33742067 -1.7506104 1.63273777
v 1.15791122 -1.93011941 1.64888924
v 1.3399418 -1.74808927 1.64888947
v 1.15137945 -1.93665116 1.66261033
v 1.34647348 -1.74155761 1.66261058
v 1.35617574 -1.73185537 1.67184779
v 1.36759686 -1.72043428 1.59006241
v 1.48626733 -1.60176411 1.37726038
v 1.36759682 -1.72043432 1.67541339
v 1.49768841 -1.59034305 1.37369481
v 1.37901787 -1.7090133 1.67184782
v 1.37901792 -1.70901325 1.59362783
v 1.66562874 -1.42240313 1.93632557
v 1.71218695 -1.37584505 1.37369508
v 1.70248468 -1.38554728 1.36445788
v 1.50739067 -1.58064082 1.36445763
v 1.695953 -1.39207895 1.35073685
v 1.51392239 -1.57410912 1.35073662
v 1.51644355 -1.57158796 1.33458493
v 1.69343184 -1.39460011 1.33458516
v 1.51392241 -1.5741091 1.31843323
v 1.69595302 -1.39207893 1.31843347
v 1.50739071 -1.58064078 1.30471221
v 1.70248472 -1.38554725 1.30471246
v 1.712187 -1.375845 1.29547528
v 1.59351645 -1.49451525 1.59362811
v 1.38872018 -1.69931101 1.60286504
v 1.72360798 -1.36442404 1.37726069
v 1.5838142 -1.50421748 1.60286529
v 1.60493751 -1.48309421 1.59006272
v 1.39525188 -1.69277933 1.61658616
v 1.57728248 -1.51074918 1.61658639
v 1.73502906 -1.35300299 1.37369511
v 1.397773 -1.69025822 1.63273785
v 1.57476132 -1.51327033 1.63273808
v 1.57728246 -1.5107492 1.64888977
v 1.39525186 -1.69277935 1.64888954
v 1.58381416 -1.50421751 1.66261089
v 1.38872015 -1.69931105 1.66261064
v 1.5935164 -1.49451529 1.6718481
v 1.60493746 -1.48309426 1.6754137
v 1.61635853 -1.47167323 1.67184813
v 1.61635858 -1.47167318 1.59362814
v 1.90296941 -1.18506304 1.93632588
v 1.94952756 -1.13850501 1.37369539
v 1.83085712 -1.25717516 1.59362841
v 1.62606084 -1.46197094 1.60286535
v 1.93982539 -1.14820716 1.36445818
v 1.7447313 -1.34330077 1.36445793
v 1.75126305 -1.33676904 1.35073692
v 1.93329371 -1.15473882 1.35073716
v 1.75378419 -1.33424791 1.33458523
v 1.93077253 -1.15726 1.33458546
v 1.93329373 -1.1547388 1.31843377
v 1.75126307 -1.33676902 1.31843354
v 1.93982543 -1.14820712 1.30471276
v 1.74473134 -1.34330073 1.30471251
v 1.94952761 -1.13850496 1.29547558
v 1.96094864 -1.12708396 1.37726099
v 1.73502911 -1.35300294 1.29547531
v 1.8422782 -1.24575411 1.59006302
v 1.85369928 -1.23433306 1.59362844
v 1.97236972 -1.11566291 1.37369542
v 1.86340151 -1.22463085 1.60286565
v 1.98207196 -1.10596069 1.36445824
v 2.07540691 -1.01262598 1.33458565
v 1.98860366 -1.09942901 1.35073723
v 1.99112483 -1.09690784 1.33458554
v 1.98860368 -1.09942899 1.31843384
v 1.982072 -1.10596065 1.30471282
v 2.07540671 -1.01262616 1.63273872
v 1.86993319 -1.21809918 1.61658676
v 1.87245434 -1.21557804 1.63273846
v 1.86993317 -1.21809921 1.64889015
v 1.86340147 -1.22463089 1.66261125
v 2.07540652 -1.01262636 1.9363261
v 1.85369923 -1.23433311 1.67184843
v 1.84227814 -1.24575416 1.675414
v 1.83085707 -1.25717521 1.6718484
v 1.82115487 -1.26687739 1.66261119
v 1.6260608 -1.46197098 1.66261094
v 1.81462309 -1.27340915 1.64889008
v 1.6325925 -1.45543929 1.64888985
v 1.63511368 -1.45291812 1.63273816
v 1.81210201 -1.27593023 1.63273838
v 1.63259252 -1.45543927 1.61658646
v 1.81462311 -1.27340913 1.61658669
v 1.82115491 -1.26687735 1.6028656
v 2.0754071 -1.01262579 1.03643248
v 1.86340186 -1.22463051 1.06630501
v 1.85369961 -1.23433273 1.07554219
v 1.97236977 -1.11566286 1.29547561
v 1.86993356 -1.21809883 1.052584
v 1.84227853 -1.24575378 1.07910767
v 1.96094869 -1.12708391 1.29191001
v 1.87245473 -1.21557766 1.03643222
v 1.86993358 -1.21809881 1.02028035
v 1.83085745 -1.25717483 1.07554216
v 1.8634019 -1.22463047 1.00655932
v 2.07540729 -1.0126256 0.738279362
v 1.61635891 -1.47167285 1.07554189
v 1.72360803 -1.36442399 1.2919097
v 1.82115526 -1.26687701 1.06630495
v 1.60493785 -1.48309389 1.07910737
v 1.62606119 -1.4619706 1.0663047
v 1.81462348 -1.27340877 1.05258393
v 1.63259289 -1.45543891 1.0525837
v 1.63511406 -1.45291774 1.03643192
v 1.81210239 -1.27592985 1.03643214
v 1.63259291 -1.45543889 1.02028004
v 1.8146235 -1.27340875 1.02028028
v 1.62606123 -1.46197056 1.00655902
v 1.82115529 -1.26687697 1.00655927
v 1.59351679 -1.49451492 1.07554186
v 1.61635896 -1.4716728 0.997321721
v 1.58381455 -1.50421713 1.06630465
v 1.38872053 -1.69931067 1.0663044
v 1.39525225 -1.69277897 1.05258339
v 1.57728285 -1.51074882 1.05258362
v 1.39777339 -1.69025784 1.03643161
v 1.57476171 -1.51326995 1.03643184
v 1.39525227 -1.69277895 1.02027974
v 1.57728287 -1.5107488 1.02027997
v 1.38872057 -1.69931063 1.00655871
v 1.58381459 -1.5042171 1.00655896
v 1.37901831 -1.70901287 0.997321416
v 1.8308575 -1.25717478 0.997321996
v 1.59351684 -1.49451487 0.997321691
v 1.94952795 -1.13850464 0.777389238
v 1.73502945 -1.35300261 0.777388963
v 1.6049379 -1.48309383 0.993756387
v 1.96094902 -1.12708359 0.780954661
v 1.84227859 -1.24575373 0.993756692
v 1.85369967 -1.23433268 0.997322025
v 1.97237011 -1.11566253 0.777389267
v 1.98207235 -1.10596031 0.768152086
v 1.98860405 -1.09942863 0.754431077
v 1.99112522 -1.09690747 0.738279254
v 1.98860407 -1.09942861 0.722127379
v 1.98207239 -1.10596028 0.708406399
v 1.93982578 -1.14820678 0.768152031
v 2.07540749 -1.01262541 0.440126197
v 1.74473169 -1.34330039 0.768151781
v 1.9332941 -1.15473844 0.754431006
v 1.75126343 -1.33676866 0.754430773
v 1.75378457 -1.33424753 0.738278949
v 1.93077292 -1.15725962 0.738279176
v 1.75126346 -1.33676864 0.722127074
v 1.93329412 -1.15473842 0.722127308
v 1.74473173 -1.34330036 0.708406094
v 1.93982582 -1.14820674 0.708406344
v 1.7350295 -1.35300256 0.699168798
v 1.949528 -1.13850459 0.699169073
v 1.86340224 -1.22463013 0.469998769
v 1.8537 -1.23433235 0.479235995
v 1.97237016 -1.11566248 0.699169103
v 1.86993394 -1.21809845 0.45627776
v 1.84227892 -1.2457534 0.482801389
v 1.96094908 -1.12708353 0.69560368
v 1.87245511 -1.21557729 0.440125937
v 1.86993396 -1.21809843 0.423974152
v 1.86340228 -1.22463009 0.410253126
v 2.07540768 -1.01262522 0.149325437
v 1.85370005 -1.2343323 0.401015875
v 1.90297058 -1.1850619 0.149325216
v 1.84227897 -1.24575335 0.397450407
v 1.83085789 -1.25717441 0.401015846
v 1.83085784 -1.25717445 0.479235966
v 1.6656299 -1.422402 0.149324911
v 1.6163593 -1.47167247 0.47923569
v 1.82115564 -1.26687663 0.469998715
v 1.62606157 -1.46197022 0.469998464
v 1.63259327 -1.45543854 0.456277456
v 1.81462387 -1.27340839 0.456277689
v 1.63511445 -1.45291737 0.440125632
v 1.81210278 -1.27592947 0.440125859
v 1.6325933 -1.45543852 0.423973847
v 1.81462389 -1.27340837 0.423974081
v 1.62606161 -1.46197018 0.410252822
v 1.82115568 -1.26687659 0.410253072
v 1.60493823 -1.48309351 0.482801084
v 1.72360842 -1.36442361 0.695603375
v 1.61635935 -1.47167242 0.40101557
v 1.71218738 -1.37584462 0.699168769
v 1.60493829 -1.48309345 0.397450103
v 1.59351723 -1.49451449 0.401015541
v 1.59351718 -1.49451454 0.479235661
v 1.42828922 -1.65974209 0.149324606
v 1.37901865 -1.70901254 0.479235386
v 1.58381493 -1.50421676 0.46999841
v 1.38872092 -1.69931029 0.469998159
v 1.57728323 -1.51074844 0.456277385
v 1.39525264 -1.69277859 0.456277151
v 1.39777377 -1.69025746 0.440125327
v 1.57476209 -1.51326958 0.440125555
v 1.39525266 -1.69277857 0.423973542
v 1.57728325 -1.51074842 0.423973776
v 1.38872096 -1.69931025 0.410252517
v 1.58381497 -1.50421672 0.410252767
v 1.3790187 -1.70901249 0.401015266
v 1.36759765 -1.72043351 0.397449798
v 1.35617657 -1.73185456 0.401015236
v 1.19094856 -1.89708217 0.149324302
v 1.14167804 -1.94635257 0.401014961
v 1.3464743 -1.74155681 0.410252463
v 1.13025696 -1.95777362 0.397449493
v 1.15138027 -1.93665037 0.410252212
v 1.11883588 -1.96919468 0.401014932
v 1.3399426 -1.7480885 0.423973471
v 1.01437102 -2.07365928 0.149324075
v 1.15791201 -1.93011864 0.423973237
v 1.10913363 -1.97889689 0.410252158
v 1.33742144 -1.75060965 0.44012525
v 1.1604331 -1.92759756 0.440125023
v 1.33994256 -1.74808853 0.45627708
v 1.15791199 -1.93011866 0.456276846
v 1.34647426 -1.74155685 0.469998105
v 1.15138023 -1.9366504 0.469997855
v 1.01437083 -2.07365947 0.440124835
v 1.35617652 -1.73185461 0.479235356
v 1.10260193 -1.98542858 0.423973166
v 1.10008077 -1.98794974 0.440124945
v 1.10260191 -1.9854286 0.456276775
v 1.1091336 -1.97889693 0.4699978
v 1.14167799 -1.94635262 0.479235081
v 1.01437064 -2.07365966 0.738278
v 1.47484671 -1.61318471 0.699168464
v 1.36759758 -1.72043358 0.482800779
v 1.48626777 -1.60176368 0.69560307
v 1.49768885 -1.59034263 0.699168493
v 1.70248511 -1.38554687 0.70840604
v 1.5073911 -1.5806404 0.708405789
v 1.69595341 -1.39207855 0.722127003
v 1.5139228 -1.57410872 0.72212677
v 1.69343223 -1.39459973 0.738278872
v 1.51644393 -1.57158759 0.738278644
v 1.69595339 -1.39207857 0.754430702
v 1.51392278 -1.57410874 0.754430468
v 1.70248507 -1.38554691 0.768151727
v 1.50739106 -1.58064044 0.768151476
v 1.4976888 -1.59034267 0.777388658
v 1.71218733 -1.37584467 0.777388933
v 1.36759725 -1.7204339 0.993756082
v 1.72360836 -1.36442367 0.780954356
v 1.48626772 -1.60176373 0.780954052
v 1.47484666 -1.61318476 0.777388629
v 1.26034819 -1.82768271 0.777388353
v 1.27005043 -1.81798049 0.768151172
v 1.46514442 -1.62288698 0.768151422
v 1.27658213 -1.81144881 0.754430163
v 1.45861271 -1.62941867 0.754430397
v 1.2791033 -1.80892764 0.73827834
v 1.45609157 -1.6319398 0.738278567
v 1.27658215 -1.81144879 0.722126465
v 1.45861273 -1.62941865 0.722126699
v 1.27005047 -1.81798045 0.708405485
v 1.46514446 -1.62288694 0.708405735
v 1.2489271 -1.83910376 0.780953747
v 1.13025657 -1.957774 0.993755778
v 1.11883549 -1.96919505 0.997321082
v 1.23750603 -1.85052481 0.777388324
v 1.26034824 -1.82768266 0.699168189
v 1.2278038 -1.86022702 0.768151117
v 1.1302569 -1.95777368 0.482800475
v 1.24892716 -1.83910371 0.695602766
v 1.23750608 -1.85052476 0.699168159
v 1.11883583 -1.96919473 0.479235052
v 1.22127202 -1.86675878 0.754430092
v 1.22780383 -1.86022698 0.70840543
v 1.21875097 -1.86927983 0.738278262
v 1.22127204 -1.86675876 0.722126394
v 1.99112522 -1.09690747 0.738279254
v 1.96314833 -1.0739728 0.722127379
v 1.96566948 -1.07145166 0.738279253
v 1.98860407 -1.09942861 0.722127379
v 1.95661664 -1.08050447 0.708406398
v 1.98207239 -1.10596028 0.708406399
v 1.94691441 -1.09020668 0.699169102
v 1.97237016 -1.11566248 0.699169103
v 1.93549334 -1.10162773 0.695603679
v 1.96094908 -1.12708353 0.69560368
v 1.92407225 -1.11304878 0.699169073
v 1.949528 -1.13850459 0.699169073
v 1.91437008 -1.12275094 0.708406344
v 1.93982582 -1.14820674 0.708406344
v 1.90783838 -1.12928262 0.722127308
v 1.93329412 -1.15473842 0.722127308
v 1.90531718 -1.13180381 0.738279176
v 1.93077292 -1.15725962 0.738279176
v 1.90783836 -1.12928264 0.754431006
v 1.9332941 -1.15473844 0.754431006
v 1.91437004 -1.12275097 0.768152031
v 1.93982578 -1.14820678 0.768152031
v 1.9240722 -1.11304883 0.777389238
v 1.94952795 -1.13850464 0.777389238
v 1.93549328 -1.10162778 0.780954661
v 1.96094902 -1.12708359 0.780954661
v 1.94691436 -1.09020673 0.777389267
v 1.97237011 -1.11566253 0.777389267
v 1.95661661 -1.08050451 0.768152085
v 1.98207235 -1.10596031 0.768152086
v 1.96314831 -1.07397282 0.754431077
v 1.98860405 -1.09942863 0.754431077
v 1.96566948 -1.07145166 0.738279253
v 1.99112522 -1.09690747 0.738279254
v 1.75378457 -1.33424753 0.738278949
v 1.72580771 -1.31131284 0.722127074
v 1.72832883 -1.30879172 0.738278949
v 1.75126346 -1.33676864 0.722127074
v 1.71927598 -1.31784455 0.708406094
v 1.74473173 -1.34330036 0.708406094
v 1.70957375 -1.32754676 0.699168798
v 1.7350295 -1.35300256 0.699168798
v 1.69815268 -1.33896781 0.695603375
v 1.72360842 -1.36442361 0.695603375
v 1.68673164 -1.35038881 0.699168768
v 1.71218738 -1.37584462 0.699168769
v 1.67702937 -1.36009106 0.708406039
v 1.70248511 -1.38554687 0.70840604
v 1.67049767 -1.36662275 0.722127003
v 1.69595341 -1.39207855 0.722127003
v 1.66797648 -1.36914392 0.738278871
v 1.69343223 -1.39459973 0.738278872
v 1.67049765 -1.36662277 0.754430701
v 1.69595339 -1.39207857 0.754430702
v 1.67702933 -1.3600911 0.768151726
v 1.70248507 -1.38554691 0.768151727
v 1.68673159 -1.35038886 0.777388933
v 1.71218733 -1.37584467 0.777388933
v 1.69815262 -1.33896786 0.780954356
v 1.72360836 -1.36442367 0.780954356
v 1.7095737 -1.32754681 0.777388962
v 1.73502945 -1.35300261 0.777388963
v 1.71927594 -1.31784459 0.768151781
v 1.74473169 -1.34330039 0.768151781
v 1.72580769 -1.31131286 0.754430772
v 1.75126343 -1.33676866 0.754430773
v 1.72832883 -1.30879172 0.738278949
v 1.75378457 -1.33424753 0.738278949
v 1.27910291 -1.80892802 1.33458462
v 1.25112602 -1.78599336 1.31843293
v 1.25364717 -1.78347222 1.33458462
v 1.27658176 -1.81144916 1.31843293
v 1.24459434 -1.79252502 1.3047119
v 1.27005008 -1.81798083 1.3047119
v 1.23489211 -1.80222723 1.2954747
v 1.26034785 -1.82768304 1.2954747
v 1.22347103 -1.81364828 1.29190909
v 1.24892677 -1.83910409 1.29190909
v 1.21204995 -1.82506933 1.29547467
v 1.23750569 -1.85052514 1.29547467
v 1.2023477 -1.83477155 1.30471185
v 1.22780345 -1.86022736 1.30471185
v 1.19581591 -1.84130333 1.31843286
v 1.22127165 -1.86675914 1.31843286
v 1.19329483 -1.8438244 1.33458455
v 1.21875058 -1.8692802 1.33458455
v 1.19581589 -1.84130335 1.35073624
v 1.22127163 -1.86675916 1.35073624
v 1.20234766 -1.83477159 1.36445727
v 1.22780341 -1.8602274 1.36445727
v 1.21204989 -1.82506938 1.37369447
v 1.23750564 -1.85052519 1.37369447
v 1.22347097 -1.81364833 1.37726008
v 1.24892672 -1.83910414 1.37726008
v 1.23489206 -1.80222728 1.3736945
v 1.2603478 -1.82768309 1.3736945
v 1.2445943 -1.79252506 1.36445732
v 1.27005004 -1.81798087 1.36445732
v 1.251126 -1.78599338 1.35073631
v 1.27658174 -1.81144918 1.35073631
v 1.25364717 -1.78347222 1.33458462
v 1.27910291 -1.80892802 1.33458462
v 1.51644393 -1.57158759 0.738278644
v 1.48846705 -1.54865291 0.722126769
v 1.49098819 -1.54613178 0.738278644
v 1.5139228 -1.57410872 0.72212677
v 1.48193535 -1.5551846 0.708405789
v 1.5073911 -1.5806404 0.708405789
v 1.47223311 -1.56488682 0.699168493
v 1.49768885 -1.59034263 0.699168493
v 1.46081203 -1.57630787 0.69560307
v 1.48626777 -1.60176368 0.69560307
v 1.44939097 -1.5877289 0.699168464
v 1.47484671 -1.61318471 0.699168464
v 1.43968871 -1.59743113 0.708405735
v 1.46514446 -1.62288694 0.708405735
v 1.43315699 -1.60396284 0.722126698
v 1.45861273 -1.62941865 0.722126699
v 1.43063583 -1.606484 0.738278566
v 1.45609157 -1.6319398 0.738278567
v 1.43315697 -1.60396286 0.754430396
v 1.45861271 -1.62941867 0.754430397
v 1.43968867 -1.59743117 0.768151422
v 1.46514442 -1.62288698 0.768151422
v 1.44939092 -1.58772895 0.777388628
v 1.47484666 -1.61318476 0.777388629
v 1.46081197 -1.57630792 0.780954051
v 1.48626772 -1.60176373 0.780954052
v 1.47223306 -1.56488687 0.777388658
v 1.4976888 -1.59034267 0.777388658
v 1.48193531 -1.55518464 0.768151476
v 1.50739106 -1.58064044 0.768151476
v 1.48846703 -1.54865293 0.754430467
v 1.51392278 -1.57410874 0.754430468
v 1.49098819 -1.54613178 0.738278644
v 1.51644393 -1.57158759 0.738278644
v 1.87245434 -1.21557804 1.63273846
v 1.84447745 -1.19264338 1.61658676
v 1.84699859 -1.19012224 1.63273846
v 1.86993319 -1.21809918 1.61658676
v 1.83794576 -1.19917505 1.60286565
v 1.86340151 -1.22463085 1.60286565
v 1.82824353 -1.20887725 1.59362844
v 1.85369928 -1.23433306 1.59362844
v 1.81682246 -1.2202983 1.59006302
v 1.8422782 -1.24575411 1.59006302
v 1.80540137 -1.23171936 1.59362841
v 1.83085712 -1.25717516 1.59362841
v 1.79569916 -1.24142154 1.6028656
v 1.82115491 -1.26687735 1.6028656
v 1.78916737 -1.24795332 1.61658669
v 1.81462311 -1.27340913 1.61658669
v 1.78664626 -1.25047442 1.63273838
v 1.81210201 -1.27593023 1.63273838
v 1.78916735 -1.24795334 1.64889008
v 1.81462309 -1.27340915 1.64889008
v 1.79569913 -1.24142158 1.66261119
v 1.82115487 -1.26687739 1.66261119
v 1.80540132 -1.23171941 1.6718484
v 1.83085707 -1.25717521 1.6718484
v 1.8168224 -1.22029836 1.675414
v 1.84227814 -1.24575416 1.675414
v 1.82824348 -1.2088773 1.67184843
v 1.85369923 -1.23433311 1.67184843
v 1.83794573 -1.19917508 1.66261125
v 1.86340147 -1.22463089 1.66261125
v 1.84447743 -1.1926434 1.64889015
v 1.86993317 -1.21809921 1.64889015
v 1.84699859 -1.19012224 1.63273846
v 1.87245434 -1.21557804 1.63273846
v 1.63511368 -1.45291812 1.63273816
v 1.60713678 -1.42998347 1.61658646
v 1.60965793 -1.42746232 1.63273816
v 1.63259252 -1.45543927 1.61658646
v 1.6006051 -1.43651513 1.60286535
v 1.62606084 -1.46197094 1.60286535
v 1.59090283 -1.44621737 1.59362814
v 1.61635858 -1.47167318 1.59362814
v 1.57948177 -1.4576384 1.59006272
v 1.60493751 -1.48309421 1.59006272
v 1.56806071 -1.46905944 1.59362811
v 1.59351645 -1.49451525 1.59362811
v 1.55835845 -1.47876167 1.60286529
v 1.5838142 -1.50421748 1.60286529
v 1.55182674 -1.48529337 1.61658639
v 1.57728248 -1.51074918 1.61658639
v 1.54930558 -1.48781453 1.63273808
v 1.57476132 -1.51327033 1.63273808
v 1.55182671 -1.48529339 1.64888977
v 1.57728246 -1.5107492 1.64888977
v 1.55835842 -1.47876171 1.66261089
v 1.58381416 -1.50421751 1.66261089
v 1.56806066 -1.46905949 1.6718481
v 1.5935164 -1.49451529 1.6718481
v 1.57948172 -1.45763846 1.6754137
v 1.60493746 -1.48309426 1.6754137
v 1.59090278 -1.44621742 1.67184812
v 1.61635853 -1.47167323 1.67184813
v 1.60060506 -1.43651517 1.66261094
v 1.6260608 -1.46197098 1.66261094
v 1.60713676 -1.42998349 1.64888985
v 1.6325925 -1.45543929 1.64888985
v 1.60965793 -1.42746232 1.63273816
v 1.63511368 -1.45291812 1.63273816
v 1.2791033 -1.80892764 0.73827834
v 1.25112641 -1.78599298 0.722126465
v 1.25364755 -1.78347184 0.738278339
v 1.27658215 -1.81144879 0.722126465
v 1.24459472 -1.79252465 0.708405484
v 1.27005047 -1.81798045 0.708405485
v 1.23489249 -1.80222685 0.699168188
v 1.26034824 -1.82768266 0.699168189
v 1.22347142 -1.8136479 0.695602765
v 1.24892716 -1.83910371 0.695602766
v 1.21205033 -1.82506896 0.699168159
v 1.23750608 -1.85052476 0.699168159
v 1.20234809 -1.83477117 0.70840543
v 1.22780383 -1.86022698 0.70840543
v 1.1958163 -1.84130295 0.722126394
v 1.22127204 -1.86675876 0.722126394
v 1.19329522 -1.84382402 0.738278262
v 1.21875097 -1.86927983 0.738278262
v 1.19581628 -1.84130297 0.754430092
v 1.22127202 -1.86675878 0.754430092
v 1.20234805 -1.83477121 0.768151117
v 1.2278038 -1.86022702 0.768151117
v 1.21205028 -1.82506901 0.777388324
v 1.23750603 -1.85052481 0.777388324
v 1.22347136 -1.81364796 0.780953747
v 1.2489271 -1.83910376 0.780953747
v 1.23489244 -1.8022269 0.777388353
v 1.26034819 -1.82768271 0.777388353
v 1.24459468 -1.79252468 0.768151171
v 1.27005043 -1.81798049 0.768151172
v 1.25112638 -1.785993 0.754430163
v 1.27658213 -1.81144881 0.754430163
v 1.25364755 -1.78347184 0.738278339
v 1.2791033 -1.80892764 0.73827834
v 1.397773 -1.69025822 1.63273785
v 1.36979614 -1.66732352 1.61658616
v 1.37231726 -1.66480241 1.63273785
v 1.39525188 -1.69277933 1.61658616
v 1.36326444 -1.6738552 1.60286504
v 1.38872018 -1.69931101 1.60286504
v 1.35356218 -1.68355744 1.59362783
v 1.37901792 -1.70901325 1.59362783
v 1.34214112 -1.69497848 1.59006241
v 1.36759686 -1.72043428 1.59006241
v 1.33072005 -1.70639952 1.5936278
v 1.35617579 -1.73185532 1.59362781
v 1.32101778 -1.71610176 1.60286499
v 1.34647352 -1.74155757 1.60286499
v 1.31448606 -1.72263346 1.61658608
v 1.33994181 -1.74808927 1.61658608
v 1.31196492 -1.7251546 1.63273777
v 1.33742067 -1.7506104 1.63273777
v 1.31448606 -1.72263347 1.64888947
v 1.3399418 -1.74808927 1.64888947
v 1.32101774 -1.7161018 1.66261058
v 1.34647348 -1.74155761 1.66261058
v 1.33072 -1.70639956 1.67184779
v 1.35617574 -1.73185537 1.67184779
v 1.34214108 -1.69497851 1.67541339
v 1.36759682 -1.72043432 1.67541339
v 1.35356213 -1.68355749 1.67184782
v 1.37901787 -1.7090133 1.67184782
v 1.3632644 -1.67385524 1.66261064
v 1.38872015 -1.69931105 1.66261064
v 1.36979612 -1.66732354 1.64888954
v 1.39525186 -1.69277935 1.64888954
v 1.37231726 -1.66480241 1.63273785
v 1.397773 -1.69025822 1.63273785
v 1.87245473 -1.21557766 1.03643222
v 1.84447783 -1.192643 1.02028035
v 1.84699898 -1.19012186 1.03643222
v 1.86993358 -1.21809881 1.02028035
v 1.83794615 -1.19917467 1.00655932
v 1.8634019 -1.22463047 1.00655932
v 1.82824392 -1.20887687 0.997322025
v 1.85369967 -1.23433268 0.997322025
v 1.81682284 -1.22029792 0.993756691
v 1.84227859 -1.24575373 0.993756692
v 1.80540176 -1.23171898 0.997321996
v 1.8308575 -1.25717478 0.997321996
v 1.79569955 -1.24142116 1.00655927
v 1.82115529 -1.26687697 1.00655927
v 1.78916776 -1.24795294 1.02028028
v 1.8146235 -1.27340875 1.02028028
v 1.78664665 -1.25047404 1.03643214
v 1.81210239 -1.27592985 1.03643214
v 1.78916774 -1.24795296 1.05258393
v 1.81462348 -1.27340877 1.05258393
v 1.79569951 -1.2414212 1.06630495
v 1.82115526 -1.26687701 1.06630495
v 1.80540171 -1.23171903 1.07554216
v 1.83085745 -1.25717483 1.07554216
v 1.81682279 -1.22029798 1.07910767
v 1.84227853 -1.24575378 1.07910767
v 1.82824387 -1.20887692 1.07554219
v 1.85369961 -1.23433273 1.07554219
v 1.83794611 -1.1991747 1.06630501
v 1.86340186 -1.22463051 1.06630501
v 1.84447781 -1.19264302 1.052584
v 1.86993356 -1.21809883 1.052584
v 1.84699898 -1.19012186 1.03643222
v 1.87245473 -1.21557766 1.03643222
v 1.63511406 -1.45291774 1.03643192
v 1.60713716 -1.42998309 1.02028004
v 1.60965832 -1.42746194 1.03643192
v 1.63259291 -1.45543889 1.02028004
v 1.60060548 -1.43651475 1.00655902
v 1.62606123 -1.46197056 1.00655902
v 1.59090322 -1.44621699 0.99732172
v 1.61635896 -1.4716728 0.997321721
v 1.57948216 -1.45763803 0.993756387
v 1.6049379 -1.48309383 0.993756387
v 1.5680611 -1.46905906 0.997321691
v 1.59351684 -1.49451487 0.997321691
v 1.55835884 -1.47876129 1.00655896
v 1.58381459 -1.5042171 1.00655896
v 1.55182712 -1.48529299 1.02027997
v 1.57728287 -1.5107488 1.02027997
v 1.54930596 -1.48781415 1.03643184
v 1.57476171 -1.51326995 1.03643184
v 1.5518271 -1.48529301 1.05258362
v 1.57728285 -1.51074882 1.05258362
v 1.5583588 -1.47876133 1.06630465
v 1.58381455 -1.50421713 1.06630465
v 1.56806105 -1.46905911 1.07554186
v 1.59351679 -1.49451492 1.07554186
v 1.5794821 -1.45763808 1.07910737
v 1.60493785 -1.48309389 1.07910737
v 1.59090317 -1.44621704 1.07554189
v 1.61635891 -1.47167285 1.07554189
v 1.60060544 -1.43651479 1.0663047
v 1.62606119 -1.4619706 1.0663047
v 1.60713714 -1.42998311 1.0525837
v 1.63259289 -1.45543891 1.0525837
v 1.60965832 -1.42746194 1.03643192
v 1.63511406 -1.45291774 1.03643192
v 1.16043232 -1.92759831 1.63273755
v 1.13245549 -1.90466359 1.61658585
v 1.13497658 -1.90214251 1.63273755
v 1.15791124 -1.93011939 1.61658585
v 1.12592375 -1.91119532 1.60286474
v 1.15137949 -1.93665112 1.60286474
v 1.11622152 -1.92089752 1.59362753
v 1.14167726 -1.94635333 1.59362753
v 1.10480044 -1.93231857 1.59006211
v 1.13025618 -1.95777438 1.59006211
v 1.09337936 -1.94373963 1.5936275
v 1.1188351 -1.96919543 1.5936275
v 1.08367712 -1.95344184 1.60286468
v 1.10913286 -1.97889765 1.60286468
v 1.07714542 -1.95997353 1.61658578
v 1.10260116 -1.98542933 1.61658578
v 1.07462425 -1.96249469 1.63273747
v 1.10007999 -1.9879505 1.63273747
v 1.0771454 -1.95997355 1.64888916
v 1.10260114 -1.98542935 1.64888917
v 1.08367708 -1.95344188 1.66261028
v 1.10913282 -1.97889769 1.66261028
v 1.09337931 -1.94373968 1.67184749
v 1.11883505 -1.96919548 1.67184749
v 1.10480039 -1.93231863 1.67541309
v 1.13025613 -1.95777443 1.67541309
v 1.11622147 -1.92089757 1.67184752
v 1.14167721 -1.94635338 1.67184752
v 1.12592371 -1.91119535 1.66261033
v 1.15137945 -1.93665116 1.66261033
v 1.13245547 -1.90466361 1.64888924
v 1.15791122 -1.93011941 1.64888924
v 1.13497658 -1.90214251 1.63273755
v 1.16043232 -1.92759831 1.63273755
v 1.39777339 -1.69025784 1.03643161
v 1.36979653 -1.66732314 1.02027974
v 1.37231764 -1.66480203 1.03643161
v 1.39525227 -1.69277895 1.02027974
v 1.36326483 -1.67385483 1.00655871
v 1.38872057 -1.69931063 1.00655871
v 1.35356257 -1.68355706 0.997321416
v 1.37901831 -1.70901287 0.997321416
v 1.34214151 -1.6949781 0.993756082
v 1.36759725 -1.7204339 0.993756082
v 1.33072044 -1.70639914 0.997321386
v 1.35617618 -1.73185494 0.997321387
v 1.32101817 -1.71610139 1.00655866
v 1.34647391 -1.74155719 1.00655866
v 1.31448645 -1.72263309 1.02027967
v 1.33994219 -1.74808889 1.02027967
v 1.31196531 -1.72515422 1.03643153
v 1.33742106 -1.75061002 1.03643153
v 1.31448643 -1.72263311 1.05258332
v 1.33994217 -1.74808891 1.05258332
v 1.32101813 -1.71610142 1.06630434
v 1.34647387 -1.74155723 1.06630434
v 1.33072039 -1.70639919 1.07554155
v 1.35617613 -1.73185499 1.07554155
v 1.34214145 -1.69497815 1.07910706
v 1.36759719 -1.72043396 1.07910706
v 1.35356252 -1.68355711 1.07554158
v 1.37901826 -1.70901292 1.07554158
v 1.36326479 -1.67385486 1.0663044
v 1.38872053 -1.69931067 1.0663044
v 1.36979651 -1.66732317 1.05258339
v 1.39525225 -1.69277897 1.05258339
v 1.37231764 -1.66480203 1.03643161
v 1.39777339 -1.69025784 1.03643161
v 1.87245511 -1.21557729 0.440125937
v 1.84447822 -1.19264262 0.423974151
v 1.84699937 -1.19012148 0.440125936
v 1.86993396 -1.21809843 0.423974152
v 1.83794654 -1.19917429 0.410253126
v 1.86340228 -1.22463009 0.410253126
v 1.82824431 -1.2088765 0.401015875
v 1.85370005 -1.2343323 0.401015875
v 1.81682323 -1.22029755 0.397450407
v 1.84227897 -1.24575335 0.397450407
v 1.80540215 -1.2317186 0.401015845
v 1.83085789 -1.25717441 0.401015846
v 1.79569994 -1.24142079 0.410253072
v 1.82115568 -1.26687659 0.410253072
v 1.78916814 -1.24795256 0.42397408
v 1.81462389 -1.27340837 0.423974081
v 1.78664704 -1.25047366 0.440125859
v 1.81210278 -1.27592947 0.440125859
v 1.78916812 -1.24795258 0.456277689
v 1.81462387 -1.27340839 0.456277689
v 1.7956999 -1.24142082 0.469998714
v 1.82115564 -1.26687663 0.469998715
v 1.8054021 -1.23171865 0.479235965
v 1.83085784 -1.25717445 0.479235966
v 1.81682318 -1.2202976 0.482801388
v 1.84227892 -1.2457534 0.482801389
v 1.82824426 -1.20887654 0.479235995
v 1.8537 -1.23433235 0.479235995
v 1.8379465 -1.19917433 0.469998768
v 1.86340224 -1.22463013 0.469998769
v 1.8444782 -1.19264264 0.45627776
v 1.86993394 -1.21809845 0.45627776
v 1.84699937 -1.19012148 0.440125936
v 1.87245511 -1.21557729 0.440125937
v 1.63511445 -1.45291737 0.440125632
v 1.60713755 -1.42998271 0.423973846
v 1.60965871 -1.42746156 0.440125632
v 1.6325933 -1.45543852 0.423973847
v 1.60060587 -1.43651438 0.410252821
v 1.62606161 -1.46197018 0.410252822
v 1.59090361 -1.44621661 0.40101557
v 1.61635935 -1.47167242 0.40101557
v 1.57948255 -1.45763765 0.397450102
v 1.60493829 -1.48309345 0.397450103
v 1.56806148 -1.46905868 0.401015541
v 1.59351723 -1.49451449 0.401015541
v 1.55835923 -1.47876091 0.410252767
v 1.58381497 -1.50421672 0.410252767
v 1.55182751 -1.48529262 0.423973775
v 1.57728325 -1.51074842 0.423973776
v 1.54930635 -1.48781377 0.440125554
v 1.57476209 -1.51326958 0.440125555
v 1.55182749 -1.48529264 0.456277384
v 1.57728323 -1.51074844 0.456277385
v 1.55835919 -1.47876095 0.469998409
v 1.58381493 -1.50421676 0.46999841
v 1.56806143 -1.46905873 0.479235661
v 1.59351718 -1.49451454 0.479235661
v 1.57948249 -1.4576377 0.482801084
v 1.60493823 -1.48309351 0.482801084
v 1.59090356 -1.44621666 0.47923569
v 1.6163593 -1.47167247 0.47923569
v 1.60060583 -1.43651441 0.469998464
v 1.62606157 -1.46197022 0.469998464
v 1.60713753 -1.42998273 0.456277455
v 1.63259327 -1.45543854 0.456277456
v 1.60965871 -1.42746156 0.440125632
v 1.63511445 -1.45291737 0.440125632
v 1.16043271 -1.92759793 1.03643131
v 1.13245588 -1.90466321 1.02027943
v 1.13497697 -1.90214213 1.03643131
v 1.15791162 -1.93011901 1.02027943
v 1.12592414 -1.91119494 1.00655841
v 1.15137988 -1.93665074 1.00655841
v 1.11622191 -1.92089714 0.997321111
v 1.14167765 -1.94635295 0.997321111
v 1.10480083 -1.93231819 0.993755777
v 1.13025657 -1.957774 0.993755778
v 1.09337975 -1.94373925 0.997321082
v 1.11883549 -1.96919505 0.997321082
v 1.0836775 -1.95344147 1.00655835
v 1.10913325 -1.97889727 1.00655835
v 1.0771458 -1.95997315 1.02027936
v 1.10260155 -1.98542896 1.02027936
v 1.07462463 -1.96249431 1.03643123
v 1.10008038 -1.98795012 1.03643123
v 1.07714578 -1.95997317 1.05258301
v 1.10260153 -1.98542898 1.05258301
v 1.08367746 -1.9534415 1.06630404
v 1.10913321 -1.97889731 1.06630404
v 1.09337969 -1.9437393 1.07554125
v 1.11883544 -1.9691951 1.07554125
v 1.10480077 -1.93231825 1.07910676
v 1.13025652 -1.95777405 1.07910676
v 1.11622186 -1.92089719 1.07554128
v 1.1416776 -1.946353 1.07554128
v 1.1259241 -1.91119498 1.06630409
v 1.15137984 -1.93665078 1.06630409
v 1.13245586 -1.90466323 1.05258309
v 1.1579116 -1.93011903 1.05258309
v 1.13497697 -1.90214213 1.03643131
v 1.16043271 -1.92759793 1.03643131
v 1.39777377 -1.69025746 0.440125327
v 1.36979691 -1.66732277 0.423973542
v 1.37231803 -1.66480166 0.440125327
v 1.39525266 -1.69277857 0.423973542
v 1.36326522 -1.67385445 0.410252517
v 1.38872096 -1.69931025 0.410252517
v 1.35356295 -1.68355669 0.401015265
v 1.3790187 -1.70901249 0.401015266
v 1.34214191 -1.6949777 0.397449798
v 1.36759765 -1.72043351 0.397449798
v 1.33072083 -1.70639876 0.401015236
v 1.35617657 -1.73185456 0.401015236
v 1.32101855 -1.71610101 0.410252462
v 1.3464743 -1.74155681 0.410252463
v 1.31448685 -1.72263269 0.423973471
v 1.3399426 -1.7480885 0.423973471
v 1.3119657 -1.72515384 0.44012525
v 1.33742144 -1.75060965 0.44012525
v 1.31448682 -1.72263273 0.45627708
v 1.33994256 -1.74808853 0.45627708
v 1.32101851 -1.71610105 0.469998105
v 1.34647426 -1.74155685 0.469998105
v 1.33072078 -1.70639881 0.479235356
v 1.35617652 -1.73185461 0.479235356
v 1.34214184 -1.69497777 0.482800779
v 1.36759758 -1.72043358 0.482800779
v 1.3535629 -1.68355674 0.479235385
v 1.37901865 -1.70901254 0.479235386
v 1.36326518 -1.67385449 0.469998159
v 1.38872092 -1.69931029 0.469998159
v 1.36979689 -1.66732279 0.456277151
v 1.39525264 -1.69277859 0.456277151
v 1.37231803 -1.66480166 0.440125327
v 1.39777377 -1.69025746 0.440125327
v 1.99112483 -1.09690784 1.33458554
v 1.96314794 -1.07397318 1.31843384
v 1.96566909 -1.07145204 1.33458554
v 1.98860368 -1.09942899 1.31843384
v 1.95661626 -1.08050485 1.30471282
v 1.982072 -1.10596065 1.30471282
v 1.94691403 -1.09020705 1.29547561
v 1.97236977 -1.11566286 1.29547561
v 1.93549295 -1.1016281 1.29191001
v 1.96094869 -1.12708391 1.29191001
v 1.92407187 -1.11304916 1.29547558
v 1.94952761 -1.13850496 1.29547558
v 1.91436969 -1.12275131 1.30471276
v 1.93982543 -1.14820712 1.30471276
v 1.90783799 -1.129283 1.31843377
v 1.93329373 -1.1547388 1.31843377
v 1.90531679 -1.13180419 1.33458546
v 1.93077253 -1.15726 1.33458546
v 1.90783797 -1.12928302 1.35073716
v 1.93329371 -1.15473882 1.35073716
v 1.91436965 -1.12275135 1.36445818
v 1.93982539 -1.14820716 1.36445818
v 1.92407182 -1.11304921 1.37369539
v 1.94952756 -1.13850501 1.37369539
v 1.93549289 -1.10162816 1.37726099
v 1.96094864 -1.12708396 1.37726099
v 1.94691398 -1.0902071 1.37369542
v 1.97236972 -1.11566291 1.37369542
v 1.95661622 -1.08050489 1.36445824
v 1.98207196 -1.10596069 1.36445824
v 1.96314792 -1.0739732 1.35073723
v 1.98860366 -1.09942901 1.35073723
v 1.96566909 -1.07145204 1.33458554
v 1.99112483 -1.09690784 1.33458554
v 1.75378419 -1.33424791 1.33458523
v 1.72580732 -1.31131321 1.31843354
v 1.72832844 -1.3087921 1.33458523
v 1.75126307 -1.33676902 1.31843354
v 1.7192756 -1.31784493 1.30471251
v 1.74473134 -1.34330073 1.30471251
v 1.70957337 -1.32754713 1.29547531
v 1.73502911 -1.35300294 1.29547531
v 1.69815229 -1.33896818 1.2919097
v 1.72360803 -1.36442399 1.2919097
v 1.68673125 -1.35038919 1.29547528
v 1.712187 -1.375845 1.29547528
v 1.67702898 -1.36009144 1.30471246
v 1.70248472 -1.38554725 1.30471246
v 1.67049728 -1.36662312 1.31843347
v 1.69595302 -1.39207893 1.31843347
v 1.66797609 -1.3691443 1.33458516
v 1.69343184 -1.39460011 1.33458516
v 1.67049726 -1.36662314 1.35073685
v 1.695953 -1.39207895 1.35073685
v 1.67702894 -1.36009148 1.36445788
v 1.70248468 -1.38554728 1.36445788
v 1.6867312 -1.35038924 1.37369508
v 1.71218695 -1.37584505 1.37369508
v 1.69815223 -1.33896824 1.37726068
v 1.72360798 -1.36442404 1.37726069
v 1.70957332 -1.32754718 1.37369511
v 1.73502906 -1.35300299 1.37369511
v 1.71927556 -1.31784497 1.36445793
v 1.7447313 -1.34330077 1.36445793
v 1.7258073 -1.31131323 1.35073692
v 1.75126305 -1.33676904 1.35073692
v 1.72832844 -1.3087921 1.33458523
v 1.75378419 -1.33424791 1.33458523
v 1.51644355 -1.57158796 1.33458493
v 1.48846667 -1.54865329 1.31843323
v 1.4909878 -1.54613216 1.33458493
v 1.51392241 -1.5741091 1.31843323
v 1.48193497 -1.55518498 1.30471221
v 1.50739071 -1.58064078 1.30471221
v 1.47223272 -1.5648872 1.295475
v 1.49768846 -1.590343 1.295475
v 1.46081164 -1.57630825 1.2919094
v 1.48626739 -1.60176405 1.2919094
v 1.44939058 -1.58772928 1.29547497
v 1.47484633 -1.61318508 1.29547497
v 1.43968833 -1.59743151 1.30471215
v 1.46514407 -1.62288732 1.30471215
v 1.4331566 -1.60396322 1.31843316
v 1.45861235 -1.62941902 1.31843316
v 1.43063544 -1.60648437 1.33458485
v 1.45609118 -1.63194018 1.33458485
v 1.43315658 -1.60396324 1.35073655
v 1.45861232 -1.62941905 1.35073655
v 1.43968829 -1.59743155 1.36445757
v 1.46514403 -1.62288736 1.36445757
v 1.44939053 -1.58772933 1.37369478
v 1.47484628 -1.61318513 1.37369478
v 1.46081159 -1.5763083 1.37726038
v 1.48626733 -1.60176411 1.37726038
v 1.47223267 -1.56488725 1.37369481
v 1.49768841 -1.59034305 1.37369481
v 1.48193493 -1.55518501 1.36445763
v 1.50739067 -1.58064082 1.36445763
v 1.48846664 -1.54865331 1.35073662
v 1.51392239 -1.57410912 1.35073662
v 1.4909878 -1.54613216 1.33458493
v 1.51644355 -1.57158796 1.33458493
v 1.1604331 -1.92759756 0.440125023
v 1.13245627 -1.90466283 0.423973237
v 1.13497735 -1.90214175 0.440125022
v 1.15791201 -1.93011864 0.423973237
v 1.12592452 -1.91119456 0.410252212
v 1.15138027 -1.93665037 0.410252212
v 1.11622229 -1.92089677 0.401014961
v 1.14167804 -1.94635257 0.401014961
v 1.10480122 -1.93231782 0.397449493
v 1.13025696 -1.95777362 0.397449493
v 1.09338013 -1.94373887 0.401014931
v 1.11883588 -1.96919468 0.401014932
v 1.08367789 -1.95344109 0.410252158
v 1.10913363 -1.97889689 0.410252158
v 1.07714619 -1.95997277 0.423973166
v 1.10260193 -1.98542858 0.423973166
v 1.07462502 -1.96249393 0.440124945
v 1.10008077 -1.98794974 0.440124945
v 1.07714617 -1.95997279 0.456276775
v 1.10260191 -1.9854286 0.456276775
v 1.08367785 -1.95344113 0.4699978
v 1.1091336 -1.97889693 0.4699978
v 1.09338008 -1.94373892 0.479235051
v 1.11883583 -1.96919473 0.479235052
v 1.10480116 -1.93231787 0.482800474
v 1.1302569 -1.95777368 0.482800475
v 1.11622224 -1.92089682 0.479235081
v 1.14167799 -1.94635262 0.479235081
v 1.12592448 -1.9111946 0.469997854
v 1.15138023 -1.9366504 0.469997855
v 1.13245625 -1.90466285 0.456276846
v 1.15791199 -1.93011866 0.456276846
v 1.13497735 -1.90214175 0.440125022
v 1.1604331 -1.92759756 0.440125023
v 2.04995193 -0.987169418 0.149325437
v 2.07540749 -1.01262541 0.440126197
v 2.07540768 -1.01262522 0.149325437
v 2.04995174 -0.987169603 0.440126197
v 2.07540729 -1.0126256 0.738279362
v 2.04995155 -0.987169792 0.738279362
v 2.0754071 -1.01262579 1.03643248
v 2.04995136 -0.987169981 1.03643248
v 2.07540691 -1.01262598 1.33458565
v 2.04995116 -0.98717017 1.33458565
v 2.07540671 -1.01262616 1.63273872
v 2.04995097 -0.987170359 1.63273872
v 2.07540652 -1.01262636 1.9363261
v 2.04995077 -0.987170552 1.9363261
v 2.04995077 -0.987170552 1.9363261
v 1.90296941 -1.18506304 1.93632588
v 2.07540652 -1.01262636 1.9363261
v 1.87751367 -1.15960723 1.93632588
v 1.66562874 -1.42240313 1.93632557
v 1.64017299 -1.39694733 1.93632557
v 1.42828806 -1.65974323 1.93632527
v 1.40283234 -1.6342874 1.93632527
v 1.40283234 -1.6342874 1.93632527
v 1.1909474 -1.89708331 1.93632496
v 1.42828806 -1.65974323 1.93632527
v 1.16549166 -1.8716275 1.93632496
v 1.01436986 -2.07366041 1.93632473
v 0.988914114 -2.04820461 1.93632473
v 0.988914114 -2.04820461 1.93632473
v 1.01437005 -2.07366022 1.63273736
v 1.01436986 -2.07366041 1.93632473
v 0.988914311 -2.04820442 1.63273736
v 1.01437025 -2.07366003 1.33458428
v 0.988914505 -2.04820423 1.33458428
v 1.01437044 -2.07365984 1.03643112
v 0.988914699 -2.04820404 1.03643112
v 1.01437064 -2.07365966 0.738278
v 0.988914892 -2.04820385 0.738277999
v 1.01437083 -2.07365947 0.440124835
v 0.988915086 -2.04820366 0.440124835
v 1.01437102 -2.07365928 0.149324075
v 0.988915275 -2.04820348 0.149324075
v 0.988915275 -2.04820348 0.149324075
v 1.16549282 -1.87162637 0.149324301
v 1.19094856 -1.89708217 0.149324302
v 1.01437102 -2.07365928 0.149324075
v 1.16549282 -1.87162637 0.149324301
v 1.42828922 -1.65974209 0.149324606
v 1.19094856 -1.89708217 0.149324302
v 1.40283348 -1.63428629 0.149324606
v 1.6656299 -1.422402 0.149324911
v 1.64017416 -1.39694619 0.149324911
v 1.90297058 -1.1850619 0.149325216
v 1.87751483 -1.1596061 0.149325215
v 2.07540768 -1.01262522 0.149325437
v 2.04995193 -0.987169418 0.149325437
vt 0.693359375 0.821289062
vt 0.87109375 0.813476562
vt 0.687011719 0.813476562
vt 0.677734375 0.808105469
vt 0.864746094 0.821289062
vt 0.6953125 0.830078125
vt 0.862304688 0.830078125
vt 0.693359375 0.839355469
vt 0.864746094 0.839355469
vt 0.687011719 0.846679688
vt 0.87109375 0.846679688
vt 0.879882812 0.852050781
vt 0.879882812 0.808105469
vt 0.677734375 0.852050781
vt 0.833496094 1
vt 0.890625 0.854003906
vt 0.901367188 0.852050781
vt 1 1
vt 0.910644531 0.846679688
vt 0.609863281 1
vt 0.666992188 0.854003906
vt 1 0.830078125
vt 0.65625 0.852050781
vt 0.916992188 0.839355469
vt 0.919433594 0.830078125
vt 0.916992188 0.821289062
vt 0.910644531 0.813476562
vt 0.386230469 1
vt 0.798828125 0.680175781
vt 1 0.663085938
vt 0.789550781 0.685058594
vt 0.901367188 0.808105469
vt 0.805175781 0.672363281
vt 0.778808594 0.687011719
vt 0.890625 0.806152344
vt 0.807617188 0.663085938
vt 0.805175781 0.654296875
vt 0.768066406 0.685058594
vt 0.798828125 0.646484375
vt 0.565917969 0.685058594
vt 0.666992188 0.806152344
vt 0.575195312 0.680175781
vt 0.555175781 0.687011719
vt 0.758789062 0.680175781
vt 0.581542969 0.672363281
vt 0.752929688 0.672363281
vt 0.583496094 0.663085938
vt 0.750488281 0.663085938
vt 0.581542969 0.654296875
vt 0.752929688 0.654296875
vt 0.575195312 0.646484375
vt 0.758789062 0.646484375
vt 0.544433594 0.685058594
vt 0.565917969 0.641601562
vt 0.65625 0.808105469
vt 0.768066406 0.641601562
vt 0.342285156 0.685058594
vt 0.3515625 0.680175781
vt 0.53515625 0.680175781
vt 0.357666016 0.672363281
vt 0.529296875 0.672363281
vt 0.526855469 0.663085938
vt 0.360107422 0.663085938
vt 0.529296875 0.654296875
vt 0.357666016 0.654296875
vt 0.53515625 0.646484375
vt 0.3515625 0.646484375
vt 0.342285156 0.641601562
vt 0.544433594 0.641601562
vt 0.454101562 0.808105469
vt 0.646972656 0.813476562
vt 0.331542969 0.687011719
vt 0.463378906 0.813476562
vt 0.443359375 0.806152344
vt 0.641113281 0.821289062
vt 0.469482422 0.821289062
vt 0.320800781 0.685058594
vt 0.638671875 0.830078125
vt 0.471923828 0.830078125
vt 0.469482422 0.839355469
vt 0.641113281 0.839355469
vt 0.463378906 0.846679688
vt 0.646972656 0.846679688
vt 0.454101562 0.852050781
vt 0.443359375 0.854003906
vt 0.432617188 0.852050781
vt 0.432617188 0.808105469
vt 0.162475586 1
vt 0.118652344 0.685058594
vt 0.23046875 0.808105469
vt 0.423583984 0.813476562
vt 0.127807617 0.680175781
vt 0.311767578 0.680175781
vt 0.305419922 0.672363281
vt 0.133911133 0.672363281
vt 0.303222656 0.663085938
vt 0.136352539 0.663085938
vt 0.133911133 0.654296875
vt 0.305419922 0.654296875
vt 0.127807617 0.646484375
vt 0.311767578 0.646484375
vt 0.118652344 0.641601562
vt 0.107849121 0.687011719
vt 0.320800781 0.641601562
vt 0.219726562 0.806152344
vt 0.208984375 0.808105469
vt 0.0971069336 0.685058594
vt 0.199829102 0.813476562
vt 0.0879516602 0.680175781
vt 0 0.663085938
vt 0.0817871094 0.672363281
vt 0.0794067383 0.663085938
vt 0.0817871094 0.654296875
vt 0.0879516602 0.646484375
vt 0 0.830078125
vt 0.193603516 0.821289062
vt 0.19128418 0.830078125
vt 0.193603516 0.839355469
vt 0.199829102 0.846679688
vt 0 1
vt 0.208984375 0.852050781
vt 0.219726562 0.854003906
vt 0.23046875 0.852050781
vt 0.239624023 0.846679688
vt 0.423583984 0.846679688
vt 0.245727539 0.839355469
vt 0.417236328 0.839355469
vt 0.415039062 0.830078125
vt 0.248168945 0.830078125
vt 0.417236328 0.821289062
vt 0.245727539 0.821289062
vt 0.239624023 0.813476562
vt 0 0.496337891
vt 0.199829102 0.513183594
vt 0.208984375 0.518066406
vt 0.0971069336 0.641601562
vt 0.193603516 0.505371094
vt 0.219726562 0.520507812
vt 0.107849121 0.639160156
vt 0.19128418 0.496337891
vt 0.193603516 0.487304688
vt 0.23046875 0.518066406
vt 0.199829102 0.479736328
vt 0 0.329589844
vt 0.432617188 0.518066406
vt 0.331542969 0.639160156
vt 0.239624023 0.513183594
vt 0.443359375 0.520507812
vt 0.423583984 0.513183594
vt 0.245727539 0.505371094
vt 0.417236328 0.505371094
vt 0.415039062 0.496337891
vt 0.248168945 0.496337891
vt 0.417236328 0.487304688
vt 0.245727539 0.487304688
vt 0.423583984 0.479736328
vt 0.239624023 0.479736328
vt 0.454101562 0.518066406
vt 0.432617188 0.474609375
vt 0.23046875 0.474609375
vt 0.65625 0.518066406
vt 0.555175781 0.639160156
vt 0.463378906 0.513183594
vt 0.666992188 0.520507812
vt 0.646972656 0.513183594
vt 0.641113281 0.505371094
vt 0.469482422 0.505371094
vt 0.638671875 0.496337891
vt 0.471923828 0.496337891
vt 0.641113281 0.487304688
vt 0.469482422 0.487304688
vt 0.646972656 0.479736328
vt 0.463378906 0.479736328
vt 0.677734375 0.518066406
vt 0.65625 0.474609375
vt 0.454101562 0.474609375
vt 0.879882812 0.518066406
vt 0.687011719 0.513183594
vt 0.87109375 0.513183594
vt 0.693359375 0.505371094
vt 0.864746094 0.505371094
vt 0.6953125 0.496337891
vt 0.862304688 0.496337891
vt 0.693359375 0.487304688
vt 0.864746094 0.487304688
vt 0.687011719 0.479736328
vt 0.87109375 0.479736328
vt 0.890625 0.520507812
vt 0.778808594 0.639160156
vt 0.789550781 0.641601562
vt 0.901367188 0.518066406
vt 0.677734375 0.474609375
vt 0.910644531 0.513183594
vt 1 0.496337891
vt 0.916992188 0.505371094
vt 0.919433594 0.496337891
vt 0.916992188 0.487304688
vt 0.910644531 0.479736328
vt 0.879882812 0.474609375
vt 0.798828125 0.346191406
vt 1 0.329589844
vt 0.789550781 0.3515625
vt 0.901367188 0.474609375
vt 0.805175781 0.338623047
vt 0.778808594 0.353515625
vt 0.890625 0.47265625
vt 0.807617188 0.329589844
vt 0.805175781 0.320556641
vt 0.768066406 0.3515625
vt 0.798828125 0.312744141
vt 0.565917969 0.3515625
vt 0.555175781 0.353515625
vt 0.575195312 0.346191406
vt 0.666992188 0.47265625
vt 0.758789062 0.346191406
vt 0.581542969 0.338623047
vt 0.752929688 0.338623047
vt 0.583496094 0.329589844
vt 0.750488281 0.329589844
vt 0.581542969 0.320556641
vt 0.752929688 0.320556641
vt 0.575195312 0.312744141
vt 0.758789062 0.312744141
vt 0.544433594 0.3515625
vt 0.565917969 0.307617188
vt 0.768066406 0.307617188
vt 0.342285156 0.3515625
vt 0.331542969 0.353515625
vt 0.443359375 0.47265625
vt 0.3515625 0.346191406
vt 0.53515625 0.346191406
vt 0.529296875 0.338623047
vt 0.357666016 0.338623047
vt 0.526855469 0.329589844
vt 0.360107422 0.329589844
vt 0.529296875 0.320556641
vt 0.357666016 0.320556641
vt 0.53515625 0.312744141
vt 0.3515625 0.312744141
vt 0.320800781 0.3515625
vt 0.544433594 0.307617188
vt 0.342285156 0.307617188
vt 0.118652344 0.3515625
vt 0.127807617 0.346191406
vt 0.311767578 0.346191406
vt 0.107849121 0.353515625
vt 0.219726562 0.47265625
vt 0.208984375 0.474609375
vt 0.0971069336 0.3515625
vt 0.0879516602 0.346191406
vt 0.133911133 0.338623047
vt 0.305419922 0.338623047
vt 0.303222656 0.329589844
vt 0.136352539 0.329589844
vt 0.305419922 0.320556641
vt 0.133911133 0.320556641
vt 0.311767578 0.312744141
vt 0.127807617 0.312744141
vt 0.320800781 0.307617188
vt 0.0817871094 0.338623047
vt 0.0794067383 0.329589844
vt 0.0817871094 0.320556641
vt 0.0879516602 0.312744141
vt 0.118652344 0.307617188
vt 0 0.162719727
vt 0.199829102 0.179443359
vt 0.208984375 0.184570312
vt 0.0971069336 0.307617188
vt 0.193603516 0.17175293
vt 0.219726562 0.186645508
vt 0.107849121 0.305664062
vt 0.19128418 0.162719727
vt 0.193603516 0.153686523
vt 0.199829102 0.145996094
vt 0 0
vt 0.208984375 0.140869141
vt 0.162475586 0
vt 0.219726562 0.138793945
vt 0.23046875 0.140869141
vt 0.23046875 0.184570312
vt 0.386230469 0
vt 0.432617188 0.184570312
vt 0.239624023 0.179443359
vt 0.423583984 0.179443359
vt 0.417236328 0.17175293
vt 0.245727539 0.17175293
vt 0.415039062 0.162719727
vt 0.248168945 0.162719727
vt 0.417236328 0.153686523
vt 0.245727539 0.153686523
vt 0.423583984 0.145996094
vt 0.239624023 0.145996094
vt 0.443359375 0.186645508
vt 0.331542969 0.305664062
vt 0.432617188 0.140869141
vt 0.443359375 0.138793945
vt 0.454101562 0.140869141
vt 0.454101562 0.184570312
vt 0.609863281 0
vt 0.65625 0.184570312
vt 0.463378906 0.179443359
vt 0.646972656 0.179443359
vt 0.666992188 0.186645508
vt 0.555175781 0.305664062
vt 0.469482422 0.17175293
vt 0.641113281 0.17175293
vt 0.638671875 0.162719727
vt 0.471923828 0.162719727
vt 0.641113281 0.153686523
vt 0.469482422 0.153686523
vt 0.646972656 0.145996094
vt 0.463378906 0.145996094
vt 0.65625 0.140869141
vt 0.666992188 0.138793945
vt 0.677734375 0.140869141
vt 0.677734375 0.184570312
vt 0.833496094 0
vt 0.879882812 0.184570312
vt 0.87109375 0.179443359
vt 0.687011719 0.179443359
vt 0.864746094 0.17175293
vt 0.693359375 0.17175293
vt 0.862304688 0.162719727
vt 0.6953125 0.162719727
vt 0.864746094 0.153686523
vt 0.693359375 0.153686523
vt 0.87109375 0.145996094
vt 0.687011719 0.145996094
vt 0.890625 0.186645508
vt 0.778808594 0.305664062
vt 0.789550781 0.307617188
vt 0.901367188 0.184570312
vt 0.879882812 0.140869141
vt 0.910644531 0.179443359
vt 0.890625 0.138793945
vt 0.901367188 0.140869141
vt 1 0
vt 0.910644531 0.145996094
vt 1 0.162719727
vt 0.916992188 0.17175293
vt 0.916992188 0.153686523
vt 0.919433594 0.162719727
vt 1 0.830078125
vt 0.916992188 0.839355469
vt 0.919433594 0.830078125
vt 0.916992188 0.821289062
vt 0.910644531 0.846679688
vt 0.910644531 0.813476562
vt 1 1
vt 0.901367188 0.852050781
vt 0.833496094 1
vt 0.890625 0.854003906
vt 0.879882812 0.852050781
vt 0.609863281 1
vt 0.798828125 0.680175781
vt 1 0.663085938
vt 0.789550781 0.685058594
vt 0.901367188 0.808105469
vt 0.805175781 0.672363281
vt 0.778808594 0.687011719
vt 0.890625 0.806152344
vt 0.807617188 0.663085938
vt 0.879882812 0.808105469
vt 0.805175781 0.654296875
vt 0.798828125 0.646484375
vt 0.768066406 0.685058594
vt 0.910644531 0.513183594
vt 1 0.496337891
vt 0.901367188 0.518066406
vt 0.789550781 0.641601562
vt 0.916992188 0.505371094
vt 0.890625 0.520507812
vt 0.778808594 0.639160156
vt 0.919433594 0.496337891
vt 0.768066406 0.641601562
vt 0.916992188 0.487304688
vt 0.879882812 0.518066406
vt 0.910644531 0.479736328
vt 0.677734375 0.518066406
vt 0.87109375 0.513183594
vt 0.687011719 0.513183594
vt 0.864746094 0.505371094
vt 0.693359375 0.505371094
vt 0.862304688 0.496337891
vt 0.6953125 0.496337891
vt 0.864746094 0.487304688
vt 0.693359375 0.487304688
vt 0.87109375 0.479736328
vt 0.687011719 0.479736328
vt 0.879882812 0.474609375
vt 0.677734375 0.474609375
vt 0.565917969 0.641601562
vt 0.666992188 0.520507812
vt 0.758789062 0.646484375
vt 0.555175781 0.639160156
vt 0.575195312 0.646484375
vt 0.752929688 0.654296875
vt 0.581542969 0.654296875
vt 0.750488281 0.663085938
vt 0.583496094 0.663085938
vt 0.752929688 0.672363281
vt 0.581542969 0.672363281
vt 0.758789062 0.680175781
vt 0.575195312 0.680175781
vt 0.65625 0.518066406
vt 0.565917969 0.685058594
vt 0.544433594 0.641601562
vt 0.677734375 0.808105469
vt 0.87109375 0.813476562
vt 0.687011719 0.813476562
vt 0.864746094 0.821289062
vt 0.693359375 0.821289062
vt 0.862304688 0.830078125
vt 0.6953125 0.830078125
vt 0.864746094 0.839355469
vt 0.693359375 0.839355469
vt 0.87109375 0.846679688
vt 0.687011719 0.846679688
vt 0.677734375 0.852050781
vt 0.666992188 0.806152344
vt 0.555175781 0.687011719
vt 0.666992188 0.854003906
vt 0.544433594 0.685058594
vt 0.65625 0.852050781
vt 0.65625 0.808105469
vt 0.386230469 1
vt 0.342285156 0.685058594
vt 0.3515625 0.680175781
vt 0.53515625 0.680175781
vt 0.357666016 0.672363281
vt 0.529296875 0.672363281
vt 0.526855469 0.663085938
vt 0.360107422 0.663085938
vt 0.529296875 0.654296875
vt 0.357666016 0.654296875
vt 0.53515625 0.646484375
vt 0.3515625 0.646484375
vt 0.342285156 0.641601562
vt 0.454101562 0.808105469
vt 0.646972656 0.813476562
vt 0.331542969 0.687011719
vt 0.463378906 0.813476562
vt 0.443359375 0.806152344
vt 0.641113281 0.821289062
vt 0.469482422 0.821289062
vt 0.320800781 0.685058594
vt 0.638671875 0.830078125
vt 0.471923828 0.830078125
vt 0.469482422 0.839355469
vt 0.641113281 0.839355469
vt 0.463378906 0.846679688
vt 0.646972656 0.846679688
vt 0.454101562 0.852050781
vt 0.443359375 0.854003906
vt 0.432617188 0.852050781
vt 0.432617188 0.808105469
vt 0.162475586 1
vt 0.118652344 0.685058594
vt 0.23046875 0.808105469
vt 0.423583984 0.813476562
vt 0.127807617 0.680175781
vt 0.311767578 0.680175781
vt 0.305419922 0.672363281
vt 0.133911133 0.672363281
vt 0.303222656 0.663085938
vt 0.136352539 0.663085938
vt 0.133911133 0.654296875
vt 0.305419922 0.654296875
vt 0.127807617 0.646484375
vt 0.311767578 0.646484375
vt 0.118652344 0.641601562
vt 0.107849121 0.687011719
vt 0.320800781 0.641601562
vt 0.219726562 0.806152344
vt 0.208984375 0.808105469
vt 0.0971069336 0.685058594
vt 0.199829102 0.813476562
vt 0.0879516602 0.680175781
vt 0 0.663085938
vt 0.0817871094 0.672363281
vt 0.0794067383 0.663085938
vt 0.0817871094 0.654296875
vt 0.0879516602 0.646484375
vt 0 0.830078125
vt 0.193603516 0.821289062
vt 0.19128418 0.830078125
vt 0.193603516 0.839355469
vt 0.199829102 0.846679688
vt 0 1
vt 0.208984375 0.852050781
vt 0.219726562 0.854003906
vt 0.23046875 0.852050781
vt 0.239624023 0.846679688
vt 0.423583984 0.846679688
vt 0.245727539 0.839355469
vt 0.417236328 0.839355469
vt 0.415039062 0.830078125
vt 0.248168945 0.830078125
vt 0.417236328 0.821289062
vt 0.245727539 0.821289062
vt 0.239624023 0.813476562
vt 0 0.496337891
vt 0.199829102 0.513183594
vt 0.208984375 0.518066406
vt 0.0971069336 0.641601562
vt 0.193603516 0.505371094
vt 0.219726562 0.520507812
vt 0.107849121 0.639160156
vt 0.19128418 0.496337891
vt 0.193603516 0.487304688
vt 0.23046875 0.518066406
vt 0.199829102 0.479736328
vt 0 0.329589844
vt 0.432617188 0.518066406
vt 0.331542969 0.639160156
vt 0.239624023 0.513183594
vt 0.443359375 0.520507812
vt 0.423583984 0.513183594
vt 0.245727539 0.505371094
vt 0.417236328 0.505371094
vt 0.415039062 0.496337891
vt 0.248168945 0.496337891
vt 0.417236328 0.487304688
vt 0.245727539 0.487304688
vt 0.423583984 0.479736328
vt 0.239624023 0.479736328
vt 0.454101562 0.518066406
vt 0.432617188 0.474609375
vt 0.463378906 0.513183594
vt 0.646972656 0.513183594
vt 0.641113281 0.505371094
vt 0.469482422 0.505371094
vt 0.638671875 0.496337891
vt 0.471923828 0.496337891
vt 0.641113281 0.487304688
vt 0.469482422 0.487304688
vt 0.646972656 0.479736328
vt 0.463378906 0.479736328
vt 0.65625 0.474609375
vt 0.23046875 0.474609375
vt 0.454101562 0.474609375
vt 0.118652344 0.3515625
vt 0.320800781 0.3515625
vt 0.443359375 0.47265625
vt 0.107849121 0.353515625
vt 0.219726562 0.47265625
vt 0.208984375 0.474609375
vt 0.0971069336 0.3515625
vt 0.0879516602 0.346191406
vt 0.0817871094 0.338623047
vt 0.0794067383 0.329589844
vt 0.0817871094 0.320556641
vt 0.0879516602 0.312744141
vt 0.127807617 0.346191406
vt 0 0.162719727
vt 0.311767578 0.346191406
vt 0.133911133 0.338623047
vt 0.305419922 0.338623047
vt 0.303222656 0.329589844
vt 0.136352539 0.329589844
vt 0.305419922 0.320556641
vt 0.133911133 0.320556641
vt 0.311767578 0.312744141
vt 0.127807617 0.312744141
vt 0.320800781 0.307617188
vt 0.118652344 0.307617188
vt 0.199829102 0.179443359
vt 0.208984375 0.184570312
vt 0.0971069336 0.307617188
vt 0.193603516 0.17175293
vt 0.219726562 0.186645508
vt 0.107849121 0.305664062
vt 0.19128418 0.162719727
vt 0.193603516 0.153686523
vt 0.199829102 0.145996094
vt 0 0
vt 0.208984375 0.140869141
vt 0.162475586 0
vt 0.219726562 0.138793945
vt 0.23046875 0.140869141
vt 0.23046875 0.184570312
vt 0.386230469 0
vt 0.432617188 0.184570312
vt 0.239624023 0.179443359
vt 0.423583984 0.179443359
vt 0.417236328 0.17175293
vt 0.245727539 0.17175293
vt 0.415039062 0.162719727
vt 0.248168945 0.162719727
vt 0.417236328 0.153686523
vt 0.245727539 0.153686523
vt 0.423583984 0.145996094
vt 0.239624023 0.145996094
vt 0.443359375 0.186645508
vt 0.331542969 0.305664062
vt 0.432617188 0.140869141
vt 0.342285156 0.307617188
vt 0.443359375 0.138793945
vt 0.454101562 0.140869141
vt 0.454101562 0.184570312
vt 0.609863281 0
vt 0.65625 0.184570312
vt 0.463378906 0.179443359
vt 0.646972656 0.179443359
vt 0.469482422 0.17175293
vt 0.641113281 0.17175293
vt 0.638671875 0.162719727
vt 0.471923828 0.162719727
vt 0.641113281 0.153686523
vt 0.469482422 0.153686523
vt 0.646972656 0.145996094
vt 0.463378906 0.145996094
vt 0.65625 0.140869141
vt 0.666992188 0.138793945
vt 0.677734375 0.140869141
vt 0.833496094 0
vt 0.879882812 0.140869141
vt 0.687011719 0.145996094
vt 0.890625 0.138793945
vt 0.87109375 0.145996094
vt 0.901367188 0.140869141
vt 0.693359375 0.153686523
vt 1 0
vt 0.864746094 0.153686523
vt 0.910644531 0.145996094
vt 0.6953125 0.162719727
vt 0.862304688 0.162719727
vt 0.693359375 0.17175293
vt 0.864746094 0.17175293
vt 0.687011719 0.179443359
vt 0.87109375 0.179443359
vt 1 0.162719727
vt 0.677734375 0.184570312
vt 0.916992188 0.153686523
vt 0.919433594 0.162719727
vt 0.916992188 0.17175293
vt 0.910644531 0.179443359
vt 0.879882812 0.184570312
vt 1 0.329589844
vt 0.565917969 0.307617188
vt 0.666992188 0.186645508
vt 0.555175781 0.305664062
vt 0.544433594 0.307617188
vt 0.3515625 0.312744141
vt 0.53515625 0.312744141
vt 0.357666016 0.320556641
vt 0.529296875 0.320556641
vt 0.360107422 0.329589844
vt 0.526855469 0.329589844
vt 0.357666016 0.338623047
vt 0.529296875 0.338623047
vt 0.3515625 0.346191406
vt 0.53515625 0.346191406
vt 0.544433594 0.3515625
vt 0.342285156 0.3515625
vt 0.666992188 0.47265625
vt 0.331542969 0.353515625
vt 0.555175781 0.353515625
vt 0.565917969 0.3515625
vt 0.768066406 0.3515625
vt 0.758789062 0.346191406
vt 0.575195312 0.346191406
vt 0.752929688 0.338623047
vt 0.581542969 0.338623047
vt 0.750488281 0.329589844
vt 0.583496094 0.329589844
vt 0.752929688 0.320556641
vt 0.581542969 0.320556641
vt 0.758789062 0.312744141
vt 0.575195312 0.312744141
vt 0.778808594 0.353515625
vt 0.890625 0.47265625
vt 0.901367188 0.474609375
vt 0.789550781 0.3515625
vt 0.768066406 0.307617188
vt 0.798828125 0.346191406
vt 0.890625 0.186645508
vt 0.778808594 0.305664062
vt 0.789550781 0.307617188
vt 0.901367188 0.184570312
vt 0.805175781 0.338623047
vt 0.798828125 0.312744141
vt 0.807617188 0.329589844
vt 0.805175781 0.320556641
vt 0.187133789 0.137207031
vt 0.170288086 0.12902832
vt 0.170288086 0.137207031
vt 0.187133789 0.12902832
vt 0.170288086 0.12097168
vt 0.187133789 0.12097168
vt 0.170288086 0.112915039
vt 0.187133789 0.112915039
vt 0.170288086 0.104858398
vt 0.187133789 0.104858398
vt 0.170288086 0.0967407227
vt 0.187133789 0.0967407227
vt 0.170288086 0.088684082
vt 0.187133789 0.088684082
vt 0.170288086 0.0805664062
vt 0.187133789 0.0805664062
vt 0.170288086 0.0725097656
vt 0.187133789 0.0725097656
vt 0.170288086 0.0643920898
vt 0.187133789 0.0643920898
vt 0.170288086 0.0563354492
vt 0.187133789 0.0563354492
vt 0.170288086 0.048248291
vt 0.187133789 0.048248291
vt 0.170288086 0.0401611328
vt 0.187133789 0.0401611328
vt 0.170288086 0.0320739746
vt 0.187133789 0.0320739746
vt 0.170288086 0.0239868164
vt 0.187133789 0.0239868164
vt 0.170288086 0.0158996582
vt 0.187133789 0.0158996582
vt 0.170288086 0.0078125
vt 0.187133789 0.0078125
vt 0.137817383 0.0078125
vt 0.154663086 0.0158996582
vt 0.154663086 0.0078125
vt 0.137817383 0.0158996582
vt 0.154663086 0.0239868164
vt 0.137817383 0.0239868164
vt 0.154663086 0.0320739746
vt 0.137817383 0.0320739746
vt 0.154663086 0.0401611328
vt 0.137817383 0.0401611328
vt 0.154663086 0.048248291
vt 0.137817383 0.048248291
vt 0.154663086 0.0563354492
vt 0.137817383 0.0563354492
vt 0.154663086 0.0643920898
vt 0.137817383 0.0643920898
vt 0.154663086 0.0725097656
vt 0.137817383 0.0725097656
vt 0.154663086 0.0805664062
vt 0.137817383 0.0805664062
vt 0.154663086 0.088684082
vt 0.137817383 0.088684082
vt 0.154663086 0.0967407227
vt 0.137817383 0.0967407227
vt 0.154663086 0.104858398
vt 0.137817383 0.104858398
vt 0.154663086 0.112915039
vt 0.137817383 0.112915039
vt 0.154663086 0.12097168
vt 0.137817383 0.12097168
vt 0.154663086 0.12902832
vt 0.137817383 0.12902832
vt 0.154663086 0.137207031
vt 0.137817383 0.137207031
vt 0.382080078 0.427246094
vt 0.365234375 0.418945312
vt 0.365234375 0.427246094
vt 0.382080078 0.418945312
vt 0.365234375 0.410888672
vt 0.382080078 0.410888672
vt 0.365234375 0.402832031
vt 0.382080078 0.402832031
vt 0.365234375 0.394775391
vt 0.382080078 0.394775391
vt 0.365234375 0.38671875
vt 0.382080078 0.38671875
vt 0.365234375 0.378662109
vt 0.382080078 0.378662109
vt 0.365234375 0.370605469
vt 0.382080078 0.370605469
vt 0.365234375 0.362548828
vt 0.382080078 0.362548828
vt 0.365234375 0.354492188
vt 0.382080078 0.354492188
vt 0.365234375 0.346191406
vt 0.382080078 0.346191406
vt 0.365234375 0.338134766
vt 0.382080078 0.338134766
vt 0.365234375 0.330078125
vt 0.382080078 0.330078125
vt 0.365234375 0.322021484
vt 0.382080078 0.322021484
vt 0.365234375 0.313964844
vt 0.382080078 0.313964844
vt 0.365234375 0.305908203
vt 0.382080078 0.305908203
vt 0.365234375 0.297851562
vt 0.382080078 0.297851562
vt 0.284667969 0.137207031
vt 0.267822266 0.12902832
vt 0.267822266 0.137207031
vt 0.284667969 0.12902832
vt 0.267822266 0.12097168
vt 0.284667969 0.12097168
vt 0.267822266 0.112915039
vt 0.284667969 0.112915039
vt 0.267822266 0.104858398
vt 0.284667969 0.104858398
vt 0.267822266 0.0967407227
vt 0.284667969 0.0967407227
vt 0.267822266 0.088684082
vt 0.284667969 0.088684082
vt 0.267822266 0.0805664062
vt 0.284667969 0.0805664062
vt 0.267822266 0.0725097656
vt 0.284667969 0.0725097656
vt 0.267822266 0.0643920898
vt 0.284667969 0.0643920898
vt 0.267822266 0.0563354492
vt 0.284667969 0.0563354492
vt 0.267822266 0.048248291
vt 0.284667969 0.048248291
vt 0.267822266 0.0401611328
vt 0.284667969 0.0401611328
vt 0.267822266 0.0320739746
vt 0.284667969 0.0320739746
vt 0.267822266 0.0239868164
vt 0.284667969 0.0239868164
vt 0.267822266 0.0158996582
vt 0.284667969 0.0158996582
vt 0.267822266 0.0078125
vt 0.284667969 0.0078125
vt 0.170288086 0.152832031
vt 0.187133789 0.160888672
vt 0.187133789 0.152832031
vt 0.170288086 0.160888672
vt 0.187133789 0.168945312
vt 0.170288086 0.168945312
vt 0.187133789 0.177001953
vt 0.170288086 0.177001953
vt 0.187133789 0.185180664
vt 0.170288086 0.185180664
vt 0.187133789 0.193237305
vt 0.170288086 0.193237305
vt 0.187133789 0.201293945
vt 0.170288086 0.201293945
vt 0.187133789 0.209350586
vt 0.170288086 0.209350586
vt 0.187133789 0.217529297
vt 0.170288086 0.217529297
vt 0.187133789 0.225585938
vt 0.170288086 0.225585938
vt 0.187133789 0.233642578
vt 0.170288086 0.233642578
vt 0.187133789 0.241699219
vt 0.170288086 0.241699219
vt 0.187133789 0.249755859
vt 0.170288086 0.249755859
vt 0.187133789 0.2578125
vt 0.170288086 0.2578125
vt 0.187133789 0.265869141
vt 0.170288086 0.265869141
vt 0.187133789 0.274169922
vt 0.170288086 0.274169922
vt 0.187133789 0.282226562
vt 0.170288086 0.282226562
vt 0.332763672 0.152832031
vt 0.349609375 0.160888672
vt 0.349609375 0.152832031
vt 0.332763672 0.160888672
vt 0.349609375 0.168945312
vt 0.332763672 0.168945312
vt 0.349609375 0.177001953
vt 0.332763672 0.177001953
vt 0.349609375 0.185180664
vt 0.332763672 0.185180664
vt 0.349609375 0.193237305
vt 0.332763672 0.193237305
vt 0.349609375 0.201293945
vt 0.332763672 0.201293945
vt 0.349609375 0.209350586
vt 0.332763672 0.209350586
vt 0.349609375 0.217529297
vt 0.332763672 0.217529297
vt 0.349609375 0.225585938
vt 0.332763672 0.225585938
vt 0.349609375 0.233642578
vt 0.332763672 0.233642578
vt 0.349609375 0.241699219
vt 0.332763672 0.241699219
vt 0.349609375 0.249755859
vt 0.332763672 0.249755859
vt 0.349609375 0.2578125
vt 0.332763672 0.2578125
vt 0.349609375 0.265869141
vt 0.332763672 0.265869141
vt 0.349609375 0.274169922
vt 0.332763672 0.274169922
vt 0.349609375 0.282226562
vt 0.332763672 0.282226562
vt 0.284667969 0.282226562
vt 0.267822266 0.274169922
vt 0.267822266 0.282226562
vt 0.284667969 0.274169922
vt 0.267822266 0.265869141
vt 0.284667969 0.265869141
vt 0.267822266 0.2578125
vt 0.284667969 0.2578125
vt 0.267822266 0.249755859
vt 0.284667969 0.249755859
vt 0.267822266 0.241699219
vt 0.284667969 0.241699219
vt 0.267822266 0.233642578
vt 0.284667969 0.233642578
vt 0.267822266 0.225585938
vt 0.284667969 0.225585938
vt 0.267822266 0.217529297
vt 0.284667969 0.217529297
vt 0.267822266 0.209350586
vt 0.284667969 0.209350586
vt 0.267822266 0.201293945
vt 0.284667969 0.201293945
vt 0.267822266 0.193237305
vt 0.284667969 0.193237305
vt 0.267822266 0.185180664
vt 0.284667969 0.185180664
vt 0.267822266 0.177001953
vt 0.284667969 0.177001953
vt 0.267822266 0.168945312
vt 0.284667969 0.168945312
vt 0.267822266 0.160888672
vt 0.284667969 0.160888672
vt 0.267822266 0.152832031
vt 0.284667969 0.152832031
vt 0.267822266 0.297851562
vt 0.284667969 0.305908203
vt 0.284667969 0.297851562
vt 0.267822266 0.305908203
vt 0.284667969 0.313964844
vt 0.267822266 0.313964844
vt 0.284667969 0.322021484
vt 0.267822266 0.322021484
vt 0.284667969 0.330078125
vt 0.267822266 0.330078125
vt 0.284667969 0.338134766
vt 0.267822266 0.338134766
vt 0.284667969 0.346191406
vt 0.267822266 0.346191406
vt 0.284667969 0.354492188
vt 0.267822266 0.354492188
vt 0.284667969 0.362548828
vt 0.267822266 0.362548828
vt 0.284667969 0.370605469
vt 0.267822266 0.370605469
vt 0.284667969 0.378662109
vt 0.267822266 0.378662109
vt 0.284667969 0.38671875
vt 0.267822266 0.38671875
vt 0.284667969 0.394775391
vt 0.267822266 0.394775391
vt 0.284667969 0.402832031
vt 0.267822266 0.402832031
vt 0.284667969 0.410888672
vt 0.267822266 0.410888672
vt 0.284667969 0.418945312
vt 0.267822266 0.418945312
vt 0.284667969 0.427246094
vt 0.267822266 0.427246094
vt 0.397705078 0.152832031
vt 0.414794922 0.160888672
vt 0.414794922 0.152832031
vt 0.397705078 0.160888672
vt 0.414794922 0.168945312
vt 0.397705078 0.168945312
vt 0.414794922 0.177001953
vt 0.397705078 0.177001953
vt 0.414794922 0.185180664
vt 0.397705078 0.185180664
vt 0.414794922 0.193237305
vt 0.397705078 0.193237305
vt 0.414794922 0.201293945
vt 0.397705078 0.201293945
vt 0.414794922 0.209350586
vt 0.397705078 0.209350586
vt 0.414794922 0.217529297
vt 0.397705078 0.217529297
vt 0.414794922 0.225585938
vt 0.397705078 0.225585938
vt 0.414794922 0.233642578
vt 0.397705078 0.233642578
vt 0.414794922 0.241699219
vt 0.397705078 0.241699219
vt 0.414794922 0.249755859
vt 0.397705078 0.249755859
vt 0.414794922 0.2578125
vt 0.397705078 0.2578125
vt 0.414794922 0.265869141
vt 0.397705078 0.265869141
vt 0.414794922 0.274169922
vt 0.397705078 0.274169922
vt 0.414794922 0.282226562
vt 0.397705078 0.282226562
vt 0.202758789 0.0078125
vt 0.219726562 0.0158996582
vt 0.219726562 0.0078125
vt 0.202758789 0.0158996582
vt 0.219726562 0.0239868164
vt 0.202758789 0.0239868164
vt 0.219726562 0.0320739746
vt 0.202758789 0.0320739746
vt 0.219726562 0.0401611328
vt 0.202758789 0.0401611328
vt 0.219726562 0.048248291
vt 0.202758789 0.048248291
vt 0.219726562 0.0563354492
vt 0.202758789 0.0563354492
vt 0.219726562 0.0643920898
vt 0.202758789 0.0643920898
vt 0.219726562 0.0725097656
vt 0.202758789 0.0725097656
vt 0.219726562 0.0805664062
vt 0.202758789 0.0805664062
vt 0.219726562 0.088684082
vt 0.202758789 0.088684082
vt 0.219726562 0.0967407227
vt 0.202758789 0.0967407227
vt 0.219726562 0.104858398
vt 0.202758789 0.104858398
vt 0.219726562 0.112915039
vt 0.202758789 0.112915039
vt 0.219726562 0.12097168
vt 0.202758789 0.12097168
vt 0.219726562 0.12902832
vt 0.202758789 0.12902832
vt 0.219726562 0.137207031
vt 0.202758789 0.137207031
vt 0.219726562 0.427246094
vt 0.202758789 0.418945312
vt 0.202758789 0.427246094
vt 0.219726562 0.418945312
vt 0.202758789 0.410888672
vt 0.219726562 0.410888672
vt 0.202758789 0.402832031
vt 0.219726562 0.402832031
vt 0.202758789 0.394775391
vt 0.219726562 0.394775391
vt 0.202758789 0.38671875
vt 0.219726562 0.38671875
vt 0.202758789 0.378662109
vt 0.219726562 0.378662109
vt 0.202758789 0.370605469
vt 0.219726562 0.370605469
vt 0.202758789 0.362548828
vt 0.219726562 0.362548828
vt 0.202758789 0.354492188
vt 0.219726562 0.354492188
vt 0.202758789 0.346191406
vt 0.219726562 0.346191406
vt 0.202758789 0.338134766
vt 0.219726562 0.338134766
vt 0.202758789 0.330078125
vt 0.219726562 0.330078125
vt 0.202758789 0.322021484
vt 0.219726562 0.322021484
vt 0.202758789 0.313964844
vt 0.219726562 0.313964844
vt 0.202758789 0.305908203
vt 0.219726562 0.305908203
vt 0.202758789 0.297851562
vt 0.219726562 0.297851562
vt 0.235351562 0.0078125
vt 0.252197266 0.0158996582
vt 0.252197266 0.0078125
vt 0.235351562 0.0158996582
vt 0.252197266 0.0239868164
vt 0.235351562 0.0239868164
vt 0.252197266 0.0320739746
vt 0.235351562 0.0320739746
vt 0.252197266 0.0401611328
vt 0.235351562 0.0401611328
vt 0.252197266 0.048248291
vt 0.235351562 0.048248291
vt 0.252197266 0.0563354492
vt 0.235351562 0.0563354492
vt 0.252197266 0.0643920898
vt 0.235351562 0.0643920898
vt 0.252197266 0.0725097656
vt 0.235351562 0.0725097656
vt 0.252197266 0.0805664062
vt 0.235351562 0.0805664062
vt 0.252197266 0.088684082
vt 0.235351562 0.088684082
vt 0.252197266 0.0967407227
vt 0.235351562 0.0967407227
vt 0.252197266 0.104858398
vt 0.235351562 0.104858398
vt 0.252197266 0.112915039
vt 0.235351562 0.112915039
vt 0.252197266 0.12097168
vt 0.235351562 0.12097168
vt 0.252197266 0.12902832
vt 0.235351562 0.12902832
vt 0.252197266 0.137207031
vt 0.235351562 0.137207031
vt 0.382080078 0.137207031
vt 0.365234375 0.12902832
vt 0.365234375 0.137207031
vt 0.382080078 0.12902832
vt 0.365234375 0.12097168
vt 0.382080078 0.12097168
vt 0.365234375 0.112915039
vt 0.382080078 0.112915039
vt 0.365234375 0.104858398
vt 0.382080078 0.104858398
vt 0.365234375 0.0967407227
vt 0.382080078 0.0967407227
vt 0.365234375 0.088684082
vt 0.382080078 0.088684082
vt 0.365234375 0.0805664062
vt 0.382080078 0.0805664062
vt 0.365234375 0.0725097656
vt 0.382080078 0.0725097656
vt 0.365234375 0.0643920898
vt 0.382080078 0.0643920898
vt 0.365234375 0.0563354492
vt 0.382080078 0.0563354492
vt 0.365234375 0.048248291
vt 0.382080078 0.048248291
vt 0.365234375 0.0401611328
vt 0.382080078 0.0401611328
vt 0.365234375 0.0320739746
vt 0.382080078 0.0320739746
vt 0.365234375 0.0239868164
vt 0.382080078 0.0239868164
vt 0.365234375 0.0158996582
vt 0.382080078 0.0158996582
vt 0.365234375 0.0078125
vt 0.382080078 0.0078125
vt 0.300292969 0.152832031
vt 0.317138672 0.160888672
vt 0.317138672 0.152832031
vt 0.300292969 0.160888672
vt 0.317138672 0.168945312
vt 0.300292969 0.168945312
vt 0.317138672 0.177001953
vt 0.300292969 0.177001953
vt 0.317138672 0.185180664
vt 0.300292969 0.185180664
vt 0.317138672 0.193237305
vt 0.300292969 0.193237305
vt 0.317138672 0.201293945
vt 0.300292969 0.201293945
vt 0.317138672 0.209350586
vt 0.300292969 0.209350586
vt 0.317138672 0.217529297
vt 0.300292969 0.217529297
vt 0.317138672 0.225585938
vt 0.300292969 0.225585938
vt 0.317138672 0.233642578
vt 0.300292969 0.233642578
vt 0.317138672 0.241699219
vt 0.300292969 0.241699219
vt 0.317138672 0.249755859
vt 0.300292969 0.249755859
vt 0.317138672 0.2578125
vt 0.300292969 0.2578125
vt 0.317138672 0.265869141
vt 0.300292969 0.265869141
vt 0.317138672 0.274169922
vt 0.300292969 0.274169922
vt 0.317138672 0.282226562
vt 0.300292969 0.282226562
vt 0.235351562 0.152832031
vt 0.252197266 0.160888672
vt 0.252197266 0.152832031
vt 0.235351562 0.160888672
vt 0.252197266 0.168945312
vt 0.235351562 0.168945312
vt 0.252197266 0.177001953
vt 0.235351562 0.177001953
vt 0.252197266 0.185180664
vt 0.235351562 0.185180664
vt 0.252197266 0.193237305
vt 0.235351562 0.193237305
vt 0.252197266 0.201293945
vt 0.235351562 0.201293945
vt 0.252197266 0.209350586
vt 0.235351562 0.209350586
vt 0.252197266 0.217529297
vt 0.235351562 0.217529297
vt 0.252197266 0.225585938
vt 0.235351562 0.225585938
vt 0.252197266 0.233642578
vt 0.235351562 0.233642578
vt 0.252197266 0.241699219
vt 0.235351562 0.241699219
vt 0.252197266 0.249755859
vt 0.235351562 0.249755859
vt 0.252197266 0.2578125
vt 0.235351562 0.2578125
vt 0.252197266 0.265869141
vt 0.235351562 0.265869141
vt 0.252197266 0.274169922
vt 0.235351562 0.274169922
vt 0.252197266 0.282226562
vt 0.235351562 0.282226562
vt 0.219726562 0.282226562
vt 0.202758789 0.274169922
vt 0.202758789 0.282226562
vt 0.219726562 0.274169922
vt 0.202758789 0.265869141
vt 0.219726562 0.265869141
vt 0.202758789 0.2578125
vt 0.219726562 0.2578125
vt 0.202758789 0.249755859
vt 0.219726562 0.249755859
vt 0.202758789 0.241699219
vt 0.219726562 0.241699219
vt 0.202758789 0.233642578
vt 0.219726562 0.233642578
vt 0.202758789 0.225585938
vt 0.219726562 0.225585938
vt 0.202758789 0.217529297
vt 0.219726562 0.217529297
vt 0.202758789 0.209350586
vt 0.219726562 0.209350586
vt 0.202758789 0.201293945
vt 0.219726562 0.201293945
vt 0.202758789 0.193237305
vt 0.219726562 0.193237305
vt 0.202758789 0.185180664
vt 0.219726562 0.185180664
vt 0.202758789 0.177001953
vt 0.219726562 0.177001953
vt 0.202758789 0.168945312
vt 0.219726562 0.168945312
vt 0.202758789 0.160888672
vt 0.219726562 0.160888672
vt 0.202758789 0.152832031
vt 0.219726562 0.152832031
vt 0.252197266 0.427246094
vt 0.235351562 0.418945312
vt 0.235351562 0.427246094
vt 0.252197266 0.418945312
vt 0.235351562 0.410888672
vt 0.252197266 0.410888672
vt 0.235351562 0.402832031
vt 0.252197266 0.402832031
vt 0.235351562 0.394775391
vt 0.252197266 0.394775391
vt 0.235351562 0.38671875
vt 0.252197266 0.38671875
vt 0.235351562 0.378662109
vt 0.252197266 0.378662109
vt 0.235351562 0.370605469
vt 0.252197266 0.370605469
vt 0.235351562 0.362548828
vt 0.252197266 0.362548828
vt 0.235351562 0.354492188
vt 0.252197266 0.354492188
vt 0.235351562 0.346191406
vt 0.252197266 0.346191406
vt 0.235351562 0.338134766
vt 0.252197266 0.338134766
vt 0.235351562 0.330078125
vt 0.252197266 0.330078125
vt 0.235351562 0.322021484
vt 0.252197266 0.322021484
vt 0.235351562 0.313964844
vt 0.252197266 0.313964844
vt 0.235351562 0.305908203
vt 0.252197266 0.305908203
vt 0.235351562 0.297851562
vt 0.252197266 0.297851562
vt 0.300292969 0.297851562
vt 0.317138672 0.305908203
vt 0.317138672 0.297851562
vt 0.300292969 0.305908203
vt 0.317138672 0.313964844
vt 0.300292969 0.313964844
vt 0.317138672 0.322021484
vt 0.300292969 0.322021484
vt 0.317138672 0.330078125
vt 0.300292969 0.330078125
vt 0.317138672 0.338134766
vt 0.300292969 0.338134766
vt 0.317138672 0.346191406
vt 0.300292969 0.346191406
vt 0.317138672 0.354492188
vt 0.300292969 0.354492188
vt 0.317138672 0.362548828
vt 0.300292969 0.362548828
vt 0.317138672 0.370605469
vt 0.300292969 0.370605469
vt 0.317138672 0.378662109
vt 0.300292969 0.378662109
vt 0.317138672 0.38671875
vt 0.300292969 0.38671875
vt 0.317138672 0.394775391
vt 0.300292969 0.394775391
vt 0.317138672 0.402832031
vt 0.300292969 0.402832031
vt 0.317138672 0.410888672
vt 0.300292969 0.410888672
vt 0.317138672 0.418945312
vt 0.300292969 0.418945312
vt 0.317138672 0.427246094
vt 0.300292969 0.427246094
vt 0.397705078 0.297851562
vt 0.414794922 0.305908203
vt 0.414794922 0.297851562
vt 0.397705078 0.305908203
vt 0.414794922 0.313964844
vt 0.397705078 0.313964844
vt 0.414794922 0.322021484
vt 0.397705078 0.322021484
vt 0.414794922 0.330078125
vt 0.397705078 0.330078125
vt 0.414794922 0.338134766
vt 0.397705078 0.338134766
vt 0.414794922 0.346191406
vt 0.397705078 0.346191406
vt 0.414794922 0.354492188
vt 0.397705078 0.354492188
vt 0.414794922 0.362548828
vt 0.397705078 0.362548828
vt 0.414794922 0.370605469
vt 0.397705078 0.370605469
vt 0.414794922 0.378662109
vt 0.397705078 0.378662109
vt 0.414794922 0.38671875
vt 0.397705078 0.38671875
vt 0.414794922 0.394775391
vt 0.397705078 0.394775391
vt 0.414794922 0.402832031
vt 0.397705078 0.402832031
vt 0.414794922 0.410888672
vt 0.397705078 0.410888672
vt 0.414794922 0.418945312
vt 0.397705078 0.418945312
vt 0.414794922 0.427246094
vt 0.397705078 0.427246094
vt 0.300292969 0.0078125
vt 0.317138672 0.0158996582
vt 0.317138672 0.0078125
vt 0.300292969 0.0158996582
vt 0.317138672 0.0239868164
vt 0.300292969 0.0239868164
vt 0.317138672 0.0320739746
vt 0.300292969 0.0320739746
vt 0.317138672 0.0401611328
vt 0.300292969 0.0401611328
vt 0.317138672 0.048248291
vt 0.300292969 0.048248291
vt 0.317138672 0.0563354492
vt 0.300292969 0.0563354492
vt 0.317138672 0.0643920898
vt 0.300292969 0.0643920898
vt 0.317138672 0.0725097656
vt 0.300292969 0.0725097656
vt 0.317138672 0.0805664062
vt 0.300292969 0.0805664062
vt 0.317138672 0.088684082
vt 0.300292969 0.088684082
vt 0.317138672 0.0967407227
vt 0.300292969 0.0967407227
vt 0.317138672 0.104858398
vt 0.300292969 0.104858398
vt 0.317138672 0.112915039
vt 0.300292969 0.112915039
vt 0.317138672 0.12097168
vt 0.300292969 0.12097168
vt 0.317138672 0.12902832
vt 0.300292969 0.12902832
vt 0.317138672 0.137207031
vt 0.300292969 0.137207031
vt 0.122192383 0.0078125
vt 0.105285645 0.150390625
vt 0.105285645 0.0078125
vt 0.122192383 0.150390625
vt 0.105285645 0.296142578
vt 0.122192383 0.296142578
vt 0.105285645 0.441894531
vt 0.122192383 0.441894531
vt 0.105285645 0.587402344
vt 0.122192383 0.587402344
vt 0.105285645 0.733398438
vt 0.122192383 0.733398438
vt 0.105285645 0.882324219
vt 0.122192383 0.882324219
vt 0.0403137207 0.9921875
vt 0.0571899414 0.828125
vt 0.0571899414 0.9921875
vt 0.0403137207 0.828125
vt 0.0571899414 0.6640625
vt 0.0403137207 0.6640625
vt 0.0571899414 0.5
vt 0.0403137207 0.5
vt 0.0403137207 0.3359375
vt 0.0571899414 0.171875
vt 0.0571899414 0.3359375
vt 0.0403137207 0.171875
vt 0.0571899414 0.0078125
vt 0.0403137207 0.0078125
vt 0.0728149414 0.882324219
vt 0.0896606445 0.733398438
vt 0.0896606445 0.882324219
vt 0.0728149414 0.733398438
vt 0.0896606445 0.587402344
vt 0.0728149414 0.587402344
vt 0.0896606445 0.441894531
vt 0.0728149414 0.441894531
vt 0.0896606445 0.296142578
vt 0.0728149414 0.296142578
vt 0.0896606445 0.150390625
vt 0.0728149414 0.150390625
vt 0.0896606445 0.0078125
vt 0.0728149414 0.0078125
vt 0.0078125 0.9921875
vt 0.0078125 0.828125
vt 0.0246887207 0.828125
vt 0.0246887207 0.9921875
vt 0.0078125 0.6640625
vt 0.0246887207 0.5
vt 0.0246887207 0.6640625
vt 0.0078125 0.5
vt 0.0246887207 0.3359375
vt 0.0078125 0.3359375
vt 0.0246887207 0.171875
vt 0.0078125 0.171875
vt 0.0246887207 0.0078125
vt 0.0078125 0.0078125
f 3/3 2/2 1/1
f 3/3 4/4 2/2
f 2/2 5/5 1/1
f 1/1 5/5 6/6
f 5/5 7/7 6/6
f 6/6 7/7 8/8
f 7/7 9/9 8/8
f 8/8 9/9 10/10
f 9/9 11/11 10/10
f 11/11 12/12 10/10
f 4/4 13/13 2/2
f 12/12 14/14 10/10
f 12/12 15/15 14/14
f 15/15 12/12 16/16
f 16/16 17/17 15/15
f 17/17 18/18 15/15
f 17/17 19/19 18/18
f 15/15 20/20 14/14
f 14/14 20/20 21/21
f 19/19 22/22 18/18
f 23/23 21/21 20/20
f 19/19 24/24 22/22
f 24/24 25/25 22/22
f 26/26 22/22 25/25
f 26/26 27/27 22/22
f 23/23 20/20 28/28
f 27/27 29/29 22/22
f 29/29 30/30 22/22
f 31/31 29/29 27/27
f 32/32 31/31 27/27
f 29/29 33/33 30/30
f 34/34 31/31 32/32
f 35/35 34/34 32/32
f 33/33 36/36 30/30
f 34/34 35/35 13/13
f 37/37 30/30 36/36
f 38/38 34/34 13/13
f 37/37 39/39 30/30
f 40/40 38/38 13/13
f 4/4 40/40 13/13
f 40/40 4/4 41/41
f 40/40 42/42 38/38
f 43/43 40/40 41/41
f 42/42 44/44 38/38
f 42/42 45/45 44/44
f 45/45 46/46 44/44
f 45/45 47/47 46/46
f 47/47 48/48 46/46
f 47/47 49/49 48/48
f 49/49 50/50 48/48
f 49/49 51/51 50/50
f 51/51 52/52 50/50
f 53/53 43/43 41/41
f 51/51 54/54 52/52
f 55/55 53/53 41/41
f 54/54 56/56 52/52
f 57/57 53/53 55/55
f 57/57 58/58 53/53
f 58/58 59/59 53/53
f 58/58 60/60 59/59
f 60/60 61/61 59/59
f 62/62 61/61 60/60
f 63/63 62/62 60/60
f 62/62 63/63 64/64
f 63/63 65/65 64/64
f 64/64 65/65 66/66
f 65/65 67/67 66/66
f 67/67 68/68 66/66
f 68/68 69/69 66/66
f 70/70 57/57 55/55
f 70/70 55/55 71/71
f 72/72 57/57 70/70
f 73/73 70/70 71/71
f 74/74 72/72 70/70
f 73/73 71/71 75/75
f 76/76 73/73 75/75
f 77/77 72/72 74/74
f 76/76 75/75 78/78
f 79/79 76/76 78/78
f 79/79 78/78 80/80
f 78/78 81/81 80/80
f 80/80 81/81 82/82
f 81/81 83/83 82/82
f 82/82 83/83 23/23
f 84/84 82/82 23/23
f 84/84 23/23 28/28
f 84/84 28/28 85/85
f 86/86 85/85 28/28
f 87/87 77/77 74/74
f 86/86 28/28 88/88
f 89/89 77/77 87/87
f 90/90 89/89 87/87
f 90/90 87/87 91/91
f 89/89 92/92 77/77
f 92/92 93/93 77/77
f 94/94 93/93 92/92
f 95/95 94/94 92/92
f 96/96 94/94 95/95
f 97/97 96/96 95/95
f 97/97 98/98 96/96
f 98/98 99/99 96/96
f 98/98 100/100 99/99
f 100/100 101/101 99/99
f 100/100 102/102 101/101
f 103/103 89/89 90/90
f 102/102 104/104 101/101
f 105/105 103/103 90/90
f 105/105 106/106 103/103
f 106/106 107/107 103/103
f 106/106 108/108 107/107
f 108/108 109/109 107/107
f 110/110 109/109 108/108
f 110/110 111/111 109/109
f 112/112 111/111 110/110
f 110/110 113/113 112/112
f 110/110 114/114 113/113
f 115/115 110/110 108/108
f 115/115 108/108 116/116
f 115/115 116/116 117/117
f 117/117 118/118 115/115
f 118/118 119/119 115/115
f 120/120 115/115 119/119
f 120/120 119/119 121/121
f 120/120 121/121 88/88
f 88/88 121/121 122/122
f 123/123 88/88 122/122
f 123/123 86/86 88/88
f 123/123 124/124 86/86
f 124/124 125/125 86/86
f 124/124 126/126 125/125
f 126/126 127/127 125/125
f 128/128 127/127 126/126
f 129/129 128/128 126/126
f 128/128 129/129 130/130
f 129/129 131/131 130/130
f 130/130 131/131 91/91
f 131/131 132/132 91/91
f 132/132 90/90 91/91
f 110/110 133/133 114/114
f 133/133 134/134 114/114
f 114/114 134/134 135/135
f 136/136 114/114 135/135
f 137/137 134/134 133/133
f 136/136 135/135 138/138
f 139/139 136/136 138/138
f 139/139 138/138 102/102
f 140/140 137/137 133/133
f 133/133 141/141 140/140
f 138/138 142/142 102/102
f 133/133 143/143 141/141
f 102/102 142/142 104/104
f 133/133 144/144 143/143
f 142/142 145/145 104/104
f 104/104 145/145 146/146
f 142/142 147/147 145/145
f 145/145 148/148 146/146
f 147/147 149/149 145/145
f 146/146 148/148 68/68
f 147/147 150/150 149/149
f 150/150 151/151 149/149
f 152/152 151/151 150/150
f 153/153 152/152 150/150
f 152/152 153/153 154/154
f 153/153 155/155 154/154
f 154/154 155/155 156/156
f 155/155 157/157 156/156
f 148/148 158/158 68/68
f 156/156 157/157 159/159
f 68/68 158/158 69/69
f 157/157 160/160 159/159
f 158/158 161/161 69/69
f 69/69 161/161 162/162
f 158/158 163/163 161/161
f 161/161 164/164 162/162
f 163/163 165/165 161/161
f 162/162 164/164 54/54
f 166/166 165/165 163/163
f 167/167 166/166 163/163
f 168/168 166/166 167/167
f 169/169 168/168 167/167
f 168/168 169/169 170/170
f 169/169 171/171 170/170
f 170/170 171/171 172/172
f 171/171 173/173 172/172
f 164/164 174/174 54/54
f 172/172 173/173 175/175
f 54/54 174/174 56/56
f 173/173 176/176 175/175
f 174/174 177/177 56/56
f 174/174 178/178 177/177
f 178/178 179/179 177/177
f 178/178 180/180 179/179
f 180/180 181/181 179/179
f 180/180 182/182 181/181
f 182/182 183/183 181/181
f 182/182 184/184 183/183
f 184/184 185/185 183/183
f 184/184 186/186 185/185
f 186/186 187/187 185/185
f 56/56 177/177 188/188
f 189/189 56/56 188/188
f 189/189 188/188 190/190
f 188/188 191/191 190/190
f 190/190 191/191 39/39
f 186/186 192/192 187/187
f 191/191 193/193 39/39
f 39/39 193/193 30/30
f 193/193 194/194 30/30
f 193/193 195/195 194/194
f 195/195 196/196 194/194
f 197/197 194/194 196/196
f 197/197 198/198 194/194
f 192/192 199/199 187/187
f 198/198 200/200 194/194
f 200/200 201/201 194/194
f 202/202 200/200 198/198
f 203/203 202/202 198/198
f 200/200 204/204 201/201
f 205/205 202/202 203/203
f 206/206 205/205 203/203
f 206/206 199/199 205/205
f 204/204 207/207 201/201
f 208/208 201/201 207/207
f 199/199 209/209 205/205
f 208/208 210/210 201/201
f 192/192 211/211 199/199
f 211/211 209/209 199/199
f 212/212 211/211 192/192
f 211/211 213/213 209/209
f 214/214 212/212 192/192
f 213/213 215/215 209/209
f 213/213 216/216 215/215
f 216/216 217/217 215/215
f 216/216 218/218 217/217
f 218/218 219/219 217/217
f 218/218 220/220 219/219
f 220/220 221/221 219/219
f 220/220 222/222 221/221
f 222/222 223/223 221/221
f 224/224 212/212 214/214
f 222/222 225/225 223/223
f 175/175 224/224 214/214
f 225/225 226/226 223/223
f 227/227 224/224 175/175
f 176/176 227/227 175/175
f 228/228 227/227 176/176
f 229/229 228/228 176/176
f 227/227 230/230 224/224
f 230/230 231/231 224/224
f 232/232 231/231 230/230
f 233/233 232/232 230/230
f 234/234 232/232 233/233
f 235/235 234/234 233/233
f 234/234 235/235 236/236
f 235/235 237/237 236/236
f 236/236 237/237 238/238
f 237/237 239/239 238/238
f 240/240 228/228 229/229
f 238/238 239/239 241/241
f 159/159 240/240 229/229
f 239/239 242/242 241/241
f 243/243 240/240 159/159
f 160/160 243/243 159/159
f 243/243 244/244 240/240
f 244/244 245/245 240/240
f 246/246 243/243 160/160
f 247/247 246/246 160/160
f 247/247 248/248 246/246
f 248/248 249/249 246/246
f 248/248 143/143 249/249
f 143/143 250/250 249/249
f 244/244 251/251 245/245
f 251/251 252/252 245/245
f 253/253 252/252 251/251
f 254/254 253/253 251/251
f 253/253 254/254 255/255
f 254/254 256/256 255/255
f 255/255 256/256 257/257
f 256/256 258/258 257/257
f 144/144 250/250 143/143
f 257/257 258/258 259/259
f 144/144 260/260 250/250
f 261/261 260/260 144/144
f 144/144 262/262 261/261
f 144/144 263/263 262/262
f 258/258 264/264 259/259
f 144/144 265/265 263/263
f 265/265 266/266 263/263
f 263/263 266/266 267/267
f 268/268 263/263 267/267
f 265/265 269/269 266/266
f 268/268 267/267 270/270
f 271/271 268/268 270/270
f 271/271 270/270 264/264
f 272/272 269/269 265/265
f 272/272 265/265 273/273
f 273/273 265/265 274/274
f 274/274 265/265 275/275
f 276/276 274/274 275/275
f 276/276 275/275 277/277
f 276/276 277/277 278/278
f 279/279 278/278 277/277
f 270/270 280/280 264/264
f 279/279 277/277 281/281
f 264/264 280/280 282/282
f 259/259 264/264 282/282
f 280/280 283/283 282/282
f 283/283 284/284 282/282
f 285/285 284/284 283/283
f 286/286 285/285 283/283
f 287/287 285/285 286/286
f 288/288 287/287 286/286
f 287/287 288/288 289/289
f 288/288 290/290 289/289
f 289/289 290/290 291/291
f 290/290 292/292 291/291
f 259/259 282/282 293/293
f 294/294 259/259 293/293
f 291/291 292/292 295/295
f 292/292 279/279 295/295
f 294/294 293/293 242/242
f 295/295 279/279 281/281
f 295/295 281/281 296/296
f 297/297 296/296 281/281
f 293/293 298/298 242/242
f 297/297 281/281 299/299
f 242/242 298/298 300/300
f 241/241 242/242 300/300
f 298/298 301/301 300/300
f 301/301 302/302 300/300
f 241/241 300/300 303/303
f 304/304 241/241 303/303
f 301/301 305/305 302/302
f 305/305 306/306 302/302
f 307/307 306/306 305/305
f 308/308 307/307 305/305
f 307/307 308/308 309/309
f 308/308 310/310 309/309
f 309/309 310/310 311/311
f 310/310 312/312 311/311
f 304/304 303/303 225/225
f 311/311 312/312 313/313
f 312/312 297/297 313/313
f 313/313 297/297 299/299
f 313/313 299/299 314/314
f 315/315 314/314 299/299
f 303/303 316/316 225/225
f 315/315 299/299 317/317
f 225/225 316/316 318/318
f 226/226 225/225 318/318
f 318/318 316/316 319/319
f 316/316 320/320 319/319
f 319/319 320/320 321/321
f 320/320 322/322 321/321
f 321/321 322/322 323/323
f 322/322 324/324 323/323
f 323/323 324/324 325/325
f 324/324 326/326 325/325
f 325/325 326/326 327/327
f 326/326 328/328 327/327
f 226/226 318/318 329/329
f 330/330 226/226 329/329
f 330/330 329/329 331/331
f 329/329 332/332 331/331
f 331/331 332/332 210/210
f 327/327 328/328 333/333
f 328/328 315/315 333/333
f 332/332 334/334 210/210
f 210/210 334/334 201/201
f 333/333 315/315 317/317
f 333/333 317/317 335/335
f 336/336 335/335 317/317
f 336/336 317/317 337/337
f 338/338 336/336 337/337
f 334/334 339/339 201/201
f 338/338 337/337 339/339
f 334/334 340/340 339/339
f 341/341 338/338 339/339
f 340/340 342/342 339/339
f 342/342 341/341 339/339
f 345/345 344/344 343/343
f 343/343 346/346 345/345
f 344/344 347/347 343/343
f 348/348 346/346 343/343
f 343/343 347/347 349/349
f 347/347 350/350 349/349
f 349/349 350/350 351/351
f 350/350 352/352 351/351
f 353/353 351/351 352/352
f 354/354 351/351 353/353
f 355/355 348/348 343/343
f 356/356 355/355 343/343
f 355/355 357/357 348/348
f 357/357 358/358 348/348
f 359/359 355/355 356/356
f 357/357 360/360 358/358
f 360/360 361/361 358/358
f 362/362 359/359 356/356
f 361/361 360/360 363/363
f 356/356 364/364 362/362
f 365/365 364/364 356/356
f 360/360 366/366 363/363
f 367/367 365/365 356/356
f 368/368 367/367 356/356
f 367/367 369/369 365/365
f 369/369 370/370 365/365
f 371/371 367/367 368/368
f 369/369 372/372 370/370
f 372/372 373/373 370/370
f 374/374 371/371 368/368
f 375/375 373/373 372/372
f 368/368 376/376 374/374
f 377/377 375/375 372/372
f 378/378 376/376 368/368
f 375/375 377/377 379/379
f 377/377 380/380 379/379
f 380/380 381/381 379/379
f 380/380 382/382 381/381
f 382/382 383/383 381/381
f 382/382 384/384 383/383
f 384/384 385/385 383/383
f 384/384 386/386 385/385
f 386/386 387/387 385/385
f 386/386 388/388 387/387
f 388/388 389/389 387/387
f 388/388 390/390 389/389
f 390/390 391/391 389/389
f 392/392 375/375 379/379
f 379/379 393/393 392/392
f 394/394 375/375 392/392
f 393/393 395/395 392/392
f 396/396 394/394 392/392
f 397/397 394/394 396/396
f 398/398 397/397 396/396
f 399/399 397/397 398/398
f 400/400 399/399 398/398
f 401/401 399/399 400/400
f 402/402 401/401 400/400
f 403/403 401/401 402/402
f 404/404 403/403 402/402
f 366/366 403/403 404/404
f 393/393 405/405 395/395
f 406/406 366/366 404/404
f 363/363 366/366 406/406
f 405/405 407/407 395/395
f 408/408 363/363 406/406
f 409/409 363/363 408/408
f 410/410 409/409 408/408
f 411/411 409/409 410/410
f 412/412 411/411 410/410
f 413/413 411/411 412/412
f 414/414 413/413 412/412
f 415/415 413/413 414/414
f 416/416 415/415 414/414
f 417/417 415/415 416/416
f 418/418 417/417 416/416
f 353/353 417/417 418/418
f 419/419 353/353 418/418
f 408/408 406/406 420/420
f 406/406 421/421 420/420
f 419/419 354/354 353/353
f 354/354 419/419 422/422
f 421/421 423/423 420/420
f 422/422 424/424 354/354
f 423/423 425/425 420/420
f 354/354 424/424 426/426
f 423/423 427/427 425/425
f 428/428 427/427 423/423
f 429/429 428/428 423/423
f 430/430 428/428 429/429
f 431/431 430/430 429/429
f 431/431 432/432 430/430
f 432/432 433/433 430/430
f 433/433 432/432 434/434
f 435/435 433/433 434/434
f 435/435 434/434 436/436
f 437/437 435/435 436/436
f 438/438 437/437 436/436
f 407/407 438/438 436/436
f 427/427 439/439 425/425
f 425/425 439/439 440/440
f 427/427 441/441 439/439
f 439/439 442/442 440/440
f 441/441 443/443 439/439
f 440/440 442/442 444/444
f 442/442 445/445 444/444
f 441/441 446/446 443/443
f 444/444 445/445 447/447
f 445/445 448/448 447/447
f 447/447 448/448 449/449
f 450/450 447/447 449/449
f 450/450 449/449 451/451
f 452/452 450/450 451/451
f 452/452 451/451 424/424
f 451/451 453/453 424/424
f 424/424 453/453 426/426
f 426/426 453/453 454/454
f 454/454 455/455 426/426
f 446/446 456/456 443/443
f 426/426 455/455 457/457
f 446/446 458/458 456/456
f 458/458 459/459 456/456
f 456/456 459/459 460/460
f 461/461 458/458 446/446
f 462/462 461/461 446/446
f 462/462 463/463 461/461
f 463/463 464/464 461/461
f 463/463 465/465 464/464
f 465/465 466/466 464/464
f 467/467 466/466 465/465
f 468/468 467/467 465/465
f 469/469 467/467 468/468
f 470/470 469/469 468/468
f 471/471 469/469 470/470
f 458/458 472/472 459/459
f 473/473 471/471 470/470
f 472/472 474/474 459/459
f 475/475 474/474 472/472
f 476/476 475/475 472/472
f 477/477 475/475 476/476
f 478/478 477/477 476/476
f 478/478 479/479 477/477
f 480/480 479/479 478/478
f 480/480 481/481 479/479
f 482/482 479/479 481/481
f 483/483 479/479 482/482
f 479/479 484/484 477/477
f 477/477 484/484 485/485
f 485/485 484/484 486/486
f 487/487 486/486 484/484
f 488/488 487/487 484/484
f 484/484 489/489 488/488
f 488/488 489/489 490/490
f 490/490 489/489 457/457
f 490/490 457/457 491/491
f 457/457 492/492 491/491
f 455/455 492/492 457/457
f 493/493 492/492 455/455
f 494/494 493/493 455/455
f 495/495 493/493 494/494
f 496/496 495/495 494/494
f 496/496 497/497 495/495
f 497/497 498/498 495/495
f 498/498 497/497 499/499
f 500/500 498/498 499/499
f 500/500 499/499 460/460
f 501/501 500/500 460/460
f 459/459 501/501 460/460
f 502/502 479/479 483/483
f 503/503 502/502 483/483
f 503/503 483/483 504/504
f 483/483 505/505 504/504
f 503/503 506/506 502/502
f 504/504 505/505 507/507
f 505/505 508/508 507/507
f 507/507 508/508 471/471
f 506/506 509/509 502/502
f 510/510 502/502 509/509
f 511/511 507/507 471/471
f 512/512 502/502 510/510
f 511/511 471/471 473/473
f 513/513 502/502 512/512
f 514/514 511/511 473/473
f 514/514 473/473 515/515
f 516/516 511/511 514/514
f 517/517 514/514 515/515
f 518/518 516/516 514/514
f 517/517 515/515 438/438
f 519/519 516/516 518/518
f 520/520 519/519 518/518
f 520/520 521/521 519/519
f 521/521 522/522 519/519
f 522/522 521/521 523/523
f 524/524 522/522 523/523
f 524/524 523/523 525/525
f 526/526 524/524 525/525
f 527/527 517/517 438/438
f 527/527 438/438 407/407
f 405/405 527/527 407/407
f 526/526 525/525 528/528
f 529/529 527/527 405/405
f 530/530 529/529 405/405
f 530/530 531/531 529/529
f 531/531 532/532 529/529
f 531/531 533/533 532/532
f 533/533 534/534 532/532
f 534/534 533/533 535/535
f 536/536 534/534 535/535
f 536/536 535/535 537/537
f 538/538 536/536 537/537
f 538/538 537/537 539/539
f 540/540 526/526 528/528
f 541/541 538/538 539/539
f 542/542 540/540 528/528
f 543/543 542/542 528/528
f 543/543 528/528 544/544
f 542/542 545/545 540/540
f 545/545 546/546 540/540
f 547/547 546/546 545/545
f 548/548 547/547 545/545
f 512/512 547/547 548/548
f 549/549 512/512 548/548
f 549/549 513/513 512/512
f 550/550 513/513 549/549
f 550/550 551/551 513/513
f 552/552 513/513 551/551
f 553/553 513/513 552/552
f 554/554 542/542 543/543
f 555/555 513/513 553/553
f 556/556 554/554 543/543
f 557/557 554/554 556/556
f 558/558 557/557 556/556
f 558/558 559/559 557/557
f 559/559 560/560 557/557
f 560/560 559/559 561/561
f 562/562 560/560 561/561
f 562/562 561/561 563/563
f 564/564 562/562 563/563
f 564/564 563/563 565/565
f 566/566 564/564 565/565
f 567/567 555/555 553/553
f 567/567 553/553 568/568
f 553/553 569/569 568/568
f 570/570 555/555 567/567
f 568/568 569/569 571/571
f 569/569 572/572 571/571
f 571/571 572/572 566/566
f 570/570 573/573 555/555
f 555/555 573/573 574/574
f 555/555 574/574 575/575
f 555/555 575/575 576/576
f 575/575 577/577 576/576
f 576/576 577/577 578/578
f 578/578 577/577 579/579
f 579/579 580/580 578/578
f 581/581 571/571 566/566
f 578/578 580/580 582/582
f 581/581 566/566 583/583
f 566/566 565/565 583/583
f 584/584 581/581 583/583
f 585/585 584/584 583/583
f 585/585 586/586 584/584
f 586/586 587/587 584/584
f 586/586 588/588 587/587
f 588/588 589/589 587/587
f 589/589 588/588 590/590
f 591/591 589/589 590/590
f 591/591 590/590 592/592
f 593/593 591/591 592/592
f 583/583 565/565 594/594
f 565/565 595/595 594/594
f 593/593 592/592 596/596
f 580/580 593/593 596/596
f 594/594 595/595 597/597
f 580/580 596/596 582/582
f 582/582 596/596 598/598
f 598/598 599/599 582/582
f 600/600 594/594 597/597
f 582/582 599/599 601/601
f 600/600 597/597 602/602
f 603/603 600/600 602/602
f 604/604 603/603 602/602
f 605/605 603/603 604/604
f 606/606 605/605 604/604
f 606/606 607/607 605/605
f 607/607 608/608 605/605
f 608/608 607/607 609/609
f 610/610 608/608 609/609
f 610/610 609/609 611/611
f 612/612 610/610 611/611
f 612/612 611/611 613/613
f 599/599 612/612 613/613
f 599/599 613/613 601/601
f 601/601 613/613 614/614
f 614/614 615/615 601/601
f 601/601 615/615 616/616
f 615/615 617/617 616/616
f 617/617 615/615 618/618
f 616/616 617/617 619/619
f 620/620 617/617 618/618
f 619/619 621/621 616/616
f 620/620 618/618 622/622
f 616/616 621/621 623/623
f 624/624 620/620 622/622
f 621/621 625/625 623/623
f 624/624 622/622 626/626
f 627/627 624/624 626/626
f 627/627 626/626 628/628
f 629/629 627/627 628/628
f 629/629 628/628 630/630
f 631/631 629/629 630/630
f 623/623 625/625 632/632
f 631/631 630/630 633/633
f 625/625 634/634 632/632
f 634/634 635/635 632/632
f 635/635 636/636 632/632
f 636/636 637/637 632/632
f 638/638 631/631 633/633
f 632/632 637/637 639/639
f 638/638 633/633 640/640
f 633/633 641/641 640/640
f 641/641 642/642 640/640
f 643/643 642/642 641/641
f 602/602 643/643 641/641
f 597/597 643/643 602/602
f 597/597 644/644 643/643
f 644/644 645/645 643/643
f 644/644 646/646 645/645
f 646/646 647/647 645/645
f 646/646 648/648 647/647
f 648/648 649/649 647/647
f 649/649 648/648 650/650
f 651/651 649/649 650/650
f 651/651 650/650 652/652
f 653/653 651/651 652/652
f 653/653 652/652 654/654
f 652/652 655/655 654/654
f 654/654 655/655 539/539
f 655/655 541/541 539/539
f 654/654 539/539 656/656
f 655/655 657/657 541/541
f 657/657 544/544 541/541
f 657/657 543/543 544/544
f 658/658 654/654 656/656
f 658/658 656/656 391/391
f 659/659 658/658 391/391
f 660/660 659/659 391/391
f 390/390 660/660 391/391
f 660/660 661/661 659/659
f 661/661 662/662 659/659
f 661/661 663/663 662/662
f 663/663 664/664 662/662
f 663/663 665/665 664/664
f 665/665 666/666 664/664
f 665/665 667/667 666/666
f 667/667 668/668 666/666
f 667/667 669/669 668/668
f 669/669 670/670 668/668
f 660/660 390/390 671/671
f 390/390 672/672 671/671
f 671/671 672/672 673/673
f 674/674 671/671 673/673
f 674/674 673/673 378/378
f 669/669 675/675 670/670
f 676/676 674/674 378/378
f 676/676 378/378 368/368
f 675/675 640/640 670/670
f 675/675 638/638 640/640
f 639/639 676/676 368/368
f 638/638 675/675 677/677
f 675/675 678/678 677/677
f 677/677 678/678 679/679
f 680/680 677/677 679/679
f 681/681 676/676 639/639
f 680/680 679/679 682/682
f 637/637 680/680 682/682
f 637/637 682/682 639/639
f 683/683 681/681 639/639
f 682/682 684/684 639/639
f 639/639 684/684 683/683
f 687/687 686/686 685/685
f 686/686 688/688 685/685
f 686/686 689/689 688/688
f 689/689 690/690 688/688
f 689/689 691/691 690/690
f 691/691 692/692 690/690
f 691/691 693/693 692/692
f 693/693 694/694 692/692
f 693/693 695/695 694/694
f 695/695 696/696 694/694
f 695/695 697/697 696/696
f 697/697 698/698 696/696
f 697/697 699/699 698/698
f 699/699 700/700 698/698
f 699/699 701/701 700/700
f 701/701 702/702 700/700
f 701/701 703/703 702/702
f 703/703 704/704 702/702
f 703/703 705/705 704/704
f 705/705 706/706 704/704
f 705/705 707/707 706/706
f 707/707 708/708 706/706
f 707/707 709/709 708/708
f 709/709 710/710 708/708
f 709/709 711/711 710/710
f 711/711 712/712 710/710
f 711/711 713/713 712/712
f 713/713 714/714 712/712
f 713/713 715/715 714/714
f 715/715 716/716 714/714
f 715/715 717/717 716/716
f 717/717 718/718 716/716
f 721/721 720/720 719/719
f 720/720 722/722 719/719
f 720/720 723/723 722/722
f 723/723 724/724 722/722
f 723/723 725/725 724/724
f 725/725 726/726 724/724
f 725/725 727/727 726/726
f 727/727 728/728 726/726
f 727/727 729/729 728/728
f 729/729 730/730 728/728
f 729/729 731/731 730/730
f 731/731 732/732 730/730
f 731/731 733/733 732/732
f 733/733 734/734 732/732
f 733/733 735/735 734/734
f 735/735 736/736 734/734
f 735/735 737/737 736/736
f 737/737 738/738 736/736
f 737/737 739/739 738/738
f 739/739 740/740 738/738
f 739/739 741/741 740/740
f 741/741 742/742 740/740
f 741/741 743/743 742/742
f 743/743 744/744 742/742
f 743/743 745/745 744/744
f 745/745 746/746 744/744
f 745/745 747/747 746/746
f 747/747 748/748 746/746
f 747/747 749/749 748/748
f 749/749 750/750 748/748
f 749/749 751/751 750/750
f 751/751 752/752 750/750
f 755/755 754/754 753/753
f 754/754 756/756 753/753
f 754/754 757/757 756/756
f 757/757 758/758 756/756
f 757/757 759/759 758/758
f 759/759 760/760 758/758
f 759/759 761/761 760/760
f 761/761 762/762 760/760
f 761/761 763/763 762/762
f 763/763 764/764 762/762
f 763/763 765/765 764/764
f 765/765 766/766 764/764
f 765/765 767/767 766/766
f 767/767 768/768 766/766
f 767/767 769/769 768/768
f 769/769 770/770 768/768
f 769/769 771/771 770/770
f 771/771 772/772 770/770
f 771/771 773/773 772/772
f 773/773 774/774 772/772
f 773/773 775/775 774/774
f 775/775 776/776 774/774
f 775/775 777/777 776/776
f 777/777 778/778 776/776
f 777/777 779/779 778/778
f 779/779 780/780 778/778
f 779/779 781/781 780/780
f 781/781 782/782 780/780
f 781/781 783/783 782/782
f 783/783 784/784 782/782
f 783/783 785/785 784/784
f 785/785 786/786 784/784
f 789/789 788/788 787/787
f 788/788 790/790 787/787
f 788/788 791/791 790/790
f 791/791 792/792 790/790
f 791/791 793/793 792/792
f 793/793 794/794 792/792
f 793/793 795/795 794/794
f 795/795 796/796 794/794
f 795/795 797/797 796/796
f 797/797 798/798 796/796
f 797/797 799/799 798/798
f 799/799 800/800 798/798
f 799/799 801/801 800/800
f 801/801 802/802 800/800
f 801/801 803/803 802/802
f 803/803 804/804 802/802
f 803/803 805/805 804/804
f 805/805 806/806 804/804
f 805/805 807/807 806/806
f 807/807 808/808 806/806
f 807/807 809/809 808/808
f 809/809 810/810 808/808
f 809/809 811/811 810/810
f 811/811 812/812 810/810
f 811/811 813/813 812/812
f 813/813 814/814 812/812
f 813/813 815/815 814/814
f 815/815 816/816 814/814
f 815/815 817/817 816/816
f 817/817 818/818 816/816
f 817/817 819/819 818/818
f 819/819 820/820 818/818
f 823/823 822/822 821/821
f 822/822 824/824 821/821
f 822/822 825/825 824/824
f 825/825 826/826 824/824
f 825/825 827/827 826/826
f 827/827 828/828 826/826
f 827/827 829/829 828/828
f 829/829 830/830 828/828
f 829/829 831/831 830/830
f 831/831 832/832 830/830
f 831/831 833/833 832/832
f 833/833 834/834 832/832
f 833/833 835/835 834/834
f 835/835 836/836 834/834
f 835/835 837/837 836/836
f 837/837 838/838 836/836
f 837/837 839/839 838/838
f 839/839 840/840 838/838
f 839/839 841/841 840/840
f 841/841 842/842 840/840
f 841/841 843/843 842/842
f 843/843 844/844 842/842
f 843/843 845/845 844/844
f 845/845 846/846 844/844
f 845/845 847/847 846/846
f 847/847 848/848 846/846
f 847/847 849/849 848/848
f 849/849 850/850 848/848
f 849/849 851/851 850/850
f 851/851 852/852 850/850
f 851/851 853/853 852/852
f 853/853 854/854 852/852
f 857/857 856/856 855/855
f 856/856 858/858 855/855
f 856/856 859/859 858/858
f 859/859 860/860 858/858
f 859/859 861/861 860/860
f 861/861 862/862 860/860
f 861/861 863/863 862/862
f 863/863 864/864 862/862
f 863/863 865/865 864/864
f 865/865 866/866 864/864
f 865/865 867/867 866/866
f 867/867 868/868 866/866
f 867/867 869/869 868/868
f 869/869 870/870 868/868
f 869/869 871/871 870/870
f 871/871 872/872 870/870
f 871/871 873/873 872/872
f 873/873 874/874 872/872
f 873/873 875/875 874/874
f 875/875 876/876 874/874
f 875/875 877/877 876/876
f 877/877 878/878 876/876
f 877/877 879/879 878/878
f 879/879 880/880 878/878
f 879/879 881/881 880/880
f 881/881 882/882 880/880
f 881/881 883/883 882/882
f 883/883 884/884 882/882
f 883/883 885/885 884/884
f 885/885 886/886 884/884
f 885/885 887/887 886/886
f 887/887 888/888 886/886
f 891/891 890/890 889/889
f 890/890 892/892 889/889
f 890/890 893/893 892/892
f 893/893 894/894 892/892
f 893/893 895/895 894/894
f 895/895 896/896 894/894
f 895/895 897/897 896/896
f 897/897 898/898 896/896
f 897/897 899/899 898/898
f 899/899 900/900 898/898
f 899/899 901/901 900/900
f 901/901 902/902 900/900
f 901/901 903/903 902/902
f 903/903 904/904 902/902
f 903/903 905/905 904/904
f 905/905 906/906 904/904
f 905/905 907/907 906/906
f 907/907 908/908 906/906
f 907/907 909/909 908/908
f 909/909 910/910 908/908
f 909/909 911/911 910/910
f 911/911 912/912 910/910
f 911/911 913/913 912/912
f 913/913 914/914 912/912
f 913/913 915/915 914/914
f 915/915 916/916 914/914
f 915/915 917/917 916/916
f 917/917 918/918 916/916
f 917/917 919/919 918/918
f 919/919 920/920 918/918
f 919/919 921/921 920/920
f 921/921 922/922 920/920
f 925/925 924/924 923/923
f 924/924 926/926 923/923
f 924/924 927/927 926/926
f 927/927 928/928 926/926
f 927/927 929/929 928/928
f 929/929 930/930 928/928
f 929/929 931/931 930/930
f 931/931 932/932 930/930
f 931/931 933/933 932/932
f 933/933 934/934 932/932
f 933/933 935/935 934/934
f 935/935 936/936 934/934
f 935/935 937/937 936/936
f 937/937 938/938 936/936
f 937/937 939/939 938/938
f 939/939 940/940 938/938
f 939/939 941/941 940/940
f 941/941 942/942 940/940
f 941/941 943/943 942/942
f 943/943 944/944 942/942
f 943/943 945/945 944/944
f 945/945 946/946 944/944
f 945/945 947/947 946/946
f 947/947 948/948 946/946
f 947/947 949/949 948/948
f 949/949 950/950 948/948
f 949/949 951/951 950/950
f 951/951 952/952 950/950
f 951/951 953/953 952/952
f 953/953 954/954 952/952
f 953/953 955/955 954/954
f 955/955 956/956 954/954
f 959/959 958/958 957/957
f 958/958 960/960 957/957
f 958/958 961/961 960/960
f 961/961 962/962 960/960
f 961/961 963/963 962/962
f 963/963 964/964 962/962
f 963/963 965/965 964/964
f 965/965 966/966 964/964
f 965/965 967/967 966/966
f 967/967 968/968 966/966
f 967/967 969/969 968/968
f 969/969 970/970 968/968
f 969/969 971/971 970/970
f 971/971 972/972 970/970
f 971/971 973/973 972/972
f 973/973 974/974 972/972
f 973/973 975/975 974/974
f 975/975 976/976 974/974
f 975/975 977/977 976/976
f 977/977 978/978 976/976
f 977/977 979/979 978/978
f 979/979 980/980 978/978
f 979/979 981/981 980/980
f 981/981 982/982 980/980
f 981/981 983/983 982/982
f 983/983 984/984 982/982
f 983/983 985/985 984/984
f 985/985 986/986 984/984
f 985/985 987/987 986/986
f 987/987 988/988 986/986
f 987/987 989/989 988/988
f 989/989 990/990 988/988
f 993/993 992/992 991/991
f 992/992 994/994 991/991
f 992/992 995/995 994/994
f 995/995 996/996 994/994
f 995/995 997/997 996/996
f 997/997 998/998 996/996
f 997/997 999/999 998/998
f 999/999 1000/1000 998/998
f 999/999 1001/1001 1000/1000
f 1001/1001 1002/1002 1000/1000
f 1001/1001 1003/1003 1002/1002
f 1003/1003 1004/1004 1002/1002
f 1003/1003 1005/1005 1004/1004
f 1005/1005 1006/1006 1004/1004
f 1005/1005 1007/1007 1006/1006
f 1007/1007 1008/1008 1006/1006
f 1007/1007 1009/1009 1008/1008
f 1009/1009 1010/1010 1008/1008
f 1009/1009 1011/1011 1010/1010
f 1011/1011 1012/1012 1010/1010
f 1011/1011 1013/1013 1012/1012
f 1013/1013 1014/1014 1012/1012
f 1013/1013 1015/1015 1014/1014
f 1015/1015 1016/1016 1014/1014
f 1015/1015 1017/1017 1016/1016
f 1017/1017 1018/1018 1016/1016
f 1017/1017 1019/1019 1018/1018
f 1019/1019 1020/1020 1018/1018
f 1019/1019 1021/1021 1020/1020
f 1021/1021 1022/1022 1020/1020
f 1021/1021 1023/1023 1022/1022
f 1023/1023 1024/1024 1022/1022
f 1027/1027 1026/1026 1025/1025
f 1026/1026 1028/1028 1025/1025
f 1026/1026 1029/1029 1028/1028
f 1029/1029 1030/1030 1028/1028
f 1029/1029 1031/1031 1030/1030
f 1031/1031 1032/1032 1030/1030
f 1031/1031 1033/1033 1032/1032
f 1033/1033 1034/1034 1032/1032
f 1033/1033 1035/1035 1034/1034
f 1035/1035 1036/1036 1034/1034
f 1035/1035 1037/1037 1036/1036
f 1037/1037 1038/1038 1036/1036
f 1037/1037 1039/1039 1038/1038
f 1039/1039 1040/1040 1038/1038
f 1039/1039 1041/1041 1040/1040
f 1041/1041 1042/1042 1040/1040
f 1041/1041 1043/1043 1042/1042
f 1043/1043 1044/1044 1042/1042
f 1043/1043 1045/1045 1044/1044
f 1045/1045 1046/1046 1044/1044
f 1045/1045 1047/1047 1046/1046
f 1047/1047 1048/1048 1046/1046
f 1047/1047 1049/1049 1048/1048
f 1049/1049 1050/1050 1048/1048
f 1049/1049 1051/1051 1050/1050
f 1051/1051 1052/1052 1050/1050
f 1051/1051 1053/1053 1052/1052
f 1053/1053 1054/1054 1052/1052
f 1053/1053 1055/1055 1054/1054
f 1055/1055 1056/1056 1054/1054
f 1055/1055 1057/1057 1056/1056
f 1057/1057 1058/1058 1056/1056
f 1061/1061 1060/1060 1059/1059
f 1060/1060 1062/1062 1059/1059
f 1060/1060 1063/1063 1062/1062
f 1063/1063 1064/1064 1062/1062
f 1063/1063 1065/1065 1064/1064
f 1065/1065 1066/1066 1064/1064
f 1065/1065 1067/1067 1066/1066
f 1067/1067 1068/1068 1066/1066
f 1067/1067 1069/1069 1068/1068
f 1069/1069 1070/1070 1068/1068
f 1069/1069 1071/1071 1070/1070
f 1071/1071 1072/1072 1070/1070
f 1071/1071 1073/1073 1072/1072
f 1073/1073 1074/1074 1072/1072
f 1073/1073 1075/1075 1074/1074
f 1075/1075 1076/1076 1074/1074
f 1075/1075 1077/1077 1076/1076
f 1077/1077 1078/1078 1076/1076
f 1077/1077 1079/1079 1078/1078
f 1079/1079 1080/1080 1078/1078
f 1079/1079 1081/1081 1080/1080
f 1081/1081 1082/1082 1080/1080
f 1081/1081 1083/1083 1082/1082
f 1083/1083 1084/1084 1082/1082
f 1083/1083 1085/1085 1084/1084
f 1085/1085 1086/1086 1084/1084
f 1085/1085 1087/1087 1086/1086
f 1087/1087 1088/1088 1086/1086
f 1087/1087 1089/1089 1088/1088
f 1089/1089 1090/1090 1088/1088
f 1089/1089 1091/1091 1090/1090
f 1091/1091 1092/1092 1090/1090
f 1095/1095 1094/1094 1093/1093
f 1094/1094 1096/1096 1093/1093
f 1094/1094 1097/1097 1096/1096
f 1097/1097 1098/1098 1096/1096
f 1097/1097 1099/1099 1098/1098
f 1099/1099 1100/1100 1098/1098
f 1099/1099 1101/1101 1100/1100
f 1101/1101 1102/1102 1100/1100
f 1101/1101 1103/1103 1102/1102
f 1103/1103 1104/1104 1102/1102
f 1103/1103 1105/1105 1104/1104
f 1105/1105 1106/1106 1104/1104
f 1105/1105 1107/1107 1106/1106
f 1107/1107 1108/1108 1106/1106
f 1107/1107 1109/1109 1108/1108
f 1109/1109 1110/1110 1108/1108
f 1109/1109 1111/1111 1110/1110
f 1111/1111 1112/1112 1110/1110
f 1111/1111 1113/1113 1112/1112
f 1113/1113 1114/1114 1112/1112
f 1113/1113 1115/1115 1114/1114
f 1115/1115 1116/1116 1114/1114
f 1115/1115 1117/1117 1116/1116
f 1117/1117 1118/1118 1116/1116
f 1117/1117 1119/1119 1118/1118
f 1119/1119 1120/1120 1118/1118
f 1119/1119 1121/1121 1120/1120
f 1121/1121 1122/1122 1120/1120
f 1121/1121 1123/1123 1122/1122
f 1123/1123 1124/1124 1122/1122
f 1123/1123 1125/1125 1124/1124
f 1125/1125 1126/1126 1124/1124
f 1129/1129 1128/1128 1127/1127
f 1128/1128 1130/1130 1127/1127
f 1128/1128 1131/1131 1130/1130
f 1131/1131 1132/1132 1130/1130
f 1131/1131 1133/1133 1132/1132
f 1133/1133 1134/1134 1132/1132
f 1133/1133 1135/1135 1134/1134
f 1135/1135 1136/1136 1134/1134
f 1135/1135 1137/1137 1136/1136
f 1137/1137 1138/1138 1136/1136
f 1137/1137 1139/1139 1138/1138
f 1139/1139 1140/1140 1138/1138
f 1139/1139 1141/1141 1140/1140
f 1141/1141 1142/1142 1140/1140
f 1141/1141 1143/1143 1142/1142
f 1143/1143 1144/1144 1142/1142
f 1143/1143 1145/1145 1144/1144
f 1145/1145 1146/1146 1144/1144
f 1145/1145 1147/1147 1146/1146
f 1147/1147 1148/1148 1146/1146
f 1147/1147 1149/1149 1148/1148
f 1149/1149 1150/1150 1148/1148
f 1149/1149 1151/1151 1150/1150
f 1151/1151 1152/1152 1150/1150
f 1151/1151 1153/1153 1152/1152
f 1153/1153 1154/1154 1152/1152
f 1153/1153 1155/1155 1154/1154
f 1155/1155 1156/1156 1154/1154
f 1155/1155 1157/1157 1156/1156
f 1157/1157 1158/1158 1156/1156
f 1157/1157 1159/1159 1158/1158
f 1159/1159 1160/1160 1158/1158
f 1163/1163 1162/1162 1161/1161
f 1162/1162 1164/1164 1161/1161
f 1162/1162 1165/1165 1164/1164
f 1165/1165 1166/1166 1164/1164
f 1165/1165 1167/1167 1166/1166
f 1167/1167 1168/1168 1166/1166
f 1167/1167 1169/1169 1168/1168
f 1169/1169 1170/1170 1168/1168
f 1169/1169 1171/1171 1170/1170
f 1171/1171 1172/1172 1170/1170
f 1171/1171 1173/1173 1172/1172
f 1173/1173 1174/1174 1172/1172
f 1173/1173 1175/1175 1174/1174
f 1175/1175 1176/1176 1174/1174
f 1175/1175 1177/1177 1176/1176
f 1177/1177 1178/1178 1176/1176
f 1177/1177 1179/1179 1178/1178
f 1179/1179 1180/1180 1178/1178
f 1179/1179 1181/1181 1180/1180
f 1181/1181 1182/1182 1180/1180
f 1181/1181 1183/1183 1182/1182
f 1183/1183 1184/1184 1182/1182
f 1183/1183 1185/1185 1184/1184
f 1185/1185 1186/1186 1184/1184
f 1185/1185 1187/1187 1186/1186
f 1187/1187 1188/1188 1186/1186
f 1187/1187 1189/1189 1188/1188
f 1189/1189 1190/1190 1188/1188
f 1189/1189 1191/1191 1190/1190
f 1191/1191 1192/1192 1190/1190
f 1191/1191 1193/1193 1192/1192
f 1193/1193 1194/1194 1192/1192
f 1197/1197 1196/1196 1195/1195
f 1196/1196 1198/1198 1195/1195
f 1196/1196 1199/1199 1198/1198
f 1199/1199 1200/1200 1198/1198
f 1199/1199 1201/1201 1200/1200
f 1201/1201 1202/1202 1200/1200
f 1201/1201 1203/1203 1202/1202
f 1203/1203 1204/1204 1202/1202
f 1203/1203 1205/1205 1204/1204
f 1205/1205 1206/1206 1204/1204
f 1205/1205 1207/1207 1206/1206
f 1207/1207 1208/1208 1206/1206
f 1207/1207 1209/1209 1208/1208
f 1209/1209 1210/1210 1208/1208
f 1209/1209 1211/1211 1210/1210
f 1211/1211 1212/1212 1210/1210
f 1211/1211 1213/1213 1212/1212
f 1213/1213 1214/1214 1212/1212
f 1213/1213 1215/1215 1214/1214
f 1215/1215 1216/1216 1214/1214
f 1215/1215 1217/1217 1216/1216
f 1217/1217 1218/1218 1216/1216
f 1217/1217 1219/1219 1218/1218
f 1219/1219 1220/1220 1218/1218
f 1219/1219 1221/1221 1220/1220
f 1221/1221 1222/1222 1220/1220
f 1221/1221 1223/1223 1222/1222
f 1223/1223 1224/1224 1222/1222
f 1223/1223 1225/1225 1224/1224
f 1225/1225 1226/1226 1224/1224
f 1225/1225 1227/1227 1226/1226
f 1227/1227 1228/1228 1226/1226
f 1231/1231 1230/1230 1229/1229
f 1230/1230 1232/1232 1229/1229
f 1230/1230 1233/1233 1232/1232
f 1233/1233 1234/1234 1232/1232
f 1233/1233 1235/1235 1234/1234
f 1235/1235 1236/1236 1234/1234
f 1235/1235 1237/1237 1236/1236
f 1237/1237 1238/1238 1236/1236
f 1237/1237 1239/1239 1238/1238
f 1239/1239 1240/1240 1238/1238
f 1239/1239 1241/1241 1240/1240
f 1241/1241 1242/1242 1240/1240
f 1241/1241 1243/1243 1242/1242
f 1243/1243 1244/1244 1242/1242
f 1243/1243 1245/1245 1244/1244
f 1245/1245 1246/1246 1244/1244
f 1245/1245 1247/1247 1246/1246
f 1247/1247 1248/1248 1246/1246
f 1247/1247 1249/1249 1248/1248
f 1249/1249 1250/1250 1248/1248
f 1249/1249 1251/1251 1250/1250
f 1251/1251 1252/1252 1250/1250
f 1251/1251 1253/1253 1252/1252
f 1253/1253 1254/1254 1252/1252
f 1253/1253 1255/1255 1254/1254
f 1255/1255 1256/1256 1254/1254
f 1255/1255 1257/1257 1256/1256
f 1257/1257 1258/1258 1256/1256
f 1257/1257 1259/1259 1258/1258
f 1259/1259 1260/1260 1258/1258
f 1259/1259 1261/1261 1260/1260
f 1261/1261 1262/1262 1260/1260
f 1265/1265 1264/1264 1263/1263
f 1264/1264 1266/1266 1263/1263
f 1264/1264 1267/1267 1266/1266
f 1267/1267 1268/1268 1266/1266
f 1267/1267 1269/1269 1268/1268
f 1269/1269 1270/1270 1268/1268
f 1269/1269 1271/1271 1270/1270
f 1271/1271 1272/1272 1270/1270
f 1271/1271 1273/1273 1272/1272
f 1273/1273 1274/1274 1272/1272
f 1273/1273 1275/1275 1274/1274
f 1275/1275 1276/1276 1274/1274
f 1275/1275 1277/1277 1276/1276
f 1277/1277 1278/1278 1276/1276
f 1277/1277 1279/1279 1278/1278
f 1279/1279 1280/1280 1278/1278
f 1279/1279 1281/1281 1280/1280
f 1281/1281 1282/1282 1280/1280
f 1281/1281 1283/1283 1282/1282
f 1283/1283 1284/1284 1282/1282
f 1283/1283 1285/1285 1284/1284
f 1285/1285 1286/1286 1284/1284
f 1285/1285 1287/1287 1286/1286
f 1287/1287 1288/1288 1286/1286
f 1287/1287 1289/1289 1288/1288
f 1289/1289 1290/1290 1288/1288
f 1289/1289 1291/1291 1290/1290
f 1291/1291 1292/1292 1290/1290
f 1291/1291 1293/1293 1292/1292
f 1293/1293 1294/1294 1292/1292
f 1293/1293 1295/1295 1294/1294
f 1295/1295 1296/1296 1294/1294
f 1299/1299 1298/1298 1297/1297
f 1298/1298 1300/1300 1297/1297
f 1298/1298 1301/1301 1300/1300
f 1301/1301 1302/1302 1300/1300
f 1301/1301 1303/1303 1302/1302
f 1303/1303 1304/1304 1302/1302
f 1303/1303 1305/1305 1304/1304
f 1305/1305 1306/1306 1304/1304
f 1305/1305 1307/1307 1306/1306
f 1307/1307 1308/1308 1306/1306
f 1307/1307 1309/1309 1308/1308
f 1309/1309 1310/1310 1308/1308
f 1309/1309 1311/1311 1310/1310
f 1311/1311 1312/1312 1310/1310
f 1311/1311 1313/1313 1312/1312
f 1313/1313 1314/1314 1312/1312
f 1313/1313 1315/1315 1314/1314
f 1315/1315 1316/1316 1314/1314
f 1315/1315 1317/1317 1316/1316
f 1317/1317 1318/1318 1316/1316
f 1317/1317 1319/1319 1318/1318
f 1319/1319 1320/1320 1318/1318
f 1319/1319 1321/1321 1320/1320
f 1321/1321 1322/1322 1320/1320
f 1321/1321 1323/1323 1322/1322
f 1323/1323 1324/1324 1322/1322
f 1323/1323 1325/1325 1324/1324
f 1325/1325 1326/1326 1324/1324
f 1325/1325 1327/1327 1326/1326
f 1327/1327 1328/1328 1326/1326
f 1327/1327 1329/1329 1328/1328
f 1329/1329 1330/1330 1328/1328
f 1333/1333 1332/1332 1331/1331
f 1332/1332 1334/1334 1331/1331
f 1332/1332 1335/1335 1334/1334
f 1335/1335 1336/1336 1334/1334
f 1335/1335 1337/1337 1336/1336
f 1337/1337 1338/1338 1336/1336
f 1337/1337 1339/1339 1338/1338
f 1339/1339 1340/1340 1338/1338
f 1339/1339 1341/1341 1340/1340
f 1341/1341 1342/1342 1340/1340
f 1341/1341 1343/1343 1342/1342
f 1343/1343 1344/1344 1342/1342
f 1343/1343 1345/1345 1344/1344
f 1345/1345 1346/1346 1344/1344
f 1345/1345 1347/1347 1346/1346
f 1347/1347 1348/1348 1346/1346
f 1347/1347 1349/1349 1348/1348
f 1349/1349 1350/1350 1348/1348
f 1349/1349 1351/1351 1350/1350
f 1351/1351 1352/1352 1350/1350
f 1351/1351 1353/1353 1352/1352
f 1353/1353 1354/1354 1352/1352
f 1353/1353 1355/1355 1354/1354
f 1355/1355 1356/1356 1354/1354
f 1355/1355 1357/1357 1356/1356
f 1357/1357 1358/1358 1356/1356
f 1357/1357 1359/1359 1358/1358
f 1359/1359 1360/1360 1358/1358
f 1359/1359 1361/1361 1360/1360
f 1361/1361 1362/1362 1360/1360
f 1361/1361 1363/1363 1362/1362
f 1363/1363 1364/1364 1362/1362
f 1367/1367 1366/1366 1365/1365
f 1366/1366 1368/1368 1365/1365
f 1366/1366 1369/1369 1368/1368
f 1369/1369 1370/1370 1368/1368
f 1369/1369 1371/1371 1370/1370
f 1371/1371 1372/1372 1370/1370
f 1371/1371 1373/1373 1372/1372
f 1373/1373 1374/1374 1372/1372
f 1373/1373 1375/1375 1374/1374
f 1375/1375 1376/1376 1374/1374
f 1375/1375 1377/1377 1376/1376
f 1377/1377 1378/1378 1376/1376
f 1381/1381 1380/1380 1379/1379
f 1380/1380 1382/1382 1379/1379
f 1380/1380 1383/1383 1382/1382
f 1383/1383 1384/1384 1382/1382
f 1383/1383 1385/1385 1384/1384
f 1385/1385 1386/1386 1384/1384
f 1389/1389 1388/1388 1387/1387
f 1388/1388 1390/1390 1387/1387
f 1388/1388 1391/1391 1390/1390
f 1391/1391 1392/1392 1390/1390
f 1395/1395 1394/1394 1393/1393
f 1394/1394 1396/1396 1393/1393
f 1394/1394 1397/1397 1396/1396
f 1397/1397 1398/1398 1396/1396
f 1397/1397 1399/1399 1398/1398
f 1399/1399 1400/1400 1398/1398
f 1399/1399 1401/1401 1400/1400
f 1401/1401 1402/1402 1400/1400
f 1401/1401 1403/1403 1402/1402
f 1403/1403 1404/1404 1402/1402
f 1403/1403 1405/1405 1404/1404
f 1405/1405 1406/1406 1404/1404
f 1409/1409 1408/1408 1407/1407
f 1410/1410 1409/1409 1407/1407
f 1413/1413 1412/1412 1411/1411
f 1412/1412 1414/1414 1411/1411
f 1412/1412 1415/1415 1414/1414
f 1415/1415 1416/1416 1414/1414
f 1415/1415 1417/1417 1416/1416
f 1417/1417 1418/1418 1416/1416
f 1417/1417 1419/1419 1418/1418
f 1419/1419 1420/1420 1418/1418
