v -0.00449703027 0.0319142182 0.0292895129
v -0.000895854267 0.031038068 0.0315763929
v -0.00856912345 0.0299290805 0.0315736223
v -0.0099573486 0.0308469337 0.0292468671
v -0.0108679092 0.0307449538 0.0164707599
v -0.00610306146 0.0316309504 0.0165113801
v -0.0133578457 0.0282853685 0.0315736834
v -0.00649352132 0.0311781443 0.00283509489
v -0.0147881972 0.029036189 0.0292780402
v -0.0177396077 0.0258977946 0.0315736223
v -0.0199864452 0.025950516 0.0291804055
v -0.021708472 0.0227509906 0.0315735932
v -0.0235453428 0.0227462189 0.0292733603
v -0.0250501953 0.0190244835 0.0315735932
v -0.0263234676 0.0193681487 0.029283046
v -0.0279580692 0.0143616523 0.0315735932
v -0.0233753183 0.0240637522 0.00457739807
v -0.0290371549 0.0149701522 0.0292997662
v -0.0300145833 0.00938178374 0.0315736514
v -0.0314721874 0.00878034423 0.0292254088
v -0.0312348075 0.00443743538 0.0315736223
v -0.0188543718 0.0275212964 0.00610324714
v -0.0154657984 0.0290542857 0.0163128076
v -0.0204433055 0.0264859391 0.00246411564
v -0.0241811102 0.0231994993 -0.00237545373
v -0.0166137524 0.0285514878 0.00169435134
v -0.0254688076 0.0218073291 0.00444966536
v -0.0274470965 0.0182448135 0.0161217147
v -0.0297429256 0.0138033912 0.0159062736
v -0.0274661945 0.0192025332 0.00232610109
v -0.0121582959 0.030054378 0.00213515759
v -0.011621897 0.029830424 -0.00429356078
v -0.00565285382 0.03024321 -0.00834494786
v -0.0165022323 0.0282382345 -0.0041593612
v -0.017032958 0.0270975273 -0.0122185651
v -0.0124597932 0.0286081475 -0.0122836223
v -0.00619013024 0.0268564379 -0.0291825534
v -0.0202745484 0.0263521546 -0.00338691461
v -0.0121509323 0.0260109275 -0.0286239374
v -0.0122430145 0.0254295348 -0.036446689
v -0.00564431623 0.0262377575 -0.0361593964
v -0.0150379136 0.0252115702 -0.0286616094
v -0.0177931163 0.0236375591 -0.0363659841
v -0.0178851819 0.024071129 -0.0286106457
v -0.0212814317 0.0246639461 -0.0118453201
v -0.0237617618 0.0225940509 -0.0116652845
v -0.0205464899 0.0225606662 -0.0285673741
v -0.0114811374 0.025452815 -0.0440140371
v -0.00544018158 0.0260839321 -0.0445975049
v -0.0111000519 0.0261667379 -0.0598141516
v -0.00310451626 0.0262546932 -0.0547740434
v -0.00679964589 0.0262122799 -0.0579386367
v -0.0146339859 0.0250020517 -0.0525507319
v -0.0157196039 0.0262174625 -0.0688373402
v -0.0172852123 0.0240423105 -0.0517374254
v -0.0175424132 0.0262036351 -0.0752810214
v -0.0202158953 0.0244602747 -0.0723742822
v -0.0177135932 0.0262189175 -0.0838637352
v -0.0198700412 0.0225923836 -0.0484932069
v -0.022298926 0.0208188717 -0.0485132914
v -0.0222412058 0.0208071821 -0.0365765678
v -0.0229981586 0.0206677048 -0.0284757611
v -0.0258906267 0.0202320654 -0.0117408032
v -0.0248474143 0.0185156641 -0.031633256
v -0.0271554904 0.0154024985 -0.0484422431
v -0.0244740035 0.0187289647 -0.0485443452
v -0.0277975561 0.0185948714 -0.00324895955
v -0.0277675034 0.0176102583 -0.0120468139
v -0.0223507091 0.0223229518 -0.0676655152
v -0.0269872121 0.0159383742 -0.0313051918
v -0.0300217603 0.00998802963 -0.0483507494
v -0.029346386 0.0147586968 -0.012545049
v -0.029858529 0.0147041096 -0.00287771218
v -0.0287663872 0.0131994679 -0.0308855757
v -0.0305587756 0.0115303136 -0.0149554005
v -0.0243522274 0.0201391137 -0.0680045458
v -0.0298309473 0.0149283532 0.00303015113
v -0.0314553481 0.00996990946 0.00299918647
v -0.0301641421 0.0103410824 -0.0303298817
v -0.0316159512 0.00413166032 -0.0486139645
v -0.0311902935 0.00756771351 -0.0274548511
v -0.0315509512 0.00973618314 -0.00249508012
v -0.0317399658 0.00737657988 0.0163801902
v -0.0318335838 0.00402097734 -0.0301151274
v -0.032315555 0.00494758614 0.00173106782
v -0.0325578006 0.0035613463 0.0292806013
v -0.0322095933 -0.000194516652 -0.0238658788
v -0.0325974281 0.000847543076 0.0162080221
v -0.0328128953 -0.000243329968 0.0292831945
v -0.0316370538 -0.00289413114 0.0315748446
v -0.0327723624 -0.000602401815 0.0273080164
v -0.0321115652 -0.00696272244 0.0159425428
v -0.0325228261 -0.00143343007 0.00292336936
v -0.0325282536 -0.0057105862 0.0293283752
v -0.0295953145 -0.0128431403 0.0315733254
v -0.031359778 -0.0113923246 0.0292767887
v -0.0296939238 -0.0158186053 0.0293531106
v -0.0261222781 -0.019911417 0.0315737125
v -0.0309857675 -0.012238811 0.0170217158
v -0.0314871887 -0.0108758663 -0.00180795778
v -0.0321341148 -0.00754013371 0.000836431991
v -0.0321889061 -0.0022552088 -0.0220463276
v -0.0319165234 -0.00182144674 -0.0495220418
v -0.0317112247 -0.00529067497 -0.0285474642
v -0.02988942 -0.0159342203 0.00380372985
v -0.028200996 -0.0189005888 0.0293070363
v -0.0273521011 -0.0205580562 0.00392022703
v -0.0254268389 -0.0231009101 0.0292834622
v -0.0230553976 -0.023907054 0.0315744284
v -0.025636142 -0.0228581318 0.00371488932
v -0.021402176 -0.0271316229 0.0293062621
v -0.0194329104 -0.0270823558 0.0315737707
v -0.0238905275 -0.0247299401 0.00386297688
v -0.0180393839 -0.0293429782 0.0293487596
v -0.0153392484 -0.0294442826 0.0315738027
v -0.0217607527 -0.0265239495 0.00392475704
v -0.0156631084 -0.0305745211 0.029281585
v -0.0111255215 -0.0309157108 0.0315738027
v -0.0111737275 -0.0321050708 0.0293159479
v -0.00451346253 -0.0319497402 0.0315737707
v -0.026125165 -0.0216309208 -0.00619387647
v -0.0239566777 -0.0240831613 -0.0062923129
v -0.0214389852 -0.0261643309 -0.00636374971
v -0.0284436259 -0.0180873404 -0.00660210862
v -0.023307802 -0.0234616417 -0.0137203329
v -0.0302414601 -0.0144180563 -0.00590515119
v -0.0301085607 -0.0110653219 -0.0249181379
v -0.0262999162 -0.019590492 -0.0161541102
v -0.0274301231 -0.0155823606 -0.0268677453
v -0.0307236907 -0.00853488068 -0.0311543932
v -0.0244790671 -0.0190544517 -0.0270818477
v -0.0222048384 -0.0210784279 -0.0271189812
v -0.0208062272 -0.0254961797 -0.013452828
v -0.0309650869 -0.00560228161 -0.0600731932
v -0.0175691781 -0.028462433 -0.00638946876
v -0.0175992424 -0.0290066194 0.00403416161
v -0.0125789464 -0.0304812751 -0.00435578804
v -0.0156250945 -0.030128665 0.0160292984
v -0.0104086461 -0.0313871433 0.00591737007
v -0.0062094034 -0.0328541506 0.0293452147
v -0.0061076303 -0.0318942917 0.000835478295
v 0.0029199762 -0.0331092507 0.0292536599
v 0.00797996457 -0.0315303121 0.0315748155
v 0.00152787353 -0.0323455547 0.00339290491
v 0.0101590164 -0.0321778198 0.0293134159
v 0.0142248621 -0.0298442918 0.0315740996
v -0.00580046489 -0.0312499853 -0.0083854793
v 0.00648102492 -0.0318103872 0.00192898515
v 0.00210383683 -0.0317989963 -0.00412008158
v 0.00650344352 -0.0308835757 -0.00769662875
v 0.00991642063 -0.0310697875 0.00127851963
v 0.0148880686 -0.0307446304 0.0292760436
v 0.0195822136 -0.0283012149 0.0292789919
v 0.0186924337 -0.0275065582 0.0315738027
v 0.0224494659 -0.0244858131 0.0315754121
v 3.54937335e-10 -0.0312128977 -0.00933772317
v 0.0238599481 -0.0246182034 0.0293421734
v 0.0263732642 -0.0195146865 0.0315740996
v 0.0275906309 -0.019755407 0.029289542
v 0.0288038004 -0.0147772622 0.0315743091
v 0.0303112769 -0.0141183048 0.0292747602
v 0.0308536728 -0.00792402082 0.0315741898
v 0.0160503794 -0.0288386117 0.00132033229
v 0.0127997567 -0.0301696436 0.0010436177
v 0.0110436992 -0.0301084151 -0.00532141312
v 0.0260274992 -0.0207597061 0.00396955002
v 0.0236978455 -0.0234878136 0.00405779465
v 0.0317679581 -0.00911124311 0.0292987505
v 0.0326814801 -0.00232178814 0.0292886776
v 0.0314749807 -0.000985679958 0.0315740413
v 0.031037506 0.00507407074 0.0315745157
v 0.0111307407 -0.0293886337 -0.00916039935
v 0.0161943196 -0.0275717219 -0.00702479447
v 0.0185746607 -0.0276033983 0.00392997244
v 0.0219194299 -0.0253765883 0.00724014608
v 0.0180460973 -0.0270588832 -0.00415250652
v 0.0180294133 -0.0247480652 -0.0116687414
v 0.0214848863 -0.0240375225 -0.00579720727
v 0.0207296304 -0.0257827702 -9.9897386e-05
v 0.0230652839 -0.0234706191 -0.00163963432
v 0.0261169003 -0.0198823872 -0.00168049337
v 0.0150376677 -0.0262612929 -0.0136536954
v 0.0276589346 -0.0182330671 0.00329089162
v 0.0294697571 -0.0146947208 0.0032711625
v 0.0309272737 -0.0105354319 0.00338867285
v 0.0291396265 -0.014310054 -0.00166881073
v 0.031610317 -0.00767016696 0.00343292959
v 0.0305748029 -0.00980719657 -0.00158771873
v 0.0321284145 -0.00493108283 0.00720569442
v 0.0269424505 -0.0168439297 -0.00566345443
v 0.0291417159 -0.0110768011 -0.00559604159
v 0.0244069062 -0.0207949961 -0.00567361712
v 0.0237511284 -0.0195508686 -0.00932162948
v 0.0262047061 -0.0147081947 -0.00930881506
v 0.0204412564 -0.0235775046 -0.00929853268
v 0.0321039204 -0.00201261711 0.00241288544
v 0.0310277689 -0.00669566672 -0.00236827127
v 0.029921672 -0.00666399239 -0.00557860731
v 0.0275445819 -0.00904024614 -0.00965577347
v 0.0323664456 -0.000886899933 0.00706163046
v 0.030453835 -0.000414084136 -0.00478366019
v 0.0315970772 -0.00200987485 -0.00115200874
v 0.0318263421 0.00411047391 0.00293883677
v 0.0320075338 0.00476038174 0.00742790071
v 0.0307798552 0.0093957749 0.00402998921
v 0.030766558 0.00544688097 -0.0024847388
v 0.0324206045 0.00368033826 0.0293142482
v 0.0312451876 0.00950037411 0.0292955025
v 0.029188411 0.0119519998 0.0315743673
v 0.0293488718 0.0143557216 0.0292897515
v 0.0259424719 0.0178850715 0.0315743091
v 0.0264873624 0.0191962311 0.029258756
v 0.0226275482 0.0218240186 0.0315738318
v 0.0229283652 0.0232303972 0.029280514
v 0.0184491327 0.0253250897 0.0315740705
v 0.0184145107 0.026803995 0.0292759534
v 0.0127014083 0.0284917053 0.0315743673
v 0.0211149374 0.0245031948 0.0073232055
v 0.0271007287 0.0176391588 0.00709554515
v 0.0293890323 0.0134115322 0.00728580344
v 0.0292952569 0.0130202821 0.00273442256
v 0.0242954174 0.0213127488 0.00723817939
v 0.0261267282 0.0185688544 0.00276702631
v 0.0298714839 0.00997557188 -0.00148913259
v 0.0280074239 0.0142318818 -0.00158527491
v 0.0218739654 0.0233976873 0.00285077094
v 0.0287311725 0.0097475309 -0.00578287218
v 0.0255798148 0.0182190205 -0.00162565702
v 0.0297569898 0.00534453216 -0.00557565691
v 0.02816866 0.00445664437 -0.00917518119
v 0.0268785242 0.0137736841 -0.00629255155
v 0.0281138787 -0.00509867614 -0.0093282164
v 0.0270303214 0.00993388985 -0.00933366973
v 0.0201561857 -0.00626773586 -0.0231537808
v 0.019635177 0.00181677359 -0.0241493573
v 0.0228030182 -0.0135367178 -0.0161852236
v 0.0187358566 -0.00996078361 -0.0253104576
v 0.021950039 -0.0159493948 -0.0161958931
v 0.0184000091 -0.0157158296 -0.0231902595
v 0.0188802795 -0.00518670548 -0.0261659006
v 0.0195553952 -0.0204432331 -0.0162160388
v 0.0184249458 -0.0227127412 -0.0149925938
v 0.0159959718 -0.0188779872 -0.0252863771
v 0.0147319577 -0.0208796891 -0.0252924568
v 0.0173987368 -0.0148183884 -0.0261297828
v 0.0124121235 -0.022338823 -0.0276022562
v 0.0144265871 -0.0192004316 -0.0295556179
v 0.011913136 -0.0198676342 -0.0367893575
v 0.016642983 -0.0143651283 -0.0293898571
v 0.0105480968 -0.0236166908 -0.0282695284
v 0.0176661846 -0.00989412211 -0.0294026715
v 0.0143915968 -0.0166082873 -0.0367438799
v 0.0128479145 -0.0274543232 -0.0140148404
v 0.00869590544 -0.0285736074 -0.0164741272
v 0.00872969828 -0.0246638803 -0.0283662666
v 0.0163893458 -0.0117891308 -0.0366013031
v 0.00936400439 -0.0219437824 -0.0361729268
v 0.003933485 -0.0300712211 -0.0146419407
v 0.00356181795 -0.0275781579 -0.0240669251
v -0.0003093759 -0.0296520652 -0.0175718655
v 0.0070025586 -0.0270786805 -0.0233346815
v 0.00632887245 -0.0254583248 -0.0287706236
v 0.00736269921 -0.0227660793 -0.0368889567
v 0.00410387902 -0.0239471261 -0.0359994767
v 0.00871888524 -0.0218578563 -0.0388924469
v 0.00389335277 -0.0232788134 -0.0392264104
v 0.00147207222 -0.0262428132 -0.0291128148
v -0.00516492407 -0.02424858 -0.035468518
v -0.00547505037 -0.0296741496 -0.0165035715
v 5.73680934e-05 -0.0241045447 -0.0368098001
v 0.00954833418 -0.0213947139 -0.0409173372
v -0.0121213092 -0.0291849264 -0.0140945311
v 4.03452518e-05 -0.0230668244 -0.0425819162
v 0.0118734681 -0.0196681231 -0.0390383007
v 0.0146308753 -0.016213878 -0.0388280139
v -0.0108889383 -0.0258422262 -0.0269344455
v -0.014943905 -0.0283850632 -0.0137595533
v -0.0153582405 -0.0246168506 -0.0272130972
v -0.0179454428 -0.0271233658 -0.0136296148
v -0.019652668 -0.0227280022 -0.0271231518
v -0.0105766297 -0.023504039 -0.0362035615
v -0.0137166435 -0.0228914197 -0.0361590384
v -0.00500079456 -0.0231763556 -0.0410902489
v -0.0161183906 -0.0216582469 -0.039969504
v -0.0107359725 -0.022600822 -0.0414323207
v -0.00453602682 -0.022561006 -0.0475271343
v -0.010202455 -0.0220204218 -0.0509723439
v 0.0025708672 -0.0226393151 -0.0463403441
v -0.00217102501 -0.022471446 -0.0521681271
v -0.0109265648 -0.0224789614 -0.0599637046
v 0.00799759851 -0.0224434254 -0.0477930298
v 0.00598249222 -0.0224777914 -0.0434161426
v -0.0156215373 -0.0212884609 -0.0576439488
v -0.0174800657 -0.022488703 -0.0751536456
v -0.0159138024 -0.0210571422 -0.0481536379
v 0.00924949393 -0.0221613117 -0.0458779337
v 0.00945157561 -0.0217254469 -0.043494461
v -0.0192463875 -0.0204562299 -0.0402011268
v -0.0200027423 -0.0195243617 -0.0476781133
v -0.0183122549 -0.0203304314 -0.057049212
v 0.0125918207 -0.0217845274 -0.0459780684
v 0.015068305 -0.022441926 -0.0474260451
v 0.0122618122 -0.0197017351 -0.0409214495
v 0.0119928951 -0.020871386 -0.0437358016
v -0.0205874891 -0.0204470056 -0.0740088813
v -0.0178816927 -0.0224457094 -0.0814554689
v -0.0208614669 -0.0189870571 -0.0555346021
v -0.0201616113 -0.020716961 -0.0804824813
v -0.017077679 -0.022405549 -0.0881870394
v 0.0152844877 -0.0157823132 -0.0404010992
v 0.0136048884 -0.0189984977 -0.0421310659
v 0.0144207373 -0.0196941286 -0.0438030344
v 0.016433364 -0.0120799596 -0.0390645262
v 0.0160088806 -0.0162716795 -0.0420407654
v 0.0153926962 -0.0208993429 -0.0455132104
v 0.0171356376 -0.00793481882 -0.0373844494
v 0.0175220742 -0.0115425609 -0.0415629736
v 0.0164982676 -0.0188843289 -0.0443783996
v 0.0195504665 -0.0218124577 -0.0472999207
v 0.0221080865 -0.0224608734 -0.0481870171
v 0.0217276934 -0.0204382649 -0.0472322688
v 0.0175144028 -0.0163511431 -0.0435447088
v 0.0247284729 -0.0195967419 -0.0481714582
v 0.0244781744 -0.0224600001 -0.0487827056
v 0.0206935803 -0.0181512496 -0.0459685922
v 0.0293066481 -0.0200839848 -0.0504779222
v 0.0286433371 -0.0224643333 -0.0502763956
v 0.0332255111 -0.0224685005 -0.052818656
v 0.0253486578 -0.0161379481 -0.0480070099
v 0.0196124644 -0.0151501748 -0.0445708021
v 0.0204842751 -0.0110560683 -0.0444220292
v 0.019752549 -0.0052444736 -0.0430835469
v 0.0257208136 -0.00918723593 -0.0478890521
v 0.0179635527 -0.00732590986 -0.0409334287
v 0.0331900013 0.0131089138 -0.0527675729
v 0.0257494235 0.0149189357 -0.0480457529
v 0.0389601182 -0.0224786747 -0.0574015954
v 0.0216932303 -0.00584998117 -0.0449482206
v 0.0217046915 0.0093489817 -0.045125364
v 0.0356139912 0.0262123098 -0.0544843671
v 0.0405229634 0.0262123306 -0.0591891992
v 0.0436267893 -0.0224783309 -0.0634207099
v 0.04436675 0.0262123368 -0.0647979381
v 0.0465792914 -0.0224806531 -0.0696812873
v 0.0469831057 0.026212337 -0.0710738881
v 0.048129344 -0.0224783305 -0.0761569128
v 0.0482615643 0.0262123371 -0.0777521112
v 0.0483459813 -0.0224783334 -0.0829434954
v 0.048148167 0.0262123458 -0.0845506147
v 0.0471747762 -0.0224783335 -0.0896316138
v 0.0466476841 0.0262123428 -0.091182586
v 0.0446648822 -0.0224783395 -0.0959408237
v 0.0438234659 0.0262123309 -0.097367703
v 0.0409217425 -0.0224783355 -0.101605826
v 0.0397947478 0.0262123218 -0.102845125
v 0.0373498818 -0.0224783387 -0.105271814
v 0.0332623697 0.0262124202 -0.108497497
v 0.0318775381 -0.0224784032 -0.109239039
v 0.0268794121 -0.0224784124 -0.111600454
v 0.026879306 0.0262122945 -0.111600396
v 0.0206978356 -0.0224784333 -0.113250909
v 0.020697731 0.0262122823 -0.113250909
v 0.0153646107 -0.000888234193 -0.1136887
v 0.0153904611 -0.0224771256 -0.113687688
v 0.0131023369 -0.0224724022 -0.113618013
v 0.0143528795 0.0216898492 -0.113725546
v 0.0131188913 0.0262123195 -0.113652286
v 0.00851480789 0.0262108086 -0.11300951
v 0.00197573719 -0.000133328283 -0.11239975
v 0.00563162419 0.0262111547 -0.112287456
v 0.00875057374 0.000257994922 -0.113431388
v 0.00474528488 -0.0115144062 -0.11263293
v 0.00916446203 -0.0224783805 -0.1131522
v 0.00557727377 -0.0224725411 -0.112243113
v 0.00138583813 -0.019092216 -0.111146388
v 0.00170352265 -0.0224790578 -0.110777677
v -0.00121430398 -0.0224524804 -0.109262462
v -0.00479815535 -0.00417205634 -0.110320502
v -0.00649764018 -0.0111316111 -0.108773704
v -0.000184439993 0.0181268071 -0.110952498
v 0.000671217077 0.0262097776 -0.110306742
v -0.00495238537 0.0135636782 -0.109446107
v -0.00245485218 0.0262090265 -0.108556147
v -0.0032662071 0.00716350522 -0.110698992
v -0.00744453491 0.0155634007 -0.107843697
v -0.00527879758 0.026208418 -0.106558437
v -0.00438004644 -0.000140847438 -0.110612146
v -0.0094697445 0.00609178923 -0.107995747
v -0.0100522265 0.0161304072 -0.106077665
v -0.00786588582 0.0262077425 -0.104288757
v -0.0100364748 -0.000453227826 -0.108020601
v -0.0122496687 0.0201532214 -0.102992891
v -0.0100380036 0.0262086009 -0.101940928
v -0.0135981251 0.00737022082 -0.105268892
v -0.00985124675 -0.00467074328 -0.107896619
v -0.0145288616 -0.00606395606 -0.104685011
v -0.0130425993 -0.000165960083 -0.106205698
v -0.0149147182 0.0221687647 -0.0988978078
v -0.0131714792 0.0262110308 -0.0975916977
v -0.0144517513 0.014418518 -0.103021495
v -0.0160470969 0.000111347715 -0.103947637
v -0.0163241106 0.0227629819 -0.0963481667
v -0.0158868418 0.0262131959 -0.0918481906
v -0.0184463569 0.0155510627 -0.098195672
v -0.0171343134 0.00840870121 -0.102020497
v -0.0185277182 -0.000501812547 -0.10170585
v -0.0176858207 0.0243202258 -0.0916137069
v -0.0202758522 0.00942564552 -0.0982527155
v -0.0192387136 0.0220127911 -0.0917116355
v -0.0192134008 0.0247003959 -0.0856122351
v -0.0198330441 0.0192405377 -0.0935123535
v -0.021403085 0.0169959264 -0.0925643428
v -0.0206206581 0.0224062296 -0.0872267468
v -0.0199935319 0.0246115623 -0.0807613716
v -0.0225775863 0.0190099405 -0.0875006896
v -0.021670915 0.022645562 -0.0820469228
v -0.0223784029 0.0225732447 -0.0743992918
v -0.0240289972 0.0194475194 -0.0809563964
v -0.0241874197 0.020313856 -0.0745194557
v -0.02632939 0.0167158802 -0.0748568156
v -0.0267448585 0.0132185369 -0.0812886923
v -0.0287714278 0.010479031 -0.0746242411
v -0.0251628266 0.0125795828 -0.0874557474
v -0.0260969639 0.0176580105 -0.0677481294
v -0.0276530436 0.0148657845 -0.0673387607
v -0.0290457548 0.0117146261 -0.0664699648
v -0.0300450142 0.00874265271 -0.0659452053
v -0.0308242573 0.00533633923 -0.0656270364
v -0.0283194741 0.00678699915 -0.0815077976
v -0.0234848669 0.0103795393 -0.0927591289
v -0.0315588346 0.000533185736 -0.0614688965
v -0.0297789787 0.00535801004 -0.0750009378
v -0.0266132881 0.00596635604 -0.0876071455
v -0.0214608796 0.00298501558 -0.0980421319
v -0.0311712179 -0.0030965848 -0.0654451258
v -0.0310224859 -0.00060161795 -0.0684766157
v -0.0290605996 -0.000861243728 -0.0813231454
v -0.0302931671 -0.00177721787 -0.0745590311
v -0.0247382271 0.00375164566 -0.0926080917
v -0.0303892297 -0.00589389139 -0.06816393
v -0.0273266079 -0.000898261648 -0.0871050346
v -0.0243463829 -0.00107089512 -0.0937954173
v -0.0295985803 -0.00871916458 -0.0665488828
v -0.0293424201 -0.00728274865 -0.0745939615
v -0.028210319 -0.00704689038 -0.0811237667
v -0.0293030103 -0.0105165204 -0.043307661
v -0.0285380336 -0.0111401157 -0.0646181696
v -0.0209314354 -0.00167647378 -0.0988913118
v -0.026727316 -0.00503376411 -0.0875251251
v -0.0189458625 -0.00748423065 -0.100212696
v -0.0239050913 -0.00571877672 -0.0936205965
v -0.0256316379 -0.0093963398 -0.0875270925
v -0.0269983127 -0.0128357098 -0.0745366211
v -0.0222169741 -0.0113781561 -0.0935263641
v -0.0260503399 -0.0127557484 -0.0810347789
v -0.0232095424 -0.0150015191 -0.0872207864
v -0.0143093976 -0.0135549982 -0.102659524
v -0.0188931945 -0.00980109564 -0.0993329915
v -0.017224638 -0.0154283873 -0.098394393
v -0.0195836706 -0.016798801 -0.0933647156
v -0.0102895307 -0.0144379615 -0.105692679
v -0.0154256993 -0.0193140687 -0.0977549586
v -0.00353353607 -0.0208329805 -0.108369405
v -0.00452803782 -0.0224773267 -0.107119197
v -0.00820718509 -0.022480591 -0.103964144
v -0.0118978145 -0.0186876623 -0.102507346
v -0.0120447303 -0.0224766157 -0.0992794055
v -0.0145262393 -0.0224895017 -0.0950455025
v -0.0177804785 -0.0204598008 -0.0917427533
v -0.020824508 -0.0183160653 -0.0881087151
v -0.0191675248 -0.020649638 -0.0869005919
v -0.0220924032 -0.0187553121 -0.0806498516
v -0.0238278735 -0.0164971198 -0.0808184734
v -0.0226828894 -0.0186133422 -0.0741726137
v -0.0244006311 -0.016797112 -0.0732129207
v -0.0234280203 -0.0170256454 -0.0516539207
v -0.0271611428 -0.0133421281 -0.0647460227
v -0.0254116997 -0.015198232 -0.0523280469
v -0.0216790749 -0.0191956006 -0.0393177848
v -0.0237566171 -0.0177304077 -0.0384443993
v -0.0260870861 -0.0154981383 -0.0378349418
v -0.028005116 -0.0132585522 -0.0361565937
v -0.0111255215 -0.0309157108 0.0315738027
v -0.0153392484 -0.0294442826 0.0315738027
v -0.00451346253 -0.0319497402 0.0315737707
v -0.0194329104 -0.0270823558 0.0315737707
v -0.0230553976 -0.023907054 0.0315744284
v -0.0261222781 -0.019911417 0.0315737125
v -0.0295953145 -0.0128431403 0.0315733254
v -0.0316370538 -0.00289413114 0.0315748446
v -0.0312348075 0.00443743538 0.0315736223
v -0.0300145833 0.00938178374 0.0315736514
v -0.0279580692 0.0143616523 0.0315735932
v -0.0250501953 0.0190244835 0.0315735932
v -0.021708472 0.0227509906 0.0315735932
v -0.0177396077 0.0258977946 0.0315736223
v -0.0133578457 0.0282853685 0.0315736834
v -0.00856912345 0.0299290805 0.0315736223
v -0.000895854267 0.031038068 0.0315763929
v 0.00608383805 0.0304125517 0.0315737707
v 0.0127014083 0.0284917053 0.0315743673
v 0.0184491327 0.0253250897 0.0315740705
v 0.0226275482 0.0218240186 0.0315738318
v 0.0259424719 0.0178850715 0.0315743091
v 0.029188411 0.0119519998 0.0315743673
v 0.031037506 0.00507407074 0.0315745157
v 0.0314749807 -0.000985679958 0.0315740413
v 0.0308536728 -0.00792402082 0.0315741898
v 0.0288038004 -0.0147772622 0.0315743091
v 0.0263732642 -0.0195146865 0.0315740996
v 0.0224494659 -0.0244858131 0.0315754121
v 0.0186924337 -0.0275065582 0.0315738027
v 0.0142248621 -0.0298442918 0.0315740996
v 0.00797996457 -0.0315303121 0.0315748155
v -0.00544018158 0.0260839321 -0.0445975049
v -0.00310451626 0.0262546932 -0.0547740434
v 0.00195143228 0.0262172138 -0.0517501205
v -1.65809382e-06 0.0262104615 -0.0423036196
v -1.42753054e-06 0.0262838876 -0.038372993
v 0.00326971158 0.0260411561 -0.0381536462
v 0.00315909518 0.0261344397 -0.044602275
v 0.00690871009 0.0262314896 -0.049845397
v -0.00564431623 0.0262377575 -0.0361593964
v 0.0078821772 0.0262046211 -0.0480869407
v 5.88103043e-06 0.0264106842 -0.0361571903
v 0.00860329957 0.0258251537 -0.0459524395
v 0.0113677996 0.0261905118 -0.0476017594
v -0.000148224912 0.0271939789 -0.0287243107
v -0.00619013024 0.0268564379 -0.0291825534
v 0.00244603598 0.0270735009 -0.0288217649
v 0.00123472207 0.0294655883 -0.0160789481
v -0.00565285382 0.03024321 -0.00834494786
v 0.00615669626 0.0257414946 -0.0431395165
v 0.00838062187 0.025032182 -0.042432308
v 0.0112364178 0.0249034997 -0.0446035265
v 0.000366042006 0.030771675 -0.00702461621
v -0.00649352132 0.0311781443 0.00283509489
v 0.0130542401 0.0251368049 -0.0457741611
v 0.0153654727 0.026179572 -0.0474430912
v 9.57445595e-05 0.0317931816 0.00813561637
v -0.00610306146 0.0316309504 0.0165113801
v 0.00159940692 0.0321594738 0.0292479381
v -0.00449703027 0.0319142182 0.0292895129
v -0.000895854267 0.031038068 0.0315763929
v 0.00608383805 0.0304125517 0.0315737707
v 0.00504798753 0.0314001813 0.00692179819
v 0.00807078631 0.0312427532 0.0292619457
v 0.012172911 0.0296354188 0.0067061781
v 0.0141335655 0.0291196642 0.0292788434
v 0.00258922742 0.0306901117 -0.00658065037
v 0.00585503536 0.0305658939 -0.00216764201
v 0.00533034724 0.0294008879 -0.0131977198
v 0.0163253838 0.0276065795 0.00494408596
v 0.00901019115 0.0298231208 -0.00155898924
v 0.00488567114 0.0267085624 -0.028804777
v 0.0122879985 0.0290577194 0.00140041111
v 0.00797268263 0.0285546361 -0.01399678
v 0.018266074 0.0259578128 0.00134238599
v 0.0102168936 0.0274909262 -0.0151281944
v 0.0146992131 0.0273534692 -0.00239983201
v 0.00525298158 0.0256888311 -0.0371636736
v 0.0127068873 0.0258511205 -0.0165571561
v 0.00689772123 0.0260488485 -0.0294362893
v 0.0201059077 0.0237386269 -0.00253534308
v 0.0110004913 0.024148638 -0.0278303021
v 0.0223656035 0.0214704943 -0.00329813338
v 0.0192150922 0.0200190889 -0.0153080226
v 0.00880938166 0.0253237326 -0.0288246869
v 0.00810175918 0.0246801799 -0.0365323416
v 0.00939320753 0.023915116 -0.0378119352
v 0.0236664446 0.0189978272 -0.00590667114
v 0.0254153987 0.0164553225 -0.00612834046
v 0.0192842766 0.0167331137 -0.0195847751
v 0.0128597351 0.0226312139 -0.027206479
v 0.0198027603 0.0119740372 -0.0218388435
v 0.0200820018 0.00748734486 -0.0228310222
v 0.0187229766 0.00765917157 -0.0262569782
v 0.0176779913 0.0143801227 -0.0256620056
v 0.0167508215 0.0190394159 -0.0230361213
v 0.0148382238 0.0211061894 -0.0248378521
v 0.0153984291 0.0185848998 -0.0282832392
v 0.0140817309 0.0204471214 -0.0297132123
v 0.0121052845 0.0216805532 -0.0361592771
v 0.0128069438 0.0207708709 -0.0376389624
v 0.0101625244 0.0236408023 -0.0398821227
v 0.0111538918 0.0235296228 -0.0416737777
v 0.0135746343 0.0217966631 -0.0420922035
v 0.0130190001 0.0210516646 -0.0399351702
v 0.0149281186 0.0171154721 -0.0377763499
v 0.0168766683 0.0139238997 -0.0295392878
v 0.0177573754 0.00917242806 -0.0294451107
v 0.0181323568 0.00430223676 -0.0294205529
v 0.0170461782 0.00920690367 -0.0361573679
v 0.0163078399 0.0129542488 -0.0366643653
v 0.0155290763 0.0168156285 -0.039996265
v 0.01495633 0.0218683358 -0.0434975023
v 0.0181267144 -0.00426548782 -0.0297946914
v 0.0174117226 0.00565752241 -0.0370480411
v 0.0165669091 0.0124745464 -0.0387800334
v 0.0175904441 -0.002714916 -0.0363066792
v 0.0164518613 0.0166209895 -0.0416776515
v 0.0155666429 0.0246163355 -0.045959471
v 0.020601099 0.0261898432 -0.0479408482
v 0.017813298 -0.00332572698 -0.0394168484
v 0.0174469131 0.0102282488 -0.040291308
v 0.0177727749 0.00176482782 -0.0391855225
v 0.0185625252 -0.00268547884 -0.041354954
v 0.018594025 0.00545545062 -0.0416209688
v 0.0204942227 0.0232922877 -0.0466782454
v 0.0241985216 0.0262012552 -0.0487459882
v 0.0180258271 0.0154024399 -0.0429547421
v 0.0199353241 0.0094213635 -0.0436522358
v 0.0197916744 0.015737121 -0.0445106009
v 0.0167982662 0.0224784104 -0.0449641346
v 0.0208525201 0.0211829978 -0.0462163094
v 0.0245144543 0.0214903535 -0.0479518174
v 0.0284506305 0.0262025361 -0.0502234092
v 0.0282350007 0.0212247581 -0.049801945
v 0.0325782784 0.0262124027 -0.0523686409
v 0.0389601182 -0.0224786747 -0.0574015954
v 0.0436267893 -0.0224783309 -0.0634207099
v 0.0465792914 -0.0224806531 -0.0696812873
v 0.0332255111 -0.0224685005 -0.052818656
v 0.0286433371 -0.0224643333 -0.0502763956
v 0.0244781744 -0.0224600001 -0.0487827056
v 0.0221080865 -0.0224608734 -0.0481870171
v 0.015068305 -0.022441926 -0.0474260451
v 0.00799759851 -0.0224434254 -0.0477930298
v -0.00217102501 -0.022471446 -0.0521681271
v -0.0109265648 -0.0224789614 -0.0599637046
v -0.0174800657 -0.022488703 -0.0751536456
v -0.0178816927 -0.0224457094 -0.0814554689
v -0.017077679 -0.022405549 -0.0881870394
v -0.0145262393 -0.0224895017 -0.0950455025
v -0.0120447303 -0.0224766157 -0.0992794055
v -0.00820718509 -0.022480591 -0.103964144
v -0.00452803782 -0.0224773267 -0.107119197
v -0.00121430398 -0.0224524804 -0.109262462
v 0.00170352265 -0.0224790578 -0.110777677
v 0.00557727377 -0.0224725411 -0.112243113
v 0.00916446203 -0.0224783805 -0.1131522
v 0.0131023369 -0.0224724022 -0.113618013
v 0.0153904611 -0.0224771256 -0.113687688
v 0.0206978356 -0.0224784333 -0.113250909
v 0.0268794121 -0.0224784124 -0.111600454
v 0.0318775381 -0.0224784032 -0.109239039
v 0.0373498818 -0.0224783387 -0.105271814
v 0.0409217425 -0.0224783355 -0.101605826
v 0.0446648822 -0.0224783395 -0.0959408237
v 0.0471747762 -0.0224783335 -0.0896316138
v 0.0483459813 -0.0224783334 -0.0829434954
v 0.048129344 -0.0224783305 -0.0761569128
v 0.0107983218 0.0297123139 -0.0520355708
v 0.00917172178 0.029712695 -0.0556284795
v 0.0109406359 0.0297123954 -0.0539702189
v 0.00735616154 0.0297123049 -0.0554485305
v 0.00579166621 0.0297122815 -0.0541846151
v 0.00662232737 0.0297123106 -0.0499275338
v 0.00457661003 0.0297123105 -0.0539309345
v 0.0123791705 0.0297123199 -0.0487849116
v 0.00200768931 0.0297122986 -0.0517232402
v 0.0154220007 0.0297123231 -0.051604805
v -0.00265958666 0.0297122895 -0.0544574228
v 0.0177870289 0.0297123262 -0.0486647477
v -0.000486937921 0.0297122896 -0.056602119
v 0.0200551472 0.0297123293 -0.051917613
v -0.00711786893 0.0297122367 -0.0582234235
v -0.00446355485 0.0297122835 -0.0598482497
v 0.0230077104 0.0297124052 -0.0494568958
v 0.024578968 0.0297123355 -0.0529658806
v 0.028877467 0.0297123417 -0.0547228439
v 0.0304086806 0.0297123476 -0.0526993885
v 0.0332595784 0.0297120976 -0.0575097802
v 0.0347982659 0.0297123684 -0.0554830418
v 0.0336708068 0.0297123421 -0.0587340561
v -0.00780553424 0.0297122745 -0.0637445424
v -0.0102942151 0.0297122713 -0.0620675099
v -0.0130434197 0.0297122624 -0.0667259097
v -0.0104081646 0.0297122684 -0.0681691163
v -0.0149687109 0.0297122564 -0.0717808609
v -0.0121898924 0.0297122595 -0.0729833206
v -0.016015078 0.0297122534 -0.0770879968
v -0.0130948942 0.0297122565 -0.0780362461
v -0.0161526212 0.0297122475 -0.0824954477
v -0.0130948171 0.0297122536 -0.0831695157
v -0.0153774145 0.0297122476 -0.087848719
v -0.0121896596 0.0297122537 -0.0882224413
v -0.0137116044 0.0297122477 -0.0929949863
v -0.0104077856 0.0297122539 -0.0930365291
v -0.0112027865 0.0297122625 -0.0977871357
v -0.00780502419 0.0297122745 -0.0974609808
v -0.0087429577 0.029713325 -0.101091503
v -0.00446292693 0.0297122718 -0.101357279
v -0.00314422728 0.029712272 -0.105775706
v -0.000486211144 0.0297122809 -0.104603288
v 0.00125324199 0.0297122811 -0.108546915
v 0.00449941649 0.0297120747 -0.107265823
v 0.00604655938 0.0297122873 -0.110557198
v 0.00584047334 0.0297124153 -0.106986042
v 0.0112423291 0.0297122994 -0.108483131
v 0.00731985087 0.0297122903 -0.105773564
v 0.0111052057 0.029712311 -0.111751969
v 0.0101610032 0.0297121596 -0.106104196
v 0.00849219973 0.0297122933 -0.105532585
v 0.0122257846 0.0297122384 -0.109342695
v 0.0162914529 0.0297123202 -0.112098397
v 0.0191533927 0.0297123117 -0.109483663
v 0.0214640796 0.0297123294 -0.111587404
v 0.0264822509 0.0297123386 -0.110232772
v 0.0273164831 0.0297123212 -0.107297837
v 0.031209327 0.0297123477 -0.108071207
v 0.035516595 0.0297123568 -0.105161848
v 0.0332389146 0.0297122577 -0.103710347
v 0.0376598127 0.0297123512 -0.0984818907
v 0.039286775 0.0297123659 -0.101583719
v 0.0336648085 0.029712476 -0.102411921
v 0.0350627702 0.0297122404 -0.0982298283
v 0.0333543957 0.0297123537 -0.100524479
v 0.0337318957 0.0297123538 -0.0993887777
v 0.0388868797 0.0297123571 -0.098068954
v 0.0424172209 0.029712372 -0.0974343391
v 0.0448226932 0.0297123809 -0.0928266032
v 0.0419182211 0.0297123748 -0.0931875082
v 0.0464376851 0.029712384 -0.0878860941
v 0.0437458631 0.0297123808 -0.0883189437
v 0.047218244 0.0297123899 -0.0827472191
v 0.0446745751 0.0297123838 -0.0832021236
v 0.0471430892 0.0297123928 -0.0775499328
v 0.0446745023 0.0297123867 -0.0780017348
v 0.0462142899 0.0297123781 -0.0724358542
v 0.0437456303 0.029712375 -0.0728850369
v 0.0444571229 0.029712378 -0.0675439835
v 0.041917837 0.0297123748 -0.0680164667
v 0.0419194377 0.0297123778 -0.0630077731
v 0.0388943622 0.0297123688 -0.0631520757
v 0.0386703326 0.0297123746 -0.0589506002
v 0.0376008338 0.029712552 -0.0627289992
v 0.0357134096 0.0297123685 -0.0630393042
v 0.0345776501 0.0297123626 -0.062661944
v 0.0334184183 0.0297122199 -0.0613310898
v -0.00382306004 0.0392256301 -0.0998702017
v -0.00561094102 0.0384244423 -0.10017287
v -0.00506144874 0.034731367 -0.100773037
v -0.001034312 0.0381434219 -0.0998432632
v 0.010670144 0.0392854572 -0.0985161634
v 0.00995051045 0.0380993189 -0.0989350607
v -0.000963660134 0.0376894836 -0.100520253
v 0.0108363394 0.0377362895 -0.0993911643
v 0.00307640401 0.0376546234 -0.103413698
v 0.00832341282 0.0377055672 -0.105512678
v 0.00986599296 0.0376976249 -0.105929736
v 0.0103853857 0.0376436752 -0.106163614
v 0.0180256782 0.0376505327 -0.106624665
v 0.0132507597 0.037738033 -0.0978205237
v 0.0251297457 0.0376856588 -0.104923546
v 0.030594374 0.0376517416 -0.102069019
v 0.0111405319 0.0381167522 -0.098593533
v 0.0120979533 0.0381557747 -0.0979687553
v 0.0124207198 0.0393505335 -0.0973417133
v 0.0129118587 0.0380980415 -0.0970960245
v 0.0134605328 0.0382270734 -0.0956565724
v 0.0136247933 0.039268196 -0.0943375228
v 0.0138659856 0.0378444861 -0.0955768803
v 0.0141278269 0.0381106727 -0.0940666767
v 0.0146301662 0.0393338456 -0.0929794915
v 0.0148904739 0.0377280098 -0.0940456346
v 0.0148804825 0.0381170931 -0.0932148658
v 0.0160805077 0.0377705655 -0.0929732283
v 0.0159515107 0.0382748854 -0.0924928754
v 0.0160139311 0.0392731293 -0.0922231062
v 0.0191332244 0.0382201792 -0.0918927195
v 0.0199450044 0.0392456294 -0.0914145669
v 0.0216777374 0.0377107285 -0.0920381513
v 0.0338191512 0.0377238699 -0.0992110348
v 0.0265881881 0.0377098296 -0.0873237208
v 0.0364874049 0.0376537852 -0.0964366773
v 0.0393464401 0.0376538204 -0.0918426493
v 0.0414914157 0.0376540855 -0.085240003
v 0.0286419756 0.0377152169 -0.0807042699
v 0.0417668922 0.0376806253 -0.0784106262
v 0.0403823182 0.0376468938 -0.0717637537
v 0.0262332494 0.0377609854 -0.0739553536
v 0.0370994614 0.0376709042 -0.0656192307
v 0.0343982796 0.0377254736 -0.062573608
v 0.0332539606 0.0376443844 -0.0611828524
v 0.0191345807 0.0378219224 -0.092339213
v 0.0221425198 0.0378208545 -0.0910273753
v 0.0247231128 0.0378208635 -0.0889235118
v 0.0220211204 0.0382083662 -0.090602634
v 0.0230578075 0.0392473759 -0.0895675388
v 0.0240169272 0.0382022866 -0.0890064228
v 0.0254674199 0.0382034829 -0.0873336161
v 0.0248081046 0.0392427311 -0.087778148
v 0.0262261509 0.0392398092 -0.0855439284
v 0.0270175453 0.0378226885 -0.0855080492
v 0.0269364067 0.0382144755 -0.0844099501
v 0.0271480322 0.039250278 -0.0826845178
v 0.0279719937 0.0378208696 -0.0814075465
v 0.0275505004 0.0382157911 -0.081252394
v 0.0272468106 0.0392397569 -0.0789539772
v 0.0272829722 0.0382208027 -0.0780384522
v 0.0261987439 0.0382074789 -0.0750765787
v 0.0264050201 0.0392402604 -0.0760772789
v 0.0249463332 0.0392442183 -0.0735706068
v 0.0243289523 0.038201463 -0.0724843703
v 0.0218527706 0.039266628 -0.0706754334
v 0.0219101315 0.0382807736 -0.0704423175
v 0.0209854474 0.0393338258 -0.0693351612
v 0.022362779 0.0378568356 -0.0703193538
v 0.0212961702 0.0381171227 -0.0691900845
v 0.0220725615 0.0377269859 -0.0694581249
v 0.0285959799 0.0376519365 -0.0578746782
v 0.0215553238 0.0377574314 -0.0675144198
v 0.0245073312 0.0377690179 -0.0561990717
v 0.0239220211 0.0382385383 -0.0565343478
v 0.0210289694 0.0381795446 -0.06784242
v 0.020768554 0.0392773876 -0.0676413765
v 0.0242334189 0.039288363 -0.0543826784
v 0.0246954817 0.0364318046 -0.0547897827
v 0.0247016955 0.0353752279 -0.0537022948
v 0.0239308656 0.0397282208 -0.0534576189
v 0.0240413049 0.034767825 -0.0528579345
v 0.0228363752 0.040864865 -0.0524647243
v 0.0353403153 0.0375146921 -0.0981244375
v 0.0364874049 0.0376537852 -0.0964366773
v 0.0338191512 0.0377238699 -0.0992110348
v 0.0380445532 0.0351424828 -0.0985261751
v 0.0394808127 0.0346883788 -0.0974196184
v 0.0393464401 0.0376538204 -0.0918426493
v 0.0423825461 0.0347113274 -0.0922430714
v 0.0439040245 0.0347114148 -0.0877982355
v 0.0414914157 0.0376540855 -0.085240003
v 0.0447413941 0.0347113596 -0.0829669822
v 0.0417668922 0.0376806253 -0.0784106262
v 0.0446602992 0.0347022064 -0.0775610795
v 0.0438952264 0.0346969182 -0.0733706343
v 0.0403823182 0.0376468938 -0.0717637537
v 0.0420392926 0.0347046422 -0.0681406818
v 0.0370994614 0.0376709042 -0.0656192307
v 0.038925337 0.0347284401 -0.0631246541
v 0.0374976456 0.035591322 -0.0627176138
v 0.0358927148 0.0370572818 -0.063094974
v 0.0343982796 0.0377254736 -0.062573608
v 0.0332389146 0.0297122577 -0.103710347
v 0.0336648085 0.029712476 -0.102411921
v 0.0333401606 0.034788801 -0.103601872
v 0.0336749361 0.0355922646 -0.102300581
v 0.0333543957 0.0297123537 -0.100524479
v 0.0332987573 0.0370572816 -0.100703829
v 0.0337318957 0.0297123538 -0.0993887777
v 0.0338191512 0.0377238699 -0.0992110348
v 0.0350627702 0.0297122404 -0.0982298283
v 0.0353403153 0.0375146921 -0.0981244375
v 0.0376598127 0.0297123512 -0.0984818907
v 0.0380445532 0.0351424828 -0.0985261751
v 0.0388868797 0.0297123571 -0.098068954
v 0.0394808127 0.0346883788 -0.0974196184
v 0.0419182211 0.0297123748 -0.0931875082
v 0.0423825461 0.0347113274 -0.0922430714
v 0.0437458631 0.0297123808 -0.0883189437
v 0.0439040245 0.0347114148 -0.0877982355
v 0.0446745751 0.0297123838 -0.0832021236
v 0.0447413941 0.0347113596 -0.0829669822
v 0.0446602992 0.0347022064 -0.0775610795
v 0.0446745023 0.0297123867 -0.0780017348
v 0.0438952264 0.0346969182 -0.0733706343
v 0.0437456303 0.029712375 -0.0728850369
v 0.0420392926 0.0347046422 -0.0681406818
v 0.041917837 0.0297123748 -0.0680164667
v 0.038925337 0.0347284401 -0.0631246541
v 0.0388943622 0.0297123688 -0.0631520757
v 0.0376008338 0.029712552 -0.0627289992
v 0.0374976456 0.035591322 -0.0627176138
v 0.0357134096 0.0297123685 -0.0630393042
v 0.0358927148 0.0370572818 -0.063094974
v 0.0345776501 0.0297123626 -0.062661944
v 0.0343982796 0.0377254736 -0.062573608
v 0.0334184183 0.0297122199 -0.0613310898
v 0.0332539606 0.0376443844 -0.0611828524
v 0.0103853857 0.0376436752 -0.106163614
v 0.0111736814 0.0355690495 -0.108364993
v 0.012012552 0.0348130775 -0.109258946
v 0.0159753383 0.0347171051 -0.109621161
v 0.0180256782 0.0376505327 -0.106624665
v 0.0201266461 0.0347210228 -0.109295244
v 0.0252385157 0.0347117304 -0.108080916
v 0.0251297457 0.0376856588 -0.104923546
v 0.0301736813 0.0346972954 -0.105806172
v 0.030594374 0.0376517416 -0.102069019
v 0.0333401606 0.034788801 -0.103601872
v 0.0336749361 0.0355922646 -0.102300581
v 0.0332987573 0.0370572816 -0.100703829
v 0.0338191512 0.0377238699 -0.0992110348
v 0.0245073312 0.0377690179 -0.0561990717
v 0.0246954817 0.0364318046 -0.0547897827
v 0.0239220211 0.0382385383 -0.0565343478
v 0.0267492722 0.0346996234 -0.0536689127
v 0.0247016955 0.0353752279 -0.0537022948
v 0.0240413049 0.034767825 -0.0528579345
v 0.0285959799 0.0376519365 -0.0578746782
v 0.0326256034 0.0346816988 -0.0569376338
v 0.0332539606 0.0376443844 -0.0611828524
v 0.033713944 0.035128597 -0.0583303568
v 0.00832341282 0.0377055672 -0.105512678
v 0.00307640401 0.0376546234 -0.103413698
v 0.00713182202 0.0370576838 -0.105817558
v 0.00593897837 0.0355908449 -0.106941524
v 0.00438152953 0.0347068537 -0.107303075
v -0.00131672817 0.0347258202 -0.104046636
v -0.000963660134 0.0376894836 -0.100520253
v -0.00506144874 0.034731367 -0.100773037
v -0.001034312 0.0381434219 -0.0998432632
v 0.0110194204 0.0409163544 -0.0529369107
v 0.0109052984 0.0412827018 -0.0520129164
v 0.0107983218 0.0297123139 -0.0520355708
v 0.0109406359 0.0297123954 -0.0539702189
v 0.0107551904 0.040907306 -0.0543011411
v 0.00950937688 0.0410813177 -0.0555022329
v 0.00917172178 0.029712695 -0.0556284795
v 0.0078507241 0.0411991968 -0.0556789048
v 0.00735616154 0.0297123049 -0.0554485305
v 0.0071195799 0.0407163118 -0.0553518534
v 0.00579166621 0.0297122815 -0.0541846151
v 0.00546517719 0.0388291204 -0.0539451838
v 0.00457661003 0.0297123105 -0.0539309345
v 0.00358653952 0.0383950977 -0.0542410009
v -0.000486937921 0.0297122896 -0.056602119
v -0.00131648739 0.0384068115 -0.057157455
v -0.00446355485 0.0297122835 -0.0598482497
v -0.00494814785 0.0384167618 -0.0602754357
v -0.00780553424 0.0297122745 -0.0637445424
v -0.00780555246 0.0384122709 -0.0637446006
v -0.0104081646 0.0297122684 -0.0681691163
v -0.0101362774 0.0384009056 -0.0675399904
v -0.0121898924 0.0297122595 -0.0729833206
v -0.0122588351 0.0383978379 -0.0729616266
v -0.0130948942 0.0297122565 -0.0780362461
v -0.0131882688 0.0384097034 -0.078905758
v -0.0130948171 0.0297122536 -0.0831695157
v -0.0130622347 0.0384078553 -0.0837110856
v -0.0121896596 0.0297122537 -0.0882224413
v -0.0123543771 0.0384038216 -0.0876936887
v -0.0104077856 0.0297122539 -0.0930365291
v -0.0104733194 0.0383974306 -0.093066931
v -0.00780502419 0.0297122745 -0.0974609808
v -0.00791254978 0.038412201 -0.0973171555
v -0.00561094102 0.0384244423 -0.10017287
v -0.00506144874 0.034731367 -0.100773037
v -0.00446292693 0.0297122718 -0.101357279
v -0.00131672817 0.0347258202 -0.104046636
v -0.000486211144 0.0297122809 -0.104603288
v 0.00438152953 0.0347068537 -0.107303075
v 0.00449941649 0.0297120747 -0.107265823
v 0.00584047334 0.0297124153 -0.106986042
v 0.00593897837 0.0355908449 -0.106941524
v 0.00731985087 0.0297122903 -0.105773564
v 0.00713182202 0.0370576838 -0.105817558
v 0.00849219973 0.0297122933 -0.105532585
v 0.00832341282 0.0377055672 -0.105512678
v 0.0101610032 0.0297121596 -0.106104196
v 0.00986599296 0.0376976249 -0.105929736
v 0.0103853857 0.0376436752 -0.106163614
v 0.0112423291 0.0297122994 -0.108483131
v 0.0111736814 0.0355690495 -0.108364993
v 0.012012552 0.0348130775 -0.109258946
v 0.0122257846 0.0297122384 -0.109342695
v 0.0159753383 0.0347171051 -0.109621161
v 0.0191533927 0.0297123117 -0.109483663
v 0.0201266461 0.0347210228 -0.109295244
v 0.0252385157 0.0347117304 -0.108080916
v 0.0273164831 0.0297123212 -0.107297837
v 0.0301736813 0.0346972954 -0.105806172
v 0.0332389146 0.0297122577 -0.103710347
v 0.0333401606 0.034788801 -0.103601872
v 0.0332539606 0.0376443844 -0.0611828524
v 0.0334184183 0.0297122199 -0.0613310898
v 0.0336708068 0.0297123421 -0.0587340561
v 0.033713944 0.035128597 -0.0583303568
v 0.0332595784 0.0297120976 -0.0575097802
v 0.0326256034 0.0346816988 -0.0569376338
v 0.028877467 0.0297123417 -0.0547228439
v 0.0267492722 0.0346996234 -0.0536689127
v 0.024578968 0.0297123355 -0.0529658806
v 0.0200551472 0.0297123293 -0.051917613
v 0.0240413049 0.034767825 -0.0528579345
v 0.0228363752 0.040864865 -0.0524647243
v 0.0219527145 0.041384703 -0.0522615912
v 0.015421975 0.0414123248 -0.051604805
v 0.0154220007 0.0297123231 -0.051604805
v 0.0107983218 0.0297123139 -0.0520355708
v 0.0109052984 0.0412827018 -0.0520129164
v -0.00679964589 0.0262122799 -0.0579386367
v -0.0111000519 0.0261667379 -0.0598141516
v -0.0102942083 0.0262122709 -0.0620675681
v -0.0157196039 0.0262174625 -0.0688373402
v -0.0130434121 0.0262122648 -0.0667260261
v -0.0149687047 0.0262122559 -0.0717809191
v -0.0175424132 0.0262036351 -0.0752810214
v -0.0160150689 0.0262122558 -0.0770879968
v -0.0161526151 0.02621225 -0.0824953895
v -0.0177135932 0.0262189175 -0.0838637352
v -0.0153774084 0.0262122471 -0.087848719
v -0.0158868418 0.0262131959 -0.0918481906
v -0.0137115968 0.0262122473 -0.0929950445
v -0.0131714792 0.0262110308 -0.0975916977
v -0.011202779 0.026212265 -0.097787194
v -0.0100380036 0.0262086009 -0.101940928
v -0.00821731894 0.0262125388 -0.101692311
v -0.00786588582 0.0262077425 -0.104288757
v -0.00527879758 0.026208418 -0.106558437
v -0.00314422006 0.0262122715 -0.105775706
v -0.00245485218 0.0262090265 -0.108556147
v 0.00125324948 0.0262122806 -0.108546915
v 0.000671217077 0.0262097776 -0.110306742
v 0.00563162419 0.0262111547 -0.112287456
v 0.0060465666 0.0262122868 -0.110557198
v 0.00851480789 0.0262108086 -0.11300951
v 0.0111052132 0.0262123106 -0.111751969
v 0.0131188913 0.0262123195 -0.113652286
v 0.0162914591 0.0262123198 -0.112098514
v 0.020697731 0.0262122823 -0.113250909
v 0.0214640887 0.0262123289 -0.111587462
v 0.026879306 0.0262122945 -0.111600396
v 0.026482257 0.0262123381 -0.110232772
v 0.0332623697 0.0262124202 -0.108497497
v 0.0312093331 0.0262123473 -0.108071323
v 0.0355166011 0.0262123564 -0.105161848
v 0.0397947478 0.0262123218 -0.102845125
v 0.0392867811 0.0262123683 -0.101583719
v 0.0424172328 0.0262123715 -0.0974343391
v 0.0438234659 0.0262123309 -0.097367703
v 0.0448226964 0.0262123805 -0.0928266614
v 0.0466476841 0.0262123428 -0.091182586
v 0.0464376912 0.0262123835 -0.0878860941
v 0.048148167 0.0262123458 -0.0845506147
v 0.0472182472 0.0262123894 -0.0827472191
v 0.0482615643 0.0262123371 -0.0777521112
v 0.0471431011 0.0262123923 -0.0775499328
v 0.046214299 0.0262123777 -0.072435796
v 0.0469831057 0.026212337 -0.0710738881
v 0.0444571319 0.0262123775 -0.0675440417
v 0.04436675 0.0262123368 -0.0647979381
v 0.0419194409 0.0262123773 -0.0630077731
v 0.0405229634 0.0262123306 -0.0591891992
v 0.0386703387 0.0262123741 -0.0589506584
v 0.0356139912 0.0262123098 -0.0544843671
v 0.034798272 0.0262123679 -0.0554829836
v 0.0325782784 0.0262124027 -0.0523686409
v 0.0304086868 0.0262123472 -0.0526993885
v 0.0284506305 0.0262025361 -0.0502234092
v 0.0230986107 0.0262123349 -0.0494751323
v 0.0241985216 0.0262012552 -0.0487459882
v 0.020601099 0.0261898432 -0.0479408482
v 0.0184904019 0.0262123549 -0.0486986624
v 0.0153654727 0.026179572 -0.0474430912
v 0.0125403449 0.0262131955 -0.0487020588
v 0.0113677996 0.0261905118 -0.0476017594
v 0.0078821772 0.0262046211 -0.0480869407
v 0.00690871009 0.0262314896 -0.049845397
v -0.0087429577 0.029713325 -0.101091503
v -0.00314422006 0.0262122715 -0.105775706
v -0.00314422728 0.029712272 -0.105775706
v 0.00125324199 0.0297122811 -0.108546915
v -0.00821731894 0.0262125388 -0.101692311
v 0.00125324948 0.0262122806 -0.108546915
v -0.011202779 0.026212265 -0.097787194
v 0.00604655938 0.0297122873 -0.110557198
v -0.0112027865 0.0297122625 -0.0977871357
v 0.0060465666 0.0262122868 -0.110557198
v -0.0137115968 0.0262122473 -0.0929950445
v 0.0111052057 0.029712311 -0.111751969
v -0.0137116044 0.0297122477 -0.0929949863
v 0.0111052132 0.0262123106 -0.111751969
v -0.0153774084 0.0262122471 -0.087848719
v 0.0162914529 0.0297123202 -0.112098397
v -0.0153774145 0.0297122476 -0.087848719
v 0.0162914591 0.0262123198 -0.112098514
v -0.0161526151 0.02621225 -0.0824953895
v 0.0214640796 0.0297123294 -0.111587404
v -0.0161526212 0.0297122475 -0.0824954477
v 0.0214640887 0.0262123289 -0.111587462
v -0.0160150689 0.0262122558 -0.0770879968
v 0.0264822509 0.0297123386 -0.110232772
v -0.016015078 0.0297122534 -0.0770879968
v 0.026482257 0.0262123381 -0.110232772
v -0.0149687047 0.0262122559 -0.0717809191
v 0.031209327 0.0297123477 -0.108071207
v -0.0149687109 0.0297122564 -0.0717808609
v 0.0312093331 0.0262123473 -0.108071323
v -0.0130434121 0.0262122648 -0.0667260261
v 0.035516595 0.0297123568 -0.105161848
v -0.0130434197 0.0297122624 -0.0667259097
v 0.0355166011 0.0262123564 -0.105161848
v 0.039286775 0.0297123659 -0.101583719
v 0.0392867811 0.0262123683 -0.101583719
v 0.0424172209 0.029712372 -0.0974343391
v 0.0424172328 0.0262123715 -0.0974343391
v 0.0448226932 0.0297123809 -0.0928266032
v 0.0448226964 0.0262123805 -0.0928266614
v 0.0464376851 0.029712384 -0.0878860941
v 0.0464376912 0.0262123835 -0.0878860941
v 0.047218244 0.0297123899 -0.0827472191
v 0.0472182472 0.0262123894 -0.0827472191
v 0.0471430892 0.0297123928 -0.0775499328
v 0.0471431011 0.0262123923 -0.0775499328
v 0.0462142899 0.0297123781 -0.0724358542
v 0.046214299 0.0262123777 -0.072435796
v 0.0444571229 0.029712378 -0.0675439835
v 0.0444571319 0.0262123775 -0.0675440417
v 0.0419194377 0.0297123778 -0.0630077731
v 0.0419194409 0.0262123773 -0.0630077731
v 0.0386703326 0.0297123746 -0.0589506002
v 0.0386703387 0.0262123741 -0.0589506584
v 0.0347982659 0.0297123684 -0.0554830418
v 0.034798272 0.0262123679 -0.0554829836
v 0.0304086806 0.0297123476 -0.0526993885
v 0.0304086868 0.0262123472 -0.0526993885
v 0.0230077104 0.0297124052 -0.0494568958
v 0.0230986107 0.0262123349 -0.0494751323
v 0.0184904019 0.0262123549 -0.0486986624
v 0.0177870289 0.0297123262 -0.0486647477
v 0.0125403449 0.0262131955 -0.0487020588
v 0.0123791705 0.0297123199 -0.0487849116
v 0.00690871009 0.0262314896 -0.049845397
v 0.00662232737 0.0297123106 -0.0499275338
v 0.00195143228 0.0262172138 -0.0517501205
v 0.00200768931 0.0297122986 -0.0517232402
v -0.00265958666 0.0297122895 -0.0544574228
v -0.00310451626 0.0262546932 -0.0547740434
v -0.00711786893 0.0297122367 -0.0582234235
v -0.00679964589 0.0262122799 -0.0579386367
v -0.0102942083 0.0262122709 -0.0620675681
v -0.0102942151 0.0297122713 -0.0620675099
v 0.0124207198 0.0393505335 -0.0973417133
v 0.00995988597 0.0412898554 -0.0961665472
v 0.010670144 0.0392854572 -0.0985161634
v 0.0104345476 0.0414144432 -0.0955740805
v -0.0036382771 0.0413890197 -0.0971389411
v -0.00382306004 0.0392256301 -0.0998702017
v -0.00561094102 0.0384244423 -0.10017287
v 0.0136247933 0.039268196 -0.0943375228
v -0.0047547928 0.0413633209 -0.09654772
v -0.00791254978 0.038412201 -0.0973171555
v -0.00769023315 0.0413381895 -0.0919823651
v -0.0104733194 0.0383974306 -0.093066931
v -0.00921398676 0.0413624824 -0.0733333232
v -0.00953383493 0.0412633954 -0.0871866301
v -0.0123543771 0.0384038216 -0.0876936887
v -0.0101113277 0.0413214779 -0.0837764703
v -0.0130622347 0.0384078553 -0.0837110856
v -0.0102525766 0.0413163905 -0.0785663724
v -0.0131882688 0.0384097034 -0.078905758
v -0.0122588351 0.0383978379 -0.0729616266
v -0.00733152262 0.0413240917 -0.0684660044
v -0.0101362774 0.0384009056 -0.0675399904
v -0.00780555246 0.0384122709 -0.0637446006
v -0.00378182046 0.0413576982 -0.0633897784
v -0.00494814785 0.0384167618 -0.0602754357
v -1.58440049e-05 0.0413580157 -0.0599153631
v 0.00445152184 0.0413575476 -0.0571239565
v -0.00131648739 0.0384068115 -0.057157455
v 0.00358653952 0.0383950977 -0.0542410009
v 0.00546517719 0.0388291204 -0.0539451838
v 0.0071195799 0.0407163118 -0.0553518534
v 0.00814450688 0.0414173009 -0.0561288558
v 0.0078507241 0.0411991968 -0.0556789048
v 0.00950937688 0.0410813177 -0.0555022329
v 0.0110995061 0.0413749784 -0.0937150675
v 0.0117383417 0.0413876154 -0.0923348649
v 0.0146301662 0.0393338456 -0.0929794915
v 0.0135772927 0.0413686456 -0.0905862427
v 0.0160139311 0.0392731293 -0.0922231062
v 0.0153759051 0.0413964953 -0.0897001592
v 0.0199450044 0.0392456294 -0.0914145669
v 0.00993725482 0.0413782117 -0.0556486833
v 0.0191341002 0.0413893913 -0.0888897164
v 0.0220614056 0.0413618535 -0.0871400232
v 0.0230578075 0.0392473759 -0.0895675388
v 0.0248081046 0.0392427311 -0.087778148
v 0.0108009852 0.041374245 -0.0547366159
v 0.018085706 0.0413874035 -0.0677789445
v 0.018787996 0.0413761811 -0.0707311614
v 0.0107551904 0.040907306 -0.0543011411
v 0.0200337534 0.0413860095 -0.0725125661
v 0.0112602393 0.0413513869 -0.053246913
v 0.0110194204 0.0409163544 -0.0529369107
v 0.0109052984 0.0412827018 -0.0520129164
v 0.015421975 0.0414123248 -0.051604805
v 0.0219527145 0.041384703 -0.0522615912
v 0.0228363752 0.040864865 -0.0524647243
v 0.0239308656 0.0397282208 -0.0534576189
v 0.0242334189 0.039288363 -0.0543826784
v 0.020768554 0.0392773876 -0.0676413765
v 0.0209854474 0.0393338258 -0.0693351612
v 0.0218527706 0.039266628 -0.0706754334
v 0.0249463332 0.0392442183 -0.0735706068
v 0.0236461965 0.0413264198 -0.0759939547
v 0.0264050201 0.0392402604 -0.0760772789
v 0.0272468106 0.0392397569 -0.0789539772
v 0.0247601122 0.0413838796 -0.0798372028
v 0.0271480322 0.039250278 -0.0826845178
v 0.0241925656 0.0413562658 -0.0839153538
v 0.0262261509 0.0392398092 -0.0855439284
vt 0.446044922 0.142578125
vt 0.448242188 0.140136719
vt 0.447753906 0.145996094
vt 0.445800781 0.146850586
vt 0.436523438 0.147338867
vt 0.436523438 0.143676758
vt 0.447753906 0.149902344
vt 0.426269531 0.143920898
vt 0.445800781 0.150634766
vt 0.447509766 0.153686523
vt 0.445556641 0.155151367
vt 0.447509766 0.157592773
vt 0.445556641 0.158691406
vt 0.447509766 0.161499023
vt 0.445556641 0.161865234
vt 0.447753906 0.165649414
vt 0.427734375 0.157958984
vt 0.445800781 0.165649414
vt 0.447753906 0.169921875
vt 0.445800781 0.170654297
vt 0.447753906 0.173828125
vt 0.428710938 0.153808594
vt 0.436279297 0.151000977
vt 0.426269531 0.155151367
vt 0.422607422 0.158935547
vt 0.425537109 0.151977539
vt 0.427734375 0.16027832
vt 0.436279297 0.163208008
vt 0.436035156 0.166870117
vt 0.426269531 0.162719727
vt 0.42578125 0.1484375
vt 0.420898438 0.148193359
vt 0.417724609 0.143676758
vt 0.421142578 0.152099609
vt 0.415283203 0.153076172
vt 0.415039062 0.149414062
vt 0.401611328 0.145874023
vt 0.421875 0.155273438
vt 0.40234375 0.150634766
vt 0.396240234 0.151245117
vt 0.395996094 0.145874023
vt 0.402587891 0.152954102
vt 0.396484375 0.155883789
vt 0.402587891 0.155395508
vt 0.415771484 0.156738281
vt 0.415771484 0.159179688
vt 0.402832031 0.157836914
vt 0.390136719 0.151000977
vt 0.389404297 0.146118164
vt 0.377197266 0.151489258
vt 0.381103516 0.14465332
vt 0.378662109 0.147827148
vt 0.383544922 0.154052734
vt 0.370117188 0.155883789
vt 0.384277344 0.15637207
vt 0.364746094 0.157836914
vt 0.367919922 0.16015625
vt 0.356201172 0.16015625
vt 0.387207031 0.158569336
vt 0.387451172 0.161010742
vt 0.396728516 0.16015625
vt 0.403076172 0.16027832
vt 0.415771484 0.161621094
vt 0.400634766 0.162719727
vt 0.387939453 0.166625977
vt 0.387451172 0.163330078
vt 0.422119141 0.163330078
vt 0.415771484 0.1640625
vt 0.372314453 0.162109375
vt 0.401123047 0.165283203
vt 0.388427734 0.171386719
vt 0.415283203 0.166503906
vt 0.422363281 0.166503906
vt 0.401611328 0.16784668
vt 0.413574219 0.169189453
vt 0.372558594 0.164550781
vt 0.426757812 0.166259766
vt 0.426757812 0.170043945
vt 0.402099609 0.170288086
vt 0.388671875 0.176025391
vt 0.404296875 0.172485352
vt 0.422851562 0.170410156
vt 0.436523438 0.17175293
vt 0.402587891 0.175415039
vt 0.426025391 0.173828125
vt 0.445800781 0.174560547
vt 0.407226562 0.178344727
vt 0.436523438 0.176635742
vt 0.445800781 0.177368164
vt 0.447753906 0.179321289
vt 0.444335938 0.177612305
vt 0.436279297 0.182373047
vt 0.427001953 0.178466797
vt 0.445800781 0.181274414
vt 0.447753906 0.186767578
vt 0.445800781 0.185424805
vt 0.445800781 0.188842773
vt 0.447753906 0.192626953
vt 0.437255859 0.186279297
vt 0.423583984 0.185668945
vt 0.425537109 0.183105469
vt 0.408691406 0.179931641
vt 0.388427734 0.180664062
vt 0.403808594 0.182495117
vt 0.427734375 0.189331055
vt 0.445800781 0.19128418
vt 0.427978516 0.193115234
vt 0.446044922 0.194946289
vt 0.447998047 0.196533203
vt 0.427978516 0.19519043
vt 0.446044922 0.19909668
vt 0.447998047 0.200195312
vt 0.428222656 0.197021484
vt 0.446289062 0.201904297
vt 0.447998047 0.203735352
vt 0.428222656 0.19909668
vt 0.446289062 0.203857422
vt 0.447998047 0.20703125
vt 0.446289062 0.207275391
vt 0.447998047 0.211914062
vt 0.420898438 0.194580078
vt 0.420898438 0.196899414
vt 0.420898438 0.19921875
vt 0.420410156 0.19152832
vt 0.415527344 0.197143555
vt 0.420898438 0.188476562
vt 0.406738281 0.186889648
vt 0.413574219 0.193603516
vt 0.405517578 0.191040039
vt 0.402099609 0.185180664
vt 0.405273438 0.194580078
vt 0.405273438 0.196899414
vt 0.415771484 0.199462891
vt 0.381103516 0.183837891
vt 0.420898438 0.202514648
vt 0.428466797 0.202514648
vt 0.422607422 0.206420898
vt 0.436767578 0.203979492
vt 0.4296875 0.207885742
vt 0.446289062 0.21081543
vt 0.426269531 0.21105957
vt 0.446289062 0.217407227
vt 0.448242188 0.221069336
vt 0.428222656 0.216552734
vt 0.446289062 0.22253418
vt 0.448242188 0.225830078
vt 0.419677734 0.211303711
vt 0.427246094 0.220214844
vt 0.422851562 0.217041016
vt 0.420166016 0.220458984
vt 0.426757812 0.22265625
vt 0.446289062 0.226074219
vt 0.446289062 0.229858398
vt 0.448242188 0.229614258
vt 0.448242188 0.233154297
vt 0.418945312 0.215576172
vt 0.446289062 0.233886719
vt 0.448242188 0.237915039
vt 0.446289062 0.23828125
vt 0.448242188 0.241943359
vt 0.446289062 0.242797852
vt 0.447998047 0.247314453
vt 0.426757812 0.227416992
vt 0.426513672 0.224853516
vt 0.422119141 0.223754883
vt 0.428710938 0.236694336
vt 0.428710938 0.234130859
vt 0.446289062 0.246582031
vt 0.446044922 0.251464844
vt 0.447998047 0.252441406
vt 0.447998047 0.257080078
vt 0.419189453 0.223999023
vt 0.420898438 0.228027344
vt 0.428710938 0.229370117
vt 0.430908203 0.232299805
vt 0.422851562 0.229370117
vt 0.417236328 0.23034668
vt 0.421630859 0.232666016
vt 0.42578125 0.231445312
vt 0.424804688 0.233764648
vt 0.424560547 0.237182617
vt 0.415771484 0.227783203
vt 0.428222656 0.238769531
vt 0.427978516 0.241577148
vt 0.427978516 0.244750977
vt 0.424560547 0.241699219
vt 0.427978516 0.246826172
vt 0.424560547 0.244995117
vt 0.430419922 0.248901367
vt 0.421630859 0.239257812
vt 0.421630859 0.243652344
vt 0.421875 0.235839844
vt 0.418945312 0.236206055
vt 0.418701172 0.240356445
vt 0.419189453 0.232299805
vt 0.427001953 0.250976562
vt 0.423828125 0.247192383
vt 0.421386719 0.246948242
vt 0.418212891 0.244628906
vt 0.430175781 0.251953125
vt 0.421630859 0.251708984
vt 0.424560547 0.250732422
vt 0.427001953 0.255371094
vt 0.430175781 0.256103516
vt 0.427490234 0.259277344
vt 0.423095703 0.256103516
vt 0.446044922 0.255859375
vt 0.445800781 0.260498047
vt 0.447753906 0.262695312
vt 0.445800781 0.264404297
vt 0.447509766 0.268066406
vt 0.445556641 0.268554688
vt 0.447509766 0.272216797
vt 0.4453125 0.272705078
vt 0.447265625 0.276611328
vt 0.445068359 0.277099609
vt 0.447021484 0.281982422
vt 0.428710938 0.273193359
vt 0.429199219 0.266113281
vt 0.4296875 0.262695312
vt 0.426513672 0.262207031
vt 0.428955078 0.269775391
vt 0.426025391 0.266845703
vt 0.423583984 0.259521484
vt 0.423095703 0.262939453
vt 0.425537109 0.271728516
vt 0.420166016 0.259277344
vt 0.422607422 0.266601562
vt 0.420654297 0.255859375
vt 0.417724609 0.255126953
vt 0.419433594 0.262695312
vt 0.418212891 0.247802734
vt 0.417236328 0.259521484
vt 0.405273438 0.244750977
vt 0.403320312 0.252197266
vt 0.412841797 0.239746094
vt 0.403564453 0.240844727
vt 0.412841797 0.237670898
vt 0.406494141 0.235961914
vt 0.402099609 0.245239258
vt 0.413330078 0.233520508
vt 0.414550781 0.231567383
vt 0.405029297 0.232055664
vt 0.405273438 0.229858398
vt 0.403564453 0.235961914
vt 0.403320312 0.227294922
vt 0.401123047 0.23046875
vt 0.394287109 0.227172852
vt 0.400390625 0.235595703
vt 0.403076172 0.225219727
vt 0.399658203 0.240112305
vt 0.393554688 0.231323242
vt 0.415527344 0.225830078
vt 0.413574219 0.222412109
vt 0.403076172 0.223388672
vt 0.393066406 0.236694336
vt 0.395507812 0.223999023
vt 0.415039062 0.21862793
vt 0.407226562 0.218505859
vt 0.412597656 0.215454102
vt 0.407714844 0.221313477
vt 0.402832031 0.220947266
vt 0.395019531 0.221801758
vt 0.396484375 0.21875
vt 0.392822266 0.223022461
vt 0.393554688 0.218261719
vt 0.402832031 0.216552734
vt 0.397705078 0.210693359
vt 0.413574219 0.211425781
vt 0.395996094 0.215087891
vt 0.390625 0.223510742
vt 0.415527344 0.206542969
vt 0.391113281 0.214355469
vt 0.392089844 0.226806641
vt 0.391357422 0.231445312
vt 0.405273438 0.206665039
vt 0.415771484 0.204345703
vt 0.405273438 0.20300293
vt 0.415771484 0.201904297
vt 0.405273438 0.19934082
vt 0.397705078 0.206054688
vt 0.397949219 0.203491211
vt 0.393066406 0.210205078
vt 0.395019531 0.201171875
vt 0.393310547 0.205444336
vt 0.387695312 0.209716797
vt 0.385986328 0.204833984
vt 0.387451172 0.215820312
vt 0.383544922 0.2109375
vt 0.379394531 0.20324707
vt 0.385009766 0.220092773
vt 0.389160156 0.219482422
vt 0.381835938 0.199951172
vt 0.371582031 0.197509766
vt 0.388671875 0.200561523
vt 0.386230469 0.221801758
vt 0.388183594 0.22265625
vt 0.395019531 0.198486328
vt 0.389404297 0.197265625
vt 0.382568359 0.197998047
vt 0.385009766 0.224609375
vt 0.383056641 0.225830078
vt 0.390136719 0.22668457
vt 0.387451172 0.225097656
vt 0.372314453 0.195556641
vt 0.368164062 0.197021484
vt 0.383789062 0.196044922
vt 0.368896484 0.195556641
vt 0.364990234 0.197143555
vt 0.389648438 0.231933594
vt 0.388427734 0.227905273
vt 0.386474609 0.227539062
vt 0.390625 0.236083984
vt 0.387939453 0.231567383
vt 0.384521484 0.227172852
vt 0.391601562 0.240600586
vt 0.387939453 0.236572266
vt 0.385253906 0.229370117
vt 0.381103516 0.228515625
vt 0.379638672 0.229248047
vt 0.380615234 0.230224609
vt 0.385742188 0.231933594
vt 0.37890625 0.231567383
vt 0.378417969 0.229980469
vt 0.382324219 0.231445312
vt 0.375976562 0.232055664
vt 0.375976562 0.230712891
vt 0.373535156 0.231323242
vt 0.379150391 0.234008789
vt 0.384033203 0.233520508
vt 0.384277344 0.237182617
vt 0.385253906 0.242675781
vt 0.379150391 0.238891602
vt 0.387939453 0.240844727
vt 0.365966797 0.256591797
vt 0.373291016 0.260742188
vt 0.368896484 0.231811523
vt 0.3828125 0.241821289
vt 0.379394531 0.256591797
vt 0.359619141 0.267333984
vt 0.353271484 0.265136719
vt 0.364746094 0.232177734
vt 0.347412109 0.262695312
vt 0.361328125 0.231689453
vt 0.341552734 0.259521484
vt 0.358642578 0.23059082
vt 0.336181641 0.255615234
vt 0.355957031 0.229125977
vt 0.331298828 0.251220703
vt 0.354003906 0.227172852
vt 0.326904297 0.24597168
vt 0.352539062 0.224975586
vt 0.322998047 0.240356445
vt 0.351318359 0.222412109
vt 0.320068359 0.234130859
vt 0.350585938 0.220214844
vt 0.316650391 0.225097656
vt 0.350097656 0.217407227
vt 0.350097656 0.21484375
vt 0.315429688 0.217651367
vt 0.350341797 0.211914062
vt 0.315185547 0.21105957
vt 0.340820312 0.208129883
vt 0.351074219 0.209960938
vt 0.351318359 0.208862305
vt 0.321289062 0.204101562
vt 0.316162109 0.201416016
vt 0.317626953 0.19543457
vt 0.343261719 0.19934082
vt 0.318847656 0.192382812
vt 0.341064453 0.203735352
vt 0.348388672 0.203735352
vt 0.352050781 0.207519531
vt 0.352783203 0.206176758
vt 0.352539062 0.203857422
vt 0.353759766 0.204711914
vt 0.354736328 0.203613281
vt 0.347900391 0.197021484
vt 0.351806641 0.198364258
vt 0.330810547 0.190551758
vt 0.322265625 0.185668945
vt 0.337646484 0.188842773
vt 0.324951172 0.181884766
vt 0.341064453 0.193359375
vt 0.337890625 0.185424805
vt 0.327636719 0.178222656
vt 0.345703125 0.195678711
vt 0.344970703 0.189941406
vt 0.339599609 0.182861328
vt 0.330566406 0.174804688
vt 0.348388672 0.192749023
vt 0.33984375 0.177124023
vt 0.333740234 0.171630859
vt 0.346923828 0.186523438
vt 0.350341797 0.194580078
vt 0.353271484 0.192871094
vt 0.349853516 0.191040039
vt 0.342773438 0.172119141
vt 0.33984375 0.167114258
vt 0.344482422 0.180908203
vt 0.3515625 0.189208984
vt 0.345214844 0.169799805
vt 0.347412109 0.163452148
vt 0.348632812 0.177001953
vt 0.349365234 0.18371582
vt 0.353515625 0.188232422
vt 0.349609375 0.165771484
vt 0.352050781 0.181030273
vt 0.351074219 0.168334961
vt 0.35546875 0.163208008
vt 0.350830078 0.17175293
vt 0.353027344 0.173217773
vt 0.35546875 0.166381836
vt 0.360351562 0.161987305
vt 0.356689453 0.169799805
vt 0.360107422 0.164672852
vt 0.366699219 0.163085938
vt 0.362304688 0.167724609
vt 0.3671875 0.165527344
vt 0.367919922 0.168945312
vt 0.363769531 0.172973633
vt 0.369384766 0.173828125
vt 0.359375 0.174926758
vt 0.373046875 0.166992188
vt 0.374023438 0.169311523
vt 0.375 0.171875
vt 0.375732422 0.174072266
vt 0.376464844 0.176513672
vt 0.365234375 0.177734375
vt 0.355957031 0.178222656
vt 0.379882812 0.1796875
vt 0.369873047 0.177612305
vt 0.361328125 0.17956543
vt 0.354980469 0.184692383
vt 0.377441406 0.182373047
vt 0.375244141 0.181030273
vt 0.366943359 0.182617188
vt 0.371337891 0.182373047
vt 0.358398438 0.182373047
vt 0.375732422 0.184570312
vt 0.36328125 0.183837891
vt 0.359130859 0.185546875
vt 0.376953125 0.186523438
vt 0.371826172 0.185913086
vt 0.367675781 0.186401367
vt 0.392822266 0.187255859
vt 0.378173828 0.188232422
vt 0.355957031 0.18762207
vt 0.363769531 0.186401367
vt 0.356689453 0.19128418
vt 0.360107422 0.188110352
vt 0.364257812 0.188842773
vt 0.372070312 0.189575195
vt 0.361328125 0.19128418
vt 0.368408203 0.190063477
vt 0.364990234 0.192260742
vt 0.356445312 0.195678711
vt 0.357666016 0.192260742
vt 0.359130859 0.195068359
vt 0.362060547 0.194458008
vt 0.354736328 0.197753906
vt 0.360107422 0.197021484
vt 0.354736328 0.202270508
vt 0.355712891 0.202270508
vt 0.357421875 0.200805664
vt 0.357421875 0.198242188
vt 0.359619141 0.19921875
vt 0.361572266 0.198242188
vt 0.363037109 0.196411133
vt 0.364746094 0.194458008
vt 0.365478516 0.195800781
vt 0.368652344 0.194091797
vt 0.368652344 0.192504883
vt 0.372314453 0.193847656
vt 0.372802734 0.192382812
vt 0.38671875 0.193969727
vt 0.378173828 0.189941406
vt 0.386230469 0.192016602
vt 0.395751953 0.196289062
vt 0.396484375 0.194335938
vt 0.396972656 0.191772461
vt 0.398193359 0.189453125
vt 0.806640625 0.879394531
vt 0.807617188 0.876464844
vt 0.805664062 0.883300781
vt 0.809082031 0.874023438
vt 0.811523438 0.871582031
vt 0.813964844 0.869628906
vt 0.818359375 0.867675781
vt 0.824707031 0.866210938
vt 0.829589844 0.866699219
vt 0.832519531 0.867675781
vt 0.8359375 0.869140625
vt 0.838867188 0.87109375
vt 0.840820312 0.873535156
vt 0.842773438 0.875976562
vt 0.844238281 0.87890625
vt 0.845214844 0.882324219
vt 0.845703125 0.887207031
vt 0.845214844 0.891601562
vt 0.84375 0.895996094
vt 0.841796875 0.899414062
vt 0.839355469 0.90234375
vt 0.836914062 0.904296875
vt 0.833007812 0.90625
vt 0.828613281 0.907226562
vt 0.824707031 0.907714844
vt 0.8203125 0.907226562
vt 0.815917969 0.905273438
vt 0.812988281 0.903808594
vt 0.810058594 0.901367188
vt 0.808105469 0.8984375
vt 0.806640625 0.895507812
vt 0.805664062 0.891601562
vt 0.382568359 0.291259766
vt 0.374267578 0.290039062
vt 0.376464844 0.285644531
vt 0.384277344 0.286621094
vt 0.387451172 0.286621094
vt 0.387695312 0.283691406
vt 0.382080078 0.284179688
vt 0.377441406 0.281494141
vt 0.389404297 0.291748047
vt 0.378662109 0.280517578
vt 0.389648438 0.286621094
vt 0.380371094 0.279541016
vt 0.378417969 0.277832031
vt 0.396240234 0.287353516
vt 0.395263672 0.292724609
vt 0.396240234 0.284912109
vt 0.407714844 0.287841797
vt 0.413330078 0.294677734
vt 0.383056641 0.28125
vt 0.383544922 0.279052734
vt 0.380859375 0.276855469
vt 0.415283203 0.289794922
vt 0.422851562 0.296630859
vt 0.379150391 0.275878906
vt 0.376708984 0.275146484
vt 0.427734375 0.291503906
vt 0.434082031 0.297119141
vt 0.444580078 0.291259766
vt 0.444335938 0.296142578
vt 0.446533203 0.293212891
vt 0.446777344 0.287597656
vt 0.427001953 0.287353516
vt 0.444580078 0.286132812
vt 0.427490234 0.28125
vt 0.445068359 0.281005859
vt 0.415771484 0.287841797
vt 0.419921875 0.285644531
vt 0.410644531 0.284667969
vt 0.426513672 0.277587891
vt 0.420654297 0.282958984
vt 0.396484375 0.282714844
vt 0.423339844 0.280517578
vt 0.41015625 0.282226562
vt 0.424072266 0.275146484
vt 0.409423828 0.279785156
vt 0.420654297 0.277832031
vt 0.388671875 0.281738281
vt 0.408447266 0.277099609
vt 0.395996094 0.280761719
vt 0.421142578 0.272460938
vt 0.397949219 0.276367188
vt 0.420898438 0.269775391
vt 0.410888672 0.26953125
vt 0.396728516 0.278808594
vt 0.389404297 0.278808594
vt 0.387939453 0.277099609
vt 0.419189453 0.267578125
vt 0.419189453 0.265136719
vt 0.406982422 0.266601562
vt 0.398925781 0.274169922
vt 0.405029297 0.261962891
vt 0.404296875 0.257568359
vt 0.400634766 0.2578125
vt 0.400878906 0.264648438
vt 0.403320312 0.269287109
vt 0.401367188 0.271972656
vt 0.397949219 0.269287109
vt 0.396484375 0.271484375
vt 0.389648438 0.2734375
vt 0.388183594 0.272216797
vt 0.385742188 0.276611328
vt 0.383789062 0.275634766
vt 0.383056641 0.272705078
vt 0.385498047 0.272460938
vt 0.387939453 0.267578125
vt 0.396972656 0.264160156
vt 0.397460938 0.259033203
vt 0.397949219 0.254150391
vt 0.390380859 0.258544922
vt 0.389648438 0.262695312
vt 0.385498047 0.266845703
vt 0.381103516 0.271972656
vt 0.3984375 0.245605469
vt 0.389892578 0.254638672
vt 0.387207031 0.261962891
vt 0.391845703 0.24621582
vt 0.383544922 0.266113281
vt 0.377929688 0.273681641
vt 0.373291016 0.272460938
vt 0.388916016 0.245117188
vt 0.385986328 0.259277344
vt 0.388427734 0.250244141
vt 0.38671875 0.245483398
vt 0.385009766 0.253662109
vt 0.375 0.270019531
vt 0.370605469 0.270996094
vt 0.382080078 0.264160156
vt 0.381591797 0.257324219
vt 0.379638672 0.263671875
vt 0.378662109 0.271240234
vt 0.375732422 0.268310547
vt 0.372070312 0.267089844
vt 0.366943359 0.26953125
vt 0.368652344 0.265380859
vt 0.362792969 0.268310547
vt 0.605957031 0.955566406
vt 0.601074219 0.952636719
vt 0.597167969 0.94921875
vt 0.610839844 0.95703125
vt 0.614746094 0.957519531
vt 0.618164062 0.95703125
vt 0.620117188 0.95703125
vt 0.625 0.955566406
vt 0.629882812 0.953125
vt 0.635253906 0.946777344
vt 0.639160156 0.938964844
vt 0.639160156 0.926269531
vt 0.637207031 0.921875
vt 0.634765625 0.917480469
vt 0.631347656 0.913574219
vt 0.628417969 0.911132812
vt 0.624023438 0.909179688
vt 0.620605469 0.908203125
vt 0.617675781 0.907714844
vt 0.615234375 0.907714844
vt 0.612304688 0.907714844
vt 0.609863281 0.908203125
vt 0.606933594 0.909179688
vt 0.60546875 0.909667969
vt 0.602050781 0.911621094
vt 0.598144531 0.914550781
vt 0.595214844 0.917480469
vt 0.592773438 0.921875
vt 0.591308594 0.92578125
vt 0.590820312 0.930664062
vt 0.590820312 0.935546875
vt 0.591796875 0.940917969
vt 0.594238281 0.9453125
vt 0.783203125 0.924804688
vt 0.786132812 0.925292969
vt 0.784179688 0.92578125
vt 0.786621094 0.923828125
vt 0.786621094 0.922363281
vt 0.783691406 0.921386719
vt 0.787109375 0.921875
vt 0.780761719 0.924804688
vt 0.786621094 0.918945312
vt 0.78125 0.927734375
vt 0.790039062 0.917480469
vt 0.778320312 0.928222656
vt 0.790527344 0.919433594
vt 0.779296875 0.930664062
vt 0.794433594 0.916015625
vt 0.793945312 0.918457031
vt 0.776855469 0.931640625
vt 0.778320312 0.934082031
vt 0.777832031 0.9375
vt 0.775878906 0.9375
vt 0.777832031 0.94140625
vt 0.775878906 0.94140625
vt 0.778320312 0.942382812
vt 0.797851562 0.91796875
vt 0.797851562 0.915527344
vt 0.801757812 0.915527344
vt 0.801757812 0.91796875
vt 0.805664062 0.916503906
vt 0.805664062 0.918457031
vt 0.809570312 0.91796875
vt 0.809082031 0.919921875
vt 0.812988281 0.919921875
vt 0.812011719 0.922363281
vt 0.815917969 0.922363281
vt 0.814941406 0.924804688
vt 0.818359375 0.92578125
vt 0.817382812 0.927734375
vt 0.820800781 0.929199219
vt 0.818847656 0.931152344
vt 0.821777344 0.932128906
vt 0.8203125 0.935058594
vt 0.822265625 0.9375
vt 0.820800781 0.938964844
vt 0.822265625 0.94140625
vt 0.8203125 0.942871094
vt 0.821777344 0.9453125
vt 0.819824219 0.943847656
vt 0.818359375 0.947753906
vt 0.818359375 0.944335938
vt 0.8203125 0.94921875
vt 0.817382812 0.946289062
vt 0.817871094 0.944824219
vt 0.818359375 0.948730469
vt 0.818847656 0.952636719
vt 0.815917969 0.953125
vt 0.81640625 0.955566406
vt 0.813476562 0.958496094
vt 0.811523438 0.957519531
vt 0.810058594 0.960449219
vt 0.806640625 0.961914062
vt 0.806640625 0.959960938
vt 0.801757812 0.9609375
vt 0.803222656 0.962890625
vt 0.805664062 0.959960938
vt 0.802734375 0.958984375
vt 0.8046875 0.958984375
vt 0.803710938 0.958496094
vt 0.80078125 0.961425781
vt 0.799316406 0.963378906
vt 0.795410156 0.962890625
vt 0.796875 0.961425781
vt 0.791503906 0.961914062
vt 0.79296875 0.960449219
vt 0.788085938 0.960449219
vt 0.789550781 0.958984375
vt 0.784667969 0.958496094
vt 0.786132812 0.95703125
vt 0.782226562 0.955566406
vt 0.783203125 0.954101562
vt 0.779785156 0.952636719
vt 0.780761719 0.951171875
vt 0.777832031 0.94921875
vt 0.779296875 0.947265625
vt 0.776367188 0.9453125
vt 0.779296875 0.946289062
vt 0.780273438 0.9453125
vt 0.780761719 0.944335938
vt 0.780273438 0.942871094
vt 0.920410156 0.794433594
vt 0.919921875 0.79296875
vt 0.922363281 0.791015625
vt 0.922363281 0.795410156
vt 0.927734375 0.802246094
vt 0.928222656 0.801269531
vt 0.922851562 0.794921875
vt 0.929199219 0.801757812
vt 0.926757812 0.795410156
vt 0.930664062 0.796386719
vt 0.931640625 0.796875
vt 0.932128906 0.797363281
vt 0.937011719 0.800292969
vt 0.930175781 0.803710938
vt 0.940429688 0.804199219
vt 0.942871094 0.808105469
vt 0.928710938 0.802246094
vt 0.929199219 0.803222656
vt 0.928222656 0.803710938
vt 0.929199219 0.804199219
vt 0.929199219 0.805175781
vt 0.928222656 0.806152344
vt 0.9296875 0.805664062
vt 0.929199219 0.806640625
vt 0.928710938 0.807617188
vt 0.9296875 0.806640625
vt 0.9296875 0.807128906
vt 0.930175781 0.807617188
vt 0.9296875 0.808105469
vt 0.929199219 0.80859375
vt 0.931152344 0.810058594
vt 0.931152344 0.811035156
vt 0.933105469 0.811035156
vt 0.943359375 0.811035156
vt 0.934082031 0.815917969
vt 0.944335938 0.813964844
vt 0.944335938 0.817871094
vt 0.943359375 0.822753906
vt 0.933105469 0.821289062
vt 0.940917969 0.827148438
vt 0.937988281 0.831054688
vt 0.929199219 0.825195312
vt 0.934082031 0.833984375
vt 0.931640625 0.835449219
vt 0.930175781 0.836425781
vt 0.931640625 0.809570312
vt 0.932617188 0.811523438
vt 0.93359375 0.813964844
vt 0.932617188 0.812011719
vt 0.932128906 0.812988281
vt 0.933105469 0.813964844
vt 0.933105469 0.815429688
vt 0.932617188 0.814941406
vt 0.932617188 0.816894531
vt 0.93359375 0.817382812
vt 0.933105469 0.817871094
vt 0.932128906 0.818847656
vt 0.932617188 0.8203125
vt 0.932128906 0.8203125
vt 0.930664062 0.821777344
vt 0.931152344 0.822753906
vt 0.929199219 0.824707031
vt 0.929199219 0.823242188
vt 0.927734375 0.824707031
vt 0.927246094 0.826171875
vt 0.924804688 0.826660156
vt 0.925292969 0.827148438
vt 0.923828125 0.827148438
vt 0.92578125 0.827636719
vt 0.924804688 0.828125
vt 0.925292969 0.828125
vt 0.926269531 0.837402344
vt 0.924316406 0.829101562
vt 0.922851562 0.837402344
vt 0.922363281 0.836914062
vt 0.923828125 0.828613281
vt 0.923339844 0.828613281
vt 0.921386719 0.838378906
vt 0.923339844 0.838378906
vt 0.924316406 0.839355469
vt 0.920898438 0.838867188
vt 0.924316406 0.83984375
vt 0.919921875 0.839355469
vt 0.168823242 0.434814453
vt 0.169433594 0.436279297
vt 0.16784668 0.433837891
vt 0.171508789 0.434570312
vt 0.172485352 0.435546875
vt 0.170898438 0.439941406
vt 0.174072266 0.439697266
vt 0.174804688 0.443115234
vt 0.17199707 0.445068359
vt 0.175170898 0.446777344
vt 0.17199707 0.450195312
vt 0.175170898 0.450927734
vt 0.174682617 0.454101562
vt 0.171264648 0.455322266
vt 0.173583984 0.458251953
vt 0.169433594 0.460205078
vt 0.171875 0.462158203
vt 0.170654297 0.462646484
vt 0.169067383 0.462402344
vt 0.16784668 0.462890625
vt 0.853027344 0.903320312
vt 0.853027344 0.90234375
vt 0.856933594 0.903320312
vt 0.857421875 0.90234375
vt 0.853027344 0.900878906
vt 0.858398438 0.900878906
vt 0.853027344 0.899902344
vt 0.858886719 0.899902344
vt 0.853027344 0.8984375
vt 0.858886719 0.8984375
vt 0.853027344 0.896484375
vt 0.857421875 0.896484375
vt 0.853027344 0.895507812
vt 0.856933594 0.895019531
vt 0.853027344 0.891601562
vt 0.856933594 0.890625
vt 0.853027344 0.887695312
vt 0.856933594 0.887207031
vt 0.853027344 0.883789062
vt 0.856933594 0.883300781
vt 0.856933594 0.879394531
vt 0.853027344 0.879882812
vt 0.856933594 0.876464844
vt 0.853027344 0.875976562
vt 0.856933594 0.872070312
vt 0.853027344 0.872070312
vt 0.856933594 0.867675781
vt 0.853027344 0.867675781
vt 0.853027344 0.866699219
vt 0.857421875 0.866699219
vt 0.853027344 0.865234375
vt 0.858398438 0.865722656
vt 0.853027344 0.864746094
vt 0.858886719 0.864257812
vt 0.853027344 0.86328125
vt 0.858886719 0.86328125
vt 0.283447266 0.000846862793
vt 0.285644531 0.000958919525
vt 0.286621094 0.0013999939
vt 0.287597656 0.00427627563
vt 0.284912109 0.00643920898
vt 0.288085938 0.00738143921
vt 0.288085938 0.0113449097
vt 0.28515625 0.0119476318
vt 0.287841797 0.0154190063
vt 0.284423828 0.0165557861
vt 0.287109375 0.0182495117
vt 0.286132812 0.0187988281
vt 0.284423828 0.0188903809
vt 0.283447266 0.0196380615
vt 0.264160156 0.0854492188
vt 0.262695312 0.085144043
vt 0.264648438 0.085144043
vt 0.260986328 0.0862426758
vt 0.26171875 0.0848388672
vt 0.261230469 0.0841064453
vt 0.264160156 0.0887451172
vt 0.261230469 0.0913085938
vt 0.264648438 0.0930175781
vt 0.261962891 0.0924682617
vt 0.158325195 0.230957031
vt 0.158935547 0.226806641
vt 0.159057617 0.23034668
vt 0.160644531 0.230102539
vt 0.161743164 0.229248047
vt 0.161987305 0.224243164
vt 0.158813477 0.223022461
vt 0.161621094 0.220581055
vt 0.158325195 0.22265625
vt 0.704101562 0.701660156
vt 0.703613281 0.701171875
vt 0.712402344 0.701171875
vt 0.712402344 0.702636719
vt 0.704101562 0.702636719
vt 0.703613281 0.704101562
vt 0.712402344 0.704589844
vt 0.703613281 0.705566406
vt 0.712402344 0.706054688
vt 0.704101562 0.706054688
vt 0.712402344 0.707519531
vt 0.705566406 0.707519531
vt 0.712402344 0.708496094
vt 0.705566406 0.708984375
vt 0.712402344 0.712402344
vt 0.705566406 0.713378906
vt 0.711914062 0.716308594
vt 0.705566406 0.716796875
vt 0.711914062 0.720214844
vt 0.705566406 0.720214844
vt 0.711914062 0.724121094
vt 0.705566406 0.723632812
vt 0.711914062 0.727539062
vt 0.705566406 0.727539062
vt 0.711914062 0.731445312
vt 0.705566406 0.731933594
vt 0.711914062 0.735351562
vt 0.705566406 0.735839844
vt 0.711914062 0.739257812
vt 0.705566406 0.738769531
vt 0.711914062 0.743164062
vt 0.705566406 0.743164062
vt 0.711914062 0.746582031
vt 0.705566406 0.746582031
vt 0.705078125 0.749511719
vt 0.708007812 0.75
vt 0.711914062 0.750488281
vt 0.708007812 0.753417969
vt 0.711914062 0.754394531
vt 0.708007812 0.758300781
vt 0.711914062 0.758789062
vt 0.711914062 0.759765625
vt 0.707519531 0.759765625
vt 0.711914062 0.761230469
vt 0.706542969 0.760742188
vt 0.711914062 0.76171875
vt 0.706054688 0.76171875
vt 0.711914062 0.763183594
vt 0.706054688 0.763183594
vt 0.706054688 0.763183594
vt 0.711914062 0.765136719
vt 0.707519531 0.765136719
vt 0.708007812 0.766113281
vt 0.711914062 0.766113281
vt 0.708007812 0.769042969
vt 0.711914062 0.770996094
vt 0.708496094 0.771972656
vt 0.708496094 0.775878906
vt 0.712402344 0.77734375
vt 0.708496094 0.779785156
vt 0.712402344 0.782714844
vt 0.708496094 0.782714844
vt 0.071105957 0.23828125
vt 0.0651245117 0.23828125
vt 0.0651245117 0.236328125
vt 0.0692138672 0.236083984
vt 0.0651245117 0.235473633
vt 0.0688476562 0.234863281
vt 0.0651245117 0.231567383
vt 0.0689086914 0.229858398
vt 0.0651245117 0.228149414
vt 0.0651245117 0.224731445
vt 0.0689086914 0.227783203
vt 0.0735473633 0.226806641
vt 0.0739135742 0.226074219
vt 0.0739135742 0.221313477
vt 0.0651245117 0.221313477
vt 0.0651245117 0.217773438
vt 0.0738525391 0.217895508
vt 0.91015625 0.541503906
vt 0.909667969 0.538085938
vt 0.911132812 0.537597656
vt 0.913574219 0.53125
vt 0.913085938 0.533691406
vt 0.915527344 0.530761719
vt 0.916503906 0.52734375
vt 0.918457031 0.527832031
vt 0.921875 0.525390625
vt 0.921875 0.523925781
vt 0.925292969 0.523925781
vt 0.927734375 0.521972656
vt 0.929199219 0.522949219
vt 0.932617188 0.521484375
vt 0.93359375 0.522949219
vt 0.936523438 0.521972656
vt 0.937011719 0.522949219
vt 0.938964844 0.522460938
vt 0.94140625 0.522949219
vt 0.94140625 0.524902344
vt 0.943359375 0.523925781
vt 0.944824219 0.526367188
vt 0.945800781 0.525390625
vt 0.94921875 0.527832031
vt 0.948242188 0.528808594
vt 0.950683594 0.529296875
vt 0.950683594 0.531738281
vt 0.952636719 0.532226562
vt 0.953125 0.534667969
vt 0.955566406 0.537109375
vt 0.954589844 0.538085938
vt 0.95703125 0.541503906
vt 0.956054688 0.541992188
vt 0.957519531 0.546875
vt 0.956542969 0.545898438
vt 0.956054688 0.549804688
vt 0.956542969 0.553222656
vt 0.955566406 0.553710938
vt 0.954101562 0.557128906
vt 0.954589844 0.558105469
vt 0.952148438 0.560546875
vt 0.951660156 0.5625
vt 0.949707031 0.563476562
vt 0.948242188 0.565917969
vt 0.946777344 0.56640625
vt 0.943847656 0.568847656
vt 0.943359375 0.568359375
vt 0.939941406 0.569824219
vt 0.938964844 0.570800781
vt 0.936035156 0.5703125
vt 0.934082031 0.571289062
vt 0.932128906 0.570800781
vt 0.929199219 0.571289062
vt 0.928222656 0.5703125
vt 0.924316406 0.569824219
vt 0.924804688 0.568847656
vt 0.921875 0.568847656
vt 0.921386719 0.567382812
vt 0.918945312 0.566894531
vt 0.916503906 0.563964844
vt 0.916503906 0.564941406
vt 0.914550781 0.562988281
vt 0.9140625 0.561035156
vt 0.912109375 0.559570312
vt 0.911621094 0.557617188
vt 0.910644531 0.557128906
vt 0.909667969 0.5546875
vt 0.91015625 0.553222656
vt 0.150390625 0.926757812
vt 0.147705078 0.921386719
vt 0.150512695 0.921386719
vt 0.151123047 0.917480469
vt 0.147705078 0.926757812
vt 0.1484375 0.916992188
vt 0.1484375 0.930664062
vt 0.15246582 0.913574219
vt 0.151000977 0.930175781
vt 0.149902344 0.912597656
vt 0.149902344 0.935058594
vt 0.154296875 0.91015625
vt 0.15234375 0.93359375
vt 0.151977539 0.908691406
vt 0.152099609 0.938964844
vt 0.156616211 0.907226562
vt 0.154418945 0.937011719
vt 0.154663086 0.905273438
vt 0.154907227 0.942382812
vt 0.159423828 0.904785156
vt 0.156982422 0.940429688
vt 0.157836914 0.90234375
vt 0.158325195 0.9453125
vt 0.162719727 0.90234375
vt 0.159912109 0.942871094
vt 0.161376953 0.899902344
vt 0.162109375 0.947753906
vt 0.166137695 0.900878906
vt 0.163452148 0.944824219
vt 0.165283203 0.8984375
vt 0.166381836 0.94921875
vt 0.169799805 0.899902344
vt 0.167114258 0.946289062
vt 0.169433594 0.896972656
vt 0.173583984 0.899902344
vt 0.173706055 0.896972656
vt 0.177368164 0.899902344
vt 0.177856445 0.897460938
vt 0.181030273 0.900878906
vt 0.182006836 0.8984375
vt 0.184570312 0.90234375
vt 0.185913086 0.900390625
vt 0.18762207 0.904785156
vt 0.189331055 0.90234375
vt 0.190429688 0.907226562
vt 0.192504883 0.905761719
vt 0.192626953 0.910644531
vt 0.194946289 0.909179688
vt 0.194335938 0.9140625
vt 0.196899414 0.913085938
vt 0.19543457 0.917480469
vt 0.198120117 0.916992188
vt 0.195922852 0.921386719
vt 0.198730469 0.921386719
vt 0.195922852 0.925292969
vt 0.198608398 0.925292969
vt 0.19543457 0.929199219
vt 0.198120117 0.9296875
vt 0.193847656 0.934570312
vt 0.196166992 0.935546875
vt 0.194458008 0.938964844
vt 0.191894531 0.937988281
vt 0.19128418 0.942871094
vt 0.189331055 0.940917969
vt 0.18762207 0.945800781
vt 0.185913086 0.943847656
vt 0.183837891 0.948242188
vt 0.182739258 0.9453125
vt 0.178955078 0.946777344
vt 0.179077148 0.949707031
vt 0.174682617 0.947265625
vt 0.175170898 0.950195312
vt 0.170776367 0.950195312
vt 0.171020508 0.947265625
vt 0.174560547 0.907714844
vt 0.172607422 0.909179688
vt 0.173217773 0.907226562
vt 0.172973633 0.909667969
vt 0.162963867 0.909667969
vt 0.162353516 0.907226562
vt 0.160888672 0.906738281
vt 0.17590332 0.91015625
vt 0.162109375 0.91015625
vt 0.159057617 0.909179688
vt 0.16027832 0.913574219
vt 0.157226562 0.912597656
vt 0.16015625 0.927734375
vt 0.159179688 0.917480469
vt 0.15612793 0.916992188
vt 0.158935547 0.919921875
vt 0.155761719 0.919921875
vt 0.159057617 0.923828125
vt 0.156005859 0.923828125
vt 0.156982422 0.928710938
vt 0.161865234 0.931152344
vt 0.159057617 0.932617188
vt 0.161010742 0.935546875
vt 0.164794922 0.935058594
vt 0.163574219 0.937988281
vt 0.16796875 0.937011719
vt 0.171508789 0.938964844
vt 0.166625977 0.940429688
vt 0.170654297 0.942382812
vt 0.172119141 0.942382812
vt 0.173583984 0.940429688
vt 0.174316406 0.939941406
vt 0.174072266 0.939941406
vt 0.175415039 0.940429688
vt 0.173583984 0.911132812
vt 0.174194336 0.912109375
vt 0.176635742 0.911132812
vt 0.17578125 0.913085938
vt 0.177734375 0.911621094
vt 0.177124023 0.9140625
vt 0.180541992 0.912109375
vt 0.17565918 0.939941406
vt 0.179931641 0.9140625
vt 0.182128906 0.915527344
vt 0.182861328 0.913085938
vt 0.184326172 0.9140625
vt 0.176391602 0.940917969
vt 0.180908203 0.9296875
vt 0.181152344 0.927246094
vt 0.176269531 0.94140625
vt 0.181884766 0.92578125
vt 0.177001953 0.941894531
vt 0.176757812 0.941894531
vt 0.177001953 0.942871094
vt 0.180419922 0.942382812
vt 0.184936523 0.940917969
vt 0.185668945 0.940917969
vt 0.186645508 0.939941406
vt 0.186889648 0.938964844
vt 0.18347168 0.9296875
vt 0.18347168 0.928222656
vt 0.183959961 0.927246094
vt 0.185791016 0.924804688
vt 0.184082031 0.922851562
vt 0.186523438 0.922851562
vt 0.186889648 0.920410156
vt 0.184570312 0.920410156
vt 0.186523438 0.91796875
vt 0.183837891 0.917480469
vt 0.185546875 0.915527344
f 3/3 2/2 1/1
f 3/3 1/1 4/4
f 5/5 4/4 1/1
f 6/6 5/5 1/1
f 7/7 3/3 4/4
f 5/5 6/6 8/8
f 9/9 7/7 4/4
f 5/5 9/9 4/4
f 9/9 10/10 7/7
f 9/9 11/11 10/10
f 11/11 12/12 10/10
f 11/11 13/13 12/12
f 13/13 14/14 12/12
f 13/13 15/15 14/14
f 15/15 16/16 14/14
f 11/11 17/17 13/13
f 15/15 13/13 17/17
f 15/15 18/18 16/16
f 19/19 16/16 18/18
f 19/19 18/18 20/20
f 21/21 19/19 20/20
f 22/22 11/11 9/9
f 5/5 23/23 9/9
f 23/23 22/22 9/9
f 11/11 22/22 24/24
f 11/11 24/24 17/17
f 17/17 24/24 25/25
f 23/23 26/26 22/22
f 23/23 5/5 26/26
f 24/24 22/22 26/26
f 15/15 17/17 27/27
f 27/27 17/17 25/25
f 18/18 15/15 28/28
f 28/28 15/15 27/27
f 20/20 18/18 29/29
f 18/18 28/28 29/29
f 28/28 27/27 30/30
f 27/27 25/25 30/30
f 5/5 31/31 26/26
f 5/5 8/8 31/31
f 32/32 31/31 8/8
f 32/32 26/26 31/31
f 33/33 32/32 8/8
f 24/24 26/26 34/34
f 32/32 34/34 26/26
f 34/34 32/32 35/35
f 32/32 33/33 36/36
f 32/32 36/36 35/35
f 37/37 36/36 33/33
f 38/38 24/24 34/34
f 38/38 25/25 24/24
f 38/38 34/34 35/35
f 37/37 39/39 36/36
f 39/39 35/35 36/36
f 39/39 37/37 40/40
f 37/37 41/41 40/40
f 39/39 42/42 35/35
f 42/42 39/39 40/40
f 42/42 40/40 43/43
f 42/42 44/44 35/35
f 44/44 42/42 43/43
f 38/38 35/35 45/45
f 44/44 45/45 35/35
f 38/38 45/45 46/46
f 25/25 38/38 46/46
f 44/44 47/47 45/45
f 47/47 44/44 43/43
f 47/47 46/46 45/45
f 41/41 48/48 40/40
f 41/41 49/49 48/48
f 49/49 50/50 48/48
f 49/49 51/51 50/50
f 51/51 52/52 50/50
f 50/50 53/53 48/48
f 40/40 48/48 53/53
f 53/53 50/50 54/54
f 40/40 53/53 55/55
f 55/55 53/53 54/54
f 43/43 40/40 55/55
f 55/55 54/54 56/56
f 55/55 56/56 57/57
f 56/56 58/58 57/57
f 43/43 55/55 59/59
f 55/55 57/57 59/59
f 60/60 43/43 59/59
f 60/60 59/59 57/57
f 61/61 43/43 60/60
f 47/47 43/43 61/61
f 62/62 47/47 61/61
f 47/47 62/62 46/46
f 62/62 63/63 46/46
f 25/25 46/46 63/63
f 64/64 62/62 61/61
f 62/62 64/64 63/63
f 61/61 65/65 64/64
f 61/61 60/60 66/66
f 61/61 66/66 65/65
f 67/67 25/25 63/63
f 67/67 30/30 25/25
f 64/64 68/68 63/63
f 67/67 63/63 68/68
f 60/60 69/69 66/66
f 69/69 60/60 57/57
f 64/64 70/70 68/68
f 65/65 70/70 64/64
f 70/70 65/65 71/71
f 67/67 68/68 72/72
f 70/70 72/72 68/68
f 67/67 73/73 30/30
f 73/73 67/67 72/72
f 70/70 74/74 72/72
f 70/70 71/71 74/74
f 74/74 75/75 72/72
f 73/73 72/72 75/75
f 66/66 76/76 65/65
f 66/66 69/69 76/76
f 77/77 30/30 73/73
f 28/28 30/30 77/77
f 29/29 28/28 77/77
f 77/77 73/73 78/78
f 29/29 77/77 78/78
f 74/74 71/71 79/79
f 74/74 79/79 75/75
f 79/79 71/71 80/80
f 79/79 80/80 81/81
f 79/79 81/81 75/75
f 82/82 73/73 75/75
f 81/81 82/82 75/75
f 82/82 78/78 73/73
f 83/83 29/29 78/78
f 20/20 29/29 83/83
f 81/81 84/84 82/82
f 81/81 80/80 84/84
f 85/85 78/78 82/82
f 84/84 85/85 82/82
f 83/83 78/78 85/85
f 86/86 20/20 83/83
f 86/86 21/21 20/20
f 84/84 80/80 87/87
f 84/84 87/87 85/85
f 88/88 83/83 85/85
f 86/86 83/83 88/88
f 21/21 86/86 89/89
f 90/90 21/21 89/89
f 91/91 89/89 86/86
f 88/88 91/91 86/86
f 92/92 91/91 88/88
f 88/88 85/85 93/93
f 87/87 93/93 85/85
f 93/93 92/92 88/88
f 90/90 89/89 94/94
f 89/89 91/91 94/94
f 94/94 91/91 92/92
f 94/94 95/95 90/90
f 94/94 96/96 95/95
f 96/96 94/94 92/92
f 95/95 96/96 97/97
f 98/98 95/95 97/97
f 96/96 92/92 99/99
f 99/99 97/97 96/96
f 100/100 99/99 92/92
f 101/101 92/92 93/93
f 101/101 100/100 92/92
f 93/93 87/87 102/102
f 101/101 93/93 102/102
f 102/102 87/87 103/103
f 87/87 80/80 103/103
f 102/102 104/104 101/101
f 104/104 100/100 101/101
f 104/104 102/102 103/103
f 105/105 97/97 99/99
f 100/100 105/105 99/99
f 98/98 97/97 106/106
f 105/105 107/107 97/97
f 107/107 106/106 97/97
f 108/108 98/98 106/106
f 108/108 109/109 98/98
f 107/107 110/110 106/106
f 110/110 108/108 106/106
f 108/108 111/111 109/109
f 111/111 112/112 109/109
f 110/110 113/113 108/108
f 113/113 111/111 108/108
f 111/111 114/114 112/112
f 114/114 115/115 112/112
f 116/116 111/111 113/113
f 116/116 114/114 111/111
f 114/114 117/117 115/115
f 117/117 118/118 115/115
f 117/117 119/119 118/118
f 120/120 118/118 119/119
f 121/121 110/110 107/107
f 122/122 113/113 110/110
f 121/121 122/122 110/110
f 122/122 123/123 113/113
f 123/123 116/116 113/113
f 124/124 121/121 107/107
f 124/124 107/107 105/105
f 122/122 121/121 125/125
f 125/125 123/123 122/122
f 126/126 124/124 105/105
f 126/126 105/105 100/100
f 126/126 100/100 127/127
f 126/126 127/127 124/124
f 124/124 128/128 121/121
f 121/121 128/128 125/125
f 129/129 128/128 124/124
f 127/127 129/129 124/124
f 130/130 127/127 100/100
f 104/104 130/130 100/100
f 125/125 128/128 131/131
f 128/128 129/129 131/131
f 125/125 131/131 132/132
f 123/123 125/125 133/133
f 133/133 125/125 132/132
f 130/130 104/104 134/134
f 104/104 103/103 134/134
f 123/123 133/133 135/135
f 116/116 123/123 135/135
f 116/116 135/135 136/136
f 135/135 137/137 136/136
f 114/114 116/116 136/136
f 138/138 114/114 136/136
f 136/136 137/137 138/138
f 138/138 117/117 114/114
f 139/139 117/117 138/138
f 137/137 139/139 138/138
f 119/119 117/117 139/139
f 119/119 139/139 140/140
f 120/120 119/119 140/140
f 137/137 141/141 139/139
f 140/140 139/139 141/141
f 120/120 140/140 142/142
f 142/142 143/143 120/120
f 144/144 140/140 141/141
f 142/142 140/140 144/144
f 142/142 145/145 143/143
f 145/145 146/146 143/143
f 147/147 141/141 137/137
f 144/144 141/141 147/147
f 142/142 144/144 148/148
f 142/142 148/148 145/145
f 144/144 147/147 149/149
f 148/148 144/144 149/149
f 149/149 150/150 148/148
f 145/145 148/148 151/151
f 150/150 151/151 148/148
f 145/145 152/152 146/146
f 145/145 151/151 152/152
f 152/152 153/153 146/146
f 153/153 154/154 146/146
f 153/153 155/155 154/154
f 147/147 156/156 149/149
f 156/156 150/150 149/149
f 153/153 157/157 155/155
f 157/157 158/158 155/155
f 159/159 158/158 157/157
f 159/159 160/160 158/158
f 159/159 161/161 160/160
f 161/161 162/162 160/160
f 153/153 152/152 163/163
f 152/152 164/164 163/163
f 152/152 151/151 164/164
f 165/165 164/164 151/151
f 150/150 165/165 151/151
f 165/165 163/163 164/164
f 157/157 166/166 159/159
f 157/157 153/153 167/167
f 157/157 167/167 166/166
f 161/161 168/168 162/162
f 168/168 169/169 162/162
f 169/169 170/170 162/162
f 170/170 169/169 171/171
f 150/150 172/172 165/165
f 165/165 173/173 163/163
f 165/165 172/172 173/173
f 153/153 163/163 174/174
f 153/153 175/175 167/167
f 153/153 174/174 175/175
f 174/174 163/163 176/176
f 173/173 176/176 163/163
f 176/176 173/173 177/177
f 178/178 176/176 177/177
f 175/175 174/174 179/179
f 179/179 174/174 176/176
f 167/167 175/175 179/179
f 176/176 178/178 179/179
f 167/167 179/179 180/180
f 178/178 180/180 179/179
f 178/178 181/181 180/180
f 166/166 167/167 180/180
f 166/166 180/180 181/181
f 182/182 173/173 172/172
f 182/182 177/177 173/173
f 183/183 166/166 181/181
f 159/159 166/166 183/183
f 159/159 183/183 184/184
f 184/184 183/183 181/181
f 161/161 159/159 184/184
f 161/161 184/184 185/185
f 184/184 181/181 186/186
f 185/185 184/184 186/186
f 161/161 185/185 187/187
f 168/168 161/161 187/187
f 185/185 186/186 188/188
f 187/187 185/185 188/188
f 168/168 187/187 189/189
f 168/168 189/189 169/169
f 190/190 186/186 181/181
f 191/191 188/188 186/186
f 190/190 191/191 186/186
f 192/192 190/190 181/181
f 190/190 192/192 193/193
f 178/178 192/192 181/181
f 192/192 178/178 193/193
f 191/191 190/190 194/194
f 190/190 193/193 194/194
f 178/178 195/195 193/193
f 178/178 177/177 195/195
f 189/189 187/187 196/196
f 187/187 188/188 197/197
f 196/196 187/187 197/197
f 191/191 198/198 188/188
f 197/197 188/188 198/198
f 191/191 194/194 199/199
f 191/191 199/199 198/198
f 189/189 196/196 200/200
f 169/169 189/189 200/200
f 197/197 198/198 201/201
f 196/196 197/197 202/202
f 202/202 197/197 201/201
f 196/196 203/203 200/200
f 196/196 202/202 203/203
f 169/169 200/200 204/204
f 200/200 203/203 204/204
f 203/203 205/205 204/204
f 206/206 203/203 202/202
f 201/201 206/206 202/202
f 206/206 205/205 203/203
f 207/207 169/169 204/204
f 207/207 171/171 169/169
f 207/207 204/204 208/208
f 207/207 208/208 171/171
f 204/204 205/205 208/208
f 208/208 209/209 171/171
f 208/208 210/210 209/209
f 205/205 210/210 208/208
f 210/210 211/211 209/209
f 210/210 212/212 211/211
f 212/212 213/213 211/211
f 212/212 214/214 213/213
f 214/214 215/215 213/213
f 214/214 216/216 215/215
f 216/216 217/217 215/215
f 214/214 212/212 218/218
f 216/216 214/214 218/218
f 212/212 210/210 219/219
f 210/210 205/205 220/220
f 210/210 220/220 219/219
f 221/221 220/220 205/205
f 221/221 219/219 220/220
f 212/212 219/219 222/222
f 212/212 222/222 218/218
f 223/223 222/222 219/219
f 221/221 223/223 219/219
f 224/224 221/221 205/205
f 206/206 224/224 205/205
f 224/224 225/225 221/221
f 225/225 223/223 221/221
f 223/223 226/226 222/222
f 226/226 218/218 222/222
f 206/206 227/227 224/224
f 227/227 225/225 224/224
f 225/225 228/228 223/223
f 228/228 226/226 223/223
f 229/229 227/227 206/206
f 229/229 230/230 227/227
f 201/201 229/229 206/206
f 230/230 229/229 201/201
f 227/227 231/231 225/225
f 231/231 228/228 225/225
f 201/201 232/232 230/230
f 201/201 198/198 232/232
f 199/199 232/232 198/198
f 227/227 233/233 231/231
f 230/230 233/233 227/227
f 234/234 232/232 199/199
f 235/235 230/230 232/232
f 235/235 232/232 234/234
f 234/234 199/199 236/236
f 237/237 234/234 236/236
f 199/199 194/194 236/236
f 238/238 236/236 194/194
f 237/237 236/236 238/238
f 238/238 194/194 193/193
f 193/193 239/239 238/238
f 239/239 237/237 238/238
f 234/234 240/240 235/235
f 240/240 234/234 237/237
f 193/193 241/241 239/239
f 241/241 193/193 195/195
f 242/242 241/241 195/195
f 242/242 195/195 177/177
f 241/241 243/243 239/239
f 241/241 242/242 243/243
f 242/242 177/177 244/244
f 242/242 244/244 243/243
f 243/243 245/245 239/239
f 245/245 237/237 239/239
f 177/177 246/246 244/244
f 177/177 182/182 246/246
f 247/247 243/243 244/244
f 247/247 245/245 243/243
f 246/246 247/247 244/244
f 247/247 246/246 248/248
f 249/249 237/237 245/245
f 247/247 249/249 245/245
f 182/182 250/250 246/246
f 246/246 250/250 248/248
f 249/249 251/251 237/237
f 251/251 240/240 237/237
f 247/247 252/252 249/249
f 247/247 248/248 252/252
f 182/182 253/253 250/250
f 253/253 182/182 172/172
f 254/254 253/253 172/172
f 254/254 172/172 150/150
f 253/253 255/255 250/250
f 253/253 254/254 255/255
f 256/256 251/251 249/249
f 252/252 256/256 249/249
f 250/250 257/257 248/248
f 250/250 255/255 257/257
f 258/258 254/254 150/150
f 258/258 150/150 156/156
f 258/258 259/259 254/254
f 156/156 260/260 258/258
f 258/258 260/260 259/259
f 254/254 261/261 255/255
f 254/254 259/259 261/261
f 262/262 255/255 261/261
f 259/259 262/262 261/261
f 255/255 263/263 257/257
f 255/255 262/262 263/263
f 264/264 262/262 259/259
f 262/262 264/264 263/263
f 265/265 257/257 263/263
f 265/265 248/248 257/257
f 265/265 263/263 266/266
f 263/263 264/264 266/266
f 264/264 259/259 267/267
f 267/267 259/259 260/260
f 267/267 260/260 268/268
f 156/156 269/269 260/260
f 260/260 269/269 268/268
f 156/156 147/147 269/269
f 264/264 267/267 270/270
f 264/264 270/270 266/266
f 267/267 268/268 270/270
f 248/248 265/265 271/271
f 265/265 266/266 271/271
f 147/147 272/272 269/269
f 147/147 137/137 272/272
f 270/270 273/273 266/266
f 273/273 270/270 268/268
f 248/248 271/271 274/274
f 248/248 274/274 252/252
f 252/252 274/274 275/275
f 256/256 252/252 275/275
f 268/268 269/269 276/276
f 269/269 272/272 276/276
f 137/137 277/277 272/272
f 137/137 135/135 277/277
f 272/272 278/278 276/276
f 272/272 277/277 278/278
f 135/135 279/279 277/277
f 277/277 279/279 278/278
f 135/135 133/133 279/279
f 279/279 133/133 280/280
f 279/279 280/280 278/278
f 133/133 132/132 280/280
f 281/281 268/268 276/276
f 276/276 278/278 281/281
f 278/278 280/280 282/282
f 278/278 282/282 281/281
f 283/283 268/268 281/281
f 273/273 268/268 283/283
f 280/280 284/284 282/282
f 280/280 132/132 284/284
f 285/285 281/281 282/282
f 285/285 283/283 281/281
f 284/284 285/285 282/282
f 286/286 283/283 285/285
f 286/286 273/273 283/283
f 287/287 285/285 284/284
f 287/287 286/286 285/285
f 288/288 273/273 286/286
f 289/289 286/286 287/287
f 289/289 288/288 286/286
f 289/289 287/287 290/290
f 289/289 291/291 288/288
f 292/292 273/273 288/288
f 273/273 292/292 266/266
f 292/292 271/271 266/266
f 290/290 287/287 293/293
f 293/293 294/294 290/290
f 295/295 287/287 284/284
f 293/293 287/287 295/295
f 288/288 291/291 296/296
f 292/292 288/288 296/296
f 271/271 292/292 297/297
f 297/297 292/292 296/296
f 295/295 284/284 298/298
f 132/132 298/298 284/284
f 293/293 295/295 299/299
f 299/299 295/295 298/298
f 293/293 300/300 294/294
f 300/300 293/293 299/299
f 301/301 296/296 291/291
f 301/301 291/291 302/302
f 271/271 297/297 303/303
f 274/274 271/271 303/303
f 275/275 274/274 303/303
f 296/296 304/304 297/297
f 301/301 304/304 296/296
f 304/304 303/303 297/297
f 300/300 305/305 294/294
f 306/306 294/294 305/305
f 307/307 300/300 299/299
f 307/307 305/305 300/300
f 308/308 306/306 305/305
f 309/309 306/306 308/308
f 275/275 303/303 310/310
f 304/304 311/311 303/303
f 311/311 310/310 303/303
f 301/301 312/312 304/304
f 312/312 311/311 304/304
f 313/313 275/275 310/310
f 256/256 275/275 313/313
f 311/311 314/314 310/310
f 312/312 314/314 311/311
f 312/312 301/301 315/315
f 301/301 302/302 315/315
f 316/316 256/256 313/313
f 256/256 316/316 251/251
f 313/313 310/310 317/317
f 317/317 310/310 314/314
f 312/312 318/318 314/314
f 312/312 315/315 318/318
f 315/315 302/302 319/319
f 320/320 319/319 302/302
f 315/315 319/319 321/321
f 320/320 321/321 319/319
f 318/318 315/315 321/321
f 318/318 322/322 314/314
f 317/317 314/314 322/322
f 320/320 323/323 321/321
f 324/324 323/323 320/320
f 318/318 321/321 325/325
f 322/322 318/318 325/325
f 321/321 323/323 325/325
f 324/324 326/326 323/323
f 327/327 326/326 324/324
f 327/327 328/328 326/326
f 323/323 329/329 325/325
f 326/326 329/329 323/323
f 330/330 322/322 325/325
f 329/329 330/330 325/325
f 330/330 331/331 322/322
f 331/331 330/330 329/329
f 317/317 322/322 331/331
f 332/332 317/317 331/331
f 333/333 329/329 326/326
f 328/328 333/333 326/326
f 333/333 331/331 329/329
f 317/317 332/332 334/334
f 334/334 313/313 317/317
f 316/316 313/313 334/334
f 328/328 335/335 333/333
f 335/335 336/336 333/333
f 335/335 328/328 337/337
f 331/331 333/333 338/338
f 332/332 331/331 338/338
f 338/338 333/333 336/336
f 332/332 338/338 339/339
f 338/338 336/336 339/339
f 337/337 340/340 335/335
f 337/337 341/341 340/340
f 337/337 342/342 341/341
f 342/342 343/343 341/341
f 342/342 344/344 343/343
f 344/344 345/345 343/343
f 344/344 346/346 345/345
f 346/346 347/347 345/345
f 346/346 348/348 347/347
f 348/348 349/349 347/347
f 348/348 350/350 349/349
f 350/350 351/351 349/349
f 350/350 352/352 351/351
f 352/352 353/353 351/351
f 352/352 354/354 353/353
f 354/354 355/355 353/353
f 354/354 356/356 355/355
f 356/356 357/357 355/355
f 356/356 358/358 357/357
f 358/358 359/359 357/357
f 359/359 360/360 357/357
f 359/359 361/361 360/360
f 361/361 362/362 360/360
f 363/363 362/362 361/361
f 364/364 363/363 361/361
f 364/364 365/365 363/363
f 363/363 366/366 362/362
f 366/366 367/367 362/362
f 366/366 368/368 367/367
f 368/368 366/366 369/369
f 370/370 368/368 369/369
f 366/366 363/363 371/371
f 363/363 365/365 371/371
f 366/366 371/371 369/369
f 365/365 372/372 371/371
f 371/371 372/372 369/369
f 365/365 373/373 372/372
f 373/373 374/374 372/372
f 375/375 372/372 374/374
f 376/376 375/375 374/374
f 376/376 377/377 375/375
f 372/372 375/375 378/378
f 372/372 378/378 369/369
f 379/379 375/375 377/377
f 375/375 379/379 378/378
f 370/370 369/369 380/380
f 380/380 381/381 370/370
f 382/382 381/381 380/380
f 383/383 381/381 382/382
f 380/380 369/369 384/384
f 380/380 384/384 382/382
f 385/385 383/383 382/382
f 385/385 386/386 383/383
f 387/387 384/384 369/369
f 369/369 378/378 387/387
f 388/388 382/382 384/384
f 385/385 382/382 388/388
f 387/387 388/388 384/384
f 385/385 389/389 386/386
f 389/389 385/385 388/388
f 389/389 390/390 386/386
f 391/391 387/387 378/378
f 387/387 391/391 388/388
f 389/389 392/392 390/390
f 392/392 393/393 390/390
f 389/389 388/388 394/394
f 391/391 394/394 388/388
f 391/391 378/378 395/395
f 379/379 395/395 378/378
f 379/379 396/396 395/395
f 391/391 395/395 397/397
f 391/391 397/397 394/394
f 396/396 397/397 395/395
f 392/392 398/398 393/393
f 399/399 393/393 398/398
f 389/389 400/400 392/392
f 400/400 389/389 394/394
f 400/400 398/398 392/392
f 397/397 401/401 394/394
f 396/396 401/401 397/397
f 399/399 398/398 402/402
f 403/403 399/399 402/402
f 400/400 404/404 398/398
f 404/404 402/402 398/398
f 400/400 394/394 405/405
f 401/401 405/405 394/394
f 404/404 400/400 405/405
f 401/401 406/406 405/405
f 406/406 401/401 396/396
f 403/403 402/402 407/407
f 58/58 403/403 407/407
f 404/404 405/405 408/408
f 406/406 408/408 405/405
f 402/402 409/409 407/407
f 58/58 407/407 410/410
f 410/410 407/407 409/409
f 404/404 411/411 402/402
f 409/409 402/402 411/411
f 412/412 404/404 408/408
f 404/404 412/412 411/411
f 413/413 409/409 411/411
f 413/413 410/410 409/409
f 58/58 410/410 414/414
f 58/58 414/414 57/57
f 415/415 413/413 411/411
f 415/415 411/411 412/412
f 416/416 410/410 413/413
f 410/410 416/416 414/414
f 416/416 413/413 415/415
f 417/417 57/57 414/414
f 416/416 417/417 414/414
f 417/417 69/69 57/57
f 417/417 416/416 418/418
f 416/416 415/415 418/418
f 69/69 417/417 419/419
f 417/417 418/418 419/419
f 69/69 419/419 76/76
f 420/420 419/419 418/418
f 420/420 76/76 419/419
f 418/418 415/415 421/421
f 420/420 418/418 421/421
f 420/420 421/421 422/422
f 415/415 412/412 423/423
f 421/421 415/415 423/423
f 420/420 424/424 76/76
f 424/424 65/65 76/76
f 424/424 420/420 425/425
f 65/65 424/424 425/425
f 425/425 420/420 422/422
f 65/65 425/425 71/71
f 71/71 425/425 426/426
f 425/425 422/422 426/426
f 71/71 426/426 427/427
f 426/426 422/422 427/427
f 71/71 427/427 80/80
f 80/80 427/427 428/428
f 427/427 422/422 428/428
f 422/422 421/421 429/429
f 421/421 423/423 429/429
f 423/423 412/412 430/430
f 412/412 408/408 430/430
f 80/80 428/428 431/431
f 80/80 431/431 103/103
f 428/428 422/422 432/432
f 422/422 429/429 432/432
f 429/429 423/423 433/433
f 423/423 430/430 433/433
f 434/434 430/430 408/408
f 406/406 434/434 408/408
f 431/431 435/435 103/103
f 435/435 134/134 103/103
f 431/431 428/428 436/436
f 428/428 432/432 436/436
f 436/436 435/435 431/431
f 432/432 429/429 437/437
f 429/429 433/433 437/437
f 438/438 436/436 432/432
f 436/436 438/438 435/435
f 438/438 432/432 437/437
f 439/439 433/433 430/430
f 434/434 439/439 430/430
f 134/134 435/435 440/440
f 435/435 438/438 440/440
f 439/439 441/441 433/433
f 441/441 437/437 433/433
f 439/439 434/434 442/442
f 439/439 442/442 441/441
f 134/134 440/440 443/443
f 130/130 134/134 443/443
f 440/440 438/438 444/444
f 438/438 437/437 444/444
f 440/440 444/444 443/443
f 441/441 445/445 437/437
f 445/445 444/444 437/437
f 130/130 443/443 446/446
f 127/127 130/130 446/446
f 444/444 447/447 443/443
f 446/446 443/443 447/447
f 434/434 448/448 442/442
f 434/434 406/406 448/448
f 442/442 449/449 441/441
f 449/449 445/445 441/441
f 406/406 450/450 448/448
f 450/450 406/406 396/396
f 442/442 448/448 451/451
f 451/451 449/449 442/442
f 448/448 450/450 451/451
f 451/451 452/452 449/449
f 452/452 445/445 449/449
f 445/445 453/453 444/444
f 453/453 447/447 444/444
f 450/450 454/454 451/451
f 452/452 451/451 454/454
f 452/452 455/455 445/445
f 455/455 453/453 445/445
f 456/456 452/452 454/454
f 456/456 455/455 452/452
f 457/457 450/450 396/396
f 450/450 458/458 454/454
f 457/457 458/458 450/450
f 458/458 459/459 454/454
f 458/458 457/457 459/459
f 454/454 459/459 460/460
f 454/454 460/460 456/456
f 461/461 457/457 396/396
f 379/379 461/461 396/396
f 457/457 462/462 459/459
f 459/459 462/462 460/460
f 463/463 461/461 379/379
f 463/463 379/379 377/377
f 464/464 463/463 377/377
f 461/461 463/463 464/464
f 465/465 461/461 464/464
f 461/461 466/466 457/457
f 465/465 466/466 461/461
f 466/466 462/462 457/457
f 466/466 465/465 467/467
f 466/466 467/467 462/462
f 467/467 468/468 462/462
f 468/468 469/469 462/462
f 462/462 469/469 460/460
f 468/468 309/309 469/469
f 469/469 470/470 460/460
f 470/470 456/456 460/460
f 309/309 471/471 469/469
f 469/469 471/471 470/470
f 471/471 309/309 308/308
f 471/471 308/308 470/470
f 470/470 308/308 472/472
f 470/470 472/472 456/456
f 308/308 305/305 472/472
f 473/473 456/456 472/472
f 455/455 456/456 473/473
f 474/474 472/472 305/305
f 474/474 473/473 472/472
f 307/307 474/474 305/305
f 455/455 473/473 475/475
f 475/475 473/473 474/474
f 455/455 475/475 453/453
f 474/474 307/307 476/476
f 474/474 476/476 475/475
f 307/307 299/299 476/476
f 453/453 475/475 477/477
f 453/453 477/477 447/447
f 475/475 478/478 477/477
f 477/477 478/478 447/447
f 475/475 476/476 478/478
f 446/446 447/447 478/478
f 299/299 479/479 476/476
f 299/299 298/298 479/479
f 479/479 298/298 132/132
f 480/480 476/476 479/479
f 480/480 479/479 132/132
f 480/480 478/478 476/476
f 480/480 132/132 131/131
f 481/481 478/478 480/480
f 481/481 480/480 131/131
f 481/481 446/446 478/478
f 481/481 131/131 129/129
f 482/482 446/446 481/481
f 481/481 129/129 482/482
f 127/127 446/446 482/482
f 129/129 127/127 482/482
f 485/485 484/484 483/483
f 485/485 486/486 484/484
f 487/487 486/486 485/485
f 485/485 488/488 487/487
f 485/485 489/489 488/488
f 485/485 490/490 489/489
f 485/485 491/491 490/490
f 485/485 492/492 491/491
f 485/485 493/493 492/492
f 485/485 494/494 493/493
f 485/485 495/495 494/494
f 485/485 496/496 495/495
f 485/485 497/497 496/496
f 485/485 498/498 497/497
f 485/485 499/499 498/498
f 500/500 499/499 485/485
f 500/500 485/485 501/501
f 485/485 502/502 501/501
f 485/485 503/503 502/502
f 485/485 504/504 503/503
f 485/485 505/505 504/504
f 485/485 506/506 505/505
f 507/507 506/506 485/485
f 507/507 485/485 508/508
f 509/509 508/508 485/485
f 510/510 509/509 485/485
f 485/485 511/511 510/510
f 485/485 512/512 511/511
f 512/512 485/485 513/513
f 514/514 513/513 485/485
f 517/517 516/516 515/515
f 518/518 517/517 515/515
f 518/518 515/515 519/519
f 518/518 519/519 520/520
f 521/521 518/518 520/520
f 521/521 517/517 518/518
f 521/521 522/522 517/517
f 519/519 515/515 523/523
f 522/522 521/521 524/524
f 525/525 519/519 523/523
f 519/519 525/525 520/520
f 521/521 526/526 524/524
f 526/526 527/527 524/524
f 528/528 525/525 523/523
f 529/529 528/528 523/523
f 530/530 525/525 528/528
f 530/530 520/520 525/525
f 528/528 529/529 531/531
f 531/531 530/530 528/528
f 531/531 529/529 532/532
f 521/521 520/520 533/533
f 521/521 533/533 526/526
f 533/533 534/534 526/526
f 533/533 520/520 534/534
f 527/527 526/526 535/535
f 526/526 534/534 535/535
f 531/531 532/532 536/536
f 532/532 537/537 536/536
f 527/527 535/535 538/538
f 527/527 538/538 539/539
f 537/537 540/540 536/536
f 541/541 540/540 537/537
f 540/540 541/541 542/542
f 542/542 541/541 543/543
f 544/544 542/542 543/543
f 544/544 545/545 542/542
f 536/536 540/540 546/546
f 542/542 546/546 540/540
f 547/547 542/542 545/545
f 542/542 547/547 546/546
f 547/547 548/548 546/546
f 547/547 545/545 217/217
f 549/549 547/547 217/217
f 547/547 549/549 548/548
f 216/216 549/549 217/217
f 549/549 216/216 548/548
f 536/536 546/546 550/550
f 531/531 536/536 550/550
f 550/550 546/546 551/551
f 546/546 548/548 551/551
f 531/531 550/550 552/552
f 552/552 550/550 551/551
f 531/531 552/552 530/530
f 216/216 553/553 548/548
f 216/216 218/218 553/553
f 554/554 551/551 548/548
f 554/554 552/552 551/551
f 552/552 555/555 530/530
f 555/555 520/520 530/530
f 556/556 554/554 548/548
f 553/553 556/556 548/548
f 554/554 557/557 552/552
f 557/557 555/555 552/552
f 554/554 556/556 557/557
f 558/558 553/553 218/218
f 226/226 558/558 218/218
f 556/556 559/559 557/557
f 557/557 559/559 555/555
f 560/560 556/556 553/553
f 558/558 560/560 553/553
f 556/556 560/560 559/559
f 561/561 520/520 555/555
f 520/520 561/561 534/534
f 560/560 558/558 562/562
f 560/560 562/562 559/559
f 559/559 563/563 555/555
f 563/563 561/561 555/555
f 563/563 559/559 562/562
f 564/564 558/558 226/226
f 558/558 564/564 562/562
f 565/565 562/562 564/564
f 566/566 564/564 226/226
f 565/565 564/564 566/566
f 567/567 565/565 566/566
f 228/228 566/566 226/226
f 563/563 562/562 568/568
f 565/565 568/568 562/562
f 568/568 569/569 563/563
f 569/569 561/561 563/563
f 569/569 568/568 565/565
f 561/561 569/569 570/570
f 570/570 569/569 565/565
f 534/534 561/561 570/570
f 571/571 566/566 228/228
f 567/567 566/566 571/571
f 572/572 571/571 228/228
f 567/567 571/571 572/572
f 231/231 572/572 228/228
f 573/573 572/572 231/231
f 573/573 567/567 572/572
f 573/573 231/231 233/233
f 570/570 565/565 574/574
f 574/574 565/565 567/567
f 575/575 573/573 233/233
f 575/575 233/233 230/230
f 575/575 230/230 576/576
f 576/576 230/230 235/235
f 577/577 576/576 235/235
f 577/577 575/575 576/576
f 240/240 577/577 235/235
f 575/575 578/578 573/573
f 577/577 578/578 575/575
f 573/573 579/579 567/567
f 573/573 578/578 579/579
f 579/579 580/580 567/567
f 580/580 574/574 567/567
f 581/581 580/580 579/579
f 581/581 579/579 578/578
f 582/582 574/574 580/580
f 581/581 582/582 580/580
f 583/583 574/574 582/582
f 583/583 570/570 574/574
f 584/584 583/583 582/582
f 584/584 582/582 581/581
f 583/583 585/585 570/570
f 583/583 584/584 585/585
f 534/534 570/570 585/585
f 534/534 585/585 586/586
f 584/584 586/586 585/585
f 535/535 534/534 586/586
f 587/587 535/535 586/586
f 538/538 535/535 587/587
f 584/584 588/588 586/586
f 587/587 586/586 588/588
f 584/584 589/589 588/588
f 589/589 584/584 581/581
f 587/587 588/588 589/589
f 589/589 581/581 590/590
f 590/590 581/581 578/578
f 591/591 590/590 578/578
f 591/591 578/578 577/577
f 592/592 591/591 577/577
f 240/240 592/592 577/577
f 591/591 593/593 590/590
f 591/591 592/592 593/593
f 594/594 589/589 590/590
f 594/594 590/590 593/593
f 595/595 587/587 589/589
f 595/595 589/589 594/594
f 596/596 538/538 587/587
f 596/596 587/587 595/595
f 597/597 592/592 240/240
f 251/251 597/597 240/240
f 597/597 251/251 316/316
f 592/592 598/598 593/593
f 592/592 597/597 598/598
f 599/599 594/594 593/593
f 599/599 595/595 594/594
f 598/598 599/599 593/593
f 597/597 316/316 600/600
f 597/597 600/600 598/598
f 601/601 595/595 599/599
f 601/601 596/596 595/595
f 602/602 538/538 596/596
f 539/539 538/538 602/602
f 539/539 602/602 603/603
f 604/604 600/600 316/316
f 604/604 316/316 334/334
f 605/605 599/599 598/598
f 605/605 601/601 599/599
f 606/606 598/598 600/600
f 604/604 606/606 600/600
f 606/606 605/605 598/598
f 604/604 334/334 607/607
f 604/604 607/607 606/606
f 607/607 334/334 332/332
f 607/607 608/608 606/606
f 606/606 608/608 605/605
f 607/607 332/332 608/608
f 602/602 609/609 603/603
f 610/610 603/603 609/609
f 611/611 601/601 605/605
f 608/608 611/611 605/605
f 332/332 612/612 608/608
f 608/608 612/612 611/611
f 332/332 339/339 612/612
f 613/613 612/612 339/339
f 612/612 613/613 611/611
f 336/336 613/613 339/339
f 611/611 614/614 601/601
f 602/602 614/614 609/609
f 614/614 596/596 601/601
f 614/614 602/602 596/596
f 613/613 615/615 611/611
f 614/614 611/611 615/615
f 614/614 615/615 609/609
f 613/613 336/336 615/615
f 610/610 609/609 616/616
f 616/616 609/609 615/615
f 336/336 616/616 615/615
f 617/617 610/610 616/616
f 336/336 618/618 616/616
f 618/618 617/617 616/616
f 618/618 336/336 335/335
f 617/617 618/618 619/619
f 618/618 335/335 619/619
f 619/619 335/335 340/340
f 622/622 621/621 620/620
f 622/622 620/620 623/623
f 622/622 623/623 624/624
f 622/622 624/624 625/625
f 622/622 625/625 626/626
f 622/622 626/626 627/627
f 622/622 627/627 628/628
f 629/629 622/622 628/628
f 622/622 629/629 630/630
f 630/630 631/631 622/622
f 631/631 632/632 622/622
f 633/633 622/622 632/632
f 633/633 634/634 622/622
f 634/634 635/635 622/622
f 635/635 636/636 622/622
f 636/636 637/637 622/622
f 637/637 638/638 622/622
f 638/638 639/639 622/622
f 640/640 622/622 639/639
f 640/640 641/641 622/622
f 641/641 642/642 622/622
f 642/642 643/643 622/622
f 643/643 644/644 622/622
f 644/644 645/645 622/622
f 645/645 646/646 622/622
f 646/646 647/647 622/622
f 622/622 647/647 648/648
f 622/622 648/648 649/649
f 622/622 649/649 650/650
f 622/622 650/650 651/651
f 622/622 651/651 652/652
f 655/655 654/654 653/653
f 653/653 654/654 656/656
f 653/653 656/656 657/657
f 658/658 653/653 657/657
f 658/658 657/657 659/659
f 653/653 658/658 660/660
f 661/661 658/658 659/659
f 662/662 653/653 660/660
f 663/663 661/661 659/659
f 662/662 660/660 664/664
f 663/663 659/659 665/665
f 666/666 662/662 664/664
f 667/667 663/663 665/665
f 667/667 665/665 668/668
f 666/666 664/664 669/669
f 670/670 666/666 669/669
f 671/671 670/670 669/669
f 671/671 669/669 672/672
f 673/673 671/671 672/672
f 673/673 672/672 674/674
f 673/673 674/674 675/675
f 667/667 668/668 676/676
f 677/677 667/667 676/676
f 678/678 677/677 676/676
f 678/678 676/676 679/679
f 680/680 678/678 679/679
f 680/680 679/679 681/681
f 682/682 680/680 681/681
f 682/682 681/681 683/683
f 684/684 682/682 683/683
f 684/684 683/683 685/685
f 686/686 684/684 685/685
f 686/686 685/685 687/687
f 688/688 686/686 687/687
f 688/688 687/687 689/689
f 690/690 688/688 689/689
f 690/690 689/689 691/691
f 692/692 690/690 691/691
f 692/692 691/691 693/693
f 692/692 693/693 694/694
f 694/694 693/693 695/695
f 696/696 694/694 695/695
f 696/696 695/695 697/697
f 698/698 696/696 697/697
f 698/698 697/697 699/699
f 700/700 698/698 699/699
f 700/700 699/699 701/701
f 698/698 700/700 702/702
f 703/703 700/700 701/701
f 704/704 703/703 701/701
f 702/702 700/700 705/705
f 706/706 702/702 705/705
f 706/706 705/705 707/707
f 708/708 706/706 707/707
f 709/709 708/708 707/707
f 709/709 707/707 710/710
f 711/711 709/709 710/710
f 712/712 711/711 710/710
f 712/712 710/710 713/713
f 713/713 714/714 712/712
f 714/714 715/715 712/712
f 716/716 714/714 713/713
f 717/717 714/714 716/716
f 717/717 716/716 718/718
f 717/717 718/718 719/719
f 714/714 720/720 715/715
f 720/720 721/721 715/715
f 720/720 722/722 721/721
f 720/720 723/723 722/722
f 723/723 724/724 722/722
f 723/723 725/725 724/724
f 725/725 726/726 724/724
f 725/725 727/727 726/726
f 727/727 728/728 726/726
f 727/727 729/729 728/728
f 729/729 730/730 728/728
f 729/729 731/731 730/730
f 731/731 732/732 730/730
f 731/731 733/733 732/732
f 733/733 734/734 732/732
f 733/733 735/735 734/734
f 735/735 736/736 734/734
f 735/735 737/737 736/736
f 738/738 736/736 737/737
f 738/738 739/739 736/736
f 739/739 740/740 736/736
f 740/740 675/675 736/736
f 736/736 675/675 674/674
f 743/743 742/742 741/741
f 744/744 743/743 741/741
f 744/744 741/741 745/745
f 746/746 744/744 745/745
f 747/747 744/744 746/746
f 747/747 746/746 748/748
f 749/749 747/747 748/748
f 749/749 748/748 750/750
f 751/751 750/750 748/748
f 751/751 748/748 752/752
f 748/748 753/753 752/752
f 748/748 754/754 753/753
f 754/754 755/755 753/753
f 754/754 756/756 755/755
f 757/757 748/748 746/746
f 746/746 745/745 757/757
f 754/754 748/748 757/757
f 745/745 758/758 757/757
f 754/754 757/757 758/758
f 759/759 758/758 745/745
f 759/759 760/760 758/758
f 760/760 754/754 758/758
f 759/759 761/761 760/760
f 759/759 762/762 761/761
f 754/754 760/760 763/763
f 761/761 763/763 760/760
f 764/764 761/761 762/762
f 764/764 763/763 761/761
f 762/762 765/765 764/764
f 763/763 766/766 754/754
f 766/766 763/763 764/764
f 754/754 766/766 756/756
f 765/765 767/767 764/764
f 766/766 764/764 767/767
f 768/768 756/756 766/766
f 768/768 766/766 767/767
f 769/769 767/767 765/765
f 768/768 767/767 769/769
f 769/769 765/765 770/770
f 770/770 771/771 769/769
f 769/769 771/771 768/768
f 770/770 772/772 771/771
f 773/773 756/756 768/768
f 773/773 774/774 756/756
f 773/773 775/775 774/774
f 776/776 774/774 775/775
f 777/777 776/776 775/775
f 778/778 777/777 775/775
f 778/778 775/775 779/779
f 780/780 778/778 779/779
f 781/781 780/780 779/779
f 781/781 779/779 782/782
f 783/783 781/781 782/782
f 784/784 783/783 782/782
f 784/784 782/782 785/785
f 773/773 768/768 786/786
f 768/768 771/771 786/786
f 773/773 786/786 787/787
f 771/771 787/787 786/786
f 775/775 773/773 788/788
f 773/773 787/787 788/788
f 771/771 789/789 787/787
f 789/789 788/788 787/787
f 772/772 789/789 771/771
f 772/772 790/790 789/789
f 790/790 791/791 789/789
f 789/789 791/791 788/788
f 790/790 792/792 791/791
f 791/791 792/792 788/788
f 790/790 793/793 792/792
f 793/793 794/794 792/792
f 775/775 788/788 795/795
f 792/792 795/795 788/788
f 779/779 775/775 795/795
f 794/794 796/796 792/792
f 792/792 796/796 795/795
f 794/794 797/797 796/796
f 796/796 798/798 795/795
f 779/779 795/795 798/798
f 797/797 799/799 796/796
f 796/796 799/799 798/798
f 799/799 779/779 798/798
f 797/797 800/800 799/799
f 799/799 801/801 779/779
f 800/800 801/801 799/799
f 801/801 782/782 779/779
f 800/800 802/802 801/801
f 801/801 802/802 782/782
f 800/800 803/803 802/802
f 802/802 803/803 804/804
f 805/805 802/802 804/804
f 802/802 805/805 782/782
f 805/805 804/804 806/806
f 807/807 805/805 806/806
f 806/806 808/808 807/807
f 805/805 809/809 782/782
f 805/805 807/807 809/809
f 808/808 810/810 807/807
f 810/810 809/809 807/807
f 811/811 782/782 809/809
f 811/811 809/809 810/810
f 785/785 782/782 811/811
f 812/812 785/785 811/811
f 811/811 813/813 812/812
f 813/813 811/811 810/810
f 814/814 812/812 813/813
f 815/815 814/814 813/813
f 816/816 810/810 808/808
f 813/813 810/810 816/816
f 815/815 813/813 816/816
f 816/816 808/808 817/817
f 817/817 815/815 816/816
f 817/817 818/818 815/815
f 818/818 819/819 815/815
f 818/818 820/820 819/819
f 818/818 821/821 820/820
f 821/821 822/822 820/820
f 821/821 823/823 822/822
f 826/826 825/825 824/824
f 827/827 824/824 825/825
f 828/828 827/827 825/825
f 828/828 825/825 829/829
f 830/830 828/828 829/829
f 830/830 829/829 831/831
f 829/829 832/832 831/831
f 832/832 833/833 831/831
f 832/832 834/834 833/833
f 834/834 835/835 833/833
f 834/834 836/836 835/835
f 837/837 836/836 834/834
f 837/837 838/838 836/836
f 837/837 839/839 838/838
f 839/839 840/840 838/838
f 841/841 840/840 839/839
f 842/842 841/841 839/839
f 842/842 839/839 843/843
f 846/846 845/845 844/844
f 846/846 847/847 845/845
f 847/847 848/848 845/845
f 847/847 849/849 848/848
f 849/849 850/850 848/848
f 849/849 851/851 850/850
f 851/851 852/852 850/850
f 851/851 853/853 852/852
f 854/854 852/852 853/853
f 854/854 853/853 855/855
f 855/855 856/856 854/854
f 856/856 855/855 857/857
f 857/857 858/858 856/856
f 857/857 859/859 858/858
f 859/859 860/860 858/858
f 861/861 860/860 859/859
f 861/861 862/862 860/860
f 863/863 862/862 861/861
f 862/862 863/863 864/864
f 865/865 862/862 864/864
f 864/864 866/866 865/865
f 866/866 867/867 865/865
f 866/866 868/868 867/867
f 868/868 869/869 867/867
f 869/869 868/868 870/870
f 871/871 869/869 870/870
f 870/870 872/872 871/871
f 870/870 873/873 872/872
f 873/873 874/874 872/872
f 873/873 875/875 874/874
f 875/875 876/876 874/874
f 875/875 877/877 876/876
f 877/877 878/878 876/876
f 877/877 879/879 878/878
f 882/882 881/881 880/880
f 883/883 882/882 880/880
f 883/883 880/880 884/884
f 885/885 883/883 884/884
f 886/886 885/885 884/884
f 886/886 884/884 887/887
f 888/888 886/886 887/887
f 888/888 887/887 889/889
f 890/890 888/888 889/889
f 890/890 889/889 891/891
f 892/892 891/891 889/889
f 892/892 889/889 893/893
f 896/896 895/895 894/894
f 895/895 897/897 894/894
f 898/898 897/897 895/895
f 898/898 899/899 897/897
f 897/897 900/900 894/894
f 897/897 901/901 900/900
f 901/901 902/902 900/900
f 903/903 902/902 901/901
f 906/906 905/905 904/904
f 906/906 907/907 905/905
f 908/908 905/905 907/907
f 908/908 909/909 905/905
f 909/909 910/910 905/905
f 909/909 911/911 910/910
f 912/912 910/910 911/911
f 915/915 914/914 913/913
f 916/916 915/915 913/913
f 916/916 913/913 917/917
f 916/916 917/917 918/918
f 919/919 916/916 918/918
f 919/919 918/918 920/920
f 921/921 919/919 920/920
f 921/921 920/920 922/922
f 923/923 921/921 922/922
f 923/923 922/922 924/924
f 924/924 925/925 923/923
f 925/925 924/924 926/926
f 926/926 927/927 925/925
f 927/927 926/926 928/928
f 929/929 927/927 928/928
f 929/929 928/928 930/930
f 930/930 931/931 929/929
f 930/930 932/932 931/931
f 932/932 933/933 931/931
f 934/934 933/933 932/932
f 934/934 935/935 933/933
f 934/934 936/936 935/935
f 937/937 935/935 936/936
f 937/937 936/936 938/938
f 938/938 939/939 937/937
f 940/940 939/939 938/938
f 940/940 941/941 939/939
f 942/942 941/941 940/940
f 942/942 943/943 941/941
f 942/942 944/944 943/943
f 944/944 945/945 943/943
f 944/944 946/946 945/945
f 947/947 945/945 946/946
f 947/947 948/948 945/945
f 948/948 949/949 945/945
f 950/950 949/949 948/948
f 950/950 951/951 949/949
f 950/950 952/952 951/951
f 953/953 951/951 952/952
f 952/952 954/954 953/953
f 952/952 955/955 954/954
f 955/955 956/956 954/954
f 955/955 957/957 956/956
f 957/957 958/958 956/956
f 957/957 959/959 958/958
f 959/959 960/960 958/958
f 959/959 961/961 960/960
f 961/961 962/962 960/960
f 963/963 960/960 962/962
f 963/963 962/962 964/964
f 965/965 963/963 964/964
f 965/965 966/966 963/963
f 967/967 966/966 965/965
f 967/967 968/968 966/966
f 968/968 967/967 969/969
f 968/968 969/969 970/970
f 971/971 968/968 970/970
f 971/971 970/970 972/972
f 973/973 971/971 972/972
f 973/973 972/972 974/974
f 977/977 976/976 975/975
f 977/977 975/975 978/978
f 978/978 979/979 977/977
f 979/979 978/978 980/980
f 981/981 979/979 980/980
f 981/981 980/980 982/982
f 982/982 983/983 981/981
f 983/983 982/982 984/984
f 985/985 984/984 982/982
f 985/985 986/986 984/984
f 986/986 987/987 984/984
f 987/987 988/988 984/984
f 989/989 984/984 988/988
f 990/990 989/989 988/988
f 990/990 988/988 991/991
f 994/994 993/993 992/992
f 995/995 993/993 994/994
f 996/996 995/995 994/994
f 997/997 995/995 996/996
f 998/998 995/995 997/997
f 999/999 998/998 997/997
f 1000/1000 998/998 999/999
f 1001/1001 998/998 1000/1000
f 1001/1001 1000/1000 1002/1002
f 1003/1003 1001/1001 1002/1002
f 1004/1004 1003/1003 1002/1002
f 1005/1005 1003/1003 1004/1004
f 1006/1006 1005/1005 1004/1004
f 1006/1006 1007/1007 1005/1005
f 1008/1008 1007/1007 1006/1006
f 1009/1009 1007/1007 1008/1008
f 1010/1010 1009/1009 1008/1008
f 1011/1011 1010/1010 1008/1008
f 1012/1012 1010/1010 1011/1011
f 1013/1013 1012/1012 1011/1011
f 1014/1014 1012/1012 1013/1013
f 1013/1013 1015/1015 1014/1014
f 1016/1016 1015/1015 1013/1013
f 1015/1015 1016/1016 1017/1017
f 1018/1018 1017/1017 1016/1016
f 1018/1018 1019/1019 1017/1017
f 1020/1020 1019/1019 1018/1018
f 1020/1020 1021/1021 1019/1019
f 1022/1022 1021/1021 1020/1020
f 1021/1021 1022/1022 1023/1023
f 1023/1023 1022/1022 1024/1024
f 1023/1023 1024/1024 1025/1025
f 1025/1025 1024/1024 1026/1026
f 1027/1027 1025/1025 1026/1026
f 1027/1027 1028/1028 1025/1025
f 1029/1029 1028/1028 1027/1027
f 1030/1030 1028/1028 1029/1029
f 1030/1030 1031/1031 1028/1028
f 1032/1032 1031/1031 1030/1030
f 1033/1033 1031/1031 1032/1032
f 1034/1034 1033/1033 1032/1032
f 1035/1035 1033/1033 1034/1034
f 1036/1036 1035/1035 1034/1034
f 1037/1037 1035/1035 1036/1036
f 1038/1038 1037/1037 1036/1036
f 1037/1037 1038/1038 1039/1039
f 1040/1040 1037/1037 1039/1039
f 1040/1040 1039/1039 1041/1041
f 1042/1042 1040/1040 1041/1041
f 1042/1042 1041/1041 1043/1043
f 1044/1044 1042/1042 1043/1043
f 1045/1045 1044/1044 1043/1043
f 1046/1046 1044/1044 1045/1045
f 1047/1047 1046/1046 1045/1045
f 1048/1048 1046/1046 1047/1047
f 1049/1049 1048/1048 1047/1047
f 1050/1050 1048/1048 1049/1049
f 1050/1050 1049/1049 1051/1051
f 1052/1052 1050/1050 1051/1051
f 1053/1053 1052/1052 1051/1051
f 1054/1054 1053/1053 1051/1051
f 1055/1055 1053/1053 1054/1054
f 1056/1056 1055/1055 1054/1054
f 1057/1057 1055/1055 1056/1056
f 1058/1058 1057/1057 1056/1056
f 1059/1059 1058/1058 1056/1056
f 1062/1062 1061/1061 1060/1060
f 1062/1062 1063/1063 1061/1061
f 1064/1064 1060/1060 1061/1061
f 1063/1063 1065/1065 1061/1061
f 1060/1060 1064/1064 1066/1066
f 1063/1063 1067/1067 1065/1065
f 1068/1068 1060/1060 1066/1066
f 1067/1067 1069/1069 1065/1065
f 1068/1068 1066/1066 1070/1070
f 1067/1067 1071/1071 1069/1069
f 1072/1072 1068/1068 1070/1070
f 1071/1071 1073/1073 1069/1069
f 1072/1072 1070/1070 1074/1074
f 1071/1071 1075/1075 1073/1073
f 1076/1076 1072/1072 1074/1074
f 1075/1075 1077/1077 1073/1073
f 1076/1076 1074/1074 1078/1078
f 1075/1075 1079/1079 1077/1077
f 1080/1080 1076/1076 1078/1078
f 1079/1079 1081/1081 1077/1077
f 1080/1080 1078/1078 1082/1082
f 1079/1079 1083/1083 1081/1081
f 1084/1084 1080/1080 1082/1082
f 1083/1083 1085/1085 1081/1081
f 1084/1084 1082/1082 1086/1086
f 1083/1083 1087/1087 1085/1085
f 1088/1088 1084/1084 1086/1086
f 1087/1087 1089/1089 1085/1085
f 1088/1088 1086/1086 1090/1090
f 1087/1087 1091/1091 1089/1089
f 1092/1092 1088/1088 1090/1090
f 1091/1091 1093/1093 1089/1089
f 1091/1091 1094/1094 1093/1093
f 1094/1094 1095/1095 1093/1093
f 1094/1094 1096/1096 1095/1095
f 1096/1096 1097/1097 1095/1095
f 1096/1096 1098/1098 1097/1097
f 1098/1098 1099/1099 1097/1097
f 1098/1098 1100/1100 1099/1099
f 1100/1100 1101/1101 1099/1099
f 1100/1100 1102/1102 1101/1101
f 1102/1102 1103/1103 1101/1101
f 1102/1102 1104/1104 1103/1103
f 1104/1104 1105/1105 1103/1103
f 1104/1104 1106/1106 1105/1105
f 1106/1106 1107/1107 1105/1105
f 1106/1106 1108/1108 1107/1107
f 1108/1108 1109/1109 1107/1107
f 1108/1108 1110/1110 1109/1109
f 1110/1110 1111/1111 1109/1109
f 1110/1110 1112/1112 1111/1111
f 1112/1112 1113/1113 1111/1111
f 1112/1112 1114/1114 1113/1113
f 1114/1114 1115/1115 1113/1113
f 1114/1114 1116/1116 1115/1115
f 1116/1116 1117/1117 1115/1115
f 1116/1116 1118/1118 1117/1117
f 1118/1118 1119/1119 1117/1117
f 1118/1118 1120/1120 1119/1119
f 1118/1118 1121/1121 1120/1120
f 1122/1122 1120/1120 1121/1121
f 1122/1122 1121/1121 1123/1123
f 1123/1123 1124/1124 1122/1122
f 1123/1123 1125/1125 1124/1124
f 1125/1125 1126/1126 1124/1124
f 1127/1127 1126/1126 1125/1125
f 1127/1127 1128/1128 1126/1126
f 1128/1128 1129/1129 1126/1126
f 1128/1128 1130/1130 1129/1129
f 1130/1130 1131/1131 1129/1129
f 1130/1130 1132/1132 1131/1131
f 1133/1133 1132/1132 1130/1130
f 1133/1133 1092/1092 1132/1132
f 1092/1092 1090/1090 1132/1132
f 1136/1136 1135/1135 1134/1134
f 1134/1134 1135/1135 1137/1137
f 1138/1138 1137/1137 1135/1135
f 1135/1135 1136/1136 1139/1139
f 1135/1135 1139/1139 1138/1138
f 1139/1139 1140/1140 1138/1138
f 1141/1141 1134/1134 1137/1137
f 1142/1142 1138/1138 1140/1140
f 1142/1142 1140/1140 1143/1143
f 1144/1144 1142/1142 1143/1143
f 1144/1144 1143/1143 1145/1145
f 1138/1138 1142/1142 1146/1146
f 1142/1142 1144/1144 1146/1146
f 1147/1147 1144/1144 1145/1145
f 1147/1147 1145/1145 1148/1148
f 1149/1149 1147/1147 1148/1148
f 1144/1144 1147/1147 1149/1149
f 1149/1149 1148/1148 1150/1150
f 1144/1144 1149/1149 1151/1151
f 1149/1149 1150/1150 1151/1151
f 1146/1146 1144/1144 1151/1151
f 1151/1151 1150/1150 1152/1152
f 1151/1151 1152/1152 1153/1153
f 1146/1146 1151/1151 1153/1153
f 1154/1154 1146/1146 1153/1153
f 1138/1138 1146/1146 1154/1154
f 1154/1154 1153/1153 1155/1155
f 1154/1154 1155/1155 1156/1156
f 1154/1154 1157/1157 1138/1138
f 1157/1157 1154/1154 1156/1156
f 1157/1157 1156/1156 1158/1158
f 1157/1157 1137/1137 1138/1138
f 1159/1159 1157/1157 1158/1158
f 1157/1157 1159/1159 1137/1137
f 1137/1137 1159/1159 1160/1160
f 1159/1159 1158/1158 1161/1161
f 1159/1159 1161/1161 1160/1160
f 1162/1162 1160/1160 1161/1161
f 1163/1163 1160/1160 1162/1162
f 1163/1163 1164/1164 1160/1160
f 1165/1165 1137/1137 1160/1160
f 1160/1160 1166/1166 1165/1165
f 1160/1160 1164/1164 1166/1166
f 1165/1165 1166/1166 1167/1167
f 1137/1137 1165/1165 1168/1168
f 1141/1141 1137/1137 1168/1168
f 1168/1168 1169/1169 1141/1141
f 1165/1165 1169/1169 1168/1168
f 1169/1169 1170/1170 1141/1141
f 1170/1170 1169/1169 1171/1171
f 1171/1171 1169/1169 1165/1165
f 1172/1172 1170/1170 1171/1171
f 1172/1172 1171/1171 1173/1173
f 1171/1171 1165/1165 1173/1173
f 1172/1172 1173/1173 1174/1174
f 1175/1175 1165/1165 1167/1167
f 1165/1165 1175/1175 1173/1173
f 1174/1174 1173/1173 1176/1176
f 1176/1176 1173/1173 1175/1175
f 1174/1174 1176/1176 1177/1177
f 1178/1178 1174/1174 1177/1177
f 1179/1179 1178/1178 1177/1177
f 1175/1175 1167/1167 1180/1180
f 1181/1181 1175/1175 1180/1180
f 1181/1181 1182/1182 1175/1175
f 1176/1176 1175/1175 1182/1182
f 1180/1180 1167/1167 1183/1183
f 1182/1182 1184/1184 1176/1176
f 1184/1184 1177/1177 1176/1176
f 1185/1185 1180/1180 1183/1183
f 1185/1185 1183/1183 1186/1186
f 1185/1185 1186/1186 1187/1187
f 1188/1188 1185/1185 1187/1187
f 1188/1188 1189/1189 1185/1185
f 1189/1189 1180/1180 1185/1185
f 1189/1189 1181/1181 1180/1180
f 1189/1189 1190/1190 1181/1181
f 1181/1181 1190/1190 1191/1191
f 1191/1191 1192/1192 1181/1181
f 1192/1192 1193/1193 1181/1181
f 1193/1193 1194/1194 1181/1181
f 1194/1194 1182/1182 1181/1181
f 1194/1194 1184/1184 1182/1182
f 1184/1184 1194/1194 1195/1195
f 1184/1184 1195/1195 1196/1196
f 1197/1197 1184/1184 1196/1196
f 1197/1197 1196/1196 1198/1198
f 1198/1198 1199/1199 1197/1197
f 1197/1197 1177/1177 1184/1184
f 1199/1199 1200/1200 1197/1197
f 1197/1197 1200/1200 1177/1177
f 1199/1199 1201/1201 1200/1200
f 1200/1200 1202/1202 1177/1177
f 1201/1201 1202/1202 1200/1200
f 1177/1177 1202/1202 1179/1179
f 1201/1201 1203/1203 1202/1202
f 1202/1202 1203/1203 1179/1179
