v -0.038716008 0.0355514839 -0.157103641
v -0.0370456606 0.035588798 -0.157217274
v -0.042867294 0.0359794757 -0.150510611
v -0.033104088 0.0345536421 -0.168931915
v -0.0350948832 0.0346937739 -0.16681914
v -0.0324855355 0.0339342777 -0.173752941
v -0.0338867249 0.03350201 -0.176859787
v -0.0322608073 0.0326355949 -0.181894784
v -0.0347345018 0.0312999908 -0.185599492
v -0.0324411083 0.0312792022 -0.186298811
v -0.0326403151 0.0287831849 -0.191196834
v -0.0361859503 0.0284031584 -0.190992421
v -0.0326286412 0.0252327882 -0.194938062
v -0.0369814189 0.0261946869 -0.19335167
v -0.0424459335 0.0229180855 -0.194691389
v -0.0415273761 0.0261767178 -0.192595518
v -0.0319625269 0.020533857 -0.197194633
v -0.0431442503 0.0175380663 -0.196079584
v -0.0315077997 0.0176126779 -0.197918434
v -0.0465487569 -0.0299624848 -0.0841132307
v -0.0500243134 -0.0264732589 -0.0715135015
v -0.0476126126 -0.029617849 -0.0784526463
v -0.0453747578 -0.031385275 -0.0844739145
v -0.044389791 -0.0318640212 -0.0944290077
v -0.0428219908 -0.0332086705 -0.099987397
v -0.0429217035 -0.0329295735 -0.104646513
v -0.0414822774 -0.0342931169 -0.117114489
v -0.0419950695 -0.0335603989 -0.116775127
v -0.0412716151 -0.034820618 -0.12769216
v -0.0417934061 -0.0341133804 -0.127515825
v -0.0421947682 -0.0347146132 -0.13910362
v -0.0427740595 -0.0355049394 -0.152565562
v -0.0433084437 -0.0350083146 -0.151527592
v -0.043268196 -0.0348758427 -0.153096986
v -0.0424042197 -0.035237612 -0.155698147
v -0.0405862256 -0.0354419964 -0.156262738
v -0.0407846032 -0.0351092843 -0.159140991
v -0.037404851 -0.0348325997 -0.1632042
v -0.0356742006 -0.0339300345 -0.171351433
v -0.0381047313 -0.034225197 -0.166427984
v -0.036999199 -0.0336088855 -0.171350338
v -0.0365058339 -0.0327483143 -0.178116874
v -0.0349111768 -0.0328506839 -0.1777275
v -0.0368808833 -0.0326475219 -0.177656126
v -0.037331306 -0.0305017256 -0.185444811
v -0.0346294344 -0.0310673147 -0.18499915
v -0.0375729844 -0.0282112687 -0.190251286
v -0.0342055986 -0.02746174 -0.192173803
v -0.0376908289 -0.0266504012 -0.192301034
v -0.0331973695 -0.0234799707 -0.195643352
v -0.0377982368 -0.024451764 -0.194181397
v -0.0378240405 -0.0213132826 -0.195847079
v -0.0379486602 -0.0211130104 -0.195659394
v -0.0320752949 -0.0199647867 -0.197203178
v -0.0368681198 -0.0168574337 -0.19712029
v -0.0379825695 -0.016900944 -0.195700722
v -0.0382436861 -0.0165977214 -0.195697951
v -0.0369476344 -0.0165780064 -0.197350467
v -0.0319096769 -0.0165581586 -0.198074407
v -0.0315488185 -0.0163249554 -0.198079646
v -0.0494726744 -0.0171794628 -0.0738470408
v -0.0535426124 -0.0152503886 -0.0622289663
v -0.051560181 -0.0231981614 -0.067288999
v -0.0500243134 -0.0264732589 -0.0715135015
v -0.0465487569 -0.0299624848 -0.0841132307
v -0.0463628544 -0.0173916251 -0.0852790137
v -0.0438082162 -0.0174555515 -0.098942325
v -0.044389791 -0.0318640212 -0.0944290077
v -0.0429217035 -0.0329295735 -0.104646513
v -0.0428749903 -0.0174368653 -0.106857822
v -0.0419950695 -0.0335603989 -0.116775127
v -0.0424038924 -0.0174137088 -0.113142724
v -0.0418595837 -0.0181487231 -0.12313776
v -0.0417934061 -0.0341133804 -0.127515825
v -0.0423508681 -0.0169581058 -0.118730974
v -0.0421947682 -0.0347146132 -0.13910362
v -0.0422175551 -0.0172903565 -0.135535374
v -0.0430715692 -0.0166335283 -0.134456961
v -0.0441141994 -0.0166674285 -0.150613708
v -0.0435652749 -0.017426583 -0.152011227
v -0.0433084437 -0.0350083146 -0.151527592
v -0.0433415218 -0.0166145148 -0.155027478
v -0.043268196 -0.0348758427 -0.153096986
v -0.0429181513 -0.0170324035 -0.154971005
v -0.0424042197 -0.035237612 -0.155698147
v -0.041549145 -0.0166432736 -0.158191146
v -0.0420557436 -0.0172284876 -0.156761019
v -0.0407846032 -0.0351092843 -0.159140991
v -0.0387133783 -0.0169649594 -0.164677121
v -0.0389640263 -0.0166408155 -0.164447539
v -0.0381047313 -0.034225197 -0.166427984
v -0.0374582232 -0.0168147864 -0.169578986
v -0.0371974616 -0.0165820154 -0.172085559
v -0.036999199 -0.0336088855 -0.171350338
v -0.0369868634 -0.0169159207 -0.177405577
v -0.0372100869 -0.0165786772 -0.175801537
v -0.0368808833 -0.0326475219 -0.177656126
v -0.0382436861 -0.0165977214 -0.195697951
v -0.037331306 -0.0305017256 -0.185444811
v -0.0379825695 -0.016900944 -0.195700722
v -0.0375729844 -0.0282112687 -0.190251286
v -0.0379486602 -0.0211130104 -0.195659394
v -0.0376908289 -0.0266504012 -0.192301034
v -0.0377982368 -0.024451764 -0.194181397
v -0.0438082162 -0.0174555515 -0.098942325
v -0.0428749903 -0.0174368653 -0.106857822
v -0.0437080846 -0.0161091268 -0.103895168
v -0.0424038924 -0.0174137088 -0.113142724
v -0.0434692295 -0.0161811005 -0.112735655
v -0.0423508681 -0.0169581058 -0.118730974
v -0.044264154 -0.0164564432 -0.118497165
v -0.0430715692 -0.0166335283 -0.134456961
v -0.0453884291 -0.0165461791 -0.121841894
v -0.0477303212 -0.01657011 -0.125405786
v -0.0441141994 -0.0166674285 -0.150613708
v -0.0527227166 -0.0166079439 -0.129980221
v -0.0961223486 -0.0167527276 -0.215883087
v -0.0433415218 -0.0166145148 -0.155027478
v -0.0605198657 -0.0166241569 -0.132943317
v -0.041549145 -0.0166432736 -0.158191146
v -0.0841952555 -0.0166417581 -0.134133594
v -0.0787755809 -0.0164405774 -0.133043982
v -0.0995342838 -0.0166758385 -0.139558525
v -0.108501628 -0.0166670776 -0.146105688
v -0.113410094 -0.0167632502 -0.152366387
v -0.117414012 -0.0167110208 -0.158776157
v -0.120383302 -0.0166734116 -0.166641187
v -0.121486744 -0.0167142706 -0.174488232
v -0.121346324 -0.0166694027 -0.182786619
v -0.0371974616 -0.0165820154 -0.172085559
v -0.0389640263 -0.0166408155 -0.164447539
v -0.0372100869 -0.0165786772 -0.175801537
v -0.0382436861 -0.0165977214 -0.195697951
v -0.0369476344 -0.0165780064 -0.197350467
v -0.116779491 -0.0167963153 -0.19623104
v -0.119034851 -0.0164907224 -0.19304289
v -0.114831991 -0.0164214171 -0.201233407
v -0.109458492 -0.0166289604 -0.20738712
v -0.103917239 -0.0166333255 -0.212096563
v -0.0362562409 -0.0165190128 -0.203035073
v -0.0319096769 -0.0165581586 -0.198074407
v -0.0468598082 -0.0165663846 -0.213074312
v -0.0363498912 -0.0163257896 -0.203486881
v -0.0422162281 -0.0162750811 -0.209351466
v -0.0315488185 -0.0163249554 -0.198079646
v -0.0488900915 -0.0163058531 -0.215148577
v -0.0533450148 -0.0164471162 -0.218349742
v -0.0600945947 -0.0165104016 -0.222283159
v -0.0673387011 -0.0165286271 -0.224939873
v -0.0727799183 -0.0165676092 -0.225838646
v -0.0820298606 -0.0166095268 -0.225996436
v -0.0774301982 -0.0161804618 -0.226231921
v -0.0904265136 -0.0166363191 -0.22463894
v -0.0987700638 -0.0167178891 -0.221626624
v -0.0535794025 0.0174266938 -0.0615203229
v -0.0496130044 0.0174551853 -0.0750299136
v -0.0500405514 0.0174529647 -0.0714697817
v -0.0471394175 0.0174719057 -0.0828107586
v -0.0475043097 0.0174692674 -0.0866052171
v -0.0453857487 0.0174863443 -0.0991036417
v -0.0469031235 0.0174777017 -0.0985285966
v -0.0475038208 0.0174791773 -0.107526826
v -0.0461235076 0.0174910983 -0.114893215
v -0.0499045899 0.0174750036 -0.116820971
v -0.0537661851 0.0174634112 -0.122539082
v -0.0492483218 0.0174864778 -0.129623665
v -0.0570932826 0.017450595 -0.124833779
v -0.0553359118 0.0174687749 -0.144549913
v -0.0618982901 0.0174328471 -0.126429345
v -0.058352227 0.0174560489 -0.142620213
v -0.0635058867 0.0174348449 -0.14010669
v -0.0667719244 0.0174216271 -0.138955936
v -0.0667108878 0.0174128348 -0.126941095
v -0.0757336166 0.0173807966 -0.127230166
v -0.0722617334 0.0173997507 -0.137699291
v -0.0757777264 0.0173859829 -0.137309916
v -0.0836314241 0.0173489519 -0.127984595
v -0.0814391373 0.0173641065 -0.137336901
v -0.0907394002 0.0173238434 -0.129585259
v -0.0848789947 0.017351008 -0.137747743
v -0.0904757254 0.0173300571 -0.13908291
v -0.101838344 0.0172836239 -0.134181022
v -0.0958040081 0.0173105513 -0.141198339
v -0.108397765 0.0172604523 -0.138462894
v -0.103536517 0.0172831624 -0.14609216
v -0.114191057 0.0172407674 -0.14373532
v -0.109914366 0.0172618375 -0.152564445
v -0.119070151 0.0172250465 -0.149863551
v -0.122910367 0.0172137059 -0.156690972
v -0.114729641 0.0172472488 -0.160443911
v -0.125799679 0.0172066581 -0.164728716
v -0.117607055 0.0172406172 -0.169204664
v -0.127249364 0.017205376 -0.173146068
v -0.118404279 0.0172421975 -0.178298901
v -0.127215359 0.0172098755 -0.181687274
v -0.125698747 0.0172200386 -0.190092856
v -0.117108088 0.0172518688 -0.187379017
v -0.122745523 0.0172355658 -0.198107352
v -0.113772777 0.0172691539 -0.195933715
v -0.118445513 0.0172559811 -0.205487222
v -0.108591853 0.0172930413 -0.20348297
v -0.112929325 0.0172806572 -0.21200832
v -0.10636456 0.0173088216 -0.217472436
v -0.101867634 0.0173221879 -0.209628977
v -0.098950755 0.0173396679 -0.221713539
v -0.0937884281 0.0173557308 -0.214152201
v -0.0893983714 0.0173782619 -0.224976544
v -0.0849558987 0.0173911815 -0.216685166
v -0.077560109 0.0174246661 -0.226214784
v -0.0758581461 0.0174265885 -0.217140676
v -0.0668344511 0.0174652421 -0.224844925
v -0.0668089095 0.0174607281 -0.215500849
v -0.0606781818 0.0174821258 -0.21309054
v -0.0604477202 0.0174867009 -0.222510472
v -0.0544598283 0.0175093355 -0.219083834
v -0.0558931512 0.0174977273 -0.210277038
v -0.049159916 0.0175303475 -0.215302198
v -0.0533015774 0.0175068036 -0.208353298
v -0.0499327275 0.017518083 -0.205303286
v -0.0394970863 0.0175595846 -0.206676475
v -0.0467076389 0.0175276061 -0.201620255
v -0.0446895939 0.0175349521 -0.198748708
v -0.0315077997 0.0176126779 -0.197918434
v -0.0431442503 0.0175380663 -0.196079584
v -0.0535794025 0.0174266938 -0.0615203229
v -0.0500405514 0.0174529647 -0.0714697817
v -0.0530699518 0.0198162886 -0.0624454813
v -0.0489239024 0.0284601106 -0.0741443189
v -0.0471394175 0.0174719057 -0.0828107586
v -0.0464591137 0.0309716724 -0.0873092911
v -0.0453857487 0.0174863443 -0.0991036417
v -0.0454627588 0.0323176199 -0.0992629677
v -0.0459470699 0.0333572581 -0.112870301
v -0.0461235076 0.0174910983 -0.114893215
v -0.0486636302 0.0341113469 -0.127376162
v -0.0492483218 0.0174864778 -0.129623665
v -0.0553359118 0.0174687749 -0.144549913
v -0.0534381566 0.0261039223 -0.140411826
v -0.0554309366 0.0260983662 -0.144506583
v -0.0533893444 0.0350102415 -0.140457705
v -0.0988352222 -0.00807913521 -0.221743388
v -0.0893983714 0.0173782619 -0.224976544
v -0.098950755 0.0173396679 -0.221713539
v -0.0904265136 -0.0166363191 -0.22463894
v -0.0987700638 -0.0167178891 -0.221626624
v -0.0820298606 -0.0166095268 -0.225996436
v -0.077560109 0.0174246661 -0.226214784
v -0.0774301982 -0.0161804618 -0.226231921
v -0.0727799183 -0.0165676092 -0.225838646
v -0.0668344511 0.0174652421 -0.224844925
v -0.0673387011 -0.0165286271 -0.224939873
v -0.0600945947 -0.0165104016 -0.222283159
v -0.0604477202 0.0174867009 -0.222510472
v -0.0526238122 0.00613916904 -0.218244107
v -0.0533450148 -0.0164471162 -0.218349742
v -0.0544598283 0.0175093355 -0.219083834
v -0.0488900915 -0.0163058531 -0.215148577
v -0.049159916 0.0175303475 -0.215302198
v -0.0485086758 0.00299694706 -0.215342967
v -0.0400603549 0.00486074036 -0.208292413
v -0.0394970863 0.0175595846 -0.206676475
v -0.0403106409 -0.00833311994 -0.20828878
v -0.0319260896 -0.00464040301 -0.200069649
v -0.0422162281 -0.0162750811 -0.209351466
v -0.0363498912 -0.0163257896 -0.203486881
v -0.0315488185 -0.0163249554 -0.198079646
v -0.0333197049 0.0139732176 -0.200655265
v -0.0315077997 0.0176126779 -0.197918434
v -0.0222516473 0.00997376215 -0.187724398
v -0.0250215165 0.0195848617 -0.188961439
v -0.0319625269 0.020533857 -0.197194633
v -0.0276736063 0.023646739 -0.189282012
v -0.0326286412 0.0252327882 -0.194938062
v -0.0257538392 0.02511376 -0.184779963
v -0.0292366132 0.0271297675 -0.187741173
v -0.0326403151 0.0287831849 -0.191196834
v -0.0324411083 0.0312792022 -0.186298811
v -0.0289865824 0.0290387401 -0.184205349
v -0.0322608073 0.0326355949 -0.181894784
v -0.0275086261 0.0315391696 -0.174626359
v -0.0324855355 0.0339342777 -0.173752941
v -0.024003522 0.0286340984 -0.176095183
v -0.0228674484 0.0319205787 -0.16470009
v -0.033104088 0.0345536421 -0.168931915
v -0.0285777031 0.0341488547 -0.161050446
v -0.0370456606 0.035588798 -0.157217274
v -0.0337339183 0.035460529 -0.150715362
v -0.042867294 0.0359794757 -0.150510611
v -0.0304453804 0.0353050654 -0.131287961
v -0.0484502149 0.0359357409 -0.144288258
v -0.0213178778 0.0346760422 -0.137610489
v -0.00945460998 0.0333592287 -0.131574494
v -0.017556724 0.0305150271 -0.161335291
v 0.00104673104 0.0316899416 -0.124222354
v -0.0130441821 0.0276172144 -0.161450752
v -0.0105431538 0.0350224951 -0.11524742
v -0.039022643 0.0350561395 -0.121019408
v -0.0528962208 0.0354819681 -0.140802516
v -0.034762177 0.0351569323 -0.10130594
v -0.0190772075 0.035763245 -0.105109054
v -0.0479508251 0.0346659379 -0.126179308
v -0.0533893444 0.0350102415 -0.140457705
v -0.0486636302 0.0341113469 -0.127376162
v -0.0459470699 0.0333572581 -0.112870301
v -0.0453098561 0.0341745869 -0.114783086
v -0.0447123137 0.0329513791 -0.0973979651
v -0.0454627588 0.0323176199 -0.0992629677
v -0.0463845003 0.0312892447 -0.082930387
v -0.0464591137 0.0309716724 -0.0873092911
v -0.0377574908 0.034647193 -0.0768953119
v -0.0476718761 0.0301146896 -0.0770577346
v -0.0489239024 0.0284601106 -0.0741443189
v -0.0343272116 0.0364312639 -0.0564024842
v -0.0389732975 0.0351695979 -0.0544438604
v -0.0486589906 0.0290722951 -0.072720414
v -0.0432469969 0.0332198708 -0.0557582011
v -0.0513092811 0.0250161843 -0.0661366328
v -0.0530699518 0.0198162886 -0.0624454813
v -0.0514682402 0.0225935974 -0.0430834334
v -0.0535794025 0.0174266938 -0.0615203229
v -0.0476681304 0.0292198167 -0.0335816439
v -0.0506609584 0.0253454243 -0.0511296792
v -0.0435393246 0.0333920229 -0.031144984
v -0.0456991139 0.0319367147 -0.014687152
v -0.0326087325 0.0388986577 -0.020252775
v -0.0381935856 0.0366597432 -0.0253380247
v -0.0408903873 0.0360137631 -0.015059438
v -0.0250814838 0.0405688544 -0.0179634691
v -0.0340167148 0.039853659 -0.000488263186
v -0.0251733269 0.0419790427 -0.00048615143
v -0.0382025003 0.0380390407 -0.000488849355
v -0.0426160988 0.0349582077 -0.000490582124
v -0.0461201822 0.0307039579 -0.000495388394
v -0.0132452793 0.0433109369 -0.000484754992
v -0.00565752276 0.0422112639 -0.0151791231
v 0.00696507612 0.0438606722 -0.000483981466
v -0.048278586 0.027896221 -0.0135929818
v -0.0484187848 0.0258181347 -0.000496503208
v -0.0507270878 0.0212139144 -0.0158006544
v -0.049829741 0.0208438432 -0.000497384735
v -0.0534929582 0.0162111025 -0.051713665
v -0.0522136407 0.0114386332 -0.0136014176
v -0.0509865943 0.0134405301 -0.000504018453
v -0.0546119708 0.00932894141 -0.0582478242
v -0.0543719109 0.0114053142 -0.0599184015
v -0.0548332406 0.000291417204 -0.0588851748
v -0.0530281512 0.000427181842 -0.0189664366
v -0.0514977728 0.000184382463 -0.000511454164
v -0.0369814189 0.0261946869 -0.19335167
v -0.0403823616 0.0261795468 -0.189490418
v -0.0415273761 0.0261767178 -0.192595518
v -0.0351219257 0.0261990526 -0.187156186
v -0.0338465173 0.0261993671 -0.178978662
v -0.0386069232 0.026181916 -0.1807219
v -0.0385857006 0.0261779695 -0.172937266
v -0.0344331312 0.0261929002 -0.170536502
v -0.0363480876 0.0261813661 -0.162483857
v -0.0404230284 0.0261667615 -0.16482746
v -0.0413072988 0.0261562113 -0.152500207
v -0.044323873 0.0261473314 -0.156362541
v -0.0488497398 0.0261234135 -0.14392467
v -0.0509413855 0.0261176479 -0.148088613
v -0.0554309366 0.0260983662 -0.144506583
v -0.0534381566 0.0261039223 -0.140411826
v -0.0533893444 0.0350102415 -0.140457705
v -0.0534381566 0.0261039223 -0.140411826
v -0.0528962208 0.0354819681 -0.140802516
v -0.0488497398 0.0261234135 -0.14392467
v -0.0484502149 0.0359357409 -0.144288258
v -0.0413072988 0.0261562113 -0.152500207
v -0.042867294 0.0359794757 -0.150510611
v -0.038716008 0.0355514839 -0.157103641
v -0.0363480876 0.0261813661 -0.162483857
v -0.0350948832 0.0346937739 -0.16681914
v -0.0344331312 0.0261929002 -0.170536502
v -0.0338867249 0.03350201 -0.176859787
v -0.0338465173 0.0261993671 -0.178978662
v -0.0347345018 0.0312999908 -0.185599492
v -0.0351219257 0.0261990526 -0.187156186
v -0.0361859503 0.0284031584 -0.190992421
v -0.0369814189 0.0261946869 -0.19335167
v -0.0987700638 -0.0167178891 -0.221626624
v -0.0966720094 -0.0162497102 -0.217062864
v -0.0961223486 -0.0167527276 -0.215883087
v -0.0981655077 -0.0130097351 -0.220282632
v -0.0988352222 -0.00807913521 -0.221743388
v -0.0966720094 -0.0162497102 -0.217062864
v -0.103917239 -0.0166333255 -0.212096563
v -0.0961223486 -0.0167527276 -0.215883087
v -0.104461667 -0.0146493698 -0.21492599
v -0.0981655077 -0.0130097351 -0.220282632
v -0.11060842 -0.0146757602 -0.209809793
v -0.109458492 -0.0166289604 -0.20738712
v -0.115773395 -0.0146988429 -0.203703926
v -0.114831991 -0.0164214171 -0.201233407
v -0.119799607 -0.0147179616 -0.196793932
v -0.119034851 -0.0164907224 -0.19304289
v -0.122564762 -0.0147324905 -0.189289742
v -0.121346324 -0.0166694027 -0.182786619
v -0.105618871 -0.011994162 -0.216576597
v -0.112035066 -0.0120216998 -0.211236137
v -0.117426423 -0.0120457961 -0.204862631
v -0.121629132 -0.0120657486 -0.197649724
v -0.106141133 -0.00877716575 -0.217440026
v -0.0988352222 -0.00807913521 -0.221743388
v -0.098950755 0.0173396679 -0.221713539
v -0.10636456 0.0173088216 -0.217472436
v -0.112929325 0.0172806572 -0.21200832
v -0.112804386 -0.00893595319 -0.211857143
v -0.118445513 0.0172559811 -0.205487222
v -0.118292297 -0.00896049548 -0.205342728
v -0.122745523 0.0172355658 -0.198107352
v -0.122565682 -0.00898079141 -0.197974197
v -0.125698747 0.0172200386 -0.190092856
v -0.125494622 -0.00899618468 -0.189975556
v -0.127215359 0.0172098755 -0.181687274
v -0.124515487 -0.0120809185 -0.189816614
v -0.126990105 -0.00900628748 -0.181589869
v -0.127249364 0.017205376 -0.173146068
v -0.125997804 -0.0120908729 -0.181601266
v -0.12700674 -0.009010728 -0.173071784
v -0.125799679 0.0172066581 -0.164728716
v -0.123984843 -0.0147420279 -0.181419367
v -0.12603104 -0.0120952683 -0.173253333
v -0.124016671 -0.0147462436 -0.173422007
v -0.121486744 -0.0167142706 -0.174488232
v -0.125544191 -0.00901057871 -0.164682267
v -0.122659291 -0.0147450371 -0.165540597
v -0.120383302 -0.0166734116 -0.166641187
v -0.124614149 -0.0120940167 -0.165026472
v -0.122776219 -0.00878010233 -0.156830146
v -0.122910367 0.0172137059 -0.156690972
v -0.119953951 -0.0147384362 -0.158014637
v -0.117414012 -0.0167110208 -0.158776157
v -0.121790228 -0.0120871174 -0.157170615
v -0.118970917 -0.00910050679 -0.150106708
v -0.119070151 0.0172250465 -0.149863551
v -0.114191057 0.0172407674 -0.14373532
v -0.116112094 -0.0150027379 -0.151787035
v -0.113410094 -0.0167632502 -0.152366387
v -0.108501628 -0.0166670776 -0.146105688
v -0.117891176 -0.0123978797 -0.15059514
v -0.113870948 -0.00927681735 -0.143764121
v -0.108397765 0.0172604523 -0.138462894
v -0.113139836 -0.0123825765 -0.144627388
v -0.108082871 -0.00925705753 -0.138526165
v -0.101838344 0.0172836239 -0.134181022
v -0.111573083 -0.0149881332 -0.146085955
v -0.107498245 -0.0123633981 -0.139493018
v -0.106183601 -0.0149698046 -0.141181028
v -0.0995342838 -0.0166758385 -0.139558525
v -0.101418001 -0.00915982687 -0.134191639
v -0.101110594 -0.0123408377 -0.135323266
v -0.100081378 -0.014948257 -0.13719761
v -0.0914205145 -0.0133872709 -0.131881738
v -0.0920599196 -0.0164105521 -0.135653524
v -0.0841952555 -0.0166417581 -0.134133594
v -0.0787755809 -0.0164405774 -0.133043982
v -0.0946582521 -0.00728773402 -0.13105371
v -0.0907394002 0.0173238434 -0.129585259
v -0.0943678015 -0.0103956986 -0.131405331
v -0.0890840131 -0.00594051941 -0.129206269
v -0.0831536766 -0.00974743743 -0.128228602
v -0.0836314241 0.0173489519 -0.127984595
v -0.088834133 -0.0103447366 -0.129625271
v -0.0823321159 -0.0132538901 -0.12981405
v -0.0634679149 -0.0161424771 -0.132123439
v -0.0605198657 -0.0166241569 -0.132943317
v -0.0644410658 -0.0130928207 -0.128731178
v -0.0580067557 -0.0163069715 -0.131323037
v -0.0527227166 -0.0166079439 -0.129980221
v -0.0654752536 -0.00543448904 -0.126825238
v -0.0757336166 0.0173807966 -0.127230166
v -0.0667108878 0.0174128348 -0.126941095
v -0.0648209409 -0.0101356409 -0.127274671
v -0.0597918922 -0.00958604155 -0.126234395
v -0.0618982901 0.0174328471 -0.126429345
v -0.0592412823 -0.0130854744 -0.127854687
v -0.0525343625 -0.0161978942 -0.128706603
v -0.0477303212 -0.01657011 -0.125405786
v -0.0557182931 -0.00942153179 -0.124424079
v -0.0570932826 0.017450595 -0.124833779
v -0.0546483894 -0.0130529752 -0.125820772
v -0.0496651208 -0.0148799605 -0.123765529
v -0.0453884291 -0.0165461791 -0.121841894
v -0.044264154 -0.0164564432 -0.118497165
v -0.0510084373 -0.0130357935 -0.122608023
v -0.0524332449 -0.00758806294 -0.121263065
v -0.0537661851 0.0174634112 -0.122539082
v -0.0499045899 0.0174750036 -0.116820971
v -0.0515715268 -0.0108289614 -0.121368153
v -0.050603103 -0.00711889958 -0.118566013
v -0.0490070137 -0.0106267674 -0.116573344
v -0.0476382544 -0.0136954082 -0.117955089
v -0.0461801002 -0.0135345352 -0.112143927
v -0.0434692295 -0.0161811005 -0.112735655
v -0.0474473452 -0.011029143 -0.111816451
v -0.0490361469 -0.00681941593 -0.115017139
v -0.0447278975 -0.0144302579 -0.106418401
v -0.0437080846 -0.0161091268 -0.103895168
v -0.0464657835 -0.0117169806 -0.106857461
v -0.0473277435 -0.00566821195 -0.106986577
v -0.0475038208 0.0174791773 -0.107526826
v -0.0468678854 -0.00613487182 -0.0988350366
v -0.0469031235 0.0174777017 -0.0985285966
v -0.0461842011 -0.0116739608 -0.0993254944
v -0.0472014299 -0.00618152748 -0.0910021772
v -0.0475043097 0.0174692674 -0.0866052171
v -0.0467292981 -0.0143644543 -0.0865819573
v -0.0438082162 -0.0174555515 -0.098942325
v -0.0463628544 -0.0173916251 -0.0852790137
v -0.0494726744 -0.0171794628 -0.0738470408
v -0.0498188358 -0.0116568699 -0.0744357007
v -0.0535426124 -0.0152503886 -0.0622289663
v -0.0474400808 -0.0115173197 -0.0861968903
v -0.0481846535 -0.00398131145 -0.0829768076
v -0.0496130044 0.0174551853 -0.0750299136
v -0.0517055734 -0.00876895007 -0.067771558
v -0.0548332406 0.000291417204 -0.0588851748
v -0.0535794025 0.0174266938 -0.0615203229
v -0.0543719109 0.0114053142 -0.0599184015
v 0.0451465166 0.0342403694 -0.000487565967
v 0.0483134911 0.0291557937 -0.000490147841
v 0.0501327603 0.024048287 -0.000492347226
v 0.0515636566 0.0164889135 -0.000496419352
v 0.0523247518 0.00595067889 -0.000501726981
v 0.0522131633 -0.00970072559 -0.000509836582
v 0.0508828631 -0.0209548131 -0.000515637385
v 0.0482023486 -0.029159691 -0.000519872856
v 0.0438876684 -0.0350087232 -0.000523087783
v 0.0392006656 -0.0382142922 -0.000524870029
v 0.034258978 -0.0402809935 -0.000525949145
v 0.0258598339 -0.0421223324 -0.000528460123
v 0.0192668457 -0.0428373792 -0.000529958334
v 0.00841898669 -0.0432881112 -0.000530988382
v -0.00698388089 -0.0431846688 -0.000530722264
v -0.0190664439 -0.0424450338 -0.000529858198
v -0.025832859 -0.0415712297 -0.000531071737
v -0.0307022209 -0.0405496683 -0.000529711815
v -0.0344685914 -0.0393710158 -0.000528953797
v -0.0381289454 -0.0377748631 -0.00052777641
v -0.0404645453 -0.0363546634 -0.000528125702
v -0.0442559278 -0.0328367673 -0.00052540895
v -0.0464598768 -0.0295178918 -0.000524013876
v -0.0481329981 -0.0259632811 -0.00052219857
v -0.0497883052 -0.0201249466 -0.000519498053
v -0.0510023838 -0.0120451791 -0.000514932526
v -0.0514977728 0.000184382463 -0.000511454164
v -0.0509865943 0.0134405301 -0.000504018453
v -0.049829741 0.0208438432 -0.000497384735
v -0.0484187848 0.0258181347 -0.000496503208
v -0.0461201822 0.0307039579 -0.000495388394
v -0.0426160988 0.0349582077 -0.000490582124
v -0.0382025003 0.0380390407 -0.000488849355
v -0.0340167148 0.039853659 -0.000488263186
v -0.0251733269 0.0419790427 -0.00048615143
v -0.0132452793 0.0433109369 -0.000484754992
v 0.00696507612 0.0438606722 -0.000483981466
v 0.0230214928 0.0431478044 -0.000484921975
v 0.0306729162 0.0418415989 -0.000484543079
v 0.0359013554 0.0403761284 -0.000486470435
v 0.0409038297 0.0378336648 -0.000485828514
v -0.045561921 0.0287928695 -0.154370011
v -0.0445325001 0.0175095605 -0.155759463
v -0.0490560095 0.0174892048 -0.149926497
v -0.0497539902 0.0288637224 -0.14925088
v -0.0545742995 0.0174654818 -0.145024038
v -0.0584948135 0.029159792 -0.142379384
v -0.0608994466 0.0174392107 -0.141219061
v -0.0627908706 0.0290724132 -0.140189438
v -0.0678160651 0.017411285 -0.138641114
v -0.0685022762 0.0291110364 -0.138337514
v -0.0747578128 0.0290250719 -0.13714364
v -0.0750885884 0.0173826142 -0.137378008
v -0.0818360739 0.0289976816 -0.137117819
v -0.0824694013 0.0173542416 -0.137472735
v -0.0888085193 0.0289717233 -0.138332066
v -0.0897071339 0.0173270769 -0.138922082
v -0.0955228836 0.0289585212 -0.140772492
v -0.0965553235 0.0173020572 -0.141676678
v -0.102780749 0.0172800629 -0.145642739
v -0.100040916 0.0290139083 -0.143387076
v -0.104385256 0.0289179876 -0.146448961
v -0.109329787 0.0289068404 -0.151411467
v -0.108171431 0.0172618231 -0.150685187
v -0.113371506 0.0288900325 -0.15721973
v -0.11254378 0.0172479504 -0.156632334
v -0.11634381 0.0288844298 -0.163660885
v -0.115748892 0.0172389337 -0.163281627
v -0.117985604 0.0289452421 -0.170233485
v -0.117677661 0.0172350744 -0.170406653
v -0.118577436 0.0289479836 -0.17816422
v -0.11826436 0.0172364902 -0.177764765
v -0.117489033 0.0172431507 -0.185105391
v -0.117843624 0.0286415844 -0.184599101
v -0.115378098 0.0172548332 -0.1921786
v -0.114063805 0.0288630008 -0.195722445
v -0.112003404 0.0172711214 -0.198743469
v -0.111320373 0.0285675274 -0.200092117
v -0.109163907 0.0291522642 -0.203444273
v -0.1074799 0.017291461 -0.204576435
v -0.104634676 0.0291892643 -0.208005123
v -0.101961616 0.0173151695 -0.209478871
v -0.0981387009 0.0290199417 -0.212193001
v -0.0956364573 0.0173414566 -0.213283859
v -0.0957141074 0.0292389017 -0.213778531
v -0.0887198447 0.0173693969 -0.215861807
v -0.0884509263 0.02907478 -0.216096803
v -0.0814473039 0.0173980372 -0.217124913
v -0.0820810816 0.0290424608 -0.217315648
v -0.0740665026 0.0174264388 -0.217030197
v -0.0749998693 0.0290708929 -0.217332854
v -0.06682877 0.0174535904 -0.21558085
v -0.0680251422 0.0290986964 -0.21610891
v -0.0599805863 0.0174785941 -0.212826254
v -0.0613791195 0.0291295005 -0.213686354
v -0.0537551547 0.0175005898 -0.208860193
v -0.0568511747 0.0292146441 -0.211063563
v -0.0525129519 0.0291459362 -0.20800815
v -0.0483644792 0.0175188442 -0.203817734
v -0.0475246572 0.0291606894 -0.20299172
v -0.0439921293 0.0175327024 -0.197870587
v -0.0434914542 0.0291710885 -0.197178801
v -0.0407870001 0.0175417322 -0.191221293
v -0.0405312949 0.0291825935 -0.190741476
v -0.0388582456 0.0175455915 -0.184096245
v -0.0388952696 0.0291880477 -0.184582733
v -0.0382715357 0.0175441771 -0.176738121
v -0.038316927 0.0292541804 -0.176223158
v -0.0390522353 0.0294280757 -0.167894212
v -0.0390468617 0.0175375006 -0.169397495
v -0.0411578091 0.0175258473 -0.162324321
v -0.0429485484 0.0290850518 -0.158539729
v -0.0445325001 0.0175095605 -0.155759463
v -0.045561921 0.0287928695 -0.154370011
v -0.0846336344 0.0452349238 -0.213200017
v -0.0776467768 0.0452622092 -0.213707634
v -0.113707144 0.0450977432 -0.167563243
v -0.111214436 0.0451038087 -0.161016418
v -0.0706916482 0.0452886448 -0.212871144
v -0.107516934 0.0451148656 -0.155066396
v -0.102750845 0.0451304947 -0.149932341
v -0.0640244088 0.0453132614 -0.210721325
v -0.0578906485 0.0453351219 -0.207337388
v -0.0525163352 0.0453534665 -0.202843966
v -0.0970917211 0.0451501374 -0.145803345
v -0.0907480465 0.0451730398 -0.14283153
v -0.0839534721 0.0451983723 -0.141126371
v -0.0769582849 0.0452252241 -0.140750653
v -0.0700201704 0.0452525707 -0.141718239
v -0.0633946834 0.0452794079 -0.143993483
v -0.0573258887 0.0453047695 -0.147492555
v -0.0480994214 0.0453675793 -0.197406579
v -0.0448026065 0.045376951 -0.191225519
v -0.0427473318 0.0453812731 -0.184528471
v -0.0420093169 0.0453803186 -0.177562132
v -0.0520373327 0.0453277184 -0.152086583
v -0.047723822 0.0453473871 -0.157606334
v -0.0445442459 0.0453630627 -0.163848489
v -0.042615733 0.0453741951 -0.170583115
v -0.098572756 0.035853882 -0.16335086
v -0.110107303 0.035813188 -0.1705206
v -0.0743945277 0.0359679682 -0.201303512
v -0.0855386289 0.0359288226 -0.208526244
v -0.122003761 0.0357734136 -0.18328611
v -0.112060298 0.0358053036 -0.169903657
v -0.0861555777 0.0359275099 -0.210479251
v -0.12238927 0.0357679014 -0.174539851
v -0.113671183 0.0357978092 -0.167568296
v -0.121288389 0.035768111 -0.167089561
v -0.111178475 0.0358038892 -0.161021471
v -0.118933109 0.0357733266 -0.159936154
v -0.102311457 0.0358657007 -0.21409546
v -0.0946004383 0.035899034 -0.218160055
v -0.087382991 0.0359281064 -0.220310944
v -0.0845976787 0.0359350072 -0.213205069
v -0.0799044824 0.0359575078 -0.221199519
v -0.0776108386 0.0359622752 -0.21371271
v -0.0723839885 0.0359863562 -0.220799679
v -0.0706556925 0.0359887108 -0.212876196
v -0.0650418255 0.0360138192 -0.219123205
v -0.107480973 0.0358149315 -0.155071449
v -0.11539243 0.0357833852 -0.1532892
v -0.11077009 0.0357980336 -0.147343404
v -0.102714883 0.0358305782 -0.149937393
v -0.105201514 0.0358167944 -0.142273004
v -0.0970557771 0.0358502034 -0.145808398
v -0.0988498245 0.0358391467 -0.138226501
v -0.090712085 0.0358731057 -0.142836594
v -0.0919011104 0.0358644327 -0.135322474
v -0.0839175164 0.0358984529 -0.141131424
v -0.0845589474 0.0358919132 -0.133645989
v -0.0769223293 0.0359252901 -0.140755705
v -0.0770384535 0.035920747 -0.13324616
v -0.0699842147 0.0359526367 -0.141723303
v -0.0695599507 0.0359501483 -0.134134723
v -0.0633587277 0.0359794884 -0.143998535
v -0.0623425093 0.0359792208 -0.136285613
v -0.0546314319 0.0360101094 -0.140350265
v -0.0572899388 0.0360048355 -0.147497607
v -0.0520013828 0.0360277843 -0.152091635
v -0.0476878721 0.0360474531 -0.157611398
v -0.0349391836 0.0361032753 -0.171159557
v -0.0445082903 0.0360631607 -0.163853553
v -0.0425797802 0.0360742611 -0.170588179
v -0.041973367 0.0360804166 -0.177567196
v -0.0345536801 0.0361103534 -0.179905794
v -0.0427113877 0.0360813391 -0.184533512
v -0.0356545558 0.0361101438 -0.187356083
v -0.0447666566 0.036077017 -0.191230595
v -0.0380098357 0.0361049282 -0.194509514
v -0.0480634716 0.0360676453 -0.197411631
v -0.0415505058 0.0360948696 -0.201156479
v -0.0524803853 0.0360535325 -0.202849018
v -0.0461728431 0.0360802212 -0.207102275
v -0.0578546986 0.0360352053 -0.20734244
v -0.0517414332 0.0360614459 -0.212172675
v -0.0639884473 0.0360133274 -0.210726401
v -0.058093123 0.0360390936 -0.216219178
v -0.0477273392 0.0293612438 -0.151008717
v -0.045561921 0.0287928695 -0.154370011
v -0.0497539902 0.0288637224 -0.14925088
v -0.0548835463 0.0306853744 -0.139989122
v -0.0584948135 0.029159792 -0.142379384
v -0.0627908706 0.0290724132 -0.140189438
v -0.0636353068 0.030674838 -0.135751569
v -0.0685022762 0.0291110364 -0.138337514
v -0.0710196063 0.0306450642 -0.133815559
v -0.0747578128 0.0290250719 -0.13714364
v -0.0786065616 0.0306151593 -0.133185543
v -0.0818360739 0.0289976816 -0.137117819
v -0.0857723671 0.0305920473 -0.133779075
v -0.0888085193 0.0289717233 -0.138332066
v -0.0931318992 0.0305648957 -0.135682267
v -0.0955228836 0.0289585212 -0.140772492
v -0.101534757 0.0305313819 -0.139610842
v -0.100040916 0.0290139083 -0.143387076
v -0.104385256 0.0289179876 -0.146448961
v -0.109591093 0.0305025335 -0.146080658
v -0.109329787 0.0289068404 -0.151411467
v -0.114498104 0.0304869451 -0.151920633
v -0.113371506 0.0288900325 -0.15721973
v -0.118323814 0.0304759173 -0.158520287
v -0.11634381 0.0288844298 -0.163660885
v -0.120953147 0.0304697645 -0.165681494
v -0.117985604 0.0289452421 -0.170233485
v -0.122306999 0.0304686905 -0.173189468
v -0.118577436 0.0289479836 -0.17816422
v -0.122165426 0.0304570373 -0.182865362
v -0.117843624 0.0286415844 -0.184599101
v -0.114063805 0.0288630008 -0.195722445
v -0.0429485484 0.0290850518 -0.158539729
v -0.0347364197 0.030788881 -0.17158608
v -0.0390522353 0.0294280757 -0.167894212
v -0.038316927 0.0292541804 -0.176223158
v -0.0345949722 0.0308121408 -0.181261892
v -0.0388952696 0.0291880477 -0.184582733
v -0.0359488271 0.0308109183 -0.188769877
v -0.0405312949 0.0291825935 -0.190741476
v -0.0385781049 0.0308045094 -0.195931038
v -0.0434914542 0.0291710885 -0.197178801
v -0.0424038238 0.0307931557 -0.202530762
v -0.0475246572 0.0291606894 -0.20299172
v -0.0492436256 0.0307720403 -0.210313336
v -0.0525129519 0.0291459362 -0.20800815
v -0.0568484449 0.0307488846 -0.215629837
v -0.0568511747 0.0292146441 -0.211063563
v -0.0613791195 0.0291295005 -0.213686354
v -0.0637700866 0.0307235811 -0.218769163
v -0.0680251422 0.0290986964 -0.21610891
v -0.0711295897 0.0306958794 -0.220672367
v -0.0749998693 0.0290708929 -0.217332854
v -0.0782954417 0.0306642429 -0.221265899
v -0.0820810816 0.0290424608 -0.217315648
v -0.0858824552 0.0306348125 -0.220635883
v -0.0884509263 0.02907478 -0.216096803
v -0.0932666791 0.030605382 -0.218699872
v -0.0957141074 0.0292389017 -0.213778531
v -0.102018218 0.0305436462 -0.214462378
v -0.0981387009 0.0290199417 -0.212193001
v -0.104634676 0.0291892643 -0.208005123
v -0.109163907 0.0291522642 -0.203444273
v -0.0744266067 0.044267915 -0.201298995
v -0.0986048408 0.0441538288 -0.163346343
v -0.0743945277 0.0359679682 -0.201303512
v -0.098572756 0.035853882 -0.16335086
v -0.112060298 0.0358053036 -0.169903657
v -0.112229613 0.0441046537 -0.169785868
v -0.113671183 0.0357978092 -0.167568296
v -0.113707144 0.0450977432 -0.167563243
v -0.086052807 0.0442281872 -0.21086554
v -0.0846336344 0.0452349238 -0.213200017
v -0.0861555777 0.0359275099 -0.210479251
v -0.0845976787 0.0359350072 -0.213205069
v -0.0349391836 0.0361032753 -0.171159557
v -0.0347364197 0.030788881 -0.17158608
v -0.0429485484 0.0290850518 -0.158539729
v -0.045561921 0.0287928695 -0.154370011
v -0.0477273392 0.0293612438 -0.151008717
v -0.0546314319 0.0360101094 -0.140350265
v -0.0548835463 0.0306853744 -0.139989122
v -0.0623425093 0.0359792208 -0.136285613
v -0.0636353068 0.030674838 -0.135751569
v -0.0695599507 0.0359501483 -0.134134723
v -0.0710196063 0.0306450642 -0.133815559
v -0.0770384535 0.035920747 -0.13324616
v -0.0786065616 0.0306151593 -0.133185543
v -0.0857723671 0.0305920473 -0.133779075
v -0.0845589474 0.0358919132 -0.133645989
v -0.0931318992 0.0305648957 -0.135682267
v -0.0919011104 0.0358644327 -0.135322474
v -0.101534757 0.0305313819 -0.139610842
v -0.0988498245 0.0358391467 -0.138226501
v -0.105201514 0.0358167944 -0.142273004
v -0.109591093 0.0305025335 -0.146080658
v -0.11077009 0.0357980336 -0.147343404
v -0.114498104 0.0304869451 -0.151920633
v -0.11539243 0.0357833852 -0.1532892
v -0.118323814 0.0304759173 -0.158520287
v -0.118933109 0.0357733266 -0.159936154
v -0.120953147 0.0304697645 -0.165681494
v -0.121288389 0.035768111 -0.167089561
v -0.122306999 0.0304686905 -0.173189468
v -0.12238927 0.0357679014 -0.174539851
v -0.122165426 0.0304570373 -0.182865362
v -0.122003761 0.0357734136 -0.18328611
v -0.114063805 0.0288630008 -0.195722445
v -0.111320373 0.0285675274 -0.200092117
v -0.109163907 0.0291522642 -0.203444273
v -0.102311457 0.0358657007 -0.21409546
v -0.102018218 0.0305436462 -0.214462378
v -0.0946004383 0.035899034 -0.218160055
v -0.0932666791 0.030605382 -0.218699872
v -0.087382991 0.0359281064 -0.220310944
v -0.0858824552 0.0306348125 -0.220635883
v -0.0799044824 0.0359575078 -0.221199519
v -0.0782954417 0.0306642429 -0.221265899
v -0.0711295897 0.0306958794 -0.220672367
v -0.0723839885 0.0359863562 -0.220799679
v -0.0637700866 0.0307235811 -0.218769163
v -0.0650418255 0.0360138192 -0.219123205
v -0.0568484449 0.0307488846 -0.215629837
v -0.058093123 0.0360390936 -0.216219178
v -0.0492436256 0.0307720403 -0.210313336
v -0.0517414332 0.0360614459 -0.212172675
v -0.0461728431 0.0360802212 -0.207102275
v -0.0424038238 0.0307931557 -0.202530762
v -0.0415505058 0.0360948696 -0.201156479
v -0.0385781049 0.0308045094 -0.195931038
v -0.0380098357 0.0361049282 -0.194509514
v -0.0359488271 0.0308109183 -0.188769877
v -0.0356545558 0.0361101438 -0.187356083
v -0.0345949722 0.0308121408 -0.181261892
v -0.0345536801 0.0361103534 -0.179905794
v -0.0347364197 0.030788881 -0.17158608
v -0.0349391836 0.0361032753 -0.171159557
v -0.0845976787 0.0359350072 -0.213205069
v -0.0776467768 0.0452622092 -0.213707634
v -0.0846336344 0.0452349238 -0.213200017
v -0.0776108386 0.0359622752 -0.21371271
v -0.0706916482 0.0452886448 -0.212871144
v -0.0706556925 0.0359887108 -0.212876196
v -0.0640244088 0.0453132614 -0.210721325
v -0.0639884473 0.0360133274 -0.210726401
v -0.0578906485 0.0453351219 -0.207337388
v -0.0578546986 0.0360352053 -0.20734244
v -0.0525163352 0.0453534665 -0.202843966
v -0.0524803853 0.0360535325 -0.202849018
v -0.0480994214 0.0453675793 -0.197406579
v -0.0480634716 0.0360676453 -0.197411631
v -0.0448026065 0.045376951 -0.191225519
v -0.0447666566 0.036077017 -0.191230595
v -0.0427473318 0.0453812731 -0.184528471
v -0.0427113877 0.0360813391 -0.184533512
v -0.0420093169 0.0453803186 -0.177562132
v -0.041973367 0.0360804166 -0.177567196
v -0.042615733 0.0453741951 -0.170583115
v -0.0425797802 0.0360742611 -0.170588179
v -0.0445442459 0.0453630627 -0.163848489
v -0.0445082903 0.0360631607 -0.163853553
v -0.047723822 0.0453473871 -0.157606334
v -0.0476878721 0.0360474531 -0.157611398
v -0.0520373327 0.0453277184 -0.152086583
v -0.0520013828 0.0360277843 -0.152091635
v -0.0573258887 0.0453047695 -0.147492555
v -0.0572899388 0.0360048355 -0.147497607
v -0.0633946834 0.0452794079 -0.143993483
v -0.0633587277 0.0359794884 -0.143998535
v -0.0700201704 0.0452525707 -0.141718239
v -0.0699842147 0.0359526367 -0.141723303
v -0.0769582849 0.0452252241 -0.140750653
v -0.0769223293 0.0359252901 -0.140755705
v -0.0839534721 0.0451983723 -0.141126371
v -0.0839175164 0.0358984529 -0.141131424
v -0.0907480465 0.0451730398 -0.14283153
v -0.090712085 0.0358731057 -0.142836594
v -0.0970917211 0.0451501374 -0.145803345
v -0.0970557771 0.0358502034 -0.145808398
v -0.102750845 0.0451304947 -0.149932341
v -0.102714883 0.0358305782 -0.149937393
v -0.107516934 0.0451148656 -0.155066396
v -0.107480973 0.0358149315 -0.155071449
v -0.111214436 0.0451038087 -0.161016418
v -0.111178475 0.0358038892 -0.161021471
v -0.113707144 0.0450977432 -0.167563243
v -0.113671183 0.0357978092 -0.167568296
v -0.112060298 0.0358053036 -0.169903657
v -0.110337945 0.0441123751 -0.170545129
v -0.112229613 0.0441046537 -0.169785868
v -0.110107303 0.035813188 -0.1705206
v -0.0986048408 0.0441538288 -0.163346343
v -0.098572756 0.035853882 -0.16335086
v -0.086052807 0.0442281872 -0.21086554
v -0.0857992777 0.0442279777 -0.208722847
v -0.0861555777 0.0359275099 -0.210479251
v -0.0855386289 0.0359288226 -0.208526244
v -0.0743945277 0.0359679682 -0.201303512
v -0.0744266067 0.044267915 -0.201298995
v -0.086052807 0.0442281872 -0.21086554
v -0.112229613 0.0441046537 -0.169785868
v -0.110337945 0.0441123751 -0.170545129
v -0.0857992777 0.0442279777 -0.208722847
v -0.0986048408 0.0441538288 -0.163346343
v -0.0744266067 0.044267915 -0.201298995
v -0.0172261257 0.040704933 -0.0267381431
v -0.0264269915 0.0377780327 -0.0566451519
v -0.0314891777 0.0357885177 -0.0797833083
v -0.023207418 0.0366498492 -0.0795940228
v -0.0102333255 0.0371710505 -0.079133804
v 0.00550460602 0.0423430208 -0.0154847599
v -0.000502017762 0.0365857326 -0.0849254138
v 0.0192830739 0.0423105654 -0.0109336608
v 0.0230214928 0.0431478044 -0.000484921975
v 0.0274136976 0.040568146 -0.017706248
v 0.0306729162 0.0418415989 -0.000484543079
v 0.0359013554 0.0403761284 -0.000486470435
v 0.0369292185 0.0377577267 -0.015174532
v 0.0409038297 0.0378336648 -0.000485828514
v 0.0141748846 0.0415961445 -0.0222870411
v 0.0177784002 0.0405398912 -0.0308276038
v 0.00195323969 0.0359259693 -0.0903653505
v 0.00630583076 0.0349525048 -0.0942476676
v 0.0179225007 0.0377779318 -0.0561708817
v 0.0219159103 0.0356816066 -0.0650796632
v 0.0310239784 0.0391031963 -0.0223571915
v 0.0285778223 0.0346777753 -0.0560718472
v 0.0256601694 0.0311262026 -0.078321679
v 0.0329175034 0.0318205973 -0.0567252515
v 0.0320979953 0.0268869276 -0.0736639253
v 0.0130537828 0.0292607856 -0.111345097
v -0.00151391054 0.027500122 -0.142693857
v -0.0112633796 0.0249236812 -0.163366285
v 0.00591070909 0.0231764168 -0.137538638
v -0.0196691912 0.0211723277 -0.180410617
v -0.00801860559 0.0217099929 -0.16247551
v -0.0192349472 0.0179038177 -0.181936764
v -0.00844648549 0.0188460188 -0.165412389
v -0.0103260145 0.0109974431 -0.170468958
v 0.00646764494 0.020664036 -0.138782384
v -0.020613159 -5.54192185e-05 -0.186171022
v -0.00235698618 0.0136292276 -0.157244143
v 0.00145222374 7.91997953e-05 -0.152330473
v -0.0219066284 -0.0100191847 -0.187219866
v -0.00985739462 0.000101267428 -0.170687726
v -0.00683724046 -0.0105203099 -0.165176019
v -0.01608023 -0.0179372436 -0.177246775
v 0.00428721677 0.0136467821 -0.145594217
v -0.0262743426 -0.0205424142 -0.189464062
v -0.0320752949 -0.0199647867 -0.197203178
v -0.030171485 -0.0235884506 -0.191693672
v -0.0331973695 -0.0234799707 -0.195643352
v -0.0342055986 -0.02746174 -0.192173803
v -0.0294323812 -0.027344198 -0.184866099
v -0.0346294344 -0.0310673147 -0.18499915
v -0.0291444073 -0.0299750882 -0.177790993
v -0.0349111768 -0.0328506839 -0.1777275
v -0.0249029692 -0.0308727634 -0.167551544
v -0.0356742006 -0.0339300345 -0.171351433
v -0.0228745636 -0.0267816786 -0.175682094
v -0.0138457634 -0.0311682828 -0.150625326
v -0.0304569228 -0.0332426452 -0.164980441
v -0.037404851 -0.0348325997 -0.1632042
v -0.0179432564 -0.0343650275 -0.126756204
v -0.0250769991 -0.02347091 -0.184439705
v -0.00721511454 -0.0256989594 -0.155284198
v -0.0106223775 -0.0215696107 -0.1662947
v -0.00164690145 -0.0197723204 -0.153490971
v -0.00743019119 -0.0331411669 -0.126390706
v -0.0330408743 -0.0350095943 -0.135874073
v -0.0405862256 -0.0354419964 -0.156262738
v -0.0427740595 -0.0355049394 -0.152565562
v -0.0412716151 -0.034820618 -0.12769216
v -0.0235592479 -0.0349028726 -0.116763229
v -0.00178709978 -0.0229564308 -0.150635245
v 0.00453842464 -0.0110750192 -0.145483972
v 0.0136337254 -0.0121086969 -0.127518177
v 0.00557748501 -0.0210447901 -0.139805209
v 0.0112816792 -0.0238745493 -0.126136676
v -0.0342359008 -0.0347334165 -0.10556631
v -0.0414822774 -0.0342931169 -0.117114489
v -0.0428219908 -0.0332086705 -0.099987397
v 0.0149982472 2.13993782e-05 -0.126137002
v 0.0144820548 -0.0215856113 -0.12187683
v 0.0248239852 -0.012680886 -0.101533707
v 0.0115257188 0.0144939574 -0.13152326
v 0.0168743058 0.0227388009 -0.116675708
v 0.017653982 0.0153757342 -0.118378387
v 0.022578534 -0.0233993511 -0.102128682
v 0.0144575847 0.024611638 -0.119286799
v 0.0224066541 0.0256923163 -0.10016209
v 0.0251362138 0.0237908236 -0.0963119557
v 0.0255024788 2.37993829e-05 -0.101617107
v 0.0350070709 0.00038408049 -0.0751448155
v 0.0252663408 0.0129691682 -0.100866728
v 0.024952537 0.0190962564 -0.0996084302
v 0.0331312114 0.014755252 -0.078918814
v 0.032951102 -0.014817965 -0.0786471355
v 0.0315759048 0.023980456 -0.0788186153
v 0.0366697215 0.0204890096 -0.065085775
v 0.0375233462 0.0135230603 -0.0653077324
v 0.0436256291 -0.000646959876 -0.0452846842
v 0.0374191193 -0.0167566799 -0.0638158526
v 0.0353506191 0.0252352826 -0.0662079721
v 0.0391064887 0.0264589825 -0.0501308939
v 0.0421701563 0.0202970238 -0.0444186735
v 0.0479523278 0.0209057964 -0.0176456597
v 0.0434692967 0.0133126561 -0.0433812238
v 0.0382538976 0.0284557963 -0.0491102983
v 0.0402534613 0.0340161647 -0.0230515783
v 0.0437720973 0.0299902438 -0.0222835093
v 0.0418353708 0.0346429071 -0.0132397021
v 0.0462747213 0.0273263181 -0.0158970579
v 0.0488756216 0.0102610479 -0.0193104919
v 0.0404048533 0.0368118321 -0.00845997565
v 0.0451465166 0.0342403694 -0.000487565967
v 0.0451053058 0.0308087048 -0.0127726234
v 0.0483134911 0.0291557937 -0.000490147841
v 0.0501327603 0.024048287 -0.000492347226
v 0.0478800452 0.0250496914 -0.011670035
v 0.0515636566 0.0164889135 -0.000496419352
v 0.0494957189 0.0164291457 -0.0127608742
v 0.0523247518 0.00595067889 -0.000501726981
v 0.0498845478 -0.00420128854 -0.0155129499
v 0.0522131633 -0.00970072559 -0.000509836582
v 0.0489524229 -0.01476271 -0.017024859
v 0.0508828631 -0.0209548131 -0.000515637385
v 0.0434529194 -0.014357786 -0.0427101128
v 0.0487756089 -0.0197434086 -0.0141018041
v 0.0420417423 -0.0214608873 -0.0429217442
v 0.0470867548 -0.0253843917 -0.0151158252
v 0.0482023486 -0.029159691 -0.000519872856
v 0.0352882308 -0.0256427504 -0.0643392792
v 0.0452403673 -0.0277229516 -0.0193941742
v 0.0436209607 -0.0319646255 -0.0144136444
v 0.0438876684 -0.0350087232 -0.000523087783
v 0.0376541338 -0.0282975405 -0.0500374415
v 0.0308768758 -0.0248721221 -0.0787324039
v 0.0411213289 -0.0340098101 -0.0166490558
v 0.0326185395 -0.0274637889 -0.0695469964
v 0.0210515042 -0.0254974333 -0.102758431
v 0.0382448695 -0.0362177142 -0.0160140014
v 0.0392006656 -0.0382142922 -0.000524870029
v 0.030812685 -0.0313079627 -0.0620970852
v 0.0244518044 -0.0335831901 -0.0680558616
v 0.0350854276 -0.0378983268 -0.0155251313
v 0.034258978 -0.0402809935 -0.000525949145
v 0.026158997 -0.0305508357 -0.077447691
v 0.0292303744 -0.0392343067 -0.0194553984
v 0.0258598339 -0.0421223324 -0.000528460123
v 0.00916484809 -0.0274859652 -0.122910668
v 0.0197459518 -0.0291518239 -0.0962558377
v 0.0195156758 -0.0377590023 -0.0462885626
v 0.0192668457 -0.0428373792 -0.000529958334
v 0.0140479693 -0.033779412 -0.0868847477
v 0.0128606231 -0.0311841653 -0.103350729
v -0.00633325725 -0.0292940449 -0.145547837
v 0.00834676068 -0.0376521049 -0.0576730701
v 0.00841898669 -0.0432881112 -0.000530988382
v -0.014109258 -0.0286792214 -0.158985343
v 0.00488124249 -0.0340616093 -0.0987079227
v -0.00555906064 -0.035215615 -0.097121438
v -0.0134938918 -0.0357402559 -0.090503809
v -0.00192221571 -0.0382316708 -0.0536594249
v -0.0239031111 -0.0355577787 -0.0874008983
v -0.0142976986 -0.0383495977 -0.0495757617
v -0.00698388089 -0.0431846688 -0.000530722264
v -0.0303924373 -0.0351439722 -0.0836489024
v -0.0218790719 -0.0382289892 -0.04522503
v -0.0190664439 -0.0424450338 -0.000529858198
v -0.025832859 -0.0415712297 -0.000531071737
v -0.037196229 -0.0340723407 -0.0809565769
v -0.0453747578 -0.031385275 -0.0844739145
v -0.0404453923 -0.0337086944 -0.0559669919
v -0.0476126126 -0.029617849 -0.0784526463
v -0.0304532001 -0.0373415967 -0.0425928592
v -0.0307022209 -0.0405496683 -0.000529711815
v -0.0344685914 -0.0393710158 -0.000528953797
v -0.0381289454 -0.0377748631 -0.00052777641
v -0.0443134866 -0.0316208034 -0.0589947973
v -0.0404645453 -0.0363546634 -0.000528125702
v -0.0479725776 -0.0286486187 -0.0624249456
v -0.0500243134 -0.0264732589 -0.0715135015
v -0.0440788193 -0.033183845 -0.013624267
v -0.0442559278 -0.0328367673 -0.00052540895
v -0.0473443539 -0.0293142233 -0.0183080687
v -0.0464598768 -0.0295178918 -0.000524013876
v -0.0511380007 -0.024629447 -0.0665054307
v -0.051560181 -0.0231981614 -0.067288999
v -0.0527883629 -0.0203709048 -0.0628288661
v -0.0535426124 -0.0152503886 -0.0622289663
v -0.0494800719 -0.0250734141 -0.0159926407
v -0.0481329981 -0.0259632811 -0.00052219857
v -0.0497883052 -0.0201249466 -0.000519498053
v -0.0518701199 -0.0175832249 -0.0230953054
v -0.0510023838 -0.0120451791 -0.000514932526
v -0.0545317532 -0.00916675166 -0.0586995622
v -0.0548332406 0.000291417204 -0.0588851748
v -0.0526844863 -0.0111763819 -0.0207470352
v -0.0514977728 0.000184382463 -0.000511454164
v -0.0530281512 0.000427181842 -0.0189664366
vt 0.443359375 0.0281677246
vt 0.444091797 0.0281524658
vt 0.44140625 0.0313720703
vt 0.446044922 0.0223693848
vt 0.4453125 0.0233917236
vt 0.446533203 0.0199737549
vt 0.445800781 0.0183868408
vt 0.446777344 0.0158691406
vt 0.445556641 0.0138931274
vt 0.446777344 0.0135803223
vt 0.446533203 0.0108413696
vt 0.445068359 0.0108413696
vt 0.446533203 0.00827789307
vt 0.444580078 0.00924682617
vt 0.442138672 0.00769042969
vt 0.442626953 0.00959014893
vt 0.446533203 0.00566864014
vt 0.44140625 0.00498199463
vt 0.446777344 0.00415420532
vt 0.655761719 0.853515625
vt 0.658203125 0.858886719
vt 0.65625 0.855957031
vt 0.655273438 0.853027344
vt 0.654785156 0.848632812
vt 0.653808594 0.846191406
vt 0.654296875 0.844238281
vt 0.653808594 0.838378906
vt 0.654296875 0.838867188
vt 0.653808594 0.833984375
vt 0.654296875 0.833984375
vt 0.654296875 0.828613281
vt 0.654785156 0.822753906
vt 0.655273438 0.823242188
vt 0.655273438 0.822265625
vt 0.654785156 0.821289062
vt 0.653808594 0.820800781
vt 0.654296875 0.819824219
vt 0.652832031 0.817871094
vt 0.652832031 0.813964844
vt 0.653320312 0.81640625
vt 0.653320312 0.813964844
vt 0.653808594 0.811035156
vt 0.652832031 0.811035156
vt 0.653808594 0.811035156
vt 0.654785156 0.807617188
vt 0.653320312 0.807617188
vt 0.655273438 0.805664062
vt 0.653808594 0.804199219
vt 0.655761719 0.804199219
vt 0.654296875 0.801757812
vt 0.65625 0.803222656
vt 0.656738281 0.801757812
vt 0.656738281 0.801757812
vt 0.654296875 0.800292969
vt 0.657226562 0.799316406
vt 0.657714844 0.800292969
vt 0.658203125 0.799804688
vt 0.657226562 0.799316406
vt 0.654785156 0.798828125
vt 0.654785156 0.798339844
vt 0.883789062 0.131835938
vt 0.8828125 0.126342773
vt 0.88671875 0.12890625
vt 0.888183594 0.130859375
vt 0.889648438 0.13671875
vt 0.883789062 0.137084961
vt 0.883300781 0.143188477
vt 0.890625 0.141357422
vt 0.891113281 0.145996094
vt 0.883300781 0.146728516
vt 0.891113281 0.151367188
vt 0.883300781 0.149536133
vt 0.883300781 0.153930664
vt 0.891113281 0.156005859
vt 0.8828125 0.151977539
vt 0.891113281 0.161132812
vt 0.8828125 0.159301758
vt 0.882324219 0.158813477
vt 0.881835938 0.166015625
vt 0.882324219 0.166748047
vt 0.891113281 0.166625977
vt 0.881835938 0.168212891
vt 0.891113281 0.167236328
vt 0.881835938 0.168212891
vt 0.891601562 0.168457031
vt 0.881835938 0.169799805
vt 0.882324219 0.169067383
vt 0.891113281 0.170288086
vt 0.882324219 0.172973633
vt 0.881835938 0.172851562
vt 0.891113281 0.173828125
vt 0.882324219 0.175292969
vt 0.881835938 0.176391602
vt 0.890625 0.176147461
vt 0.882324219 0.178710938
vt 0.881835938 0.177978516
vt 0.890136719 0.178955078
vt 0.881835938 0.186889648
vt 0.888671875 0.182495117
vt 0.881835938 0.186889648
vt 0.887695312 0.184570312
vt 0.883789062 0.187011719
vt 0.88671875 0.185546875
vt 0.885742188 0.186279297
vt 0.923828125 0.848632812
vt 0.920410156 0.847167969
vt 0.922363281 0.847167969
vt 0.91796875 0.845703125
vt 0.918945312 0.845214844
vt 0.916015625 0.844238281
vt 0.916992188 0.843261719
vt 0.910644531 0.83984375
vt 0.916015625 0.842285156
vt 0.915039062 0.840332031
vt 0.904785156 0.835449219
vt 0.915039062 0.836914062
vt 0.89453125 0.797851562
vt 0.902832031 0.834960938
vt 0.915527344 0.833007812
vt 0.901367188 0.834960938
vt 0.921386719 0.822753906
vt 0.920410156 0.825195312
vt 0.923828125 0.814941406
vt 0.923828125 0.809570312
vt 0.922363281 0.806152344
vt 0.921386719 0.802734375
vt 0.918945312 0.799804688
vt 0.916503906 0.797363281
vt 0.913574219 0.795410156
vt 0.895019531 0.833496094
vt 0.8984375 0.834472656
vt 0.893554688 0.832519531
vt 0.886230469 0.827148438
vt 0.885253906 0.827148438
vt 0.907226562 0.793945312
vt 0.908691406 0.793945312
vt 0.904785156 0.793457031
vt 0.900878906 0.794433594
vt 0.897949219 0.795410156
vt 0.883300781 0.826171875
vt 0.883789062 0.829101562
vt 0.882324219 0.819335938
vt 0.8828125 0.826171875
vt 0.882324219 0.821777344
vt 0.883789062 0.829101562
vt 0.881835938 0.817871094
vt 0.881835938 0.815429688
vt 0.882324219 0.811523438
vt 0.883300781 0.807617188
vt 0.884277344 0.805175781
vt 0.88671875 0.801269531
vt 0.885253906 0.803222656
vt 0.889648438 0.797851562
vt 0.893066406 0.795410156
vt 0.717773438 0.758300781
vt 0.716796875 0.764648438
vt 0.716796875 0.763183594
vt 0.716308594 0.768066406
vt 0.716796875 0.770019531
vt 0.716308594 0.775390625
vt 0.717285156 0.775390625
vt 0.717773438 0.779296875
vt 0.717773438 0.782714844
vt 0.719726562 0.783203125
vt 0.722167969 0.785644531
vt 0.720214844 0.7890625
vt 0.723632812 0.786132812
vt 0.724121094 0.794921875
vt 0.7265625 0.786621094
vt 0.725585938 0.793945312
vt 0.728027344 0.792480469
vt 0.729492188 0.791992188
vt 0.728515625 0.786621094
vt 0.733398438 0.786132812
vt 0.732421875 0.791015625
vt 0.733886719 0.790527344
vt 0.737304688 0.786132812
vt 0.736816406 0.790527344
vt 0.740722656 0.786132812
vt 0.73828125 0.790039062
vt 0.741210938 0.790527344
vt 0.746582031 0.787597656
vt 0.744140625 0.791015625
vt 0.75 0.7890625
vt 0.748046875 0.79296875
vt 0.753417969 0.791015625
vt 0.751953125 0.795410156
vt 0.755859375 0.793457031
vt 0.758300781 0.796386719
vt 0.754882812 0.798339844
vt 0.760253906 0.799804688
vt 0.756835938 0.802246094
vt 0.76171875 0.803222656
vt 0.7578125 0.806152344
vt 0.762207031 0.807128906
vt 0.762207031 0.811035156
vt 0.7578125 0.810058594
vt 0.761230469 0.814453125
vt 0.756347656 0.813964844
vt 0.759277344 0.818359375
vt 0.754394531 0.817871094
vt 0.757324219 0.821289062
vt 0.754394531 0.82421875
vt 0.751464844 0.820800781
vt 0.750976562 0.826660156
vt 0.748046875 0.823242188
vt 0.746582031 0.828613281
vt 0.743652344 0.825195312
vt 0.740722656 0.829589844
vt 0.739257812 0.825683594
vt 0.735351562 0.829589844
vt 0.734863281 0.825683594
vt 0.731445312 0.825195312
vt 0.731933594 0.829101562
vt 0.729003906 0.828125
vt 0.729003906 0.82421875
vt 0.726074219 0.826660156
vt 0.727539062 0.823242188
vt 0.725585938 0.822265625
vt 0.720703125 0.823242188
vt 0.724121094 0.820800781
vt 0.72265625 0.819824219
vt 0.716308594 0.819824219
vt 0.721679688 0.818359375
vt 0.898925781 0.0387268066
vt 0.898925781 0.0340270996
vt 0.899902344 0.038269043
vt 0.904296875 0.0327453613
vt 0.898925781 0.0288085938
vt 0.905761719 0.0267791748
vt 0.898925781 0.0215148926
vt 0.90625 0.0214385986
vt 0.906738281 0.01537323
vt 0.898925781 0.0144805908
vt 0.907226562 0.00880432129
vt 0.898925781 0.00777816772
vt 0.898925781 0.000603675842
vt 0.903320312 0.00262451172
vt 0.903320312 0.000597000122
vt 0.907714844 0.00261497498
vt 0.551757812 0.554199219
vt 0.555175781 0.5390625
vt 0.559570312 0.541992188
vt 0.544921875 0.555664062
vt 0.548828125 0.558105469
vt 0.541503906 0.553222656
vt 0.550292969 0.535644531
vt 0.539550781 0.551757812
vt 0.537597656 0.55078125
vt 0.545410156 0.532714844
vt 0.53515625 0.548828125
vt 0.531738281 0.546875
vt 0.542480469 0.530761719
vt 0.53515625 0.533691406
vt 0.528320312 0.544433594
vt 0.539550781 0.528808594
vt 0.525878906 0.54296875
vt 0.537109375 0.526855469
vt 0.532226562 0.533691406
vt 0.527832031 0.529785156
vt 0.53125 0.522949219
vt 0.523925781 0.536132812
vt 0.520019531 0.530761719
vt 0.522460938 0.540527344
vt 0.518554688 0.538085938
vt 0.515625 0.535644531
vt 0.526367188 0.522460938
vt 0.526367188 0.520019531
vt 0.518066406 0.520019531
vt 0.521972656 0.516113281
vt 0.526855469 0.518066406
vt 0.523925781 0.514648438
vt 0.527832031 0.515625
vt 0.522460938 0.512207031
vt 0.524902344 0.512207031
vt 0.527832031 0.512695312
vt 0.526855469 0.509765625
vt 0.524414062 0.510253906
vt 0.525878906 0.5078125
vt 0.521972656 0.506347656
vt 0.524414062 0.50390625
vt 0.520507812 0.508300781
vt 0.518066406 0.502929688
vt 0.5234375 0.501953125
vt 0.51953125 0.499755859
vt 0.522460938 0.495849609
vt 0.51953125 0.494140625
vt 0.522949219 0.491455078
vt 0.513671875 0.487060547
vt 0.523925781 0.487304688
vt 0.511230469 0.4921875
vt 0.505371094 0.492919922
vt 0.514648438 0.502929688
vt 0.499511719 0.493164062
vt 0.512695312 0.504882812
vt 0.501953125 0.486572266
vt 0.514648438 0.480712891
vt 0.524902344 0.484863281
vt 0.508300781 0.474121094
vt 0.502929688 0.480224609
vt 0.520019531 0.480224609
vt 0.525390625 0.484375
vt 0.520507812 0.480224609
vt 0.515625 0.475341797
vt 0.516113281 0.476318359
vt 0.51171875 0.469726562
vt 0.512695312 0.469970703
vt 0.508789062 0.463378906
vt 0.510253906 0.465087891
vt 0.50390625 0.463867188
vt 0.508300781 0.460693359
vt 0.508300781 0.458740234
vt 0.497314453 0.45703125
vt 0.498779297 0.454833984
vt 0.5078125 0.458496094
vt 0.500976562 0.454101562
vt 0.5078125 0.454589844
vt 0.509277344 0.451660156
vt 0.503417969 0.445068359
vt 0.510253906 0.450683594
vt 0.498046875 0.443603516
vt 0.504394531 0.448974609
vt 0.495117188 0.444580078
vt 0.492431641 0.4375
vt 0.487792969 0.443847656
vt 0.491455078 0.444091797
vt 0.489990234 0.439453125
vt 0.484130859 0.4453125
vt 0.483398438 0.436035156
vt 0.479980469 0.438720703
vt 0.485351562 0.434814453
vt 0.487304688 0.433105469
vt 0.489501953 0.431640625
vt 0.475341797 0.442138672
vt 0.476074219 0.449951172
vt 0.467285156 0.447998047
vt 0.493896484 0.435546875
vt 0.491699219 0.429931641
vt 0.497314453 0.434326172
vt 0.493652344 0.428466797
vt 0.508300781 0.446533203
vt 0.500488281 0.430664062
vt 0.496582031 0.426269531
vt 0.512695312 0.447021484
vt 0.512207031 0.448242188
vt 0.516113281 0.444580078
vt 0.506347656 0.429443359
vt 0.501953125 0.422363281
vt 0.452880859 0.223999023
vt 0.451904297 0.226318359
vt 0.450927734 0.224975586
vt 0.454345703 0.22668457
vt 0.456054688 0.23034668
vt 0.453857422 0.230224609
vt 0.454833984 0.233886719
vt 0.456787109 0.23449707
vt 0.45703125 0.238647461
vt 0.454833984 0.238037109
vt 0.456054688 0.244018555
vt 0.454345703 0.242675781
vt 0.453857422 0.249267578
vt 0.452636719 0.247558594
vt 0.450927734 0.24987793
vt 0.452392578 0.251464844
vt 0.192382812 0.474609375
vt 0.187866211 0.474609375
vt 0.192626953 0.474365234
vt 0.187866211 0.471923828
vt 0.192749023 0.471679688
vt 0.187866211 0.467041016
vt 0.192749023 0.468017578
vt 0.192626953 0.464599609
vt 0.187866211 0.461914062
vt 0.192138672 0.459960938
vt 0.187866211 0.458251953
vt 0.19152832 0.455566406
vt 0.187866211 0.454589844
vt 0.190429688 0.451660156
vt 0.187866211 0.450927734
vt 0.188964844 0.448974609
vt 0.187866211 0.447998047
vt 0.0431213379 0.259765625
vt 0.0411987305 0.258544922
vt 0.0408630371 0.2578125
vt 0.041595459 0.260742188
vt 0.0408630371 0.263183594
vt 0.564941406 0.606933594
vt 0.565917969 0.610839844
vt 0.564453125 0.607421875
vt 0.567382812 0.609863281
vt 0.567382812 0.606445312
vt 0.568359375 0.61328125
vt 0.566894531 0.614257812
vt 0.569335938 0.616699219
vt 0.568359375 0.617675781
vt 0.5703125 0.620117188
vt 0.568847656 0.621582031
vt 0.570800781 0.623535156
vt 0.569824219 0.626464844
vt 0.568847656 0.609863281
vt 0.5703125 0.61328125
vt 0.570800781 0.616699219
vt 0.571777344 0.620117188
vt 0.570800781 0.609375
vt 0.569824219 0.60546875
vt 0.58203125 0.603027344
vt 0.583007812 0.606445312
vt 0.583984375 0.610351562
vt 0.571777344 0.612792969
vt 0.584960938 0.614257812
vt 0.572265625 0.616210938
vt 0.585449219 0.617675781
vt 0.573242188 0.619628906
vt 0.586425781 0.621582031
vt 0.573730469 0.623046875
vt 0.586914062 0.625488281
vt 0.572265625 0.623535156
vt 0.57421875 0.626464844
vt 0.587402344 0.62890625
vt 0.572753906 0.626953125
vt 0.574707031 0.630371094
vt 0.587402344 0.6328125
vt 0.571289062 0.626953125
vt 0.573242188 0.630371094
vt 0.571777344 0.630371094
vt 0.569824219 0.629882812
vt 0.575195312 0.633789062
vt 0.571777344 0.633789062
vt 0.5703125 0.633789062
vt 0.573730469 0.633789062
vt 0.575195312 0.637207031
vt 0.587402344 0.63671875
vt 0.572265625 0.637207031
vt 0.5703125 0.637207031
vt 0.573730469 0.637207031
vt 0.575195312 0.640136719
vt 0.587402344 0.640136719
vt 0.587402344 0.643554688
vt 0.571777344 0.640136719
vt 0.5703125 0.640625
vt 0.5703125 0.644042969
vt 0.573730469 0.640136719
vt 0.575195312 0.643554688
vt 0.587402344 0.646972656
vt 0.573730469 0.643554688
vt 0.574707031 0.646484375
vt 0.587402344 0.650390625
vt 0.571777344 0.643066406
vt 0.573242188 0.646484375
vt 0.571777344 0.646484375
vt 0.5703125 0.648925781
vt 0.574707031 0.649902344
vt 0.573242188 0.649414062
vt 0.571289062 0.649414062
vt 0.571777344 0.653808594
vt 0.5703125 0.652832031
vt 0.568847656 0.655761719
vt 0.568359375 0.658203125
vt 0.575195312 0.652832031
vt 0.586425781 0.655761719
vt 0.573730469 0.652832031
vt 0.575195312 0.655273438
vt 0.573242188 0.657714844
vt 0.5859375 0.659179688
vt 0.573242188 0.655273438
vt 0.571289062 0.657714844
vt 0.565917969 0.665527344
vt 0.564941406 0.666992188
vt 0.568359375 0.666015625
vt 0.564941406 0.668457031
vt 0.564453125 0.670898438
vt 0.573242188 0.666503906
vt 0.585449219 0.662597656
vt 0.584960938 0.666992188
vt 0.5703125 0.666015625
vt 0.5703125 0.668945312
vt 0.584960938 0.668945312
vt 0.567871094 0.668457031
vt 0.564941406 0.671386719
vt 0.564453125 0.673828125
vt 0.569824219 0.671386719
vt 0.584960938 0.671386719
vt 0.567382812 0.671386719
vt 0.56640625 0.673828125
vt 0.564941406 0.67578125
vt 0.565429688 0.677246094
vt 0.567382812 0.673828125
vt 0.570800781 0.673828125
vt 0.584472656 0.673339844
vt 0.584472656 0.676269531
vt 0.568847656 0.673828125
vt 0.571289062 0.675292969
vt 0.569335938 0.676757812
vt 0.567382812 0.676269531
vt 0.567871094 0.679199219
vt 0.565917969 0.6796875
vt 0.569335938 0.679199219
vt 0.571777344 0.677246094
vt 0.567871094 0.682128906
vt 0.566894531 0.683105469
vt 0.569335938 0.681640625
vt 0.572753906 0.681152344
vt 0.584472656 0.680664062
vt 0.572753906 0.685058594
vt 0.584960938 0.684570312
vt 0.569824219 0.685058594
vt 0.572753906 0.688964844
vt 0.584960938 0.689941406
vt 0.568847656 0.690917969
vt 0.56640625 0.685546875
vt 0.567382812 0.691894531
vt 0.568359375 0.697265625
vt 0.570800781 0.696777344
vt 0.569824219 0.702636719
vt 0.5703125 0.69140625
vt 0.57421875 0.692382812
vt 0.585449219 0.6953125
vt 0.572753906 0.699707031
vt 0.577636719 0.703613281
vt 0.5859375 0.701660156
vt 0.583007812 0.702636719
vt 0.944335938 0.625
vt 0.942382812 0.626464844
vt 0.939941406 0.627441406
vt 0.936523438 0.628417969
vt 0.932128906 0.62890625
vt 0.924804688 0.62890625
vt 0.919921875 0.627929688
vt 0.916015625 0.626953125
vt 0.913574219 0.624511719
vt 0.912109375 0.622558594
vt 0.911132812 0.619628906
vt 0.910644531 0.615722656
vt 0.91015625 0.612304688
vt 0.909667969 0.606933594
vt 0.909667969 0.599609375
vt 0.91015625 0.593261719
vt 0.910644531 0.58984375
vt 0.911132812 0.587402344
vt 0.911621094 0.585449219
vt 0.912109375 0.583984375
vt 0.912597656 0.582519531
vt 0.914550781 0.580566406
vt 0.916015625 0.579589844
vt 0.917480469 0.578613281
vt 0.919921875 0.578125
vt 0.923339844 0.577148438
vt 0.929199219 0.577148438
vt 0.935058594 0.577148438
vt 0.937988281 0.577636719
vt 0.940429688 0.578613281
vt 0.942382812 0.579589844
vt 0.944335938 0.581542969
vt 0.945800781 0.583496094
vt 0.946777344 0.585449219
vt 0.947753906 0.58984375
vt 0.948242188 0.596191406
vt 0.948730469 0.605957031
vt 0.948242188 0.613769531
vt 0.947753906 0.617675781
vt 0.947265625 0.620605469
vt 0.946289062 0.623046875
vt 0.595214844 0.5078125
vt 0.58984375 0.508300781
vt 0.58984375 0.504882812
vt 0.595703125 0.504882812
vt 0.590332031 0.501953125
vt 0.596191406 0.5
vt 0.590332031 0.498535156
vt 0.596191406 0.497802734
vt 0.590820312 0.495361328
vt 0.596679688 0.495361328
vt 0.596679688 0.492431641
vt 0.590820312 0.491943359
vt 0.596679688 0.489257812
vt 0.590820312 0.488769531
vt 0.597167969 0.486083984
vt 0.591308594 0.485351562
vt 0.597167969 0.482910156
vt 0.591308594 0.482177734
vt 0.591308594 0.478759766
vt 0.597167969 0.480712891
vt 0.597167969 0.478271484
vt 0.59765625 0.475097656
vt 0.591796875 0.475585938
vt 0.59765625 0.471923828
vt 0.591796875 0.472167969
vt 0.59765625 0.46875
vt 0.591796875 0.468994141
vt 0.59765625 0.465820312
vt 0.591796875 0.465820312
vt 0.59765625 0.462402344
vt 0.591796875 0.462402344
vt 0.591796875 0.459228516
vt 0.59765625 0.459472656
vt 0.591796875 0.455810547
vt 0.59765625 0.454101562
vt 0.591796875 0.452636719
vt 0.59765625 0.451904297
vt 0.59765625 0.450195312
vt 0.591796875 0.44921875
vt 0.59765625 0.447265625
vt 0.591796875 0.446044922
vt 0.59765625 0.443847656
vt 0.591796875 0.442626953
vt 0.59765625 0.442626953
vt 0.591796875 0.439453125
vt 0.59765625 0.439208984
vt 0.591796875 0.436035156
vt 0.59765625 0.436279297
vt 0.591796875 0.432861328
vt 0.597167969 0.433105469
vt 0.591308594 0.429443359
vt 0.597167969 0.429931641
vt 0.591308594 0.426269531
vt 0.597167969 0.426757812
vt 0.591308594 0.423095703
vt 0.597167969 0.424560547
vt 0.596679688 0.422119141
vt 0.590820312 0.419677734
vt 0.596679688 0.418945312
vt 0.590820312 0.416503906
vt 0.596679688 0.415771484
vt 0.590820312 0.413085938
vt 0.596191406 0.412597656
vt 0.590332031 0.409912109
vt 0.596191406 0.409912109
vt 0.590332031 0.406494141
vt 0.596191406 0.406005859
vt 0.596191406 0.40234375
vt 0.590332031 0.403320312
vt 0.58984375 0.400146484
vt 0.595703125 0.397949219
vt 0.58984375 0.396728516
vt 0.595214844 0.395751953
vt 0.450439453 0.385742188
vt 0.452880859 0.383789062
vt 0.450439453 0.412597656
vt 0.452880859 0.414794922
vt 0.455810547 0.382080078
vt 0.455566406 0.416259766
vt 0.458740234 0.417236328
vt 0.458740234 0.381347656
vt 0.461914062 0.381103516
vt 0.46484375 0.381591797
vt 0.461914062 0.417480469
vt 0.46484375 0.416992188
vt 0.467773438 0.415771484
vt 0.470703125 0.4140625
vt 0.472900391 0.411865234
vt 0.474853516 0.409179688
vt 0.476318359 0.406005859
vt 0.467773438 0.382568359
vt 0.470703125 0.384277344
vt 0.472900391 0.386474609
vt 0.474853516 0.389404297
vt 0.477294922 0.402587891
vt 0.477539062 0.399169922
vt 0.477294922 0.395751953
vt 0.476318359 0.392333984
vt 0.7578125 0.455078125
vt 0.751953125 0.455322266
vt 0.7578125 0.432861328
vt 0.751953125 0.432861328
vt 0.744140625 0.453125
vt 0.751464844 0.456054688
vt 0.751464844 0.432128906
vt 0.74609375 0.456787109
vt 0.750976562 0.457519531
vt 0.748535156 0.459716797
vt 0.75390625 0.459472656
vt 0.750976562 0.462158203
vt 0.744140625 0.434814453
vt 0.74609375 0.431152344
vt 0.748535156 0.428222656
vt 0.750976562 0.430664062
vt 0.750976562 0.426025391
vt 0.753417969 0.428466797
vt 0.75390625 0.424072266
vt 0.756347656 0.427001953
vt 0.756835938 0.422851562
vt 0.756347656 0.4609375
vt 0.75390625 0.463867188
vt 0.757324219 0.465087891
vt 0.759765625 0.461914062
vt 0.760253906 0.465820312
vt 0.762695312 0.462158203
vt 0.763671875 0.465820312
vt 0.765625 0.461669922
vt 0.767089844 0.465087891
vt 0.768554688 0.460693359
vt 0.770019531 0.463867188
vt 0.771484375 0.458740234
vt 0.772949219 0.462158203
vt 0.773925781 0.456542969
vt 0.775878906 0.459716797
vt 0.775878906 0.453857422
vt 0.777832031 0.456787109
vt 0.779785156 0.453125
vt 0.77734375 0.450683594
vt 0.777832031 0.447509766
vt 0.778320312 0.443847656
vt 0.779785156 0.434814453
vt 0.777832031 0.440429688
vt 0.77734375 0.437255859
vt 0.775878906 0.434082031
vt 0.777832031 0.431152344
vt 0.773925781 0.431396484
vt 0.775878906 0.428222656
vt 0.771484375 0.429199219
vt 0.772949219 0.42578125
vt 0.768554688 0.427490234
vt 0.770019531 0.424072266
vt 0.765625 0.426269531
vt 0.767089844 0.422851562
vt 0.762695312 0.42578125
vt 0.763671875 0.422119141
vt 0.759277344 0.426025391
vt 0.760253906 0.422119141
vt 0.850585938 0.404052734
vt 0.848632812 0.404052734
vt 0.8515625 0.403320312
vt 0.856445312 0.403076172
vt 0.855957031 0.400878906
vt 0.857910156 0.399414062
vt 0.859863281 0.400146484
vt 0.859375 0.397460938
vt 0.861816406 0.397460938
vt 0.861328125 0.395019531
vt 0.863769531 0.394287109
vt 0.862792969 0.391845703
vt 0.865234375 0.391113281
vt 0.863769531 0.388427734
vt 0.866210938 0.387451172
vt 0.864257812 0.385009766
vt 0.866210938 0.3828125
vt 0.864746094 0.382324219
vt 0.864257812 0.379882812
vt 0.865722656 0.377685547
vt 0.863769531 0.376464844
vt 0.864746094 0.374023438
vt 0.862304688 0.373046875
vt 0.86328125 0.370605469
vt 0.860839844 0.370117188
vt 0.861328125 0.367675781
vt 0.858886719 0.367675781
vt 0.858886719 0.364990234
vt 0.855957031 0.364990234
vt 0.85546875 0.362060547
vt 0.853515625 0.363525391
vt 0.848632812 0.361572266
vt 0.627929688 0.797851562
vt 0.634765625 0.798339844
vt 0.632324219 0.799316406
vt 0.635253906 0.801757812
vt 0.638183594 0.801757812
vt 0.638183594 0.804199219
vt 0.640625 0.804199219
vt 0.639648438 0.806640625
vt 0.642578125 0.807617188
vt 0.641601562 0.810058594
vt 0.643554688 0.811035156
vt 0.642578125 0.813476562
vt 0.645019531 0.815917969
vt 0.643066406 0.816894531
vt 0.645019531 0.820800781
vt 0.643066406 0.819335938
vt 0.643066406 0.821777344
vt 0.64453125 0.82421875
vt 0.642089844 0.825195312
vt 0.643066406 0.828125
vt 0.641113281 0.828613281
vt 0.641601562 0.831054688
vt 0.639160156 0.831542969
vt 0.639648438 0.833984375
vt 0.637207031 0.833984375
vt 0.637207031 0.836914062
vt 0.634765625 0.836425781
vt 0.633789062 0.83984375
vt 0.633789062 0.837402344
vt 0.630859375 0.839355469
vt 0.627929688 0.83984375
vt 0.505859375 0.873046875
vt 0.505859375 0.895507812
vt 0.502441406 0.873046875
vt 0.502441406 0.895507812
vt 0.446289062 0.411376953
vt 0.449951172 0.411376953
vt 0.446289062 0.412597656
vt 0.450439453 0.412597656
vt 0.449951172 0.387207031
vt 0.450439453 0.385742188
vt 0.446289062 0.387207031
vt 0.446289062 0.385742188
vt 0.0460510254 0.14855957
vt 0.0433959961 0.148803711
vt 0.0423583984 0.141967773
vt 0.042175293 0.139770508
vt 0.042388916 0.137939453
vt 0.0455627441 0.132202148
vt 0.0429077148 0.132080078
vt 0.0454711914 0.128417969
vt 0.0428161621 0.127807617
vt 0.0454101562 0.125
vt 0.042755127 0.124389648
vt 0.0453186035 0.121704102
vt 0.0426940918 0.121032715
vt 0.0426330566 0.117797852
vt 0.0452880859 0.118347168
vt 0.0425720215 0.114440918
vt 0.0452270508 0.114990234
vt 0.0425415039 0.110290527
vt 0.0451965332 0.111633301
vt 0.0451660156 0.108276367
vt 0.0424804688 0.105712891
vt 0.045135498 0.104919434
vt 0.0424499512 0.102294922
vt 0.0451049805 0.1015625
vt 0.0424499512 0.0988769531
vt 0.0450744629 0.0982055664
vt 0.0424194336 0.0955200195
vt 0.0450439453 0.0948486328
vt 0.0424194336 0.0921020508
vt 0.0450439453 0.0914916992
vt 0.042388916 0.0878295898
vt 0.0450134277 0.0875854492
vt 0.041595459 0.0810546875
vt 0.0414428711 0.0787353516
vt 0.0417175293 0.076965332
vt 0.0450744629 0.0713500977
vt 0.0424194336 0.071105957
vt 0.0451049805 0.0674438477
vt 0.0424804688 0.0667724609
vt 0.0451660156 0.0640869141
vt 0.0425415039 0.0634155273
vt 0.0451965332 0.060760498
vt 0.0425720215 0.0600280762
vt 0.0426330566 0.0568237305
vt 0.0452575684 0.0574035645
vt 0.0426940918 0.0534362793
vt 0.0453186035 0.0540466309
vt 0.042755127 0.0500488281
vt 0.0453796387 0.0506896973
vt 0.0428771973 0.0459289551
vt 0.0454711914 0.0473327637
vt 0.0455627441 0.0440063477
vt 0.04296875 0.0413208008
vt 0.0456237793 0.0406494141
vt 0.0430603027 0.037902832
vt 0.045715332 0.0372924805
vt 0.043182373 0.0345153809
vt 0.0458374023 0.0339355469
vt 0.0432739258 0.0311279297
vt 0.0459289551 0.0305938721
vt 0.0433959961 0.0268249512
vt 0.0460510254 0.0266876221
vt 0.703613281 0.222167969
vt 0.698730469 0.225341797
vt 0.698730469 0.222167969
vt 0.703613281 0.225341797
vt 0.698730469 0.228393555
vt 0.703613281 0.228393555
vt 0.698730469 0.231567383
vt 0.703613281 0.231567383
vt 0.698730469 0.234619141
vt 0.703613281 0.234619141
vt 0.698730469 0.237792969
vt 0.703613281 0.237792969
vt 0.698730469 0.240844727
vt 0.703613281 0.240844727
vt 0.698730469 0.244018555
vt 0.703613281 0.244018555
vt 0.698730469 0.247192383
vt 0.703613281 0.247192383
vt 0.698730469 0.250244141
vt 0.703613281 0.250244141
vt 0.698730469 0.253417969
vt 0.703613281 0.253417969
vt 0.698730469 0.256591797
vt 0.703613281 0.256591797
vt 0.698730469 0.259521484
vt 0.703613281 0.259521484
vt 0.698730469 0.262695312
vt 0.703613281 0.262695312
vt 0.698730469 0.265869141
vt 0.703613281 0.265869141
vt 0.698730469 0.269042969
vt 0.703613281 0.269042969
vt 0.698730469 0.271972656
vt 0.703613281 0.271972656
vt 0.698730469 0.275146484
vt 0.703613281 0.275146484
vt 0.698730469 0.278320312
vt 0.703613281 0.278320312
vt 0.698730469 0.281494141
vt 0.703613281 0.281494141
vt 0.698730469 0.284667969
vt 0.703613281 0.284667969
vt 0.698730469 0.287597656
vt 0.703613281 0.287597656
vt 0.698730469 0.290771484
vt 0.703613281 0.290771484
vt 0.698730469 0.293945312
vt 0.703613281 0.293945312
vt 0.698730469 0.297119141
vt 0.703613281 0.297119141
vt 0.502441406 0.902832031
vt 0.505859375 0.90234375
vt 0.505859375 0.903320312
vt 0.502441406 0.901855469
vt 0.505859375 0.895507812
vt 0.502441406 0.895507812
vt 0.505859375 0.865234375
vt 0.505859375 0.866210938
vt 0.502441406 0.865234375
vt 0.502441406 0.866210938
vt 0.502441406 0.873046875
vt 0.505859375 0.873046875
vt 0.512695312 0.872070312
vt 0.512695312 0.895996094
vt 0.512207031 0.895507812
vt 0.512207031 0.873046875
vt 0.505859375 0.895507812
vt 0.505859375 0.873046875
vt 0.483398438 0.450927734
vt 0.494384766 0.459472656
vt 0.501953125 0.466796875
vt 0.498779297 0.469238281
vt 0.493408203 0.47265625
vt 0.471679688 0.453369141
vt 0.490966797 0.477783203
vt 0.465087891 0.455810547
vt 0.4609375 0.453125
vt 0.463867188 0.461181641
vt 0.457763672 0.455566406
vt 0.455566406 0.457519531
vt 0.459228516 0.463623047
vt 0.453369141 0.459472656
vt 0.470214844 0.458740234
vt 0.470947266 0.462890625
vt 0.491455078 0.48046875
vt 0.490722656 0.483398438
vt 0.477294922 0.47265625
vt 0.478027344 0.477050781
vt 0.463623047 0.464111328
vt 0.473144531 0.475830078
vt 0.479736328 0.483398438
vt 0.471679688 0.477783203
vt 0.475830078 0.484130859
vt 0.491699219 0.491943359
vt 0.50390625 0.5
vt 0.512207031 0.506347656
vt 0.499511719 0.500976562
vt 0.518554688 0.512695312
vt 0.509765625 0.5078125
vt 0.517578125 0.514648438
vt 0.510253906 0.509765625
vt 0.510253906 0.514160156
vt 0.499023438 0.501953125
vt 0.514160156 0.523925781
vt 0.504882812 0.509765625
vt 0.499023438 0.513671875
vt 0.51171875 0.528808594
vt 0.507324219 0.519042969
vt 0.501953125 0.521972656
vt 0.505371094 0.528808594
vt 0.5 0.506347656
vt 0.510253906 0.534667969
vt 0.514160156 0.537597656
vt 0.510742188 0.537597656
vt 0.512695312 0.5390625
vt 0.510253906 0.540527344
vt 0.506835938 0.537597656
vt 0.505859375 0.541015625
vt 0.502929688 0.538085938
vt 0.502441406 0.541015625
vt 0.498291016 0.535644531
vt 0.499267578 0.541503906
vt 0.502929688 0.534179688
vt 0.491210938 0.530273438
vt 0.496582031 0.538574219
vt 0.495117188 0.541992188
vt 0.48046875 0.53125
vt 0.507324219 0.534667969
vt 0.494140625 0.526367188
vt 0.499755859 0.52734375
vt 0.494628906 0.522460938
vt 0.481201172 0.526367188
vt 0.483398438 0.5390625
vt 0.491699219 0.543457031
vt 0.489990234 0.543945312
vt 0.479003906 0.542480469
vt 0.475585938 0.533691406
vt 0.492675781 0.522949219
vt 0.493408203 0.516601562
vt 0.486083984 0.512207031
vt 0.488769531 0.519042969
vt 0.482910156 0.516601562
vt 0.469726562 0.538085938
vt 0.474365234 0.541992188
vt 0.466552734 0.541992188
vt 0.488525391 0.506835938
vt 0.481689453 0.514648438
vt 0.476074219 0.506347656
vt 0.494384766 0.502929688
vt 0.490722656 0.49609375
vt 0.489257812 0.499267578
vt 0.473876953 0.510742188
vt 0.492431641 0.495849609
vt 0.485351562 0.490966797
vt 0.483154297 0.490966797
vt 0.479003906 0.500976562
vt 0.469238281 0.494873047
vt 0.481933594 0.49609375
vt 0.483154297 0.493408203
vt 0.474365234 0.490234375
vt 0.467041016 0.501953125
vt 0.476806641 0.486572266
vt 0.470703125 0.484619141
vt 0.46875 0.487548828
vt 0.457519531 0.488525391
vt 0.4609375 0.499267578
vt 0.472412109 0.483154297
vt 0.467041016 0.478759766
vt 0.462890625 0.479736328
vt 0.452880859 0.472412109
vt 0.460449219 0.482177734
vt 0.467285156 0.477539062
vt 0.459960938 0.468017578
vt 0.457763672 0.469726562
vt 0.456542969 0.465087891
vt 0.454345703 0.469238281
vt 0.450439453 0.477539062
vt 0.455810547 0.462402344
vt 0.451171875 0.461425781
vt 0.454589844 0.466796875
vt 0.44921875 0.463867188
vt 0.447265625 0.466308594
vt 0.451904297 0.468994141
vt 0.444824219 0.469726562
vt 0.449707031 0.473144531
vt 0.44140625 0.474609375
vt 0.444824219 0.483154297
vt 0.436767578 0.482177734
vt 0.442626953 0.48828125
vt 0.434082031 0.487548828
vt 0.453369141 0.493652344
vt 0.440185547 0.489990234
vt 0.451660156 0.496826172
vt 0.439208984 0.492919922
vt 0.432128906 0.491943359
vt 0.459228516 0.502929688
vt 0.440673828 0.495117188
vt 0.4375 0.496337891
vt 0.430908203 0.495605469
vt 0.452880859 0.501464844
vt 0.46484375 0.505859375
vt 0.437988281 0.498291016
vt 0.460693359 0.505371094
vt 0.473632812 0.51171875
vt 0.437255859 0.5
vt 0.429931641 0.498535156
vt 0.45703125 0.505859375
vt 0.458740234 0.509765625
vt 0.436523438 0.501464844
vt 0.429199219 0.500976562
vt 0.463134766 0.508789062
vt 0.4375 0.504882812
vt 0.428466797 0.505371094
vt 0.480957031 0.518066406
vt 0.470458984 0.512695312
vt 0.448486328 0.510742188
vt 0.427734375 0.508789062
vt 0.465820312 0.515136719
vt 0.472900391 0.516113281
vt 0.489501953 0.526367188
vt 0.452392578 0.516601562
vt 0.426757812 0.513671875
vt 0.495117188 0.530273438
vt 0.469970703 0.520019531
vt 0.468505859 0.524414062
vt 0.46484375 0.528320312
vt 0.449707031 0.520996094
vt 0.462646484 0.532714844
vt 0.446777344 0.526855469
vt 0.425537109 0.520996094
vt 0.460449219 0.535644531
vt 0.444091797 0.530273438
vt 0.424316406 0.526855469
vt 0.423828125 0.529785156
vt 0.458740234 0.5390625
vt 0.459472656 0.54296875
vt 0.447265625 0.539550781
vt 0.456787109 0.543945312
vt 0.442138672 0.534179688
vt 0.423339844 0.532226562
vt 0.423095703 0.534179688
vt 0.422851562 0.536132812
vt 0.448242188 0.541503906
vt 0.422607422 0.537109375
vt 0.449462891 0.543945312
vt 0.453369141 0.545898438
vt 0.428222656 0.540039062
vt 0.422119141 0.539550781
vt 0.429931641 0.542480469
vt 0.421875 0.541503906
vt 0.450927734 0.546386719
vt 0.451171875 0.547363281
vt 0.448974609 0.548339844
vt 0.448242188 0.55078125
vt 0.428466797 0.544433594
vt 0.421630859 0.543457031
vt 0.421142578 0.546386719
vt 0.431152344 0.548339844
vt 0.420410156 0.550292969
vt 0.446289062 0.553710938
vt 0.445556641 0.558105469
vt 0.429443359 0.551269531
vt 0.419433594 0.556152344
vt 0.427734375 0.557128906
f 3/3 2/2 1/1
f 1/1 2/2 4/4
f 1/1 4/4 5/5
f 5/5 4/4 6/6
f 5/5 6/6 7/7
f 7/7 6/6 8/8
f 7/7 8/8 9/9
f 8/8 10/10 9/9
f 9/9 10/10 11/11
f 12/12 9/9 11/11
f 12/12 11/11 13/13
f 14/14 12/12 13/13
f 15/15 14/14 13/13
f 16/16 14/14 15/15
f 13/13 17/17 15/15
f 18/18 15/15 17/17
f 18/18 17/17 19/19
f 22/22 21/21 20/20
f 23/23 22/22 20/20
f 23/23 20/20 24/24
f 23/23 24/24 25/25
f 25/25 24/24 26/26
f 27/27 25/25 26/26
f 27/27 26/26 28/28
f 29/29 27/27 28/28
f 29/29 28/28 30/30
f 31/31 29/29 30/30
f 31/31 32/32 29/29
f 31/31 33/33 32/32
f 34/34 32/32 33/33
f 32/32 34/34 35/35
f 35/35 36/36 32/32
f 35/35 37/37 36/36
f 38/38 36/36 37/37
f 38/38 37/37 39/39
f 40/40 39/39 37/37
f 40/40 41/41 39/39
f 41/41 42/42 39/39
f 39/39 42/42 43/43
f 44/44 42/42 41/41
f 45/45 42/42 44/44
f 42/42 46/46 43/43
f 42/42 45/45 46/46
f 46/46 45/45 47/47
f 48/48 46/46 47/47
f 48/48 47/47 49/49
f 48/48 49/49 50/50
f 50/50 49/49 51/51
f 50/50 51/51 52/52
f 51/51 53/53 52/52
f 52/52 54/54 50/50
f 52/52 53/53 55/55
f 55/55 54/54 52/52
f 53/53 56/56 55/55
f 55/55 56/56 57/57
f 58/58 55/55 57/57
f 59/59 55/55 58/58
f 55/55 59/59 54/54
f 60/60 54/54 59/59
f 63/63 62/62 61/61
f 61/61 64/64 63/63
f 61/61 65/65 64/64
f 61/61 66/66 65/65
f 66/66 67/67 65/65
f 67/67 68/68 65/65
f 67/67 69/69 68/68
f 67/67 70/70 69/69
f 70/70 71/71 69/69
f 70/70 72/72 71/71
f 71/71 72/72 73/73
f 74/74 71/71 73/73
f 73/73 72/72 75/75
f 76/76 74/74 73/73
f 75/75 77/77 73/73
f 76/76 73/73 77/77
f 78/78 77/77 75/75
f 79/79 77/77 78/78
f 77/77 80/80 76/76
f 79/79 80/80 77/77
f 80/80 81/81 76/76
f 80/80 79/79 82/82
f 83/83 81/81 80/80
f 80/80 82/82 84/84
f 84/84 83/83 80/80
f 84/84 85/85 83/83
f 84/84 82/82 86/86
f 84/84 87/87 85/85
f 84/84 86/86 87/87
f 87/87 88/88 85/85
f 86/86 89/89 87/87
f 87/87 89/89 88/88
f 86/86 90/90 89/89
f 89/89 91/91 88/88
f 89/89 90/90 92/92
f 91/91 89/89 92/92
f 92/92 90/90 93/93
f 91/91 92/92 94/94
f 93/93 94/94 92/92
f 95/95 94/94 93/93
f 93/93 96/96 95/95
f 95/95 97/97 94/94
f 98/98 95/95 96/96
f 99/99 97/97 95/95
f 95/95 98/98 100/100
f 101/101 99/99 95/95
f 100/100 102/102 95/95
f 103/103 101/101 95/95
f 102/102 104/104 95/95
f 103/103 95/95 104/104
f 107/107 106/106 105/105
f 106/106 107/107 108/108
f 107/107 109/109 108/108
f 110/110 108/108 109/109
f 110/110 109/109 111/111
f 112/112 110/110 111/111
f 113/113 112/112 111/111
f 113/113 114/114 112/112
f 114/114 115/115 112/112
f 114/114 116/116 115/115
f 116/116 117/117 115/115
f 117/117 118/118 115/115
f 117/117 116/116 119/119
f 118/118 117/117 120/120
f 117/117 119/119 121/121
f 122/122 121/121 119/119
f 121/121 123/123 117/117
f 123/123 124/124 117/117
f 124/124 125/125 117/117
f 125/125 126/126 117/117
f 126/126 127/127 117/117
f 127/127 128/128 117/117
f 128/128 129/129 117/117
f 117/117 130/130 120/120
f 120/120 130/130 131/131
f 117/117 132/132 130/130
f 117/117 133/133 132/132
f 134/134 133/133 117/117
f 129/129 135/135 117/117
f 136/136 135/135 129/129
f 135/135 136/136 137/137
f 137/137 138/138 135/135
f 135/135 138/138 117/117
f 138/138 139/139 117/117
f 134/134 117/117 140/140
f 141/141 134/134 140/140
f 142/142 140/140 117/117
f 140/140 142/142 143/143
f 141/141 140/140 143/143
f 142/142 144/144 143/143
f 145/145 141/141 143/143
f 144/144 142/142 146/146
f 147/147 146/146 142/142
f 147/147 142/142 148/148
f 149/149 148/148 142/142
f 149/149 142/142 150/150
f 151/151 150/150 142/142
f 151/151 142/142 117/117
f 151/151 152/152 150/150
f 153/153 151/151 117/117
f 154/154 153/153 117/117
f 157/157 156/156 155/155
f 156/156 157/157 158/158
f 159/159 156/156 158/158
f 159/159 158/158 160/160
f 161/161 159/159 160/160
f 161/161 160/160 162/162
f 160/160 163/163 162/162
f 163/163 164/164 162/162
f 163/163 165/165 164/164
f 163/163 166/166 165/165
f 167/167 165/165 166/166
f 167/167 166/166 168/168
f 169/169 167/167 168/168
f 170/170 169/169 168/168
f 170/170 171/171 169/169
f 171/171 172/172 169/169
f 173/173 169/169 172/172
f 174/174 173/173 172/172
f 174/174 172/172 175/175
f 174/174 175/175 176/176
f 174/174 176/176 177/177
f 177/177 176/176 178/178
f 179/179 177/177 178/178
f 179/179 178/178 180/180
f 179/179 180/180 181/181
f 182/182 179/179 181/181
f 182/182 181/181 183/183
f 184/184 182/182 183/183
f 184/184 183/183 185/185
f 186/186 184/184 185/185
f 186/186 185/185 187/187
f 188/188 186/186 187/187
f 188/188 187/187 189/189
f 189/189 187/187 190/190
f 191/191 189/189 190/190
f 191/191 190/190 192/192
f 193/193 191/191 192/192
f 193/193 192/192 194/194
f 195/195 193/193 194/194
f 196/196 195/195 194/194
f 196/196 194/194 197/197
f 198/198 196/196 197/197
f 198/198 197/197 199/199
f 200/200 198/198 199/199
f 200/200 199/199 201/201
f 202/202 200/200 201/201
f 202/202 201/201 203/203
f 203/203 201/201 204/204
f 205/205 203/203 204/204
f 205/205 204/204 206/206
f 207/207 205/205 206/206
f 207/207 206/206 208/208
f 209/209 207/207 208/208
f 209/209 208/208 210/210
f 211/211 209/209 210/210
f 211/211 210/210 212/212
f 213/213 211/211 212/212
f 211/211 213/213 214/214
f 215/215 214/214 213/213
f 215/215 213/213 216/216
f 217/217 215/215 216/216
f 216/216 218/218 217/217
f 217/217 218/218 219/219
f 220/220 217/217 219/219
f 220/220 219/219 221/221
f 222/222 220/220 221/221
f 223/223 220/220 222/222
f 223/223 222/222 224/224
f 227/227 226/226 225/225
f 227/227 228/228 226/226
f 228/228 229/229 226/226
f 228/228 230/230 229/229
f 230/230 231/231 229/229
f 230/230 232/232 231/231
f 232/232 233/233 231/231
f 233/233 234/234 231/231
f 233/233 235/235 234/234
f 235/235 236/236 234/234
f 235/235 237/237 236/236
f 235/235 238/238 237/237
f 237/237 238/238 239/239
f 235/235 240/240 238/238
f 243/243 242/242 241/241
f 244/244 241/241 242/242
f 244/244 245/245 241/241
f 246/246 244/244 242/242
f 246/246 242/242 247/247
f 248/248 246/246 247/247
f 248/248 247/247 249/249
f 249/249 247/247 250/250
f 249/249 250/250 251/251
f 252/252 251/251 250/250
f 252/252 250/250 253/253
f 252/252 253/253 254/254
f 252/252 254/254 255/255
f 253/253 256/256 254/254
f 257/257 255/255 254/254
f 256/256 258/258 254/254
f 254/254 258/258 259/259
f 259/259 257/257 254/254
f 260/260 259/259 258/258
f 257/257 259/259 260/260
f 260/260 258/258 261/261
f 257/257 260/260 262/262
f 260/260 263/263 262/262
f 257/257 262/262 264/264
f 264/264 262/262 265/265
f 263/263 265/265 262/262
f 266/266 265/265 263/263
f 260/260 261/261 267/267
f 260/260 267/267 263/263
f 261/261 268/268 267/267
f 267/267 268/268 269/269
f 267/267 269/269 263/263
f 270/270 269/269 268/268
f 271/271 270/270 268/268
f 272/272 270/270 271/271
f 272/272 271/271 273/273
f 272/272 274/274 270/270
f 272/272 275/275 274/274
f 275/275 272/272 273/273
f 275/275 273/273 276/276
f 275/275 276/276 277/277
f 275/275 277/277 274/274
f 277/277 278/278 274/274
f 277/277 279/279 278/278
f 280/280 278/278 279/279
f 279/279 281/281 280/280
f 280/280 282/282 278/278
f 282/282 274/274 278/278
f 281/281 283/283 280/280
f 283/283 282/282 280/280
f 281/281 284/284 283/283
f 284/284 285/285 283/283
f 286/286 285/285 284/284
f 286/286 287/287 285/285
f 286/286 288/288 287/287
f 289/289 287/287 288/288
f 289/289 288/288 290/290
f 287/287 291/291 285/285
f 291/291 287/287 289/289
f 292/292 283/283 285/285
f 291/291 292/292 285/285
f 283/283 293/293 282/282
f 292/292 293/293 283/283
f 293/293 292/292 294/294
f 293/293 295/295 282/282
f 294/294 295/295 293/293
f 274/274 282/282 295/295
f 291/291 296/296 292/292
f 296/296 291/291 289/289
f 297/297 289/289 290/290
f 298/298 297/297 290/290
f 289/289 297/297 299/299
f 300/300 289/289 299/299
f 296/296 289/289 300/300
f 298/298 301/301 297/297
f 301/301 298/298 302/302
f 301/301 302/302 303/303
f 301/301 303/303 304/304
f 301/301 305/305 297/297
f 305/305 301/301 304/304
f 299/299 297/297 305/305
f 305/305 304/304 306/306
f 305/305 306/306 299/299
f 306/306 304/304 307/307
f 306/306 307/307 308/308
f 307/307 309/309 308/308
f 306/306 310/310 299/299
f 306/306 308/308 310/310
f 309/309 311/311 308/308
f 309/309 312/312 311/311
f 310/310 308/308 313/313
f 308/308 311/311 314/314
f 308/308 314/314 313/313
f 312/312 315/315 311/311
f 311/311 316/316 314/314
f 311/311 315/315 316/316
f 312/312 317/317 315/315
f 312/312 318/318 317/317
f 317/317 318/318 319/319
f 319/319 318/318 320/320
f 315/315 317/317 321/321
f 317/317 319/319 322/322
f 317/317 322/322 321/321
f 322/322 319/319 321/321
f 315/315 321/321 323/323
f 316/316 315/315 323/323
f 321/321 319/319 324/324
f 323/323 321/321 324/324
f 325/325 314/314 316/316
f 326/326 316/316 323/323
f 326/326 325/325 316/316
f 326/326 323/323 327/327
f 323/323 324/324 327/327
f 326/326 327/327 325/325
f 325/325 328/328 314/314
f 328/328 313/313 314/314
f 325/325 327/327 329/329
f 329/329 330/330 325/325
f 328/328 325/325 330/330
f 331/331 329/329 327/327
f 332/332 331/331 327/327
f 332/332 327/327 324/324
f 333/333 332/332 324/324
f 330/330 334/334 328/328
f 334/334 335/335 328/328
f 335/335 334/334 336/336
f 333/333 324/324 337/337
f 333/333 337/337 338/338
f 319/319 337/337 324/324
f 338/338 337/337 339/339
f 319/319 339/339 337/337
f 340/340 338/338 339/339
f 319/319 341/341 339/339
f 341/341 319/319 320/320
f 340/340 339/339 342/342
f 341/341 342/342 339/339
f 343/343 340/340 342/342
f 320/320 344/344 341/341
f 344/344 342/342 341/341
f 345/345 344/344 320/320
f 345/345 346/346 344/344
f 344/344 346/346 347/347
f 344/344 347/347 342/342
f 343/343 342/342 347/347
f 348/348 343/343 347/347
f 351/351 350/350 349/349
f 352/352 349/349 350/350
f 353/353 352/352 350/350
f 353/353 350/350 354/354
f 355/355 353/353 354/354
f 353/353 355/355 356/356
f 355/355 357/357 356/356
f 355/355 358/358 357/357
f 358/358 359/359 357/357
f 358/358 360/360 359/359
f 361/361 359/359 360/360
f 361/361 360/360 362/362
f 361/361 362/362 363/363
f 361/361 363/363 364/364
f 367/367 366/366 365/365
f 367/367 368/368 366/366
f 367/367 369/369 368/368
f 370/370 368/368 369/369
f 370/370 369/369 371/371
f 371/371 372/372 370/370
f 372/372 373/373 370/370
f 372/372 374/374 373/373
f 375/375 373/373 374/374
f 376/376 375/375 374/374
f 376/376 377/377 375/375
f 376/376 378/378 377/377
f 379/379 377/377 378/378
f 380/380 379/379 378/378
f 380/380 381/381 379/379
f 384/384 383/383 382/382
f 383/383 385/385 382/382
f 385/385 386/386 382/382
f 389/389 388/388 387/387
f 390/390 387/387 388/388
f 390/390 391/391 387/387
f 392/392 390/390 388/388
f 392/392 388/388 393/393
f 393/393 394/394 392/392
f 393/393 395/395 394/394
f 395/395 396/396 394/394
f 397/397 396/396 395/395
f 397/397 398/398 396/396
f 398/398 397/397 399/399
f 400/400 391/391 390/390
f 401/401 390/390 392/392
f 401/401 400/400 390/390
f 402/402 392/392 394/394
f 402/402 401/401 392/392
f 403/403 394/394 396/396
f 403/403 402/402 394/394
f 404/404 391/391 400/400
f 404/404 405/405 391/391
f 404/404 406/406 405/405
f 407/407 406/406 404/404
f 408/408 407/407 404/404
f 409/409 404/404 400/400
f 408/408 404/404 409/409
f 409/409 400/400 401/401
f 410/410 408/408 409/409
f 411/411 409/409 401/401
f 410/410 409/409 411/411
f 411/411 401/401 402/402
f 412/412 410/410 411/411
f 413/413 411/411 402/402
f 412/412 411/411 413/413
f 413/413 402/402 403/403
f 414/414 412/412 413/413
f 414/414 413/413 415/415
f 415/415 413/413 403/403
f 416/416 414/414 415/415
f 415/415 403/403 417/417
f 417/417 403/403 396/396
f 417/417 396/396 398/398
f 416/416 415/415 418/418
f 418/418 415/415 417/417
f 419/419 416/416 418/418
f 420/420 417/417 398/398
f 418/418 417/417 420/420
f 419/419 418/418 421/421
f 421/421 418/418 420/420
f 422/422 419/419 421/421
f 420/420 398/398 423/423
f 423/423 398/398 399/399
f 421/421 420/420 424/424
f 424/424 420/420 423/423
f 399/399 425/425 423/423
f 424/424 423/423 425/425
f 399/399 426/426 425/425
f 422/422 421/421 427/427
f 427/427 421/421 424/424
f 426/426 428/428 425/425
f 426/426 429/429 428/428
f 430/430 424/424 425/425
f 427/427 424/424 430/430
f 430/430 425/425 428/428
f 431/431 422/422 427/427
f 431/431 427/427 430/430
f 432/432 422/422 431/431
f 433/433 428/428 429/429
f 433/433 429/429 434/434
f 435/435 430/430 428/428
f 431/431 430/430 435/435
f 435/435 428/428 433/433
f 432/432 431/431 436/436
f 436/436 431/431 435/435
f 432/432 436/436 437/437
f 438/438 437/437 436/436
f 439/439 433/433 434/434
f 440/440 439/439 434/434
f 440/440 441/441 439/439
f 442/442 435/435 433/433
f 442/442 436/436 435/435
f 439/439 442/442 433/433
f 443/443 438/438 436/436
f 443/443 436/436 442/442
f 444/444 438/438 443/443
f 445/445 442/442 439/439
f 445/445 443/443 442/442
f 446/446 444/444 443/443
f 446/446 443/443 445/445
f 447/447 444/444 446/446
f 448/448 439/439 441/441
f 448/448 445/445 439/439
f 449/449 446/446 445/445
f 449/449 445/445 448/448
f 450/450 448/448 441/441
f 450/450 449/449 448/448
f 441/441 451/451 450/450
f 452/452 447/447 446/446
f 452/452 446/446 449/449
f 453/453 449/449 450/450
f 453/453 452/452 449/449
f 454/454 450/450 451/451
f 454/454 453/453 450/450
f 453/453 454/454 455/455
f 454/454 451/451 456/456
f 454/454 456/456 455/455
f 456/456 451/451 457/457
f 457/457 455/455 456/456
f 457/457 458/458 455/455
f 447/447 452/452 459/459
f 447/447 459/459 460/460
f 452/452 453/453 461/461
f 461/461 459/459 452/452
f 453/453 455/455 461/461
f 459/459 462/462 460/460
f 459/459 461/461 462/462
f 462/462 463/463 460/460
f 463/463 464/464 460/460
f 465/465 462/462 461/461
f 461/461 455/455 465/465
f 465/465 463/463 462/462
f 455/455 466/466 465/465
f 458/458 466/466 455/455
f 466/466 463/463 465/465
f 458/458 467/467 466/466
f 458/458 468/468 467/467
f 467/467 469/469 466/466
f 466/466 469/469 463/463
f 467/467 468/468 470/470
f 467/467 470/470 469/469
f 470/470 468/468 471/471
f 463/463 472/472 464/464
f 472/472 473/473 464/464
f 472/472 474/474 473/473
f 469/469 475/475 463/463
f 475/475 472/472 463/463
f 472/472 476/476 474/474
f 475/475 476/476 472/472
f 476/476 477/477 474/474
f 469/469 478/478 475/475
f 470/470 478/478 469/469
f 478/478 476/476 475/475
f 470/470 471/471 479/479
f 470/470 479/479 478/478
f 479/479 471/471 480/480
f 476/476 481/481 477/477
f 481/481 482/482 477/477
f 478/478 483/483 476/476
f 479/479 483/483 478/478
f 483/483 481/481 476/476
f 480/480 484/484 479/479
f 479/479 484/484 483/483
f 485/485 484/484 480/480
f 485/485 486/486 484/484
f 484/484 487/487 483/483
f 483/483 487/487 481/481
f 486/486 487/487 484/484
f 481/481 488/488 482/482
f 482/482 488/488 489/489
f 490/490 489/489 488/488
f 491/491 488/488 481/481
f 487/487 491/491 481/481
f 491/491 492/492 488/488
f 492/492 490/490 488/488
f 493/493 491/491 487/487
f 493/493 492/492 491/491
f 486/486 494/494 487/487
f 493/493 487/487 494/494
f 494/494 486/486 495/495
f 493/493 494/494 495/495
f 486/486 496/496 495/495
f 493/493 497/497 492/492
f 493/493 495/495 497/497
f 492/492 498/498 490/490
f 497/497 498/498 492/492
f 495/495 496/496 499/499
f 496/496 500/500 499/499
f 495/495 501/501 497/497
f 497/497 501/501 498/498
f 495/495 499/499 501/501
f 498/498 502/502 490/490
f 501/501 502/502 498/498
f 502/502 503/503 490/490
f 502/502 504/504 503/503
f 501/501 504/504 502/502
f 504/504 505/505 503/503
f 506/506 501/501 499/499
f 500/500 506/506 499/499
f 506/506 504/504 501/501
f 504/504 507/507 505/505
f 506/506 507/507 504/504
f 507/507 508/508 505/505
f 506/506 500/500 509/509
f 500/500 510/510 509/509
f 511/511 509/509 510/510
f 509/509 511/511 512/512
f 513/513 509/509 512/512
f 513/513 512/512 514/514
f 506/506 509/509 515/515
f 506/506 515/515 507/507
f 515/515 509/509 513/513
f 515/515 516/516 507/507
f 507/507 516/516 508/508
f 515/515 513/513 516/516
f 516/516 513/513 508/508
f 513/513 517/517 508/508
f 518/518 513/513 514/514
f 513/513 518/518 517/517
f 518/518 514/514 519/519
f 518/518 520/520 517/517
f 519/519 521/521 518/518
f 518/518 521/521 520/520
f 524/524 523/523 522/522
f 525/525 524/524 522/522
f 526/526 525/525 522/522
f 526/526 522/522 527/527
f 528/528 527/527 522/522
f 529/529 528/528 522/522
f 530/530 529/529 522/522
f 531/531 530/530 522/522
f 531/531 522/522 532/532
f 532/532 522/522 533/533
f 534/534 533/533 522/522
f 535/535 534/534 522/522
f 535/535 522/522 536/536
f 536/536 522/522 537/537
f 538/538 537/537 522/522
f 539/539 538/538 522/522
f 540/540 539/539 522/522
f 540/540 522/522 541/541
f 541/541 522/522 542/542
f 522/522 543/543 542/542
f 543/543 522/522 544/544
f 545/545 544/544 522/522
f 522/522 546/546 545/545
f 547/547 546/546 522/522
f 547/547 522/522 548/548
f 549/549 548/548 522/522
f 549/549 522/522 550/550
f 551/551 550/550 522/522
f 551/551 522/522 552/552
f 522/522 553/553 552/552
f 553/553 522/522 554/554
f 554/554 522/522 555/555
f 556/556 555/555 522/522
f 557/557 556/556 522/522
f 557/557 522/522 558/558
f 558/558 522/522 559/559
f 560/560 559/559 522/522
f 561/561 560/560 522/522
f 562/562 561/561 522/522
f 565/565 564/564 563/563
f 565/565 563/563 566/566
f 567/567 565/565 566/566
f 567/567 566/566 568/568
f 569/569 567/567 568/568
f 568/568 570/570 569/569
f 570/570 571/571 569/569
f 570/570 572/572 571/571
f 571/571 572/572 573/573
f 574/574 571/571 573/573
f 574/574 573/573 575/575
f 576/576 574/574 575/575
f 576/576 575/575 577/577
f 578/578 576/576 577/577
f 577/577 579/579 578/578
f 579/579 580/580 578/578
f 579/579 581/581 580/580
f 582/582 581/581 579/579
f 582/582 583/583 581/581
f 581/581 583/583 584/584
f 585/585 581/581 584/584
f 585/585 584/584 586/586
f 587/587 585/585 586/586
f 587/587 586/586 588/588
f 589/589 587/587 588/588
f 589/589 588/588 590/590
f 591/591 589/589 590/590
f 592/592 591/591 590/590
f 592/592 593/593 591/591
f 594/594 593/593 592/592
f 594/594 592/592 595/595
f 596/596 594/594 595/595
f 596/596 595/595 597/597
f 597/597 598/598 596/596
f 597/597 599/599 598/598
f 598/598 599/599 600/600
f 601/601 598/598 600/600
f 601/601 600/600 602/602
f 603/603 601/601 602/602
f 602/602 604/604 603/603
f 604/604 605/605 603/603
f 605/605 604/604 606/606
f 607/607 605/605 606/606
f 607/607 606/606 608/608
f 609/609 607/607 608/608
f 609/609 608/608 610/610
f 611/611 609/609 610/610
f 611/611 610/610 612/612
f 613/613 611/611 612/612
f 613/613 612/612 614/614
f 614/614 615/615 613/613
f 616/616 615/615 614/614
f 616/616 617/617 615/615
f 616/616 618/618 617/617
f 619/619 617/617 618/618
f 620/620 617/617 619/619
f 620/620 619/619 621/621
f 622/622 620/620 621/621
f 622/622 621/621 623/623
f 624/624 622/622 623/623
f 624/624 623/623 625/625
f 626/626 624/624 625/625
f 626/626 625/625 627/627
f 627/627 628/628 626/626
f 627/627 629/629 628/628
f 628/628 629/629 630/630
f 631/631 628/628 630/630
f 632/632 631/631 630/630
f 632/632 630/630 633/633
f 634/634 632/632 633/633
f 634/634 633/633 635/635
f 638/638 637/637 636/636
f 638/638 639/639 637/637
f 639/639 640/640 637/637
f 639/639 641/641 640/640
f 641/641 642/642 640/640
f 642/642 643/643 640/640
f 642/642 644/644 643/643
f 642/642 645/645 644/644
f 642/642 646/646 645/645
f 646/646 647/647 645/645
f 648/648 645/645 647/647
f 648/648 649/649 645/645
f 649/649 650/650 645/645
f 651/651 645/645 650/650
f 651/651 652/652 645/645
f 652/652 653/653 645/645
f 652/652 654/654 653/653
f 655/655 654/654 652/652
f 656/656 655/655 652/652
f 656/656 652/652 657/657
f 658/658 656/656 657/657
f 658/658 659/659 656/656
f 659/659 660/660 656/656
f 663/663 662/662 661/661
f 663/663 664/664 662/662
f 664/664 665/665 662/662
f 665/665 666/666 662/662
f 665/665 664/664 667/667
f 665/665 668/668 666/666
f 668/668 669/669 666/666
f 668/668 670/670 669/669
f 670/670 671/671 669/669
f 670/670 672/672 671/671
f 673/673 665/665 667/667
f 674/674 673/673 667/667
f 667/667 675/675 674/674
f 667/667 676/676 675/675
f 676/676 677/677 675/675
f 676/676 678/678 677/677
f 678/678 679/679 677/677
f 678/678 680/680 679/679
f 680/680 681/681 679/679
f 672/672 682/682 671/671
f 672/672 683/683 682/682
f 683/683 684/684 682/682
f 684/684 685/685 682/682
f 684/684 686/686 685/685
f 686/686 687/687 685/685
f 686/686 688/688 687/687
f 688/688 689/689 687/687
f 688/688 690/690 689/689
f 690/690 691/691 689/689
f 690/690 692/692 691/691
f 692/692 693/693 691/691
f 692/692 694/694 693/693
f 694/694 695/695 693/693
f 694/694 696/696 695/695
f 696/696 697/697 695/695
f 696/696 698/698 697/697
f 698/698 699/699 697/697
f 700/700 697/697 699/699
f 701/701 700/700 699/699
f 702/702 701/701 699/699
f 702/702 699/699 703/703
f 704/704 702/702 703/703
f 705/705 704/704 703/703
f 706/706 705/705 703/703
f 706/706 703/703 707/707
f 708/708 706/706 707/707
f 708/708 707/707 709/709
f 710/710 708/708 709/709
f 710/710 709/709 711/711
f 712/712 710/710 711/711
f 712/712 711/711 713/713
f 714/714 712/712 713/713
f 714/714 713/713 715/715
f 716/716 714/714 715/715
f 716/716 715/715 717/717
f 718/718 716/716 717/717
f 718/718 717/717 719/719
f 718/718 719/719 681/681
f 680/680 718/718 681/681
f 722/722 721/721 720/720
f 722/722 720/720 723/723
f 724/724 722/722 723/723
f 723/723 725/725 724/724
f 723/723 726/726 725/725
f 726/726 727/727 725/725
f 726/726 728/728 727/727
f 728/728 729/729 727/727
f 728/728 730/730 729/729
f 730/730 731/731 729/729
f 730/730 732/732 731/731
f 732/732 733/733 731/731
f 732/732 734/734 733/733
f 734/734 735/735 733/733
f 734/734 736/736 735/735
f 736/736 737/737 735/735
f 736/736 738/738 737/737
f 736/736 739/739 738/738
f 739/739 740/740 738/738
f 739/739 741/741 740/740
f 741/741 742/742 740/740
f 741/741 743/743 742/742
f 743/743 744/744 742/742
f 743/743 745/745 744/744
f 745/745 746/746 744/744
f 745/745 747/747 746/746
f 747/747 748/748 746/746
f 747/747 749/749 748/748
f 749/749 750/750 748/748
f 750/750 749/749 751/751
f 754/754 753/753 752/752
f 753/753 754/754 755/755
f 756/756 753/753 755/755
f 756/756 755/755 757/757
f 758/758 756/756 757/757
f 758/758 757/757 759/759
f 760/760 758/758 759/759
f 760/760 759/759 761/761
f 762/762 760/760 761/761
f 762/762 761/761 763/763
f 764/764 762/762 763/763
f 764/764 763/763 765/765
f 766/766 764/764 765/765
f 766/766 765/765 767/767
f 766/766 767/767 768/768
f 769/769 766/766 768/768
f 769/769 768/768 770/770
f 771/771 769/769 770/770
f 771/771 770/770 772/772
f 773/773 771/771 772/772
f 773/773 772/772 774/774
f 775/775 773/773 774/774
f 775/775 774/774 776/776
f 777/777 775/775 776/776
f 777/777 776/776 778/778
f 779/779 777/777 778/778
f 779/779 778/778 780/780
f 780/780 781/781 779/779
f 781/781 782/782 779/779
f 785/785 784/784 783/783
f 785/785 786/786 784/784
f 789/789 788/788 787/787
f 789/789 790/790 788/788
f 790/790 791/791 788/788
f 790/790 792/792 791/791
f 792/792 793/793 791/791
f 792/792 794/794 793/793
f 797/797 796/796 795/795
f 795/795 798/798 797/797
f 798/798 795/795 799/799
f 799/799 795/795 800/800
f 799/799 800/800 801/801
f 800/800 802/802 801/801
f 802/802 803/803 801/801
f 802/802 804/804 803/803
f 804/804 805/805 803/803
f 804/804 806/806 805/805
f 806/806 807/807 805/805
f 808/808 807/807 806/806
f 808/808 806/806 809/809
f 808/808 809/809 810/810
f 810/810 809/809 811/811
f 811/811 812/812 810/810
f 811/811 813/813 812/812
f 813/813 814/814 812/812
f 814/814 815/815 812/812
f 814/814 816/816 815/815
f 816/816 817/817 815/815
f 816/816 818/818 817/817
f 818/818 819/819 817/817
f 818/818 820/820 819/819
f 820/820 821/821 819/819
f 820/820 822/822 821/821
f 822/822 823/823 821/821
f 822/822 824/824 823/823
f 824/824 825/825 823/823
f 824/824 826/826 825/825
f 827/827 825/825 826/826
f 826/826 828/828 827/827
f 828/828 826/826 829/829
f 829/829 826/826 830/830
f 829/829 830/830 831/831
f 830/830 832/832 831/831
f 832/832 833/833 831/831
f 832/832 834/834 833/833
f 834/834 835/835 833/833
f 834/834 836/836 835/835
f 836/836 837/837 835/835
f 838/838 837/837 836/836
f 838/838 836/836 839/839
f 840/840 838/838 839/839
f 840/840 839/839 841/841
f 840/840 841/841 842/842
f 842/842 841/841 843/843
f 843/843 844/844 842/842
f 843/843 845/845 844/844
f 845/845 846/846 844/844
f 846/846 847/847 844/844
f 846/846 848/848 847/847
f 848/848 849/849 847/847
f 848/848 850/850 849/849
f 850/850 851/851 849/849
f 850/850 852/852 851/851
f 852/852 853/853 851/851
f 852/852 854/854 853/853
f 854/854 855/855 853/853
f 854/854 856/856 855/855
f 859/859 858/858 857/857
f 858/858 860/860 857/857
f 858/858 861/861 860/860
f 861/861 862/862 860/860
f 861/861 863/863 862/862
f 863/863 864/864 862/862
f 863/863 865/865 864/864
f 865/865 866/866 864/864
f 865/865 867/867 866/866
f 867/867 868/868 866/866
f 867/867 869/869 868/868
f 869/869 870/870 868/868
f 869/869 871/871 870/870
f 871/871 872/872 870/870
f 871/871 873/873 872/872
f 873/873 874/874 872/872
f 873/873 875/875 874/874
f 875/875 876/876 874/874
f 875/875 877/877 876/876
f 877/877 878/878 876/876
f 877/877 879/879 878/878
f 879/879 880/880 878/878
f 879/879 881/881 880/880
f 881/881 882/882 880/880
f 881/881 883/883 882/882
f 883/883 884/884 882/882
f 883/883 885/885 884/884
f 885/885 886/886 884/884
f 885/885 887/887 886/886
f 887/887 888/888 886/886
f 887/887 889/889 888/888
f 889/889 890/890 888/888
f 889/889 891/891 890/890
f 891/891 892/892 890/890
f 891/891 893/893 892/892
f 893/893 894/894 892/892
f 893/893 895/895 894/894
f 895/895 896/896 894/894
f 895/895 897/897 896/896
f 897/897 898/898 896/896
f 897/897 899/899 898/898
f 899/899 900/900 898/898
f 899/899 901/901 900/900
f 901/901 902/902 900/900
f 901/901 903/903 902/902
f 903/903 904/904 902/902
f 903/903 905/905 904/904
f 905/905 906/906 904/904
f 909/909 908/908 907/907
f 908/908 910/910 907/907
f 910/910 908/908 911/911
f 910/910 911/911 912/912
f 915/915 914/914 913/913
f 915/915 916/916 914/914
f 914/914 916/916 917/917
f 914/914 917/917 918/918
f 921/921 920/920 919/919
f 922/922 921/921 919/919
f 922/922 923/923 921/921
f 924/924 923/923 922/922
f 925/925 328/328 335/335
f 328/328 925/925 313/313
f 925/925 926/926 313/313
f 925/925 335/335 926/926
f 926/926 310/310 313/313
f 926/926 927/927 310/310
f 927/927 299/299 310/310
f 928/928 927/927 926/926
f 928/928 299/299 927/927
f 335/335 928/928 926/926
f 928/928 929/929 299/299
f 335/335 929/929 928/928
f 929/929 300/300 299/299
f 335/335 930/930 929/929
f 930/930 335/335 336/336
f 931/931 300/300 929/929
f 931/931 296/296 300/300
f 932/932 930/930 336/336
f 336/336 933/933 932/932
f 933/933 934/934 932/932
f 933/933 935/935 934/934
f 935/935 936/936 934/934
f 936/936 937/937 934/934
f 936/936 938/938 937/937
f 939/939 929/929 930/930
f 930/930 932/932 939/939
f 939/939 931/931 929/929
f 932/932 934/934 939/939
f 940/940 931/931 939/939
f 940/940 939/939 934/934
f 941/941 296/296 931/931
f 940/940 941/941 931/931
f 296/296 941/941 942/942
f 292/292 296/296 942/942
f 292/292 942/942 294/294
f 940/940 943/943 941/941
f 941/941 943/943 942/942
f 943/943 940/940 934/934
f 943/943 944/944 942/942
f 944/944 943/943 934/934
f 944/944 294/294 942/942
f 944/944 934/934 945/945
f 934/934 937/937 945/945
f 946/946 944/944 945/945
f 946/946 945/945 937/937
f 946/946 947/947 944/944
f 947/947 294/294 944/944
f 948/948 946/946 937/937
f 946/946 948/948 947/947
f 948/948 949/949 947/947
f 947/947 949/949 950/950
f 947/947 950/950 294/294
f 950/950 951/951 294/294
f 294/294 951/951 295/295
f 952/952 295/295 951/951
f 952/952 274/274 295/295
f 950/950 953/953 951/951
f 953/953 952/952 951/951
f 954/954 274/274 952/952
f 954/954 270/270 274/274
f 955/955 952/952 953/953
f 954/954 952/952 955/955
f 956/956 270/270 954/954
f 269/269 270/270 956/956
f 957/957 954/954 955/955
f 956/956 954/954 957/957
f 269/269 956/956 958/958
f 957/957 958/958 956/956
f 955/955 959/959 957/957
f 959/959 955/955 953/953
f 960/960 269/269 958/958
f 960/960 263/263 269/269
f 957/957 959/959 961/961
f 961/961 958/958 957/957
f 961/961 962/962 958/958
f 963/963 263/263 960/960
f 263/263 963/963 266/266
f 960/960 958/958 964/964
f 962/962 964/964 958/958
f 960/960 964/964 965/965
f 963/963 960/960 965/965
f 962/962 965/965 964/964
f 963/963 966/966 266/266
f 963/963 965/965 966/966
f 967/967 961/961 959/959
f 967/967 962/962 961/961
f 266/266 966/966 968/968
f 969/969 266/266 968/968
f 969/969 968/968 970/970
f 969/969 970/970 971/971
f 972/972 971/971 970/970
f 970/970 973/973 972/972
f 970/970 968/968 973/973
f 973/973 974/974 972/972
f 974/974 973/973 975/975
f 976/976 974/974 975/975
f 976/976 975/975 977/977
f 978/978 976/976 977/977
f 973/973 979/979 975/975
f 975/975 979/979 977/977
f 980/980 977/977 979/979
f 978/978 977/977 981/981
f 977/977 980/980 981/981
f 981/981 982/982 978/978
f 982/982 981/981 983/983
f 968/968 984/984 973/973
f 973/973 984/984 979/979
f 979/979 984/984 985/985
f 968/968 986/986 984/984
f 984/984 986/986 985/985
f 968/968 966/966 986/986
f 986/986 966/966 987/987
f 987/987 966/966 965/965
f 980/980 988/988 981/981
f 981/981 988/988 983/983
f 982/982 983/983 989/989
f 990/990 982/982 989/989
f 991/991 990/990 989/989
f 992/992 991/991 989/989
f 993/993 992/992 989/989
f 993/993 989/989 983/983
f 994/994 986/986 987/987
f 985/985 986/986 994/994
f 995/995 987/987 965/965
f 995/995 965/965 962/962
f 995/995 996/996 987/987
f 995/995 962/962 996/996
f 994/994 987/987 997/997
f 997/997 987/987 996/996
f 994/994 997/997 998/998
f 985/985 994/994 998/998
f 993/993 999/999 992/992
f 999/999 1000/1000 992/992
f 999/999 1001/1001 1000/1000
f 962/962 1002/1002 996/996
f 962/962 967/967 1002/1002
f 997/997 996/996 1003/1003
f 998/998 997/997 1003/1003
f 996/996 1004/1004 1003/1003
f 996/996 1002/1002 1004/1004
f 967/967 1005/1005 1002/1002
f 1005/1005 967/967 959/959
f 1005/1005 959/959 1006/1006
f 959/959 953/953 1006/1006
f 1005/1005 1007/1007 1002/1002
f 1007/1007 1005/1005 1006/1006
f 1008/1008 998/998 1003/1003
f 1008/1008 1003/1003 1004/1004
f 1009/1009 1006/1006 953/953
f 1009/1009 953/953 950/950
f 1010/1010 1009/1009 950/950
f 1009/1009 1010/1010 1006/1006
f 1010/1010 950/950 949/949
f 1011/1011 1006/1006 1010/1010
f 1007/1007 1006/1006 1011/1011
f 949/949 1011/1011 1010/1010
f 1002/1002 1012/1012 1004/1004
f 1002/1002 1007/1007 1012/1012
f 1012/1012 1013/1013 1004/1004
f 1007/1007 1014/1014 1012/1012
f 1012/1012 1014/1014 1013/1013
f 1007/1007 1015/1015 1014/1014
f 1015/1015 1007/1007 1011/1011
f 1014/1014 1015/1015 1016/1016
f 1015/1015 1011/1011 1016/1016
f 1014/1014 1016/1016 1013/1013
f 1017/1017 1008/1008 1004/1004
f 1017/1017 1004/1004 1013/1013
f 949/949 1018/1018 1011/1011
f 1011/1011 1018/1018 1016/1016
f 1018/1018 1019/1019 1016/1016
f 1013/1013 1016/1016 1020/1020
f 1019/1019 1020/1020 1016/1016
f 1021/1021 1013/1013 1020/1020
f 1017/1017 1013/1013 1022/1022
f 1022/1022 1013/1013 1021/1021
f 949/949 1023/1023 1018/1018
f 1018/1018 1023/1023 1019/1019
f 949/949 1024/1024 1023/1023
f 1023/1023 1024/1024 1019/1019
f 1019/1019 1025/1025 1020/1020
f 1024/1024 1025/1025 1019/1019
f 1025/1025 1024/1024 1026/1026
f 1027/1027 1025/1025 1026/1026
f 1025/1025 1027/1027 1020/1020
f 1021/1021 1020/1020 1027/1027
f 949/949 1028/1028 1024/1024
f 949/949 948/948 1028/1028
f 1028/1028 948/948 1029/1029
f 948/948 937/937 1029/1029
f 1028/1028 1030/1030 1024/1024
f 1028/1028 1029/1029 1030/1030
f 1031/1031 1029/1029 937/937
f 1031/1031 1030/1030 1029/1029
f 1024/1024 1030/1030 1032/1032
f 1024/1024 1032/1032 1026/1026
f 1021/1021 1027/1027 1033/1033
f 1027/1027 1026/1026 1033/1033
f 1034/1034 1031/1031 937/937
f 938/938 1034/1034 937/937
f 938/938 1035/1035 1034/1034
f 1035/1035 1031/1031 1034/1034
f 1036/1036 1030/1030 1031/1031
f 1036/1036 1031/1031 1035/1035
f 1036/1036 1032/1032 1030/1030
f 1037/1037 1036/1036 1035/1035
f 1037/1037 1032/1032 1036/1036
f 1037/1037 1038/1038 1032/1032
f 1038/1038 1039/1039 1032/1032
f 1026/1026 1032/1032 1039/1039
f 1038/1038 1026/1026 1039/1039
f 1038/1038 1040/1040 1026/1026
f 1040/1040 1041/1041 1026/1026
f 1041/1041 1033/1033 1026/1026
f 1041/1041 1040/1040 1033/1033
f 1040/1040 1042/1042 1033/1033
f 1042/1042 1043/1043 1033/1033
f 1043/1043 1042/1042 1044/1044
f 1021/1021 1033/1033 1043/1043
f 1045/1045 1043/1043 1044/1044
f 1043/1043 1045/1045 1021/1021
f 1045/1045 1044/1044 1046/1046
f 1021/1021 1045/1045 1047/1047
f 1047/1047 1022/1022 1021/1021
f 1048/1048 1045/1045 1046/1046
f 1047/1047 1045/1045 1048/1048
f 1047/1047 1049/1049 1022/1022
f 1049/1049 1047/1047 1048/1048
f 1050/1050 1048/1048 1046/1046
f 1049/1049 1048/1048 1050/1050
f 1050/1050 1046/1046 1051/1051
f 1049/1049 1052/1052 1022/1022
f 1022/1022 1052/1052 1017/1017
f 1053/1053 1049/1049 1050/1050
f 1053/1053 1050/1050 1051/1051
f 1052/1052 1049/1049 1053/1053
f 1054/1054 1053/1053 1051/1051
f 1054/1054 1051/1051 1055/1055
f 1053/1053 1054/1054 1056/1056
f 1056/1056 1052/1052 1053/1053
f 1052/1052 1057/1057 1017/1017
f 1017/1017 1057/1057 1008/1008
f 1058/1058 1054/1054 1055/1055
f 1056/1056 1054/1054 1058/1058
f 1059/1059 1052/1052 1056/1056
f 1059/1059 1057/1057 1052/1052
f 1057/1057 1060/1060 1008/1008
f 1057/1057 1059/1059 1060/1060
f 1060/1060 998/998 1008/1008
f 1055/1055 1061/1061 1058/1058
f 1055/1055 1062/1062 1061/1061
f 1063/1063 1056/1056 1058/1058
f 1056/1056 1063/1063 1059/1059
f 1063/1063 1058/1058 1061/1061
f 1064/1064 1063/1063 1061/1061
f 1062/1062 1065/1065 1061/1061
f 1064/1064 1061/1061 1065/1065
f 1062/1062 1066/1066 1065/1065
f 1059/1059 1063/1063 1067/1067
f 1059/1059 1067/1067 1060/1060
f 1063/1063 1064/1064 1067/1067
f 1066/1066 1068/1068 1065/1065
f 1064/1064 1065/1065 1068/1068
f 1066/1066 1069/1069 1068/1068
f 1060/1060 1070/1070 998/998
f 985/985 998/998 1070/1070
f 1067/1067 1071/1071 1060/1060
f 1071/1071 1067/1067 1064/1064
f 1060/1060 1071/1071 1070/1070
f 1068/1068 1069/1069 1072/1072
f 1072/1072 1069/1069 1073/1073
f 1064/1064 1068/1068 1074/1074
f 1068/1068 1072/1072 1074/1074
f 1075/1075 1071/1071 1064/1064
f 1071/1071 1075/1075 1070/1070
f 1075/1075 1064/1064 1074/1074
f 1076/1076 985/985 1070/1070
f 1070/1070 1075/1075 1076/1076
f 1077/1077 1072/1072 1073/1073
f 1077/1077 1073/1073 1078/1078
f 1079/1079 985/985 1076/1076
f 985/985 1079/1079 979/979
f 1079/1079 980/980 979/979
f 980/980 1079/1079 1076/1076
f 1075/1075 980/980 1076/1076
f 1075/1075 1074/1074 980/980
f 1074/1074 988/988 980/980
f 1072/1072 1080/1080 1074/1074
f 1074/1074 1080/1080 988/988
f 1072/1072 1077/1077 1080/1080
f 1080/1080 983/983 988/988
f 1080/1080 1081/1081 983/983
f 1080/1080 1077/1077 1081/1081
f 1081/1081 1082/1082 983/983
f 1081/1081 1077/1077 1082/1082
f 993/993 983/983 1082/1082
f 1077/1077 1083/1083 1082/1082
f 1083/1083 1077/1077 1078/1078
f 1082/1082 1084/1084 993/993
f 1083/1083 1084/1084 1082/1082
f 999/999 993/993 1084/1084
f 1078/1078 1085/1085 1083/1083
f 1083/1083 1085/1085 1084/1084
f 1078/1078 1086/1086 1085/1085
f 999/999 1084/1084 1087/1087
f 1085/1085 1087/1087 1084/1084
f 1001/1001 999/999 1087/1087
f 1086/1086 1088/1088 1085/1085
f 1085/1085 1088/1088 1087/1087
f 1086/1086 1089/1089 1088/1088
f 1089/1089 1090/1090 1088/1088
f 1001/1001 1087/1087 1091/1091
f 1088/1088 1091/1091 1087/1087
f 1001/1001 1091/1091 1092/1092
f 1091/1091 1093/1093 1092/1092
f 1093/1093 1094/1094 1092/1092
f 1090/1090 1095/1095 1088/1088
f 1088/1088 1095/1095 1091/1091
f 1095/1095 1093/1093 1091/1091
f 1090/1090 1096/1096 1095/1095
f 1096/1096 1093/1093 1095/1095
f 1096/1096 1097/1097 1093/1093
f 1097/1097 1098/1098 1093/1093
f 1098/1098 1099/1099 1093/1093
f 1093/1093 1099/1099 1094/1094
f 1098/1098 1100/1100 1099/1099
f 1101/1101 1094/1094 1099/1099
f 1102/1102 1094/1094 1101/1101
f 1100/1100 1103/1103 1099/1099
f 1103/1103 1101/1101 1099/1099
f 1100/1100 1104/1104 1103/1103
f 1104/1104 1105/1105 1103/1103
f 1103/1103 1105/1105 1101/1101
f 1104/1104 1106/1106 1105/1105
f 1107/1107 1102/1102 1101/1101
f 1101/1101 1105/1105 1107/1107
f 1107/1107 1108/1108 1102/1102
f 1107/1107 1109/1109 1108/1108
f 1105/1105 1109/1109 1107/1107
f 1108/1108 1109/1109 1110/1110
f 1106/1106 1111/1111 1105/1105
f 1105/1105 1111/1111 1109/1109
f 1112/1112 1111/1111 1106/1106
f 1112/1112 1113/1113 1111/1111
f 1113/1113 1114/1114 1111/1111
f 1111/1111 1114/1114 1109/1109
f 1113/1113 1115/1115 1114/1114
f 1116/1116 1110/1110 1109/1109
f 1109/1109 1114/1114 1116/1116
f 1117/1117 1110/1110 1116/1116
f 1115/1115 1118/1118 1114/1114
f 1118/1118 1116/1116 1114/1114
f 1117/1117 1116/1116 1118/1118
f 1115/1115 1119/1119 1118/1118
f 1120/1120 1117/1117 1118/1118
f 1119/1119 1120/1120 1118/1118
