v -0.0317638954 -0.0550562194 -0.0529611832
v -0.0317638954 -0.0550024763 -0.0362000021
v 0.031763905 -0.0550024708 -0.0362000021
v 0.031763905 -0.0550350496 -0.0527069496
v 0.031763908 -0.0555498905 -0.0539768778
v -0.0317638895 -0.0559041945 -0.0543748145
v 0.0317639081 -0.0566828386 -0.0549091608
v -0.0317638894 -0.0569409311 -0.0550230965
v 0.0317638907 -0.0580018999 -0.0552173646
v -0.0317638863 -0.0585024622 -0.0551974168
v 0.0317639053 -0.0585024101 -0.055197964
v -0.031764055 -0.0599084159 -0.0553817197
v 0.0317641208 -0.0599833236 -0.0554148748
v 0.0317647059 -0.0609278302 -0.0561527733
v -0.0317648989 -0.061202669 -0.0564780785
v 0.0317650813 -0.061348788 -0.0570046948
v 0.0317652618 -0.061513376 -0.0581995002
v -0.0317653296 -0.0615089112 -0.0582010311
v -0.00268174834 -0.0615040076 -0.0585681642
v -0.0139296889 -0.0615022798 -0.0602213957
v -0.00996356273 -0.0637030878 -0.0613166601
v -0.0147943388 -0.0634900424 -0.0623258704
v -0.0202908927 -0.0615023851 -0.0627636793
v -0.0149246773 -0.0637504634 -0.0629009679
v -0.0196284501 -0.0636654574 -0.0646337401
v -0.0235533592 -0.0635322786 -0.0667201646
v -0.0280720186 -0.0615026419 -0.0676907948
v -0.0262685734 -0.0637403014 -0.0691718655
v -0.0281364805 -0.0636550448 -0.0703789061
v -0.032677071 -0.0637432414 -0.0753762433
v -0.0225085447 -0.0637524897 -0.0695293129
v -0.0127355905 -0.0637524889 -0.0646963774
v -0.0291312698 -0.0637524787 -0.0752888969
v -0.0326303826 -0.063752479 -0.079564366
v -0.00280055289 -0.063752488 -0.0627285975
v 0.0152199774 -0.0637517414 -0.0629118353
v 0.00455411003 -0.0637524757 -0.0629601011
v 0.013130612 -0.0637524866 -0.0648249872
v -0.0365750314 -0.063752491 -0.0862927933
v -0.0327919583 -0.0635230477 -0.0748565712
v -0.0358583961 -0.0637098596 -0.0794321124
v -0.0347766826 -0.0615054248 -0.0744838326
v -0.0370350991 -0.0614685155 -0.0776482513
v -0.0386220291 -0.0611784029 -0.0582013978
v -0.0394042264 -0.0637482653 -0.0868953124
v -0.0391861659 -0.0637524796 -0.0946723099
v -0.041720414 -0.0637348487 -0.0949025329
v -0.0400088992 -0.0637518917 -0.101519446
v -0.0412235184 -0.0637481316 -0.101521786
v -0.0424289089 -0.0637046739 -0.101514871
v -0.0381701949 -0.0634791945 -0.0828929944
v -0.0402791518 -0.0608171837 -0.0779937778
v -0.0431029365 -0.059673549 -0.0582003035
v -0.040316783 -0.0614086376 -0.0839012093
v -0.0405217058 -0.0634564413 -0.0884904235
v -0.0426764166 -0.0634082514 -0.0982779078
v -0.0429009818 -0.0633306897 -0.101510098
v -0.0411276797 -0.0614948199 -0.0865268114
v -0.0419679304 -0.0634120348 -0.0935903343
v -0.0425896235 -0.059895 -0.0785603304
v -0.0434525315 -0.0615000879 -0.0971671834
v -0.043702679 -0.0615197039 -0.10151657
v -0.0429053213 -0.0614956001 -0.0934190932
v -0.0433291314 -0.0601587913 -0.0862323679
v -0.0451254665 -0.0586292338 -0.0851471617
v -0.0445618679 -0.0586143385 -0.0749373576
v -0.046006297 -0.0574322574 -0.0792380655
v -0.046492072 -0.0568496919 -0.0582287845
v -0.0479472258 -0.0547249902 -0.0790454214
v -0.0478672398 -0.0547640417 -0.0582021661
v -0.0487224153 -0.0524086105 -0.0582014443
v -0.0452746498 -0.0595928617 -0.0964475679
v -0.0468733176 -0.0566420419 -0.0839774788
v -0.0467755112 -0.0575514377 -0.0957630051
v -0.0467545332 -0.0572082977 -0.101533497
v -0.0476130963 -0.0557331526 -0.0982493395
v -0.047957456 -0.0530593605 -0.10152841
v -0.0481514358 -0.054751172 -0.0944694679
v -0.0485403505 -0.0526198054 -0.0962893362
v -0.0480316415 -0.0212500787 -0.101527001
v -0.0484252738 -0.0537090162 -0.0846518611
v -0.0487359457 -0.0521222114 -0.0885097194
v 0.0400061309 -0.0637515238 -0.101521087
v 0.0390992148 -0.0637524727 -0.0942589249
v 0.0412235354 -0.0637488404 -0.101520633
v 0.0415913816 -0.0637388344 -0.0942200422
v 0.0375631641 -0.0637524728 -0.0889519404
v 0.0399185924 -0.0637439045 -0.0882517314
v 0.035310516 -0.063752473 -0.0839072454
v 0.0422999057 -0.0637294746 -0.101514685
v 0.0323842452 -0.0637524733 -0.0792210514
v 0.0332710389 -0.0637303252 -0.075886905
v 0.0288401728 -0.0637524736 -0.074982777
v 0.0229700612 -0.0637524858 -0.0698472082
v 0.0426551295 -0.0634073766 -0.0980351586
v 0.0428353666 -0.0634243674 -0.10151373
v 0.0436348138 -0.0614915005 -0.101500284
v 0.0418576496 -0.063418832 -0.0930884446
v 0.0431521122 -0.0614405805 -0.0944798056
v 0.0447452063 -0.0601293538 -0.0957630866
v 0.0451969326 -0.0597629307 -0.101505523
v 0.0464867065 -0.0578940631 -0.0940096215
v 0.0469566838 -0.0568172271 -0.10151685
v 0.0454712972 -0.0585780556 -0.087615801
v 0.0436298951 -0.0595749143 -0.0827503274
v 0.0418397273 -0.0614947312 -0.0889080344
v 0.0457543028 -0.0577827817 -0.0810218859
v 0.0474150604 -0.0564085104 -0.0933961826
v 0.0402465955 -0.0634194433 -0.0876166974
v 0.0404986869 -0.0614954589 -0.0848490046
v 0.0381530755 -0.0635512955 -0.0830383447
v 0.0358352639 -0.0637080373 -0.0794038584
v 0.0390139608 -0.0614927989 -0.0813734485
v 0.0482942549 -0.0540428054 -0.0960209174
v 0.0479375 -0.0531099171 -0.101524184
v 0.0486902735 -0.0522482748 -0.0947309018
v 0.0480303237 -0.0516625778 -0.101527188
v 0.0480316511 -0.0212485802 -0.101527013
v 0.0487505794 -0.0514611268 -0.0754396839
v 0.0487499246 -0.0514617555 -0.0581996457
v 0.048608873 -0.0527880461 -0.0581979984
v 0.0482969383 -0.0542330921 -0.0876810402
v 0.0485029991 -0.0532631836 -0.0765840115
v 0.047744114 -0.0550333311 -0.0582017179
v 0.0475677244 -0.0553647015 -0.0785416225
v 0.0467069147 -0.0565815502 -0.0777189503
v 0.0456423636 -0.0577520365 -0.058220292
v 0.0449509615 -0.0583653415 -0.0765347155
v 0.0424053165 -0.0599383223 -0.058199995
v 0.0424480846 -0.0599344282 -0.077215198
v 0.0384387468 -0.0612590428 -0.0582047156
v 0.0416707213 -0.0603885004 -0.0795002503
v 0.0389832737 -0.0611120684 -0.0767184247
v 0.0365879848 -0.061492316 -0.0769879029
v 0.0329297788 -0.0615183584 -0.0723046716
v 0.0312821646 -0.0636380488 -0.0734236208
v 0.0279351892 -0.0637039401 -0.070299604
v 0.0252815978 -0.0615027478 -0.0656486314
v 0.0245314875 -0.063716816 -0.06769108
v 0.0204357913 -0.0635705405 -0.064901053
v 0.0161935309 -0.0615024401 -0.0609270763
v 0.0149614364 -0.0635519436 -0.0624630076
v 0.00932911163 -0.0615027026 -0.0592716562
v 0.00840781041 -0.0635474738 -0.0608131057
v 0.00169593213 -0.0634785507 -0.0600902655
v 0.000869637843 -0.0636677141 -0.0604338944
v -0.00502928042 -0.0634950474 -0.0603189925
v 0.0317638954 0.0549974937 -0.0362000021
v -0.031763905 0.0549974882 -0.0362000021
v 0.0317638954 0.0550635711 -0.0529569283
v -0.031763905 0.0550344675 -0.0528122298
v -0.0317639051 0.0556878543 -0.0542106864
v 0.0317638895 0.0558299972 -0.0543035276
v -0.0317638993 0.0569350815 -0.0550227938
v 0.0317638952 0.0572357355 -0.055126549
v -0.0317638966 0.0584974683 -0.0551999954
v 0.0317638951 0.0584982596 -0.0551603211
v -0.031764083 0.0599812688 -0.0554250902
v 0.0317641132 0.059919388 -0.0554273953
v 0.0317645497 0.0607245571 -0.0559294305
v -0.0317648892 0.0611738856 -0.0564604939
v 0.0317650939 0.0613563489 -0.0569577503
v -0.0317651949 0.0614986844 -0.0581999659
v 0.0317652103 0.0614974152 -0.0582000066
v -0.00268176965 0.0614990245 -0.0585681642
v 0.00920786232 0.0614976751 -0.0592574303
v -0.0152904812 0.0614969221 -0.060593884
v 0.0148818862 0.0614973147 -0.060550723
v 0.00169584537 0.0634735743 -0.0600902713
v 0.00843358093 0.0635417418 -0.0608155853
v -0.0100179267 0.0635356517 -0.0611374504
v -0.00502930243 0.0634900523 -0.0603189925
v -0.00487256049 0.0636717417 -0.06061811
v -0.0140102374 0.0637421372 -0.0626211287
v 0.00452206612 0.0637021851 -0.0608506962
v 0.0130056479 0.063725172 -0.0621407293
v -0.0147156735 0.0635590973 -0.0623833505
v -0.0203400338 0.0636036432 -0.0648884859
v -0.0238253061 0.06149755 -0.0647554465
v 0.00145582814 0.0637474937 -0.0626456516
v 0.0121972439 0.0637474946 -0.0645141874
v -0.00862975187 0.0637474928 -0.0635709381
v -0.0156180349 0.0637474922 -0.0658750534
v -0.0225459921 0.0637404485 -0.066558359
v -0.0205431815 0.0637474918 -0.0683783263
v -0.0250764247 0.0637474914 -0.0715363538
v -0.0330662934 0.0637396384 -0.0758555834
v -0.0291312809 0.063747491 -0.0752888969
v -0.0326303937 0.0637474907 -0.079564366
v -0.0384125798 0.0637415588 -0.0845361094
v -0.0355070134 0.0637474904 -0.0842811947
v -0.0387504491 0.0637474902 -0.0924368273
v -0.0260157188 0.0636680844 -0.0686658663
v -0.030756264 0.061497497 -0.0700850331
v -0.0304376558 0.0635780193 -0.0724177517
v -0.0363634691 0.0614908841 -0.0766171899
v -0.0388442505 0.0611597289 -0.0582017645
v -0.0337246395 0.0634092284 -0.0758660724
v -0.0358665185 0.0636205395 -0.0792363891
v -0.039689545 0.0609480217 -0.0767675403
v -0.043239732 0.0595461248 -0.0582007517
v -0.0396620216 0.0614826125 -0.0827188778
v -0.0383185802 0.0634887397 -0.0832307443
v -0.0400872433 0.06357693 -0.0876690145
v -0.0423513872 0.0614731012 -0.0906367495
v -0.0419735961 0.0605007189 -0.0824837654
v -0.0424998195 0.0599024664 -0.0771807798
v -0.0441942998 0.0589296416 -0.0790000893
v -0.0463724215 0.0569780084 -0.0582286681
v -0.0413797444 0.0637262732 -0.0932155352
v -0.0440041179 0.0595634357 -0.0852778263
v -0.0456464615 0.0577680028 -0.0789627316
v -0.0412293649 0.0634038843 -0.0906185945
v -0.0473240352 0.0558185874 -0.07942128
v -0.0480486186 0.0544288037 -0.0582004956
v -0.0484212261 0.0535917601 -0.0792627456
v -0.048741502 0.0520537099 -0.0582011766
v -0.0453332083 0.0589748514 -0.0901371299
v -0.0421899455 0.0633756069 -0.0946970948
v -0.0474150517 0.056403522 -0.0933959964
v -0.0486953114 0.0525692784 -0.0881478598
v -0.0480316249 0.0212477944 -0.101527129
v -0.0434427256 0.061521978 -0.0973570626
v -0.0426850919 0.0634045477 -0.0983888283
v -0.0464151606 0.0581157819 -0.0962222519
v -0.0482645195 0.0541133997 -0.0962833466
v -0.0485776067 0.0520771036 -0.0962806982
v -0.047906001 0.0534770619 -0.101528224
v -0.0469683399 0.0567334663 -0.101509236
v -0.0449211593 0.0601216005 -0.101509527
v -0.0436530357 0.0614819603 -0.101518549
v -0.042858411 0.0633842216 -0.101515674
v -0.0423773975 0.0637363023 -0.101501937
v -0.0412235965 0.0637426704 -0.101524114
v -0.0399945389 0.0637469254 -0.10152047
v 0.0487635682 0.0514573984 -0.0746088161
v 0.0487615571 0.0514572121 -0.0582001987
v 0.0484217872 0.0535142068 -0.0582008273
v 0.0484465313 0.0536162798 -0.0843553105
v 0.0478843965 0.0548249385 -0.0766091398
v 0.0469636268 0.05623648 -0.0582201115
v 0.0456960036 0.0577401352 -0.0793970423
v 0.0450628148 0.0582262215 -0.058215746
v 0.048658902 0.0524314512 -0.0947362161
v 0.0480316444 0.0212492987 -0.101527141
v 0.0480232249 0.0523397042 -0.101526745
v 0.0482735235 0.054062814 -0.0962217513
v 0.0473710689 0.0556468539 -0.101518817
v 0.0474899958 0.0562748273 -0.095600565
v 0.0461634925 0.0582825491 -0.101513532
v 0.0474256938 0.0558630838 -0.0841771427
v 0.0459493436 0.0587258528 -0.0955853495
v 0.0436344276 0.0615943203 -0.101526664
v 0.0435793255 0.0593242157 -0.0785509765
v 0.0425500859 0.0598621708 -0.0582006352
v 0.0452018466 0.0588398233 -0.0879171013
v 0.0434984312 0.0615223116 -0.0978154712
v 0.0414727872 0.060370312 -0.0776065339
v 0.0389249418 0.0611477973 -0.0582020555
v 0.0433255895 0.0601611604 -0.0862835092
v 0.0399779213 0.0614735042 -0.0835112995
v 0.0426595393 0.0633719415 -0.0977934222
v 0.0428312461 0.0634215519 -0.101517502
v 0.0417725855 0.0637384808 -0.0953857729
v 0.0423001623 0.063725518 -0.101514498
v 0.0412236058 0.0637433702 -0.101523392
v 0.0400150255 0.0637463445 -0.101510354
v 0.0390992037 0.063747497 -0.0942589249
v 0.0399340878 0.0637193886 -0.08790805
v 0.037563153 0.0637474968 -0.0889519404
v 0.0353105049 0.0637474966 -0.0839072454
v 0.0427612719 0.0615007049 -0.0927198387
v 0.0417298465 0.0634748933 -0.092819368
v 0.0413473845 0.0614811761 -0.0872970792
v 0.0405172093 0.0634434552 -0.0884458481
v 0.0367549309 0.0637348832 -0.0812184182
v 0.032384234 0.0637474964 -0.0792210514
v 0.0327596298 0.0637241668 -0.0752386521
v 0.0288401616 0.0637474961 -0.074982777
v 0.0221569763 0.0637474955 -0.0692934555
v 0.0389295109 0.0634517322 -0.0845202478
v 0.0365930874 0.0634959058 -0.0800829264
v 0.0371553096 0.0614653956 -0.077769655
v 0.0337620212 0.0615047728 -0.0732677814
v 0.0396432971 0.060964094 -0.0776401313
v 0.0287722306 0.0614974848 -0.0684008584
v 0.0302517818 0.0636010923 -0.0722671277
v 0.0268140228 0.0636349688 -0.0692893751
v 0.0219887229 0.0614976122 -0.0636202807
v 0.0228333566 0.0637384908 -0.0667648099
v 0.0232134366 0.0635226452 -0.0664971652
v 0.0191777569 0.0637188047 -0.0645033608
v 0.0162553452 0.0635767719 -0.0629903865
v -0.0480316415 -0.0212500787 -0.101527001
v -0.0400088992 -0.0637518917 -0.101519446
v -0.0400042259 -0.021250078 -0.101519772
v -0.0412235184 -0.0637481316 -0.101521786
v -0.0429009818 -0.0633306897 -0.101510098
v -0.0424289089 -0.0637046739 -0.101514871
v -0.043702679 -0.0615197039 -0.10151657
v -0.047957456 -0.0530593605 -0.10152841
v -0.0467545332 -0.0572082977 -0.101533497
v -0.0412235965 0.0637426704 -0.101524114
v -0.0423773975 0.0637363023 -0.101501937
v -0.042858411 0.0633842216 -0.101515674
v -0.0436530357 0.0614819603 -0.101518549
v -0.0480316249 0.0212477944 -0.101527129
v -0.0399992092 0.0212477951 -0.101520133
v -0.0399945389 0.0637469254 -0.10152047
v -0.047906001 0.0534770619 -0.101528224
v -0.0449211593 0.0601216005 -0.101509527
v -0.0469683399 0.0567334663 -0.101509236
v 0.0400091279 -0.0222524724 -0.101517478
v 0.0400061309 -0.0637515238 -0.101521087
v 0.0480316511 -0.0212485802 -0.101527013
v 0.0412235354 -0.0637488404 -0.101520633
v 0.0422999057 -0.0637294746 -0.101514685
v 0.0436348138 -0.0614915005 -0.101500284
v 0.0428353666 -0.0634243674 -0.10151373
v 0.0480303237 -0.0516625778 -0.101527188
v 0.0479375 -0.0531099171 -0.101524184
v 0.0451969326 -0.0597629307 -0.101505523
v 0.0469566838 -0.0568172271 -0.10151685
v 0.0428312461 0.0634215519 -0.101517502
v 0.0423001623 0.063725518 -0.101514498
v 0.0412236058 0.0637433702 -0.101523392
v 0.0480316444 0.0212492987 -0.101527141
v 0.0436344276 0.0615943203 -0.101526664
v 0.0400120723 0.021249298 -0.101513916
v 0.0400150255 0.0637463445 -0.101510354
v 0.0480232249 0.0523397042 -0.101526745
v 0.0461634925 0.0582825491 -0.101513532
v 0.0473710689 0.0556468539 -0.101518817
v 0.0399821457 -0.0222524724 -0.10389504
v 0.0400061309 -0.0637515238 -0.101521087
v 0.0400091279 -0.0222524724 -0.101517478
v 0.0400700138 -0.0636936072 -0.103799102
v 0.0398893635 -0.0644524721 -0.0997269293
v 0.0390992148 -0.0637524727 -0.0942589249
v 0.0399185343 -0.0644524721 -0.105251651
v 0.0390992149 -0.0644524722 -0.0942589249
v 0.0396029323 -0.0636651262 -0.108724739
v 0.0375631641 -0.0637524728 -0.0889519404
v 0.0375631642 -0.0644524724 -0.0889519404
v 0.035310516 -0.063752473 -0.0839072454
v 0.0391861771 -0.0644524722 -0.1107277
v 0.038801471 -0.0637102547 -0.112586119
v 0.037706256 -0.0637524321 -0.116050593
v 0.0367160594 -0.0644558834 -0.11873839
v 0.0351190215 -0.0637176532 -0.121933478
v 0.0337386822 -0.0644524727 -0.0810521073
v 0.0323842452 -0.0637524733 -0.0792210514
v 0.0288401728 -0.0637524736 -0.074982777
v 0.0288401728 -0.0644524731 -0.074982777
v 0.0229700612 -0.0637524858 -0.0698472082
v 0.0221569831 -0.0644524737 -0.0692934555
v 0.013130612 -0.0637524866 -0.0648249872
v 0.0121972551 -0.0644524746 -0.0645141874
v 0.00455411003 -0.0637524757 -0.0629601011
v 0.00145583662 -0.0644524755 -0.0626456516
v -0.00280055289 -0.063752488 -0.0627285975
v -0.00862973921 -0.0644524764 -0.0635709381
v -0.0127355905 -0.0637524889 -0.0646963774
v -0.0156180236 -0.064452477 -0.0658750534
v -0.0225085447 -0.0637524897 -0.0695293129
v -0.0205431703 -0.0644524774 -0.0683783263
v -0.0250764135 -0.0644524778 -0.0715363538
v -0.0291312698 -0.0637524787 -0.0752888969
v -0.0291312697 -0.0644524782 -0.0752888969
v -0.0326303826 -0.063752479 -0.079564366
v -0.0326303825 -0.0644524785 -0.079564366
v -0.0365750314 -0.063752491 -0.0862927933
v -0.0355070022 -0.0644524787 -0.0842811947
v -0.0387504379 -0.064452479 -0.0924368273
v -0.0391861659 -0.0637524796 -0.0946723099
v -0.0400088992 -0.0637518917 -0.101519446
v -0.039918523 -0.0644524791 -0.100148353
v -0.0400652384 -0.0636401971 -0.103752641
v -0.0396587568 -0.0644524616 -0.108666893
v -0.0399820342 -0.021250078 -0.103894598
v -0.0400042259 -0.021250078 -0.101519772
v -0.0398505423 -0.0636710762 -0.107016123
v -0.0388419142 -0.0636983406 -0.112503814
v -0.0375631529 -0.0644524789 -0.116448069
v -0.037563153 -0.0637524387 -0.116448069
v -0.0351113619 -0.0637178864 -0.121952104
v -0.0339374676 -0.0644492132 -0.123993098
v -0.0322929819 -0.0636659824 -0.126411743
v -0.0271983301 -0.064451017 -0.1321516
v -0.0288357146 -0.063706384 -0.13055508
v -0.0249745647 -0.0636756558 -0.134019123
v -0.0201795616 -0.0644524774 -0.137236726
v -0.0204510553 -0.0637143694 -0.137132301
v -0.0152282536 -0.0637524367 -0.139687851
v -0.0152282535 -0.064452477 -0.139687851
v -0.00998643173 -0.0644524765 -0.141433335
v -0.0104178997 -0.0637139843 -0.141366757
v -0.00486261295 -0.0636761081 -0.142462761
v -0.00455409882 -0.064452476 -0.142439909
v 0.0418650658 0.0637027646 -0.103799626
v 0.0400617838 0.063636885 -0.103761698
v 0.0397315135 0.0636953895 -0.10793769
v 0.0404002409 0.063732497 -0.112842198
v 0.0388377174 0.0637059018 -0.112525548
v 0.0377062449 0.0637516529 -0.116050593
v 0.0351223108 0.0637186722 -0.121935119
v 0.0435698198 0.0633374768 -0.103939406
v 0.0358733438 0.0637438296 -0.123315817
v 0.0323738381 0.0636894284 -0.126328913
v 0.0304914868 0.0637175367 -0.130923756
v 0.0290435945 0.0636789275 -0.130304776
v 0.0252236003 0.0636858131 -0.133833825
v 0.025599162 0.0636971578 -0.135636982
v 0.0204660612 0.0637149514 -0.137128099
v 0.0130982577 0.0637387985 -0.142027461
v 0.0156180237 0.0637516509 -0.139524962
v 0.010421852 0.0637181636 -0.141373917
v 0.00391308774 0.0637270921 -0.144061691
v 0.00533229675 0.0636652699 -0.142409839
v 0.000438350325 0.0636792451 -0.142772275
v -0.00485472713 0.0637361601 -0.143983448
v -0.00468890041 0.0636786626 -0.142492598
v -0.0104173222 0.0637169918 -0.141374138
v -0.0152282647 0.0637516482 -0.139687851
v -0.0194540638 0.0637329574 -0.139391073
v -0.020450966 0.0637206115 -0.137138332
v -0.0248426074 0.0636785444 -0.134135527
v -0.0289114772 0.0637014837 -0.132738869
v -0.0286636639 0.0636975198 -0.130707503
v -0.0351712775 0.0637342832 -0.124898704
v -0.0321385157 0.0636674727 -0.126621383
v -0.035112089 0.0637163727 -0.121950381
v -0.0375631641 0.0637516463 -0.116448069
v -0.0407713725 0.0637268961 -0.111905031
v -0.0388407379 0.0637077867 -0.112523919
v -0.0398540692 0.0636568782 -0.107001711
v -0.040084461 0.0637176062 -0.103806623
v -0.0429109609 0.0634691233 -0.103779801
v -0.0420282068 0.0634871969 -0.110382843
v -0.0444442234 0.0628258528 -0.103911012
v -0.0396461864 0.0635154511 -0.11755462
v -0.0440007334 0.0626874234 -0.107853825
v -0.0456965058 0.0616799767 -0.103918975
v -0.0430825745 0.0626063984 -0.112162577
v -0.0453721378 0.0610720152 -0.108365947
v -0.0465755927 0.060120803 -0.103822968
v -0.0460526172 0.0591502776 -0.108823727
v -0.0472446576 0.0582077965 -0.103923515
v -0.0446777466 0.0608456922 -0.111409859
v -0.0468805539 0.0559683906 -0.107640016
v -0.0476569771 0.0547926249 -0.103932607
v -0.0475760626 0.0212477944 -0.103791745
v -0.0462521992 0.0212516988 -0.110353704
v -0.0456258907 0.0560338685 -0.112116733
v -0.0432097779 0.0212517005 -0.11807878
v -0.0443130696 0.0593622002 -0.114397332
v -0.0431329182 0.0610817477 -0.115547492
v -0.0442820127 0.0568192413 -0.115424243
v -0.0419857758 0.0566538387 -0.120194489
v -0.0396716721 0.0576004468 -0.124171237
v -0.0385496522 0.0212516908 -0.126013823
v -0.0414612028 0.0597909173 -0.120395201
v -0.0416151972 0.0626867601 -0.11603639
v -0.0373103648 0.0576028393 -0.127663615
v -0.034064036 0.0212516911 -0.131882844
v -0.0407985611 0.061542706 -0.120101019
v -0.0395858628 0.062924102 -0.11999883
v -0.0378099381 0.0600470022 -0.126429461
v -0.0387510338 0.061442071 -0.123913051
v -0.0375017608 0.062981751 -0.123737438
v -0.0360795205 0.0619469703 -0.127451087
v -0.0335990914 0.0634003459 -0.1284995
v -0.0342244946 0.0597256613 -0.131137774
v -0.0333019528 0.0621632353 -0.130755093
v -0.0299847652 0.0627691482 -0.13353494
v -0.0349620057 0.0561481195 -0.130740611
v -0.0318759462 0.0570293081 -0.13408357
v -0.0274941315 0.0212516917 -0.138104125
v -0.030890226 0.060657217 -0.134270918
v -0.0247104469 0.063485522 -0.136867759
v -0.0285835521 0.056842974 -0.137094525
v -0.0268857719 0.062744352 -0.136284856
v -0.0250128817 0.0565202245 -0.139799493
v -0.0204501023 0.0212517185 -0.14263473
v -0.0279283757 0.0603694503 -0.136999378
v -0.0235263953 0.0627197072 -0.138743781
v -0.0241333963 0.060512752 -0.139678316
v -0.0212950943 0.0563964462 -0.14207639
v -0.0196457197 0.0632702996 -0.140341162
v -0.0199774538 0.062318971 -0.141158374
v -0.0159971762 0.0633258184 -0.142012432
v -0.017449819 0.0553274745 -0.143975264
v -0.0140688721 0.0212516987 -0.145273283
v -0.0210133579 0.0596661859 -0.141780288
v -0.0170024237 0.0594479366 -0.143733644
v -0.0133007551 0.0554221205 -0.145485695
v -0.00790148664 0.0212516934 -0.146853179
v -0.0156561534 0.0620220716 -0.143306132
v -0.012078606 0.0635303896 -0.143052801
v -0.0127200541 0.0597636088 -0.14514412
v -0.0123157497 0.0623054617 -0.144266733
v -0.00908767881 0.0554100602 -0.146549463
v -0.00601945002 0.0633622689 -0.144686981
v -0.00476943835 0.0554406196 -0.147196942
v 0.00200167684 0.0212516987 -0.147511123
v -0.00891195678 0.0594165401 -0.146173046
v -0.00817493964 0.0622774351 -0.145286496
v 2.51729389e-05 0.0632502197 -0.145234214
v -0.00440719752 0.0595022222 -0.14681922
v -0.00406770886 0.0622812771 -0.145863753
v -0.000276000003 0.0550117518 -0.147443439
v -0.000219485777 0.0597024162 -0.146976695
v 3.70644791e-05 0.0620229519 -0.146180543
v 0.00398685869 0.0594483285 -0.146870583
v 0.0039097812 0.0552112647 -0.147286174
v 0.00881975021 0.0550750767 -0.14662781
v 0.0119039035 0.0212516937 -0.145981053
v 0.00420107609 0.0622844735 -0.145849481
v 0.0139732187 0.0540272752 -0.145306182
v 0.0200595513 0.0212516988 -0.1428394
v 0.00836514434 0.0595582715 -0.146250974
v 0.00411053654 0.0632520769 -0.145001407
v 0.0129058993 0.0591340311 -0.145264191
v 0.0083119001 0.0622818079 -0.145257078
v 0.00820283921 0.0635274693 -0.144024368
v 0.0175231786 0.0553680483 -0.143945566
v 0.0129752301 0.0622347125 -0.1441236
v 0.0121335676 0.0633307336 -0.143327774
v 0.0160694212 0.063325763 -0.141982571
v 0.0171012135 0.059439028 -0.143685646
v 0.0218202997 0.0539843361 -0.14184952
v 0.0254780239 0.0212516964 -0.139535672
v 0.0209638274 0.0588667539 -0.141978019
v 0.0252048028 0.056643146 -0.139667746
v 0.0305323785 0.0212516997 -0.135508191
v 0.0164154252 0.0620168124 -0.142983731
v 0.0216216681 0.0635932975 -0.138666236
v 0.0204552464 0.0615062559 -0.141386921
v 0.0197264936 0.0630564888 -0.140628114
v 0.0234869545 0.0627226682 -0.138767506
v 0.0244382658 0.0603297048 -0.139558234
v 0.0286543547 0.0568571118 -0.137034478
v 0.0268478416 0.0627487397 -0.136311643
v 0.0319288237 0.0572413059 -0.134013558
v 0.0373347236 0.0212517032 -0.127868424
v 0.0280111248 0.0605710865 -0.136840018
v 0.0295634704 0.0633118118 -0.133113505
v 0.0303482029 0.0622118966 -0.133742788
v 0.0310272915 0.059992491 -0.134400756
v 0.0326127719 0.0630345631 -0.130441459
v 0.0350795316 0.0572828956 -0.130566524
v 0.0341261189 0.0607700001 -0.130810693
v 0.0355160594 0.0635199629 -0.12543645
v 0.0374237986 0.0576035036 -0.127514615
v 0.0359994101 0.062222683 -0.127284776
v 0.0368336891 0.0599241964 -0.127795734
v 0.0396861179 0.0575290387 -0.124154426
v 0.0392584398 0.0603828264 -0.123934762
v 0.0418603399 0.0574288635 -0.120399357
v 0.0433485878 0.0212517445 -0.117715786
v 0.0401567234 0.0635296432 -0.116317556
v 0.038018596 0.062375228 -0.123986742
v 0.039322043 0.0629743421 -0.120410696
v 0.0406766984 0.0616940065 -0.120114605
v 0.0414885933 0.0627545502 -0.116175972
v 0.0427373659 0.062829219 -0.112325046
v 0.0414462096 0.0600524108 -0.120251637
v 0.044423884 0.0561585689 -0.115211832
v 0.0463373853 0.0212517316 -0.110131747
v 0.0442469642 0.0625141644 -0.107838365
v 0.04520556 0.0622326548 -0.103916996
v 0.0444576935 0.0611844104 -0.111556053
v 0.0431026395 0.0611005098 -0.11558804
v 0.0439936243 0.059276567 -0.11517565
v 0.0453929305 0.0611334264 -0.107848004
v 0.0468399644 0.0597244635 -0.103930989
v 0.0458940957 0.0592605775 -0.109461369
v 0.0456427175 0.0561695411 -0.111992599
v 0.0468812718 0.0559164543 -0.107657141
v 0.0476505472 0.0552342199 -0.103933888
v 0.0475345365 0.0212492987 -0.103740604
v -0.0475760626 0.0212477944 -0.103791745
v -0.0476569771 0.0547926249 -0.103932607
v -0.0399820525 0.0212477951 -0.103894819
v -0.0465755927 0.060120803 -0.103822968
v -0.0472446576 0.0582077965 -0.103923515
v -0.0456965058 0.0616799767 -0.103918975
v -0.0429109609 0.0634691233 -0.103779801
v -0.040084461 0.0637176062 -0.103806623
v -0.0444442234 0.0628258528 -0.103911012
v 0.0399821419 0.021249298 -0.10389504
v 0.0476505472 0.0552342199 -0.103933888
v 0.0475345365 0.0212492987 -0.103740604
v 0.0468399644 0.0597244635 -0.103930989
v 0.04520556 0.0622326548 -0.103916996
v 0.0418650658 0.0637027646 -0.103799626
v 0.0435698198 0.0633374768 -0.103939406
v 0.0400617838 0.063636885 -0.103761698
v 0.0476470062 -0.0553830834 -0.103930966
v 0.047150888 -0.0585308199 -0.1039344
v 0.0465423474 -0.0603059382 -0.103924947
v 0.0399821457 -0.0222524724 -0.10389504
v 0.0475761587 -0.0212485802 -0.103791663
v 0.0450396325 -0.0624229801 -0.1039205
v 0.0432146565 -0.0633897979 -0.103813864
v 0.0400700138 -0.0636936072 -0.103799102
v 0.0417008528 -0.0637433397 -0.103813852
v -0.0461034598 -0.0611074018 -0.103925006
v -0.0471226092 -0.058734782 -0.103929674
v -0.0476572353 -0.0548394264 -0.103934191
v -0.0399820342 -0.021250078 -0.103894598
v -0.0475344113 -0.0212500787 -0.103740662
v -0.0447317234 -0.0626145261 -0.103833433
v -0.043421594 -0.0632769408 -0.10377072
v -0.0400652384 -0.0636401971 -0.103752641
v -0.0418781713 -0.0637303667 -0.10377072
v -0.0398505423 -0.0636710762 -0.107016123
v -0.0418781713 -0.0637303667 -0.10377072
v -0.0400652384 -0.0636401971 -0.103752641
v -0.0388419142 -0.0636983406 -0.112503814
v -0.0411657153 -0.063726426 -0.109787262
v -0.043421594 -0.0632769408 -0.10377072
v -0.037563153 -0.0637524387 -0.116448069
v -0.0423586494 -0.0634148055 -0.109591521
v -0.0447317234 -0.0626145261 -0.103833433
v -0.0388474148 -0.063741001 -0.117177272
v -0.0351113619 -0.0637178864 -0.121952104
v -0.0322929819 -0.0636659824 -0.126411743
v -0.0327585413 -0.0637358491 -0.128235645
v -0.0288357146 -0.063706384 -0.13055508
v -0.0249745647 -0.0636756558 -0.134019123
v -0.0396798251 -0.0635064183 -0.117552653
v -0.0277241083 -0.0636892534 -0.133777352
v -0.0204510553 -0.0637143694 -0.137132301
v -0.0192471651 -0.0637440901 -0.13947594
v -0.0152282536 -0.0637524367 -0.139687851
v -0.0104178997 -0.0637139843 -0.141366757
v -0.00390716839 -0.0637245193 -0.144070771
v -0.00486261295 -0.0636761081 -0.142462761
v 0.000242018924 -0.0636823883 -0.142775767
v -0.036754049 -0.0635011037 -0.12342626
v 0.00313178036 -0.0637151647 -0.144186453
v 0.00507629167 -0.0636706997 -0.142446964
v 0.0134185231 -0.0637448265 -0.141904876
v 0.0103964177 -0.0637110139 -0.141382508
v 0.0156180349 -0.063752434 -0.139524962
v 0.0204627094 -0.0637085101 -0.137119985
v 0.0244318069 -0.0637377533 -0.13611227
v 0.0249076225 -0.0636863209 -0.134086923
v 0.0288369073 -0.0636814428 -0.130520924
v 0.0326038947 -0.0637349469 -0.128394016
v 0.0323268233 -0.0636951038 -0.126404595
v 0.0351190215 -0.0637176532 -0.121933478
v 0.0395752196 -0.0637357263 -0.115398027
v 0.037706256 -0.0637524321 -0.116050593
v 0.038801471 -0.0637102547 -0.112586119
v 0.0417008528 -0.0637433397 -0.103813852
v 0.0396029323 -0.0636651262 -0.108724739
v 0.0400700138 -0.0636936072 -0.103799102
v 0.0419996385 -0.0635137512 -0.110217463
v 0.0432146565 -0.0633897979 -0.103813864
v 0.0437989769 -0.0628152824 -0.107925758
v 0.0450396325 -0.0624229801 -0.1039205
v 0.0448607748 -0.0618074981 -0.108202384
v 0.0465423474 -0.0603059382 -0.103924947
v 0.043082656 -0.0626071144 -0.112162577
v 0.0407539043 -0.0632639473 -0.116124155
v 0.0377473011 -0.0635840257 -0.121243321
v 0.0454442163 -0.0606523321 -0.108886498
v 0.0458641204 -0.0591238629 -0.109725527
v 0.047150888 -0.0585308199 -0.1039344
v 0.0436423138 -0.0610554145 -0.114275503
v 0.0420284774 -0.0622007959 -0.116225728
v 0.039585953 -0.0629248179 -0.11999883
v 0.0407985989 -0.0615434162 -0.120101031
v 0.039016583 -0.0609528065 -0.123974041
v 0.037501851 -0.0629824728 -0.123737426
v 0.043757265 -0.0595219977 -0.115630729
v 0.0348029073 -0.0633286689 -0.127004029
v 0.0360795671 -0.0619476513 -0.127451133
v 0.0326884092 -0.0630349649 -0.130353065
v 0.0414540694 -0.059773781 -0.120413234
v 0.0278766177 -0.0635328329 -0.134222978
v 0.0218471466 -0.0636004649 -0.138510251
v 0.0338599401 -0.0608569971 -0.131057063
v 0.0299847332 -0.0627698583 -0.133535045
v 0.0268858767 -0.0627450971 -0.13628481
v 0.0368021335 -0.0599472751 -0.127828843
v 0.0309639547 -0.0604466741 -0.134313898
v 0.0342533042 -0.0572080694 -0.131537148
v 0.037210949 -0.0574400092 -0.127831753
v 0.0396569513 -0.0575235486 -0.124195428
v 0.0363615535 -0.0212524738 -0.129061996
v 0.041909774 -0.0566531169 -0.120341813
v 0.0409740217 -0.0212524647 -0.122180115
v 0.0309657266 -0.0212524758 -0.135100866
v 0.0444864234 -0.0563313214 -0.115048117
v 0.0457537466 -0.0212524206 -0.112117094
v 0.0316562705 -0.057245177 -0.134274841
v 0.0286155605 -0.0567212792 -0.137073523
v 0.0257053664 -0.0212524748 -0.13937531
v 0.0456073225 -0.0562171121 -0.112107222
v 0.0468512638 -0.0558946648 -0.107796944
v 0.0475761587 -0.0212485802 -0.103791663
v 0.0476470062 -0.0553830834 -0.103930966
v 0.0275896188 -0.060595913 -0.137166632
v 0.0251061536 -0.0565423317 -0.139736768
v 0.0205935405 -0.0212525014 -0.142562739
v 0.0235263415 -0.062720429 -0.138743874
v 0.0242198972 -0.0603509755 -0.139694207
v 0.021304003 -0.0563382909 -0.142079976
v 0.0174465798 -0.0554497222 -0.143975939
v 0.0124111892 -0.0212525021 -0.145839201
v 0.0198055987 -0.0630591571 -0.140583795
v 0.0202622653 -0.0615027366 -0.141489843
v 0.0208623992 -0.0594399444 -0.141887064
v 0.0172618421 -0.0594063647 -0.143634307
v 0.0133670755 -0.0554307876 -0.145467056
v 0.0159972199 -0.0633265693 -0.142012455
v 0.0156560967 -0.0620228341 -0.143306167
v 0.00873887374 -0.0550364428 -0.146644725
v 0.00475493402 -0.0212524766 -0.147249422
v 0.0127757151 -0.0595322275 -0.145193504
v 0.0123157511 -0.0623062184 -0.144266756
v 0.0120754227 -0.0633307955 -0.143346807
v 0.00815224531 -0.0635282246 -0.144034857
v 0.00390788455 -0.0551486792 -0.147281669
v -0.00299161434 -0.0212524758 -0.147420249
v 0.00849076399 -0.0596168211 -0.14621017
v 0.00817494255 -0.0622781743 -0.145286531
v 0.00408970889 -0.0632434498 -0.145014341
v 0.00398874192 -0.0595197311 -0.146854098
v -0.000551045645 -0.0551980804 -0.147441297
v -9.82668158e-07 -0.0632587238 -0.145225972
v 0.00406755752 -0.0622820106 -0.1458638
v -0.00479089493 -0.0553106777 -0.147201668
v -0.0119442167 -0.0212525043 -0.145978562
v -5.14554699e-06 -0.0595952384 -0.147008174
v -3.69864046e-05 -0.0620237435 -0.146180519
v -0.00439810053 -0.0595253721 -0.146812119
v -0.00420116813 -0.0622853058 -0.145849434
v -0.00411068024 -0.0632529034 -0.145001337
v -0.00923750294 -0.0552123013 -0.14652455
v -0.00901565351 -0.0595989296 -0.146115792
v -0.00831179096 -0.0622826112 -0.145257101
v -0.00983743983 -0.0636373248 -0.143365946
v -0.0126800099 -0.0591917906 -0.145330618
v -0.0137133317 -0.0540439983 -0.145383889
v -0.0174662952 -0.0554738174 -0.143972319
v -0.0202127888 -0.0212525006 -0.142747071
v -0.010254556 -0.0632576653 -0.143987697
v -0.0160694562 -0.0633265604 -0.141982525
v -0.0129752432 -0.0622355216 -0.144123565
v -0.0170238759 -0.0594418103 -0.143718196
v -0.0215394738 -0.0553820301 -0.141979626
v -0.0270396482 -0.0212524794 -0.13845613
v -0.0164153539 -0.0620176739 -0.14298372
v -0.0208447606 -0.0596166665 -0.141887122
v -0.0210904126 -0.0634022599 -0.139383087
v -0.0201027451 -0.0623237068 -0.141089573
v -0.0251919622 -0.0564930284 -0.139680633
v -0.0245729845 -0.0604672961 -0.139406929
v -0.028657073 -0.056868084 -0.137036981
v -0.0336544366 -0.02125248 -0.132339762
v -0.023486956 -0.0627235123 -0.138767436
v -0.0265857586 -0.0632835692 -0.135801814
v -0.0273761868 -0.0618267654 -0.13668118
v -0.0296833055 -0.0631119558 -0.133370189
v -0.0282555854 -0.0596585301 -0.136939879
v -0.0319604305 -0.057024203 -0.134002208
v -0.0326356565 -0.0600011175 -0.132803642
v -0.0307237152 -0.0616210249 -0.13385705
v -0.0326127341 -0.0630353548 -0.130441471
v -0.0346449299 -0.0574816864 -0.13105151
v -0.0336882546 -0.0614220655 -0.130854815
v -0.0350546095 -0.063160711 -0.127069233
v -0.0372793999 -0.0573970876 -0.127735524
v -0.0384039227 -0.0212524818 -0.126238714
v -0.036743051 -0.0600009898 -0.127881172
v -0.0362226744 -0.0617469169 -0.127415149
v -0.0386747331 -0.0629627529 -0.121746049
v -0.039566996 -0.0565803237 -0.124393054
v -0.0430001364 -0.0212524808 -0.118458574
v -0.038601831 -0.0616895825 -0.123918732
v -0.0395101123 -0.0597397657 -0.123894564
v -0.0419485274 -0.0573650738 -0.120241032
v -0.0414433429 -0.0600458159 -0.120269612
v -0.040676678 -0.061694833 -0.120114593
v -0.0414884944 -0.0627554058 -0.116175984
v -0.0442631901 -0.0566395911 -0.115504221
v -0.0462942505 -0.0212524811 -0.110300339
v -0.0431472149 -0.0610715223 -0.11552287
v -0.0443664066 -0.0593114567 -0.114276109
v -0.0427372902 -0.0628300456 -0.112325081
v -0.0444701295 -0.061173479 -0.111540663
v -0.0456299322 -0.0559917167 -0.112103554
v -0.0440018983 -0.0626943811 -0.107820937
v -0.0453220016 -0.0611894047 -0.108187739
v -0.0461034598 -0.0611074018 -0.103925006
v -0.0471226092 -0.058734782 -0.103929674
v -0.0460585848 -0.0591362285 -0.108813227
v -0.0468853579 -0.0559271878 -0.107614405
v -0.0476572353 -0.0548394264 -0.103934191
v -0.0475344113 -0.0212500787 -0.103740662
v -0.0396587568 -0.0644524616 -0.108666893
v -0.0339374676 -0.0644492132 -0.123993098
v -0.0375631529 -0.0644524789 -0.116448069
v -0.0271983301 -0.064451017 -0.1321516
v -0.0201795616 -0.0644524774 -0.137236726
v -0.0152282535 -0.064452477 -0.139687851
v -0.00998643173 -0.0644524765 -0.141433335
v -0.00455409882 -0.064452476 -0.142439909
v 0.00276909231 -0.0644526442 -0.142673461
v 0.0126771976 -0.0644523174 -0.140726788
v 0.0225205656 -0.0644505354 -0.135853572
v 0.029131281 -0.0644524731 -0.130111107
v 0.0326303938 -0.0644524728 -0.125835638
v 0.0367160594 -0.0644558834 -0.11873839
v 0.0391861771 -0.0644524722 -0.1107277
v 0.0399185343 -0.0644524721 -0.105251651
v 0.0398893635 -0.0644524721 -0.0997269293
v 0.0390992149 -0.0644524722 -0.0942589249
v 0.0375631642 -0.0644524724 -0.0889519404
v 0.0337386822 -0.0644524727 -0.0810521073
v 0.0288401728 -0.0644524731 -0.074982777
v 0.0221569831 -0.0644524737 -0.0692934555
v 0.0121972551 -0.0644524746 -0.0645141874
v 0.00145583662 -0.0644524755 -0.0626456516
v -0.00862973921 -0.0644524764 -0.0635709381
v -0.0156180236 -0.064452477 -0.0658750534
v -0.0205431703 -0.0644524774 -0.0683783263
v -0.0250764135 -0.0644524778 -0.0715363538
v -0.0291312697 -0.0644524782 -0.0752888969
v -0.0326303825 -0.0644524785 -0.079564366
v -0.0355070022 -0.0644524787 -0.0842811947
v -0.0387504379 -0.064452479 -0.0924368273
v -0.039918523 -0.0644524791 -0.100148353
v -0.0398893635 0.0644524896 -0.105673086
v -0.0391861771 0.0644524722 -0.0946723099
v -0.0399185343 0.0644524721 -0.100148353
v -0.0365750455 0.0644524724 -0.0862927991
v -0.0326303938 0.0644524728 -0.079564366
v -0.029131281 0.0644524731 -0.0752888969
v -0.0225085574 0.0644524737 -0.0695293129
v -0.0127356017 0.0644524745 -0.0646963774
v -0.00280054609 0.0644524754 -0.0627285975
v 0.00455409882 0.064452476 -0.0629601011
v 0.0131306008 0.0644524768 -0.0648249872
v 0.0229700543 0.0644524776 -0.0698472199
v 0.0288401616 0.0644524782 -0.074982777
v 0.032384234 0.0644524785 -0.0792210514
v 0.0353105048 0.0644524787 -0.0839072454
v 0.0375631529 0.0644524789 -0.0889519404
v 0.0390992036 0.0644524791 -0.0942589249
v 0.0400710213 0.0644455699 -0.102695671
v 0.0391861659 0.0644524791 -0.1107277
v 0.0368543204 0.0644615476 -0.11847259
v 0.0326303825 0.0644524785 -0.125835638
v 0.0275094442 0.0644521404 -0.131851586
v 0.0205431703 0.0644524774 -0.137021684
v 0.0134024815 0.064454159 -0.140496471
v 0.00350992287 0.0644531744 -0.142620318
v -0.0071269982 0.0644543959 -0.142162188
v -0.0152282648 0.0644524743 -0.139687851
v -0.0225805195 0.0644494061 -0.135800138
v -0.0288401728 0.0644524731 -0.130417245
v -0.0323842452 0.0644524728 -0.126178958
v -0.0353105161 0.0644524725 -0.121492764
v -0.0384731857 0.0644449693 -0.113780599
v 0.00533229675 0.0636652699 -0.142409839
v 0.010421852 0.0637181636 -0.141373917
v 0.00350992287 0.0644531744 -0.142620318
v 0.0134024815 0.064454159 -0.140496471
v 0.0156180237 0.0637516509 -0.139524962
v 0.0204660612 0.0637149514 -0.137128099
v 0.0205431703 0.0644524774 -0.137021684
v 0.0252236003 0.0636858131 -0.133833825
v 0.0275094442 0.0644521404 -0.131851586
v 0.0290435945 0.0636789275 -0.130304776
v 0.0323738381 0.0636894284 -0.126328913
v 0.0326303825 0.0644524785 -0.125835638
v 0.0351223108 0.0637186722 -0.121935119
v 0.0368543204 0.0644615476 -0.11847259
v 0.0377062449 0.0637516529 -0.116050593
v 0.0388377174 0.0637059018 -0.112525548
v 0.0391861659 0.0644524791 -0.1107277
v 0.0397315135 0.0636953895 -0.10793769
v 0.0400710213 0.0644455699 -0.102695671
v 0.0400617838 0.063636885 -0.103761698
v 0.0400150255 0.0637463445 -0.101510354
v 0.0399821419 0.021249298 -0.10389504
v 0.0400120723 0.021249298 -0.101513916
v 0.0390992036 0.0644524791 -0.0942589249
v 0.0390992037 0.063747497 -0.0942589249
v 0.0375631529 0.0644524789 -0.0889519404
v 0.037563153 0.0637474968 -0.0889519404
v 0.0353105048 0.0644524787 -0.0839072454
v 0.0353105049 0.0637474966 -0.0839072454
v 0.032384234 0.0644524785 -0.0792210514
v 0.032384234 0.0637474964 -0.0792210514
v 0.0288401616 0.0644524782 -0.074982777
v 0.0288401616 0.0637474961 -0.074982777
v 0.0229700543 0.0644524776 -0.0698472199
v 0.0221569763 0.0637474955 -0.0692934555
v 0.0131306008 0.0644524768 -0.0648249872
v 0.0121972439 0.0637474946 -0.0645141874
v 0.00455409882 0.064452476 -0.0629601011
v 0.00145582814 0.0637474937 -0.0626456516
v -0.00280054609 0.0644524754 -0.0627285975
v -0.00862975187 0.0637474928 -0.0635709381
v -0.0127356017 0.0644524745 -0.0646963774
v -0.0156180349 0.0637474922 -0.0658750534
v -0.0225085574 0.0644524737 -0.0695293129
v -0.0205431815 0.0637474918 -0.0683783263
v -0.0250764247 0.0637474914 -0.0715363538
v -0.029131281 0.0644524731 -0.0752888969
v -0.0291312809 0.063747491 -0.0752888969
v -0.0326303938 0.0644524728 -0.079564366
v -0.0326303937 0.0637474907 -0.079564366
v -0.0365750455 0.0644524724 -0.0862927991
v -0.0355070134 0.0637474904 -0.0842811947
v -0.0387504491 0.0637474902 -0.0924368273
v -0.0391861771 0.0644524722 -0.0946723099
v -0.0399185343 0.0644524721 -0.100148353
v -0.0399945389 0.0637469254 -0.10152047
v -0.0398893635 0.0644524896 -0.105673086
v -0.040084461 0.0637176062 -0.103806623
v -0.0399820525 0.0212477951 -0.103894819
v -0.0399992092 0.0212477951 -0.101520133
v -0.0398540692 0.0636568782 -0.107001711
v -0.0388407379 0.0637077867 -0.112523919
v -0.0384731857 0.0644449693 -0.113780599
v -0.0375631641 0.0637516463 -0.116448069
v -0.0353105161 0.0644524725 -0.121492764
v -0.035112089 0.0637163727 -0.121950381
v -0.0321385157 0.0636674727 -0.126621383
v -0.0323842452 0.0644524728 -0.126178958
v -0.0286636639 0.0636975198 -0.130707503
v -0.0288401728 0.0644524731 -0.130417245
v -0.0248426074 0.0636785444 -0.134135527
v -0.0225805195 0.0644494061 -0.135800138
v -0.020450966 0.0637206115 -0.137138332
v -0.0152282648 0.0644524743 -0.139687851
v -0.0152282647 0.0637516482 -0.139687851
v -0.0104173222 0.0637169918 -0.141374138
v -0.0071269982 0.0644543959 -0.142162188
v -0.00468890041 0.0636786626 -0.142492598
v 0.000438350325 0.0636792451 -0.142772275
v 0.00350992287 0.0644531744 -0.142620318
v 0.00533229675 0.0636652699 -0.142409839
v -0.00455409882 -0.064452476 -0.142439909
v 0.00276909231 -0.0644526442 -0.142673461
v -0.00486261295 -0.0636761081 -0.142462761
v 0.000242018924 -0.0636823883 -0.142775767
v 0.00507629167 -0.0636706997 -0.142446964
v 0.0126771976 -0.0644523174 -0.140726788
v 0.0103964177 -0.0637110139 -0.141382508
v 0.0156180349 -0.063752434 -0.139524962
v 0.0225205656 -0.0644505354 -0.135853572
v 0.0204627094 -0.0637085101 -0.137119985
v 0.0249076225 -0.0636863209 -0.134086923
v 0.029131281 -0.0644524731 -0.130111107
v 0.0288369073 -0.0636814428 -0.130520924
v 0.0326303938 -0.0644524728 -0.125835638
v 0.0323268233 -0.0636951038 -0.126404595
v 0.00808312731 -0.0464412988 -0.0252999947
v 0.00247632045 -0.0470913828 -0.00299293915
v 0.00808409792 -0.0464402045 -0.00299949606
v 0.00753745015 -0.0466357037 -0.0351997471
v 0.0116753767 -0.0457107428 -0.025304305
v -0.00241065907 -0.047094314 -0.0352000265
v 0.0194390968 -0.0431466045 -0.0352001778
v 0.0181647114 -0.0436108165 -0.0253002974
v 0.0234729224 -0.0410465619 -0.0253004488
v 0.0276531563 -0.0384050717 -0.0351999945
v 0.0299780574 -0.0367401549 -0.0252998027
v -0.0039068941 -0.0469476075 -0.00299694566
v -0.00791720407 -0.0464410935 -0.00299200292
v -0.00791684682 -0.0464413002 -0.0252999947
v -0.00960851572 -0.0461504396 -0.0351998897
v 0.0348737492 -0.0323282961 -0.0352000498
v 0.0357841984 -0.0312432528 -0.0253080158
v 0.0405792081 -0.0249861442 -0.0253057457
v 0.0420367394 -0.0226046126 -0.0352002739
v 0.043583177 -0.0194200378 -0.0253004953
v 0.0457101165 -0.0140182867 -0.0352000003
v 0.0459655724 -0.0133660422 -0.0253010978
v 0.0477680534 -0.00537753131 -0.0351998722
v 0.0473649248 -0.00743919177 -0.0252998958
v 0.0481599883 0.000927562568 -0.0253007252
v 0.048044929 0.00372347296 -0.0351999508
v 0.0471400553 0.0105906967 -0.0252998638
v 0.0465629 0.0131675403 -0.0352003932
v 0.0454255656 0.0166802328 -0.025300993
v 0.0422065649 0.0241089751 -0.035200204
v 0.042833057 0.0227863545 -0.0253057107
v 0.039799768 0.0278712693 -0.0253008533
v 0.0348737055 0.0341028559 -0.0352000585
v 0.0357827259 0.03301946 -0.0253031001
v 0.029924008 0.0385583405 -0.0253033912
v 0.0276531494 0.0401795808 -0.0352000032
v 0.0234255748 0.042847837 -0.0253026956
v 0.0194390571 0.0449211237 -0.0352001865
v 0.0182080407 0.0453672708 -0.0252963684
v 0.0116756865 0.0474851734 -0.0253042963
v 0.00977478939 0.0479249438 -0.0351998984
v 0.00808311903 0.0482158073 -0.0253000035
v 0.00808409792 -0.0464402045 -0.00299949606
v 0.0109205074 -0.0417581633 -0.0232999955
v 0.00808312731 -0.0464412988 -0.0252999947
v 0.0109208159 -0.0417593188 0.00100000316
v 0.0116753767 -0.0457107428 -0.025304305
v 0.00808312731 -0.0464412988 -0.0252999947
v 0.0109205074 -0.0417581633 -0.0232999955
v 0.0127067651 -0.0412531535 -0.0232949023
v 0.0181647114 -0.0436108165 -0.0253002974
v 0.0219777536 -0.0373237136 -0.0232811886
v 0.0178398264 -0.0386789949 -0.0232999955
v 0.0234729224 -0.0410465619 -0.0253004488
v 0.0271312456 -0.033846143 -0.0232967956
v 0.0299780574 -0.0367401549 -0.0252998027
v 0.0303724982 -0.0310347127 -0.0232926875
v 0.0357841984 -0.0312432528 -0.0253080158
v 0.0367818304 -0.0234132819 -0.0232647333
v 0.0331829238 -0.0270178309 -0.0232999504
v 0.0405792081 -0.0249861442 -0.0253057457
v 0.0386373361 -0.0203592684 -0.0233000625
v 0.043583177 -0.0194200378 -0.0253004953
v 0.0413827087 -0.0143766833 -0.0232990496
v 0.0459655724 -0.0133660422 -0.0253010978
v 0.0437119718 -0.00487845227 -0.0232666571
v 0.0424237667 -0.00849697528 -0.0232999984
v 0.0473649248 -0.00743919177 -0.0252998958
v 0.0440852251 -0.000425017299 -0.0232959312
v 0.0481599883 0.000927562568 -0.0253007252
v 0.0438353333 0.00591916088 -0.0232780323
v 0.0471400553 0.0105906967 -0.0252998638
v 0.0413649468 0.0162533477 -0.0233018727
v 0.0424237651 0.0102714942 -0.0232999984
v 0.0454255656 0.0166802328 -0.025300993
v 0.042833057 0.0227863545 -0.0253057107
v 0.0373027412 0.0245024919 -0.0233061175
v 0.039799768 0.0278712693 -0.0253008533
v 0.0333732959 0.0285738352 -0.0233000028
v 0.0357827259 0.03301946 -0.0253031001
v 0.0297513674 0.0335433255 -0.0233232218
v 0.029924008 0.0385583405 -0.0253033912
v 0.0221206642 0.0390236896 -0.0232747101
v 0.0234255748 0.042847837 -0.0253026956
v 0.0182080407 0.0453672708 -0.0252963684
v 0.0126874037 0.043031394 -0.0232944993
v 0.0178398194 0.0404535081 -0.0233000028
v 0.0116756865 0.0474851734 -0.0253042963
v 0.0109204999 0.0435326782 -0.0233000028
v 0.00808311903 0.0482158073 -0.0253000035
v 0.0109208159 -0.0417593188 0.00100000316
v 0.0126602484 -0.0412491459 0.00106722928
v 0.0109205074 -0.0417581633 -0.0232999955
v 0.0127067651 -0.0412531535 -0.0232949023
v 0.0178398264 -0.0386789949 -0.0232999955
v 0.0187501534 -0.0382864075 0.00162538527
v 0.0222398263 -0.037149303 0.00099837107
v 0.0219777536 -0.0373237136 -0.0232811886
v 0.0267032476 -0.0341748592 0.00100650286
v 0.0271312456 -0.033846143 -0.0232967956
v 0.0303087725 -0.0311004874 0.000997254847
v 0.0303724982 -0.0310347127 -0.0232926875
v 0.0331829238 -0.0270178309 -0.0232999504
v 0.0329954835 -0.0272879057 0.00172003474
v 0.037136318 -0.0229501133 0.000990839271
v 0.0367818304 -0.0234132819 -0.0232647333
v 0.0386373361 -0.0203592684 -0.0233000625
v 0.0413353422 -0.014640524 0.000979452125
v 0.0413827087 -0.0143766833 -0.0232990496
v 0.0423746657 -0.00855659303 0.00170074218
v 0.0424237667 -0.00849697528 -0.0232999984
v 0.0438152496 -0.00409203002 0.000996172275
v 0.0437119718 -0.00487845227 -0.0232666571
v 0.0440852251 -0.000425017299 -0.0232959312
v 0.0440861883 0.000887261229 0.000999999884
v 0.0438353333 0.00591916088 -0.0232780323
v 0.0438133104 0.00587081869 0.000995462051
v 0.0424237651 0.0102714942 -0.0232999984
v 0.0423760086 0.0103255749 0.00170018884
v 0.0413649468 0.0162533477 -0.0233018727
v 0.0413857939 0.0161880663 0.00100404595
v 0.0373486001 0.0244767088 0.000951087168
v 0.0373027412 0.0245024919 -0.0233061175
v 0.0333732959 0.0285738352 -0.0233000028
v 0.0329100822 0.0291454693 0.00172858545
v 0.0297513674 0.0335433255 -0.0233232218
v 0.0303026755 0.0328794265 0.00100172065
v 0.0267825116 0.0358964864 0.00100575126
v 0.0221206642 0.0390236896 -0.0232747101
v 0.0222318015 0.0389082551 0.0010326572
v 0.0178398194 0.0404535081 -0.0233000028
v 0.0167407089 0.0409028944 0.00168149982
v 0.0126874037 0.043031394 -0.0232944993
v 0.0127352635 0.0430324068 0.00100246571
v 0.0109208084 0.0435338365 0.00099999661
v 0.0109204999 0.0435326782 -0.0233000028
v 0.00808311903 0.0482158073 -0.0253000035
v 0.00257696365 0.0488688182 -0.0352000323
v 0.00977478939 0.0479249438 -0.0351998984
v 0.00808347337 0.0482156094 -0.00299201547
v 0.00407316631 0.0487221205 -0.00299695312
v -0.00231007461 0.0488658957 -0.00299294898
v -0.00737119322 0.048410205 -0.0351997529
v -0.0079168551 0.0482158059 -0.0253000035
v -0.00791782207 0.0482147203 -0.00299950534
v -0.0115090994 0.0474852529 -0.0253043137
v -0.0192728238 0.0449211058 -0.0352001865
v -0.0179984399 0.0453853207 -0.0253003032
v -0.0233066408 0.042821072 -0.0253004546
v -0.0274868804 0.040179576 -0.0352000032
v -0.0298118223 0.0385146242 -0.0252998085
v -0.0347074617 0.0341028148 -0.0352000585
v -0.0356179371 0.0330177396 -0.0253080187
v -0.040412941 0.0267606397 -0.0253057515
v -0.0418705247 0.0243790149 -0.0352002797
v -0.0434168691 0.0211946177 -0.0253005011
v -0.0455438377 0.0157927982 -0.0352000003
v -0.0457992965 0.015140526 -0.0253011007
v -0.0476017775 0.00715203444 -0.0351998722
v -0.0471986489 0.00921368797 -0.0252998958
v -0.0479937066 0.00084696411 -0.0253007223
v -0.047878656 -0.00194889745 -0.0351999508
v -0.0469737737 -0.00881620773 -0.0252998638
v -0.0463966358 -0.0113929728 -0.0352003932
v -0.0452592956 -0.0149056923 -0.0253009872
v -0.0420402832 -0.0223344796 -0.0352002011
v -0.0426668044 -0.0210117979 -0.0253057078
v -0.0396335387 -0.0260966865 -0.0253008475
v -0.0347074151 -0.0323283546 -0.0352000498
v -0.0356163744 -0.0312450227 -0.0253030972
v -0.0297577146 -0.0367838508 -0.0253033882
v -0.0274868736 -0.0384050766 -0.0351999945
v -0.0232592829 -0.0410733416 -0.0253026898
v -0.0192727798 -0.0431466195 -0.0352001778
v -0.0180417328 -0.043592784 -0.0252963597
v -0.0115094601 -0.0457106576 -0.0253042876
v -0.00960851572 -0.0461504396 -0.0351998897
v -0.00791684682 -0.0464413002 -0.0252999947
v 0.00808311903 0.0482158073 -0.0253000035
v 0.0109204999 0.0435326782 -0.0233000028
v 0.00808347337 0.0482156094 -0.00299201547
v 0.0109208084 0.0435338365 0.00099999661
v -0.00791684682 -0.0464413002 -0.0252999947
v -0.0107542284 -0.0417581652 -0.0232999955
v -0.00791720407 -0.0464410935 -0.00299200292
v -0.0107545355 -0.0417593207 0.00100000316
v -0.00791684682 -0.0464413002 -0.0252999947
v -0.0115094601 -0.0457106576 -0.0253042876
v -0.0107542284 -0.0417581652 -0.0232999955
v -0.012521122 -0.0412568868 -0.0232944905
v -0.0180417328 -0.043592784 -0.0252963597
v -0.0219543781 -0.0372491913 -0.0232747043
v -0.017673545 -0.038678998 -0.0232999955
v -0.0232592829 -0.0410733416 -0.0253026898
v -0.0297577146 -0.0367838508 -0.0253033882
v -0.0295851061 -0.031768798 -0.0233232189
v -0.0356163744 -0.0312450227 -0.0253030972
v -0.0338770687 -0.0271510537 -0.0232999824
v -0.0396335387 -0.0260966865 -0.0253008475
v -0.0371364478 -0.0227280008 -0.0233061161
v -0.0426668044 -0.0210117979 -0.0253057078
v -0.0411986681 -0.0144788377 -0.0233018669
v -0.0452592956 -0.0149056923 -0.0253009872
v -0.0469737737 -0.00881620773 -0.0252998638
v -0.0436690574 -0.0041446312 -0.0232780352
v -0.0422574863 -0.00849698268 -0.0232999984
v -0.0479937066 0.00084696411 -0.0253007223
v -0.0439191297 0.00220026157 -0.0232960359
v -0.0471986489 0.00921368797 -0.0252998958
v -0.0435860571 0.00630257692 -0.0232592662
v -0.0457992965 0.015140526 -0.0253011007
v -0.041207303 0.0161592114 -0.0232975348
v -0.0423312254 0.00998167882 -0.0232999984
v -0.0434168691 0.0211946177 -0.0253005011
v -0.038471069 0.0221337566 -0.0233000639
v -0.040412941 0.0267606397 -0.0253057515
v -0.0366111366 0.0251933289 -0.0232647042
v -0.0356179371 0.0330177396 -0.0253080187
v -0.0301850901 0.0328273748 -0.0232915001
v -0.0334462641 0.0283228495 -0.0233000072
v -0.0298118223 0.0385146242 -0.0252998085
v -0.0269649669 0.0356206647 -0.0232967985
v -0.0233066408 0.042821072 -0.0253004546
v -0.0218180377 0.0390943703 -0.0232810795
v -0.0179984399 0.0453853207 -0.0253003032
v -0.0125180764 0.0430305623 -0.023294054
v -0.0179500151 0.0403396042 -0.0233000028
v -0.0115090994 0.0474852529 -0.0253043137
v -0.0107542359 0.0435326763 -0.0233000028
v -0.0079168551 0.0482158059 -0.0253000035
v -0.0107542284 -0.0417581652 -0.0232999955
v -0.012521122 -0.0412568868 -0.0232944905
v -0.0107545355 -0.0417593207 0.00100000316
v -0.0125689789 -0.0412578997 0.00100246834
v -0.0165744199 -0.0391283902 0.00168150636
v -0.017673545 -0.038678998 -0.0232999955
v -0.0220655169 -0.037133748 0.00103266357
v -0.0219543781 -0.0372491913 -0.0232747043
v -0.0266162212 -0.0341219851 0.00100575617
v -0.0295851061 -0.031768798 -0.0233232189
v -0.0301364054 -0.0311049106 0.00100172738
v -0.0327438092 -0.0273709476 0.00172859036
v -0.0338770687 -0.0271510537 -0.0232999824
v -0.0371823184 -0.0227021974 0.00095109217
v -0.0371364478 -0.0227280008 -0.0233061161
v -0.0411986681 -0.0144788377 -0.0233018669
v -0.0412195181 -0.0144135374 0.0010040495
v -0.0422097269 -0.00855108233 0.00170019175
v -0.0422574863 -0.00849698268 -0.0232999984
v -0.0436470346 -0.00409631156 0.000995461141
v -0.0436690574 -0.0041446312 -0.0232780352
v -0.0439199096 0.000887253535 0.000999999884
v -0.0439191297 0.00220026157 -0.0232960359
v -0.0436503329 0.00583919846 0.00100044008
v -0.0435860571 0.00630257692 -0.0232592662
v -0.0422274179 0.0102460711 0.00169087562
v -0.0423312254 0.00998167882 -0.0232999984
v -0.041207303 0.0161592114 -0.0232975348
v -0.0411904548 0.0163670462 0.000971041391
v -0.038471069 0.0221337566 -0.0233000639
v -0.036971701 0.0247223474 0.000982118763
v -0.0366111366 0.0251933289 -0.0232647042
v -0.0334462641 0.0283228495 -0.0233000072
v -0.0329525934 0.0289164833 0.00174415291
v -0.0301850901 0.0328273748 -0.0232915001
v -0.0301385036 0.0328786121 0.000997323878
v -0.0269649669 0.0356206647 -0.0232967985
v -0.0265369922 0.0359493576 0.00100649531
v -0.0218180377 0.0390943703 -0.0232810795
v -0.0220835461 0.0389160016 0.00100093939
v -0.0179500151 0.0403396042 -0.0233000028
v -0.0166835983 0.0408435138 0.00171787397
v -0.0125180764 0.0430305623 -0.023294054
v -0.0125866887 0.043029046 0.000998267569
v -0.0107542359 0.0435326763 -0.0233000028
v -0.0107545429 0.0435338346 0.00099999661
v -0.00791782207 0.0482147203 -0.00299950534
v -0.0107542359 0.0435326763 -0.0233000028
v -0.0079168551 0.0482158059 -0.0253000035
v -0.0107545429 0.0435338346 0.00099999661
v -0.00203037523 0.0433935578 0.00250000012
v -0.0185852672 0.0391467982 0.00249787736
v -0.0101668564 0.0421788564 0.00250014891
v -0.0281590299 0.032824159 0.00250123812
v -0.0353169765 0.0244909663 0.00250114826
v -0.0394563816 0.0165801737 0.00250012981
v -0.0407078963 -0.0115380061 0.00250090925
v -0.041815453 0.0083732615 0.00249826498
v -0.0424349942 -0.00110891877 0.0025008274
v 0.00219661397 -0.0416190507 0.00250000667
v -0.0358622356 -0.0219283919 0.00250052035
v -0.00441712111 -0.0413987789 0.00250001176
v -0.0285688353 -0.0306554571 0.00250240719
v -0.0191188865 -0.0370994343 0.00249629047
v -0.0106521352 -0.040281824 0.00250107696
v 0.0398667835 0.0159449386 0.00250008088
v 0.0360285086 0.0237029092 0.00250051708
v 0.0287355361 0.0324304037 0.00250180201
v 0.00458336967 0.043173289 0.00250000612
v 0.0192851755 0.0388739386 0.00249628465
v 0.0108184496 0.0420563253 0.00250107059
v 0.0396436384 -0.014754035 0.00250021731
v 0.0415541588 -0.00842198934 0.00250000066
v 0.0421162048 0.00756911836 0.00249830937
v 0.0425579493 -0.0016656165 0.00250107605
v 0.0355116956 -0.0226926129 0.00250051598
v 0.0302480064 -0.0291116422 0.00250013636
v 0.022958925 -0.0350323369 0.00250193898
v 0.0161381152 -0.0384667874 0.00250000758
v 0.0103017933 -0.0404111886 0.00250007251
v 0.0157984906 0.0653687296 -0.0561732275
v 0.0158796057 0.0671771252 -0.0541742833
v 0.0158707365 0.0652502247 -0.0547404226
v 0.0154324663 0.0651116846 -0.0529368117
v 0.014703306 0.0673362707 -0.0520833011
v 0.0136689925 0.0650332787 -0.0514491519
v 0.0131290114 0.0673187384 -0.0513451349
v -0.0131704889 0.0673471124 -0.0514443207
v 0.00290653746 0.0652034478 -0.0513270206
v -0.00857879701 0.0651390168 -0.0513999956
v -0.0134099623 0.0650262157 -0.0514898391
v -0.0146099294 0.0673229095 -0.0521431793
v -0.0153040905 0.065088329 -0.0528656878
v -0.0157420204 0.0672123905 -0.0539981236
v -0.0157721485 0.0652403964 -0.0548343698
v -0.0156809036 0.0653498618 -0.0561485183
v 0.0158796057 0.0671771252 -0.0541742833
v 0.0157984906 0.0653687296 -0.0561732275
v 0.0160924115 0.0670897381 -0.0547375239
v 0.015833284 0.067627443 -0.0532312552
v 0.014703306 0.0673362707 -0.0520833011
v 0.0139028939 0.0675873377 -0.051154301
v 0.0131290114 0.0673187384 -0.0513451349
v -0.0131704889 0.0673471124 -0.0514443207
v -0.0133706039 0.0676020153 -0.0511686318
v -0.0146099294 0.0673229095 -0.0521431793
v -0.0147944303 0.0676057696 -0.0519228459
v -0.0156618248 0.0676058044 -0.0531288679
v -0.0157420204 0.0672123905 -0.0539981236
v -0.0160252487 0.0670884082 -0.0547283911
v -0.0156809036 0.0653498618 -0.0561485183
v 0.0291362028 0.0645295626 -0.063169538
v 0.0299254115 0.063284169 -0.0638998521
v 0.0399599669 0.0634109927 -0.063961104
v 0.0304004119 0.0664587858 -0.0619543134
v 0.0277254994 0.0649407065 -0.0619641913
v 0.0248057273 0.066714608 -0.0586954877
v 0.0311061798 0.0669091443 -0.0609905925
v 0.0251653169 0.065126604 -0.0604256813
v 0.0228820457 0.0652271809 -0.0591823948
v 0.0362997061 0.065662488 -0.0624293461
v 0.0197167537 0.0669012154 -0.0562525645
v 0.0199804928 0.0653061218 -0.0578151492
v 0.0157984906 0.0653687296 -0.0561732275
v 0.0160924115 0.0670897381 -0.0547375239
v 0.015833284 0.067627443 -0.0532312552
v 0.0417451638 0.0641786239 -0.0633896154
v 0.0432483448 0.062389629 -0.064661837
v 0.0431099182 0.0636412974 -0.0637308054
v 0.0446220806 0.0615755135 -0.0652898336
v 0.0470467965 0.0608677435 -0.0658951234
v 0.0454763567 0.0608766317 -0.0658535922
v 0.0462455826 0.0601354503 -0.0665144762
v 0.0469593425 0.0592345646 -0.0673682778
v 0.0487596298 0.0592464624 -0.0673736271
v 0.0477522444 0.0581317507 -0.0686369021
v 0.046712242 0.0620234333 -0.0647106383
v 0.0490651474 0.0578648221 -0.0689499429
v 0.0483093588 0.0565995563 -0.0705710205
v 0.0497323237 0.0559883701 -0.0715383037
v 0.0486777058 0.0552169497 -0.0728789251
v 0.0500916512 0.0572258883 -0.0693318958
v 0.0500676815 0.0544556577 -0.0744565274
v 0.0487987865 0.0539227664 -0.0757813978
v 0.049292461 0.045447667 -0.0983986538
v 0.0487747212 0.0472075145 -0.0936253171
v 0.0483127272 0.0447391866 -0.100273069
v 0.0459602214 0.039107016 -0.115242379
v 0.0474931315 0.0428263489 -0.105317694
v 0.0461199867 0.0406367366 -0.111184269
v 0.0443868771 0.0389358999 -0.115736807
v 0.0421012981 0.0371761017 -0.120386528
v 0.0506982276 0.0548979486 -0.0727270031
v 0.0394593109 0.0342873833 -0.128068589
v 0.0383766599 0.0348628678 -0.126577064
v 0.0349347481 0.0322144305 -0.133596361
v 0.033969828 0.0327630173 -0.132103288
v 0.0300188057 0.030451029 -0.138300436
v 0.030334716 0.0313868627 -0.135739252
v 0.0276292939 0.0305214979 -0.138086162
v 0.0246965621 0.0297198414 -0.140204187
v 0.0216003584 0.0290038199 -0.142092793
v 0.0183897505 0.0283986928 -0.14376886
v 0.0204655157 0.0281752425 -0.144328841
v 0.0149700359 0.0278779872 -0.145065389
v 0.0111239851 0.0274489614 -0.146263523
v 0.0113255437 0.0269953084 -0.147497014
v 0.00659879715 0.0270989002 -0.147150317
v -0.00191557227 0.0269261507 -0.147652603
v 0.0366975059 0.0322813084 -0.132495514
v 0.0330673824 0.0307155249 -0.136421691
v 0.0238782803 0.0283401509 -0.143096433
v 0.0284124955 0.0294608816 -0.140130869
v 0.0328765495 0.0203787116 -0.140685262
v 0.0371741139 0.024634862 -0.135848275
v 0.0289970525 0.0203530417 -0.143103325
v 0.0401762983 0.0338228571 -0.128116843
v 0.0438197436 0.0244391102 -0.129436213
v 0.0432604572 0.0365426016 -0.121901627
v 0.0438641085 0.0361621855 -0.121836388
v 0.0465215683 0.0279606739 -0.12414396
v 0.0466373715 0.0384773314 -0.115413452
v 0.0481884745 0.0411825704 -0.108840165
v 0.037159679 0.0167547146 -0.138576666
v 0.0322807509 0.0145660945 -0.142536638
v 0.0391253612 0.00823018396 -0.138566829
v 0.0415168162 0.0194508895 -0.133945607
v 0.0488044446 0.0174301341 -0.126823084
v 0.0422115279 0.0155083843 -0.134454214
v 0.050322983 0.0231439161 -0.1223539
v 0.0501292676 0.0273689031 -0.119562284
v 0.0550020174 0.0235794568 -0.115065125
v 0.0539550307 0.0202596002 -0.119209394
v 0.0559617976 0.0256769059 -0.110983464
v 0.055806948 0.0227186368 -0.113884523
v 0.0444397236 0.00760989885 -0.133592449
v 0.0485739983 0.00937116553 -0.128645787
v 0.0533470579 0.0162352651 -0.121422531
v 0.0528733355 0.00899940231 -0.123041996
v 0.0545764267 0.0187260816 -0.118497282
v 0.0486029921 0.00297370304 -0.129136781
v 0.0535975434 0.0110700111 -0.121555023
v 0.0573672332 0.025518034 -0.106866681
v 0.0571356024 0.0168719917 -0.110126741
v 0.0570343201 0.0272318392 -0.106085197
v 0.0586951825 0.0282611807 -0.0978211407
v 0.0593297114 0.0131942718 -0.101036462
v 0.0573655703 0.00411795182 -0.110295904
v 0.0554348691 -3.74356297e-08 -0.116535043
v 0.0535232723 -0.010624863 -0.121742988
v 0.0577470262 0.0297051614 -0.0999248354
v 0.0585157047 0.0320160551 -0.0921068771
v 0.0493416117 0.0432348708 -0.102805987
v 0.0499634614 0.045891841 -0.0962611171
v 0.0501705698 0.0490459657 -0.0885187939
v 0.0525453775 -0.00769483718 -0.123637274
v 0.0507114121 0.0493444605 -0.0866341405
v 0.0508678507 0.0529552156 -0.0769224949
v 0.0507807257 0.0505833524 -0.083393167
v 0.0533470607 -0.0162352572 -0.121422543
v 0.0488044593 -0.0174301299 -0.126823061
v 0.0486181532 -0.00746997696 -0.128844508
v 0.0545764358 -0.0187260866 -0.118497282
v 0.0448669397 -0.00281420679 -0.13344154
v 0.0417613742 0.00275634121 -0.136538409
v 0.0423252357 -0.00799093098 -0.135725888
v 0.0539550401 -0.020259598 -0.119209394
v 0.0572949718 -0.0138181561 -0.110015238
v 0.0381568042 -0.0032177569 -0.139600644
v 0.0422115335 -0.0155083274 -0.134454237
v 0.055806952 -0.0227186271 -0.113884534
v 0.0594224901 -0.00401180467 -0.101556571
v 0.0328352382 0.00232340095 -0.143414433
v 0.0357763296 -0.0080562129 -0.141169934
v 0.0371596849 -0.0167546689 -0.138576666
v 0.041516837 -0.0194509477 -0.133945572
v 0.0315254459 0.00936816125 -0.143812748
v 0.0256480229 0.0145280087 -0.146124954
v 0.0260514433 0.00794582093 -0.146740954
v 0.0248782639 0.0201382769 -0.145275786
v 0.018963323 0.0272864143 -0.145574776
v 0.0200205159 0.0205143794 -0.147179596
v 0.0152430561 0.0271031705 -0.146794692
v 0.0204233062 0.0139695639 -0.148259173
v 0.0118444534 0.0262355355 -0.148038834
v 0.0148546199 0.0157250541 -0.149645028
v 0.0199156836 0.0074554485 -0.149115198
v 0.0264863253 -0.00219046038 -0.146738626
v 0.0302487643 -0.00857428994 -0.144591124
v 0.0233508667 -0.00738010145 -0.147934537
v 0.0322807913 -0.0145660714 -0.142536627
v 0.0256480516 -0.0145280318 -0.146124943
v 0.0181087556 -0.00176917443 -0.149756414
v 0.0133790171 0.00712164882 -0.1507218
v 0.0195242707 -0.0114488333 -0.148921087
v 0.0134400912 -0.00624633349 -0.150762289
v 0.00704679696 4.0834344e-06 -0.151778467
v 0.00864283188 0.0109242829 -0.15121391
v 0.00960881575 0.0182108758 -0.150202971
v 0.00253980447 0.0192826485 -0.150614663
v 0.00754932184 0.0255970466 -0.148968841
v 0.00573115602 0.0261468003 -0.148984382
v 0.00258441292 0.0264953737 -0.148790178
v -0.00886976938 0.0266947747 -0.148191303
v -0.00710688274 0.0271058373 -0.147106498
v -0.012164772 0.0275279035 -0.146013999
v -0.0152277348 0.0278801615 -0.144999858
v -0.00196756109 0.025937805 -0.149301777
v 0.00310921841 0.0104069232 -0.151639013
v -0.0198642282 0.0281316269 -0.144434965
v -0.0194671778 0.028550108 -0.143183675
v -0.0245570086 0.0296367107 -0.14041696
v -0.0269950713 0.0295465439 -0.140604354
v -0.0294572381 0.0310591775 -0.13657707
v -0.037134366 0.0331542277 -0.131053966
v -0.0372486597 0.0342607407 -0.128066621
v -0.0446245573 0.0378521935 -0.118558656
v -0.0409585106 0.036413836 -0.122282282
v -0.0430421267 0.037878032 -0.11842323
v -0.0452947372 0.0397475426 -0.113455125
v -0.0473121218 0.0424704357 -0.106203207
v -0.0477598493 0.0415316421 -0.108709815
v -0.048272464 0.0446162581 -0.100525841
v -0.0500890821 0.0515182459 -0.082193024
v -0.0487950526 0.0473629262 -0.0931895454
v -0.0488412614 0.0539655347 -0.0756790163
v -0.0501777093 0.0543246526 -0.0746656617
v -0.0486702095 0.0552337167 -0.0728014391
v -0.0496843471 0.0560998291 -0.0713387388
v -0.0483747941 0.0566684599 -0.0705066253
v -0.0491283361 0.0581774236 -0.0685326289
v -0.0477340298 0.0582327501 -0.06851129
v -0.0468857784 0.059382951 -0.0672325026
v -0.0484808051 0.0600506742 -0.0665543193
v -0.0462415419 0.0602649775 -0.0664295629
v -0.0448477189 0.0628559229 -0.064303109
v -0.0446291199 0.061561012 -0.0652873889
v -0.0431250865 0.0624374856 -0.0646201079
v -0.0410691804 0.0643737054 -0.0632624608
v -0.0417555592 0.0629265407 -0.064250268
v -0.0394632484 0.0633646292 -0.0639517675
v -0.0504046437 0.0565893962 -0.070053403
v -0.0507149369 0.0547044983 -0.073147146
v -0.0501971743 0.0581147687 -0.0679810997
v -0.0458803228 0.0626823476 -0.0641140039
v -0.043580579 0.0636068542 -0.0636846933
v -0.0487809151 0.0604313872 -0.0658551871
v -0.0431391874 0.0639416473 -0.0632168958
v -0.0512555524 0.0570266463 -0.0681870908
v -0.0528564432 0.0532560354 -0.0710046559
v -0.0498486851 0.0593666351 -0.066351943
v -0.0508270914 0.0535681916 -0.0755402434
v -0.0526645497 0.0501338579 -0.076270767
v -0.0507384932 0.050808578 -0.0830343692
v -0.049804388 0.0469993553 -0.0940372003
v -0.0503844389 0.0465346893 -0.0937759061
v -0.049386544 0.0437326599 -0.101942476
v -0.0493788329 0.0600437067 -0.0651677605
v -0.0511510173 0.0576999227 -0.0667834131
v -0.0523653163 0.0552777504 -0.068264443
v -0.053125118 0.0517129968 -0.0625202782
v -0.0535861052 0.0520165614 -0.0704291509
v -0.0543512446 0.0485048844 -0.0740099407
v -0.0542565231 0.0455302605 -0.0787455123
v -0.053809924 0.0362944917 -0.0966142106
v -0.0550617388 0.0465309199 -0.0733668741
v -0.0553449655 0.0443757376 -0.0766615616
v -0.0563843324 0.0360170941 -0.0846181589
v -0.0507825744 0.0561191132 -0.0579315645
v -0.0486067474 0.041352278 -0.107677444
v -0.0562241278 0.0403278604 -0.0784367207
v -0.0545830972 0.045772803 -0.0625330955
v -0.0564846009 0.0364863643 -0.0673990464
v -0.05341803 0.0446492818 -0.0509974372
v -0.0518400092 0.0504979877 -0.0505945063
v -0.0557195776 0.0356151033 -0.0573267171
v -0.0528590907 0.0416771521 -0.0442598481
v -0.0488042005 0.0535417422 -0.0411678047
v -0.0500055946 0.0491076629 -0.0390673638
v -0.0489911407 0.0584087059 -0.0558370084
v -0.0570256815 0.0325330949 -0.086203817
v -0.057080909 0.0332245873 -0.0741358905
v -0.0577898188 0.0177295333 -0.0685124076
v -0.0571834874 0.0221978023 -0.0624218839
v -0.0578046912 0.0225520671 -0.0793737534
v -0.0558753517 0.0217860356 -0.0509880832
v -0.0570666459 0.00784283922 -0.0575344195
v -0.05432147 0.0321936804 -0.0456682668
v -0.0549628938 0.0166947265 -0.044338833
v -0.0525863054 0.0316495059 -0.037283171
v -0.0511903585 0.0416421432 -0.0365982531
v -0.0581012058 0.00960692052 -0.0815673848
v -0.0579547654 -0.0079851379 -0.068871252
v -0.057372383 0.0226004683 -0.0907381182
v -0.0562036201 0.0274505912 -0.101437932
v -0.0565126531 -0.00879367711 -0.0529392681
v -0.0567006674 0.0321052162 -0.090501277
v -0.0559663542 0.0295374086 -0.0995817594
v -0.0529122336 0.0339734729 -0.103488693
v -0.0549894141 0.0270332103 -0.107634359
v -0.0504726981 0.0336740587 -0.111366482
v -0.0468330928 0.0387192023 -0.114799628
v -0.0483932556 0.0341652297 -0.115787366
v -0.0447626956 0.0369100647 -0.119844521
v -0.0464050919 0.0391147786 -0.114814378
v -0.0546351388 0.0248968408 -0.112028117
v -0.0423133171 0.0353917908 -0.124413893
v -0.0443875724 0.0252916293 -0.129095581
v -0.0550262767 0.0232574249 -0.111958652
v -0.0539980965 0.0225214633 -0.116471632
v -0.0509103374 0.0243239657 -0.120709336
v -0.049294481 0.0228998383 -0.124334462
v -0.0532997149 0.0194927704 -0.120055338
v -0.0541914388 0.0200697945 -0.11749129
v -0.0565579757 0.0160835241 -0.101831229
v -0.053396287 0.0170640804 -0.120950013
v -0.0486831602 0.0163182763 -0.127870589
v -0.0471060444 0.0198962926 -0.128595182
v -0.0549542143 0.00893197531 -0.113901915
v -0.0576983029 -0.00238188927 -0.0910090865
v -0.0537396363 0.0148508156 -0.120544666
v -0.0425116788 0.0198906687 -0.133487326
v -0.056397675 -0.0139405054 -0.103719602
v -0.0581217456 -0.00895792181 -0.0787975965
v -0.0578479589 -0.0224661948 -0.0765073928
v -0.0532459072 0.013173249 -0.12213937
v -0.0573723848 -0.0226004667 -0.0907380832
v -0.0562036211 -0.0274505981 -0.10143792
v -0.0571834777 -0.0221978676 -0.0624218374
v -0.0570256758 -0.0325331049 -0.0862038287
v -0.0532076467 0.00609385541 -0.122934626
v -0.0500726754 0.00886119086 -0.127199991
v -0.0534582702 -0.00766278057 -0.122171408
v -0.0540145074 -0.0187361151 -0.118776329
v -0.0526835906 -0.00402082757 -0.12390546
v -0.0453881774 0.000194825804 -0.132983888
v -0.0532459049 -0.0131732467 -0.122139382
v -0.0550262726 -0.0232574447 -0.111958641
v -0.0463835437 0.00892031707 -0.131540664
v -0.0419559403 0.0102232647 -0.135859824
v -0.0497970314 -0.0094629111 -0.127484254
v -0.0419407835 0.0154214962 -0.135110156
v -0.0539980925 -0.0225214771 -0.11647162
v -0.0532399905 -0.0184487685 -0.120734633
v -0.0486831516 -0.0163182761 -0.127870601
v -0.0448108959 -0.0133555815 -0.132752268
v -0.0546351344 -0.0248968562 -0.112028117
v -0.0509103564 -0.0243239484 -0.120709313
v -0.0483932351 -0.0341652469 -0.115787389
v -0.0447626863 -0.0369100725 -0.119844521
v -0.0492944886 -0.0228998309 -0.124334451
v -0.0549894094 -0.0270332258 -0.107634359
v -0.0471060496 -0.0198962747 -0.128595182
v -0.0443875564 -0.0252916837 -0.12909557
v -0.0425116869 -0.0198906558 -0.133487326
v -0.0559663491 -0.0295374795 -0.0995816546
v -0.0567006676 -0.0321052261 -0.0905012479
v -0.0563843261 -0.0360170952 -0.0846181938
v -0.0504727155 -0.0336740385 -0.111366459
v -0.0529122509 -0.0339734356 -0.103488669
v -0.0468330861 -0.0387192104 -0.11479964
v -0.0538099118 -0.0362944953 -0.0966142397
v -0.048606746 -0.0413522836 -0.107677432
v -0.0477598449 -0.0415316592 -0.108709792
v -0.046405088 -0.0391147868 -0.114814355
v -0.0446245565 -0.0378522071 -0.118558644
v -0.042313308 -0.0353917924 -0.124413904
v -0.0493865364 -0.0437326714 -0.101942464
v -0.0395333569 -0.0335985014 -0.128925813
v -0.0371343893 -0.0331542429 -0.131053932
v -0.0395241171 -0.0257788522 -0.133665337
v -0.0356312493 -0.0320497524 -0.133483531
v -0.050384425 -0.0465346835 -0.0937759411
v -0.0498043798 -0.046999364 -0.0940372003
v -0.0542565151 -0.0455302525 -0.0787455298
v -0.0366055765 -0.0231215733 -0.137282512
v -0.0330072044 -0.0305206195 -0.136574509
v -0.0294190281 -0.0301947086 -0.138857064
v -0.039051204 -0.0153574981 -0.137616543
v -0.0420995488 -0.00612526205 -0.136037811
v -0.0396766352 0.00125626401 -0.138298282
v -0.0359029766 -0.00611020901 -0.141049398
v -0.0351519107 -0.0147811503 -0.140616205
v -0.0291038765 -0.00598161896 -0.145209697
v -0.0330629913 -0.0228632663 -0.139893941
v -0.0342543295 1.70103223e-08 -0.142313656
v -0.0359029806 0.00611017072 -0.141049398
v -0.0267857864 -0.0287530676 -0.141442043
v -0.0297001864 -0.0215340664 -0.142434356
v -0.0356064334 0.0116416418 -0.140738266
v -0.0290524105 0.00804373595 -0.145127811
v -0.0358823207 0.0167397111 -0.139722822
v -0.0285576652 0.00120938608 -0.145630282
v -0.0305689568 -0.0144631469 -0.143486343
v -0.0252201471 -0.0145671402 -0.14619258
v -0.0254044552 -0.0222411364 -0.144414918
v -0.0286223584 0.0153628851 -0.144438713
v -0.0218452687 0.00616639472 -0.148372992
v -0.0217531036 -0.000667568966 -0.14858488
v -0.021624285 -0.00815304054 -0.148356252
v -0.022427326 -0.0157285894 -0.147114473
v -0.022600543 0.0150013506 -0.147176906
v -0.0203357461 -0.0276423805 -0.144922035
v -0.0212700116 -0.0219181955 -0.146280602
v -0.0179956957 -0.0179667507 -0.148274866
v -0.0154147702 -0.02683997 -0.146906101
v -0.0124181233 -0.0270382425 -0.147321238
v -0.0242909886 -0.0289460607 -0.142233667
v -0.0142339399 -0.0164541428 -0.149549171
v -0.0116998081 -0.0261732562 -0.148061535
v -0.0141478007 -0.00591065815 -0.150571344
v -0.00986966991 -0.0163890852 -0.15038019
v -0.0138489154 0.00347083175 -0.150736317
v -0.0245570354 -0.0296367208 -0.140416948
v -0.0294573345 -0.0310592146 -0.136576977
v -0.0194671815 -0.0285501114 -0.143183663
v -0.0372486421 -0.0342607414 -0.128066645
v -0.0152277357 -0.0278801641 -0.144999858
v -0.0409584984 -0.0364138402 -0.122282282
v -0.0430421259 -0.0378780483 -0.118423218
v -0.0452947361 -0.0397475505 -0.113455125
v -0.0473120911 -0.0424703974 -0.106203312
v -0.00975474084 -0.0272840532 -0.146660593
v -0.0482724562 -0.0446162665 -0.100525853
v -0.00649612034 -0.0265468442 -0.148562586
v -0.0033539358 -0.0269517218 -0.147511892
v 0.00661783648 -0.0266431941 -0.14840886
v 0.00664821146 -0.027102601 -0.147143425
v 0.0111239833 -0.0274489595 -0.146263535
v -0.0500890731 -0.0515182896 -0.0821929309
v -0.0487950444 -0.0473629377 -0.0931895338
v -0.0488412519 -0.0539655432 -0.0756790163
v -0.00764366335 -0.0256743463 -0.148927944
v -0.0507384843 -0.0508085869 -0.0830343692
v -0.0501776998 -0.0543246672 -0.0746656558
v -0.0486701999 -0.0552337252 -0.0728014333
v -0.00210973258 -0.0260145784 -0.149267982
v -0.00457802166 -0.0162001514 -0.150957273
v -0.052664541 -0.050133873 -0.076270767
v -0.050827082 -0.0535682005 -0.0755402376
v -0.0496843373 -0.0560998378 -0.0713387388
v -0.0483747871 -0.0566684625 -0.0705066312
v -0.0507149274 -0.0547045071 -0.073147146
v -0.0491283259 -0.0581774321 -0.0685326231
v -0.0476662222 -0.0581602142 -0.06854682
v -0.0468857622 -0.0593829708 -0.0672324968
v -0.0504046454 -0.0565893992 -0.070053403
v -0.0528564339 -0.0532560504 -0.0710046559
v -0.0543512362 -0.0485048968 -0.0740099407
v -0.0484808034 -0.0600506769 -0.066554331
v -0.0462415343 -0.0602649856 -0.0664295629
v -0.0501971641 -0.0581147775 -0.0679810997
v -0.0553449577 -0.0443757589 -0.07666155
v -0.0562241207 -0.040327876 -0.0784367148
v -0.0550617365 -0.0465309208 -0.07336688
v -0.0570809032 -0.0332245915 -0.0741358905
v -0.0564845887 -0.03648638 -0.0673990173
v -0.0512555425 -0.0570266611 -0.068187085
v -0.053586102 -0.0520165649 -0.0704291568
v -0.053125109 -0.0517130119 -0.062520284
v -0.0523653066 -0.0552777654 -0.068264443
v -0.0545830891 -0.0457728067 -0.062533078
v -0.0557195772 -0.035615084 -0.0573267636
v -0.0511510073 -0.0576999374 -0.0667834131
v -0.0498486747 -0.0593666438 -0.0663519488
v -0.0487809046 -0.0604313957 -0.0658551871
v -0.0493788224 -0.0600437153 -0.0651677663
v -0.0558753479 -0.021786025 -0.0509880658
v -0.0534180222 -0.0446492765 -0.0509974256
v -0.0507825529 -0.0561191221 -0.0579315471
v -0.0518399945 -0.0504979909 -0.0505944423
v -0.0528590834 -0.0416771584 -0.0442598597
v -0.0543214585 -0.0321937161 -0.0456682668
v -0.0538179574 -0.0211156151 -0.0396782707
v -0.0525862882 -0.0316495326 -0.0372831477
v -0.0541686483 -0.0051046387 -0.0397233322
v -0.0532623745 0.0172129844 -0.0367098866
v -0.051129746 0.0311954077 -0.0316956139
v -0.0488041999 -0.0535417216 -0.0411677902
v -0.050005586 -0.0491076775 -0.0390673667
v -0.0511903396 -0.0416421696 -0.0365982298
v -0.0511297463 -0.0311954108 -0.0316956197
v -0.0520901451 -0.0139273167 -0.031979222
v -0.0519765368 0.00176536578 -0.0316170248
v -0.0519165551 0.0172451355 -0.0318469363
v -0.0513928637 -0.0161813253 -0.0310428382
v -0.0514425116 0.012990384 -0.0309900759
v -0.0463936082 -0.0533659226 -0.0317128142
v -0.0481173878 -0.0484480652 -0.0313821132
v -0.0503401065 -0.0372891533 -0.0314019417
v -0.0505954117 -0.0302408924 -0.0309322204
v -0.0495482315 -0.043366845 -0.0317630125
v -0.048987325 -0.0433321183 -0.0310036732
v -0.0456305069 -0.040108601 -0.0280983717
v -0.0437149736 -0.0480539669 -0.0280709588
v -0.0458993524 -0.0530498259 -0.0309685711
v -0.0475502324 -0.0184704402 -0.0282033521
v -0.0466888599 -0.0298107462 -0.0280423992
v -0.0459093864 -0.0312870205 -0.0277833315
v -0.044032715 -0.0442222148 -0.0278020685
v -0.0473089364 -0.00730157821 -0.0279767002
v -0.0468262259 -0.0102927753 -0.0278284744
v -0.0475603559 -0.00496986665 -0.0280879234
v -0.0463197463 -0.0124119626 -0.0277706044
v -0.0478079747 0.000872848709 -0.0283391681
v -0.0452989699 -0.0155058598 -0.0277650601
v -0.0436689542 -0.0193581853 -0.0277650601
v -0.0416787321 -0.0230944956 -0.0277650601
v -0.0393612811 -0.0266431254 -0.0277650601
v -0.0367375472 -0.029971381 -0.0277650601
v -0.0416169713 -0.0511186583 -0.0277785555
v -0.0338238257 -0.0330596319 -0.0277650601
v -0.0305707128 -0.0359436058 -0.0277650601
v -0.0475502356 0.0184704726 -0.0282033521
v -0.0475603569 0.00671556793 -0.0280879234
v -0.0473089379 0.0090472759 -0.0279767002
v -0.0413652492 -0.0533324004 -0.0280948996
v -0.038624096 -0.0552214425 -0.0277847023
v -0.0270455984 -0.0385346118 -0.0277650601
v -0.0309498493 -0.0580420163 -0.0277788175
v -0.0243272874 -0.0402097757 -0.0277650601
v -0.0215114698 -0.0417245513 -0.0277650601
v -0.0176020467 -0.043437061 -0.0277650601
v -0.050595417 0.0302408632 -0.0309322146
v -0.0439759469 -0.0565072676 -0.0311084354
v -0.000236057446 -0.0597548438 -0.0277664687
v -0.0145767777 -0.0444818592 -0.0277650601
v -0.0114942563 -0.0453483847 -0.0277650601
v -0.00729845448 -0.0461713272 -0.0277650601
v -0.00411547692 -0.046534371 -0.0277650601
v -0.000299438471 -0.0467581325 -0.027765063
v -0.0111200874 -0.0601921764 -0.0280330132
v -0.050340113 0.0372891329 -0.0314019417
v -0.0439018019 -0.0573499225 -0.0317799975
v -0.0469028494 -0.0554334763 -0.0375074509
v -0.0489911188 -0.0584087203 -0.0558369618
v -0.0457227791 -0.0580409931 -0.0400033692
v -0.0469325785 -0.0610470929 -0.0579874206
v -0.0420520497 -0.0584035217 -0.0309836993
v -0.0433308748 -0.0599635686 -0.0384317158
v -0.0470082949 -0.0620650227 -0.0640932238
v -0.0386264679 -0.0562631501 -0.0281272805
v -0.0415084162 -0.0595804457 -0.0317384605
v -0.0439140571 -0.0623137845 -0.0532411388
v -0.045880306 -0.0626823556 -0.0641140039
v -0.0357454039 -0.0576143417 -0.0280397129
v -0.0394147535 -0.0603310391 -0.0309911236
v -0.0409785022 -0.0615578472 -0.0383413921
v -0.0392234045 -0.061038041 -0.0317897007
v -0.0442576452 -0.0635528801 -0.0629476155
v -0.0448476992 -0.0628559365 -0.064303109
v -0.0446291325 -0.0615610082 -0.0652873947
v -0.0431250639 -0.062437499 -0.0646200962
v -0.0410691517 -0.0643737184 -0.0632624549
v -0.0417555482 -0.062926548 -0.064250268
v -0.0394632228 -0.0633646361 -0.0639517617
v -0.043580562 -0.0636068618 -0.0636846875
v -0.0431391704 -0.0639416606 -0.0632168842
v -0.0423118212 -0.0643265354 -0.0626702211
v -0.0372470241 -0.0653963452 -0.0626035559
v -0.0394988517 -0.0636728864 -0.0470519153
v -0.0384928281 -0.06546595 -0.061691273
v -0.0336476922 -0.0658435253 -0.0519966183
v -0.037490213 -0.0630094935 -0.0376989745
v -0.0342358893 -0.0663412357 -0.0613852753
v -0.0311356765 -0.0668687657 -0.0610725838
v -0.0303230307 -0.0664408171 -0.0619508501
v -0.0291122329 -0.0644438343 -0.0632161798
v -0.0299743467 -0.0633672139 -0.0639415521
v -0.0277321351 -0.0648306241 -0.0619842671
v -0.0258630347 -0.0650311494 -0.0608623086
v -0.0267769821 -0.0665618479 -0.0598400657
v -0.0235574598 -0.0651577217 -0.0595601683
v -0.0204858981 -0.0670026598 -0.0563997077
v -0.021119656 -0.0652463427 -0.0583399611
v -0.0184265636 -0.0653068551 -0.0571700162
v -0.0160252384 -0.067088411 -0.0547283911
v -0.0156808922 -0.0653498645 -0.0561485183
v -0.015661813 -0.0676058072 -0.0531288621
v -0.0241033077 -0.06744583 -0.0562910049
v -0.0147944199 -0.0676057722 -0.0519228459
v -0.0270687451 -0.0672238495 -0.0568171963
v -0.0227015218 -0.066783904 -0.047562804
v -0.0133705994 -0.0676020177 -0.0511686318
v -0.0111200868 -0.0667509574 -0.042274443
v -0.0281025511 -0.0659846085 -0.0453192653
v -0.0261827169 -0.0652040902 -0.0381776452
v -0.011120087 -0.064856787 -0.0316421007
v -0.0328547323 -0.064435511 -0.0392591057
v -0.0245882666 -0.0641636456 -0.0317553495
v -0.0111200871 -0.0639046727 -0.0308820861
v -0.0317786678 -0.0632662994 -0.0317692291
v -0.0266552527 -0.0634904858 -0.0310758129
v -0.0356551584 -0.062394023 -0.0317377475
v -0.0302535809 -0.0590208653 -0.0280854612
v -0.0328606318 -0.0625627202 -0.0310255418
v -0.0362319614 -0.0616924752 -0.0310370931
v 0.0104302168 0.0597589251 -0.0277664658
v 0.0096862643 0.0475961112 -0.0277638988
v 0.00724982036 0.0480238937 -0.0277650601
v 0.00483531817 0.0483248911 -0.0277650601
v 0.00236401278 0.048507497 -0.0277650601
v -0.000299446799 0.0485038443 -0.0277650659
v -0.00411548521 0.0482800821 -0.0277650601
v -0.0072984627 0.0479170377 -0.0277650601
v -0.0114942644 0.0470940974 -0.0277650601
v -0.0145767856 0.0462275655 -0.0277650601
v -0.0176020545 0.0451827697 -0.0277650601
v -0.0309498653 0.058042005 -0.0277788175
v -0.0215114773 0.0434702593 -0.0277650601
v -0.0243272946 0.0419554832 -0.0277650601
v -0.0270456053 0.0402803247 -0.0277650601
v -0.0160100617 0.0601882858 -0.0280323875
v 0.0104302167 0.0604284704 -0.0280179316
v 0.0110716052 0.0644564405 -0.0308772956
v -0.0386241057 0.0552214357 -0.0277847023
v -0.0305707192 0.0376893093 -0.0277650601
v -0.0416169774 0.051118651 -0.0277785526
v -0.0338238316 0.0348053377 -0.0277650601
v -0.0367375526 0.0317170893 -0.0277650601
v -0.0302535795 0.05902086 -0.0280854612
v -0.0357454169 0.0576143355 -0.0280397129
v -0.0266552522 0.0634904753 -0.03107581
v -0.0190250762 0.06390467 -0.0308820861
v -0.0328606573 0.0625627087 -0.031025536
v -0.0110510932 0.0648601553 -0.0316442922
v -0.024588304 0.0641636413 -0.0317553582
v -0.0317786497 0.0632663055 -0.0317692291
v -0.000757633595 0.0649960129 -0.0316456833
v -0.00803744116 0.0666768283 -0.0414971204
v 0.0110716051 0.0648510128 -0.0315985293
v 0.0115268282 0.0665741866 -0.0413469475
v 0.0139028939 0.0675873377 -0.051154301
v -0.0133706039 0.0676020153 -0.0511686318
v -0.0261827283 0.0652040972 -0.0381776801
v -0.0227015087 0.0667839 -0.0475627778
v -0.0147944303 0.0676057696 -0.0519228459
v -0.0328547436 0.0644354994 -0.0392590679
v -0.0241033195 0.0674458258 -0.0562910107
v -0.0156618248 0.0676058044 -0.0531288679
v -0.0311356853 0.0668687544 -0.0610725838
v -0.0204858996 0.0670026562 -0.0563997077
v -0.0160252487 0.0670884082 -0.0547283911
v -0.0281025277 0.0659846036 -0.0453192129
v -0.0336476979 0.0658435194 -0.0519965892
v -0.0270687481 0.0672238448 -0.0568171847
v -0.0374902386 0.063009487 -0.0376989978
v -0.018426575 0.0653068519 -0.0571700162
v -0.0156809036 0.0653498618 -0.0561485183
v -0.0211196674 0.065246339 -0.0583399611
v -0.0235574712 0.0651577176 -0.0595601683
v -0.0267770287 0.0665618433 -0.0598400831
v -0.0303230481 0.0664408118 -0.0619508501
v -0.025863046 0.0650311448 -0.0608623086
v -0.0277075828 0.0648882332 -0.0620357401
v -0.0288194422 0.0645787663 -0.0629739254
v -0.0293220886 0.0642307484 -0.0633858785
v -0.0299662349 0.0633817547 -0.0639232108
v -0.0372470588 0.0653963329 -0.0626035617
v -0.0342358951 0.0663412297 -0.0613852812
v -0.0423118266 0.0643265338 -0.0626702211
v -0.0384928599 0.0654659375 -0.0616912846
v -0.0394988511 0.0636728795 -0.0470518658
v -0.0442576563 0.0635528724 -0.0629476155
v -0.0439140534 0.0623137652 -0.0532410049
v -0.0470083057 0.0620650145 -0.0640932238
v -0.0469325979 0.0610470847 -0.0579874555
v -0.0409785072 0.0615578458 -0.0383413862
v -0.0433308823 0.0599635611 -0.0384317071
v -0.0457227979 0.0580409851 -0.0400033809
v -0.0469028736 0.0554334564 -0.0375074771
v -0.0439018119 0.0573499148 -0.0317799917
v -0.0463936175 0.0533659145 -0.0317128142
v -0.0415084208 0.0595804384 -0.0317384605
v -0.0392234064 0.0610380341 -0.0317896978
v -0.0481173991 0.0484480539 -0.0313821132
v -0.0356551722 0.0623940168 -0.0317377504
v -0.036231946 0.0616924806 -0.0310370961
v -0.039414767 0.0603310322 -0.0309911236
v -0.0420520482 0.0584035318 -0.0309837022
v -0.0386264777 0.0562631375 -0.0281272776
v -0.0413652614 0.0533323932 -0.0280948996
v -0.0439759655 0.05650726 -0.0311084412
v -0.0458993588 0.0530498237 -0.0309685711
v -0.0437149849 0.0480539593 -0.0280709588
v -0.0440327227 0.0442222042 -0.0278020685
v -0.0459093948 0.031286995 -0.0277833344
v -0.0393612859 0.0283888303 -0.0277650601
v -0.0416787363 0.0248401971 -0.0277650601
v -0.0436689578 0.0211038865 -0.0277650601
v -0.0452989727 0.0172515637 -0.0277650601
v -0.0463197486 0.0141576663 -0.0277706044
v -0.0468262278 0.0120384752 -0.0278284715
v -0.0456305168 0.0401085785 -0.0280983746
v -0.0466888593 0.0298107468 -0.0280423963
v -0.0489873267 0.0433321505 -0.0310036761
v -0.049548239 0.0433668567 -0.0317630125
v 0.0096862643 0.0475961112 -0.0277638988
v 0.0104302168 0.0597589251 -0.0277664658
v 0.0120607236 0.0470537325 -0.0277638988
v 0.0144369118 0.0463836344 -0.0277638988
v 0.0342586406 0.0574414415 -0.0277815852
v 0.0167464463 0.0456048481 -0.0277638988
v 0.0190382406 0.0447011366 -0.0277638988
v 0.0212586621 0.0436933933 -0.0277638988
v 0.0234426661 0.0425660188 -0.0277638988
v 0.0255506653 0.041339182 -0.0277638988
v 0.0104302167 0.0604284704 -0.0280179316
v 0.0392105994 0.0546102563 -0.0277767744
v 0.0276046363 0.0400003652 -0.0277638988
v 0.0295780333 0.0385665826 -0.0277638988
v 0.042844673 0.0483198071 -0.0277835206
v 0.0314810979 0.0370307067 -0.0277638988
v 0.0332990834 0.0354043266 -0.0277638988
v 0.035031978 0.0336877567 -0.0277638988
v 0.0451344615 0.0373465485 -0.0277750194
v 0.0366752852 0.0318851354 -0.0277638988
v 0.0382205358 0.0300060904 -0.0277638988
v 0.0396716937 0.028045444 -0.0277638988
v 0.0410138025 0.0260237844 -0.0277638988
v 0.0422572754 0.0239249996 -0.0277638988
v 0.0433828954 0.0217820236 -0.0277638988
v 0.0444052782 0.0195664553 -0.0277638988
v 0.0453032975 0.017324676 -0.0277638988
v 0.0463606981 0.0141567242 -0.0277868996
v 0.0469436526 0.0261001592 -0.0280051376
v 0.0470031247 0.011172074 -0.0278820982
v 0.0473340733 0.00876012759 -0.0280243898
v 0.0477410702 0.00592825835 -0.0282008405
v 0.0515018524 0.008745683 -0.0310395029
v 0.0479621199 0.00288268458 -0.028377361
v 0.0479999987 0.000872857085 -0.0284054317
v 0.0479999988 -0.000319183674 -0.0284054317
v 0.0457099488 0.0393248378 -0.0280756649
v 0.051558519 -0.00768219165 -0.0310847099
v 0.0477410711 -0.00418253895 -0.0282008405
v 0.0469436572 -0.0261001684 -0.0280051405
v 0.0473340747 -0.00701441118 -0.0280243898
v 0.0470031265 -0.0094263555 -0.0278820982
v 0.0463607004 -0.0124110087 -0.0277868996
v 0.045134468 -0.0373465261 -0.0277750194
v 0.0453033003 -0.0155789593 -0.0277638988
v 0.0444052815 -0.0178207357 -0.0277638988
v 0.043382899 -0.0200363056 -0.0277638988
v 0.0422572795 -0.0221792848 -0.0277638988
v 0.0410138069 -0.0242780684 -0.0277638988
v 0.0396716984 -0.0262997253 -0.0277638988
v 0.0382205409 -0.0282603748 -0.0277638988
v 0.0366752906 -0.0301394172 -0.0277638988
v 0.0350319837 -0.0319420446 -0.0277638988
v 0.0428446815 -0.0483197967 -0.0277835206
v 0.0332990894 -0.033658609 -0.0277638988
v 0.0314811043 -0.0352849923 -0.0277638988
v 0.0295780398 -0.0368208715 -0.0277638988
v 0.0457099557 -0.0393248152 -0.0280756649
v 0.039210606 -0.0546102494 -0.0277767744
v 0.0276046431 -0.0382546515 -0.0277638988
v 0.0255506724 -0.0395934657 -0.0277638988
v 0.0342586535 -0.0574414356 -0.0277815852
v 0.0234426733 -0.0408203088 -0.0277638988
v 0.0212586696 -0.0419476837 -0.0277638988
v 0.0190382483 -0.0429554244 -0.0277638988
v 0.0167464541 -0.0438591334 -0.0277638988
v 0.0144369197 -0.0446379259 -0.0277638988
v -0.000236057446 -0.0597548438 -0.0277664687
v 0.0120607317 -0.0453080186 -0.0277638988
v 0.00968627247 -0.0458504065 -0.0277638988
v 0.0072498286 -0.0462781806 -0.0277650601
v 0.00483532647 -0.0465791756 -0.0277650601
v 0.00236402111 -0.0467617878 -0.0277650601
v -0.000299438471 -0.0467581325 -0.027765063
v 0.0111421856 -0.0603793994 -0.0280088803
v -0.0111200874 -0.0601921764 -0.0280330132
v 0.0033196391 -0.0644551587 -0.0308752671
v -0.0111200871 -0.0639046727 -0.0308820861
v -0.011120087 -0.064856787 -0.0316421007
v -0.000621967909 -0.0650379924 -0.0317182596
v -0.0111200868 -0.0667509574 -0.042274443
v 0.0221166554 -0.0637275613 -0.0308816961
v 0.0108939718 -0.0648627106 -0.0316081045
v 0.00858156565 -0.0667401757 -0.0420024735
v 0.0296771432 -0.059071169 -0.0280371401
v 0.0139029115 -0.0675873353 -0.051154301
v -0.0133705994 -0.0676020177 -0.0511686318
v 0.0184267613 -0.0658148301 -0.0383105536
v 0.0200057604 -0.0645368517 -0.0318344042
v 0.028688379 -0.0657400732 -0.0434070185
v 0.0226074714 -0.0669351061 -0.0487776211
v 0.0280158184 -0.063485318 -0.0311924465
v 0.0326619568 -0.0629506395 -0.0313582044
v 0.0282416613 -0.06384528 -0.0318943436
v 0.0361403239 -0.057651728 -0.0281283981
v 0.0224850476 -0.0675318277 -0.055521453
v 0.0158333002 -0.0676274402 -0.053231261
v 0.030268915 -0.0670273354 -0.0598526385
v 0.0394375781 -0.0556158158 -0.0281136337
v 0.0417745834 -0.0524156399 -0.0280369131
v 0.0440053363 -0.0477090236 -0.0281690736
v 0.0370895167 -0.0635823202 -0.0395000185
v 0.0350672169 -0.0654899368 -0.0508844852
v 0.0363115595 -0.0618324409 -0.031156058
v 0.0395063043 -0.0603516493 -0.0310398202
v 0.0366251708 -0.0622518852 -0.032114776
v 0.0397147868 -0.0608067634 -0.0318512379
v 0.0416111284 -0.0616889643 -0.0387709035
v 0.0424528226 -0.0591300973 -0.0323157554
v 0.0420037243 -0.0586217989 -0.0310846197
v 0.0441500734 -0.0565073531 -0.0312391378
v 0.0465623444 -0.0576187699 -0.0387276436
v 0.0452979108 -0.0548849017 -0.0313013996
v 0.0450703659 -0.0600812801 -0.0416951138
v 0.0488880026 -0.0594152211 -0.0547853066
v 0.0464362844 -0.0608023623 -0.0499212125
v 0.0434873681 -0.0631038294 -0.0529855723
v 0.0471407194 -0.0614649575 -0.0582022185
v 0.0394124623 -0.064415749 -0.0511061051
v 0.0375257775 -0.0657022898 -0.0617646088
v 0.0417606845 -0.0645083804 -0.0625896675
v 0.0312726188 -0.0667703834 -0.0615203462
v 0.0440950765 -0.063616732 -0.0630076567
v 0.0381153076 -0.065158409 -0.0627821719
v 0.0248057739 -0.0667146036 -0.0586955051
v 0.0304004265 -0.0664587746 -0.0619543134
v 0.0197167581 -0.0669012178 -0.0562525587
v 0.0160924232 -0.0670897353 -0.0547375239
v 0.015798502 -0.0653687269 -0.0561732275
v 0.0199805042 -0.0653061183 -0.0578151492
v 0.0228820586 -0.0652271769 -0.0591823889
v 0.0251653283 -0.0651265996 -0.0604256813
v 0.0277255107 -0.0649407016 -0.0619641913
v 0.0291362141 -0.0645295575 -0.063169538
v 0.0399599722 -0.0634109916 -0.063961104
v 0.0299254226 -0.0632841638 -0.0638998521
v 0.0417451721 -0.0641786166 -0.0633896154
v 0.0432483674 -0.0623896156 -0.0646618428
v 0.0431099031 -0.0636412957 -0.0637307996
v 0.0446220826 -0.0615755057 -0.0652898219
v 0.0430263955 -0.0639484168 -0.0632292475
v 0.0457614657 -0.0627164107 -0.0639793696
v 0.0470467984 -0.0608677644 -0.0658950943
v 0.0460046134 -0.060533245 -0.0661954866
v 0.0469958752 -0.0591956271 -0.0674166426
v 0.0487596372 -0.0592464597 -0.0673736155
v 0.0477522575 -0.0581317423 -0.0686369021
v 0.0467122616 -0.0620234193 -0.0647106441
v 0.0470525115 -0.0619933725 -0.0639476115
v 0.0485616265 -0.0607982643 -0.0650606293
v 0.0485146558 -0.0605408817 -0.0658272184
v 0.0496200163 -0.0596183716 -0.0661712664
v 0.0490651458 -0.057864831 -0.0689499197
v 0.0483093687 -0.056599542 -0.0705710205
v 0.0501154507 -0.0581175802 -0.0680533121
v 0.0497323277 -0.0559883614 -0.0715383037
v 0.0486777154 -0.0552169412 -0.0728789193
v 0.050091667 -0.0572258679 -0.0693319074
v 0.050067691 -0.0544556547 -0.0744565215
v 0.048798796 -0.0539227521 -0.0757813978
v 0.0492924689 -0.0454476613 -0.0983986421
v 0.0487747294 -0.0472075147 -0.0936253055
v 0.048312735 -0.0447391752 -0.100273069
v 0.0512858728 -0.0567868249 -0.068581989
v 0.0506982372 -0.0548979456 -0.0727269915
v 0.0459602399 -0.0391070167 -0.115242356
v 0.047493139 -0.0428263464 -0.105317682
v 0.0461199909 -0.0406367198 -0.111184292
v 0.044386881 -0.0389358921 -0.115736807
v 0.0421013046 -0.0371760943 -0.120386528
v 0.0394593227 -0.0342873851 -0.128068577
v 0.0383766515 -0.0348628523 -0.126577087
v 0.03493471 -0.0322144099 -0.133596407
v 0.0339698279 -0.0327630113 -0.132103311
v 0.0300187761 -0.030451015 -0.138300448
v 0.0303347186 -0.0313868516 -0.135739252
v 0.027629273 -0.0305214844 -0.138086185
v 0.0246965556 -0.0297198312 -0.140204199
v 0.0216003897 -0.029003822 -0.142092782
v 0.0183897423 -0.0283986896 -0.14376886
v 0.0204655919 -0.0281752535 -0.144328817
v 0.0149700873 -0.0278779904 -0.145065377
v 0.0136131168 -0.0271904183 -0.146950828
v 0.0172000969 -0.0269932366 -0.146330253
v 0.0118444202 -0.0262355218 -0.148038846
v 0.0238783013 -0.0283401526 -0.143096433
v 0.00626025148 -0.0259654591 -0.149037316
v 0.002632101 -0.0193529498 -0.150599249
v 0.00960888733 -0.0182108145 -0.150202971
v 0.0200204656 -0.0205143497 -0.147179631
v 0.0148546052 -0.015725117 -0.149645028
v 0.00864283743 -0.0109243672 -0.151213899
v 0.00273285648 -0.00907136394 -0.151758583
v 0.0248782413 -0.0201382827 -0.145275798
v -0.00661668968 -0.00795465443 -0.151603681
v -0.00819933875 0.00303120724 -0.151628593
v -0.00403860722 -3.53066247e-10 -0.151938957
v 0.0289970416 -0.0203530744 -0.143103325
v -0.000202427577 -1.76967483e-11 -0.151995011
v -0.00331362508 0.00526907687 -0.151896256
v -0.00562306503 0.0144224565 -0.151103979
v 0.0284124599 -0.0294608621 -0.140130916
v 0.0328765269 -0.0203787058 -0.140685285
v 0.0330674111 -0.0307155133 -0.136421691
v 0.0371741065 -0.0246348729 -0.135848299
v 0.0366974912 -0.0322812845 -0.132495549
v 0.0438197799 -0.0244390181 -0.129436213
v 0.0401763188 -0.0338228675 -0.128116808
v 0.0503229929 -0.0231439029 -0.1223539
v 0.0432604723 -0.0365426057 -0.121901603
v 0.046521515 -0.0279607996 -0.124143949
v 0.0438641119 -0.0361621662 -0.121836411
v 0.0550020216 -0.0235794704 -0.115065114
v 0.0466373812 -0.0384773262 -0.115413452
v 0.0501293014 -0.0273688653 -0.119562261
v 0.0559618021 -0.0256769048 -0.110983441
v 0.0481884759 -0.0411825562 -0.108840177
v 0.0573672377 -0.0255180385 -0.106866658
v 0.0570343249 -0.0272318264 -0.106085185
v 0.0586951875 -0.0282611676 -0.0978211407
v 0.05922118 -0.0165584533 -0.100601732
v 0.0577470314 -0.0297051542 -0.099924847
v 0.0585157103 -0.0320160419 -0.0921068829
v 0.0493416309 -0.0432348767 -0.102805952
v 0.0605471037 -0.0141825125 -0.0922951382
v 0.0499634753 -0.0458918526 -0.0962610648
v 0.0501705784 -0.049045957 -0.0885188056
v 0.0604075784 0.00376494191 -0.0953486888
v 0.0507114207 -0.0493444516 -0.0866341405
v 0.0508678599 -0.0529552183 -0.07692246
v 0.0607638314 0.0170057241 -0.0881311717
v 0.0507807345 -0.0505833435 -0.0833931786
v 0.0610550353 -0.0132094317 -0.0864762114
v 0.0611634921 0.00448505223 -0.0880149135
v 0.0600350811 -0.0269285875 -0.0860171916
v 0.059057833 -0.0301258907 -0.0923863845
v 0.0591519842 -0.0332622184 -0.0850245764
v 0.0585749718 -0.035365238 -0.0843873771
v 0.0577987613 -0.039205602 -0.080879411
v 0.0567151913 -0.0448013461 -0.0757025962
v 0.0581243809 -0.039795263 -0.0783124531
v 0.0594224868 -0.033403436 -0.0769382925
v 0.0607765648 -0.0218280043 -0.0742855715
v 0.0535799757 -0.0483679014 -0.0784113596
v 0.0546985873 -0.0495675729 -0.0736459449
v 0.0526560169 -0.0543237327 -0.0701984682
v 0.0530128648 -0.0542612118 -0.068923604
v 0.0555947291 -0.0482145241 -0.0725558435
v 0.0553308097 -0.0485959444 -0.0647409412
v 0.0574841725 -0.0421419893 -0.0669151603
v 0.0588620462 -0.0353179704 -0.0667304965
v 0.0599212794 -0.0279914448 -0.0677082222
v 0.0507594486 -0.0581845073 -0.0666240754
v 0.0508399149 -0.0575597237 -0.0600316271
v 0.0530649256 -0.053659135 -0.0620014849
v 0.0501385241 -0.0567960858 -0.0510985963
v 0.0529637547 -0.051655476 -0.0528023229
v 0.055740312 -0.0453455791 -0.0574462349
v 0.0577489004 -0.0367082634 -0.0574994017
v 0.0588938036 -0.0273309102 -0.0568752293
v 0.0552599124 -0.0437602469 -0.0511008722
v 0.0605541817 -0.0137902976 -0.0636290759
v 0.0611622528 -0.00179443425 -0.0680668105
v 0.0567763435 -0.0356341866 -0.0503480376
v 0.0612459099 -0.0129016528 -0.0777766632
v 0.0614340766 5.42782465e-09 -0.0810144586
v 0.0612459076 0.0129016592 -0.0777766516
v 0.0522929403 -0.0484670991 -0.0435028924
v 0.0541794559 -0.0430201715 -0.0450540625
v 0.0506809435 -0.0523425129 -0.0428449654
v 0.0485527698 -0.0561382579 -0.0420746248
v 0.048357512 -0.0529425933 -0.0360065402
v 0.0498042717 -0.048620817 -0.0355531141
v 0.0526706144 -0.04300454 -0.0395336392
v 0.0468582979 -0.0515767041 -0.0312598364
v 0.0479354915 -0.0484337901 -0.0312181975
v 0.0488808942 -0.0447572224 -0.0311995391
v 0.0550049213 -0.0353671562 -0.0427487452
v 0.0514662628 -0.0419980016 -0.0354924618
v 0.0499005696 -0.038905484 -0.0311701267
v 0.0529147482 -0.0343686244 -0.036199257
v 0.0507549934 -0.0309552109 -0.0311325479
v 0.0559523958 -0.0266827652 -0.0425300357
v 0.0513068941 -0.0197326414 -0.0310979056
v 0.0537513836 -0.0260243145 -0.0362654508
v 0.0546673208 -0.0133442674 -0.0369794929
v 0.0578801288 -0.0268399636 -0.0503185438
v 0.0574608171 -0.0143460384 -0.0453515764
v 0.0578984502 -5.86179125e-08 -0.0459713279
v 0.0545018638 0.00687194228 -0.0363186409
v 0.0595668633 -0.0123604192 -0.0549460412
v 0.0599142048 -2.05290193e-08 -0.0563104113
v 0.0513068907 0.0197326838 -0.0310979056
v 0.050754988 0.0309551965 -0.0311325479
v 0.0537513849 0.0260243298 -0.0362654508
v 0.0553319045 0.013124626 -0.0386954052
v 0.0595668553 0.0123604355 -0.0549460296
v 0.0605541851 0.013790346 -0.0636291283
v 0.0574608146 0.0143460718 -0.0453515764
v 0.0559523911 0.0266827692 -0.0425300415
v 0.052914748 0.0343686336 -0.0361992628
v 0.0578801241 0.0268399737 -0.0503185438
v 0.0588937988 0.0273309147 -0.0568752468
v 0.0610175355 0.0150246934 -0.0707514642
v 0.0567763372 0.0356342082 -0.0503480318
v 0.0599212687 0.027991496 -0.0677082106
v 0.0605534566 0.0241523007 -0.077779725
v 0.0600350706 0.0269286125 -0.0860171742
v 0.0594224868 0.0334034231 -0.0769382867
v 0.0588620458 0.0353179545 -0.0667305081
v 0.0590578277 0.0301259039 -0.0923863729
v 0.0591519784 0.0332622171 -0.085024588
v 0.0581243681 0.039795279 -0.0783124473
v 0.0585749598 0.035365254 -0.084387383
v 0.0577987487 0.0392056412 -0.0808793877
v 0.0567151893 0.0448013443 -0.0757026079
v 0.0577488882 0.0367083026 -0.0574993785
v 0.0574841651 0.0421419965 -0.0669151603
v 0.0535799672 0.0483679108 -0.0784113596
v 0.0546985903 0.0495675475 -0.0736459682
v 0.0557403041 0.0453455772 -0.0574462349
v 0.0553308012 0.0485959569 -0.0647409179
v 0.0552599105 0.0437602333 -0.0511008664
v 0.0555947206 0.0482145425 -0.0725558435
v 0.0530128553 0.0542612269 -0.0689235923
v 0.0526560074 0.0543237419 -0.070198474
v 0.0512858745 0.0567868222 -0.0685819949
v 0.0529637457 0.0516554911 -0.0528023578
v 0.0530649221 0.0536591268 -0.0620014791
v 0.0501154347 0.0581176064 -0.0680532889
v 0.0485146453 0.060540896 -0.0658272125
v 0.0496200059 0.0596183861 -0.0661712547
v 0.0507594443 0.0581845103 -0.0666240812
v 0.0508399048 0.0575597326 -0.0600316154
v 0.0488879864 0.0594152297 -0.0547853124
v 0.0485616159 0.0607982728 -0.0650606351
v 0.0501385142 0.0567960946 -0.0510985905
v 0.0465623373 0.0576187781 -0.0387276581
v 0.0470525123 0.0619933691 -0.0639476173
v 0.0471407145 0.0614649541 -0.0582021952
v 0.0457614605 0.0627164129 -0.0639793696
v 0.0440950624 0.0636167397 -0.0630076567
v 0.0430264134 0.0639484127 -0.0632292533
v 0.0417606732 0.0645083877 -0.0625896675
v 0.0434873512 0.063103837 -0.0529855955
v 0.0464362767 0.0608023704 -0.0499212416
v 0.037525766 0.0657022963 -0.0617646088
v 0.0450703612 0.0600812821 -0.0416951108
v 0.039412454 0.06441575 -0.0511060876
v 0.0416111147 0.0616889716 -0.0387708918
v 0.0350671559 0.0654899546 -0.0508845318
v 0.0286883355 0.0657400898 -0.043407036
v 0.0261649809 0.0673610449 -0.0573511526
v 0.0384269634 0.0633896071 -0.0410580775
v 0.0218064771 0.0675534732 -0.0547111908
v 0.0139028939 0.0675873377 -0.051154301
v 0.0115268282 0.0665741866 -0.0413469475
v 0.0336162952 0.0641273364 -0.0382112368
v 0.0326619603 0.0629506452 -0.0313582044
v 0.0366251454 0.0622518975 -0.032114776
v 0.0209119113 0.066172153 -0.0416484545
v 0.0200057302 0.0645368552 -0.0318344013
v 0.0110716051 0.0648510128 -0.0315985293
v 0.0282416384 0.0638452849 -0.0318943436
v 0.022116586 0.0637275652 -0.0308816903
v 0.0110716052 0.0644564405 -0.0308772956
v 0.0280158102 0.0634853345 -0.0311924494
v 0.02967713 0.0590711742 -0.0280371401
v 0.0361403196 0.0576517343 -0.028128401
v 0.0363115546 0.0618324472 -0.031156058
v 0.0394375713 0.0556158286 -0.0281136367
v 0.0397147761 0.0608067703 -0.0318512437
v 0.0395062938 0.0603516562 -0.0310398202
v 0.0424528123 0.0591300989 -0.0323157525
v 0.0420037198 0.0586218005 -0.0310846197
v 0.0441500722 0.0565073608 -0.0312391378
v 0.0417745772 0.0524156356 -0.0280369102
v 0.0452978954 0.0548849213 -0.0313013996
v 0.0452978954 0.0548849213 -0.0313013996
v 0.044005328 0.0477090313 -0.0281690736
v 0.0468582947 0.0515767007 -0.0312598364
v 0.047935483 0.0484337956 -0.0312181975
v 0.0483575085 0.0529426018 -0.0360065402
v 0.0468582947 0.0515767007 -0.0312598364
v 0.0488808747 0.0447572572 -0.0311995391
v 0.04855276 0.0561382664 -0.0420746277
v 0.0506809343 0.0523425276 -0.0428449712
v 0.0498042632 0.0486208257 -0.0355531229
v 0.0522929318 0.0484670907 -0.0435028545
v 0.0499005628 0.0389055043 -0.0311701267
v 0.0514662555 0.041997996 -0.035492453
v 0.0541794484 0.0430201781 -0.0450540625
v 0.052670601 0.0430045812 -0.039533645
v 0.0550049093 0.0353671833 -0.0427487452
v 0.015798502 -0.0653687269 -0.0561732275
v 0.0158707479 -0.0652502219 -0.0547404226
v 0.015879616 -0.0671771225 -0.0541742833
v 0.0154324777 -0.0651116819 -0.0529368117
v 0.0147033163 -0.0673362681 -0.0520833011
v 0.0136690038 -0.0650332763 -0.0514491519
v 0.0131290261 -0.0673187361 -0.0513451349
v -0.0131704786 -0.0673471147 -0.0514443207
v 0.00290654868 -0.0652034473 -0.0513270206
v -0.00857878562 -0.0651390183 -0.0513999956
v -0.0134099509 -0.0650262181 -0.0514898391
v -0.0146099162 -0.067322912 -0.0521431793
v -0.0153040791 -0.0650883316 -0.0528656878
v -0.0157420086 -0.0672123933 -0.0539981236
v -0.0157721356 -0.0652403992 -0.0548343698
v -0.0156808922 -0.0653498645 -0.0561485183
v 0.015879616 -0.0671771225 -0.0541742833
v 0.0160924232 -0.0670897353 -0.0547375239
v 0.015798502 -0.0653687269 -0.0561732275
v 0.0158333002 -0.0676274402 -0.053231261
v 0.0147033163 -0.0673362681 -0.0520833011
v 0.0139029115 -0.0675873353 -0.051154301
v 0.0131290261 -0.0673187361 -0.0513451349
v -0.0131704786 -0.0673471147 -0.0514443207
v -0.0133705994 -0.0676020177 -0.0511686318
v -0.0146099162 -0.067322912 -0.0521431793
v -0.0147944199 -0.0676057722 -0.0519228459
v -0.015661813 -0.0676058072 -0.0531288621
v -0.0157420086 -0.0672123933 -0.0539981236
v -0.0160252384 -0.067088411 -0.0547283911
v -0.0156808922 -0.0653498645 -0.0561485183
v -0.00634230131 0.021219528 -0.150044705
v -0.00764365911 0.0256743537 -0.148927944
v -0.0116998185 0.0261732571 -0.148061535
v -0.0122549579 0.0154288344 -0.150093343
v -0.0154147079 0.0268399615 -0.146906124
v -0.0150406519 0.0208344923 -0.148560188
v -0.0157556447 0.00986448439 -0.149910571
v -0.018554514 0.0150401857 -0.148570142
v -0.0212700678 0.0219181307 -0.146280578
v -0.0203357917 0.0276423769 -0.144922012
v -0.0254044154 0.0222411203 -0.144414941
v -0.0267858147 0.0287530717 -0.141442032
v -0.0297001931 0.0215340351 -0.142434367
v -0.0330630448 0.0228631907 -0.139893941
v -0.0324046208 0.0310070784 -0.136482459
v -0.0366055427 0.0231216135 -0.137282535
v -0.0330071952 0.0305206079 -0.136574521
v -0.0378380704 0.0328137914 -0.131097774
v -0.0395241245 0.0257788482 -0.133665337
v -0.0403967366 0.0336879683 -0.12794456
v -0.0301385036 0.0328786121 0.000997323878
v -0.0265369922 0.0359493576 0.00100649531
v -0.0281590299 0.032824159 0.00250123812
v -0.0329525934 0.0289164833 0.00174415291
v -0.0220835461 0.0389160016 0.00100093939
v -0.0353169765 0.0244909663 0.00250114826
v -0.0185852672 0.0391467982 0.00249787736
v -0.036971701 0.0247223474 0.000982118763
v -0.0166835983 0.0408435138 0.00171787397
v -0.0394563816 0.0165801737 0.00250012981
v -0.0411904548 0.0163670462 0.000971041391
v -0.0101668564 0.0421788564 0.00250014891
v -0.041815453 0.0083732615 0.00249826498
v -0.0422274179 0.0102460711 0.00169087562
v -0.0436503329 0.00583919846 0.00100044008
v -0.0125866887 0.043029046 0.000998267569
v -0.0107545429 0.0435338346 0.00099999661
v -0.00791782207 0.0482147203 -0.00299950534
v -0.0424349942 -0.00110891877 0.0025008274
v -0.0439199096 0.000887253535 0.000999999884
v -0.0436470346 -0.00409631156 0.000995461141
v -0.00203037523 0.0433935578 0.00250000012
v -0.00231007461 0.0488658957 -0.00299294898
v 0.00407316631 0.0487221205 -0.00299695312
v 0.00458336967 0.043173289 0.00250000612
v 0.00808347337 0.0482156094 -0.00299201547
v -0.0407078963 -0.0115380061 0.00250090925
v -0.0422097269 -0.00855108233 0.00170019175
v -0.0412195181 -0.0144135374 0.0010040495
v 0.0108184496 0.0420563253 0.00250107059
v -0.0358622356 -0.0219283919 0.00250052035
v -0.0371823184 -0.0227021974 0.00095109217
v -0.0327438092 -0.0273709476 0.00172859036
v 0.0109208084 0.0435338365 0.00099999661
v 0.0127352635 0.0430324068 0.00100246571
v 0.0167407089 0.0409028944 0.00168149982
v -0.0285688353 -0.0306554571 0.00250240719
v -0.0301364054 -0.0311049106 0.00100172738
v -0.0266162212 -0.0341219851 0.00100575617
v 0.0192851755 0.0388739386 0.00249628465
v 0.0222318015 0.0389082551 0.0010326572
v 0.0267825116 0.0358964864 0.00100575126
v -0.0191188865 -0.0370994343 0.00249629047
v -0.0220655169 -0.037133748 0.00103266357
v -0.0165744199 -0.0391283902 0.00168150636
v 0.0287355361 0.0324304037 0.00250180201
v 0.0303026755 0.0328794265 0.00100172065
v 0.0329100822 0.0291454693 0.00172858545
v -0.0106521352 -0.040281824 0.00250107696
v 0.0360285086 0.0237029092 0.00250051708
v 0.0373486001 0.0244767088 0.000951087168
v 0.0413857939 0.0161880663 0.00100404595
v 0.0398667835 0.0159449386 0.00250008088
v 0.0423760086 0.0103255749 0.00170018884
v -0.0125689789 -0.0412578997 0.00100246834
v -0.0107545355 -0.0417593207 0.00100000316
v -0.00791720407 -0.0464410935 -0.00299200292
v -0.00441712111 -0.0413987789 0.00250001176
v -0.0039068941 -0.0469476075 -0.00299694566
v 0.0421162048 0.00756911836 0.00249830937
v 0.0438133104 0.00587081869 0.000995462051
v 0.0440861883 0.000887261229 0.000999999884
v 0.00219661397 -0.0416190507 0.00250000667
v 0.00247632045 -0.0470913828 -0.00299293915
v 0.00808409792 -0.0464402045 -0.00299949606
v 0.0425579493 -0.0016656165 0.00250107605
v 0.0438152496 -0.00409203002 0.000996172275
v 0.0423746657 -0.00855659303 0.00170074218
v 0.0415541588 -0.00842198934 0.00250000066
v 0.0413353422 -0.014640524 0.000979452125
v 0.0396436384 -0.014754035 0.00250021731
v 0.037136318 -0.0229501133 0.000990839271
v 0.0355116956 -0.0226926129 0.00250051598
v 0.0329954835 -0.0272879057 0.00172003474
v 0.0103017933 -0.0404111886 0.00250007251
v 0.0109208159 -0.0417593188 0.00100000316
v 0.0126602484 -0.0412491459 0.00106722928
v 0.0161381152 -0.0384667874 0.00250000758
v 0.0187501534 -0.0382864075 0.00162538527
v 0.0302480064 -0.0291116422 0.00250013636
v 0.0303087725 -0.0311004874 0.000997254847
v 0.0267032476 -0.0341748592 0.00100650286
v 0.022958925 -0.0350323369 0.00250193898
v 0.0222398263 -0.037149303 0.00099837107
vt 0.802246094 0.537597656
vt 0.794921875 0.537597656
vt 0.794921875 0.563964844
vt 0.802246094 0.563964844
vt 0.802734375 0.563964844
vt 0.802734375 0.537597656
vt 0.803710938 0.563964844
vt 0.803710938 0.537597656
vt 0.804199219 0.563964844
vt 0.804199219 0.537597656
vt 0.804199219 0.563964844
vt 0.8046875 0.537597656
vt 0.805175781 0.563964844
vt 0.805664062 0.563964844
vt 0.805664062 0.537597656
vt 0.806152344 0.563964844
vt 0.806640625 0.563964844
vt 0.806152344 0.537597656
vt 0.806640625 0.549316406
vt 0.807128906 0.544921875
vt 0.808105469 0.546386719
vt 0.80859375 0.544433594
vt 0.808105469 0.541992188
vt 0.80859375 0.544433594
vt 0.809570312 0.542480469
vt 0.810546875 0.541015625
vt 0.810546875 0.538574219
vt 0.811523438 0.539550781
vt 0.812011719 0.5390625
vt 0.813964844 0.537109375
vt 0.811523438 0.541503906
vt 0.809570312 0.545410156
vt 0.813964844 0.538574219
vt 0.815917969 0.537109375
vt 0.80859375 0.549316406
vt 0.809082031 0.556640625
vt 0.809082031 0.552734375
vt 0.809570312 0.556152344
vt 0.818847656 0.53515625
vt 0.813964844 0.537109375
vt 0.815917969 0.535644531
vt 0.813476562 0.535644531
vt 0.814941406 0.534667969
vt 0.806152344 0.534667969
vt 0.818847656 0.534179688
vt 0.822265625 0.534179688
vt 0.822265625 0.533203125
vt 0.825195312 0.533691406
vt 0.825195312 0.533203125
vt 0.825195312 0.532714844
vt 0.817382812 0.534667969
vt 0.814941406 0.533203125
vt 0.806152344 0.532714844
vt 0.817382812 0.533203125
vt 0.819824219 0.533691406
vt 0.823730469 0.532714844
vt 0.825195312 0.532714844
vt 0.818847656 0.533203125
vt 0.821777344 0.533203125
vt 0.814941406 0.532226562
vt 0.823242188 0.531738281
vt 0.825195312 0.531738281
vt 0.821777344 0.532226562
vt 0.818359375 0.531738281
vt 0.817871094 0.530761719
vt 0.813476562 0.53125
vt 0.815429688 0.530761719
vt 0.806152344 0.530761719
vt 0.814941406 0.529296875
vt 0.805664062 0.529785156
vt 0.805664062 0.528808594
vt 0.822753906 0.530761719
vt 0.817382812 0.529785156
vt 0.822753906 0.529785156
vt 0.825195312 0.529296875
vt 0.823730469 0.528808594
vt 0.824707031 0.527832031
vt 0.821777344 0.528808594
vt 0.822753906 0.527832031
vt 0.823730469 0.514648438
vt 0.817382812 0.528320312
vt 0.819335938 0.527832031
vt 0.825195312 0.566894531
vt 0.822265625 0.566894531
vt 0.825195312 0.567382812
vt 0.822265625 0.567871094
vt 0.819824219 0.565917969
vt 0.819824219 0.566894531
vt 0.817871094 0.564941406
vt 0.825195312 0.567871094
vt 0.815917969 0.563964844
vt 0.814453125 0.564453125
vt 0.813964844 0.5625
vt 0.812011719 0.560058594
vt 0.823730469 0.568359375
vt 0.825195312 0.568359375
vt 0.825195312 0.569335938
vt 0.821777344 0.567871094
vt 0.822265625 0.568847656
vt 0.822753906 0.569824219
vt 0.825195312 0.5703125
vt 0.821777344 0.570800781
vt 0.825195312 0.571289062
vt 0.819335938 0.5703125
vt 0.816894531 0.569335938
vt 0.819824219 0.568359375
vt 0.81640625 0.5703125
vt 0.821777344 0.571289062
vt 0.819335938 0.567382812
vt 0.817871094 0.567871094
vt 0.817382812 0.56640625
vt 0.815917969 0.565429688
vt 0.81640625 0.566894531
vt 0.822753906 0.572753906
vt 0.825195312 0.573242188
vt 0.822265625 0.573242188
vt 0.825195312 0.573730469
vt 0.82421875 0.5859375
vt 0.813476562 0.573242188
vt 0.806152344 0.572753906
vt 0.806152344 0.572265625
vt 0.818847656 0.572265625
vt 0.813964844 0.572265625
vt 0.806152344 0.571289062
vt 0.814941406 0.571777344
vt 0.814941406 0.570800781
vt 0.806152344 0.569824219
vt 0.814453125 0.569824219
vt 0.806152344 0.568359375
vt 0.814453125 0.568359375
vt 0.806152344 0.56640625
vt 0.815429688 0.568359375
vt 0.814453125 0.566894531
vt 0.814453125 0.565917969
vt 0.8125 0.564453125
vt 0.813476562 0.563476562
vt 0.812011719 0.562011719
vt 0.809570312 0.561035156
vt 0.811035156 0.560546875
vt 0.809570312 0.559082031
vt 0.807617188 0.557617188
vt 0.80859375 0.556640625
vt 0.806640625 0.5546875
vt 0.808105469 0.554199219
vt 0.807617188 0.551269531
vt 0.807617188 0.55078125
vt 0.807617188 0.548339844
vt 0.814941406 0.452148438
vt 0.814941406 0.425537109
vt 0.807617188 0.452148438
vt 0.807617188 0.425537109
vt 0.807128906 0.425537109
vt 0.807128906 0.452148438
vt 0.806640625 0.425537109
vt 0.806152344 0.452148438
vt 0.805664062 0.425537109
vt 0.805664062 0.452148438
vt 0.805175781 0.425537109
vt 0.805175781 0.452148438
vt 0.8046875 0.452148438
vt 0.804199219 0.425537109
vt 0.804199219 0.452148438
vt 0.803710938 0.425537109
vt 0.803710938 0.452148438
vt 0.803222656 0.437744141
vt 0.803222656 0.442626953
vt 0.802734375 0.432373047
vt 0.802734375 0.445068359
vt 0.802246094 0.439453125
vt 0.802246094 0.442382812
vt 0.801757812 0.434814453
vt 0.802246094 0.436767578
vt 0.802246094 0.436767578
vt 0.801269531 0.433105469
vt 0.801757812 0.440673828
vt 0.801269531 0.444091797
vt 0.801269531 0.432861328
vt 0.800292969 0.430419922
vt 0.80078125 0.428955078
vt 0.801269531 0.439453125
vt 0.800292969 0.443847656
vt 0.80078125 0.435302734
vt 0.799804688 0.432373047
vt 0.799804688 0.4296875
vt 0.798828125 0.430419922
vt 0.797363281 0.428466797
vt 0.795410156 0.425048828
vt 0.795898438 0.426757812
vt 0.793945312 0.425292969
vt 0.791992188 0.422851562
vt 0.791992188 0.424072266
vt 0.788574219 0.422607422
vt 0.798828125 0.428222656
vt 0.798339844 0.42578125
vt 0.796875 0.426269531
vt 0.795410156 0.423339844
vt 0.803710938 0.422851562
vt 0.795898438 0.424804688
vt 0.793945312 0.424072266
vt 0.795410156 0.422119141
vt 0.803710938 0.420898438
vt 0.79296875 0.421875
vt 0.792480469 0.422851562
vt 0.790527344 0.422119141
vt 0.789550781 0.420654297
vt 0.79296875 0.420898438
vt 0.795410156 0.420654297
vt 0.794921875 0.419921875
vt 0.804199219 0.419189453
vt 0.788085938 0.421630859
vt 0.791992188 0.419921875
vt 0.794921875 0.418945312
vt 0.7890625 0.421630859
vt 0.794433594 0.41796875
vt 0.804199219 0.41796875
vt 0.794921875 0.416992188
vt 0.804199219 0.416992188
vt 0.790039062 0.419189453
vt 0.787597656 0.421142578
vt 0.788574219 0.417724609
vt 0.791015625 0.416259766
vt 0.786132812 0.402832031
vt 0.786621094 0.420166016
vt 0.786132812 0.420898438
vt 0.787109375 0.418457031
vt 0.787597656 0.416503906
vt 0.787597656 0.415771484
vt 0.78515625 0.416259766
vt 0.78515625 0.417480469
vt 0.784667969 0.419189453
vt 0.784667969 0.419921875
vt 0.784667969 0.420898438
vt 0.784667969 0.421142578
vt 0.784667969 0.421386719
vt 0.784667969 0.422119141
vt 0.796875 0.461425781
vt 0.804199219 0.4609375
vt 0.804199219 0.460205078
vt 0.792480469 0.4609375
vt 0.795898438 0.459960938
vt 0.803710938 0.458984375
vt 0.794433594 0.458496094
vt 0.803710938 0.457763672
vt 0.788085938 0.461669922
vt 0.786132812 0.474609375
vt 0.78515625 0.461914062
vt 0.787109375 0.4609375
vt 0.78515625 0.460449219
vt 0.787597656 0.459960938
vt 0.78515625 0.459228516
vt 0.792480469 0.459716797
vt 0.787597656 0.458984375
vt 0.784667969 0.457519531
vt 0.794921875 0.457519531
vt 0.803710938 0.456542969
vt 0.790527344 0.458496094
vt 0.786132812 0.457519531
vt 0.795410156 0.456542969
vt 0.803710938 0.455078125
vt 0.791503906 0.457275391
vt 0.792480469 0.455810547
vt 0.786132812 0.456542969
vt 0.784667969 0.456787109
vt 0.787109375 0.456298828
vt 0.784667969 0.456542969
vt 0.784667969 0.456054688
vt 0.784667969 0.455566406
vt 0.787597656 0.455078125
vt 0.790527344 0.455322266
vt 0.790039062 0.454345703
vt 0.791992188 0.453369141
vt 0.788574219 0.45703125
vt 0.788574219 0.456298828
vt 0.791015625 0.456542969
vt 0.790039062 0.455566406
vt 0.793457031 0.454101562
vt 0.793945312 0.452148438
vt 0.795898438 0.452392578
vt 0.795898438 0.450683594
vt 0.798339844 0.447998047
vt 0.791992188 0.455078125
vt 0.793945312 0.454101562
vt 0.794921875 0.454589844
vt 0.796875 0.453125
vt 0.794921875 0.455566406
vt 0.799316406 0.450927734
vt 0.797363281 0.451416016
vt 0.798339844 0.449951172
vt 0.801269531 0.447998047
vt 0.799316406 0.448242188
vt 0.799804688 0.448486328
vt 0.800292969 0.446777344
vt 0.801269531 0.445556641
vt 0.014831543 0.0010137558
vt 0.018157959 0.0196380615
vt 0.018157959 0.0010137558
vt 0.0176544189 0.0196380615
vt 0.0169525146 0.0194549561
vt 0.0171508789 0.0196228027
vt 0.0166320801 0.018661499
vt 0.0148620605 0.0149536133
vt 0.0153579712 0.0167694092
vt 0.163574219 0.0196380615
vt 0.1640625 0.0196380615
vt 0.16418457 0.0194854736
vt 0.164550781 0.0186462402
vt 0.166381836 0.00101470947
vt 0.163085938 0.00101470947
vt 0.163085938 0.0196380615
vt 0.166381836 0.0151367188
vt 0.165161133 0.0180511475
vt 0.165893555 0.0165710449
vt 0.261474609 0.0352172852
vt 0.261474609 0.0534057617
vt 0.264648438 0.0347595215
vt 0.261962891 0.0534057617
vt 0.262451172 0.0533752441
vt 0.262939453 0.0523986816
vt 0.262451172 0.0532531738
vt 0.264648438 0.0480957031
vt 0.264648438 0.0487365723
vt 0.263427734 0.0516357422
vt 0.264160156 0.0503540039
vt 0.294677734 0.333740234
vt 0.294433594 0.333740234
vt 0.293945312 0.333740234
vt 0.297119141 0.351318359
vt 0.295166016 0.334472656
vt 0.293457031 0.351318359
vt 0.293457031 0.333740234
vt 0.297119141 0.338378906
vt 0.296142578 0.3359375
vt 0.296630859 0.337158203
vt 0.0227661133 0.625976562
vt 0.0409851074 0.625
vt 0.0227813721 0.625
vt 0.0409240723 0.625976562
vt 0.0412902832 0.624511719
vt 0.0409851074 0.622070312
vt 0.0412597656 0.626464844
vt 0.0412902832 0.622070312
vt 0.0409240723 0.627929688
vt 0.041015625 0.619628906
vt 0.0413208008 0.619628906
vt 0.041015625 0.617675781
vt 0.0412902832 0.62890625
vt 0.0409851074 0.629882812
vt 0.0410461426 0.631347656
vt 0.0414123535 0.632324219
vt 0.0411071777 0.633789062
vt 0.0413513184 0.616210938
vt 0.0410461426 0.615234375
vt 0.0410461426 0.612792969
vt 0.0413513184 0.612792969
vt 0.0410461426 0.609863281
vt 0.0413513184 0.609375
vt 0.0410461426 0.604980469
vt 0.0413513184 0.604492188
vt 0.0410461426 0.6015625
vt 0.0413818359 0.600097656
vt 0.0410766602 0.598144531
vt 0.0414428711 0.595703125
vt 0.0411376953 0.594238281
vt 0.0414733887 0.592773438
vt 0.0411682129 0.58984375
vt 0.0414733887 0.590820312
vt 0.0415039062 0.588378906
vt 0.0411987305 0.5859375
vt 0.0415039062 0.5859375
vt 0.041229248 0.583496094
vt 0.0415344238 0.583496094
vt 0.041229248 0.580566406
vt 0.0415344238 0.581542969
vt 0.0416259766 0.577636719
vt 0.0413208008 0.576660156
vt 0.0413513184 0.573730469
vt 0.0416564941 0.574707031
vt 0.0412902832 0.573242188
vt 0.0416870117 0.570800781
vt 0.0227203369 0.572753906
vt 0.0227203369 0.573730469
vt 0.0413513184 0.571777344
vt 0.0413818359 0.569335938
vt 0.0417785645 0.567871094
vt 0.0414733887 0.567871094
vt 0.0415344238 0.564941406
vt 0.0419006348 0.563964844
vt 0.041595459 0.562988281
vt 0.0421447754 0.559570312
vt 0.0417480469 0.560546875
vt 0.0419006348 0.55859375
vt 0.0424499512 0.556152344
vt 0.0421142578 0.556152344
vt 0.0423583984 0.553710938
vt 0.0426635742 0.553710938
vt 0.0428771973 0.551757812
vt 0.0425415039 0.551757812
vt 0.042755127 0.549316406
vt 0.0431213379 0.549316406
vt 0.863769531 0.067565918
vt 0.86328125 0.0680541992
vt 0.864257812 0.069519043
vt 0.865722656 0.0709838867
vt 0.865234375 0.0712890625
vt 0.866210938 0.0726928711
vt 0.866699219 0.0751342773
vt 0.864257812 0.0670776367
vt 0.867675781 0.075378418
vt 0.8671875 0.0772094727
vt 0.868164062 0.0791015625
vt 0.867675781 0.0794067383
vt 0.868164062 0.0817871094
vt 0.868652344 0.08203125
vt 0.868652344 0.0841674805
vt 0.869628906 0.0875854492
vt 0.869140625 0.0863037109
vt 0.869140625 0.0885009766
vt 0.869628906 0.0913696289
vt 0.869140625 0.0906982422
vt 0.869140625 0.0927124023
vt 0.869628906 0.094909668
vt 0.869140625 0.094909668
vt 0.869140625 0.0972900391
vt 0.869140625 0.0992431641
vt 0.869628906 0.100769043
vt 0.868652344 0.10144043
vt 0.868164062 0.103637695
vt 0.868652344 0.105285645
vt 0.867675781 0.105651855
vt 0.867675781 0.10925293
vt 0.867675781 0.107910156
vt 0.866699219 0.110046387
vt 0.866210938 0.112304688
vt 0.865722656 0.114562988
vt 0.865234375 0.113830566
vt 0.864257812 0.115844727
vt 0.86328125 0.116943359
vt 0.864257812 0.117736816
vt 0.865722656 0.115356445
vt 0.864746094 0.118164062
vt 0.8671875 0.112548828
vt 0.865722656 0.116760254
vt 0.865234375 0.118652344
vt 0.866699219 0.115112305
vt 0.866699219 0.11706543
vt 0.866210938 0.119140625
vt 0.867675781 0.11730957
vt 0.8671875 0.119506836
vt 0.8671875 0.115905762
vt 0.868652344 0.118347168
vt 0.868652344 0.120117188
vt 0.883789062 0.123840332
vt 0.884277344 0.12097168
vt 0.869628906 0.116516113
vt 0.885253906 0.117431641
vt 0.868652344 0.11505127
vt 0.868164062 0.114196777
vt 0.869628906 0.114990234
vt 0.870117188 0.112976074
vt 0.870605469 0.11114502
vt 0.886230469 0.11340332
vt 0.869140625 0.112487793
vt 0.8671875 0.113586426
vt 0.87109375 0.109558105
vt 0.88671875 0.110229492
vt 0.868164062 0.112243652
vt 0.867675781 0.111877441
vt 0.869628906 0.109802246
vt 0.868652344 0.110656738
vt 0.868164062 0.110290527
vt 0.869140625 0.108947754
vt 0.868652344 0.107849121
vt 0.870605469 0.10760498
vt 0.869140625 0.107299805
vt 0.869140625 0.105529785
vt 0.871582031 0.108154297
vt 0.871582031 0.106384277
vt 0.887207031 0.106201172
vt 0.870117188 0.105773926
vt 0.869628906 0.103027344
vt 0.872070312 0.104675293
vt 0.869628906 0.103942871
vt 0.872558594 0.102966309
vt 0.887695312 0.102539062
vt 0.870605469 0.104248047
vt 0.870117188 0.102355957
vt 0.87109375 0.102478027
vt 0.873046875 0.101318359
vt 0.870117188 0.100708008
vt 0.870605469 0.100769043
vt 0.870117188 0.0991821289
vt 0.873535156 0.0997314453
vt 0.888183594 0.0994873047
vt 0.871582031 0.101135254
vt 0.872070312 0.0994873047
vt 0.873535156 0.0980834961
vt 0.888183594 0.0966796875
vt 0.870605469 0.0989990234
vt 0.870117188 0.0977172852
vt 0.872070312 0.0977783203
vt 0.870605469 0.0977172852
vt 0.873535156 0.0964355469
vt 0.870117188 0.0953369141
vt 0.873535156 0.0947265625
vt 0.888671875 0.0921630859
vt 0.872070312 0.0963134766
vt 0.870605469 0.0961303711
vt 0.870117188 0.0928955078
vt 0.872070312 0.0946044922
vt 0.870605469 0.0944824219
vt 0.874023438 0.0930175781
vt 0.872070312 0.0930175781
vt 0.87109375 0.0928955078
vt 0.872070312 0.0913696289
vt 0.873535156 0.0913696289
vt 0.873535156 0.0894775391
vt 0.888183594 0.0875854492
vt 0.870605469 0.0913085938
vt 0.874023438 0.0874023438
vt 0.888183594 0.0836181641
vt 0.872070312 0.0896606445
vt 0.870117188 0.0913085938
vt 0.872070312 0.087890625
vt 0.870605469 0.0896606445
vt 0.870117188 0.0895996094
vt 0.873535156 0.0859375
vt 0.870605469 0.0878295898
vt 0.870117188 0.0880737305
vt 0.870117188 0.0864257812
vt 0.871582031 0.0861816406
vt 0.873535156 0.0840454102
vt 0.887695312 0.080871582
vt 0.871582031 0.0845336914
vt 0.872558594 0.0825805664
vt 0.887207031 0.0780029297
vt 0.870605469 0.0863647461
vt 0.869628906 0.083984375
vt 0.870605469 0.0847167969
vt 0.870117188 0.0848999023
vt 0.870117188 0.0833129883
vt 0.87109375 0.0830078125
vt 0.872070312 0.080871582
vt 0.869628906 0.0816650391
vt 0.871582031 0.0791625977
vt 0.88671875 0.073425293
vt 0.870605469 0.081237793
vt 0.868652344 0.0799560547
vt 0.869628906 0.0798339844
vt 0.870605469 0.0796508789
vt 0.868652344 0.0783081055
vt 0.87109375 0.077331543
vt 0.869628906 0.0778198242
vt 0.868164062 0.0760498047
vt 0.87109375 0.0758056641
vt 0.869140625 0.0764160156
vt 0.870117188 0.0762329102
vt 0.870605469 0.07421875
vt 0.869628906 0.0744628906
vt 0.870117188 0.0725097656
vt 0.885742188 0.0681152344
vt 0.866699219 0.0721435547
vt 0.868652344 0.0749511719
vt 0.867675781 0.0735473633
vt 0.868164062 0.073059082
vt 0.8671875 0.0717163086
vt 0.866699219 0.0701904297
vt 0.869140625 0.0727539062
vt 0.870117188 0.0700683594
vt 0.884765625 0.0645141602
vt 0.866210938 0.0682983398
vt 0.865234375 0.0665283203
vt 0.8671875 0.0693969727
vt 0.868164062 0.0709838867
vt 0.868652344 0.0704956055
vt 0.866699219 0.0678710938
vt 0.866699219 0.0657958984
vt 0.867675781 0.0681152344
vt 0.869628906 0.0686645508
vt 0.869140625 0.0667724609
vt 0.868652344 0.0650634766
vt 0.884277344 0.061706543
vt 0.289306641 0.0196228027
vt 0.289306641 0.0335693359
vt 0.292724609 0.0196228027
vt 0.289794922 0.0357666016
vt 0.289550781 0.0349731445
vt 0.290039062 0.0364074707
vt 0.291259766 0.0371398926
vt 0.292724609 0.0372619629
vt 0.290771484 0.036895752
vt 0.0399475098 0.177124023
vt 0.0431213379 0.192016602
vt 0.0430908203 0.177124023
vt 0.0427856445 0.193969727
vt 0.0420837402 0.195068359
vt 0.0407104492 0.195800781
vt 0.0414123535 0.195556641
vt 0.0399475098 0.195678711
vt 0.0386962891 0.152954102
vt 0.0385131836 0.151489258
vt 0.0382385254 0.150756836
vt 0.0355529785 0.167480469
vt 0.0386962891 0.16784668
vt 0.0376281738 0.149780273
vt 0.0368652344 0.149414062
vt 0.0355529785 0.149291992
vt 0.0362243652 0.149291992
vt 0.314941406 0.252685547
vt 0.314453125 0.253662109
vt 0.314208984 0.255126953
vt 0.317626953 0.269042969
vt 0.314208984 0.269042969
vt 0.315429688 0.251953125
vt 0.316162109 0.251708984
vt 0.317626953 0.251464844
vt 0.316650391 0.251464844
vt 0.659179688 0.793457031
vt 0.658691406 0.791503906
vt 0.658203125 0.791992188
vt 0.66015625 0.795410156
vt 0.66015625 0.793945312
vt 0.659179688 0.791015625
vt 0.661132812 0.797363281
vt 0.660644531 0.793457031
vt 0.659667969 0.790527344
vt 0.661621094 0.796875
vt 0.662109375 0.799804688
vt 0.662597656 0.801757812
vt 0.663574219 0.802246094
vt 0.663574219 0.804199219
vt 0.6640625 0.806152344
vt 0.662109375 0.796875
vt 0.6640625 0.805175781
vt 0.6640625 0.80859375
vt 0.665039062 0.809570312
vt 0.664550781 0.811035156
vt 0.665039062 0.812988281
vt 0.665039062 0.815917969
vt 0.664550781 0.815429688
vt 0.664550781 0.817871094
vt 0.663085938 0.799316406
vt 0.665527344 0.818847656
vt 0.665039062 0.819824219
vt 0.665527344 0.823242188
vt 0.665039062 0.822265625
vt 0.665039062 0.82421875
vt 0.664550781 0.826660156
vt 0.665039062 0.828125
vt 0.664550781 0.828613281
vt 0.663574219 0.830566406
vt 0.663574219 0.832519531
vt 0.663085938 0.832519531
vt 0.662109375 0.834960938
vt 0.661621094 0.838378906
vt 0.661132812 0.837402344
vt 0.66015625 0.838867188
vt 0.658691406 0.842773438
vt 0.659667969 0.840332031
vt 0.658203125 0.842285156
vt 0.660644531 0.840820312
vt 0.659179688 0.843261719
vt 0.660644531 0.841796875
vt 0.66015625 0.84375
vt 0.661132812 0.842285156
vt 0.661132812 0.844726562
vt 0.661621094 0.840332031
vt 0.662109375 0.838378906
vt 0.662597656 0.8359375
vt 0.662109375 0.842285156
vt 0.662597656 0.842285156
vt 0.661621094 0.845214844
vt 0.662597656 0.83984375
vt 0.662597656 0.838867188
vt 0.663085938 0.836914062
vt 0.663574219 0.837402344
vt 0.664550781 0.8359375
vt 0.663574219 0.835449219
vt 0.663574219 0.83984375
vt 0.663574219 0.833496094
vt 0.664550781 0.833984375
vt 0.664550781 0.83203125
vt 0.6640625 0.837402344
vt 0.665039062 0.829589844
vt 0.665527344 0.826660156
vt 0.665527344 0.832519531
vt 0.665039062 0.830566406
vt 0.665527344 0.829101562
vt 0.665039062 0.833984375
vt 0.666015625 0.830566406
vt 0.666992188 0.832519531
vt 0.666015625 0.834472656
vt 0.665527344 0.836425781
vt 0.680664062 0.837402344
vt 0.665527344 0.838378906
vt 0.6796875 0.841308594
vt 0.681640625 0.833984375
vt 0.664550781 0.840820312
vt 0.678710938 0.846679688
vt 0.666992188 0.831054688
vt 0.667480469 0.829589844
vt 0.682128906 0.830566406
vt 0.6640625 0.841796875
vt 0.663574219 0.84375
vt 0.677734375 0.850097656
vt 0.663085938 0.845703125
vt 0.666503906 0.829101562
vt 0.66796875 0.828125
vt 0.682128906 0.827636719
vt 0.666015625 0.827148438
vt 0.666503906 0.827636719
vt 0.668457031 0.826171875
vt 0.668945312 0.824707031
vt 0.682617188 0.823730469
vt 0.666015625 0.825683594
vt 0.666503906 0.825683594
vt 0.666992188 0.826171875
vt 0.667480469 0.824707031
vt 0.668945312 0.822753906
vt 0.665527344 0.82421875
vt 0.666503906 0.823730469
vt 0.668945312 0.821289062
vt 0.683105469 0.819824219
vt 0.667480469 0.822753906
vt 0.666503906 0.822753906
vt 0.666015625 0.822753906
vt 0.665527344 0.820800781
vt 0.668945312 0.819335938
vt 0.683105469 0.81640625
vt 0.667480469 0.820800781
vt 0.666503906 0.820800781
vt 0.666015625 0.819335938
vt 0.667480469 0.819335938
vt 0.668945312 0.817382812
vt 0.666015625 0.817382812
vt 0.666503906 0.819335938
vt 0.668945312 0.815429688
vt 0.683105469 0.811523438
vt 0.667480469 0.817382812
vt 0.666503906 0.817382812
vt 0.667480469 0.815917969
vt 0.666015625 0.815917969
vt 0.665527344 0.815917969
vt 0.668945312 0.813964844
vt 0.667480469 0.813964844
vt 0.666503906 0.813964844
vt 0.665527344 0.813476562
vt 0.667480469 0.8125
vt 0.669433594 0.812011719
vt 0.668945312 0.810546875
vt 0.682617188 0.807617188
vt 0.666015625 0.813476562
vt 0.665527344 0.811035156
vt 0.666503906 0.812011719
vt 0.667480469 0.810546875
vt 0.668457031 0.80859375
vt 0.682128906 0.803710938
vt 0.666015625 0.811035156
vt 0.666992188 0.809082031
vt 0.665039062 0.80859375
vt 0.666015625 0.809082031
vt 0.66796875 0.806640625
vt 0.666503906 0.807128906
vt 0.667480469 0.805175781
vt 0.681152344 0.799316406
vt 0.665527344 0.807617188
vt 0.665039062 0.806152344
vt 0.665527344 0.805664062
vt 0.664550781 0.804199219
vt 0.666503906 0.805175781
vt 0.666992188 0.803222656
vt 0.665527344 0.803222656
vt 0.665039062 0.804199219
vt 0.6640625 0.802734375
vt 0.666503906 0.801757812
vt 0.665039062 0.802246094
vt 0.663574219 0.801269531
vt 0.666015625 0.799804688
vt 0.680664062 0.795410156
vt 0.665039062 0.800292969
vt 0.664550781 0.80078125
vt 0.663085938 0.798339844
vt 0.666015625 0.798339844
vt 0.6796875 0.791503906
vt 0.6640625 0.798828125
vt 0.664550781 0.798339844
vt 0.665039062 0.796386719
vt 0.6640625 0.796875
vt 0.663085938 0.797363281
vt 0.662109375 0.795898438
vt 0.664550781 0.793945312
vt 0.678710938 0.787109375
vt 0.663085938 0.794921875
vt 0.663574219 0.793945312
vt 0.661621094 0.794433594
vt 0.662109375 0.793457031
vt 0.6640625 0.792480469
vt 0.660644531 0.792480469
vt 0.661621094 0.791992188
vt 0.660644531 0.790039062
vt 0.661621094 0.789550781
vt 0.662597656 0.791503906
vt 0.663574219 0.790527344
vt 0.663574219 0.788574219
vt 0.677734375 0.784179688
vt 0.0436706543 0.907226562
vt 0.0504455566 0.90625
vt 0.0469665527 0.90625
vt 0.0547180176 0.907714844
vt 0.0578613281 0.909179688
vt 0.0596923828 0.910644531
vt 0.0612792969 0.912597656
vt 0.0626220703 0.914550781
vt 0.0640869141 0.917480469
vt 0.0651245117 0.921386719
vt 0.0650634766 0.926269531
vt 0.0641479492 0.930175781
vt 0.0631713867 0.932128906
vt 0.0612487793 0.935058594
vt 0.0587158203 0.937988281
vt 0.0567932129 0.938964844
vt 0.0547180176 0.939941406
vt 0.0525512695 0.940917969
vt 0.0502929688 0.94140625
vt 0.0466308594 0.94140625
vt 0.0434875488 0.940429688
vt 0.0401306152 0.938964844
vt 0.0365600586 0.936035156
vt 0.0339050293 0.932128906
vt 0.0324401855 0.927734375
vt 0.032043457 0.924804688
vt 0.0320739746 0.922363281
vt 0.0324401855 0.919921875
vt 0.0331115723 0.917480469
vt 0.0340576172 0.915527344
vt 0.0353088379 0.913574219
vt 0.0377807617 0.910644531
vt 0.040435791 0.908691406
vt 0.110656738 0.916992188
vt 0.112731934 0.921386719
vt 0.111816406 0.918945312
vt 0.113586426 0.924804688
vt 0.113525391 0.928222656
vt 0.11315918 0.930664062
vt 0.111938477 0.934082031
vt 0.109375 0.937988281
vt 0.106140137 0.940429688
vt 0.103393555 0.941894531
vt 0.0998535156 0.942871094
vt 0.0951538086 0.942871094
vt 0.0919189453 0.941894531
vt 0.0897216797 0.940917969
vt 0.0876464844 0.939941406
vt 0.0857543945 0.938476562
vt 0.0840454102 0.936523438
vt 0.0819091797 0.93359375
vt 0.0805053711 0.930175781
vt 0.0797119141 0.926757812
vt 0.0797119141 0.923339844
vt 0.0803222656 0.919921875
vt 0.0817871094 0.916503906
vt 0.0836181641 0.9140625
vt 0.0868530273 0.911132812
vt 0.0908203125 0.909179688
vt 0.0943603516 0.908691406
vt 0.0979003906 0.908691406
vt 0.101318359 0.909667969
vt 0.103515625 0.910644531
vt 0.10559082 0.911621094
vt 0.108398438 0.9140625
vt 0.000605106354 0.632324219
vt 0.000795841217 0.630371094
vt 0.000179648399 0.633300781
vt 0.00058221817 0.62890625
vt 0.000988960266 0.627929688
vt 0.00121974945 0.625488281
vt 0.000901699066 0.625488281
vt 0.00143718719 0.623535156
vt 0.00118732452 0.622070312
vt 0.00159072876 0.62109375
vt 0.00171947479 0.619140625
vt 0.00139522552 0.618652344
vt 0.00180721283 0.616699219
vt 0.00153064728 0.615234375
vt 0.00189304352 0.614257812
vt 0.00198554993 0.612792969
vt 0.00168132782 0.611816406
vt 0.00204849243 0.610839844
vt 0.00174236298 0.608398438
vt 0.0020942688 0.608886719
vt 0.00205230713 0.607910156
vt 0.0206756592 0.609375
vt 0.0206756592 0.608398438
vt 0.00175476074 0.604980469
vt 0.00206375122 0.604980469
vt 0.00176334381 0.602539062
vt 0.00207138062 0.602539062
vt 0.00177192688 0.600585938
vt 0.00208091736 0.600585938
vt 0.00178050995 0.598144531
vt 0.00208854675 0.598144531
vt 0.00178909302 0.595703125
vt 0.0020980835 0.595703125
vt 0.00180053711 0.592773438
vt 0.00211524963 0.592285156
vt 0.0018081665 0.587890625
vt 0.00212287903 0.587402344
vt 0.00182628632 0.584472656
vt 0.002161026 0.583007812
vt 0.0018529892 0.581542969
vt 0.00222969055 0.579101562
vt 0.00192165375 0.577148438
vt 0.00225639343 0.575683594
vt 0.00195884705 0.572753906
vt 0.00226974487 0.573730469
vt 0.00229263306 0.571289062
vt 0.00199890137 0.568847656
vt 0.00230789185 0.568847656
vt 0.00201416016 0.56640625
vt 0.00232315063 0.56640625
vt 0.00203514099 0.563476562
vt 0.00234222412 0.564453125
vt 0.00242233276 0.560546875
vt 0.00211524963 0.559570312
vt 0.00213432312 0.557617188
vt 0.00245285034 0.557128906
vt 0.00215911865 0.555175781
vt 0.00248527527 0.556152344
vt 0.0211029053 0.556152344
vt 0.0210723877 0.557128906
vt 0.00250816345 0.5546875
vt 0.00243377686 0.552246094
vt 0.00209236145 0.551757812
vt 0.00236129761 0.55078125
vt 0.0019569397 0.548339844
vt 0.00227165222 0.547851562
vt 0.00217437744 0.545898438
vt 0.0018415451 0.545898438
vt 0.00202178955 0.543457031
vt 0.00169944763 0.543945312
vt 0.00186729431 0.541503906
vt 0.00142288208 0.540527344
vt 0.00165081024 0.5390625
vt 0.00108718872 0.536621094
vt 0.00139331818 0.536621094
vt 0.00119400024 0.534667969
vt 0.000710487366 0.533203125
vt 0.000940322876 0.532226562
vt 0.000691413879 0.530273438
vt 0.000179648399 0.528808594
vt 0.000420093536 0.528320312
vt 0.0431213379 0.653320312
vt 0.0427246094 0.650390625
vt 0.0427856445 0.653808594
vt 0.0425109863 0.651367188
vt 0.0422668457 0.649414062
vt 0.0422973633 0.646484375
vt 0.0420532227 0.647460938
vt 0.0418395996 0.645019531
vt 0.0418701172 0.641601562
vt 0.0416259766 0.642578125
vt 0.0414428711 0.640625
vt 0.0416259766 0.638183594
vt 0.0412902832 0.638183594
vt 0.0415039062 0.635742188
vt 0.0411682129 0.636230469
vt 0.862304688 0.62109375
vt 0.852539062 0.618652344
vt 0.852539062 0.62109375
vt 0.866210938 0.62109375
vt 0.862304688 0.622558594
vt 0.866210938 0.616699219
vt 0.866210938 0.625976562
vt 0.862304688 0.625488281
vt 0.862304688 0.627929688
vt 0.866210938 0.629882812
vt 0.862304688 0.631347656
vt 0.852539062 0.616210938
vt 0.852539062 0.614746094
vt 0.862304688 0.614746094
vt 0.866210938 0.613769531
vt 0.866210938 0.633789062
vt 0.862304688 0.634765625
vt 0.862304688 0.637695312
vt 0.866210938 0.639160156
vt 0.862304688 0.640625
vt 0.866210938 0.643066406
vt 0.862304688 0.643066406
vt 0.866210938 0.646484375
vt 0.862304688 0.645507812
vt 0.862304688 0.649414062
vt 0.866210938 0.650390625
vt 0.862304688 0.653320312
vt 0.866210938 0.654296875
vt 0.862304688 0.655761719
vt 0.866210938 0.659179688
vt 0.862304688 0.658691406
vt 0.862304688 0.661132812
vt 0.866210938 0.664550781
vt 0.862304688 0.663574219
vt 0.862304688 0.666992188
vt 0.866210938 0.668457031
vt 0.862304688 0.670410156
vt 0.866210938 0.672363281
vt 0.862304688 0.672851562
vt 0.862304688 0.67578125
vt 0.866210938 0.676269531
vt 0.862304688 0.677246094
vt 0.202270508 0.0678100586
vt 0.204589844 0.0588989258
vt 0.202270508 0.058013916
vt 0.204589844 0.069519043
vt 0.86328125 0.363769531
vt 0.861816406 0.36328125
vt 0.862792969 0.365478516
vt 0.863769531 0.365722656
vt 0.866210938 0.364990234
vt 0.8671875 0.367919922
vt 0.865722656 0.3671875
vt 0.868164062 0.366210938
vt 0.869628906 0.369628906
vt 0.87109375 0.368408203
vt 0.870605469 0.370849609
vt 0.873535156 0.370849609
vt 0.873535156 0.374267578
vt 0.872070312 0.372558594
vt 0.875 0.373535156
vt 0.874023438 0.375488281
vt 0.876464844 0.375976562
vt 0.875 0.378173828
vt 0.877441406 0.378417969
vt 0.875976562 0.382080078
vt 0.875488281 0.380615234
vt 0.877929688 0.380859375
vt 0.875976562 0.383789062
vt 0.878417969 0.384521484
vt 0.875976562 0.386474609
vt 0.877929688 0.388427734
vt 0.875 0.390869141
vt 0.875488281 0.388427734
vt 0.876953125 0.391113281
vt 0.875976562 0.393554688
vt 0.873535156 0.394287109
vt 0.875 0.395751953
vt 0.872070312 0.396240234
vt 0.873535156 0.397949219
vt 0.870605469 0.3984375
vt 0.87109375 0.400634766
vt 0.8671875 0.400878906
vt 0.868164062 0.402587891
vt 0.866210938 0.403808594
vt 0.863769531 0.403076172
vt 0.865722656 0.401611328
vt 0.86328125 0.405029297
vt 0.862792969 0.403320312
vt 0.861816406 0.405517578
vt 0.213012695 0.948730469
vt 0.213012695 0.947753906
vt 0.202392578 0.948730469
vt 0.202392578 0.947753906
vt 0.202392578 0.9453125
vt 0.213256836 0.9453125
vt 0.213012695 0.943359375
vt 0.202392578 0.943847656
vt 0.213012695 0.94140625
vt 0.202392578 0.940917969
vt 0.213012695 0.939453125
vt 0.202392578 0.939453125
vt 0.202392578 0.9375
vt 0.213378906 0.9375
vt 0.213012695 0.935058594
vt 0.202392578 0.935058594
vt 0.202392578 0.93359375
vt 0.213012695 0.931152344
vt 0.202392578 0.931152344
vt 0.213378906 0.928710938
vt 0.202392578 0.928710938
vt 0.213012695 0.926757812
vt 0.202392578 0.926757812
vt 0.202392578 0.924804688
vt 0.213012695 0.924316406
vt 0.202392578 0.922363281
vt 0.213012695 0.922363281
vt 0.202392578 0.920410156
vt 0.213378906 0.920410156
vt 0.202392578 0.91796875
vt 0.213012695 0.91796875
vt 0.213012695 0.9140625
vt 0.202392578 0.9140625
vt 0.202392578 0.911621094
vt 0.213378906 0.911621094
vt 0.202392578 0.909179688
vt 0.213012695 0.909667969
vt 0.213012695 0.907714844
vt 0.202392578 0.905273438
vt 0.213012695 0.905273438
vt 0.202392578 0.903320312
vt 0.213378906 0.902832031
vt 0.202392578 0.900878906
vt 0.213012695 0.900878906
vt 0.213012695 0.900390625
vt 0.202392578 0.900390625
vt 0.712890625 0.852539062
vt 0.708496094 0.850097656
vt 0.708496094 0.853027344
vt 0.72265625 0.852539062
vt 0.72265625 0.851074219
vt 0.72265625 0.848144531
vt 0.708496094 0.846191406
vt 0.712890625 0.845703125
vt 0.72265625 0.845703125
vt 0.712890625 0.844238281
vt 0.708496094 0.840820312
vt 0.712890625 0.841308594
vt 0.712890625 0.838867188
vt 0.708496094 0.836914062
vt 0.712890625 0.8359375
vt 0.708496094 0.833007812
vt 0.712890625 0.832519531
vt 0.712890625 0.829101562
vt 0.708496094 0.828125
vt 0.712890625 0.826660156
vt 0.708496094 0.82421875
vt 0.712890625 0.823730469
vt 0.708496094 0.8203125
vt 0.712890625 0.821289062
vt 0.712890625 0.817871094
vt 0.708496094 0.816894531
vt 0.712890625 0.813964844
vt 0.708496094 0.812988281
vt 0.712890625 0.811035156
vt 0.708496094 0.808105469
vt 0.712890625 0.80859375
vt 0.712890625 0.806152344
vt 0.708496094 0.802734375
vt 0.712890625 0.803222656
vt 0.712890625 0.799804688
vt 0.708496094 0.798828125
vt 0.712890625 0.796875
vt 0.708496094 0.794921875
vt 0.712890625 0.794433594
vt 0.712890625 0.791503906
vt 0.708496094 0.790527344
vt 0.712890625 0.790039062
vt 0.15612793 0.154052734
vt 0.153686523 0.154907227
vt 0.15612793 0.163330078
vt 0.153686523 0.164916992
vt 0.0533752441 0.149658203
vt 0.050994873 0.150390625
vt 0.0533752441 0.158935547
vt 0.050994873 0.160522461
vt 0.449462891 0.874023438
vt 0.451171875 0.873046875
vt 0.450439453 0.871582031
vt 0.451171875 0.87109375
vt 0.453857422 0.872070312
vt 0.455078125 0.869140625
vt 0.453125 0.870117188
vt 0.455810547 0.870605469
vt 0.458496094 0.868652344
vt 0.458007812 0.866699219
vt 0.4609375 0.866210938
vt 0.459716797 0.864257812
vt 0.462402344 0.863769531
vt 0.461181641 0.862304688
vt 0.463623047 0.861816406
vt 0.462646484 0.858886719
vt 0.464599609 0.859375
vt 0.465332031 0.856445312
vt 0.463623047 0.854492188
vt 0.463134766 0.856445312
vt 0.465820312 0.852539062
vt 0.463867188 0.852050781
vt 0.465576172 0.849121094
vt 0.463623047 0.850585938
vt 0.46484375 0.846679688
vt 0.462646484 0.846191406
vt 0.463134766 0.848632812
vt 0.463867188 0.844238281
vt 0.461669922 0.84375
vt 0.462890625 0.841796875
vt 0.4609375 0.842285156
vt 0.4609375 0.838867188
vt 0.458251953 0.838867188
vt 0.459716797 0.840820312
vt 0.458496094 0.836425781
vt 0.45703125 0.837890625
vt 0.455810547 0.834472656
vt 0.455078125 0.8359375
vt 0.453857422 0.833007812
vt 0.451171875 0.833984375
vt 0.453369141 0.835449219
vt 0.451171875 0.83203125
vt 0.450439453 0.833496094
vt 0.449462891 0.831542969
vt 0.956054688 0.297119141
vt 0.956054688 0.296142578
vt 0.9453125 0.297119141
vt 0.9453125 0.296142578
vt 0.944824219 0.294433594
vt 0.956054688 0.293945312
vt 0.9453125 0.291992188
vt 0.956054688 0.291992188
vt 0.9453125 0.289550781
vt 0.956054688 0.288085938
vt 0.9453125 0.287841797
vt 0.944824219 0.285888672
vt 0.956054688 0.285400391
vt 0.9453125 0.283203125
vt 0.956054688 0.283203125
vt 0.956054688 0.279296875
vt 0.9453125 0.279296875
vt 0.944824219 0.276855469
vt 0.956054688 0.276855469
vt 0.9453125 0.274902344
vt 0.956054688 0.274902344
vt 0.9453125 0.272949219
vt 0.956054688 0.272216797
vt 0.9453125 0.270751953
vt 0.956054688 0.270507812
vt 0.944824219 0.268798828
vt 0.956054688 0.269042969
vt 0.956054688 0.266357422
vt 0.9453125 0.266357422
vt 0.956054688 0.263671875
vt 0.9453125 0.262451172
vt 0.956054688 0.262207031
vt 0.956054688 0.260253906
vt 0.944824219 0.260009766
vt 0.956054688 0.258056641
vt 0.9453125 0.258056641
vt 0.956054688 0.256347656
vt 0.9453125 0.256103516
vt 0.956054688 0.253662109
vt 0.9453125 0.25390625
vt 0.956054688 0.251953125
vt 0.944824219 0.251464844
vt 0.956054688 0.249511719
vt 0.9453125 0.249511719
vt 0.956054688 0.248657227
vt 0.9453125 0.248657227
vt 0.0465698242 0.161865234
vt 0.0489807129 0.153320312
vt 0.0465698242 0.152587891
vt 0.0489807129 0.163452148
vt 0.737792969 0.920898438
vt 0.734863281 0.9140625
vt 0.736328125 0.91796875
vt 0.734375 0.909179688
vt 0.734863281 0.904296875
vt 0.736328125 0.900878906
vt 0.745117188 0.892578125
vt 0.73828125 0.897460938
vt 0.741210938 0.89453125
vt 0.766113281 0.8984375
vt 0.749511719 0.891113281
vt 0.764160156 0.895996094
vt 0.754394531 0.891113281
vt 0.758789062 0.892578125
vt 0.762207031 0.89453125
vt 0.7578125 0.927246094
vt 0.754394531 0.928222656
vt 0.749511719 0.928222656
vt 0.739746094 0.922851562
vt 0.745117188 0.926757812
vt 0.741699219 0.924804688
vt 0.767578125 0.918457031
vt 0.766113281 0.920898438
vt 0.761230469 0.92578125
vt 0.764160156 0.923339844
vt 0.769042969 0.915039062
vt 0.76953125 0.911132812
vt 0.76953125 0.907226562
vt 0.769042969 0.903808594
vt 0.768066406 0.901367188
vt 0.115600586 0.016708374
vt 0.116394043 0.0158843994
vt 0.115600586 0.0161132812
vt 0.115539551 0.0153427124
vt 0.116516113 0.0148773193
vt 0.115478516 0.0143814087
vt 0.116455078 0.0141601562
vt 0.116516113 0.00323867798
vt 0.115539551 0.0099105835
vt 0.115539551 0.00514602661
vt 0.115478516 0.0031375885
vt 0.116455078 0.00257492065
vt 0.115478516 0.00216674805
vt 0.116455078 0.00167179108
vt 0.115600586 0.0013256073
vt 0.115600586 0.000779151917
vt 0.218017578 0.213256836
vt 0.216918945 0.213134766
vt 0.217895508 0.213378906
vt 0.218505859 0.213134766
vt 0.21887207 0.212524414
vt 0.219238281 0.212158203
vt 0.219116211 0.211791992
vt 0.219116211 0.200927734
vt 0.219238281 0.200805664
vt 0.21887207 0.200317383
vt 0.218994141 0.200195312
vt 0.218505859 0.199707031
vt 0.218139648 0.199707031
vt 0.217895508 0.199462891
vt 0.216918945 0.199707031
vt 0.0297851562 0.343261719
vt 0.0305023193 0.343017578
vt 0.0313720703 0.338134766
vt 0.0289916992 0.342285156
vt 0.0289916992 0.34375
vt 0.0267791748 0.344238281
vt 0.0286254883 0.341796875
vt 0.0278778076 0.344726562
vt 0.0269622803 0.345458984
vt 0.029876709 0.339599609
vt 0.0249328613 0.346435547
vt 0.0259246826 0.346679688
vt 0.0245819092 0.348388672
vt 0.0236968994 0.347900391
vt 0.0229644775 0.34765625
vt 0.0309906006 0.337158203
vt 0.0319519043 0.336425781
vt 0.03125 0.336669922
vt 0.0323181152 0.335693359
vt 0.0325927734 0.334472656
vt 0.0326843262 0.335205078
vt 0.0330810547 0.334960938
vt 0.0335998535 0.334472656
vt 0.0333862305 0.333496094
vt 0.0343017578 0.333740234
vt 0.0319213867 0.334960938
vt 0.0343017578 0.333007812
vt 0.0354003906 0.333007812
vt 0.0356750488 0.332275391
vt 0.0365905762 0.332519531
vt 0.0344543457 0.332519531
vt 0.037109375 0.331298828
vt 0.0379638672 0.331542969
vt 0.0474853516 0.326660156
vt 0.0456237793 0.327880859
vt 0.0484619141 0.326660156
vt 0.0552978516 0.323974609
vt 0.0508117676 0.325683594
vt 0.0536193848 0.324707031
vt 0.0559082031 0.324462891
vt 0.0584411621 0.323486328
vt 0.0361938477 0.331542969
vt 0.0622558594 0.321533203
vt 0.0621337891 0.322509766
vt 0.065612793 0.3203125
vt 0.065612793 0.321289062
vt 0.0687255859 0.319335938
vt 0.0680541992 0.3203125
vt 0.0696411133 0.319824219
vt 0.0712890625 0.319335938
vt 0.0729370117 0.318847656
vt 0.0745849609 0.318603516
vt 0.0737304688 0.318115234
vt 0.0763549805 0.318603516
vt 0.0783081055 0.318359375
vt 0.0782470703 0.317871094
vt 0.0805053711 0.317871094
vt 0.0844726562 0.317626953
vt 0.0645751953 0.3203125
vt 0.0670776367 0.319335938
vt 0.0720825195 0.318115234
vt 0.0697631836 0.318603516
vt 0.0681762695 0.314208984
vt 0.0654296875 0.31640625
vt 0.0701293945 0.314208984
vt 0.0620422363 0.321289062
vt 0.061340332 0.31640625
vt 0.0586853027 0.322509766
vt 0.0585021973 0.322265625
vt 0.0587768555 0.318115234
vt 0.0552368164 0.323486328
vt 0.0520629883 0.324462891
vt 0.0661010742 0.3125
vt 0.0687866211 0.311523438
vt 0.0654296875 0.308837891
vt 0.0634155273 0.313964844
vt 0.0591125488 0.312988281
vt 0.0633544922 0.312011719
vt 0.0571899414 0.315673828
vt 0.0562133789 0.317626953
vt 0.0535888672 0.315673828
vt 0.0552978516 0.314208984
vt 0.0518493652 0.316650391
vt 0.0529785156 0.315185547
vt 0.0623779297 0.30859375
vt 0.0597229004 0.309326172
vt 0.0561828613 0.3125
vt 0.0567932129 0.309326172
vt 0.054901123 0.313476562
vt 0.0598144531 0.306640625
vt 0.0561523438 0.310058594
vt 0.0500488281 0.316650391
vt 0.0512695312 0.312744141
vt 0.0497741699 0.317382812
vt 0.0462646484 0.317871094
vt 0.0473937988 0.311279297
vt 0.0512084961 0.307373047
vt 0.0538330078 0.305419922
vt 0.0560302734 0.30078125
vt 0.0472106934 0.318603516
vt 0.0439758301 0.319580078
vt 0.0493774414 0.325439453
vt 0.0464782715 0.326660156
vt 0.0432128906 0.328369141
vt 0.0569458008 0.302001953
vt 0.0423583984 0.328369141
vt 0.0381774902 0.330322266
vt 0.0409851074 0.329101562
vt 0.0559082031 0.298339844
vt 0.0587768555 0.297607422
vt 0.0596313477 0.302001953
vt 0.0545654297 0.297363281
vt 0.0621337891 0.303955078
vt 0.0639648438 0.306396484
vt 0.0634765625 0.301757812
vt 0.0549316406 0.296630859
vt 0.0509643555 0.299560547
vt 0.0659179688 0.303710938
vt 0.0630493164 0.298339844
vt 0.0525817871 0.295654297
vt 0.047454834 0.303710938
vt 0.0686645508 0.306152344
vt 0.0670166016 0.301513672
vt 0.0657958984 0.297607422
vt 0.0630493164 0.296630859
vt 0.0692749023 0.309326172
vt 0.0719604492 0.311523438
vt 0.0718994141 0.30859375
vt 0.0721435547 0.314208984
vt 0.0745849609 0.317626953
vt 0.0744628906 0.314208984
vt 0.0763549805 0.317626953
vt 0.0744018555 0.311279297
vt 0.0780639648 0.317382812
vt 0.0769042969 0.312011719
vt 0.0747070312 0.308349609
vt 0.0716552734 0.303955078
vt 0.0697631836 0.301269531
vt 0.0729980469 0.301757812
vt 0.0684814453 0.298583984
vt 0.0717163086 0.298583984
vt 0.0754394531 0.304199219
vt 0.0775756836 0.308105469
vt 0.0746459961 0.299804688
vt 0.0773925781 0.302001953
vt 0.0802612305 0.3046875
vt 0.0796508789 0.309814453
vt 0.0792236328 0.313232422
vt 0.0823364258 0.313476562
vt 0.0801391602 0.316650391
vt 0.0809326172 0.316894531
vt 0.0823974609 0.317138672
vt 0.0876464844 0.317138672
vt 0.0869140625 0.317871094
vt 0.0893554688 0.317871094
vt 0.0909423828 0.318115234
vt 0.0844116211 0.316650391
vt 0.08203125 0.309570312
vt 0.0932006836 0.317871094
vt 0.0932617188 0.318603516
vt 0.0962524414 0.318603516
vt 0.0971679688 0.317871094
vt 0.0993041992 0.318603516
vt 0.10345459 0.318359375
vt 0.104492188 0.319335938
vt 0.109741211 0.319580078
vt 0.10748291 0.319580078
vt 0.109436035 0.320068359
vt 0.111755371 0.3203125
vt 0.114990234 0.321044922
vt 0.114074707 0.3203125
vt 0.117492676 0.321777344
vt 0.124938965 0.324462891
vt 0.120361328 0.322998047
vt 0.127685547 0.326171875
vt 0.128417969 0.325927734
vt 0.129150391 0.326904297
vt 0.130126953 0.326660156
vt 0.130493164 0.327392578
vt 0.131835938 0.327392578
vt 0.131713867 0.328125
vt 0.132568359 0.328613281
vt 0.133056641 0.327880859
vt 0.133178711 0.328857422
vt 0.134765625 0.329345703
vt 0.134033203 0.329589844
vt 0.134765625 0.330322266
vt 0.135986328 0.330810547
vt 0.135131836 0.330810547
vt 0.135620117 0.331787109
vt 0.130859375 0.326416016
vt 0.129150391 0.325683594
vt 0.132080078 0.326904297
vt 0.134765625 0.328857422
vt 0.135375977 0.329833984
vt 0.133422852 0.327636719
vt 0.135620117 0.330078125
vt 0.131835938 0.326171875
vt 0.130126953 0.324462891
vt 0.13293457 0.327148438
vt 0.127929688 0.325195312
vt 0.127563477 0.323486328
vt 0.124633789 0.323974609
vt 0.119995117 0.322265625
vt 0.120178223 0.322021484
vt 0.116882324 0.321044922
vt 0.133544922 0.327148438
vt 0.132568359 0.326171875
vt 0.131591797 0.325195312
vt 0.133666992 0.322998047
vt 0.130371094 0.323730469
vt 0.128540039 0.322265625
vt 0.126464844 0.321289062
vt 0.119018555 0.317626953
vt 0.12878418 0.321289062
vt 0.127319336 0.320556641
vt 0.123840332 0.317138672
vt 0.135986328 0.324462891
vt 0.114562988 0.3203125
vt 0.126464844 0.318603516
vt 0.133178711 0.3203125
vt 0.130737305 0.316650391
vt 0.137573242 0.319091797
vt 0.138183594 0.321533203
vt 0.134643555 0.315673828
vt 0.139892578 0.317626953
vt 0.141967773 0.322021484
vt 0.142333984 0.320068359
vt 0.137084961 0.325439453
vt 0.123168945 0.315673828
vt 0.127929688 0.315429688
vt 0.129516602 0.308837891
vt 0.132080078 0.310546875
vt 0.125488281 0.311279297
vt 0.136474609 0.309814453
vt 0.133422852 0.304443359
vt 0.138916016 0.313964844
vt 0.138793945 0.307617188
vt 0.142089844 0.313232422
vt 0.142822266 0.317138672
vt 0.124267578 0.306152344
vt 0.128540039 0.298583984
vt 0.121154785 0.311523438
vt 0.117126465 0.313720703
vt 0.134643555 0.297607422
vt 0.121459961 0.315429688
vt 0.117919922 0.314697266
vt 0.116271973 0.316650391
vt 0.114746094 0.313720703
vt 0.113098145 0.316894531
vt 0.111572266 0.319335938
vt 0.111206055 0.317382812
vt 0.109191895 0.319091797
vt 0.11151123 0.319580078
vt 0.113037109 0.312988281
vt 0.107116699 0.318603516
vt 0.10546875 0.314208984
vt 0.113098145 0.312255859
vt 0.111328125 0.312255859
vt 0.10949707 0.313232422
vt 0.107910156 0.312744141
vt 0.109924316 0.311035156
vt 0.110961914 0.311279297
vt 0.116760254 0.309326172
vt 0.109558105 0.310058594
vt 0.106445312 0.310302734
vt 0.106018066 0.311767578
vt 0.111999512 0.306884766
vt 0.120300293 0.301513672
vt 0.109680176 0.309326172
vt 0.10345459 0.312011719
vt 0.115112305 0.297607422
vt 0.124694824 0.298583984
vt 0.125 0.29296875
vt 0.109008789 0.30859375
vt 0.119567871 0.293457031
vt 0.11529541 0.292236328
vt 0.130493164 0.292480469
vt 0.120849609 0.289306641
vt 0.108520508 0.305908203
vt 0.106689453 0.307128906
vt 0.108459473 0.30078125
vt 0.109375 0.296386719
vt 0.107849121 0.302246094
vt 0.103637695 0.303955078
vt 0.108276367 0.298583984
vt 0.111633301 0.294433594
vt 0.104553223 0.307373047
vt 0.102294922 0.308105469
vt 0.106079102 0.300048828
vt 0.102661133 0.310302734
vt 0.109985352 0.294921875
vt 0.108581543 0.296630859
vt 0.10559082 0.297607422
vt 0.10333252 0.298828125
vt 0.11151123 0.293701172
vt 0.108032227 0.294189453
vt 0.108947754 0.289794922
vt 0.106811523 0.288574219
vt 0.106628418 0.294921875
vt 0.112976074 0.292724609
vt 0.104980469 0.296142578
vt 0.104125977 0.293945312
vt 0.102478027 0.296142578
vt 0.115905762 0.291259766
vt 0.11920166 0.289550781
vt 0.121276855 0.287597656
vt 0.110839844 0.290039062
vt 0.113952637 0.289550781
vt 0.108947754 0.287841797
vt 0.116516113 0.288085938
vt 0.111633301 0.286376953
vt 0.11114502 0.286376953
vt 0.108886719 0.287597656
vt 0.107177734 0.288085938
vt 0.104919434 0.289550781
vt 0.113769531 0.28515625
vt 0.102966309 0.290283203
vt 0.10168457 0.290283203
vt 0.101623535 0.293701172
vt 0.100585938 0.291015625
vt 0.116760254 0.283691406
vt 0.116577148 0.283447266
vt 0.123046875 0.283203125
vt 0.0998535156 0.294921875
vt 0.0990600586 0.291503906
vt 0.0973510742 0.291503906
vt 0.100524902 0.298095703
vt 0.101867676 0.301757812
vt 0.100769043 0.3046875
vt 0.098815918 0.301757812
vt 0.0986328125 0.298339844
vt 0.095703125 0.302001953
vt 0.0981445312 0.294921875
vt 0.0980834961 0.304443359
vt 0.0990600586 0.306884766
vt 0.0958251953 0.291992188
vt 0.096496582 0.295410156
vt 0.0991821289 0.309082031
vt 0.0959472656 0.307861328
vt 0.0997314453 0.311279297
vt 0.0955200195 0.304931641
vt 0.096496582 0.298339844
vt 0.0941162109 0.298339844
vt 0.0946044922 0.294921875
vt 0.0961303711 0.311035156
vt 0.0927124023 0.307128906
vt 0.0925292969 0.304199219
vt 0.0924072266 0.301025391
vt 0.092956543 0.297851562
vt 0.0933837891 0.311035156
vt 0.0927124023 0.292480469
vt 0.0927124023 0.294921875
vt 0.0911254883 0.296630859
vt 0.0904541016 0.292480469
vt 0.0891113281 0.292236328
vt 0.0947875977 0.291748047
vt 0.0894165039 0.297363281
vt 0.088684082 0.292724609
vt 0.0892333984 0.302001953
vt 0.0875244141 0.297363281
vt 0.0891723633 0.306152344
vt 0.0952148438 0.291015625
vt 0.0978393555 0.290527344
vt 0.0927124023 0.291503906
vt 0.102478027 0.289306641
vt 0.090637207 0.291503906
vt 0.105102539 0.288330078
vt 0.106811523 0.287597656
vt 0.108947754 0.286865234
vt 0.111877441 0.285644531
vt 0.0880126953 0.291503906
vt 0.114196777 0.284423828
vt 0.0863647461 0.292236328
vt 0.0849609375 0.291748047
vt 0.080078125 0.291992188
vt 0.0800170898 0.291259766
vt 0.0775756836 0.291259766
vt 0.12097168 0.280273438
vt 0.116821289 0.282714844
vt 0.123291016 0.277832031
vt 0.0868530273 0.292724609
vt 0.120788574 0.280761719
vt 0.124084473 0.278076172
vt 0.124633789 0.276855469
vt 0.0842285156 0.292724609
vt 0.0852050781 0.297363281
vt 0.123779297 0.280761719
vt 0.123779297 0.278808594
vt 0.125610352 0.276855469
vt 0.125854492 0.276123047
vt 0.12487793 0.278076172
vt 0.127197266 0.275878906
vt 0.126953125 0.275146484
vt 0.127685547 0.274414062
vt 0.126464844 0.277099609
vt 0.126098633 0.279052734
vt 0.124938965 0.281494141
vt 0.128295898 0.275146484
vt 0.128295898 0.274169922
vt 0.127563477 0.276367188
vt 0.124023438 0.283691406
vt 0.123535156 0.285400391
vt 0.125244141 0.282470703
vt 0.125610352 0.288330078
vt 0.128051758 0.286621094
vt 0.127441406 0.277099609
vt 0.126342773 0.279785156
vt 0.129760742 0.279785156
vt 0.127319336 0.278076172
vt 0.129882812 0.282470703
vt 0.132080078 0.286865234
vt 0.128051758 0.276855469
vt 0.128417969 0.275878906
vt 0.128662109 0.275390625
vt 0.12890625 0.275634766
vt 0.134887695 0.292236328
vt 0.134399414 0.282958984
vt 0.131835938 0.277832031
vt 0.134643555 0.280517578
vt 0.136962891 0.283935547
vt 0.13671875 0.287841797
vt 0.139282227 0.291992188
vt 0.139892578 0.287841797
vt 0.139892578 0.298583984
vt 0.141845703 0.307617188
vt 0.144287109 0.312988281
vt 0.138305664 0.279052734
vt 0.138916016 0.281005859
vt 0.139892578 0.283691406
vt 0.142089844 0.287597656
vt 0.142578125 0.294677734
vt 0.143310547 0.301025391
vt 0.143798828 0.307373047
vt 0.142944336 0.293701172
vt 0.144042969 0.305664062
vt 0.141723633 0.279296875
vt 0.141723633 0.281005859
vt 0.141967773 0.28515625
vt 0.142456055 0.288085938
vt 0.141601562 0.282958984
vt 0.141967773 0.282958984
vt 0.143798828 0.283691406
vt 0.143554688 0.280761719
vt 0.141967773 0.279296875
vt 0.14465332 0.292480469
vt 0.144287109 0.287841797
vt 0.14453125 0.287109375
vt 0.143920898 0.281982422
vt 0.145385742 0.297119141
vt 0.145385742 0.295898438
vt 0.145385742 0.298095703
vt 0.145507812 0.294921875
vt 0.145629883 0.300537109
vt 0.145751953 0.293701172
vt 0.146118164 0.291992188
vt 0.146728516 0.290283203
vt 0.147583008 0.288574219
vt 0.1484375 0.286865234
vt 0.143920898 0.279296875
vt 0.149169922 0.28515625
vt 0.150146484 0.283447266
vt 0.145996094 0.307861328
vt 0.145874023 0.302978516
vt 0.145996094 0.303955078
vt 0.143676758 0.278564453
vt 0.144287109 0.27734375
vt 0.151123047 0.281738281
vt 0.145996094 0.274902344
vt 0.151855469 0.280517578
vt 0.152709961 0.279296875
vt 0.153808594 0.277587891
vt 0.14465332 0.3125
vt 0.142089844 0.277832031
vt 0.155761719 0.264892578
vt 0.154785156 0.276123047
vt 0.155761719 0.274902344
vt 0.157226562 0.272949219
vt 0.158325195 0.271728516
vt 0.159790039 0.270507812
vt 0.151977539 0.268066406
vt 0.14453125 0.315429688
vt 0.141967773 0.277587891
vt 0.139770508 0.278320312
vt 0.1328125 0.276855469
vt 0.139038086 0.277099609
vt 0.132202148 0.275146484
vt 0.142456055 0.277099609
vt 0.139892578 0.276123047
vt 0.129638672 0.274414062
vt 0.144042969 0.277099609
vt 0.142211914 0.276611328
vt 0.134399414 0.274414062
vt 0.129760742 0.273681641
vt 0.14465332 0.276123047
vt 0.142822266 0.275878906
vt 0.140258789 0.275146484
vt 0.142578125 0.275634766
vt 0.130493164 0.272949219
vt 0.129760742 0.273193359
vt 0.12902832 0.273193359
vt 0.129516602 0.272460938
vt 0.130615234 0.271484375
vt 0.129760742 0.271728516
vt 0.130126953 0.270751953
vt 0.130126953 0.272705078
vt 0.130493164 0.272460938
vt 0.130737305 0.272216797
vt 0.131347656 0.269775391
vt 0.137329102 0.273193359
vt 0.131591797 0.270507812
vt 0.136230469 0.269775391
vt 0.140991211 0.273925781
vt 0.132324219 0.268554688
vt 0.13293457 0.267333984
vt 0.132568359 0.266845703
vt 0.131713867 0.265869141
vt 0.131103516 0.266113281
vt 0.132568359 0.265380859
vt 0.133422852 0.264648438
vt 0.134033203 0.265380859
vt 0.134399414 0.263671875
vt 0.13659668 0.262939453
vt 0.135375977 0.262695312
vt 0.136352539 0.261474609
vt 0.138183594 0.260986328
vt 0.137207031 0.260498047
vt 0.138916016 0.261230469
vt 0.135986328 0.264892578
vt 0.139648438 0.260986328
vt 0.135375977 0.266113281
vt 0.140014648 0.265869141
vt 0.140380859 0.260498047
vt 0.145385742 0.261962891
vt 0.139892578 0.268798828
vt 0.143066406 0.26953125
vt 0.149902344 0.265625
vt 0.141235352 0.271728516
vt 0.145751953 0.270751953
vt 0.150390625 0.266113281
vt 0.144042969 0.273193359
vt 0.145507812 0.271728516
vt 0.143188477 0.274414062
vt 0.145996094 0.274414062
vt 0.144042969 0.273681641
vt 0.143310547 0.274902344
vt 0.164916992 0.3359375
vt 0.16784668 0.330566406
vt 0.166748047 0.330078125
vt 0.165649414 0.329345703
vt 0.164550781 0.328857422
vt 0.163452148 0.328125
vt 0.161987305 0.326904297
vt 0.160766602 0.325683594
vt 0.159179688 0.32421875
vt 0.158203125 0.322998047
vt 0.157226562 0.321777344
vt 0.150146484 0.324707031
vt 0.155883789 0.3203125
vt 0.154907227 0.319091797
vt 0.154052734 0.318115234
vt 0.154663086 0.329101562
vt 0.164672852 0.336425781
vt 0.163574219 0.338623047
vt 0.148071289 0.322509766
vt 0.152832031 0.31640625
vt 0.147460938 0.320800781
vt 0.151611328 0.314941406
vt 0.150634766 0.313476562
vt 0.150146484 0.325195312
vt 0.148681641 0.323730469
vt 0.150024414 0.327880859
vt 0.15246582 0.329833984
vt 0.1484375 0.326171875
vt 0.154907227 0.332519531
vt 0.150512695 0.328857422
vt 0.1484375 0.326660156
vt 0.158813477 0.335449219
vt 0.152954102 0.337402344
vt 0.163330078 0.339111328
vt 0.160644531 0.343505859
vt 0.158447266 0.348388672
vt 0.147583008 0.339355469
vt 0.148193359 0.330322266
vt 0.145996094 0.334228516
vt 0.146850586 0.338867188
vt 0.146118164 0.328613281
vt 0.142456055 0.336181641
vt 0.146118164 0.338867188
vt 0.139038086 0.334472656
vt 0.143432617 0.337646484
vt 0.145263672 0.339111328
vt 0.145385742 0.331787109
vt 0.141723633 0.331298828
vt 0.141601562 0.334960938
vt 0.145507812 0.326660156
vt 0.143432617 0.339111328
vt 0.14453125 0.340087891
vt 0.142333984 0.338378906
vt 0.141235352 0.337646484
vt 0.14050293 0.3359375
vt 0.138793945 0.334960938
vt 0.140014648 0.336914062
vt 0.139038086 0.336425781
vt 0.138427734 0.336181641
vt 0.138061523 0.336181641
vt 0.137451172 0.3359375
vt 0.137084961 0.332275391
vt 0.138183594 0.333251953
vt 0.135986328 0.330322266
vt 0.137207031 0.331542969
vt 0.142089844 0.327880859
vt 0.135498047 0.329345703
vt 0.139038086 0.327392578
vt 0.134521484 0.328369141
vt 0.13684082 0.327148438
vt 0.14453125 0.325439453
vt 0.144042969 0.324707031
vt 0.143066406 0.323730469
vt 0.143554688 0.322509766
vt 0.145751953 0.322753906
vt 0.145263672 0.321289062
vt 0.146240234 0.323730469
vt 0.146728516 0.324707031
vt 0.145019531 0.319580078
vt 0.147460938 0.325683594
vt 0.147583008 0.325195312
vt 0.146850586 0.32421875
vt 0.146362305 0.323242188
vt 0.147949219 0.322998047
vt 0.147338867 0.321533203
vt 0.145996094 0.322509766
vt 0.145629883 0.321289062
vt 0.146972656 0.319580078
vt 0.146972656 0.318115234
vt 0.146728516 0.312988281
vt 0.149414062 0.311767578
vt 0.1484375 0.310302734
vt 0.147583008 0.30859375
vt 0.146850586 0.307128906
vt 0.146362305 0.305908203
vt 0.146240234 0.305175781
vt 0.146606445 0.31640625
vt 0.146484375 0.3125
vt 0.145019531 0.317626953
vt 0.14465332 0.317626953
vt 0.00479888916 0.336914062
vt 0.00912475586 0.342041016
vt 0.00559616089 0.3359375
vt 0.00635528564 0.334716797
vt 0.0161895752 0.333740234
vt 0.00701141357 0.333984375
vt 0.00763702393 0.333007812
vt 0.00821685791 0.331787109
vt 0.00875854492 0.330810547
vt 0.00925445557 0.329833984
vt 0.0093460083 0.342285156
vt 0.016998291 0.331787109
vt 0.00973510742 0.328857422
vt 0.0101776123 0.327636719
vt 0.0171051025 0.329101562
vt 0.0106506348 0.326660156
vt 0.0110778809 0.325683594
vt 0.01146698 0.324462891
vt 0.0163879395 0.324462891
vt 0.0119628906 0.323242188
vt 0.0124206543 0.322265625
vt 0.0128250122 0.321044922
vt 0.0131759644 0.319824219
vt 0.0134658813 0.318847656
vt 0.0136947632 0.317626953
vt 0.0138702393 0.31640625
vt 0.0139846802 0.315429688
vt 0.0140533447 0.313720703
vt 0.015838623 0.319580078
vt 0.0139770508 0.312255859
vt 0.0138397217 0.311035156
vt 0.0136947632 0.309570312
vt 0.0163421631 0.310791016
vt 0.0137634277 0.307617188
vt 0.0137329102 0.306640625
vt 0.0136947632 0.305908203
vt 0.0168762207 0.325195312
vt 0.0162963867 0.301757812
vt 0.0136184692 0.303466797
vt 0.0157318115 0.292724609
vt 0.0137329102 0.302001953
vt 0.0138473511 0.30078125
vt 0.0138931274 0.299316406
vt 0.0161590576 0.287841797
vt 0.0137939453 0.297851562
vt 0.0136566162 0.296630859
vt 0.0134658813 0.295410156
vt 0.0132217407 0.294433594
vt 0.0129165649 0.293212891
vt 0.0125579834 0.292236328
vt 0.0121459961 0.291015625
vt 0.011680603 0.290039062
vt 0.0111846924 0.288818359
vt 0.0167236328 0.283691406
vt 0.0107727051 0.287841797
vt 0.0103225708 0.286865234
vt 0.00983428955 0.285888672
vt 0.0166168213 0.287353516
vt 0.0165100098 0.281005859
vt 0.00937652588 0.284912109
vt 0.00887298584 0.283935547
vt 0.0156555176 0.279052734
vt 0.00835418701 0.282958984
vt 0.00780105591 0.281982422
vt 0.00720977783 0.281005859
vt 0.00657653809 0.280029297
vt 0.00591659546 0.279296875
vt 0.00523757935 0.268310547
vt 0.00523376465 0.278320312
vt 0.00450897217 0.277099609
vt 0.00372314453 0.276123047
vt 0.00290489197 0.275146484
vt 0.00202560425 0.274414062
vt 0.00101566315 0.2734375
vt 0.00947570801 0.271728516
vt 0.00131320953 0.264160156
vt 0.00843811035 0.267333984
vt 0.00304412842 0.262207031
vt 0.0034828186 0.26171875
vt 0.00741577148 0.265625
vt 0.00768661499 0.257324219
vt 0.0141830444 0.273681641
vt 0.0111694336 0.269775391
vt 0.0142288208 0.265380859
vt 0.0147857666 0.27734375
vt 0.0196838379 0.264648438
vt 0.0104675293 0.253173828
vt 0.0156860352 0.270263672
vt 0.0139541626 0.272705078
vt 0.0199127197 0.272705078
vt 0.0206604004 0.269287109
vt 0.0157775879 0.275390625
vt 0.0168609619 0.276855469
vt 0.0160675049 0.275390625
vt 0.0162506104 0.279541016
vt 0.0233154297 0.267822266
vt 0.0210418701 0.265136719
vt 0.0264434814 0.270507812
vt 0.0167694092 0.280761719
vt 0.0169830322 0.282226562
vt 0.0170593262 0.284179688
vt 0.0201568604 0.276611328
vt 0.0238342285 0.273925781
vt 0.0175018311 0.278076172
vt 0.0179748535 0.279296875
vt 0.0178375244 0.278076172
vt 0.0182495117 0.279052734
vt 0.0206298828 0.278564453
vt 0.0187683105 0.280029297
vt 0.0183258057 0.280273438
vt 0.0186157227 0.28125
vt 0.0212402344 0.280761719
vt 0.018737793 0.281738281
vt 0.0220489502 0.279541016
vt 0.0271606445 0.279541016
vt 0.0250854492 0.279052734
vt 0.0258331299 0.277099609
vt 0.0282592773 0.278076172
vt 0.0245819092 0.275634766
vt 0.028427124 0.273193359
vt 0.0294342041 0.274902344
vt 0.0272979736 0.270507812
vt 0.0298461914 0.275878906
vt 0.0289764404 0.273193359
vt 0.0250396729 0.268310547
vt 0.0273895264 0.270019531
vt 0.0230712891 0.266357422
vt 0.0217590332 0.264892578
vt 0.0225982666 0.264404297
vt 0.0240325928 0.265869141
vt 0.0251464844 0.266845703
vt 0.0261077881 0.267822266
vt 0.0272674561 0.268554688
vt 0.0280914307 0.269042969
vt 0.0301513672 0.273925781
vt 0.0288238525 0.269287109
vt 0.0298156738 0.274902344
vt 0.0307922363 0.275634766
vt 0.0301055908 0.275390625
vt 0.0312194824 0.276367188
vt 0.0298461914 0.275390625
vt 0.0304260254 0.276855469
vt 0.0315551758 0.27734375
vt 0.0317993164 0.276855469
vt 0.0325622559 0.277587891
vt 0.0323791504 0.278320312
vt 0.0332641602 0.278076172
vt 0.0308532715 0.277099609
vt 0.0305480957 0.27734375
vt 0.0311737061 0.278076172
vt 0.0315246582 0.278076172
vt 0.0317687988 0.278808594
vt 0.0332946777 0.278808594
vt 0.034362793 0.278808594
vt 0.0327758789 0.279296875
vt 0.0346984863 0.279541016
vt 0.0355834961 0.279296875
vt 0.0334777832 0.279296875
vt 0.0361633301 0.280273438
vt 0.0369873047 0.280029297
vt 0.046661377 0.284667969
vt 0.0447387695 0.283447266
vt 0.0476379395 0.284667969
vt 0.0331115723 0.280029297
vt 0.0352478027 0.280273438
vt 0.0545349121 0.286865234
vt 0.0500183105 0.285400391
vt 0.0528259277 0.286132812
vt 0.0551452637 0.286376953
vt 0.0577087402 0.287109375
vt 0.0615844727 0.288818359
vt 0.0614318848 0.287841797
vt 0.0649414062 0.290039062
vt 0.0649414062 0.2890625
vt 0.0681152344 0.291015625
vt 0.0673828125 0.289794922
vt 0.0690307617 0.290283203
vt 0.0706787109 0.290771484
vt 0.072265625 0.291015625
vt 0.0739135742 0.291259766
vt 0.0731201172 0.291748047
vt 0.0756835938 0.291259766
vt 0.0765380859 0.291992188
vt 0.0748901367 0.292480469
vt 0.0775146484 0.292480469
vt 0.071472168 0.291992188
vt 0.0803222656 0.292480469
vt 0.08203125 0.295898438
vt 0.078918457 0.296386719
vt 0.0739746094 0.295654297
vt 0.0765991211 0.297607422
vt 0.0794677734 0.299804688
vt 0.08203125 0.300537109
vt 0.0717163086 0.295898438
vt 0.0860595703 0.301025391
vt 0.0867919922 0.306152344
vt 0.0849609375 0.3046875
vt 0.0697021484 0.295898438
vt 0.0833740234 0.3046875
vt 0.0847167969 0.307128906
vt 0.0858154297 0.311279297
vt 0.069152832 0.291503906
vt 0.0677490234 0.295898438
vt 0.0664672852 0.291015625
vt 0.0649414062 0.293945312
vt 0.0639648438 0.290039062
vt 0.0608825684 0.294189453
vt 0.0613708496 0.289306641
vt 0.0567626953 0.295166016
vt 0.0579528809 0.288085938
vt 0.0582580566 0.292724609
vt 0.057800293 0.288574219
vt 0.0531616211 0.295166016
vt 0.0545043945 0.287353516
vt 0.0557250977 0.293212891
vt 0.0513916016 0.294189453
vt 0.0513000488 0.286376953
vt 0.0495910645 0.294433594
vt 0.0493164062 0.293701172
vt 0.0458068848 0.293212891
vt 0.0469665527 0.298339844
vt 0.0467224121 0.292480469
vt 0.0434570312 0.291503906
vt 0.0485839844 0.285644531
vt 0.0435180664 0.299560547
vt 0.0456542969 0.284423828
vt 0.0423583984 0.283203125
vt 0.044921875 0.307373047
vt 0.0415039062 0.282958984
vt 0.0372619629 0.28125
vt 0.0420532227 0.312988281
vt 0.0401000977 0.282470703
vt 0.0411376953 0.300048828
vt 0.0418701172 0.307617188
vt 0.0408935547 0.293945312
vt 0.043548584 0.292480469
vt 0.0404663086 0.291015625
vt 0.040222168 0.290039062
vt 0.0387573242 0.288330078
vt 0.0365600586 0.285888672
vt 0.0376586914 0.288330078
vt 0.037109375 0.291015625
vt 0.0360412598 0.296142578
vt 0.0378417969 0.283935547
vt 0.0356445312 0.283691406
vt 0.0340270996 0.28125
vt 0.0334472656 0.281494141
vt 0.0351867676 0.284423828
vt 0.0318603516 0.284423828
vt 0.0328979492 0.287353516
vt 0.0328979492 0.290283203
vt 0.0333251953 0.293457031
vt 0.0321044922 0.279541016
vt 0.0294342041 0.280273438
vt 0.0305175781 0.281982422
vt 0.0259399414 0.281005859
vt 0.0269012451 0.283203125
vt 0.0289611816 0.285888672
vt 0.0291137695 0.289794922
vt 0.0288543701 0.293701172
vt 0.026473999 0.286621094
vt 0.0316162109 0.299804688
vt 0.0335083008 0.304931641
vt 0.0262145996 0.290039062
vt 0.0375366211 0.300048828
vt 0.0389404297 0.305664062
vt 0.0377197266 0.311523438
vt 0.0234375 0.284667969
vt 0.0240936279 0.286865234
vt 0.0230712891 0.283203125
vt 0.0225830078 0.281494141
vt 0.0205230713 0.282714844
vt 0.0204315186 0.284423828
vt 0.0219573975 0.286865234
vt 0.0188140869 0.283203125
vt 0.0187988281 0.284423828
vt 0.0187225342 0.285644531
vt 0.0231323242 0.290039062
vt 0.0203552246 0.287109375
vt 0.0185089111 0.288085938
vt 0.0204315186 0.290283203
vt 0.018081665 0.291259766
vt 0.022857666 0.293701172
vt 0.017364502 0.296142578
vt 0.0201263428 0.293701172
vt 0.0197906494 0.299316406
vt 0.0261383057 0.293945312
vt 0.0237579346 0.299316406
vt 0.0238800049 0.305908203
vt 0.0192108154 0.309570312
vt 0.0279388428 0.300292969
vt 0.028503418 0.305908203
vt 0.0174255371 0.316162109
vt 0.0182952881 0.321044922
vt 0.0203094482 0.318603516
vt 0.0207366943 0.3125
vt 0.0280761719 0.311523438
vt 0.0317993164 0.312011719
vt 0.0238952637 0.312744141
vt 0.0231170654 0.318359375
vt 0.0207366943 0.322021484
vt 0.0264434814 0.318115234
vt 0.0292053223 0.318115234
vt 0.0348205566 0.3125
vt 0.0266418457 0.322021484
vt 0.0337219238 0.318115234
vt 0.0378723145 0.31640625
vt 0.0413208008 0.317382812
vt 0.0376281738 0.320556641
vt 0.033416748 0.321533203
vt 0.0440368652 0.318847656
vt 0.041015625 0.3203125
vt 0.0382995605 0.323486328
vt 0.040802002 0.321289062
vt 0.0393676758 0.323242188
vt 0.0372619629 0.325683594
vt 0.0296020508 0.322265625
vt 0.0335388184 0.324462891
vt 0.0386657715 0.327636719
vt 0.0364685059 0.328125
vt 0.0296020508 0.326171875
vt 0.032623291 0.327636719
vt 0.0270385742 0.325439453
vt 0.035949707 0.327392578
vt 0.0343322754 0.330322266
vt 0.0349121094 0.330566406
vt 0.0340576172 0.331787109
vt 0.027633667 0.328857422
vt 0.0313415527 0.329833984
vt 0.0337524414 0.332763672
vt 0.0325317383 0.333984375
vt 0.0327453613 0.333251953
vt 0.0330505371 0.332519531
vt 0.0303344727 0.331787109
vt 0.0280761719 0.332763672
vt 0.0321960449 0.333984375
vt 0.026763916 0.331298828
vt 0.0219421387 0.331787109
vt 0.0316162109 0.334716797
vt 0.0292663574 0.333984375
vt 0.0315246582 0.335205078
vt 0.0309753418 0.336181641
vt 0.0309906006 0.336669922
vt 0.0306091309 0.337158203
vt 0.0268554688 0.335205078
vt 0.0259857178 0.333496094
vt 0.0297088623 0.339111328
vt 0.0228271484 0.333007812
vt 0.0256652832 0.336669922
vt 0.0214385986 0.333984375
vt 0.0250244141 0.338623047
vt 0.0210418701 0.340087891
vt 0.0263519287 0.343505859
vt 0.0218200684 0.335693359
vt 0.0245666504 0.344970703
vt 0.0216674805 0.348144531
vt 0.0163574219 0.347412109
vt 0.0200653076 0.337158203
vt 0.0175476074 0.3359375
vt 0.0185394287 0.334716797
vt 0.0187683105 0.343017578
vt 0.0146331787 0.340820312
vt 0.0117492676 0.344238281
vt 0.016784668 0.337646484
vt 0.0148239136 0.339599609
vt 0.0114440918 0.343994141
vt 0.0164642334 0.337646484
vt 0.0153198242 0.335693359
vt 0.0167999268 0.333496094
vt 0.0181732178 0.334716797
vt 0.017288208 0.33203125
vt 0.0189208984 0.333740234
vt 0.0186157227 0.333496094
vt 0.0194091797 0.332519531
vt 0.018951416 0.332519531
vt 0.0192108154 0.331298828
vt 0.0174407959 0.330566406
vt 0.0192871094 0.330566406
vt 0.0192871094 0.330566406
vt 0.0174255371 0.328613281
vt 0.0193328857 0.329589844
vt 0.0192871094 0.328125
vt 0.0211029053 0.329589844
vt 0.0193328857 0.329589844
vt 0.0191345215 0.326904297
vt 0.0233001709 0.331054688
vt 0.0237121582 0.329345703
vt 0.0209503174 0.327880859
vt 0.024017334 0.327636719
vt 0.0188140869 0.324462891
vt 0.0207672119 0.325439453
vt 0.0246124268 0.325195312
vt 0.0224151611 0.325439453
vt 0.0234985352 0.322265625
vt 0.0546875 0.0827636719
vt 0.0547485352 0.0821533203
vt 0.053894043 0.0819091797
vt 0.0548095703 0.0813598633
vt 0.0538330078 0.0809326172
vt 0.0548400879 0.0804443359
vt 0.0538330078 0.0802001953
vt 0.0538330078 0.0692749023
vt 0.0547790527 0.0759277344
vt 0.0548095703 0.0711669922
vt 0.0548400879 0.069152832
vt 0.0538330078 0.0686035156
vt 0.0548400879 0.0682373047
vt 0.053894043 0.0676879883
vt 0.0547485352 0.0673828125
vt 0.0547180176 0.0668334961
vt 0.184326172 0.191162109
vt 0.184448242 0.19140625
vt 0.185424805 0.191162109
vt 0.183837891 0.191162109
vt 0.18359375 0.190551758
vt 0.183105469 0.190185547
vt 0.183227539 0.189819336
vt 0.183349609 0.178833008
vt 0.183105469 0.178833008
vt 0.18359375 0.178222656
vt 0.183349609 0.178222656
vt 0.183837891 0.177734375
vt 0.184204102 0.177612305
vt 0.184570312 0.177490234
vt 0.185424805 0.177734375
vt 0.0863037109 0.314453125
vt 0.0870361328 0.316650391
vt 0.0889892578 0.316650391
vt 0.0887451172 0.311523438
vt 0.0907592773 0.316894531
vt 0.0902709961 0.313964844
vt 0.0901489258 0.309082031
vt 0.0915527344 0.311279297
vt 0.0932006836 0.314453125
vt 0.0933227539 0.317382812
vt 0.0952758789 0.314453125
vt 0.0968017578 0.317382812
vt 0.0972290039 0.313720703
vt 0.0990600586 0.313964844
vt 0.100280762 0.317871094
vt 0.100891113 0.313964844
vt 0.100463867 0.317382812
vt 0.103637695 0.318115234
vt 0.102905273 0.314697266
vt 0.105407715 0.318115234
vt 0.836914062 0.284667969
vt 0.836914062 0.282226562
vt 0.836425781 0.283935547
vt 0.836425781 0.286865234
vt 0.836914062 0.279785156
vt 0.835449219 0.2890625
vt 0.835449219 0.278564453
vt 0.836425781 0.289550781
vt 0.835449219 0.27734375
vt 0.833984375 0.29296875
vt 0.834960938 0.293701172
vt 0.833984375 0.274414062
vt 0.83203125 0.296386719
vt 0.833007812 0.295898438
vt 0.83203125 0.297851562
vt 0.835449219 0.274902344
vt 0.834960938 0.274169922
vt 0.836425781 0.271240234
vt 0.829101562 0.299316406
vt 0.830078125 0.299560547
vt 0.828613281 0.301025391
vt 0.83203125 0.271240234
vt 0.834960938 0.269042969
vt 0.833007812 0.266601562
vt 0.830078125 0.268798828
vt 0.831542969 0.265136719
vt 0.824707031 0.302001953
vt 0.826171875 0.301757812
vt 0.82421875 0.303222656
vt 0.827636719 0.266845703
vt 0.819824219 0.303222656
vt 0.8203125 0.304443359
vt 0.817382812 0.303955078
vt 0.828613281 0.266113281
vt 0.827636719 0.265625
vt 0.825683594 0.264892578
vt 0.814941406 0.303466797
vt 0.814941406 0.304443359
vt 0.812988281 0.303955078
vt 0.82421875 0.264892578
vt 0.823730469 0.263427734
vt 0.821289062 0.262695312
vt 0.810058594 0.301757812
vt 0.810546875 0.303222656
vt 0.80859375 0.301757812
vt 0.819335938 0.263427734
vt 0.819335938 0.262451172
vt 0.816894531 0.262695312
vt 0.806152344 0.299804688
vt 0.814453125 0.263427734
vt 0.813964844 0.262451172
vt 0.810058594 0.263427734
vt 0.810546875 0.264404297
vt 0.807617188 0.265136719
vt 0.806152344 0.301025391
vt 0.805664062 0.300537109
vt 0.802734375 0.301513672
vt 0.804199219 0.297851562
vt 0.801269531 0.300048828
vt 0.807128906 0.266113281
vt 0.805664062 0.265625
vt 0.804199219 0.267089844
vt 0.802246094 0.295410156
vt 0.799316406 0.297851562
vt 0.797851562 0.295410156
vt 0.803710938 0.268798828
vt 0.802246094 0.268798828
vt 0.801269531 0.270751953
vt 0.801757812 0.271240234
vt 0.799316406 0.272949219
vt 0.800292969 0.273681641
vt 0.797851562 0.277099609
vt 0.798828125 0.277587891
vt 0.797851562 0.280029297
vt 0.800292969 0.292236328
vt 0.799316406 0.292480469
vt 0.798828125 0.291748047
vt 0.799316406 0.289550781
vt 0.798339844 0.288574219
vt 0.798339844 0.281494141
vt 0.797363281 0.282226562
vt 0.797363281 0.284423828
vt 0.798339844 0.285888672
vt 0.797363281 0.286865234
f 3/3 2/2 1/1
f 3/3 1/1 4/4
f 5/5 4/4 1/1
f 5/5 1/1 6/6
f 7/7 5/5 6/6
f 7/7 6/6 8/8
f 9/9 7/7 8/8
f 10/10 9/9 8/8
f 9/9 10/10 11/11
f 10/10 12/12 11/11
f 12/12 13/13 11/11
f 12/12 14/14 13/13
f 12/12 15/15 14/14
f 15/15 16/16 14/14
f 15/15 17/17 16/16
f 15/15 18/18 17/17
f 19/19 17/17 18/18
f 20/20 19/19 18/18
f 21/21 19/19 20/20
f 22/22 21/21 20/20
f 20/20 18/18 23/23
f 22/22 20/20 23/23
f 22/22 24/24 21/21
f 25/25 22/22 23/23
f 24/24 22/22 25/25
f 26/26 25/25 23/23
f 27/27 23/23 18/18
f 23/23 27/27 26/26
f 28/28 25/25 26/26
f 28/28 24/24 25/25
f 29/29 26/26 27/27
f 29/29 28/28 26/26
f 30/30 28/28 29/29
f 24/24 28/28 31/31
f 28/28 30/30 31/31
f 24/24 31/31 32/32
f 21/21 24/24 32/32
f 30/30 33/33 31/31
f 30/30 34/34 33/33
f 21/21 32/32 35/35
f 21/21 35/35 36/36
f 37/37 36/36 35/35
f 36/36 37/37 38/38
f 30/30 39/39 34/34
f 40/40 29/29 27/27
f 40/40 30/30 29/29
f 30/30 41/41 39/39
f 30/30 40/40 41/41
f 40/40 27/27 42/42
f 42/42 41/41 40/40
f 42/42 27/27 18/18
f 18/18 43/43 42/42
f 42/42 43/43 41/41
f 18/18 44/44 43/43
f 41/41 45/45 39/39
f 45/45 46/46 39/39
f 45/45 47/47 46/46
f 47/47 48/48 46/46
f 47/47 49/49 48/48
f 49/49 47/47 50/50
f 45/45 41/41 51/51
f 51/51 41/41 43/43
f 52/52 43/43 44/44
f 44/44 53/53 52/52
f 54/54 43/43 52/52
f 51/51 43/43 54/54
f 55/55 45/45 51/51
f 47/47 45/45 55/55
f 47/47 56/56 50/50
f 56/56 57/57 50/50
f 51/51 58/58 55/55
f 51/51 54/54 58/58
f 59/59 47/47 55/55
f 47/47 59/59 56/56
f 59/59 55/55 58/58
f 52/52 60/60 54/54
f 53/53 60/60 52/52
f 61/61 57/57 56/56
f 61/61 62/62 57/57
f 63/63 56/56 59/59
f 59/59 58/58 63/63
f 63/63 61/61 56/56
f 58/58 54/54 64/64
f 63/63 58/58 64/64
f 60/60 64/64 54/54
f 63/63 64/64 61/61
f 64/64 60/60 65/65
f 61/61 64/64 65/65
f 53/53 66/66 60/60
f 65/65 60/60 66/66
f 53/53 67/67 66/66
f 67/67 65/65 66/66
f 53/53 68/68 67/67
f 68/68 69/69 67/67
f 70/70 69/69 68/68
f 70/70 71/71 69/69
f 72/72 61/61 65/65
f 72/72 62/62 61/61
f 65/65 67/67 73/73
f 65/65 73/73 72/72
f 69/69 73/73 67/67
f 72/72 74/74 62/62
f 74/74 72/72 73/73
f 73/73 69/69 74/74
f 74/74 75/75 62/62
f 74/74 76/76 75/75
f 76/76 77/77 75/75
f 69/69 78/78 74/74
f 74/74 78/78 76/76
f 76/76 79/79 77/77
f 78/78 79/79 76/76
f 80/80 77/77 79/79
f 69/69 81/81 78/78
f 81/81 79/79 78/78
f 71/71 81/81 69/69
f 80/80 79/79 82/82
f 81/81 82/82 79/79
f 71/71 82/82 81/81
f 71/71 80/80 82/82
f 85/85 84/84 83/83
f 85/85 86/86 84/84
f 86/86 87/87 84/84
f 86/86 88/88 87/87
f 88/88 89/89 87/87
f 85/85 90/90 86/86
f 88/88 91/91 89/89
f 88/88 92/92 91/91
f 92/92 93/93 91/91
f 92/92 94/94 93/93
f 86/86 90/90 95/95
f 96/96 95/95 90/90
f 96/96 97/97 95/95
f 98/98 86/86 95/95
f 88/88 86/86 98/98
f 95/95 97/97 99/99
f 98/98 95/95 99/99
f 100/100 99/99 97/97
f 101/101 100/100 97/97
f 101/101 102/102 100/100
f 103/103 102/102 101/101
f 100/100 104/104 99/99
f 102/102 104/104 100/100
f 104/104 105/105 99/99
f 99/99 106/106 98/98
f 99/99 105/105 106/106
f 107/107 104/104 102/102
f 107/107 105/105 104/104
f 103/103 108/108 102/102
f 107/107 102/102 108/108
f 106/106 109/109 98/98
f 109/109 88/88 98/98
f 109/109 106/106 110/110
f 105/105 110/110 106/106
f 88/88 109/109 111/111
f 109/109 110/110 111/111
f 112/112 88/88 111/111
f 112/112 92/92 88/88
f 111/111 110/110 113/113
f 112/112 111/111 113/113
f 103/103 114/114 108/108
f 114/114 103/103 115/115
f 114/114 115/115 116/116
f 115/115 117/117 116/116
f 117/117 118/118 116/116
f 118/118 119/119 116/116
f 120/120 116/116 119/119
f 120/120 121/121 116/116
f 122/122 114/114 116/116
f 122/122 108/108 114/114
f 123/123 116/116 121/121
f 123/123 122/122 116/116
f 123/123 121/121 124/124
f 125/125 122/122 123/123
f 122/122 125/125 108/108
f 123/123 124/124 125/125
f 125/125 126/126 108/108
f 125/125 124/124 126/126
f 126/126 107/107 108/108
f 126/126 124/124 127/127
f 126/126 128/128 107/107
f 128/128 126/126 127/127
f 128/128 127/127 129/129
f 107/107 128/128 105/105
f 130/130 128/128 129/129
f 128/128 130/130 105/105
f 130/130 129/129 131/131
f 130/130 132/132 105/105
f 132/132 130/130 131/131
f 105/105 132/132 110/110
f 110/110 132/132 113/113
f 132/132 133/133 113/113
f 133/133 132/132 131/131
f 133/133 134/134 113/113
f 134/134 133/133 131/131
f 112/112 113/113 134/134
f 92/92 112/112 134/134
f 135/135 134/134 131/131
f 92/92 134/134 135/135
f 135/135 131/131 17/17
f 135/135 136/136 92/92
f 92/92 136/136 137/137
f 137/137 136/136 135/135
f 92/92 137/137 94/94
f 137/137 135/135 138/138
f 138/138 135/135 17/17
f 137/137 139/139 94/94
f 139/139 137/137 138/138
f 139/139 38/38 94/94
f 139/139 36/36 38/38
f 140/140 139/139 138/138
f 139/139 140/140 36/36
f 138/138 17/17 141/141
f 141/141 140/140 138/138
f 36/36 140/140 142/142
f 142/142 140/140 141/141
f 141/141 17/17 143/143
f 19/19 143/143 17/17
f 144/144 142/142 141/141
f 144/144 36/36 142/142
f 144/144 141/141 143/143
f 145/145 143/143 19/19
f 145/145 144/144 143/143
f 36/36 144/144 146/146
f 144/144 145/145 146/146
f 36/36 146/146 21/21
f 21/21 147/147 19/19
f 147/147 145/145 19/19
f 145/145 147/147 146/146
f 146/146 147/147 21/21
f 150/150 149/149 148/148
f 150/150 151/151 149/149
f 150/150 152/152 151/151
f 150/150 153/153 152/152
f 154/154 152/152 153/153
f 154/154 153/153 155/155
f 156/156 154/154 155/155
f 156/156 155/155 157/157
f 157/157 158/158 156/156
f 157/157 159/159 158/158
f 158/158 159/159 160/160
f 158/158 160/160 161/161
f 161/161 160/160 162/162
f 161/161 162/162 163/163
f 163/163 162/162 164/164
f 165/165 163/163 164/164
f 165/165 164/164 166/166
f 167/167 163/163 165/165
f 166/166 164/164 168/168
f 169/169 165/165 166/166
f 170/170 166/166 168/168
f 170/170 169/169 166/166
f 171/171 167/167 165/165
f 169/169 172/172 165/165
f 172/172 171/171 165/165
f 169/169 173/173 172/172
f 172/172 173/173 171/171
f 174/174 171/171 173/173
f 173/173 175/175 174/174
f 173/173 169/169 175/175
f 169/169 170/170 175/175
f 176/176 170/170 168/168
f 170/170 176/176 175/175
f 171/171 177/177 167/167
f 174/174 177/177 171/171
f 177/177 178/178 167/167
f 174/174 178/178 177/177
f 179/179 163/163 167/167
f 178/178 179/179 167/167
f 174/174 175/175 180/180
f 175/175 181/181 180/180
f 175/175 176/176 181/181
f 174/174 180/180 182/182
f 174/174 182/182 183/183
f 184/184 174/174 183/183
f 174/174 184/184 178/178
f 184/184 183/183 185/185
f 184/184 185/185 186/186
f 187/187 184/184 186/186
f 187/187 186/186 188/188
f 187/187 188/188 189/189
f 190/190 187/187 189/189
f 190/190 189/189 191/191
f 190/190 191/191 192/192
f 193/193 178/178 184/184
f 184/184 187/187 193/193
f 179/179 178/178 193/193
f 194/194 179/179 193/193
f 179/179 194/194 163/163
f 195/195 193/193 187/187
f 194/194 193/193 195/195
f 196/196 163/163 194/194
f 197/197 163/163 196/196
f 194/194 195/195 198/198
f 195/195 187/187 198/198
f 194/194 198/198 196/196
f 199/199 198/198 187/187
f 190/190 199/199 187/187
f 196/196 198/198 199/199
f 197/197 196/196 200/200
f 197/197 200/200 201/201
f 202/202 196/196 199/199
f 202/202 200/200 196/196
f 190/190 203/203 199/199
f 202/202 199/199 203/203
f 203/203 190/190 204/204
f 202/202 203/203 204/204
f 205/205 202/202 204/204
f 202/202 206/206 200/200
f 206/206 202/202 205/205
f 207/207 201/201 200/200
f 206/206 207/207 200/200
f 207/207 208/208 201/201
f 206/206 208/208 207/207
f 208/208 209/209 201/201
f 204/204 190/190 210/210
f 210/210 190/190 192/192
f 206/206 211/211 208/208
f 206/206 205/205 211/211
f 212/212 209/209 208/208
f 208/208 211/211 212/212
f 205/205 204/204 213/213
f 204/204 210/210 213/213
f 214/214 209/209 212/212
f 214/214 215/215 209/209
f 214/214 216/216 215/215
f 216/216 217/217 215/215
f 205/205 218/218 211/211
f 211/211 218/218 212/212
f 205/205 213/213 219/219
f 210/210 219/219 213/213
f 214/214 212/212 220/220
f 216/216 214/214 220/220
f 216/216 221/221 217/217
f 222/222 217/217 221/221
f 223/223 205/205 219/219
f 223/223 218/218 205/205
f 219/219 210/210 224/224
f 223/223 219/219 224/224
f 212/212 218/218 225/225
f 212/212 225/225 220/220
f 216/216 226/226 221/221
f 226/226 216/216 220/220
f 222/222 221/221 227/227
f 221/221 226/226 227/227
f 222/222 227/227 228/228
f 227/227 226/226 228/228
f 229/229 228/228 226/226
f 229/229 226/226 220/220
f 229/229 220/220 225/225
f 229/229 225/225 230/230
f 218/218 230/230 225/225
f 223/223 230/230 218/218
f 223/223 231/231 230/230
f 231/231 223/223 224/224
f 231/231 224/224 232/232
f 224/224 233/233 232/232
f 210/210 233/233 224/224
f 233/233 210/210 192/192
f 233/233 192/192 234/234
f 234/234 192/192 235/235
f 238/238 237/237 236/236
f 238/238 236/236 239/239
f 238/238 239/239 240/240
f 240/240 241/241 238/238
f 240/240 242/242 241/241
f 242/242 243/243 241/241
f 244/244 239/239 236/236
f 245/245 244/244 236/236
f 245/245 246/246 244/244
f 247/247 244/244 246/246
f 244/244 247/247 239/239
f 247/247 246/246 248/248
f 249/249 247/247 248/248
f 247/247 249/249 239/239
f 249/249 248/248 250/250
f 240/240 239/239 251/251
f 249/249 251/251 239/239
f 242/242 240/240 251/251
f 252/252 249/249 250/250
f 249/249 252/252 251/251
f 242/242 251/251 252/252
f 253/253 252/252 250/250
f 242/242 254/254 243/243
f 255/255 243/243 254/254
f 242/242 252/252 256/256
f 254/254 242/242 256/256
f 253/253 257/257 252/252
f 252/252 257/257 256/256
f 255/255 254/254 258/258
f 258/258 259/259 255/255
f 256/256 260/260 254/254
f 257/257 260/260 256/256
f 260/260 258/258 254/254
f 260/260 261/261 258/258
f 257/257 253/253 262/262
f 263/263 262/262 253/253
f 264/264 262/262 263/263
f 264/264 263/263 265/265
f 264/264 265/265 266/266
f 267/267 264/264 266/266
f 267/267 268/268 264/264
f 268/268 269/269 264/264
f 268/268 270/270 269/269
f 270/270 271/271 269/269
f 272/272 260/260 257/257
f 272/272 257/257 262/262
f 264/264 273/273 262/262
f 272/272 262/262 273/273
f 269/269 273/273 264/264
f 272/272 274/274 260/260
f 273/273 274/274 272/272
f 274/274 261/261 260/260
f 273/273 275/275 274/274
f 269/269 275/275 273/273
f 275/275 261/261 274/274
f 271/271 276/276 269/269
f 271/271 277/277 276/276
f 277/277 278/278 276/276
f 277/277 279/279 278/278
f 279/279 280/280 278/278
f 275/275 269/269 281/281
f 281/281 269/269 276/276
f 275/275 281/281 261/261
f 281/281 276/276 282/282
f 282/282 276/276 278/278
f 261/261 281/281 282/282
f 283/283 261/261 282/282
f 284/284 282/282 278/278
f 284/284 283/283 282/282
f 261/261 283/283 285/285
f 261/261 285/285 258/258
f 258/258 285/285 259/259
f 259/259 285/285 283/283
f 164/164 259/259 283/283
f 164/164 283/283 284/284
f 284/284 286/286 164/164
f 287/287 284/284 278/278
f 287/287 286/286 284/284
f 278/278 288/288 287/287
f 287/287 288/288 286/286
f 286/286 289/289 164/164
f 289/289 168/168 164/164
f 278/278 290/290 288/288
f 280/280 290/290 278/278
f 288/288 291/291 286/286
f 288/288 290/290 291/291
f 291/291 289/289 286/286
f 280/280 292/292 290/290
f 290/290 292/292 291/291
f 291/291 292/292 289/289
f 280/280 181/181 292/292
f 181/181 176/176 292/292
f 293/293 168/168 289/289
f 292/292 293/293 289/289
f 168/168 293/293 176/176
f 293/293 292/292 176/176
f 296/296 295/295 294/294
f 295/295 297/297 294/294
f 298/298 294/294 297/297
f 297/297 299/299 298/298
f 298/298 300/300 294/294
f 301/301 294/294 300/300
f 302/302 301/301 300/300
f 305/305 304/304 303/303
f 305/305 303/303 306/306
f 307/307 306/306 303/303
f 308/308 307/307 303/303
f 309/309 308/308 303/303
f 306/306 307/307 310/310
f 311/311 306/306 310/310
f 312/312 311/311 310/310
f 315/315 314/314 313/313
f 315/315 316/316 314/314
f 316/316 315/315 317/317
f 317/317 315/315 318/318
f 317/317 318/318 319/319
f 320/320 318/318 315/315
f 320/320 321/321 318/318
f 321/321 322/322 318/318
f 321/321 323/323 322/322
f 326/326 325/325 324/324
f 326/326 324/324 327/327
f 328/328 327/327 324/324
f 327/327 329/329 326/326
f 329/329 330/330 326/326
f 327/327 328/328 331/331
f 328/328 332/332 331/331
f 333/333 331/331 332/332
f 336/336 335/335 334/334
f 334/334 335/335 337/337
f 338/338 337/337 335/335
f 335/335 339/339 338/338
f 338/338 340/340 337/337
f 339/339 341/341 338/338
f 342/342 337/337 340/340
f 339/339 343/343 341/341
f 343/343 344/344 341/341
f 343/343 345/345 344/344
f 342/342 340/340 346/346
f 347/347 342/342 346/346
f 346/346 348/348 347/347
f 346/346 349/349 348/348
f 350/350 348/348 349/349
f 345/345 351/351 344/344
f 345/345 352/352 351/351
f 352/352 353/353 351/351
f 353/353 354/354 351/351
f 353/353 355/355 354/354
f 355/355 356/356 354/354
f 355/355 357/357 356/356
f 357/357 358/358 356/356
f 357/357 359/359 358/358
f 359/359 360/360 358/358
f 359/359 361/361 360/360
f 361/361 362/362 360/360
f 362/362 361/361 363/363
f 364/364 362/362 363/363
f 364/364 363/363 365/365
f 366/366 364/364 365/365
f 367/367 366/366 365/365
f 367/367 365/365 368/368
f 369/369 367/367 368/368
f 369/369 368/368 370/370
f 371/371 369/369 370/370
f 371/371 370/370 372/372
f 373/373 371/371 372/372
f 374/374 373/373 372/372
f 374/374 372/372 375/375
f 374/374 375/375 376/376
f 377/377 374/374 376/376
f 378/378 377/377 376/376
f 377/377 378/378 379/379
f 378/378 376/376 380/380
f 381/381 380/380 376/376
f 382/382 379/379 378/378
f 382/382 383/383 379/379
f 383/383 384/384 379/379
f 383/383 385/385 384/384
f 385/385 386/386 384/384
f 386/386 387/387 384/384
f 386/386 388/388 387/387
f 388/388 389/389 387/387
f 388/388 390/390 389/389
f 390/390 391/391 389/389
f 391/391 392/392 389/389
f 391/391 393/393 392/392
f 393/393 394/394 392/392
f 395/395 392/392 394/394
f 396/396 395/395 394/394
f 396/396 394/394 397/397
f 397/397 398/398 396/396
f 398/398 399/399 396/396
f 402/402 401/401 400/400
f 402/402 400/400 403/403
f 404/404 402/402 403/403
f 404/404 403/403 405/405
f 403/403 406/406 405/405
f 400/400 407/407 403/403
f 403/403 408/408 406/406
f 408/408 409/409 406/406
f 409/409 408/408 410/410
f 411/411 409/409 410/410
f 412/412 411/411 410/410
f 412/412 410/410 413/413
f 414/414 412/412 413/413
f 413/413 415/415 414/414
f 415/415 416/416 414/414
f 415/415 417/417 416/416
f 417/417 415/415 418/418
f 419/419 417/417 418/418
f 420/420 419/419 418/418
f 420/420 418/418 421/421
f 421/421 422/422 420/420
f 421/421 423/423 422/422
f 424/424 423/423 421/421
f 424/424 421/421 425/425
f 426/426 424/424 425/425
f 425/425 427/427 426/426
f 425/425 428/428 427/427
f 428/428 429/429 427/427
f 428/428 430/430 429/429
f 431/431 429/429 430/430
f 432/432 431/431 430/430
f 430/430 433/433 432/432
f 430/430 434/434 433/433
f 434/434 435/435 433/433
f 436/436 435/435 434/434
f 437/437 436/436 434/434
f 437/437 434/434 438/438
f 434/434 439/439 438/438
f 438/438 439/439 440/440
f 441/441 434/434 430/430
f 441/441 439/439 434/434
f 440/440 439/439 442/442
f 440/440 442/442 443/443
f 439/439 444/444 442/442
f 444/444 439/439 441/441
f 443/443 442/442 445/445
f 442/442 444/444 445/445
f 443/443 445/445 446/446
f 446/446 445/445 447/447
f 446/446 447/447 448/448
f 445/445 444/444 449/449
f 445/445 449/449 447/447
f 450/450 448/448 447/447
f 451/451 448/448 450/450
f 452/452 451/451 450/450
f 453/453 452/452 450/450
f 453/453 450/450 454/454
f 450/450 447/447 454/454
f 455/455 453/453 454/454
f 447/447 449/449 456/456
f 447/447 456/456 454/454
f 449/449 444/444 457/457
f 449/449 457/457 456/456
f 455/455 454/454 458/458
f 456/456 458/458 454/454
f 455/455 458/458 459/459
f 456/456 459/459 458/458
f 455/455 459/459 460/460
f 461/461 455/455 460/460
f 456/456 462/462 459/459
f 462/462 456/456 457/457
f 462/462 460/460 459/459
f 444/444 463/463 457/457
f 463/463 444/444 441/441
f 461/461 460/460 464/464
f 465/465 461/461 464/464
f 463/463 466/466 457/457
f 462/462 457/457 466/466
f 463/463 441/441 467/467
f 463/463 467/467 466/466
f 462/462 468/468 460/460
f 460/460 468/468 464/464
f 469/469 462/462 466/466
f 466/466 467/467 469/469
f 468/468 462/462 469/469
f 467/467 441/441 470/470
f 467/467 470/470 469/469
f 441/441 430/430 470/470
f 468/468 469/469 471/471
f 469/469 470/470 471/471
f 470/470 430/430 472/472
f 470/470 472/472 471/471
f 428/428 472/472 430/430
f 473/473 464/464 468/468
f 473/473 468/468 471/471
f 471/471 472/472 474/474
f 473/473 471/471 474/474
f 428/428 475/475 472/472
f 472/472 475/475 474/474
f 473/473 476/476 464/464
f 465/465 464/464 476/476
f 465/465 476/476 477/477
f 477/477 476/476 473/473
f 478/478 465/465 477/477
f 479/479 473/473 474/474
f 479/479 477/477 473/473
f 475/475 479/479 474/474
f 475/475 428/428 480/480
f 428/428 425/425 480/480
f 478/478 477/477 481/481
f 479/479 481/481 477/477
f 482/482 479/479 475/475
f 482/482 475/475 480/480
f 478/478 481/481 483/483
f 484/484 478/478 483/483
f 479/479 485/485 481/481
f 479/479 482/482 485/485
f 483/483 481/481 485/485
f 486/486 482/482 480/480
f 485/485 482/482 486/486
f 483/483 485/485 487/487
f 485/485 486/486 487/487
f 484/484 483/483 488/488
f 488/488 483/483 487/487
f 486/486 480/480 489/489
f 489/489 480/480 425/425
f 490/490 487/487 486/486
f 490/490 486/486 489/489
f 489/489 425/425 491/491
f 491/491 490/490 489/489
f 484/484 488/488 492/492
f 493/493 484/484 492/492
f 488/488 487/487 494/494
f 490/490 494/494 487/487
f 494/494 495/495 488/488
f 492/492 488/488 495/495
f 490/490 495/495 494/494
f 493/493 492/492 496/496
f 492/492 495/495 496/496
f 497/497 493/493 496/496
f 498/498 495/495 490/490
f 498/498 490/490 491/491
f 425/425 499/499 491/491
f 421/421 499/499 425/425
f 496/496 495/495 500/500
f 498/498 500/500 495/495
f 498/498 491/491 501/501
f 491/491 499/499 501/501
f 500/500 498/498 501/501
f 497/497 496/496 502/502
f 502/502 496/496 500/500
f 503/503 499/499 421/421
f 501/501 499/499 503/503
f 497/497 502/502 504/504
f 505/505 497/497 504/504
f 502/502 500/500 506/506
f 506/506 500/500 501/501
f 502/502 506/506 504/504
f 506/506 501/501 507/507
f 501/501 503/503 507/507
f 508/508 503/503 421/421
f 418/418 508/508 421/421
f 509/509 504/504 506/506
f 509/509 506/506 507/507
f 507/507 503/503 510/510
f 508/508 510/510 503/503
f 509/509 507/507 510/510
f 511/511 504/504 509/509
f 505/505 504/504 511/511
f 512/512 509/509 510/510
f 511/511 509/509 512/512
f 512/512 510/510 513/513
f 508/508 513/513 510/510
f 512/512 514/514 511/511
f 514/514 512/512 513/513
f 505/505 511/511 515/515
f 514/514 515/515 511/511
f 515/515 516/516 505/505
f 515/515 514/514 516/516
f 516/516 517/517 505/505
f 513/513 508/508 518/518
f 518/518 514/514 513/513
f 516/516 519/519 517/517
f 519/519 520/520 517/517
f 521/521 516/516 514/514
f 518/518 521/521 514/514
f 518/518 508/508 522/522
f 418/418 522/522 508/508
f 519/519 516/516 523/523
f 521/521 523/523 516/516
f 518/518 524/524 521/521
f 518/518 522/522 524/524
f 524/524 523/523 521/521
f 522/522 418/418 525/525
f 524/524 522/522 525/525
f 415/415 525/525 418/418
f 526/526 520/520 519/519
f 519/519 523/523 526/526
f 524/524 525/525 527/527
f 523/523 524/524 527/527
f 415/415 528/528 525/525
f 528/528 527/527 525/525
f 528/528 415/415 529/529
f 528/528 529/529 527/527
f 530/530 523/523 527/527
f 523/523 530/530 526/526
f 526/526 531/531 520/520
f 531/531 532/532 520/520
f 531/531 526/526 533/533
f 530/530 533/533 526/526
f 531/531 534/534 532/532
f 531/531 533/533 534/534
f 534/534 535/535 532/532
f 530/530 527/527 536/536
f 529/529 536/536 527/527
f 529/529 415/415 537/537
f 413/413 537/537 415/415
f 530/530 538/538 533/533
f 538/538 530/530 536/536
f 536/536 529/529 539/539
f 529/529 537/537 539/539
f 536/536 539/539 538/538
f 537/537 540/540 539/539
f 538/538 539/539 540/540
f 413/413 540/540 537/537
f 538/538 541/541 533/533
f 533/533 541/541 534/534
f 538/538 540/540 541/541
f 534/534 542/542 535/535
f 534/534 541/541 542/542
f 413/413 543/543 540/540
f 541/541 540/540 543/543
f 542/542 544/544 535/535
f 544/544 545/545 535/535
f 546/546 542/542 541/541
f 541/541 543/543 546/546
f 546/546 544/544 542/542
f 547/547 543/543 413/413
f 410/410 547/547 413/413
f 548/548 546/546 543/543
f 547/547 548/548 543/543
f 549/549 544/544 546/546
f 549/549 546/546 548/548
f 410/410 550/550 547/547
f 550/550 548/548 547/547
f 549/549 551/551 544/544
f 544/544 551/551 545/545
f 552/552 549/549 548/548
f 549/549 552/552 551/551
f 550/550 552/552 548/548
f 553/553 550/550 410/410
f 408/408 553/553 410/410
f 551/551 554/554 545/545
f 552/552 554/554 551/551
f 555/555 552/552 550/550
f 553/553 555/555 550/550
f 552/552 556/556 554/554
f 552/552 555/555 556/556
f 557/557 545/545 554/554
f 554/554 556/556 557/557
f 555/555 558/558 556/556
f 556/556 558/558 557/557
f 557/557 559/559 545/545
f 558/558 559/559 557/557
f 559/559 560/560 545/545
f 561/561 553/553 408/408
f 561/561 408/408 403/403
f 407/407 561/561 403/403
f 553/553 562/562 555/555
f 562/562 558/558 555/555
f 562/562 553/553 563/563
f 553/553 561/561 563/563
f 562/562 564/564 558/558
f 562/562 563/563 564/564
f 561/561 565/565 563/563
f 564/564 563/563 565/565
f 407/407 566/566 561/561
f 566/566 565/565 561/561
f 558/558 564/564 567/567
f 558/558 567/567 559/559
f 559/559 568/568 560/560
f 568/568 569/569 560/560
f 407/407 570/570 566/566
f 570/570 407/407 571/571
f 566/566 572/572 565/565
f 566/566 570/570 572/572
f 573/573 564/564 565/565
f 564/564 573/573 567/567
f 573/573 565/565 572/572
f 559/559 567/567 574/574
f 573/573 574/574 567/567
f 568/568 559/559 574/574
f 574/574 573/573 572/572
f 571/571 575/575 570/570
f 570/570 575/575 572/572
f 571/571 576/576 575/575
f 575/575 577/577 572/572
f 574/574 572/572 577/577
f 575/575 576/576 577/577
f 568/568 574/574 578/578
f 574/574 577/577 578/578
f 568/568 578/578 569/569
f 579/579 577/577 576/576
f 577/577 579/579 578/578
f 578/578 579/579 569/569
f 579/579 576/576 580/580
f 569/569 579/579 580/580
f 569/569 580/580 581/581
f 584/584 583/583 582/582
f 583/583 584/584 585/585
f 586/586 583/583 585/585
f 585/585 584/584 587/587
f 587/587 584/584 588/588
f 589/589 588/588 584/584
f 590/590 587/587 588/588
f 593/593 592/592 591/591
f 592/592 594/594 591/591
f 594/594 595/595 591/591
f 596/596 591/591 595/595
f 597/597 596/596 595/595
f 598/598 591/591 596/596
f 601/601 600/600 599/599
f 602/602 601/601 599/599
f 602/602 599/599 603/603
f 604/604 601/601 602/602
f 605/605 604/604 602/602
f 605/605 602/602 606/606
f 607/607 605/605 606/606
f 610/610 609/609 608/608
f 611/611 610/610 608/608
f 612/612 610/610 611/611
f 608/608 613/613 611/611
f 614/614 611/611 613/613
f 611/611 614/614 615/615
f 614/614 616/616 615/615
f 619/619 618/618 617/617
f 620/620 617/617 618/618
f 620/620 618/618 621/621
f 618/618 622/622 621/621
f 623/623 620/620 621/621
f 624/624 621/621 622/622
f 624/624 622/622 625/625
f 623/623 621/621 626/626
f 627/627 623/623 626/626
f 628/628 627/627 626/626
f 628/628 626/626 629/629
f 630/630 628/628 629/629
f 629/629 631/631 630/630
f 626/626 621/621 632/632
f 621/621 624/624 632/632
f 631/631 629/629 633/633
f 634/634 631/631 633/633
f 635/635 634/634 633/633
f 635/635 636/636 634/634
f 635/635 637/637 636/636
f 635/635 638/638 637/637
f 638/638 639/639 637/637
f 638/638 640/640 639/639
f 629/629 626/626 641/641
f 626/626 632/632 641/641
f 638/638 642/642 640/640
f 642/642 643/643 640/640
f 642/642 644/644 643/643
f 644/644 645/645 643/643
f 646/646 645/645 644/644
f 647/647 646/646 644/644
f 647/647 644/644 648/648
f 648/648 649/649 647/647
f 648/648 650/650 649/649
f 648/648 651/651 650/650
f 651/651 652/652 650/650
f 653/653 652/652 651/651
f 651/651 654/654 653/653
f 654/654 655/655 653/653
f 654/654 656/656 655/655
f 656/656 654/654 657/657
f 656/656 657/657 658/658
f 657/657 659/659 658/658
f 654/654 660/660 657/657
f 660/660 661/661 657/657
f 661/661 660/660 662/662
f 661/661 662/662 663/663
f 662/662 664/664 663/663
f 663/663 664/664 665/665
f 660/660 666/666 662/662
f 664/664 662/662 666/666
f 667/667 660/660 654/654
f 666/666 660/660 667/667
f 668/668 654/654 651/651
f 668/668 667/667 654/654
f 665/665 664/664 669/669
f 670/670 665/665 669/669
f 665/665 670/670 671/671
f 664/664 672/672 669/669
f 664/664 666/666 672/672
f 669/669 672/672 670/670
f 666/666 667/667 673/673
f 666/666 673/673 672/672
f 673/673 667/667 674/674
f 667/667 668/668 674/674
f 673/673 675/675 672/672
f 673/673 674/674 675/675
f 675/675 674/674 676/676
f 677/677 674/674 668/668
f 674/674 677/677 676/676
f 672/672 675/675 678/678
f 672/672 678/678 670/670
f 677/677 668/668 679/679
f 668/668 651/651 679/679
f 677/677 679/679 680/680
f 676/676 677/677 680/680
f 651/651 681/681 679/679
f 680/680 679/679 681/681
f 676/676 682/682 675/675
f 682/682 678/678 675/675
f 683/683 681/681 651/651
f 648/648 683/683 651/651
f 648/648 684/684 683/683
f 644/644 684/684 648/648
f 680/680 681/681 685/685
f 683/683 686/686 681/681
f 686/686 685/685 681/681
f 683/683 687/687 686/686
f 684/684 687/687 683/683
f 688/688 676/676 680/680
f 685/685 688/688 680/680
f 686/686 689/689 685/685
f 687/687 689/689 686/686
f 690/690 688/688 685/685
f 690/690 685/685 689/689
f 676/676 688/688 691/691
f 690/690 691/691 688/688
f 682/682 676/676 692/692
f 676/676 691/691 692/692
f 691/691 690/690 693/693
f 692/692 691/691 693/693
f 682/682 692/692 694/694
f 678/678 682/682 694/694
f 692/692 693/693 695/695
f 694/694 692/692 695/695
f 690/690 696/696 693/693
f 678/678 694/694 697/697
f 697/697 694/694 695/695
f 670/670 678/678 697/697
f 697/697 695/695 698/698
f 690/690 699/699 696/696
f 699/699 690/690 689/689
f 699/699 700/700 696/696
f 699/699 689/689 700/700
f 700/700 701/701 696/696
f 702/702 670/670 697/697
f 702/702 697/697 698/698
f 670/670 702/702 703/703
f 702/702 698/698 703/703
f 671/671 670/670 703/703
f 698/698 704/704 703/703
f 671/671 703/703 705/705
f 705/705 703/703 704/704
f 689/689 706/706 700/700
f 687/687 706/706 689/689
f 700/700 707/707 701/701
f 706/706 707/707 700/700
f 707/707 708/708 701/701
f 709/709 706/706 687/687
f 684/684 709/709 687/687
f 706/706 710/710 707/707
f 709/709 710/710 706/706
f 707/707 711/711 708/708
f 711/711 707/707 710/710
f 711/711 712/712 708/708
f 713/713 708/708 712/712
f 714/714 709/709 684/684
f 715/715 710/710 709/709
f 714/714 715/715 709/709
f 711/711 710/710 716/716
f 715/715 716/716 710/710
f 717/717 711/711 716/716
f 717/717 712/712 711/711
f 715/715 717/717 716/716
f 713/713 712/712 718/718
f 717/717 718/718 712/712
f 714/714 684/684 719/719
f 684/684 644/644 719/719
f 715/715 714/714 720/720
f 717/717 715/715 720/720
f 714/714 719/719 720/720
f 713/713 718/718 721/721
f 722/722 713/713 721/721
f 717/717 723/723 718/718
f 717/717 720/720 723/723
f 721/721 718/718 723/723
f 724/724 720/720 719/719
f 724/724 723/723 720/720
f 644/644 725/725 719/719
f 725/725 724/724 719/719
f 725/725 644/644 726/726
f 724/724 725/725 726/726
f 642/642 726/726 644/644
f 722/722 721/721 727/727
f 728/728 722/722 727/727
f 721/721 723/723 729/729
f 724/724 729/729 723/723
f 727/727 721/721 729/729
f 724/724 726/726 730/730
f 729/729 724/724 730/730
f 642/642 731/731 726/726
f 731/731 730/730 726/726
f 727/727 729/729 732/732
f 729/729 730/730 732/732
f 728/728 727/727 733/733
f 727/727 732/732 733/733
f 731/731 642/642 734/734
f 734/734 642/642 638/638
f 731/731 735/735 730/730
f 735/735 732/732 730/730
f 734/734 735/735 731/731
f 733/733 736/736 728/728
f 736/736 737/737 728/728
f 738/738 733/733 732/732
f 735/735 738/738 732/732
f 738/738 736/736 733/733
f 739/739 738/738 735/735
f 734/734 739/739 735/735
f 738/738 740/740 736/736
f 740/740 738/738 739/739
f 739/739 734/734 741/741
f 741/741 740/740 739/739
f 742/742 734/734 638/638
f 741/741 734/734 742/742
f 743/743 736/736 740/740
f 736/736 743/743 737/737
f 741/741 744/744 740/740
f 743/743 740/740 744/744
f 741/741 745/745 744/744
f 741/741 742/742 745/745
f 742/742 638/638 746/746
f 746/746 638/638 635/635
f 747/747 743/743 744/744
f 745/745 747/747 744/744
f 743/743 748/748 737/737
f 748/748 743/743 747/747
f 748/748 749/749 737/737
f 748/748 747/747 749/749
f 749/749 750/750 737/737
f 751/751 745/745 742/742
f 751/751 742/742 746/746
f 635/635 752/752 746/746
f 751/751 746/746 752/752
f 753/753 745/745 751/751
f 747/747 745/745 753/753
f 751/751 752/752 753/753
f 754/754 747/747 753/753
f 749/749 747/747 754/754
f 749/749 755/755 750/750
f 755/755 756/756 750/750
f 754/754 753/753 757/757
f 752/752 757/757 753/753
f 749/749 754/754 758/758
f 755/755 749/749 758/758
f 758/758 754/754 757/757
f 759/759 752/752 635/635
f 633/633 759/759 635/635
f 752/752 760/760 757/757
f 758/758 757/757 760/760
f 752/752 759/759 760/760
f 755/755 761/761 756/756
f 755/755 758/758 761/761
f 762/762 758/758 760/760
f 761/761 758/758 762/762
f 761/761 763/763 756/756
f 763/763 761/761 762/762
f 763/763 764/764 756/756
f 759/759 765/765 760/760
f 762/762 760/760 765/765
f 633/633 766/766 759/759
f 759/759 766/766 765/765
f 762/762 765/765 767/767
f 767/767 765/765 766/766
f 633/633 768/768 766/766
f 768/768 767/767 766/766
f 633/633 629/629 768/768
f 763/763 762/762 769/769
f 762/762 767/767 769/769
f 769/769 770/770 763/763
f 763/763 770/770 764/764
f 767/767 771/771 769/769
f 769/769 771/771 770/770
f 772/772 767/767 768/768
f 767/767 772/772 771/771
f 629/629 773/773 768/768
f 772/772 768/768 773/773
f 770/770 774/774 764/764
f 771/771 774/774 770/770
f 772/772 775/775 771/771
f 775/775 772/772 773/773
f 629/629 776/776 773/773
f 629/629 641/641 776/776
f 774/774 777/777 764/764
f 777/777 778/778 764/764
f 771/771 779/779 774/774
f 775/775 779/779 771/771
f 779/779 777/777 774/774
f 775/775 773/773 780/780
f 780/780 773/773 776/776
f 775/775 780/780 779/779
f 781/781 776/776 641/641
f 780/780 776/776 781/781
f 632/632 781/781 641/641
f 777/777 782/782 778/778
f 782/782 783/783 778/778
f 780/780 784/784 779/779
f 784/784 780/780 781/781
f 779/779 785/785 777/777
f 782/782 777/777 785/785
f 779/779 784/784 785/785
f 782/782 786/786 783/783
f 786/786 782/782 785/785
f 784/784 787/787 785/785
f 787/787 786/786 785/785
f 784/784 781/781 788/788
f 784/784 788/788 787/787
f 632/632 789/789 781/781
f 788/788 781/781 789/789
f 786/786 790/790 783/783
f 790/790 791/791 783/783
f 788/788 792/792 787/787
f 792/792 788/788 789/789
f 787/787 793/793 786/786
f 790/790 786/786 793/793
f 787/787 792/792 793/793
f 794/794 789/789 632/632
f 794/794 632/632 624/624
f 792/792 789/789 795/795
f 793/793 792/792 795/795
f 794/794 795/795 789/789
f 790/790 793/793 796/796
f 791/791 790/790 796/796
f 624/624 797/797 794/794
f 797/797 624/624 625/625
f 797/797 798/798 794/794
f 797/797 625/625 798/798
f 794/794 798/798 795/795
f 625/625 799/799 798/798
f 799/799 800/800 798/798
f 793/793 795/795 801/801
f 801/801 795/795 798/798
f 801/801 796/796 793/793
f 801/801 798/798 800/800
f 801/801 802/802 796/796
f 800/800 802/802 801/801
f 791/791 796/796 802/802
f 800/800 803/803 802/802
f 803/803 791/791 802/802
f 804/804 791/791 803/803
f 807/807 806/806 805/805
f 806/806 808/808 805/805
f 808/808 809/809 805/805
f 809/809 810/810 805/805
f 810/810 811/811 805/805
f 811/811 812/812 805/805
f 812/812 813/813 805/805
f 813/813 814/814 805/805
f 814/814 815/815 805/805
f 816/816 805/805 815/815
f 816/816 817/817 805/805
f 817/817 818/818 805/805
f 818/818 819/819 805/805
f 819/819 820/820 805/805
f 820/820 821/821 805/805
f 821/821 822/822 805/805
f 822/822 823/823 805/805
f 823/823 824/824 805/805
f 824/824 825/825 805/805
f 825/825 826/826 805/805
f 826/826 827/827 805/805
f 827/827 828/828 805/805
f 829/829 805/805 828/828
f 829/829 830/830 805/805
f 830/830 831/831 805/805
f 831/831 832/832 805/805
f 833/833 805/805 832/832
f 833/833 834/834 805/805
f 834/834 835/835 805/805
f 835/835 836/836 805/805
f 836/836 837/837 805/805
f 840/840 839/839 838/838
f 839/839 841/841 838/838
f 841/841 842/842 838/838
f 842/842 843/843 838/838
f 843/843 844/844 838/838
f 844/844 845/845 838/838
f 845/845 846/846 838/838
f 847/847 838/838 846/846
f 847/847 848/848 838/838
f 848/848 849/849 838/838
f 850/850 838/838 849/849
f 850/850 851/851 838/838
f 851/851 852/852 838/838
f 852/852 853/853 838/838
f 853/853 854/854 838/838
f 854/854 855/855 838/838
f 855/855 856/856 838/838
f 856/856 857/857 838/838
f 857/857 858/858 838/838
f 858/858 859/859 838/838
f 859/859 860/860 838/838
f 860/860 861/861 838/838
f 861/861 862/862 838/838
f 863/863 838/838 862/862
f 863/863 864/864 838/838
f 864/864 865/865 838/838
f 866/866 838/838 865/865
f 866/866 867/867 838/838
f 867/867 868/868 838/838
f 868/868 869/869 838/838
f 872/872 871/871 870/870
f 872/872 873/873 871/871
f 874/874 871/871 873/873
f 875/875 874/874 873/873
f 875/875 873/873 876/876
f 877/877 875/875 876/876
f 877/877 876/876 878/878
f 879/879 877/877 878/878
f 880/880 879/879 878/878
f 880/880 878/878 881/881
f 880/880 881/881 882/882
f 882/882 881/881 883/883
f 884/884 882/882 883/883
f 885/885 884/884 883/883
f 885/885 883/883 886/886
f 886/886 887/887 885/885
f 886/886 888/888 887/887
f 888/888 889/889 887/887
f 890/890 889/889 888/888
f 889/889 890/890 891/891
f 891/891 890/890 892/892
f 890/890 888/888 893/893
f 894/894 890/890 893/893
f 894/894 893/893 895/895
f 896/896 894/894 895/895
f 896/896 895/895 897/897
f 898/898 896/896 897/897
f 898/898 897/897 899/899
f 900/900 898/898 899/899
f 900/900 899/899 901/901
f 902/902 900/900 901/901
f 902/902 901/901 903/903
f 904/904 902/902 903/903
f 904/904 903/903 905/905
f 906/906 904/904 905/905
f 906/906 905/905 907/907
f 908/908 906/906 907/907
f 908/908 907/907 909/909
f 910/910 908/908 909/909
f 910/910 909/909 911/911
f 912/912 910/910 911/911
f 912/912 911/911 913/913
f 914/914 912/912 913/913
f 915/915 914/914 913/913
f 915/915 913/913 916/916
f 917/917 915/915 916/916
f 917/917 916/916 918/918
f 919/919 917/917 918/918
f 919/919 918/918 920/920
f 921/921 919/919 920/920
f 922/922 921/921 920/920
f 922/922 920/920 923/923
f 922/922 923/923 924/924
f 925/925 922/922 924/924
f 925/925 924/924 926/926
f 927/927 925/925 926/926
f 928/928 925/925 927/927
f 929/929 925/925 928/928
f 927/927 926/926 930/930
f 931/931 930/930 926/926
f 931/931 926/926 932/932
f 931/931 932/932 933/933
f 932/932 934/934 933/933
f 934/934 935/935 933/933
f 936/936 935/935 934/934
f 936/936 934/934 937/937
f 938/938 936/936 937/937
f 938/938 937/937 939/939
f 940/940 938/938 939/939
f 940/940 939/939 941/941
f 942/942 940/940 941/941
f 942/942 941/941 943/943
f 944/944 942/942 943/943
f 945/945 944/944 943/943
f 945/945 943/943 946/946
f 946/946 947/947 945/945
f 946/946 948/948 947/947
f 946/946 949/949 948/948
f 949/949 950/950 948/948
f 953/953 952/952 951/951
f 953/953 954/954 952/952
f 954/954 955/955 952/952
f 955/955 956/956 952/952
f 955/955 957/957 956/956
f 957/957 958/958 956/956
f 958/958 959/959 956/956
f 958/958 960/960 959/959
f 959/959 960/960 961/961
f 962/962 959/959 961/961
f 962/962 961/961 963/963
f 963/963 964/964 962/962
f 963/963 965/965 964/964
f 965/965 350/350 964/964
f 350/350 349/349 964/964
f 968/968 967/967 966/966
f 967/967 969/969 966/966
f 969/969 970/970 966/966
f 967/967 971/971 969/969
f 969/969 972/972 970/970
f 972/972 973/973 970/970
f 972/972 974/974 973/973
f 972/972 975/975 974/974
f 975/975 976/976 974/974
f 971/971 967/967 977/977
f 971/971 977/977 978/978
f 971/971 978/978 979/979
f 980/980 971/971 979/979
f 975/975 981/981 976/976
f 981/981 982/982 976/976
f 981/981 983/983 982/982
f 981/981 984/984 983/983
f 984/984 985/985 983/983
f 984/984 986/986 985/985
f 986/986 987/987 985/985
f 987/987 986/986 988/988
f 989/989 987/987 988/988
f 990/990 989/989 988/988
f 990/990 988/988 991/991
f 991/991 992/992 990/990
f 991/991 993/993 992/992
f 994/994 992/992 993/993
f 994/994 993/993 995/995
f 996/996 994/994 995/995
f 997/997 996/996 995/995
f 997/997 995/995 998/998
f 999/999 997/997 998/998
f 1000/1000 999/999 998/998
f 1000/1000 998/998 1001/1001
f 1000/1000 1001/1001 1002/1002
f 1002/1002 1001/1001 1003/1003
f 1002/1002 1003/1003 1004/1004
f 1004/1004 1003/1003 1005/1005
f 1005/1005 1003/1003 1006/1006
f 1007/1007 1005/1005 1006/1006
f 1010/1010 1009/1009 1008/1008
f 1009/1009 1011/1011 1008/1008
f 1014/1014 1013/1013 1012/1012
f 1015/1015 1014/1014 1012/1012
f 1015/1015 1012/1012 1016/1016
f 1017/1017 1015/1015 1016/1016
f 1015/1015 1017/1017 1018/1018
f 1017/1017 1016/1016 1019/1019
f 1017/1017 1019/1019 1020/1020
f 1020/1020 1019/1019 1021/1021
f 1022/1022 1020/1020 1021/1021
f 1022/1022 1021/1021 1023/1023
f 1022/1022 1023/1023 1024/1024
f 1025/1025 1022/1022 1024/1024
f 1024/1024 1023/1023 1026/1026
f 1027/1027 1024/1024 1026/1026
f 1027/1027 1026/1026 1028/1028
f 1029/1029 1027/1027 1028/1028
f 1029/1029 1028/1028 1030/1030
f 1031/1031 1029/1029 1030/1030
f 1029/1029 1031/1031 1032/1032
f 1031/1031 1030/1030 1033/1033
f 1031/1031 1033/1033 1034/1034
f 1035/1035 1034/1034 1033/1033
f 1035/1035 1036/1036 1034/1034
f 1035/1035 1037/1037 1036/1036
f 1037/1037 1038/1038 1036/1036
f 1036/1036 1038/1038 1039/1039
f 1037/1037 1040/1040 1038/1038
f 1038/1038 1040/1040 1041/1041
f 1042/1042 1038/1038 1041/1041
f 1042/1042 1041/1041 1043/1043
f 1042/1042 1043/1043 1044/1044
f 1043/1043 1045/1045 1044/1044
f 1045/1045 1046/1046 1044/1044
f 1045/1045 1047/1047 1046/1046
f 1048/1048 1046/1046 1047/1047
f 1048/1048 1047/1047 1049/1049
f 1048/1048 1049/1049 1050/1050
f 1051/1051 1048/1048 1050/1050
f 1048/1048 1051/1051 1052/1052
f 1051/1051 1050/1050 1053/1053
f 1054/1054 1051/1051 1053/1053
f 1054/1054 1053/1053 1055/1055
f 1058/1058 1057/1057 1056/1056
f 1058/1058 1059/1059 1057/1057
f 1059/1059 1060/1060 1057/1057
f 1060/1060 1061/1061 1057/1057
f 1062/1062 1061/1061 1060/1060
f 1062/1062 1060/1060 1063/1063
f 1063/1063 1064/1064 1062/1062
f 1063/1063 1065/1065 1064/1064
f 1065/1065 1066/1066 1064/1064
f 1065/1065 1067/1067 1066/1066
f 1067/1067 1068/1068 1066/1066
f 1068/1068 1069/1069 1066/1066
f 1068/1068 1070/1070 1069/1069
f 1068/1068 1071/1071 1070/1070
f 1071/1071 1072/1072 1070/1070
f 1072/1072 1073/1073 1070/1070
f 1072/1072 1074/1074 1073/1073
f 1074/1074 1075/1075 1073/1073
f 1074/1074 1076/1076 1075/1075
f 1075/1075 1076/1076 1077/1077
f 1077/1077 1076/1076 1078/1078
f 1077/1077 1078/1078 1079/1079
f 1080/1080 1077/1077 1079/1079
f 1080/1080 1079/1079 1081/1081
f 1082/1082 1080/1080 1081/1081
f 1081/1081 1083/1083 1082/1082
f 1083/1083 1084/1084 1082/1082
f 1084/1084 1083/1083 1085/1085
f 1086/1086 1084/1084 1085/1085
f 1085/1085 1087/1087 1086/1086
f 1088/1088 1087/1087 1085/1085
f 1088/1088 1089/1089 1087/1087
f 1089/1089 1090/1090 1087/1087
f 1089/1089 1091/1091 1090/1090
f 1091/1091 1092/1092 1090/1090
f 1093/1093 1092/1092 1091/1091
f 1093/1093 1091/1091 1094/1094
f 1095/1095 1093/1093 1094/1094
f 1094/1094 1096/1096 1095/1095
f 1096/1096 1097/1097 1095/1095
f 1097/1097 1096/1096 1098/1098
f 1097/1097 1098/1098 1099/1099
f 1100/1100 1099/1099 1098/1098
f 1100/1100 1098/1098 1101/1101
f 1104/1104 1103/1103 1102/1102
f 1103/1103 1105/1105 1102/1102
f 1103/1103 1106/1106 1105/1105
f 1103/1103 1107/1107 1106/1106
f 1107/1107 1103/1103 1108/1108
f 1107/1107 1108/1108 1109/1109
f 1110/1110 1107/1107 1109/1109
f 1108/1108 1111/1111 1109/1109
f 1108/1108 1112/1112 1111/1111
f 1112/1112 1113/1113 1111/1111
f 1112/1112 1114/1114 1113/1113
f 1112/1112 1115/1115 1114/1114
f 1115/1115 1116/1116 1114/1114
f 1115/1115 1117/1117 1116/1116
f 1117/1117 1118/1118 1116/1116
f 1117/1117 1119/1119 1118/1118
f 1117/1117 1120/1120 1119/1119
f 1120/1120 1121/1121 1119/1119
f 1120/1120 1122/1122 1121/1121
f 1122/1122 1123/1123 1121/1121
f 1123/1123 1122/1122 1124/1124
f 1125/1125 1123/1123 1124/1124
f 1126/1126 1125/1125 1124/1124
f 1126/1126 1124/1124 1127/1127
f 1127/1127 1128/1128 1126/1126
f 1127/1127 1129/1129 1128/1128
f 1130/1130 1128/1128 1129/1129
f 1130/1130 1129/1129 1131/1131
f 1132/1132 1130/1130 1131/1131
f 1133/1133 1132/1132 1131/1131
f 1133/1133 1131/1131 1134/1134
f 1135/1135 1133/1133 1134/1134
f 1136/1136 1135/1135 1134/1134
f 1136/1136 1134/1134 1137/1137
f 1136/1136 1137/1137 1138/1138
f 1138/1138 1137/1137 1139/1139
f 1138/1138 1139/1139 1140/1140
f 1140/1140 1139/1139 1141/1141
f 1141/1141 1139/1139 1142/1142
f 1143/1143 1141/1141 1142/1142
f 1146/1146 1145/1145 1144/1144
f 1146/1146 1147/1147 1145/1145
f 1150/1150 1149/1149 1148/1148
f 1150/1150 1151/1151 1149/1149
f 1154/1154 1153/1153 1152/1152
f 1154/1154 1155/1155 1153/1153
f 1155/1155 1156/1156 1153/1153
f 1155/1155 1157/1157 1156/1156
f 1157/1157 1155/1155 1158/1158
f 1157/1157 1159/1159 1156/1156
f 1157/1157 1160/1160 1159/1159
f 1157/1157 1161/1161 1160/1160
f 1162/1162 1160/1160 1161/1161
f 1162/1162 1161/1161 1163/1163
f 1164/1164 1162/1162 1163/1163
f 1165/1165 1164/1164 1163/1163
f 1165/1165 1166/1166 1164/1164
f 1165/1165 1167/1167 1166/1166
f 1167/1167 1168/1168 1166/1166
f 1169/1169 1168/1168 1167/1167
f 1169/1169 1167/1167 1170/1170
f 1170/1170 1167/1167 1171/1171
f 1172/1172 1169/1169 1170/1170
f 1172/1172 1170/1170 1173/1173
f 1172/1172 1173/1173 1174/1174
f 1175/1175 1174/1174 1173/1173
f 1175/1175 1176/1176 1174/1174
f 1175/1175 1177/1177 1176/1176
f 1177/1177 1175/1175 1178/1178
f 1177/1177 1179/1179 1176/1176
f 1177/1177 1180/1180 1179/1179
f 1180/1180 1181/1181 1179/1179
f 1180/1180 1182/1182 1181/1181
f 1182/1182 1183/1183 1181/1181
f 1184/1184 1183/1183 1182/1182
f 1184/1184 1182/1182 1185/1185
f 1184/1184 1186/1186 1183/1183
f 1184/1184 1187/1187 1186/1186
f 1187/1187 1188/1188 1186/1186
f 1189/1189 1188/1188 1187/1187
f 1189/1189 1190/1190 1188/1188
f 1189/1189 1191/1191 1190/1190
f 1191/1191 1189/1189 1192/1192
f 1191/1191 1193/1193 1190/1190
f 1191/1191 1194/1194 1193/1193
f 1194/1194 1195/1195 1193/1193
f 1198/1198 1197/1197 1196/1196
f 1198/1198 1199/1199 1197/1197
f 1200/1200 1197/1197 1199/1199
f 1200/1200 1201/1201 1197/1197
f 1201/1201 1200/1200 1202/1202
f 1203/1203 1201/1201 1202/1202
f 1202/1202 1204/1204 1203/1203
f 1204/1204 1205/1205 1203/1203
f 1204/1204 1206/1206 1205/1205
f 1205/1205 1206/1206 1207/1207
f 1208/1208 1205/1205 1207/1207
f 1208/1208 1207/1207 1209/1209
f 1210/1210 1208/1208 1209/1209
f 1210/1210 1209/1209 1211/1211
f 1211/1211 1209/1209 1212/1212
f 1212/1212 1213/1213 1211/1211
f 1213/1213 1214/1214 1211/1211
f 1214/1214 1213/1213 1215/1215
f 1216/1216 1214/1214 1215/1215
f 1215/1215 1217/1217 1216/1216
f 1217/1217 1218/1218 1216/1216
f 1217/1217 1219/1219 1218/1218
f 1219/1219 1220/1220 1218/1218
f 1220/1220 1219/1219 1221/1221
f 1222/1222 1220/1220 1221/1221
f 1223/1223 1222/1222 1221/1221
f 1223/1223 1221/1221 1224/1224
f 1225/1225 1223/1223 1224/1224
f 1225/1225 1224/1224 1226/1226
f 1227/1227 1225/1225 1226/1226
f 1228/1228 1227/1227 1226/1226
f 1228/1228 1226/1226 1229/1229
f 1230/1230 1228/1228 1229/1229
f 1230/1230 1229/1229 1231/1231
f 1232/1232 1230/1230 1231/1231
f 1232/1232 1231/1231 1233/1233
f 1234/1234 1232/1232 1233/1233
f 1234/1234 1233/1233 1235/1235
f 1235/1235 1236/1236 1234/1234
f 1237/1237 1236/1236 1235/1235
f 1238/1238 1236/1236 1237/1237
f 1238/1238 1237/1237 1239/1239
f 1240/1240 1238/1238 1239/1239
f 1240/1240 1239/1239 1241/1241
f 1244/1244 1243/1243 1242/1242
f 1243/1243 1245/1245 1242/1242
f 1248/1248 1247/1247 1246/1246
f 1247/1247 1249/1249 1246/1246
f 1246/1246 1249/1249 1250/1250
f 1250/1250 1251/1251 1246/1246
f 1246/1246 1251/1251 1252/1252
f 1252/1252 1251/1251 1253/1253
f 1253/1253 1254/1254 1252/1252
f 1246/1246 1252/1252 1255/1255
f 1255/1255 1252/1252 1256/1256
f 1256/1256 1257/1257 1255/1255
f 1258/1258 1257/1257 1256/1256
f 1257/1257 1258/1258 1259/1259
f 1257/1257 1259/1259 1260/1260
f 1261/1261 1246/1246 1255/1255
f 1261/1261 1262/1262 1246/1246
f 1246/1246 1262/1262 1263/1263
f 1246/1246 1263/1263 1264/1264
f 1264/1264 1263/1263 1265/1265
f 1264/1264 1265/1265 1266/1266
f 1267/1267 1261/1261 1255/1255
f 1268/1268 1261/1261 1267/1267
f 1269/1269 1261/1261 1268/1268
f 1268/1268 1270/1270 1269/1269
f 1255/1255 1271/1271 1267/1267
f 1255/1255 1272/1272 1271/1271
f 1273/1273 1272/1272 1255/1255
f 1274/1274 1273/1273 1255/1255
f 1275/1275 1274/1274 1255/1255
f 1278/1278 1277/1277 1276/1276
f 1278/1278 1279/1279 1277/1277
f 1279/1279 1280/1280 1277/1277
f 1280/1280 1279/1279 1281/1281
f 1282/1282 1280/1280 1281/1281
f 1282/1282 1281/1281 1283/1283
f 1284/1284 1283/1283 1281/1281
f 1283/1283 1284/1284 1285/1285
f 1283/1283 1285/1285 1286/1286
f 1286/1286 1287/1287 1283/1283
f 1286/1286 1288/1288 1287/1287
f 1289/1289 1287/1287 1288/1288
f 1288/1288 1290/1290 1289/1289
f 1291/1291 1289/1289 1290/1290
f 1294/1294 1293/1293 1292/1292
f 1292/1292 1295/1295 1294/1294
f 1292/1292 1296/1296 1295/1295
f 1295/1295 1296/1296 1297/1297
f 1296/1296 1298/1298 1297/1297
f 1298/1298 1299/1299 1297/1297
f 1299/1299 1300/1300 1297/1297
f 1299/1299 1301/1301 1300/1300
f 1301/1301 1302/1302 1300/1300
f 1301/1301 1303/1303 1302/1302
f 1304/1304 1303/1303 1301/1301
f 1304/1304 1305/1305 1303/1303
f 1305/1305 1304/1304 1306/1306
f 1309/1309 1308/1308 1307/1307
f 1307/1307 1310/1310 1309/1309
f 1311/1311 1310/1310 1307/1307
f 1311/1311 1312/1312 1310/1310
f 1313/1313 1310/1310 1312/1312
f 1312/1312 1311/1311 1314/1314
f 1312/1312 1314/1314 1315/1315
f 1310/1310 1316/1316 1309/1309
f 1310/1310 1313/1313 1316/1316
f 1317/1317 1312/1312 1315/1315
f 1317/1317 1315/1315 1318/1318
f 1319/1319 1317/1317 1318/1318
f 1319/1319 1320/1320 1317/1317
f 1320/1320 1321/1321 1317/1317
f 1317/1317 1321/1321 1312/1312
f 1321/1321 1313/1313 1312/1312
f 1316/1316 1322/1322 1309/1309
f 1322/1322 1323/1323 1309/1309
f 1322/1322 1324/1324 1323/1323
f 1324/1324 1325/1325 1323/1323
f 1326/1326 1325/1325 1324/1324
f 1326/1326 1327/1327 1325/1325
f 1326/1326 1328/1328 1327/1327
f 1326/1326 1329/1329 1328/1328
f 1326/1326 1330/1330 1329/1329
f 1331/1331 1329/1329 1330/1330
f 1332/1332 1326/1326 1324/1324
f 1326/1326 1332/1332 1330/1330
f 1330/1330 1333/1333 1331/1331
f 1333/1333 1334/1334 1331/1331
f 1333/1333 1335/1335 1334/1334
f 1335/1335 1336/1336 1334/1334
f 1337/1337 1333/1333 1330/1330
f 1333/1333 1337/1337 1335/1335
f 1338/1338 1336/1336 1335/1335
f 1338/1338 1339/1339 1336/1336
f 1338/1338 1340/1340 1339/1339
f 1340/1340 1341/1341 1339/1339
f 1342/1342 1341/1341 1340/1340
f 1342/1342 1340/1340 1343/1343
f 1344/1344 1342/1342 1343/1343
f 1344/1344 1343/1343 1345/1345
f 1345/1345 1343/1343 1346/1346
f 1347/1347 1346/1346 1343/1343
f 1348/1348 1335/1335 1337/1337
f 1348/1348 1338/1338 1335/1335
f 1347/1347 1343/1343 1349/1349
f 1350/1350 1347/1347 1349/1349
f 1350/1350 1349/1349 1351/1351
f 1350/1350 1351/1351 1352/1352
f 1352/1352 1351/1351 1353/1353
f 1354/1354 1352/1352 1353/1353
f 1355/1355 1354/1354 1353/1353
f 1355/1355 1353/1353 1356/1356
f 1357/1357 1356/1356 1353/1353
f 1358/1358 1357/1357 1353/1353
f 1358/1358 1353/1353 1359/1359
f 1360/1360 1358/1358 1359/1359
f 1361/1361 1360/1360 1359/1359
f 1361/1361 1359/1359 1362/1362
f 1363/1363 1361/1361 1362/1362
f 1364/1364 1363/1363 1362/1362
f 1351/1351 1349/1349 1365/1365
f 1353/1353 1351/1351 1366/1366
f 1351/1351 1365/1365 1366/1366
f 1359/1359 1353/1353 1367/1367
f 1368/1368 1353/1353 1366/1366
f 1353/1353 1368/1368 1367/1367
f 1368/1368 1366/1366 1369/1369
f 1365/1365 1370/1370 1366/1366
f 1366/1366 1370/1370 1369/1369
f 1368/1368 1371/1371 1367/1367
f 1368/1368 1369/1369 1371/1371
f 1365/1365 1349/1349 1372/1372
f 1365/1365 1373/1373 1370/1370
f 1372/1372 1373/1373 1365/1365
f 1349/1349 1374/1374 1372/1372
f 1374/1374 1349/1349 1343/1343
f 1372/1372 1374/1374 1375/1375
f 1374/1374 1343/1343 1375/1375
f 1372/1372 1375/1375 1376/1376
f 1373/1373 1372/1372 1376/1376
f 1375/1375 1343/1343 1377/1377
f 1375/1375 1377/1377 1376/1376
f 1377/1377 1343/1343 1378/1378
f 1340/1340 1378/1378 1343/1343
f 1379/1379 1369/1369 1370/1370
f 1371/1371 1369/1369 1380/1380
f 1369/1369 1379/1379 1380/1380
f 1380/1380 1379/1379 1381/1381
f 1379/1379 1370/1370 1382/1382
f 1373/1373 1382/1382 1370/1370
f 1382/1382 1373/1373 1383/1383
f 1382/1382 1384/1384 1379/1379
f 1379/1379 1384/1384 1381/1381
f 1384/1384 1382/1382 1383/1383
f 1373/1373 1376/1376 1385/1385
f 1383/1383 1373/1373 1385/1385
f 1377/1377 1386/1386 1376/1376
f 1386/1386 1385/1385 1376/1376
f 1377/1377 1387/1387 1386/1386
f 1387/1387 1385/1385 1386/1386
f 1385/1385 1388/1388 1383/1383
f 1387/1387 1388/1388 1385/1385
f 1387/1387 1377/1377 1389/1389
f 1377/1377 1378/1378 1389/1389
f 1388/1388 1387/1387 1390/1390
f 1387/1387 1389/1389 1390/1390
f 1384/1384 1391/1391 1381/1381
f 1383/1383 1392/1392 1384/1384
f 1384/1384 1392/1392 1391/1391
f 1388/1388 1393/1393 1383/1383
f 1392/1392 1383/1383 1394/1394
f 1394/1394 1383/1383 1393/1393
f 1393/1393 1388/1388 1395/1395
f 1388/1388 1390/1390 1395/1395
f 1391/1391 1392/1392 1396/1396
f 1392/1392 1394/1394 1396/1396
f 1393/1393 1395/1395 1397/1397
f 1394/1394 1393/1393 1397/1397
f 1389/1389 1398/1398 1390/1390
f 1395/1395 1390/1390 1399/1399
f 1390/1390 1398/1398 1399/1399
f 1389/1389 1400/1400 1398/1398
f 1400/1400 1401/1401 1398/1398
f 1378/1378 1400/1400 1389/1389
f 1398/1398 1402/1402 1399/1399
f 1398/1398 1401/1401 1402/1402
f 1403/1403 1395/1395 1399/1399
f 1402/1402 1403/1403 1399/1399
f 1404/1404 1397/1397 1395/1395
f 1403/1403 1404/1404 1395/1395
f 1405/1405 1394/1394 1397/1397
f 1405/1405 1397/1397 1404/1404
f 1378/1378 1406/1406 1400/1400
f 1400/1400 1406/1406 1401/1401
f 1406/1406 1407/1407 1401/1401
f 1378/1378 1408/1408 1406/1406
f 1407/1407 1406/1406 1408/1408
f 1378/1378 1340/1340 1408/1408
f 1408/1408 1340/1340 1409/1409
f 1409/1409 1407/1407 1408/1408
f 1409/1409 1340/1340 1410/1410
f 1340/1340 1338/1338 1410/1410
f 1405/1405 1411/1411 1394/1394
f 1396/1396 1394/1394 1411/1411
f 1407/1407 1409/1409 1412/1412
f 1410/1410 1412/1412 1409/1409
f 1338/1338 1413/1413 1410/1410
f 1348/1348 1413/1413 1338/1338
f 1412/1412 1410/1410 1414/1414
f 1413/1413 1414/1414 1410/1410
f 1415/1415 1411/1411 1405/1405
f 1416/1416 1411/1411 1415/1415
f 1411/1411 1417/1417 1396/1396
f 1416/1416 1417/1417 1411/1411
f 1418/1418 1415/1415 1405/1405
f 1405/1405 1404/1404 1418/1418
f 1396/1396 1417/1417 1419/1419
f 1391/1391 1396/1396 1419/1419
f 1391/1391 1419/1419 1420/1420
f 1381/1381 1391/1391 1420/1420
f 1417/1417 1421/1421 1419/1419
f 1419/1419 1421/1421 1420/1420
f 1415/1415 1422/1422 1416/1416
f 1422/1422 1415/1415 1418/1418
f 1404/1404 1423/1423 1418/1418
f 1403/1403 1423/1423 1404/1404
f 1381/1381 1420/1420 1424/1424
f 1420/1420 1421/1421 1424/1424
f 1417/1417 1425/1425 1421/1421
f 1417/1417 1416/1416 1425/1425
f 1426/1426 1422/1422 1418/1418
f 1426/1426 1418/1418 1423/1423
f 1427/1427 1423/1423 1403/1403
f 1402/1402 1427/1427 1403/1403
f 1381/1381 1424/1424 1428/1428
f 1421/1421 1429/1429 1424/1424
f 1424/1424 1429/1429 1428/1428
f 1425/1425 1430/1430 1421/1421
f 1421/1421 1430/1430 1429/1429
f 1431/1431 1425/1425 1416/1416
f 1425/1425 1431/1431 1430/1430
f 1432/1432 1381/1381 1428/1428
f 1380/1380 1381/1381 1432/1432
f 1433/1433 1380/1380 1432/1432
f 1433/1433 1371/1371 1380/1380
f 1432/1432 1428/1428 1434/1434
f 1433/1433 1432/1432 1434/1434
f 1371/1371 1433/1433 1435/1435
f 1371/1371 1435/1435 1367/1367
f 1435/1435 1436/1436 1367/1367
f 1359/1359 1367/1367 1436/1436
f 1437/1437 1435/1435 1433/1433
f 1437/1437 1436/1436 1435/1435
f 1438/1438 1359/1359 1436/1436
f 1436/1436 1437/1437 1438/1438
f 1362/1362 1359/1359 1438/1438
f 1439/1439 1433/1433 1434/1434
f 1437/1437 1433/1433 1439/1439
f 1437/1437 1440/1440 1438/1438
f 1362/1362 1438/1438 1440/1440
f 1441/1441 1437/1437 1439/1439
f 1441/1441 1440/1440 1437/1437
f 1439/1439 1434/1434 1442/1442
f 1441/1441 1439/1439 1442/1442
f 1443/1443 1434/1434 1428/1428
f 1442/1442 1434/1434 1443/1443
f 1428/1428 1444/1444 1443/1443
f 1444/1444 1428/1428 1429/1429
f 1442/1442 1443/1443 1445/1445
f 1443/1443 1444/1444 1445/1445
f 1429/1429 1446/1446 1444/1444
f 1430/1430 1446/1446 1429/1429
f 1444/1444 1447/1447 1445/1445
f 1446/1446 1447/1447 1444/1444
f 1442/1442 1445/1445 1448/1448
f 1441/1441 1442/1442 1449/1449
f 1448/1448 1449/1449 1442/1442
f 1445/1445 1450/1450 1448/1448
f 1447/1447 1450/1450 1445/1445
f 1451/1451 1449/1449 1448/1448
f 1448/1448 1450/1450 1451/1451
f 1452/1452 1449/1449 1451/1451
f 1441/1441 1449/1449 1453/1453
f 1452/1452 1453/1453 1449/1449
f 1454/1454 1441/1441 1453/1453
f 1454/1454 1453/1453 1455/1455
f 1441/1441 1454/1454 1440/1440
f 1454/1454 1456/1456 1440/1440
f 1454/1454 1455/1455 1456/1456
f 1457/1457 1440/1440 1456/1456
f 1457/1457 1456/1456 1455/1455
f 1457/1457 1362/1362 1440/1440
f 1458/1458 1362/1362 1457/1457
f 1364/1364 1362/1362 1458/1458
f 1364/1364 1458/1458 1459/1459
f 1460/1460 1364/1364 1459/1459
f 1461/1461 1460/1460 1459/1459
f 1459/1459 1462/1462 1461/1461
f 1463/1463 1458/1458 1457/1457
f 1457/1457 1455/1455 1463/1463
f 1458/1458 1463/1463 1459/1459
f 1452/1452 1464/1464 1453/1453
f 1464/1464 1455/1455 1453/1453
f 1459/1459 1465/1465 1462/1462
f 1465/1465 1466/1466 1462/1462
f 1465/1465 1467/1467 1466/1466
f 1467/1467 1465/1465 1468/1468
f 1469/1469 1467/1467 1468/1468
f 1468/1468 1470/1470 1469/1469
f 1470/1470 1471/1471 1469/1469
f 1472/1472 1471/1471 1470/1470
f 1473/1473 1471/1471 1472/1472
f 1474/1474 1473/1473 1472/1472
f 1475/1475 1474/1474 1472/1472
f 1475/1475 1472/1472 1476/1476
f 1477/1477 1476/1476 1472/1472
f 1477/1477 1478/1478 1476/1476
f 1477/1477 1479/1479 1478/1478
f 1478/1478 1479/1479 1480/1480
f 1481/1481 1480/1480 1479/1479
f 1481/1481 1479/1479 1482/1482
f 1483/1483 1481/1481 1482/1482
f 1484/1484 1483/1483 1482/1482
f 1484/1484 1485/1485 1483/1483
f 1484/1484 1486/1486 1485/1485
f 1486/1486 1487/1487 1485/1485
f 1488/1488 1487/1487 1486/1486
f 1488/1488 1486/1486 1489/1489
f 1490/1490 1488/1488 1489/1489
f 1489/1489 1491/1491 1490/1490
f 1492/1492 1490/1490 1491/1491
f 1492/1492 1491/1491 1493/1493
f 1493/1493 1491/1491 1494/1494
f 1495/1495 1493/1493 1494/1494
f 1496/1496 1495/1495 1494/1494
f 1497/1497 1486/1486 1484/1484
f 1482/1482 1498/1498 1484/1484
f 1497/1497 1484/1484 1498/1498
f 1499/1499 1489/1489 1486/1486
f 1499/1499 1486/1486 1497/1497
f 1500/1500 1491/1491 1489/1489
f 1491/1491 1501/1501 1494/1494
f 1500/1500 1501/1501 1491/1491
f 1499/1499 1502/1502 1489/1489
f 1489/1489 1502/1502 1500/1500
f 1501/1501 1503/1503 1494/1494
f 1501/1501 1500/1500 1503/1503
f 1497/1497 1504/1504 1499/1499
f 1498/1498 1505/1505 1497/1497
f 1505/1505 1504/1504 1497/1497
f 1502/1502 1499/1499 1506/1506
f 1499/1499 1504/1504 1506/1506
f 1498/1498 1482/1482 1507/1507
f 1507/1507 1508/1508 1498/1498
f 1508/1508 1505/1505 1498/1498
f 1507/1507 1482/1482 1509/1509
f 1507/1507 1509/1509 1508/1508
f 1482/1482 1479/1479 1509/1509
f 1509/1509 1479/1479 1510/1510
f 1479/1479 1477/1477 1510/1510
f 1509/1509 1510/1510 1511/1511
f 1509/1509 1511/1511 1508/1508
f 1510/1510 1477/1477 1512/1512
f 1510/1510 1512/1512 1511/1511
f 1502/1502 1506/1506 1513/1513
f 1506/1506 1504/1504 1514/1514
f 1514/1514 1513/1513 1506/1506
f 1515/1515 1504/1504 1505/1505
f 1514/1514 1504/1504 1515/1515
f 1515/1515 1516/1516 1514/1514
f 1505/1505 1517/1517 1515/1515
f 1515/1515 1517/1517 1516/1516
f 1508/1508 1518/1518 1505/1505
f 1517/1517 1505/1505 1518/1518
f 1519/1519 1508/1508 1511/1511
f 1518/1518 1508/1508 1519/1519
f 1520/1520 1511/1511 1512/1512
f 1520/1520 1519/1519 1511/1511
f 1517/1517 1518/1518 1521/1521
f 1517/1517 1521/1521 1516/1516
f 1522/1522 1518/1518 1519/1519
f 1518/1518 1522/1522 1521/1521
f 1519/1519 1523/1523 1522/1522
f 1519/1519 1520/1520 1523/1523
f 1524/1524 1513/1513 1514/1514
f 1516/1516 1524/1524 1514/1514
f 1520/1520 1512/1512 1525/1525
f 1525/1525 1512/1512 1477/1477
f 1522/1522 1526/1526 1521/1521
f 1522/1522 1523/1523 1526/1526
f 1527/1527 1516/1516 1521/1521
f 1521/1521 1526/1526 1528/1528
f 1528/1528 1527/1527 1521/1521
f 1529/1529 1516/1516 1527/1527
f 1530/1530 1524/1524 1516/1516
f 1529/1529 1530/1530 1516/1516
f 1531/1531 1529/1529 1527/1527
f 1531/1531 1527/1527 1528/1528
f 1532/1532 1530/1530 1529/1529
f 1529/1529 1531/1531 1532/1532
f 1524/1524 1530/1530 1533/1533
f 1532/1532 1534/1534 1530/1530
f 1534/1534 1533/1533 1530/1530
f 1535/1535 1524/1524 1533/1533
f 1524/1524 1535/1535 1513/1513
f 1523/1523 1536/1536 1526/1526
f 1537/1537 1528/1528 1526/1526
f 1526/1526 1536/1536 1537/1537
f 1528/1528 1537/1537 1538/1538
f 1531/1531 1528/1528 1539/1539
f 1528/1528 1538/1538 1539/1539
f 1537/1537 1536/1536 1540/1540
f 1537/1537 1540/1540 1538/1538
f 1531/1531 1539/1539 1541/1541
f 1539/1539 1538/1538 1542/1542
f 1541/1541 1539/1539 1542/1542
f 1543/1543 1531/1531 1541/1541
f 1543/1543 1532/1532 1531/1531
f 1543/1543 1541/1541 1544/1544
f 1541/1541 1542/1542 1544/1544
f 1543/1543 1545/1545 1532/1532
f 1545/1545 1543/1543 1544/1544
f 1545/1545 1546/1546 1532/1532
f 1546/1546 1534/1534 1532/1532
f 1538/1538 1540/1540 1547/1547
f 1538/1538 1548/1548 1542/1542
f 1538/1538 1547/1547 1548/1548
f 1536/1536 1549/1549 1540/1540
f 1540/1540 1549/1549 1547/1547
f 1536/1536 1550/1550 1549/1549
f 1544/1544 1542/1542 1551/1551
f 1548/1548 1551/1551 1542/1542
f 1552/1552 1550/1550 1536/1536
f 1523/1523 1552/1552 1536/1536
f 1553/1553 1552/1552 1523/1523
f 1552/1552 1553/1553 1550/1550
f 1553/1553 1523/1523 1520/1520
f 1553/1553 1520/1520 1554/1554
f 1554/1554 1520/1520 1525/1525
f 1555/1555 1553/1553 1554/1554
f 1553/1553 1555/1555 1550/1550
f 1554/1554 1525/1525 1556/1556
f 1555/1555 1554/1554 1556/1556
f 1557/1557 1556/1556 1525/1525
f 1525/1525 1477/1477 1557/1557
f 1558/1558 1555/1555 1556/1556
f 1557/1557 1558/1558 1556/1556
f 1558/1558 1557/1557 1559/1559
f 1557/1557 1477/1477 1560/1560
f 1559/1559 1557/1557 1560/1560
f 1472/1472 1560/1560 1477/1477
f 1559/1559 1560/1560 1472/1472
f 1561/1561 1550/1550 1555/1555
f 1561/1561 1555/1555 1558/1558
f 1562/1562 1559/1559 1472/1472
f 1563/1563 1559/1559 1562/1562
f 1470/1470 1562/1562 1472/1472
f 1564/1564 1550/1550 1561/1561
f 1558/1558 1565/1565 1561/1561
f 1564/1564 1561/1561 1565/1565
f 1566/1566 1558/1558 1559/1559
f 1565/1565 1558/1558 1566/1566
f 1567/1567 1566/1566 1559/1559
f 1563/1563 1567/1567 1559/1559
f 1565/1565 1566/1566 1568/1568
f 1567/1567 1568/1568 1566/1566
f 1569/1569 1565/1565 1568/1568
f 1569/1569 1564/1564 1565/1565
f 1550/1550 1564/1564 1570/1570
f 1549/1549 1550/1550 1570/1570
f 1568/1568 1567/1567 1571/1571
f 1571/1571 1569/1569 1568/1568
f 1572/1572 1571/1571 1567/1567
f 1573/1573 1572/1572 1567/1567
f 1573/1573 1567/1567 1563/1563
f 1564/1564 1569/1569 1574/1574
f 1570/1570 1564/1564 1574/1574
f 1549/1549 1570/1570 1575/1575
f 1549/1549 1575/1575 1547/1547
f 1576/1576 1569/1569 1571/1571
f 1569/1569 1576/1576 1574/1574
f 1573/1573 1577/1577 1572/1572
f 1577/1577 1573/1573 1563/1563
f 1570/1570 1578/1578 1575/1575
f 1570/1570 1574/1574 1578/1578
f 1575/1575 1579/1579 1547/1547
f 1575/1575 1580/1580 1579/1579
f 1547/1547 1579/1579 1548/1548
f 1579/1579 1580/1580 1548/1548
f 1581/1581 1571/1571 1572/1572
f 1576/1576 1571/1571 1581/1581
f 1578/1578 1582/1582 1575/1575
f 1582/1582 1580/1580 1575/1575
f 1583/1583 1582/1582 1578/1578
f 1580/1580 1584/1584 1548/1548
f 1548/1548 1584/1584 1551/1551
f 1583/1583 1585/1585 1582/1582
f 1582/1582 1585/1585 1580/1580
f 1581/1581 1586/1586 1576/1576
f 1581/1581 1572/1572 1587/1587
f 1581/1581 1587/1587 1586/1586
f 1576/1576 1586/1586 1588/1588
f 1574/1574 1576/1576 1588/1588
f 1589/1589 1578/1578 1574/1574
f 1588/1588 1589/1589 1574/1574
f 1590/1590 1588/1588 1586/1586
f 1586/1586 1587/1587 1590/1590
f 1587/1587 1591/1591 1590/1590
f 1588/1588 1590/1590 1592/1592
f 1588/1588 1592/1592 1589/1589
f 1593/1593 1583/1583 1578/1578
f 1589/1589 1593/1593 1578/1578
f 1572/1572 1594/1594 1587/1587
f 1587/1587 1594/1594 1591/1591
f 1572/1572 1595/1595 1594/1594
f 1594/1594 1595/1595 1591/1591
f 1591/1591 1596/1596 1590/1590
f 1596/1596 1592/1592 1590/1590
f 1572/1572 1597/1597 1595/1595
f 1577/1577 1597/1597 1572/1572
f 1593/1593 1589/1589 1598/1598
f 1589/1589 1592/1592 1599/1599
f 1598/1598 1589/1589 1599/1599
f 1600/1600 1592/1592 1596/1596
f 1599/1599 1592/1592 1600/1600
f 1601/1601 1596/1596 1591/1591
f 1601/1601 1600/1600 1596/1596
f 1602/1602 1593/1593 1598/1598
f 1583/1583 1593/1593 1602/1602
f 1603/1603 1598/1598 1599/1599
f 1598/1598 1604/1604 1602/1602
f 1604/1604 1598/1598 1603/1603
f 1604/1604 1603/1603 1605/1605
f 1599/1599 1606/1606 1603/1603
f 1599/1599 1600/1600 1606/1606
f 1603/1603 1606/1606 1605/1605
f 1583/1583 1602/1602 1607/1607
f 1607/1607 1602/1602 1604/1604
f 1600/1600 1608/1608 1606/1606
f 1606/1606 1608/1608 1609/1609
f 1606/1606 1609/1609 1605/1605
f 1610/1610 1608/1608 1600/1600
f 1601/1601 1610/1610 1600/1600
f 1608/1608 1610/1610 1609/1609
f 1607/1607 1611/1611 1583/1583
f 1611/1611 1612/1612 1583/1583
f 1583/1583 1612/1612 1585/1585
f 1612/1612 1611/1611 1613/1613
f 1612/1612 1613/1613 1585/1585
f 1607/1607 1604/1604 1614/1614
f 1611/1611 1607/1607 1615/1615
f 1615/1615 1607/1607 1614/1614
f 1604/1604 1616/1616 1614/1614
f 1616/1616 1604/1604 1605/1605
f 1617/1617 1611/1611 1615/1615
f 1613/1613 1611/1611 1617/1617
f 1618/1618 1615/1615 1614/1614
f 1614/1614 1616/1616 1618/1618
f 1617/1617 1615/1615 1618/1618
f 1619/1619 1618/1618 1616/1616
f 1619/1619 1616/1616 1620/1620
f 1616/1616 1605/1605 1620/1620
f 1620/1620 1605/1605 1621/1621
f 1620/1620 1621/1621 1619/1619
f 1605/1605 1622/1622 1621/1621
f 1605/1605 1609/1609 1622/1622
f 1623/1623 1617/1617 1618/1618
f 1623/1623 1618/1618 1619/1619
f 1622/1622 1609/1609 1624/1624
f 1622/1622 1625/1625 1621/1621
f 1622/1622 1624/1624 1625/1625
f 1626/1626 1624/1624 1609/1609
f 1609/1609 1610/1610 1626/1626
f 1624/1624 1627/1627 1625/1625
f 1627/1627 1624/1624 1626/1626
f 1628/1628 1617/1617 1623/1623
f 1619/1619 1629/1629 1623/1623
f 1623/1623 1629/1629 1628/1628
f 1630/1630 1617/1617 1628/1628
f 1617/1617 1630/1630 1613/1613
f 1610/1610 1631/1631 1626/1626
f 1632/1632 1627/1627 1626/1626
f 1631/1631 1632/1632 1626/1626
f 1627/1627 1633/1633 1625/1625
f 1627/1627 1632/1632 1633/1633
f 1610/1610 1634/1634 1631/1631
f 1601/1601 1634/1634 1610/1610
f 1634/1634 1601/1601 1635/1635
f 1635/1635 1601/1601 1591/1591
f 1636/1636 1635/1635 1591/1591
f 1595/1595 1636/1636 1591/1591
f 1637/1637 1634/1634 1635/1635
f 1637/1637 1635/1635 1636/1636
f 1634/1634 1638/1638 1631/1631
f 1638/1638 1634/1634 1637/1637
f 1639/1639 1638/1638 1637/1637
f 1640/1640 1632/1632 1631/1631
f 1631/1631 1638/1638 1640/1640
f 1641/1641 1637/1637 1636/1636
f 1639/1639 1637/1637 1641/1641
f 1595/1595 1642/1642 1636/1636
f 1642/1642 1641/1641 1636/1636
f 1643/1643 1632/1632 1640/1640
f 1632/1632 1643/1643 1633/1633
f 1638/1638 1644/1644 1640/1640
f 1644/1644 1643/1643 1640/1640
f 1595/1595 1645/1645 1642/1642
f 1597/1597 1645/1645 1595/1595
f 1642/1642 1646/1646 1641/1641
f 1645/1645 1646/1646 1642/1642
f 1647/1647 1645/1645 1597/1597
f 1647/1647 1597/1597 1577/1577
f 1648/1648 1639/1639 1641/1641
f 1646/1646 1648/1648 1641/1641
f 1638/1638 1649/1649 1644/1644
f 1649/1649 1638/1638 1639/1639
f 1650/1650 1644/1644 1649/1649
f 1650/1650 1649/1649 1639/1639
f 1644/1644 1651/1651 1643/1643
f 1644/1644 1650/1650 1651/1651
f 1647/1647 1652/1652 1645/1645
f 1645/1645 1652/1652 1646/1646
f 1646/1646 1653/1653 1648/1648
f 1654/1654 1639/1639 1648/1648
f 1648/1648 1653/1653 1654/1654
f 1655/1655 1650/1650 1639/1639
f 1655/1655 1639/1639 1654/1654
f 1650/1650 1656/1656 1651/1651
f 1655/1655 1656/1656 1650/1650
f 1657/1657 1646/1646 1652/1652
f 1646/1646 1657/1657 1653/1653
f 1658/1658 1643/1643 1651/1651
f 1651/1651 1656/1656 1659/1659
f 1659/1659 1658/1658 1651/1651
f 1656/1656 1660/1660 1659/1659
f 1660/1660 1656/1656 1655/1655
f 1659/1659 1660/1660 1661/1661
f 1661/1661 1658/1658 1659/1659
f 1658/1658 1661/1661 1662/1662
f 1643/1643 1658/1658 1663/1663
f 1663/1663 1658/1658 1662/1662
f 1633/1633 1643/1643 1663/1663
f 1664/1664 1660/1660 1655/1655
f 1660/1660 1664/1664 1661/1661
f 1661/1661 1665/1665 1662/1662
f 1661/1661 1664/1664 1665/1665
f 1664/1664 1655/1655 1666/1666
f 1666/1666 1655/1655 1654/1654
f 1664/1664 1667/1667 1665/1665
f 1667/1667 1664/1664 1666/1666
f 1668/1668 1666/1666 1654/1654
f 1653/1653 1668/1668 1654/1654
f 1663/1663 1669/1669 1633/1633
f 1669/1669 1670/1670 1633/1633
f 1669/1669 1663/1663 1671/1671
f 1663/1663 1662/1662 1671/1671
f 1625/1625 1633/1633 1670/1670
f 1672/1672 1625/1625 1670/1670
f 1671/1671 1662/1662 1673/1673
f 1672/1672 1621/1621 1625/1625
f 1672/1672 1674/1674 1621/1621
f 1674/1674 1675/1675 1621/1621
f 1675/1675 1676/1676 1621/1621
f 1621/1621 1676/1676 1677/1677
f 1677/1677 1619/1619 1621/1621
f 1673/1673 1662/1662 1678/1678
f 1679/1679 1619/1619 1677/1677
f 1680/1680 1678/1678 1662/1662
f 1665/1665 1680/1680 1662/1662
f 1681/1681 1678/1678 1680/1680
f 1682/1682 1681/1681 1680/1680
f 1683/1683 1681/1681 1682/1682
f 1684/1684 1683/1683 1682/1682
f 1685/1685 1619/1619 1679/1679
f 1685/1685 1679/1679 1686/1686
f 1619/1619 1685/1685 1629/1629
f 1686/1686 1687/1687 1685/1685
f 1665/1665 1688/1688 1680/1680
f 1665/1665 1667/1667 1688/1688
f 1685/1685 1689/1689 1629/1629
f 1629/1629 1689/1689 1628/1628
f 1685/1685 1687/1687 1690/1690
f 1685/1685 1690/1690 1689/1689
f 1687/1687 1691/1691 1690/1690
f 1688/1688 1692/1692 1680/1680
f 1682/1682 1680/1680 1692/1692
f 1688/1688 1667/1667 1693/1693
f 1688/1688 1693/1693 1692/1692
f 1628/1628 1689/1689 1694/1694
f 1694/1694 1630/1630 1628/1628
f 1690/1690 1695/1695 1689/1689
f 1689/1689 1695/1695 1694/1694
f 1691/1691 1696/1696 1690/1690
f 1697/1697 1696/1696 1691/1691
f 1690/1690 1698/1698 1695/1695
f 1694/1694 1695/1695 1698/1698
f 1698/1698 1690/1690 1696/1696
f 1699/1699 1696/1696 1697/1697
f 1700/1700 1699/1699 1697/1697
f 1700/1700 1701/1701 1699/1699
f 1696/1696 1702/1702 1698/1698
f 1699/1699 1702/1702 1696/1696
f 1703/1703 1694/1694 1698/1698
f 1703/1703 1698/1698 1702/1702
f 1694/1694 1704/1704 1630/1630
f 1704/1704 1694/1694 1703/1703
f 1699/1699 1701/1701 1705/1705
f 1701/1701 1706/1706 1705/1705
f 1699/1699 1707/1707 1702/1702
f 1705/1705 1707/1707 1699/1699
f 1704/1704 1708/1708 1630/1630
f 1613/1613 1630/1630 1708/1708
f 1613/1613 1708/1708 1709/1709
f 1585/1585 1613/1613 1709/1709
f 1708/1708 1704/1704 1710/1710
f 1709/1709 1708/1708 1710/1710
f 1585/1585 1709/1709 1711/1711
f 1585/1585 1711/1711 1580/1580
f 1712/1712 1711/1711 1709/1709
f 1711/1711 1712/1712 1580/1580
f 1709/1709 1710/1710 1712/1712
f 1580/1580 1712/1712 1584/1584
f 1713/1713 1702/1702 1707/1707
f 1713/1713 1703/1703 1702/1702
f 1703/1703 1714/1714 1704/1704
f 1704/1704 1714/1714 1710/1710
f 1710/1710 1714/1714 1715/1715
f 1714/1714 1703/1703 1716/1716
f 1713/1713 1716/1716 1703/1703
f 1714/1714 1716/1716 1715/1715
f 1717/1717 1712/1712 1710/1710
f 1715/1715 1717/1717 1710/1710
f 1712/1712 1718/1718 1584/1584
f 1717/1717 1718/1718 1712/1712
f 1713/1713 1719/1719 1716/1716
f 1715/1715 1716/1716 1719/1719
f 1713/1713 1707/1707 1720/1720
f 1713/1713 1720/1720 1719/1719
f 1707/1707 1721/1721 1720/1720
f 1721/1721 1707/1707 1705/1705
f 1722/1722 1719/1719 1720/1720
f 1720/1720 1721/1721 1722/1722
f 1584/1584 1718/1718 1723/1723
f 1584/1584 1723/1723 1551/1551
f 1724/1724 1718/1718 1717/1717
f 1715/1715 1724/1724 1717/1717
f 1725/1725 1715/1715 1719/1719
f 1722/1722 1725/1725 1719/1719
f 1726/1726 1724/1724 1715/1715
f 1725/1725 1726/1726 1715/1715
f 1718/1718 1724/1724 1727/1727
f 1726/1726 1727/1727 1724/1724
f 1718/1718 1728/1728 1723/1723
f 1727/1727 1728/1728 1718/1718
f 1723/1723 1729/1729 1551/1551
f 1723/1723 1728/1728 1729/1729
f 1730/1730 1728/1728 1727/1727
f 1728/1728 1730/1730 1729/1729
f 1551/1551 1729/1729 1731/1731
f 1544/1544 1551/1551 1731/1731
f 1732/1732 1544/1544 1731/1731
f 1545/1545 1544/1544 1732/1732
f 1733/1733 1545/1545 1732/1732
f 1545/1545 1733/1733 1546/1546
f 1726/1726 1725/1725 1734/1734
f 1735/1735 1727/1727 1726/1726
f 1734/1734 1735/1735 1726/1726
f 1736/1736 1730/1730 1727/1727
f 1735/1735 1736/1736 1727/1727
f 1730/1730 1737/1737 1729/1729
f 1737/1737 1730/1730 1736/1736
f 1729/1729 1738/1738 1731/1731
f 1729/1729 1737/1737 1738/1738
f 1739/1739 1732/1732 1731/1731
f 1738/1738 1739/1739 1731/1731
f 1733/1733 1732/1732 1740/1740
f 1740/1740 1732/1732 1739/1739
f 1738/1738 1741/1741 1739/1739
f 1738/1738 1737/1737 1741/1741
f 1742/1742 1740/1740 1739/1739
f 1733/1733 1740/1740 1742/1742
f 1739/1739 1741/1741 1742/1742
f 1735/1735 1734/1734 1743/1743
f 1736/1736 1735/1735 1744/1744
f 1744/1744 1735/1735 1743/1743
f 1745/1745 1737/1737 1736/1736
f 1737/1737 1746/1746 1741/1741
f 1737/1737 1745/1745 1746/1746
f 1747/1747 1736/1736 1744/1744
f 1745/1745 1736/1736 1747/1747
f 1748/1748 1745/1745 1747/1747
f 1744/1744 1748/1748 1747/1747
f 1745/1745 1748/1748 1749/1749
f 1746/1746 1745/1745 1749/1749
f 1748/1748 1744/1744 1750/1750
f 1749/1749 1748/1748 1750/1750
f 1743/1743 1751/1751 1744/1744
f 1744/1744 1751/1751 1750/1750
f 1746/1746 1752/1752 1741/1741
f 1749/1749 1753/1753 1746/1746
f 1753/1753 1752/1752 1746/1746
f 1749/1749 1754/1754 1753/1753
f 1752/1752 1753/1753 1754/1754
f 1755/1755 1754/1754 1749/1749
f 1750/1750 1755/1755 1749/1749
f 1756/1756 1752/1752 1754/1754
f 1754/1754 1757/1757 1756/1756
f 1756/1756 1758/1758 1752/1752
f 1759/1759 1757/1757 1754/1754
f 1758/1758 1760/1760 1752/1752
f 1752/1752 1760/1760 1741/1741
f 1754/1754 1761/1761 1759/1759
f 1754/1754 1762/1762 1761/1761
f 1754/1754 1763/1763 1762/1762
f 1764/1764 1763/1763 1754/1754
f 1765/1765 1764/1764 1754/1754
f 1755/1755 1765/1765 1754/1754
f 1741/1741 1760/1760 1742/1742
f 1766/1766 1765/1765 1755/1755
f 1767/1767 1765/1765 1766/1766
f 1750/1750 1766/1766 1755/1755
f 1766/1766 1768/1768 1767/1767
f 1760/1760 1769/1769 1742/1742
f 1760/1760 1770/1770 1769/1769
f 1770/1770 1771/1771 1769/1769
f 1766/1766 1750/1750 1772/1772
f 1750/1750 1751/1751 1772/1772
f 1773/1773 1768/1768 1766/1766
f 1773/1773 1766/1766 1772/1772
f 1774/1774 1768/1768 1773/1773
f 1773/1773 1775/1775 1774/1774
f 1774/1774 1775/1775 1776/1776
f 1776/1776 1775/1775 1777/1777
f 1778/1778 1777/1777 1775/1775
f 1769/1769 1779/1779 1742/1742
f 1779/1779 1733/1733 1742/1742
f 1751/1751 1780/1780 1772/1772
f 1780/1780 1751/1751 1743/1743
f 1781/1781 1778/1778 1775/1775
f 1782/1782 1778/1778 1781/1781
f 1783/1783 1782/1782 1781/1781
f 1784/1784 1783/1783 1781/1781
f 1781/1781 1785/1785 1784/1784
f 1786/1786 1785/1785 1781/1781
f 1781/1781 1775/1775 1787/1787
f 1788/1788 1733/1733 1779/1779
f 1733/1733 1788/1788 1546/1546
f 1789/1789 1780/1780 1743/1743
f 1743/1743 1790/1790 1789/1789
f 1734/1734 1790/1790 1743/1743
f 1791/1791 1790/1790 1734/1734
f 1725/1725 1791/1791 1734/1734
f 1791/1791 1725/1725 1722/1722
f 1790/1790 1791/1791 1792/1792
f 1790/1790 1792/1792 1789/1789
f 1793/1793 1791/1791 1722/1722
f 1793/1793 1792/1792 1791/1791
f 1789/1789 1794/1794 1780/1780
f 1780/1780 1794/1794 1772/1772
f 1792/1792 1795/1795 1789/1789
f 1792/1792 1793/1793 1795/1795
f 1796/1796 1793/1793 1722/1722
f 1796/1796 1722/1722 1721/1721
f 1772/1772 1794/1794 1797/1797
f 1797/1797 1773/1773 1772/1772
f 1798/1798 1794/1794 1789/1789
f 1789/1789 1795/1795 1798/1798
f 1793/1793 1799/1799 1795/1795
f 1799/1799 1793/1793 1796/1796
f 1721/1721 1800/1800 1796/1796
f 1721/1721 1705/1705 1800/1800
f 1801/1801 1773/1773 1797/1797
f 1775/1775 1773/1773 1801/1801
f 1794/1794 1802/1802 1797/1797
f 1802/1802 1794/1794 1798/1798
f 1797/1797 1802/1802 1801/1801
f 1795/1795 1803/1803 1798/1798
f 1795/1795 1799/1799 1803/1803
f 1804/1804 1802/1802 1798/1798
f 1798/1798 1803/1803 1804/1804
f 1805/1805 1799/1799 1796/1796
f 1805/1805 1796/1796 1800/1800
f 1806/1806 1800/1800 1705/1705
f 1806/1806 1705/1705 1706/1706
f 1706/1706 1807/1807 1806/1806
f 1806/1806 1807/1807 1808/1808
f 1806/1806 1808/1808 1809/1809
f 1808/1808 1810/1810 1809/1809
f 1810/1810 1811/1811 1809/1809
f 1812/1812 1800/1800 1806/1806
f 1812/1812 1806/1806 1809/1809
f 1800/1800 1812/1812 1813/1813
f 1813/1813 1805/1805 1800/1800
f 1813/1813 1812/1812 1809/1809
f 1805/1805 1813/1813 1814/1814
f 1814/1814 1799/1799 1805/1805
f 1814/1814 1813/1813 1809/1809
f 1815/1815 1809/1809 1811/1811
f 1815/1815 1814/1814 1809/1809
f 1814/1814 1816/1816 1799/1799
f 1799/1799 1816/1816 1803/1803
f 1817/1817 1814/1814 1815/1815
f 1814/1814 1817/1817 1816/1816
f 1816/1816 1817/1817 1818/1818
f 1819/1819 1803/1803 1816/1816
f 1816/1816 1818/1818 1819/1819
f 1803/1803 1819/1819 1804/1804
f 1820/1820 1817/1817 1815/1815
f 1817/1817 1820/1820 1818/1818
f 1820/1820 1815/1815 1821/1821
f 1820/1820 1821/1821 1818/1818
f 1822/1822 1815/1815 1811/1811
f 1821/1821 1815/1815 1822/1822
f 1823/1823 1822/1822 1811/1811
f 1824/1824 1823/1823 1811/1811
f 1823/1823 1825/1825 1822/1822
f 1825/1825 1826/1826 1822/1822
f 1822/1822 1826/1826 1827/1827
f 1821/1821 1822/1822 1827/1827
f 1828/1828 1827/1827 1826/1826
f 1827/1827 1828/1828 1829/1829
f 1829/1829 1821/1821 1827/1827
f 1828/1828 1830/1830 1829/1829
f 1830/1830 1831/1831 1829/1829
f 1829/1829 1831/1831 1832/1832
f 1831/1831 1833/1833 1832/1832
f 1829/1829 1832/1832 1834/1834
f 1834/1834 1821/1821 1829/1829
f 1835/1835 1821/1821 1834/1834
f 1835/1835 1834/1834 1836/1836
f 1837/1837 1821/1821 1835/1835
f 1818/1818 1821/1821 1837/1837
f 1835/1835 1836/1836 1838/1838
f 1838/1838 1837/1837 1835/1835
f 1836/1836 1839/1839 1838/1838
f 1838/1838 1839/1839 1840/1840
f 1841/1841 1818/1818 1837/1837
f 1841/1841 1837/1837 1838/1838
f 1838/1838 1840/1840 1842/1842
f 1841/1841 1838/1838 1842/1842
f 1842/1842 1840/1840 1843/1843
f 1818/1818 1841/1841 1844/1844
f 1844/1844 1841/1841 1842/1842
f 1819/1819 1818/1818 1844/1844
f 1845/1845 1842/1842 1843/1843
f 1844/1844 1842/1842 1845/1845
f 1845/1845 1843/1843 1846/1846
f 1844/1844 1847/1847 1819/1819
f 1847/1847 1844/1844 1845/1845
f 1845/1845 1846/1846 1848/1848
f 1845/1845 1848/1848 1847/1847
f 1848/1848 1846/1846 1787/1787
f 1847/1847 1849/1849 1819/1819
f 1804/1804 1819/1819 1849/1849
f 1850/1850 1848/1848 1787/1787
f 1775/1775 1850/1850 1787/1787
f 1775/1775 1801/1801 1850/1850
f 1848/1848 1851/1851 1847/1847
f 1848/1848 1850/1850 1851/1851
f 1847/1847 1851/1851 1849/1849
f 1801/1801 1851/1851 1850/1850
f 1849/1849 1852/1852 1804/1804
f 1851/1851 1852/1852 1849/1849
f 1852/1852 1851/1851 1801/1801
f 1852/1852 1802/1802 1804/1804
f 1802/1802 1852/1852 1801/1801
f 1855/1855 1854/1854 1853/1853
f 1855/1855 1853/1853 1856/1856
f 1857/1857 1856/1856 1853/1853
f 1857/1857 1853/1853 1858/1858
f 1859/1859 1858/1858 1853/1853
f 1859/1859 1853/1853 1860/1860
f 1861/1861 1860/1860 1853/1853
f 1862/1862 1861/1861 1853/1853
f 1863/1863 1862/1862 1853/1853
f 1863/1863 1853/1853 1864/1864
f 1865/1865 1863/1863 1864/1864
f 1864/1864 1866/1866 1865/1865
f 1864/1864 1867/1867 1866/1866
f 1864/1864 1853/1853 1868/1868
f 1869/1869 1868/1868 1853/1853
f 1870/1870 1868/1868 1869/1869
f 1864/1864 1871/1871 1867/1867
f 1872/1872 1867/1867 1871/1871
f 1872/1872 1871/1871 1873/1873
f 1872/1872 1873/1873 1874/1874
f 1875/1875 1874/1874 1873/1873
f 1876/1876 1864/1864 1868/1868
f 1871/1871 1864/1864 1877/1877
f 1877/1877 1864/1864 1876/1876
f 1878/1878 1876/1876 1868/1868
f 1870/1870 1879/1879 1868/1868
f 1879/1879 1878/1878 1868/1868
f 1880/1880 1877/1877 1876/1876
f 1876/1876 1878/1878 1880/1880
f 1870/1870 1881/1881 1879/1879
f 1879/1879 1882/1882 1878/1878
f 1881/1881 1882/1882 1879/1879
f 1880/1880 1878/1878 1883/1883
f 1878/1878 1882/1882 1883/1883
f 1884/1884 1881/1881 1870/1870
f 1885/1885 1881/1881 1884/1884
f 1886/1886 1884/1884 1870/1870
f 1885/1885 1884/1884 1886/1886
f 1885/1885 1886/1886 1887/1887
f 1885/1885 1887/1887 1888/1888
f 1885/1885 1888/1888 1889/1889
f 1890/1890 1882/1882 1881/1881
f 1885/1885 1890/1890 1881/1881
f 1889/1889 1891/1891 1885/1885
f 1885/1885 1891/1891 1890/1890
f 1889/1889 1892/1892 1891/1891
f 1890/1890 1893/1893 1882/1882
f 1893/1893 1883/1883 1882/1882
f 1892/1892 1894/1894 1891/1891
f 1895/1895 1894/1894 1892/1892
f 1896/1896 1894/1894 1895/1895
f 1896/1896 1895/1895 1897/1897
f 1898/1898 1897/1897 1895/1895
f 1891/1891 1899/1899 1890/1890
f 1899/1899 1893/1893 1890/1890
f 1899/1899 1900/1900 1893/1893
f 1901/1901 1891/1891 1894/1894
f 1901/1901 1899/1899 1891/1891
f 1896/1896 1901/1901 1894/1894
f 1900/1900 1899/1899 1901/1901
f 1896/1896 1900/1900 1901/1901
f 1883/1883 1893/1893 1902/1902
f 1900/1900 1902/1902 1893/1893
f 1903/1903 1897/1897 1898/1898
f 1904/1904 1903/1903 1898/1898
f 1903/1903 1905/1905 1897/1897
f 1905/1905 1906/1906 1897/1897
f 1906/1906 1907/1907 1897/1897
f 1896/1896 1897/1897 1907/1907
f 1908/1908 1896/1896 1907/1907
f 1907/1907 1906/1906 1909/1909
f 1909/1909 1908/1908 1907/1907
f 1909/1909 1910/1910 1908/1908
f 1910/1910 1911/1911 1908/1908
f 1908/1908 1911/1911 1912/1912
f 1908/1908 1912/1912 1496/1496
f 1912/1912 1913/1913 1496/1496
f 1914/1914 1908/1908 1496/1496
f 1914/1914 1896/1896 1908/1908
f 1494/1494 1914/1914 1496/1496
f 1914/1914 1915/1915 1896/1896
f 1896/1896 1915/1915 1900/1900
f 1916/1916 1914/1914 1494/1494
f 1503/1503 1916/1916 1494/1494
f 1917/1917 1915/1915 1914/1914
f 1915/1915 1917/1917 1900/1900
f 1916/1916 1917/1917 1914/1914
f 1917/1917 1918/1918 1900/1900
f 1917/1917 1916/1916 1918/1918
f 1900/1900 1918/1918 1902/1902
f 1503/1503 1919/1919 1916/1916
f 1919/1919 1503/1503 1500/1500
f 1918/1918 1916/1916 1920/1920
f 1920/1920 1916/1916 1919/1919
f 1921/1921 1919/1919 1500/1500
f 1920/1920 1919/1919 1921/1921
f 1500/1500 1502/1502 1921/1921
f 1513/1513 1921/1921 1502/1502
f 1922/1922 1921/1921 1513/1513
f 1922/1922 1920/1920 1921/1921
f 1535/1535 1922/1922 1513/1513
f 1918/1918 1920/1920 1923/1923
f 1923/1923 1902/1902 1918/1918
f 1920/1920 1922/1922 1924/1924
f 1920/1920 1924/1924 1923/1923
f 1925/1925 1922/1922 1535/1535
f 1922/1922 1925/1925 1924/1924
f 1535/1535 1926/1926 1925/1925
f 1926/1926 1535/1535 1533/1533
f 1924/1924 1925/1925 1927/1927
f 1925/1925 1926/1926 1927/1927
f 1926/1926 1533/1533 1928/1928
f 1926/1926 1928/1928 1927/1927
f 1533/1533 1534/1534 1928/1928
f 1923/1923 1924/1924 1929/1929
f 1924/1924 1927/1927 1929/1929
f 1902/1902 1923/1923 1930/1930
f 1923/1923 1929/1929 1930/1930
f 1534/1534 1931/1931 1928/1928
f 1534/1534 1546/1546 1931/1931
f 1902/1902 1930/1930 1932/1932
f 1932/1932 1883/1883 1902/1902
f 1880/1880 1883/1883 1932/1932
f 1933/1933 1880/1880 1932/1932
f 1933/1933 1932/1932 1930/1930
f 1880/1880 1933/1933 1877/1877
f 1934/1934 1933/1933 1930/1930
f 1934/1934 1930/1930 1929/1929
f 1933/1933 1934/1934 1877/1877
f 1935/1935 1929/1929 1927/1927
f 1935/1935 1934/1934 1929/1929
f 1934/1934 1936/1936 1877/1877
f 1934/1934 1935/1935 1936/1936
f 1871/1871 1877/1877 1936/1936
f 1871/1871 1936/1936 1937/1937
f 1935/1935 1937/1937 1936/1936
f 1873/1873 1871/1871 1937/1937
f 1935/1935 1927/1927 1938/1938
f 1935/1935 1938/1938 1937/1937
f 1938/1938 1927/1927 1928/1928
f 1939/1939 1938/1938 1928/1928
f 1938/1938 1939/1939 1937/1937
f 1939/1939 1928/1928 1931/1931
f 1939/1939 1940/1940 1937/1937
f 1940/1940 1873/1873 1937/1937
f 1939/1939 1931/1931 1940/1940
f 1873/1873 1940/1940 1941/1941
f 1875/1875 1873/1873 1941/1941
f 1875/1875 1941/1941 1942/1942
f 1943/1943 1875/1875 1942/1942
f 1944/1944 1943/1943 1942/1942
f 1944/1944 1942/1942 1945/1945
f 1945/1945 1942/1942 1946/1946
f 1946/1946 1942/1942 1947/1947
f 1948/1948 1947/1947 1942/1942
f 1948/1948 1942/1942 1771/1771
f 1769/1769 1771/1771 1942/1942
f 1941/1941 1940/1940 1949/1949
f 1942/1942 1941/1941 1949/1949
f 1950/1950 1769/1769 1942/1942
f 1942/1942 1949/1949 1950/1950
f 1769/1769 1950/1950 1779/1779
f 1950/1950 1949/1949 1779/1779
f 1788/1788 1779/1779 1949/1949
f 1951/1951 1949/1949 1940/1940
f 1951/1951 1788/1788 1949/1949
f 1931/1931 1951/1951 1940/1940
f 1788/1788 1951/1951 1952/1952
f 1951/1951 1931/1931 1952/1952
f 1546/1546 1788/1788 1952/1952
f 1546/1546 1952/1952 1931/1931
f 1955/1955 1954/1954 1953/1953
f 1955/1955 1956/1956 1954/1954
f 1956/1956 1957/1957 1954/1954
f 1958/1958 1957/1957 1956/1956
f 1958/1958 1959/1959 1957/1957
f 1960/1960 1957/1957 1959/1959
f 1960/1960 1961/1961 1957/1957
f 1961/1961 1962/1962 1957/1957
f 1957/1957 1963/1963 1954/1954
f 1964/1964 1957/1957 1962/1962
f 1964/1964 1962/1962 1965/1965
f 1964/1964 1965/1965 1966/1966
f 1966/1966 1967/1967 1964/1964
f 1966/1966 1968/1968 1967/1967
f 1967/1967 1968/1968 1969/1969
f 1967/1967 1969/1969 1970/1970
f 1971/1971 1967/1967 1970/1970
f 1971/1971 1970/1970 1972/1972
f 1971/1971 1972/1972 1973/1973
f 1971/1971 1973/1973 1974/1974
f 1971/1971 1974/1974 1975/1975
f 1971/1971 1975/1975 1976/1976
f 1977/1977 1971/1971 1976/1976
f 1978/1978 1971/1971 1977/1977
f 1978/1978 1979/1979 1971/1971
f 1979/1979 1980/1980 1971/1971
f 1980/1980 1981/1981 1971/1971
f 1982/1982 1981/1981 1980/1980
f 1982/1982 1983/1983 1981/1981
f 1984/1984 1981/1981 1983/1983
f 1981/1981 1984/1984 1985/1985
f 1985/1985 1984/1984 1986/1986
f 1985/1985 1986/1986 1987/1987
f 1988/1988 1985/1985 1987/1987
f 1981/1981 1989/1989 1971/1971
f 1989/1989 1967/1967 1971/1971
f 1990/1990 1985/1985 1988/1988
f 1991/1991 1990/1990 1988/1988
f 1991/1991 1992/1992 1990/1990
f 1992/1992 1991/1991 1993/1993
f 1993/1993 1994/1994 1992/1992
f 1992/1992 1994/1994 1995/1995
f 1992/1992 1995/1995 1996/1996
f 1995/1995 1997/1997 1996/1996
f 1997/1997 1998/1998 1996/1996
f 1996/1996 1998/1998 1999/1999
f 1996/1996 1999/1999 2000/2000
f 2001/2001 1996/1996 2000/2000
f 2002/2002 1996/1996 2001/2001
f 2003/2003 1996/1996 2002/2002
f 2004/2004 1996/1996 2003/2003
f 2005/2005 1996/1996 2004/2004
f 2006/2006 1996/1996 2005/2005
f 2007/2007 2006/2006 2005/2005
f 2008/2008 2006/2006 2007/2007
f 2008/2008 2009/2009 2006/2006
f 2010/2010 1992/1992 1996/1996
f 2006/2006 2010/2010 1996/1996
f 2006/2006 2009/2009 2011/2011
f 2012/2012 2011/2011 2009/2009
f 2013/2013 2011/2011 2012/2012
f 2014/2014 2011/2011 2013/2013
f 2013/2013 2015/2015 2014/2014
f 2015/2015 2016/2016 2014/2014
f 2014/2014 2016/2016 2017/2017
f 2017/2017 2018/2018 2014/2014
f 2014/2014 2018/2018 2019/2019
f 2014/2014 2019/2019 2020/2020
f 2019/2019 2021/2021 2020/2020
f 2020/2020 2021/2021 2022/2022
f 2022/2022 2023/2023 2020/2020
f 2020/2020 2023/2023 2024/2024
f 2024/2024 2025/2025 2020/2020
f 2020/2020 2025/2025 2026/2026
f 2027/2027 2014/2014 2020/2020
f 2028/2028 2027/2027 2020/2020
f 2028/2028 2029/2029 2027/2027
f 2030/2030 2029/2029 2028/2028
f 2031/2031 2029/2029 2030/2030
f 2031/2031 2032/2032 2029/2029
f 2033/2033 2032/2032 2031/2031
f 2029/2029 2034/2034 2027/2027
f 2032/2032 2035/2035 2029/2029
f 2029/2029 2035/2035 2034/2034
f 2033/2033 2036/2036 2032/2032
f 2032/2032 2036/2036 2035/2035
f 2014/2014 2027/2027 2037/2037
f 2027/2027 2034/2034 2037/2037
f 2036/2036 2033/2033 2038/2038
f 2038/2038 2033/2033 2039/2039
f 2040/2040 2035/2035 2036/2036
f 2034/2034 2035/2035 2041/2041
f 2041/2041 2035/2035 2040/2040
f 2040/2040 2042/2042 2041/2041
f 2036/2036 2043/2043 2040/2040
f 2043/2043 2036/2036 2038/2038
f 2040/2040 2043/2043 2042/2042
f 2034/2034 2041/2041 2044/2044
f 2034/2034 2044/2044 2037/2037
f 2044/2044 2045/2045 2037/2037
f 2044/2044 2041/2041 2046/2046
f 2041/2041 2042/2042 2046/2046
f 2045/2045 2044/2044 2046/2046
f 2045/2045 2046/2046 2042/2042
f 2037/2037 2047/2047 2014/2014
f 2037/2037 2045/2045 2047/2047
f 2038/2038 2048/2048 2043/2043
f 2049/2049 2048/2048 2038/2038
f 2043/2043 2048/2048 2050/2050
f 2050/2050 2042/2042 2043/2043
f 2048/2048 2049/2049 2050/2050
f 2047/2047 2051/2051 2014/2014
f 2014/2014 2051/2051 2011/2011
f 2051/2051 2052/2052 2011/2011
f 2006/2006 2011/2011 2052/2052
f 2052/2052 2053/2053 2006/2006
f 2053/2053 2010/2010 2006/2006
f 2045/2045 2042/2042 2054/2054
f 2050/2050 2055/2055 2042/2042
f 2054/2054 2042/2042 2055/2055
f 2045/2045 2056/2056 2047/2047
f 2047/2047 2057/2057 2051/2051
f 2056/2056 2057/2057 2047/2047
f 2045/2045 2058/2058 2056/2056
f 2058/2058 2045/2045 2054/2054
f 2058/2058 2059/2059 2056/2056
f 2056/2056 2059/2059 2057/2057
f 2059/2059 2058/2058 2060/2060
f 2060/2060 2058/2058 2054/2054
f 2059/2059 2061/2061 2057/2057
f 2061/2061 2059/2059 2060/2060
f 2057/2057 2062/2062 2051/2051
f 2061/2061 2062/2062 2057/2057
f 2062/2062 2063/2063 2051/2051
f 2063/2063 2062/2062 2061/2061
f 2063/2063 2061/2061 2064/2064
f 2051/2051 2063/2063 2052/2052
f 2063/2063 2065/2065 2052/2052
f 2065/2065 2063/2063 2064/2064
f 2052/2052 2065/2065 2053/2053
f 2061/2061 2060/2060 2066/2066
f 2064/2064 2061/2061 2066/2066
f 2064/2064 2066/2066 2067/2067
f 2066/2066 2060/2060 2068/2068
f 2067/2067 2066/2066 2068/2068
f 2060/2060 2054/2054 2069/2069
f 2068/2068 2060/2060 2069/2069
f 2070/2070 2067/2067 2068/2068
f 2069/2069 2070/2070 2068/2068
f 2069/2069 2054/2054 2071/2071
f 2054/2054 2055/2055 2071/2071
f 2071/2071 2055/2055 2072/2072
f 2050/2050 2072/2072 2055/2055
f 2073/2073 2069/2069 2071/2071
f 2073/2073 2071/2071 2072/2072
f 2072/2072 2050/2050 2074/2074
f 2049/2049 2074/2074 2050/2050
f 2070/2070 2069/2069 2075/2075
f 2069/2069 2073/2073 2075/2075
f 2076/2076 2073/2073 2072/2072
f 2072/2072 2074/2074 2076/2076
f 2074/2074 2049/2049 2077/2077
f 2078/2078 2076/2076 2074/2074
f 2078/2078 2074/2074 2077/2077
f 2049/2049 2079/2079 2077/2077
f 2049/2049 2080/2080 2079/2079
f 2080/2080 2081/2081 2079/2079
f 2079/2079 2081/2081 2082/2082
f 2083/2083 2079/2079 2082/2082
f 2077/2077 2079/2079 2083/2083
f 2084/2084 2077/2077 2083/2083
f 2085/2085 2077/2077 2084/2084
f 2077/2077 2085/2085 2078/2078
f 2078/2078 2085/2085 2086/2086
f 2078/2078 2086/2086 2087/2087
f 2076/2076 2078/2078 2087/2087
f 2088/2088 2087/2087 2086/2086
f 2089/2089 2076/2076 2087/2087
f 2090/2090 2089/2089 2087/2087
f 2089/2089 2073/2073 2076/2076
f 2091/2091 2089/2089 2090/2090
f 2092/2092 2091/2091 2090/2090
f 2089/2089 2093/2093 2073/2073
f 2089/2089 2091/2091 2093/2093
f 2075/2075 2073/2073 2093/2093
f 2075/2075 2093/2093 2094/2094
f 2091/2091 2094/2094 2093/2093
f 2092/2092 2095/2095 2091/2091
f 2096/2096 2095/2095 2092/2092
f 2097/2097 2095/2095 2096/2096
f 2098/2098 2095/2095 2097/2097
f 2097/2097 2099/2099 2098/2098
f 2095/2095 2100/2100 2091/2091
f 2100/2100 2094/2094 2091/2091
f 2100/2100 2095/2095 2098/2098
f 2094/2094 2101/2101 2075/2075
f 2094/2094 2100/2100 2101/2101
f 2101/2101 2070/2070 2075/2075
f 2102/2102 2070/2070 2101/2101
f 2100/2100 2102/2102 2101/2101
f 2067/2067 2070/2070 2102/2102
f 2103/2103 2102/2102 2100/2100
f 2098/2098 2103/2103 2100/2100
f 2104/2104 2102/2102 2103/2103
f 2104/2104 2067/2067 2102/2102
f 2105/2105 2098/2098 2099/2099
f 2106/2106 2105/2105 2099/2099
f 2098/2098 2107/2107 2103/2103
f 2107/2107 2104/2104 2103/2103
f 2108/2108 2105/2105 2106/2106
f 2109/2109 2108/2108 2106/2106
f 2105/2105 2110/2110 2098/2098
f 2110/2110 2107/2107 2098/2098
f 2110/2110 2105/2105 2108/2108
f 2109/2109 2111/2111 2108/2108
f 2112/2112 2111/2111 2109/2109
f 2113/2113 2111/2111 2112/2112
f 2114/2114 2113/2113 2112/2112
f 2114/2114 2115/2115 2113/2113
f 2110/2110 2116/2116 2107/2107
f 2116/2116 2104/2104 2107/2107
f 2108/2108 2117/2117 2110/2110
f 2111/2111 2117/2117 2108/2108
f 2117/2117 2116/2116 2110/2110
f 2113/2113 2115/2115 2118/2118
f 2115/2115 2119/2119 2118/2118
f 2118/2118 2119/2119 2120/2120
f 2118/2118 2120/2120 2121/2121
f 2121/2121 2122/2122 2118/2118
f 2118/2118 2122/2122 2123/2123
f 2122/2122 2124/2124 2123/2123
f 2123/2123 2124/2124 2125/2125
f 2125/2125 2124/2124 2126/2126
f 2125/2125 2126/2126 2127/2127
f 2126/2126 2128/2128 2127/2127
f 2128/2128 2129/2129 2127/2127
f 2127/2127 2129/2129 2130/2130
f 2130/2130 2131/2131 2127/2127
f 2131/2131 2132/2132 2127/2127
f 2127/2127 2132/2132 2133/2133
f 2132/2132 2134/2134 2133/2133
f 2134/2134 1684/1684 2133/2133
f 2133/2133 1684/1684 2135/2135
f 1684/1684 1682/1682 2135/2135
f 2133/2133 2135/2135 2136/2136
f 2135/2135 1682/1682 2137/2137
f 2136/2136 2135/2135 2137/2137
f 2127/2127 2133/2133 2138/2138
f 2138/2138 2133/2133 2136/2136
f 2137/2137 1682/1682 2139/2139
f 1682/1682 1692/1692 2139/2139
f 2140/2140 2139/2139 1692/1692
f 1693/1693 2140/2140 1692/1692
f 2139/2139 2141/2141 2137/2137
f 2140/2140 2141/2141 2139/2139
f 2137/2137 2142/2142 2136/2136
f 2141/2141 2143/2143 2137/2137
f 2137/2137 2143/2143 2142/2142
f 2144/2144 2141/2141 2140/2140
f 2143/2143 2141/2141 2144/2144
f 1693/1693 2145/2145 2140/2140
f 2140/2140 2145/2145 2144/2144
f 2136/2136 2146/2146 2138/2138
f 2136/2136 2142/2142 2146/2146
f 2145/2145 1693/1693 2147/2147
f 1693/1693 1667/1667 2147/2147
f 2147/2147 1667/1667 1666/1666
f 2147/2147 1666/1666 2148/2148
f 2148/2148 1666/1666 1668/1668
f 2147/2147 2149/2149 2145/2145
f 2149/2149 2147/2147 2148/2148
f 1451/1451 2143/2143 2144/2144
f 1450/1450 2143/2143 1451/1451
f 2142/2142 2143/2143 1450/1450
f 2144/2144 1452/1452 1451/1451
f 2145/2145 1452/1452 2144/2144
f 1447/1447 2142/2142 1450/1450
f 2146/2146 2142/2142 1447/1447
f 1447/1447 2150/2150 2146/2146
f 2146/2146 2150/2150 2138/2138
f 2150/2150 1447/1447 1446/1446
f 2145/2145 2149/2149 2151/2151
f 1452/1452 2145/2145 2151/2151
f 2149/2149 2152/2152 2151/2151
f 2152/2152 1452/1452 2151/2151
f 1452/1452 2152/2152 1464/1464
f 2152/2152 2149/2149 2148/2148
f 2153/2153 1464/1464 2152/2152
f 2153/2153 2152/2152 2148/2148
f 1464/1464 2153/2153 1455/1455
f 2150/2150 2154/2154 2138/2138
f 2154/2154 2127/2127 2138/2138
f 2155/2155 2150/2150 1446/1446
f 2155/2155 2154/2154 2150/2150
f 1430/1430 2155/2155 1446/1446
f 2127/2127 2154/2154 2156/2156
f 2156/2156 2154/2154 2155/2155
f 2125/2125 2127/2127 2156/2156
f 2155/2155 1430/1430 2157/2157
f 2157/2157 2156/2156 2155/2155
f 2157/2157 1430/1430 1431/1431
f 2158/2158 2125/2125 2156/2156
f 2157/2157 2158/2158 2156/2156
f 2123/2123 2125/2125 2158/2158
f 1431/1431 2159/2159 2157/2157
f 2159/2159 2158/2158 2157/2157
f 2159/2159 1431/1431 1416/1416
f 2123/2123 2158/2158 2160/2160
f 2159/2159 2160/2160 2158/2158
f 2159/2159 1416/1416 2161/2161
f 1422/1422 2161/2161 1416/1416
f 2162/2162 2123/2123 2160/2160
f 2123/2123 2162/2162 2118/2118
f 2160/2160 2159/2159 2163/2163
f 2163/2163 2159/2159 2161/2161
f 2162/2162 2160/2160 2164/2164
f 2118/2118 2162/2162 2164/2164
f 2164/2164 2160/2160 2163/2163
f 1422/1422 2165/2165 2161/2161
f 2165/2165 1422/1422 1426/1426
f 2118/2118 2164/2164 2166/2166
f 2166/2166 2164/2164 2163/2163
f 2161/2161 2167/2167 2163/2163
f 2161/2161 2165/2165 2167/2167
f 2167/2167 2166/2166 2163/2163
f 2165/2165 2166/2166 2167/2167
f 2168/2168 2165/2165 1426/1426
f 2166/2166 2165/2165 2168/2168
f 2118/2118 2166/2166 2169/2169
f 2169/2169 2166/2166 2168/2168
f 2169/2169 2113/2113 2118/2118
f 2170/2170 2168/2168 1426/1426
f 2170/2170 1426/1426 1423/1423
f 2171/2171 2169/2169 2168/2168
f 2171/2171 2168/2168 2170/2170
f 2172/2172 2171/2171 2170/2170
f 2173/2173 2170/2170 1423/1423
f 2172/2172 2170/2170 2173/2173
f 1423/1423 1427/1427 2173/2173
f 2174/2174 2169/2169 2171/2171
f 2174/2174 2171/2171 2172/2172
f 2175/2175 2174/2174 2172/2172
f 2176/2176 2169/2169 2174/2174
f 2113/2113 2169/2169 2176/2176
f 2174/2174 2175/2175 2176/2176
f 1427/1427 2177/2177 2173/2173
f 2177/2177 2172/2172 2173/2173
f 2113/2113 2176/2176 2178/2178
f 2175/2175 2178/2178 2176/2176
f 2113/2113 2178/2178 2179/2179
f 2111/2111 2113/2113 2179/2179
f 2180/2180 2177/2177 1427/1427
f 1402/1402 2180/2180 1427/1427
f 2178/2178 2175/2175 2181/2181
f 2181/2181 2179/2179 2178/2178
f 2182/2182 2111/2111 2179/2179
f 2182/2182 2117/2117 2111/2111
f 2180/2180 1402/1402 2183/2183
f 1401/1401 2183/2183 1402/1402
f 2179/2179 2181/2181 2184/2184
f 2184/2184 2182/2182 2179/2179
f 2185/2185 2177/2177 2180/2180
f 2186/2186 2180/2180 2183/2183
f 2186/2186 2185/2185 2180/2180
f 2187/2187 2177/2177 2185/2185
f 2187/2187 2172/2172 2177/2177
f 2187/2187 2188/2188 2172/2172
f 2175/2175 2172/2172 2188/2188
f 2189/2189 2175/2175 2188/2188
f 2187/2187 2189/2189 2188/2188
f 2175/2175 2190/2190 2181/2181
f 2190/2190 2175/2175 2189/2189
f 2181/2181 2190/2190 2191/2191
f 2184/2184 2181/2181 2191/2191
f 2191/2191 2192/2192 2184/2184
f 2193/2193 2191/2191 2190/2190
f 2189/2189 2193/2193 2190/2190
f 2192/2192 2191/2191 2193/2193
f 2187/2187 2194/2194 2189/2189
f 2193/2193 2189/2189 2194/2194
f 2185/2185 2195/2195 2187/2187
f 2195/2195 2194/2194 2187/2187
f 2184/2184 2192/2192 2196/2196
f 2182/2182 2184/2184 2196/2196
f 2197/2197 2182/2182 2196/2196
f 2192/2192 2197/2197 2196/2196
f 2117/2117 2182/2182 2197/2197
f 2117/2117 2197/2197 2198/2198
f 2199/2199 2198/2198 2197/2197
f 2116/2116 2117/2117 2198/2198
f 2116/2116 2198/2198 2199/2199
f 2192/2192 2200/2200 2197/2197
f 2200/2200 2199/2199 2197/2197
f 2201/2201 2200/2200 2192/2192
f 2199/2199 2200/2200 2201/2201
f 2192/2192 2193/2193 2202/2202
f 2201/2201 2192/2192 2202/2202
f 2193/2193 2194/2194 2203/2203
f 2202/2202 2193/2193 2203/2203
f 2194/2194 2195/2195 2204/2204
f 2204/2204 2203/2203 2194/2194
f 2116/2116 2199/2199 2205/2205
f 2205/2205 2104/2104 2116/2116
f 2205/2205 2206/2206 2104/2104
f 2205/2205 2199/2199 2206/2206
f 2206/2206 2067/2067 2104/2104
f 2199/2199 2207/2207 2206/2206
f 2199/2199 2201/2201 2207/2207
f 2067/2067 2206/2206 2208/2208
f 2206/2206 2207/2207 2208/2208
f 2208/2208 2064/2064 2067/2067
f 2207/2207 2201/2201 2209/2209
f 2207/2207 2209/2209 2208/2208
f 2202/2202 2210/2210 2201/2201
f 2201/2201 2210/2210 2209/2209
f 2211/2211 2202/2202 2203/2203
f 2211/2211 2210/2210 2202/2202
f 2203/2203 2204/2204 2212/2212
f 2211/2211 2203/2203 2212/2212
f 2213/2213 2210/2210 2211/2211
f 2210/2210 2213/2213 2209/2209
f 2212/2212 2204/2204 2214/2214
f 2214/2214 2204/2204 2195/2195
f 2215/2215 2214/2214 2195/2195
f 2211/2211 2216/2216 2213/2213
f 2211/2211 2212/2212 2216/2216
f 2195/2195 2217/2217 2215/2215
f 2217/2217 2195/2195 2185/2185
f 2185/2185 2218/2218 2217/2217
f 2217/2217 2218/2218 2215/2215
f 2218/2218 2185/2185 2186/2186
f 2218/2218 2186/2186 2219/2219
f 2218/2218 2219/2219 2215/2215
f 2186/2186 2183/2183 2219/2219
f 2209/2209 2213/2213 2220/2220
f 2213/2213 2216/2216 2221/2221
f 2220/2220 2213/2213 2221/2221
f 2209/2209 2220/2220 2222/2222
f 2208/2208 2209/2209 2222/2222
f 2222/2222 2223/2223 2208/2208
f 2223/2223 2064/2064 2208/2208
f 2224/2224 2064/2064 2223/2223
f 2224/2224 2223/2223 2222/2222
f 2064/2064 2224/2224 2065/2065
f 2225/2225 2222/2222 2220/2220
f 2222/2222 2225/2225 2224/2224
f 2226/2226 2220/2220 2221/2221
f 2226/2226 2225/2225 2220/2220
f 2227/2227 2065/2065 2224/2224
f 2065/2065 2227/2227 2053/2053
f 2227/2227 2224/2224 2228/2228
f 2227/2227 2228/2228 2053/2053
f 2228/2228 2224/2224 2225/2225
f 2053/2053 2228/2228 2229/2229
f 2229/2229 2228/2228 2225/2225
f 2010/2010 2053/2053 2229/2229
f 2226/2226 2221/2221 2230/2230
f 2221/2221 2216/2216 2230/2230
f 2231/2231 2225/2225 2226/2226
f 2225/2225 2231/2231 2229/2229
f 2231/2231 2226/2226 2230/2230
f 2232/2232 2010/2010 2229/2229
f 2231/2231 2232/2232 2229/2229
f 2233/2233 2231/2231 2230/2230
f 2232/2232 2231/2231 2233/2233
f 2010/2010 2232/2232 2234/2234
f 2234/2234 2232/2232 2233/2233
f 2234/2234 1992/1992 2010/2010
f 2216/2216 2235/2235 2230/2230
f 2230/2230 2235/2235 2233/2233
f 2236/2236 1992/1992 2234/2234
f 1990/1990 1992/1992 2236/2236
f 2233/2233 2237/2237 2234/2234
f 2236/2236 2234/2234 2237/2237
f 2235/2235 2237/2237 2233/2233
f 2237/2237 2238/2238 2236/2236
f 1990/1990 2236/2236 2238/2238
f 2237/2237 2235/2235 2238/2238
f 2235/2235 2216/2216 2239/2239
f 2216/2216 2212/2212 2239/2239
f 2239/2239 2240/2240 2235/2235
f 2235/2235 2240/2240 2238/2238
f 2240/2240 2241/2241 2238/2238
f 1990/1990 2238/2238 2242/2242
f 2238/2238 2241/2241 2242/2242
f 1985/1985 1990/1990 2242/2242
f 2243/2243 2239/2239 2212/2212
f 2239/2239 2243/2243 2240/2240
f 2240/2240 2243/2243 2241/2241
f 2214/2214 2243/2243 2212/2212
f 2214/2214 2244/2244 2243/2243
f 2244/2244 2241/2241 2243/2243
f 2215/2215 2244/2244 2214/2214
f 2245/2245 1985/1985 2242/2242
f 1981/1981 1985/1985 2245/2245
f 1981/1981 2245/2245 2246/2246
f 1981/1981 2246/2246 1989/1989
f 2242/2242 2247/2247 2245/2245
f 2246/2246 2245/2245 2247/2247
f 2241/2241 2248/2248 2242/2242
f 2247/2247 2242/2242 2248/2248
f 2241/2241 2244/2244 2249/2249
f 2244/2244 2215/2215 2250/2250
f 2244/2244 2250/2250 2249/2249
f 2241/2241 2251/2251 2248/2248
f 2249/2249 2251/2251 2241/2241
f 2252/2252 2247/2247 2248/2248
f 2251/2251 2252/2252 2248/2248
f 2247/2247 2253/2253 2246/2246
f 2247/2247 2252/2252 2253/2253
f 2249/2249 2254/2254 2251/2251
f 2251/2251 2254/2254 2252/2252
f 2254/2254 2249/2249 2255/2255
f 2249/2249 2250/2250 2255/2255
f 2250/2250 2215/2215 2256/2256
f 2215/2215 2219/2219 2256/2256
f 2257/2257 2252/2252 2254/2254
f 2255/2255 2257/2257 2254/2254
f 2258/2258 2250/2250 2256/2256
f 2258/2258 2255/2255 2250/2250
f 2219/2219 2259/2259 2256/2256
f 2259/2259 2258/2258 2256/2256
f 2259/2259 2219/2219 2183/2183
f 2259/2259 2183/2183 2260/2260
f 1401/1401 2260/2260 2183/2183
f 2259/2259 2261/2261 2258/2258
f 2261/2261 2259/2259 2260/2260
f 2258/2258 2262/2262 2255/2255
f 2262/2262 2258/2258 2261/2261
f 2263/2263 2260/2260 1401/1401
f 1401/1401 1407/1407 2263/2263
f 2264/2264 2260/2260 2263/2263
f 2261/2261 2260/2260 2264/2264
f 1407/1407 2264/2264 2263/2263
f 2264/2264 2265/2265 2261/2261
f 2261/2261 2265/2265 2262/2262
f 1407/1407 2266/2266 2264/2264
f 2265/2265 2264/2264 2266/2266
f 2266/2266 1407/1407 1412/1412
f 2266/2266 1412/1412 2267/2267
f 2267/2267 2265/2265 2266/2266
f 2267/2267 2268/2268 2265/2265
f 1412/1412 1414/1414 2267/2267
f 2268/2268 2267/2267 1414/1414
f 2262/2262 2269/2269 2255/2255
f 2255/2255 2269/2269 2257/2257
f 2265/2265 2270/2270 2262/2262
f 2265/2265 2268/2268 2270/2270
f 2270/2270 2269/2269 2262/2262
f 2268/2268 1414/1414 2271/2271
f 1414/1414 1413/1413 2271/2271
f 1413/1413 2272/2272 2271/2271
f 2272/2272 2268/2268 2271/2271
f 1413/1413 1348/1348 2272/2272
f 2273/2273 2269/2269 2270/2270
f 2268/2268 2274/2274 2270/2270
f 2273/2273 2270/2270 2274/2274
f 2273/2273 2275/2275 2269/2269
f 2257/2257 2269/2269 2275/2275
f 2276/2276 2268/2268 2272/2272
f 2276/2276 2274/2274 2268/2268
f 2277/2277 2276/2276 2272/2272
f 2276/2276 2277/2277 2274/2274
f 2272/2272 1348/1348 2278/2278
f 2278/2278 2277/2277 2272/2272
f 1348/1348 2279/2279 2278/2278
f 2278/2278 2279/2279 2277/2277
f 2279/2279 1348/1348 1337/1337
f 2273/2273 2274/2274 2280/2280
f 2275/2275 2273/2273 2280/2280
f 2274/2274 2277/2277 2281/2281
f 2274/2274 2281/2281 2280/2280
f 2279/2279 1337/1337 2282/2282
f 2282/2282 1337/1337 1330/1330
f 2282/2282 1330/1330 2283/2283
f 2283/2283 1330/1330 1332/1332
f 2284/2284 2279/2279 2282/2282
f 2284/2284 2282/2282 2283/2283
f 2277/2277 2279/2279 2285/2285
f 2284/2284 2285/2285 2279/2279
f 2277/2277 2285/2285 2286/2286
f 2281/2281 2277/2277 2286/2286
f 2286/2286 2285/2285 2284/2284
f 2287/2287 2286/2286 2284/2284
f 2288/2288 2284/2284 2283/2283
f 2288/2288 2283/2283 1332/1332
f 2287/2287 2284/2284 2288/2288
f 2281/2281 2286/2286 2289/2289
f 2280/2280 2281/2281 2289/2289
f 2286/2286 2287/2287 2289/2289
f 2290/2290 2289/2289 2287/2287
f 2288/2288 1332/1332 2291/2291
f 2292/2292 2287/2287 2288/2288
f 2292/2292 2288/2288 2291/2291
f 1332/1332 2293/2293 2291/2291
f 2293/2293 1332/1332 1324/1324
f 2291/2291 2293/2293 2294/2294
f 2292/2292 2291/2291 2294/2294
f 2293/2293 1324/1324 2295/2295
f 2295/2295 2294/2294 2293/2293
f 1324/1324 1322/1322 2295/2295
f 2295/2295 1322/1322 2296/2296
f 2296/2296 2294/2294 2295/2295
f 2296/2296 1322/1322 1316/1316
f 2297/2297 2292/2292 2294/2294
f 2296/2296 2297/2297 2294/2294
f 2287/2287 2292/2292 2298/2298
f 2292/2292 2297/2297 2298/2298
f 2296/2296 1316/1316 2299/2299
f 1313/1313 2299/2299 1316/1316
f 2300/2300 2287/2287 2298/2298
f 2300/2300 2290/2290 2287/2287
f 2301/2301 2296/2296 2299/2299
f 2297/2297 2296/2296 2301/2301
f 2302/2302 2298/2298 2297/2297
f 2302/2302 2300/2300 2298/2298
f 2303/2303 2301/2301 2299/2299
f 2299/2299 1313/1313 2303/2303
f 2303/2303 1313/1313 2304/2304
f 1313/1313 2305/2305 2304/2304
f 1321/1321 2305/2305 1313/1313
f 2306/2306 2297/2297 2301/2301
f 2303/2303 2306/2306 2301/2301
f 2306/2306 2302/2302 2297/2297
f 1321/1321 2307/2307 2305/2305
f 2304/2304 2305/2305 2307/2307
f 2307/2307 1321/1321 2308/2308
f 2309/2309 2307/2307 2308/2308
f 2310/2310 2306/2306 2303/2303
f 2304/2304 2310/2310 2303/2303
f 2304/2304 2311/2311 2310/2310
f 2310/2310 2312/2312 2306/2306
f 2312/2312 2302/2302 2306/2306
f 2311/2311 2312/2312 2310/2310
f 2309/2309 2313/2313 2307/2307
f 2313/2313 2304/2304 2307/2307
f 2313/2313 2309/2309 2314/2314
f 2304/2304 2313/2313 2314/2314
f 2315/2315 2314/2314 2309/2309
f 2316/2316 2311/2311 2304/2304
f 2304/2304 2314/2314 2316/2316
f 2315/2315 2317/2317 2314/2314
f 2315/2315 2318/2318 2317/2317
f 2317/2317 2318/2318 1963/1963
f 2314/2314 2319/2319 2316/2316
f 2314/2314 2317/2317 2319/2319
f 2319/2319 2311/2311 2316/2316
f 2317/2317 1963/1963 2320/2320
f 2319/2319 2317/2317 2320/2320
f 2311/2311 2319/2319 2320/2320
f 1963/1963 1957/1957 2320/2320
f 2311/2311 2320/2320 2321/2321
f 2321/2321 2320/2320 1957/1957
f 2312/2312 2311/2311 2322/2322
f 2322/2322 2311/2311 2321/2321
f 2323/2323 2321/2321 1957/1957
f 2323/2323 1957/1957 1964/1964
f 2324/2324 2312/2312 2322/2322
f 2312/2312 2324/2324 2302/2302
f 2325/2325 2322/2322 2321/2321
f 2324/2324 2322/2322 2325/2325
f 2325/2325 2321/2321 2323/2323
f 2324/2324 2326/2326 2302/2302
f 2326/2326 2324/2324 2325/2325
f 2302/2302 2326/2326 2300/2300
f 2326/2326 2290/2290 2300/2300
f 2327/2327 2326/2326 2325/2325
f 2327/2327 2325/2325 2323/2323
f 2327/2327 2328/2328 2326/2326
f 2328/2328 2327/2327 2323/2323
f 2326/2326 2328/2328 2290/2290
f 2329/2329 2323/2323 1964/1964
f 2328/2328 2323/2323 2329/2329
f 1964/1964 1967/1967 2329/2329
f 2330/2330 2328/2328 2329/2329
f 2328/2328 2331/2331 2290/2290
f 2332/2332 2329/2329 1967/1967
f 2330/2330 2329/2329 2332/2332
f 2333/2333 2330/2330 2332/2332
f 1989/1989 2332/2332 1967/1967
f 2334/2334 2333/2333 2332/2332
f 2335/2335 2290/2290 2331/2331
f 2331/2331 2336/2336 2335/2335
f 2335/2335 2336/2336 2334/2334
f 2332/2332 1989/1989 2337/2337
f 2334/2334 2332/2332 2337/2337
f 2290/2290 2335/2335 2338/2338
f 2290/2290 2338/2338 2289/2289
f 2338/2338 2339/2339 2289/2289
f 2338/2338 2335/2335 2339/2339
f 2280/2280 2289/2289 2339/2339
f 2335/2335 2334/2334 2340/2340
f 2340/2340 2339/2339 2335/2335
f 2334/2334 2337/2337 2340/2340
f 2341/2341 2280/2280 2339/2339
f 2339/2339 2340/2340 2341/2341
f 2275/2275 2280/2280 2341/2341
f 1989/1989 2342/2342 2337/2337
f 2342/2342 1989/1989 2246/2246
f 2342/2342 2246/2246 2253/2253
f 2342/2342 2343/2343 2337/2337
f 2343/2343 2340/2340 2337/2337
f 2343/2343 2342/2342 2253/2253
f 2275/2275 2341/2341 2344/2344
f 2257/2257 2275/2275 2344/2344
f 2340/2340 2345/2345 2341/2341
f 2340/2340 2343/2343 2345/2345
f 2341/2341 2345/2345 2344/2344
f 2343/2343 2253/2253 2346/2346
f 2345/2345 2343/2343 2346/2346
f 2344/2344 2345/2345 2346/2346
f 2257/2257 2344/2344 2346/2346
f 2252/2252 2346/2346 2253/2253
f 2252/2252 2257/2257 2346/2346
f 2349/2349 2348/2348 2347/2347
f 2350/2350 2348/2348 2349/2349
f 2351/2351 2350/2350 2349/2349
f 2350/2350 2351/2351 2352/2352
f 2351/2351 2353/2353 2352/2352
f 2352/2352 2353/2353 2354/2354
f 2354/2354 2355/2355 2352/2352
f 2355/2355 2354/2354 2356/2356
f 2356/2356 2354/2354 2357/2357
f 2358/2358 2357/2357 2354/2354
f 2359/2359 2357/2357 2358/2358
f 2358/2358 2360/2360 2359/2359
f 2361/2361 2359/2359 2360/2360
f 2360/2360 2362/2362 2361/2361
f 2365/2365 2364/2364 2363/2363
f 2366/2366 2363/2363 2364/2364
f 2367/2367 2363/2363 2366/2366
f 2367/2367 2366/2366 2368/2368
f 2369/2369 2367/2367 2368/2368
f 2370/2370 2369/2369 2368/2368
f 2371/2371 2370/2370 2368/2368
f 2372/2372 2370/2370 2371/2371
f 2373/2373 2372/2372 2371/2371
f 2374/2374 2372/2372 2373/2373
f 2374/2374 2375/2375 2372/2372
f 2376/2376 2375/2375 2374/2374
f 2375/2375 2376/2376 2377/2377
f 2378/2378 1463/1463 1455/1455
f 1455/1455 2153/2153 2378/2378
f 2379/2379 1463/1463 2378/2378
f 1463/1463 2379/2379 1459/1459
f 2379/2379 2380/2380 1459/1459
f 2378/2378 2380/2380 2379/2379
f 2381/2381 2378/2378 2153/2153
f 2381/2381 2153/2153 2148/2148
f 2381/2381 2148/2148 1668/1668
f 2380/2380 2382/2382 1459/1459
f 2382/2382 1465/1465 1459/1459
f 2378/2378 2383/2383 2380/2380
f 2381/2381 2383/2383 2378/2378
f 2383/2383 2382/2382 2380/2380
f 2384/2384 2381/2381 1668/1668
f 1653/1653 2384/2384 1668/1668
f 2385/2385 2381/2381 2384/2384
f 2385/2385 2384/2384 1653/1653
f 2381/2381 2385/2385 2383/2383
f 1657/1657 2385/2385 1653/1653
f 2385/2385 2386/2386 2383/2383
f 2383/2383 2386/2386 2382/2382
f 2385/2385 1657/1657 2386/2386
f 2382/2382 2387/2387 1465/1465
f 2387/2387 2382/2382 2386/2386
f 2387/2387 1468/1468 1465/1465
f 1657/1657 2388/2388 2386/2386
f 2387/2387 2386/2386 2388/2388
f 1657/1657 1652/1652 2388/2388
f 2387/2387 2389/2389 1468/1468
f 2389/2389 2387/2387 2388/2388
f 1652/1652 2390/2390 2388/2388
f 2388/2388 2390/2390 2389/2389
f 1652/1652 1647/1647 2390/2390
f 2390/2390 1647/1647 2391/2391
f 2389/2389 2390/2390 2391/2391
f 2389/2389 2392/2392 1468/1468
f 2392/2392 1470/1470 1468/1468
f 1647/1647 2393/2393 2391/2391
f 1647/1647 1577/1577 2393/2393
f 2394/2394 2389/2389 2391/2391
f 2389/2389 2394/2394 2392/2392
f 2394/2394 2391/2391 2393/2393
f 2392/2392 2395/2395 1470/1470
f 2394/2394 2395/2395 2392/2392
f 2395/2395 1562/1562 1470/1470
f 2393/2393 1577/1577 2396/2396
f 2394/2394 2393/2393 2396/2396
f 2395/2395 2394/2394 2396/2396
f 1577/1577 1563/1563 2396/2396
f 2395/2395 2396/2396 1563/1563
f 1563/1563 1562/1562 2397/2397
f 2395/2395 1563/1563 2397/2397
f 2395/2395 2397/2397 1562/1562
f 2400/2400 2399/2399 2398/2398
f 2398/2398 2401/2401 2400/2400
f 2402/2402 2399/2399 2400/2400
f 2401/2401 2403/2403 2400/2400
f 2402/2402 2400/2400 2404/2404
f 2405/2405 2403/2403 2401/2401
f 2406/2406 2402/2402 2404/2404
f 2405/2405 2407/2407 2403/2403
f 2405/2405 2408/2408 2407/2407
f 2406/2406 2404/2404 2409/2409
f 2408/2408 2410/2410 2407/2407
f 2408/2408 2411/2411 2410/2410
f 2412/2412 2410/2410 2411/2411
f 2413/2413 2406/2406 2409/2409
f 2409/2409 2414/2414 2413/2413
f 2409/2409 2415/2415 2414/2414
f 2412/2412 2416/2416 2410/2410
f 2412/2412 2417/2417 2416/2416
f 2416/2416 2417/2417 2418/2418
f 2409/2409 2419/2419 2415/2415
f 2419/2419 2420/2420 2415/2415
f 2420/2420 2419/2419 2421/2421
f 2421/2421 2419/2419 2422/2422
f 2423/2423 2421/2421 2422/2422
f 2418/2418 2424/2424 2416/2416
f 2418/2418 2425/2425 2424/2424
f 2424/2424 2425/2425 2426/2426
f 2423/2423 2422/2422 2427/2427
f 2426/2426 2428/2428 2424/2424
f 2426/2426 2429/2429 2428/2428
f 2430/2430 2428/2428 2429/2429
f 2423/2423 2427/2427 2431/2431
f 2432/2432 2431/2431 2427/2427
f 2433/2433 2432/2432 2427/2427
f 2430/2430 2434/2434 2428/2428
f 2430/2430 2435/2435 2434/2434
f 2435/2435 2436/2436 2434/2434
f 2433/2433 2427/2427 2437/2437
f 2437/2437 2438/2438 2433/2433
f 2437/2437 2439/2439 2438/2438
f 2440/2440 2434/2434 2436/2436
f 2440/2440 2436/2436 2441/2441
f 2440/2440 2441/2441 2442/2442
f 2437/2437 2443/2443 2439/2439
f 2444/2444 2439/2439 2443/2443
f 2445/2445 2444/2444 2443/2443
f 2442/2442 2446/2446 2440/2440
f 2445/2445 2443/2443 2447/2447
f 2445/2445 2447/2447 2448/2448
f 2449/2449 2448/2448 2447/2447
f 2449/2449 2447/2447 2450/2450
f 2450/2450 2451/2451 2449/2449
f 2442/2442 2452/2452 2446/2446
f 2452/2452 2453/2453 2446/2446
f 2454/2454 2446/2446 2453/2453
f 2454/2454 2455/2455 2446/2446
f 2454/2454 2456/2456 2455/2455
f 2450/2450 2457/2457 2451/2451
f 2458/2458 2451/2451 2457/2457
f 2457/2457 2459/2459 2458/2458
f 2456/2456 2460/2460 2455/2455
f 2461/2461 2460/2460 2456/2456
f 2460/2460 2461/2461 2462/2462
f 2457/2457 2463/2463 2459/2459
f 2464/2464 2459/2459 2463/2463
f 2464/2464 2463/2463 2465/2465
f 2465/2465 2463/2463 2466/2466
f 2467/2467 2465/2465 2466/2466
f 2467/2467 2466/2466 2468/2468
f 2469/2469 2467/2467 2468/2468
f 2469/2469 2468/2468 2470/2470
f 2471/2471 2469/2469 2470/2470
f 2472/2472 2460/2460 2462/2462
f 2472/2472 2462/2462 2473/2473
f 2472/2472 2473/2473 2474/2474
f 2474/2474 2475/2475 2472/2472
f 2474/2474 2476/2476 2475/2475
f 2471/2471 2470/2470 2477/2477
f 2478/2478 2471/2471 2477/2477
f 2477/2477 2479/2479 2478/2478
f 2476/2476 2480/2480 2475/2475
f 2477/2477 2480/2480 2479/2479
f 2481/2481 2480/2480 2476/2476
f 2481/2481 2479/2479 2480/2480
