v 0.0087942883 0.0182285854 0.0318662554
v 0.00852343715 0.0181371717 0.0240002133
v 0.00837347963 0.0184870012 0.0315002224
v 0.00888262624 -0.0295078898 0.0314993173
v 0.00838253144 -0.0290079821 0.0314993376
v 0.00888253816 -0.0290078976 0.0319993269
v 0.00838053109 -0.018512809 0.0314995297
v 0.00849575531 -0.0182434167 0.0239995337
v 0.00880122111 -0.0181466945 0.0317580241
v 0.0412466363 -0.0102464219 0.015299207
v 0.0423561028 -0.00349734721 0.0152993176
v 0.0423559282 -0.00349712275 0.00329931718
v 0.0412464616 -0.0102461978 0.00329920695
v 0.0390689078 -0.0167301283 0.0152991182
v 0.0390687361 -0.0167299028 0.00329911745
v 0.0358793264 -0.0227805399 0.0152990513
v 0.0358791518 -0.0227803144 0.00329905088
v 0.0317604946 -0.0282409544 0.0152990091
v 0.0317603171 -0.0282407274 0.00329900904
v 0.0268190837 -0.0329699489 0.0152989916
v 0.0268189062 -0.0329697248 0.00329899231
v 0.0211830807 -0.0368450488 0.0152990018
v 0.0211829046 -0.0368448218 0.00329900213
v 0.0149984515 -0.0397658836 0.0152990382
v 0.0149982754 -0.0397656624 0.00329903778
v 0.00842537775 -0.0416568153 0.0152990979
v 0.00842520313 -0.0416565941 0.00329909853
v 0.00163409685 -0.0424688681 0.0152991823
v 0.00163392186 -0.042468644 0.00329918221
v -0.00519950112 -0.0421809998 0.015299287
v -0.00519967648 -0.0421807757 0.00329928735
v -0.0118984281 -0.0408006755 0.0152994107
v -0.0118986035 -0.0408004514 0.00329941067
v -0.0182891886 -0.0383636465 0.015299549
v -0.0182893632 -0.0383634253 0.00329954928
v -0.024206261 -0.0349330242 0.0152997003
v -0.0242064356 -0.0349327972 0.00329969989
v -0.0294963977 -0.0305976599 0.0152998575
v -0.0294965723 -0.0305974358 0.00329985778
v -0.034022588 -0.0254698418 0.0153000205
v -0.0340227627 -0.0254696177 0.00330002003
v -0.0376676076 -0.0196823752 0.015300182
v -0.0376677822 -0.0196821511 0.0033001812
v -0.0403370435 -0.013385152 0.0153003377
v -0.0403372181 -0.0133849279 0.00330033763
v -0.0419617741 -0.00674126862 0.0153004861
v -0.0419619487 -0.00674104452 0.0033004857
v -0.0424997066 7.72025338e-05 0.0153006215
v -0.0424998812 7.74269004e-05 0.00330062103
v -0.0419369119 0.00689366786 0.0153007408
v -0.0419370865 0.00689389196 0.00330074035
v -0.0402879709 0.0135315823 0.0153008412
v -0.0402881456 0.0135318064 0.0033008404
v -0.0375955849 0.0198190286 0.0153009183
v -0.0375957566 0.0198192527 0.00330091862
v -0.0339294864 0.0255931663 0.0153009736
v -0.0339296611 0.0255933904 0.00330097319
v -0.0293846269 0.0307044454 0.0153010027
v -0.0293848044 0.0307046695 0.00330100265
v -0.0240787167 0.0350204887 0.0153010056
v -0.0240788913 0.0350207128 0.00330100556
v -0.0181491724 0.0384295111 0.0153009838
v -0.018149347 0.0384297352 0.00330098301
v -0.0117495699 0.0408432203 0.0153009343
v -0.0117497453 0.0408434473 0.00330093499
v -0.00504565365 0.0421991102 0.0153008616
v -0.00504582827 0.0421993343 0.00330086259
v 0.00178894854 0.0424620551 0.0153007684
v 0.00178877355 0.0424622763 0.00330076764
v 0.00857722407 0.0416252449 0.0153006535
v 0.00857704872 0.041625469 0.00330065341
v 0.0151433583 0.039710359 0.015300521
v 0.0151431837 0.0397105831 0.00330052171
v 0.0213172939 0.0367669873 0.015300377
v 0.0213171192 0.0367672114 0.00330037656
v 0.0269391283 0.0328713644 0.0153002213
v 0.0269389537 0.0328715856 0.00330022194
v 0.0318632611 0.0281243788 0.0153000612
v 0.0318630865 0.0281246029 0.00330006114
v 0.0359621549 0.0226489794 0.0152998997
v 0.0359619802 0.022649205 0.00329989925
v 0.0391296562 0.0165869793 0.0152997396
v 0.0391294816 0.0165872034 0.00329973955
v 0.0412837244 0.0100953752 0.0152995868
v 0.0412835498 0.0100956 0.00329958675
v 0.0423685761 0.00334229996 0.0152994442
v 0.0423683986 0.00334252443 0.00329944451
v 0.0423561028 -0.00349734721 0.0152993176
v 0.0423559282 -0.00349712275 0.00329931718
v 0.0213172939 0.0367669873 0.015300377
v 0.0269391283 0.0328713644 0.0153002213
v 0.0151433583 0.039710359 0.015300521
v -0.0339294864 0.0255931663 0.0153009736
v -0.0117495699 0.0408432203 0.0153009343
v 0.00857722407 0.0416252449 0.0153006535
v 0.00178894854 0.0424620551 0.0153007684
v -0.00504565365 0.0421991102 0.0153008616
v -0.0181491724 0.0384295111 0.0153009838
v -0.0293846269 0.0307044454 0.0153010027
v -0.0240787167 0.0350204887 0.0153010056
v -0.0375955849 0.0198190286 0.0153009183
v 0.0359621549 0.0226489794 0.0152998997
v 0.0318632611 0.0281243788 0.0153000612
v 0.0391296562 0.0165869793 0.0152997396
v -0.0402879709 0.0135315823 0.0153008412
v 0.0412837244 0.0100953752 0.0152995868
v -0.0419369119 0.00689366786 0.0153007408
v 0.0423685761 0.00334229996 0.0152994442
v -0.0424997066 7.72025338e-05 0.0153006215
v 0.0423561028 -0.00349734721 0.0152993176
v -0.0419617741 -0.00674126862 0.0153004861
v 0.0412466363 -0.0102464219 0.015299207
v -0.0403370435 -0.013385152 0.0153003377
v 0.0390689078 -0.0167301283 0.0152991182
v -0.034022588 -0.0254698418 0.0153000205
v -0.0376676076 -0.0196823752 0.015300182
v 0.0268190837 -0.0329699489 0.0152989916
v 0.0358793264 -0.0227805399 0.0152990513
v 0.0317604946 -0.0282409544 0.0152990091
v 0.0149984515 -0.0397658836 0.0152990382
v 0.0211830807 -0.0368450488 0.0152990018
v -0.0118984281 -0.0408006755 0.0152994107
v -0.0294963977 -0.0305976599 0.0152998575
v -0.024206261 -0.0349330242 0.0152997003
v -0.0182891886 -0.0383636465 0.015299549
v 0.00842537775 -0.0416568153 0.0152990979
v -0.00519950112 -0.0421809998 0.015299287
v 0.00163409685 -0.0424688681 0.0152991823
v 0.00163392186 -0.042468644 0.00329918221
v 0.00842520313 -0.0416565941 0.00329909853
v -0.00519967648 -0.0421807757 0.00329928735
v -0.0118986035 -0.0408004514 0.00329941067
v 0.0149982754 -0.0397656624 0.00329903778
v 0.0211829046 -0.0368448218 0.00329900213
v -0.0242064356 -0.0349327972 0.00329969989
v -0.0182893632 -0.0383634253 0.00329954928
v -0.0294965723 -0.0305974358 0.00329985778
v 0.0268189062 -0.0329697248 0.00329899231
v 0.0317603171 -0.0282407274 0.00329900904
v -0.0340227627 -0.0254696177 0.00330002003
v 0.0358791518 -0.0227803144 0.00329905088
v -0.0376677822 -0.0196821511 0.0033001812
v 0.0390687361 -0.0167299028 0.00329911745
v -0.0403372181 -0.0133849279 0.00330033763
v 0.0412464616 -0.0102461978 0.00329920695
v -0.0419619487 -0.00674104452 0.0033004857
v 0.0423559282 -0.00349712275 0.00329931718
v -0.0424998812 7.74269004e-05 0.00330062103
v -0.0419370865 0.00689389196 0.00330074035
v 0.0412835498 0.0100956 0.00329958675
v 0.0423683986 0.00334252443 0.00329944451
v -0.0402881456 0.0135318064 0.0033008404
v 0.0391294816 0.0165872034 0.00329973955
v -0.0375957566 0.0198192527 0.00330091862
v 0.0359619802 0.022649205 0.00329989925
v -0.0339296611 0.0255933904 0.00330097319
v 0.0318630865 0.0281246029 0.00330006114
v -0.0293848044 0.0307046695 0.00330100265
v -0.0240788913 0.0350207128 0.00330100556
v 0.0213171192 0.0367672114 0.00330037656
v 0.0269389537 0.0328715856 0.00330022194
v -0.018149347 0.0384297352 0.00330098301
v 0.0151431837 0.0397105831 0.00330052171
v 0.00178877355 0.0424622763 0.00330076764
v 0.00857704872 0.041625469 0.00330065341
v -0.0117497453 0.0408434473 0.00330093499
v -0.00504582827 0.0421993343 0.00330086259
v -0.0199225192 -0.000795313931 0.0540173496
v -0.0199230622 0.00204312281 0.0537878717
v -0.015122816 0.000776694602 0.0540173438
v -0.0151235658 0.00462419061 0.0529103621
v -0.0199236271 0.00492809203 0.0527452095
v -0.0151241772 0.00764242081 0.0505054195
v -0.0199240595 0.00707163825 0.0510622573
v -0.0199244467 0.00891329808 0.0486089935
v -0.0151246358 0.00975594607 0.0465745397
v -0.0199246869 0.00992614558 0.0453250104
v -0.0151248512 0.010047939 0.035759242
v -0.0199248557 0.0100683782 0.0357276411
v -0.0199518903 0.0107272431 0.0331534597
v -0.01508386 0.0108086731 0.0329778064
v -0.0209459216 0.0120437555 0.0308748829
v -0.0143091699 0.0118098893 0.0312326883
v -0.0131560312 0.0128508796 0.0299884268
v -0.0230402581 0.0135579825 0.029335657
v -0.0107915102 0.0140115144 0.0289907795
v -0.0246417575 0.0139545846 0.0290100317
v -0.0199226022 -0.000656606621 0.0500110036
v -0.0151225481 -0.000938666793 0.049973675
v -0.0151231465 0.00217272222 0.0496386143
v -0.0199232005 0.00243549174 0.0495294691
v -0.0151235585 0.00423435899 0.0482429401
v -0.0199235601 0.00423344398 0.048243007
v -0.0151238307 0.00552088981 0.0464450219
v -0.0199238571 0.00562919966 0.0461814168
v -0.0151239675 0.00600253456 0.0433529378
v -0.0199239663 0.00596437284 0.0430700486
v -0.0151238467 0.00518800602 0.041000318
v -0.0199238469 0.00518709138 0.0410003879
v -0.015123605 0.00378433883 0.0392922928
v -0.0199235659 0.00355700584 0.0391186215
v -0.015123193 0.00154482036 0.0382046943
v -0.0199231946 0.00154390553 0.0382047612
v -0.0151227781 -0.000655476336 0.0379894802
v -0.0199227229 -0.000939356519 0.0380267971
v -0.0151222059 -0.0035741336 0.039118412
v -0.0199223167 -0.00300901967 0.0388040819
v -0.0199219368 -0.00489078949 0.0404341699
v -0.0151218667 -0.00520429844 0.041000123
v -0.0151216877 -0.00598165703 0.0430697517
v -0.0199216777 -0.00601982967 0.0433527806
v -0.0151216848 -0.00580378606 0.0455530244
v -0.0199216879 -0.00580470106 0.0455530942
v -0.0151218304 -0.00489001345 0.047566148
v -0.0199218626 -0.00471718733 0.0477926485
v -0.0151221652 -0.00300829929 0.0491963176
v -0.0199221669 -0.00300921412 0.0491963874
v -0.0151225481 -0.000938666793 0.049973675
v -0.0199226022 -0.000656606621 0.0500110036
v -0.0199225192 -0.000795313931 0.0540173496
v -0.015122816 0.000776694602 0.0540173438
v -0.0151220706 -0.00317543768 0.0535301398
v -0.0199218015 -0.00464458818 0.0529088895
v -0.0151214577 -0.00653753437 0.0516303291
v -0.0199213618 -0.00709373227 0.0510583865
v -0.0199210721 -0.00877074155 0.0489079102
v -0.0151210457 -0.0089341133 0.0486022735
v -0.0199209046 -0.00990337459 0.0455970119
v -0.0151209001 -0.00994380012 0.0453210989
v -0.0199210181 -0.01006427 0.0357592158
v -0.0151210136 -0.0100847063 0.0357274665
v -0.0150940619 -0.0107432947 0.0331530784
v -0.0199620821 -0.0108247277 0.0329774979
v -0.0143889284 -0.0117270543 0.0313735276
v -0.0209702838 -0.012084698 0.0308587769
v -0.0132399076 -0.0127889329 0.0300590036
v -0.0228813372 -0.0135027693 0.0293995196
v -0.0108777766 -0.0140398678 0.0289894844
v -0.0246101251 -0.0139794901 0.0290061085
v -0.007405879 -0.0116543902 0.0272876961
v -0.00722708088 0.0110413407 0.0271040801
v -0.00698609566 -0.0103142955 0.0239992471
v -0.00656298154 0.009483818 0.024000273
v -0.00762643572 0.0119869772 0.0240002104
v -0.00887417453 0.0133809859 0.0287947099
v -0.00959579968 0.0137882633 0.0240002861
v -0.0107915102 0.0140115144 0.0289907795
v -0.0248663867 0.0139163713 0.0240002788
v -0.0246417575 0.0139545846 0.0290100317
v -0.0259891804 0.0134518536 0.0289620308
v -0.0268997112 0.0127226222 0.0240006426
v -0.027735087 0.0114911015 0.0271905999
v -0.0278450995 0.0108526748 0.0240006149
v -0.0278487967 -0.0110357639 0.0270724006
v -0.0278345096 -0.0109383606 0.0239998713
v -0.0267938205 -0.0128582202 0.0240001711
v -0.0261718949 -0.0133963296 0.0287944626
v -0.0248503131 -0.0139206888 0.0239999237
v -0.0246101251 -0.0139794901 0.0290061085
v -0.0101798275 -0.013931536 0.0239995439
v -0.0108777766 -0.0140398678 0.0289894844
v -0.00905688822 -0.0134672032 0.0289612828
v -0.00814650009 -0.0127377883 0.0239998961
v -0.007405879 -0.0116543902 0.0272876961
v -0.00698609566 -0.0103142955 0.0239992471
v -0.0278487967 -0.0110357639 0.0270724006
v -0.027735087 0.0114911015 0.0271905999
v -0.0261718949 -0.0133963296 0.0287944626
v -0.0259891804 0.0134518536 0.0289620308
v -0.00722708088 0.0110413407 0.0271040801
v -0.007405879 -0.0116543902 0.0272876961
v -0.00887417453 0.0133809859 0.0287947099
v -0.00905688822 -0.0134672032 0.0289612828
v -0.0179285528 -0.0217333219 0.0264998846
v -0.0185488238 -0.0223164288 0.0264962466
v -0.0179642007 -0.020949515 0.02649987
v -0.024872982 -0.0157967712 0.0265002745
v -0.0235363581 -0.0150140817 0.026500065
v -0.0245350836 -0.0152304906 0.0265000737
v 0.00837257194 0.0228961428 0.0265003706
v 0.0080281955 0.0259371307 0.0264737901
v 0.00837140434 0.0289921045 0.0265004201
v 0.00692260491 0.027086697 0.026482789
v 0.00588488525 0.0274565483 0.0264980074
v -0.00312201503 0.0273801034 0.0265013427
v -0.00410287609 0.0287467785 0.0265009148
v -0.00957502059 0.0257696017 0.0265006209
v -0.0128646462 0.026093594 0.0265015144
v -0.0139817747 0.0236706534 0.0265006442
v -0.0179480285 0.0208256823 0.02650065
v -0.0188443043 0.022033142 0.0265006878
v -0.0235150188 0.0150024507 0.0265006238
v -0.0248723182 0.0157346141 0.0264995819
v -0.0245122572 0.0151690947 0.0265006413
v 0.0229263353 0.00594295944 0.0152996334
v 0.0224038634 0.00495547661 0.0330055191
v 0.0229272913 0.00592914785 0.0329864357
v 0.0213967808 0.00380225688 0.0153001951
v 0.0211155475 0.00369808297 0.0329997594
v 0.0140473025 0.00361080506 0.0152996101
v 0.0150363191 0.00369692447 0.0329998496
v 0.0134400249 0.00330417105 0.0330101844
v 0.0122336596 0.0018702505 0.0152995912
v 0.0120993353 0.00161054701 0.0330276118
v 0.012123337 -0.0039938743 0.0152994908
v 0.0120497974 -0.00368801961 0.0330445502
v 0.0124390139 -0.00462136996 0.033013153
v 0.0138613255 -0.0058080094 0.0152994355
v 0.0140740774 -0.00589934848 0.0330057199
v 0.032411004 -0.00586309041 0.0152992812
v 0.03256205 -0.00579891609 0.0329710398
v 0.0342819523 -0.00405651108 0.0152992885
v 0.0342127812 -0.00411909415 0.0330020208
v 0.0343764518 0.00299694139 0.0329995528
v 0.0341682749 0.0041509117 0.0152994427
v 0.0339742426 0.00449686455 0.0329995906
v 0.032615306 0.00577365603 0.0152994966
v 0.0324919145 0.00583155445 0.0330022303
v 0.0229263353 0.00594295944 0.0152996334
v 0.0229272913 0.00592914785 0.0329864357
v 0.012098349 -0.0100649453 0.0239995905
v 0.00723880163 -0.0100133549 0.0239997069
v 0.00723909485 -0.0100127866 0.0441063108
v 0.0121449573 -0.010039911 0.0335248071
v 0.01350029 -0.0108908421 0.0239995992
v 0.0120390928 -0.00984755138 0.0460900716
v 0.0136283163 -0.0110266318 0.0334995944
v 0.00723904169 -0.00950569384 0.0471456704
v 0.0143236375 -0.0122529064 0.0239995323
v 0.0120388133 -0.00809643647 0.0498862937
v 0.0143487861 -0.0123678228 0.0334998476
v 0.00723881383 -0.00809735148 0.0498863694
v 0.0143897558 -0.0143318919 0.0239995148
v 0.0120384311 -0.00592055625 0.0520681322
v 0.0144284493 -0.0143774234 0.0335480872
v 0.00723843093 -0.00592147126 0.0520682021
v 0.0120379303 -0.00318371571 0.0534839521
v 0.0072379301 -0.00318463035 0.0534840277
v 0.0120373385 -3.60054137e-05 0.0540098583
v 0.00723732883 1.08189585e-05 0.0540099281
v 0.0146508667 -0.0155198055 0.02399964
v 0.01452422 -0.0158369921 0.0336436555
v 0.0141129669 -0.0167013105 0.0315252721
v 0.0137351235 -0.0171064009 0.0239994799
v 0.0124584812 -0.0179230661 0.023999477
v 0.0143726313 -0.0171786002 0.0320066698
v 0.0124431551 -0.0178979597 0.031477696
v 0.00880122111 -0.0181466945 0.0317580241
v 0.00849575531 -0.0182434167 0.0239995337
v 0.0143826049 -0.0307917495 0.0334176701
v 0.0143809532 -0.0296681263 0.0320000283
v 0.0143277762 -0.0303837837 0.0315420126
v 0.012037155 0.000615042388 0.0499669637
v 0.00723715488 0.000614127653 0.0499670336
v 0.00723762367 -0.00186714015 0.0497061992
v 0.0120376238 -0.00186622532 0.0497061294
v 0.00723801749 -0.00402779852 0.0484586868
v 0.0120380177 -0.00402688351 0.0484586169
v 0.00723826718 -0.00549424958 0.0464402081
v 0.0120382673 -0.00549333458 0.0464401412
v 0.00723833053 -0.00601293114 0.0439997821
v 0.0120383307 -0.00601201613 0.0439997122
v 0.00723819587 -0.00549415827 0.0415593706
v 0.0120381968 -0.00549324363 0.0415593007
v 0.00723788725 -0.0040276319 0.0395409501
v 0.0120378874 -0.00402671689 0.0395408773
v 0.00723745705 -0.00186692678 0.0382935221
v 0.0120374579 -0.00186601196 0.0382934493
v 0.00723698026 0.000614350798 0.0380327721
v 0.0120369804 0.000615265578 0.0380327023
v 0.00723653985 0.00298716559 0.0388037966
v 0.01203654 0.00298808023 0.0388037297
v 0.00723621082 0.00484123584 0.0404732738
v 0.012036211 0.00484215084 0.040473204
v 0.00723605066 0.00585597727 0.0427525345
v 0.0120360508 0.00585689155 0.0427524617
v 0.00723608704 0.0058559307 0.045247472
v 0.0120360872 0.00585684498 0.0452474022
v 0.00723631341 0.00484110414 0.0475266977
v 0.0120363136 0.00484201915 0.0475266279
v 0.00723669119 0.00298697114 0.0491961022
v 0.0120366906 0.00298788596 0.0491960323
v 0.00723715488 0.000614127653 0.0499670336
v 0.012037155 0.000615042388 0.0499669637
v 0.0120367205 0.00316125984 0.0534834282
v 0.0120373385 -3.60054137e-05 0.0540098583
v 0.00723732883 1.08189585e-05 0.0540099281
v 0.00723672028 0.00316034484 0.053483498
v 0.0120361782 0.00589950792 0.0520659436
v 0.00723617798 0.00589859364 0.0520660134
v 0.0120357319 0.00807577922 0.0498816604
v 0.00723573178 0.00807486494 0.0498817302
v 0.0120354241 0.00948318808 0.0471382198
v 0.00723542388 0.00948227307 0.0471382868
v 0.0120352829 0.00998793872 0.0440964272
v 0.00723528268 0.00998702371 0.0440964999
v 0.0120658426 0.0100203517 0.0327128771
v 0.00723472025 0.00998645473 0.0240000256
v 0.0121936964 0.0100867353 0.0240000008
v 0.0134961437 0.0108663288 0.0240000052
v 0.0134469553 0.0108059355 0.0326670357
v 0.0143269765 0.0121979732 0.0326746347
v 0.0143166053 0.0123035044 0.0239999383
v 0.0143741463 0.0149881451 0.0315000711
v 0.0141767814 0.0161614369 0.0240002497
v 0.0143659068 0.016949915 0.0320062041
v 0.0139757511 0.016597533 0.0315206416
v 0.0143706917 0.0309226581 0.0325677189
v 0.0143688204 0.0296592579 0.032001629
v 0.0143433894 0.03054237 0.0315146841
v 0.0125497229 0.017789393 0.0240004287
v 0.0123386649 0.0178801983 0.0315067358
v 0.00852343715 0.0181371717 0.0240002133
v 0.0087942883 0.0182285854 0.0318662554
v -0.0248552606 -0.0156677408 0.0240292196
v -0.0303603757 -0.0111913837 0.0239993416
v -0.0240974261 -0.0150127096 0.0240000692
v -0.0251565408 -0.0138131676 0.0240001158
v -0.0233517757 -0.0151531588 0.0240000576
v -0.027156818 -0.0123604647 0.0240001595
v -0.0126269707 -0.0137586376 0.0239999266
v -0.0179608421 -0.0209342835 0.0239998699
v -0.00876944062 -0.0132418871 0.0239999135
v -0.018043625 -0.0219328578 0.0240148147
v -0.0279241008 -0.00102241646 0.0240002657
v -0.0114177469 -0.0262706347 0.0240064197
v -0.0335506274 -0.0064258151 0.0240024645
v -0.0107134881 -0.0255253525 0.0239996793
v -0.0345561799 -0.000194236688 0.0240005014
v -0.033772129 0.00580820265 0.0240026944
v -0.0307621502 0.010742868 0.0240008361
v -0.026276767 0.0132267239 0.0240006557
v -0.0248767362 0.015678777 0.0240063091
v -0.0241764034 0.0149959823 0.0240006309
v -0.0234090824 0.0150974325 0.0240006222
v -0.00891271672 0.0132300607 0.024000353
v -0.0179480649 0.0208257289 0.0240006499
v -0.0139818111 0.0236707 0.0240006455
v -0.00957505697 0.0257696482 0.0240006222
v -0.00428716868 0.0272238012 0.024000954
v 0.00651115967 0.0273372896 0.024000417
v 0.00813940926 0.0257013402 0.0239933535
v 0.00852343715 0.0181371717 0.0240002133
v 0.0141767814 0.0161614369 0.0240002497
v 0.0125497229 0.017789393 0.0240004287
v -0.00656298154 0.009483818 0.024000273
v -0.00696263939 -0.00245131493 0.0240000561
v 0.00723472025 0.00998645473 0.0240000256
v 0.00723880163 -0.0100133549 0.0239997069
v 0.0143166053 0.0123035044 0.0239999383
v 0.0121936964 0.0100867353 0.0240000008
v 0.0134961437 0.0108663288 0.0240000052
v 0.00849575531 -0.0182434167 0.0239995337
v 0.0124584812 -0.0179230661 0.023999477
v 0.0137351235 -0.0171064009 0.0239994799
v 0.0146508667 -0.0155198055 0.02399964
v 0.0143897558 -0.0143318919 0.0239995148
v 0.0143236375 -0.0122529064 0.0239995323
v 0.012098349 -0.0100649453 0.0239995905
v 0.01350029 -0.0108908421 0.0239995992
v 0.00828100097 -0.0256042425 0.0239989226
v -0.00374443132 -0.0273335699 0.0239995454
v 0.00653583868 -0.027300443 0.023999394
v 0.0142840753 -0.0304199655 0.0152990528
v 0.0143277762 -0.0303837837 0.0315420126
v 0.0144931577 -0.0349702563 0.015299127
v 0.014405216 -0.0343705777 0.0321492698
v 0.0143826049 -0.0307917495 0.0334176701
v 0.0149968767 -0.036227466 0.0308891991
v 0.0158583197 -0.0381338716 0.0289538002
v 0.0160889603 -0.038504506 0.0152990164
v 0.0174633277 -0.0398339223 0.0273681828
v 0.0183341012 -0.0404486824 0.0172415239
v 0.0191104066 -0.0407409838 0.0261011737
v 0.0207767058 -0.04134632 0.025630297
v 0.0210585662 -0.0414065212 0.018200661
v 0.0328671485 -0.041394867 0.0254547631
v 0.033049321 -0.041354404 0.0181500669
v 0.0360228185 -0.0400783928 0.0265210372
v 0.0355002913 -0.0403848591 0.0171815991
v 0.0377039488 -0.0384995128 0.0152993758
v 0.0379728361 -0.0380398993 0.0283069676
v 0.0393234777 -0.0349275501 0.0309368392
v 0.0393662283 -0.0346433075 0.0152985856
v 0.0393832275 -0.0309574558 0.0326097856
v 0.039371371 0.0309274508 0.0325675705
v 0.0393379025 -0.0130543349 0.0152989116
v 0.0392796751 0.0130093036 0.015299581
v 0.0392389191 0.0351644039 0.015300051
v 0.0392834102 0.0348986219 0.0308862014
v 0.038181274 0.0377050693 0.0285519374
v 0.037635225 0.0384971125 0.0153001762
v 0.0366362621 0.0395672835 0.0269134383
v 0.0354435143 0.0404134191 0.0172159984
v 0.0344336055 0.0409092522 0.0258004584
v 0.0327115202 0.0413992587 0.0182032134
v 0.0322247092 0.0414451787 0.0253924081
v 0.0206865174 0.0413679827 0.0253867533
v 0.0208504928 0.0413621649 0.0181678959
v 0.0182748708 0.0403948988 0.0172012747
v 0.0176190655 0.0399736616 0.026570342
v 0.0161066574 0.0384927479 0.0153006942
v 0.0157602054 0.0380006283 0.0282719673
v 0.0144737757 0.0351011155 0.0153000816
v 0.0144395481 0.0349098567 0.0308552873
v 0.0143433894 0.03054237 0.0315146841
v 0.0142724823 0.0304067112 0.0153001893
v 0.0143706917 0.0309226581 0.0325677189
v 0.00838130273 -0.0229119418 0.0264993985
v 0.00838245795 -0.0290078889 0.0264993374
v 0.00800451462 -0.0260201188 0.0264751317
v 0.0069063086 -0.027109356 0.0264803035
v 0.00576153456 -0.0274881628 0.0264952163
v -0.00290644895 -0.028908154 0.0265003968
v -0.00342727487 -0.0273484914 0.0264995382
v -0.0114133238 -0.0267989594 0.0264994334
v -0.0104953731 -0.0255176079 0.0264996779
v -0.011255365 -0.0259271804 0.0264995528
v -0.0193333699 -0.0222651319 0.0260252185
v -0.0190452071 -0.0224345686 0.0230737845
v -0.0247556935 -0.0165917787 0.0259856024
v -0.0196949065 -0.022021108 0.0152997702
v -0.0151988999 -0.0253107732 0.0230024845
v -0.0248064913 -0.0164799021 0.0235286745
v -0.0149173902 -0.0254595578 0.0152996057
v -0.0255537846 -0.0157946714 0.0152999404
v -0.0112490108 -0.0271935608 0.0230834397
v -0.0310125547 -0.0112229272 0.023528414
v -0.0311533154 -0.0110799976 0.0153001107
v -0.0333218159 -0.00791274943 0.0235003376
v -0.033321877 -0.00791266575 0.0153002024
v -0.0345736796 -0.00456819373 0.0235004176
v -0.0345737437 -0.00456810933 0.0153002824
v -0.0350583665 -7.53681501e-05 0.0235030777
v -0.035056111 0.00016275124 0.015300377
v -0.0345754121 0.00453615092 0.0235005893
v -0.0345754819 0.00453623532 0.0153004527
v -0.0333248237 0.00788118413 0.0235006315
v -0.0333248906 0.00788126854 0.0153004963
v -0.0311808205 0.0110059338 0.0235320666
v -0.0310864659 0.0111260963 0.0153009096
v -0.0247830656 0.0164996142 0.0235163738
v -0.0254125785 0.0159350725 0.0153004279
v -0.0196775659 0.0220155428 0.0259868044
v -0.0248286305 0.016403279 0.0260443776
v -0.0191693228 0.0224133267 0.0153005618
v -0.0149269872 0.0254350439 0.0260006927
v -0.0149270891 0.0254351749 0.0153005574
v -0.0102194254 0.0276637109 0.0260006665
v -0.010219528 0.0276638419 0.0153005298
v -0.00519328386 0.0290297317 0.0260006171
v -0.00313219791 0.0293975198 0.0153004585
v -5.24112694e-06 0.0294905214 0.0260005501
v 0.00887130188 0.0294922131 0.0260004221
v 0.0133457772 0.0295244547 0.0153001965
v 0.0135173719 0.0295804476 0.0315056503
v 0.00876120865 0.0293012221 0.031782678
v 0.0194603984 0.0343833572 0.031925927
v 0.0194505656 0.0343490991 0.0153001849
v 0.0193743329 0.0139941391 0.0319999846
v 0.0193741553 0.0139943443 0.0152998429
v 0.0197666992 0.0124332469 0.0319927378
v 0.019898525 0.0122569199 0.0153000132
v 0.0213767276 0.0111126163 0.0320073479
v 0.0218343533 0.0110420847 0.0152998138
v 0.0324497775 0.0111350141 0.0152994413
v 0.0313749149 0.0109963881 0.0319997489
v 0.0329674124 0.0113864036 0.032010366
v 0.0342883042 0.0130093032 0.0152994864
v 0.034327865 0.0131405702 0.0320269057
v 0.0343004095 0.0342522458 0.0153000597
v 0.0342857121 0.0343318593 0.0319275539
v 0.0336536321 0.0354974822 0.0303549692
v 0.0334913549 0.0356183533 0.0153000423
v 0.0320804565 0.0364520411 0.0288638752
v 0.0321585188 0.0364124046 0.0152999797
v 0.0216230354 0.0364305907 0.0153001019
v 0.0217692764 0.0364522876 0.0288426003
v 0.0202487134 0.0356158288 0.0153002329
v 0.0203030618 0.03574342 0.0299279316
v 0.0194505656 0.0343490991 0.0153001849
v 0.0194603984 0.0343833572 0.031925927
v 0.0120430775 -0.0056876765 0.0340022758
v 0.0139541057 -0.00689738686 0.0339990103
v 0.0120388636 -0.00957493943 0.0339996477
v 0.013468999 -0.0101467925 0.0339981896
v 0.0175145 -0.0126617902 0.0339985883
v 0.0148488263 -0.0121957697 0.0339984661
v 0.0188435 -0.0104705037 0.0339995284
v 0.0173826349 -0.0293641802 0.0339991966
v 0.0207794838 -0.00922455838 0.0339981227
v 0.0148388919 -0.0310205434 0.0338818267
v 0.0178334303 -0.0325059765 0.033551245
v 0.0330366084 -0.00669888325 0.0339968683
v 0.0149071407 -0.03449784 0.0326179259
v 0.0189893546 -0.0348204847 0.0323870743
v 0.0327231167 -0.00913925037 0.0339976046
v 0.0349145683 -0.0104674413 0.0339992956
v 0.0193371164 -0.0367651007 0.030744198
v 0.0156039215 -0.0363026616 0.0310713047
v 0.0166769435 -0.0388074768 0.0287031755
v 0.0361608963 -0.0124033043 0.0339982391
v 0.0215397453 -0.0378575303 0.0296452432
v 0.0191606675 -0.040607339 0.0267620722
v 0.02076101 -0.0411265715 0.0262735615
v 0.0348420964 -0.00500298797 0.0339993974
v 0.0330425715 -0.0377156947 0.0297769118
v 0.0325335371 -0.0412007154 0.0263022957
v 0.035661998 -0.039872815 0.0276256731
v 0.0349909302 -0.0360525095 0.0314403529
v 0.0378772765 -0.0366260323 0.0308904797
v 0.0382412052 -0.0346334909 0.0325273577
v 0.0347670897 -0.0348221102 0.0323827146
v 0.0362091493 -0.0315946204 0.033824789
v 0.0382300115 -0.031033967 0.0339383114
v 0.0353776125 -0.00300288648 0.0339994265
v 0.0353764682 0.00299711337 0.03399954
v 0.0381633932 0.0309838539 0.033913675
v 0.036239262 0.0126528382 0.0339984661
v 0.0348401921 0.00499701105 0.0339995837
v 0.0327593263 0.00680220105 0.033996001
v 0.0362036606 0.0313513886 0.0338328653
v 0.0349105792 0.0104614906 0.0339996885
v 0.0381921534 0.034134783 0.0327840913
v 0.0329746798 0.00921532189 0.0339985214
v 0.0351732334 0.0342890971 0.0327348098
v 0.0380715586 0.0357149901 0.0317329454
v 0.0348325263 0.0368290669 0.0306944916
v 0.0368658361 0.0386567877 0.0288423616
v 0.0323585463 0.0382765894 0.0292191602
v 0.0333287077 0.0410721259 0.0264271075
v 0.0221881384 0.00680436982 0.0339969381
v 0.0210309233 0.00912994694 0.0339984108
v 0.0188395255 0.0104584464 0.033999898
v 0.0213895993 0.0382583753 0.0292357814
v 0.0211028041 0.0411686186 0.0263282825
v 0.0179269607 0.0397045501 0.0277889136
v 0.019553721 0.0373724399 0.0301227119
v 0.0158898355 0.0365964326 0.0309131894
v 0.0183323207 0.0357781844 0.031685541
v 0.0155296932 0.0346833504 0.0324802124
v 0.0186829128 0.0343098351 0.0326834765
v 0.0209684741 0.00476089519 0.0340083789
v 0.015584157 0.0313128417 0.0338724814
v 0.0175309267 0.0312466801 0.0338404439
v 0.0175931815 0.0123942927 0.0339989754
v 0.0154884347 0.0119965202 0.0339988677
v 0.0137481034 0.00451916651 0.0339987047
v 0.0142864365 0.00997430813 0.0339999417
v 0.0120415095 0.0033631884 0.0340018305
v 0.0120586853 0.00877390954 0.0339968858
v 0.0120586853 0.00877390954 0.0339968858
v 0.0120352829 0.00998793872 0.0440964272
v 0.0120658426 0.0100203517 0.0327128771
v 0.012036211 0.00484215084 0.040473204
v 0.0120415095 0.0033631884 0.0340018305
v 0.0120360508 0.00585689155 0.0427524617
v 0.0120360872 0.00585684498 0.0452474022
v 0.0120354241 0.00948318808 0.0471382198
v 0.0120363136 0.00484201915 0.0475266279
v 0.0120357319 0.00807577922 0.0498816604
v 0.01203654 0.00298808023 0.0388037297
v 0.0120993353 0.00161054701 0.0330276118
v 0.0120366906 0.00298788596 0.0491960323
v 0.0120361782 0.00589950792 0.0520659436
v 0.0120367205 0.00316125984 0.0534834282
v 0.012037155 0.000615042388 0.0499669637
v 0.0120373385 -3.60054137e-05 0.0540098583
v 0.0120376238 -0.00186622532 0.0497061294
v 0.0120379303 -0.00318371571 0.0534839521
v 0.0120497974 -0.00368801961 0.0330445502
v 0.0120380177 -0.00402688351 0.0484586169
v 0.0120384311 -0.00592055625 0.0520681322
v 0.0120388133 -0.00809643647 0.0498862937
v 0.0120382673 -0.00549333458 0.0464401412
v 0.0120369804 0.000615265578 0.0380327023
v 0.0120374579 -0.00186601196 0.0382934493
v 0.0120390928 -0.00984755138 0.0460900716
v 0.0120378874 -0.00402671689 0.0395408773
v 0.0120430775 -0.0056876765 0.0340022758
v 0.0120383307 -0.00601201613 0.0439997122
v 0.0120388636 -0.00957493943 0.0339996477
v 0.0120381968 -0.00549324363 0.0415593007
v 0.0121449573 -0.010039911 0.0335248071
v -0.0112490108 -0.0271935608 0.0230834397
v -0.0114177469 -0.0262706347 0.0240064197
v -0.0114133238 -0.0267989594 0.0264994334
v -0.0110985826 -0.0273246997 0.0260231755
v -0.0114177469 -0.0262706347 0.0240064197
v -0.011255365 -0.0259271804 0.0264995528
v -0.0114133238 -0.0267989594 0.0264994334
v -0.0107134881 -0.0255253525 0.0239996793
v -0.0104953731 -0.0255176079 0.0264996779
v -0.00374443132 -0.0273335699 0.0239995454
v -0.00342727487 -0.0273484914 0.0264995382
v 0.00576153456 -0.0274881628 0.0264952163
v 0.00653583868 -0.027300443 0.023999394
v 0.0069063086 -0.027109356 0.0264803035
v 0.00828100097 -0.0256042425 0.0239989226
v 0.00800451462 -0.0260201188 0.0264751317
v -0.018043625 -0.0219328578 0.0240148147
v -0.0185488238 -0.0223164288 0.0264962466
v -0.0179285528 -0.0217333219 0.0264998846
v -0.0179608421 -0.0209342835 0.0239998699
v -0.0179642007 -0.020949515 0.02649987
v -0.0235363581 -0.0150140817 0.026500065
v -0.0233517757 -0.0151531588 0.0240000576
v -0.0240974261 -0.0150127096 0.0240000692
v -0.0245350836 -0.0152304906 0.0265000737
v -0.0248552606 -0.0156677408 0.0240292196
v -0.024872982 -0.0157967712 0.0265002745
v -0.018043625 -0.0219328578 0.0240148147
v -0.0190452071 -0.0224345686 0.0230737845
v -0.0185488238 -0.0223164288 0.0264962466
v -0.0193333699 -0.0222651319 0.0260252185
v 0.0194530004 -0.0342769822 0.0152989858
v 0.019440656 -0.0341587537 0.0319419458
v 0.019421431 -0.0131577236 0.0320283056
v 0.0194417761 -0.0130571757 0.015299239
v 0.0207866188 -0.0113953367 0.0320101215
v 0.0213038579 -0.0111434677 0.0152991881
v 0.0223791076 -0.0110053256 0.0319994695
v 0.0323395458 -0.0111099901 0.0320052612
v 0.0325544805 -0.0112014059 0.0152990542
v 0.0339896691 -0.0124105397 0.032009909
v 0.0343168369 -0.0130543353 0.0152990222
v 0.0343796664 -0.0140029936 0.0319992309
v 0.0343049557 -0.0343386461 0.0152987268
v 0.034326379 -0.0341559323 0.0319417217
v 0.0337173466 -0.0353825278 0.0312327349
v 0.0335049323 -0.0356242817 0.0152987079
v 0.0323302465 -0.0364205975 0.0297120045
v 0.0321440867 -0.0364265755 0.0152987734
v 0.0218608521 -0.0364729708 0.0296479877
v 0.0215252777 -0.0364096846 0.0152988068
v 0.020766842 -0.0360428629 0.0302719825
v 0.0202622907 -0.0356268033 0.0152989014
v 0.0200143042 -0.035349016 0.0312822493
v 0.0194530004 -0.0342769822 0.0152989858
v 0.019440656 -0.0341587537 0.0319419458
v 0.0133968173 -0.0295794295 0.0314956385
v 0.0133385573 -0.029526999 0.0152990964
v 0.00888262624 -0.0295078898 0.0314993173
v 0.0088825462 -0.029507785 0.025999319
v 6.00273093e-06 -0.0295094796 0.02599945
v -0.00432067426 -0.0292552086 0.0152992085
v -0.00565675146 -0.0290288886 0.0259738124
v -0.0102089796 -0.0276864312 0.0152994937
v -0.0110985826 -0.0273246997 0.0260231755
v -0.0248064913 -0.0164799021 0.0235286745
v -0.024872982 -0.0157967712 0.0265002745
v -0.0247556935 -0.0165917787 0.0259856024
v -0.0248552606 -0.0156677408 0.0240292196
v -0.0248767362 0.015678777 0.0240063091
v -0.0248723182 0.0157346141 0.0264995819
v -0.0245122572 0.0151690947 0.0265006413
v -0.0241764034 0.0149959823 0.0240006309
v -0.0235150188 0.0150024507 0.0265006238
v -0.0234090824 0.0150974325 0.0240006222
v -0.0179480285 0.0208256823 0.02650065
v -0.0179480649 0.0208257289 0.0240006499
v -0.0139817747 0.0236706534 0.0265006442
v -0.0139818111 0.0236707 0.0240006455
v -0.00957502059 0.0257696017 0.0265006209
v -0.00957505697 0.0257696482 0.0240006222
v -0.00428716868 0.0272238012 0.024000954
v -0.00312201503 0.0273801034 0.0265013427
v 0.00651115967 0.0273372896 0.024000417
v 0.00588488525 0.0274565483 0.0264980074
v 0.00692260491 0.027086697 0.026482789
v 0.0080281955 0.0259371307 0.0264737901
v 0.00813940926 0.0257013402 0.0239933535
v -0.0248767362 0.015678777 0.0240063091
v -0.0248286305 0.016403279 0.0260443776
v -0.0248723182 0.0157346141 0.0264995819
v -0.0247830656 0.0164996142 0.0235163738
v 0.0175309267 0.0312466801 0.0338404439
v 0.0186829128 0.0343098351 0.0326834765
v 0.0194603984 0.0343833572 0.031925927
v 0.0193743329 0.0139941391 0.0319999846
v 0.0175931815 0.0123942927 0.0339989754
v 0.0197666992 0.0124332469 0.0319927378
v 0.0188395255 0.0104584464 0.033999898
v 0.0213767276 0.0111126163 0.0320073479
v 0.0210309233 0.00912994694 0.0339984108
v 0.0313749149 0.0109963881 0.0319997489
v 0.0329746798 0.00921532189 0.0339985214
v 0.0329674124 0.0113864036 0.032010366
v 0.0349105792 0.0104614906 0.0339996885
v 0.034327865 0.0131405702 0.0320269057
v 0.036239262 0.0126528382 0.0339984661
v 0.0342857121 0.0343318593 0.0319275539
v 0.0362036606 0.0313513886 0.0338328653
v 0.0351732334 0.0342890971 0.0327348098
v 0.0183323207 0.0357781844 0.031685541
v 0.0194603984 0.0343833572 0.031925927
v 0.0186829128 0.0343098351 0.0326834765
v 0.0203030618 0.03574342 0.0299279316
v 0.019553721 0.0373724399 0.0301227119
v 0.0217692764 0.0364522876 0.0288426003
v 0.0213895993 0.0382583753 0.0292357814
v 0.0323585463 0.0382765894 0.0292191602
v 0.0320804565 0.0364520411 0.0288638752
v 0.0348325263 0.0368290669 0.0306944916
v 0.0336536321 0.0354974822 0.0303549692
v 0.0351732334 0.0342890971 0.0327348098
v 0.0342857121 0.0343318593 0.0319275539
v 0.019440656 -0.0341587537 0.0319419458
v 0.0200143042 -0.035349016 0.0312822493
v 0.0189893546 -0.0348204847 0.0323870743
v 0.0178334303 -0.0325059765 0.033551245
v 0.0173826349 -0.0293641802 0.0339991966
v 0.0175145 -0.0126617902 0.0339985883
v 0.019421431 -0.0131577236 0.0320283056
v 0.0188435 -0.0104705037 0.0339995284
v 0.0207866188 -0.0113953367 0.0320101215
v 0.0207794838 -0.00922455838 0.0339981227
v 0.0223791076 -0.0110053256 0.0319994695
v 0.0327231167 -0.00913925037 0.0339976046
v 0.0323395458 -0.0111099901 0.0320052612
v 0.0349145683 -0.0104674413 0.0339992956
v 0.0339896691 -0.0124105397 0.032009909
v 0.0361608963 -0.0124033043 0.0339982391
v 0.0343796664 -0.0140029936 0.0319992309
v 0.0362091493 -0.0315946204 0.033824789
v 0.034326379 -0.0341559323 0.0319417217
v 0.0347670897 -0.0348221102 0.0323827146
v 0.0337173466 -0.0353825278 0.0312327349
v 0.0200143042 -0.035349016 0.0312822493
v 0.0193371164 -0.0367651007 0.030744198
v 0.0189893546 -0.0348204847 0.0323870743
v 0.020766842 -0.0360428629 0.0302719825
v 0.0215397453 -0.0378575303 0.0296452432
v 0.0218608521 -0.0364729708 0.0296479877
v 0.0323302465 -0.0364205975 0.0297120045
v 0.0330425715 -0.0377156947 0.0297769118
v 0.0349909302 -0.0360525095 0.0314403529
v 0.0337173466 -0.0353825278 0.0312327349
v 0.0347670897 -0.0348221102 0.0323827146
v -0.0310125547 -0.0112229272 0.023528414
v -0.0248552606 -0.0156677408 0.0240292196
v -0.0248064913 -0.0164799021 0.0235286745
v -0.0303603757 -0.0111913837 0.0239993416
v -0.0335506274 -0.0064258151 0.0240024645
v -0.0333218159 -0.00791274943 0.0235003376
v -0.0345736796 -0.00456819373 0.0235004176
v -0.0345561799 -0.000194236688 0.0240005014
v -0.0350583665 -7.53681501e-05 0.0235030777
v -0.033772129 0.00580820265 0.0240026944
v -0.0345754121 0.00453615092 0.0235005893
v -0.0333248237 0.00788118413 0.0235006315
v -0.0307621502 0.010742868 0.0240008361
v -0.0311808205 0.0110059338 0.0235320666
v -0.0248767362 0.015678777 0.0240063091
v -0.0247830656 0.0164996142 0.0235163738
v 0.00838245795 -0.0290078889 0.0264993374
v 0.0088825462 -0.029507785 0.025999319
v -0.00290644895 -0.028908154 0.0265003968
v 6.00273093e-06 -0.0295094796 0.02599945
v -0.00565675146 -0.0290288886 0.0259738124
v -0.0114133238 -0.0267989594 0.0264994334
v -0.0110985826 -0.0273246997 0.0260231755
v 0.00887130188 0.0294922131 0.0260004221
v 0.00837140434 0.0289921045 0.0265004201
v -5.24112694e-06 0.0294905214 0.0260005501
v -0.00410287609 0.0287467785 0.0265009148
v -0.00519328386 0.0290297317 0.0260006171
v -0.0102194254 0.0276637109 0.0260006665
v -0.0128646462 0.026093594 0.0265015144
v -0.0149269872 0.0254350439 0.0260006927
v -0.0196775659 0.0220155428 0.0259868044
v -0.0188443043 0.022033142 0.0265006878
v -0.0248723182 0.0157346141 0.0264995819
v -0.0248286305 0.016403279 0.0260443776
v -0.0247556935 -0.0165917787 0.0259856024
v -0.024872982 -0.0157967712 0.0265002745
v -0.0193333699 -0.0222651319 0.0260252185
v -0.0185488238 -0.0223164288 0.0264962466
v 0.00838253144 -0.0290079821 0.0314993376
v 0.00838245795 -0.0290078889 0.0264993374
v 0.00838130273 -0.0229119418 0.0264993985
v 0.00838053109 -0.018512809 0.0314995297
v 0.00849575531 -0.0182434167 0.0239995337
v 0.00828100097 -0.0256042425 0.0239989226
v 0.00800451462 -0.0260201188 0.0264751317
v 0.0143809532 -0.0296681263 0.0320000283
v 0.0127055451 -0.0183579806 0.031998707
v 0.0143726313 -0.0171786002 0.0320066698
v 0.0134246187 -0.0290620827 0.0319986662
v 0.00888253816 -0.0290078976 0.0319993269
v 0.00880122111 -0.0181466945 0.0317580241
v 0.00837257194 0.0228961428 0.0265003706
v 0.00837140434 0.0289921045 0.0265004201
v 0.00837147783 0.0289920114 0.0315004203
v 0.00837347963 0.0184870012 0.0315002224
v 0.00852343715 0.0181371717 0.0240002133
v 0.00813940926 0.0257013402 0.0239933535
v 0.0080281955 0.0259371307 0.0264737901
v 0.0143659068 0.016949915 0.0320062041
v 0.0135155762 0.029081445 0.0320000516
v 0.0143688204 0.0296592579 0.032001629
v 0.0123273027 0.0183912165 0.0319995626
v 0.0087942883 0.0182285854 0.0318662554
v 0.00876120865 0.0293012221 0.031782678
v 0.0133457772 0.0295244547 0.0153001965
v 0.0142724823 0.0304067112 0.0153001893
v 0.0135173719 0.0295804476 0.0315056503
v 0.0143433894 0.03054237 0.0315146841
v 0.0142840753 -0.0304199655 0.0152990528
v 0.0133385573 -0.029526999 0.0152990964
v 0.0143277762 -0.0303837837 0.0315420126
v 0.0133968173 -0.0295794295 0.0314956385
v 0.0327115202 0.0413992587 0.0182032134
v 0.037635225 0.0384971125 0.0153001762
v 0.0354435143 0.0404134191 0.0172159984
v 0.0208504928 0.0413621649 0.0181678959
v 0.0161066574 0.0384927479 0.0153006942
v 0.0182748708 0.0403948988 0.0172012747
v 0.0210585662 -0.0414065212 0.018200661
v 0.0160889603 -0.038504506 0.0152990164
v 0.0183341012 -0.0404486824 0.0172415239
v 0.033049321 -0.041354404 0.0181500669
v 0.0377039488 -0.0384995128 0.0152993758
v 0.0355002913 -0.0403848591 0.0171815991
v 0.0143688204 0.0296592579 0.032001629
v 0.0135173719 0.0295804476 0.0315056503
v 0.0143433894 0.03054237 0.0315146841
v 0.0135155762 0.029081445 0.0320000516
v 0.00876120865 0.0293012221 0.031782678
v 0.00837147783 0.0289920114 0.0315004203
v 0.00837140434 0.0289921045 0.0265004201
v 0.00876120865 0.0293012221 0.031782678
v 0.00887130188 0.0294922131 0.0260004221
v 0.00837347963 0.0184870012 0.0315002224
v 0.00837147783 0.0289920114 0.0315004203
v 0.0087942883 0.0182285854 0.0318662554
v 0.00876120865 0.0293012221 0.031782678
v 0.0123386649 0.0178801983 0.0315067358
v 0.0087942883 0.0182285854 0.0318662554
v 0.0123273027 0.0183912165 0.0319995626
v 0.0143659068 0.016949915 0.0320062041
v 0.0139757511 0.016597533 0.0315206416
v 0.0143741463 0.0149881451 0.0315000711
v 0.0143809532 -0.0296681263 0.0320000283
v 0.0143277762 -0.0303837837 0.0315420126
v 0.0133968173 -0.0295794295 0.0314956385
v 0.0134246187 -0.0290620827 0.0319986662
v 0.00888262624 -0.0295078898 0.0314993173
v 0.00888253816 -0.0290078976 0.0319993269
v 0.00888262624 -0.0295078898 0.0314993173
v 0.0088825462 -0.029507785 0.025999319
v 0.00838253144 -0.0290079821 0.0314993376
v 0.00838245795 -0.0290078889 0.0264993374
v 0.00880122111 -0.0181466945 0.0317580241
v 0.00888253816 -0.0290078976 0.0319993269
v 0.00838053109 -0.018512809 0.0314995297
v 0.00838253144 -0.0290079821 0.0314993376
v 0.0127055451 -0.0183579806 0.031998707
v 0.00880122111 -0.0181466945 0.0317580241
v 0.0124431551 -0.0178979597 0.031477696
v 0.0141129669 -0.0167013105 0.0315252721
v 0.0143726313 -0.0171786002 0.0320066698
v 0.0120658426 0.0100203517 0.0327128771
v 0.0134469553 0.0108059355 0.0326670357
v 0.0120586853 0.00877390954 0.0339968858
v 0.0142864365 0.00997430813 0.0339999417
v 0.0143269765 0.0121979732 0.0326746347
v 0.0154884347 0.0119965202 0.0339988677
v 0.0143706917 0.0309226581 0.0325677189
v 0.015584157 0.0313128417 0.0338724814
v 0.0155296932 0.0346833504 0.0324802124
v 0.0144395481 0.0349098567 0.0308552873
v 0.0158898355 0.0365964326 0.0309131894
v 0.0157602054 0.0380006283 0.0282719673
v 0.0179269607 0.0397045501 0.0277889136
v 0.0176190655 0.0399736616 0.026570342
v 0.0206865174 0.0413679827 0.0253867533
v 0.0211028041 0.0411686186 0.0263282825
v 0.0322247092 0.0414451787 0.0253924081
v 0.0333287077 0.0410721259 0.0264271075
v 0.0344336055 0.0409092522 0.0258004584
v 0.0366362621 0.0395672835 0.0269134383
v 0.0368658361 0.0386567877 0.0288423616
v 0.038181274 0.0377050693 0.0285519374
v 0.0392834102 0.0348986219 0.0308862014
v 0.0380715586 0.0357149901 0.0317329454
v 0.0381921534 0.034134783 0.0327840913
v 0.039371371 0.0309274508 0.0325675705
v 0.0381633932 0.0309838539 0.033913675
v 0.0382300115 -0.031033967 0.0339383114
v 0.0393832275 -0.0309574558 0.0326097856
v 0.0393234777 -0.0349275501 0.0309368392
v 0.0382412052 -0.0346334909 0.0325273577
v 0.0378772765 -0.0366260323 0.0308904797
v 0.0379728361 -0.0380398993 0.0283069676
v 0.035661998 -0.039872815 0.0276256731
v 0.0360228185 -0.0400783928 0.0265210372
v 0.0328671485 -0.041394867 0.0254547631
v 0.0325335371 -0.0412007154 0.0263022957
v 0.0207767058 -0.04134632 0.025630297
v 0.02076101 -0.0411265715 0.0262735615
v 0.0191104066 -0.0407409838 0.0261011737
v 0.0191606675 -0.040607339 0.0267620722
v 0.0174633277 -0.0398339223 0.0273681828
v 0.0166769435 -0.0388074768 0.0287031755
v 0.0158583197 -0.0381338716 0.0289538002
v 0.0156039215 -0.0363026616 0.0310713047
v 0.0149968767 -0.036227466 0.0308891991
v 0.0149071407 -0.03449784 0.0326179259
v 0.014405216 -0.0343705777 0.0321492698
v 0.0148388919 -0.0310205434 0.0338818267
v 0.0143826049 -0.0307917495 0.0334176701
v 0.01452422 -0.0158369921 0.0336436555
v 0.0148488263 -0.0121957697 0.0339984661
v 0.0144284493 -0.0143774234 0.0335480872
v 0.0143487861 -0.0123678228 0.0334998476
v 0.0136283163 -0.0110266318 0.0334995944
v 0.013468999 -0.0101467925 0.0339981896
v 0.0121449573 -0.010039911 0.0335248071
v 0.0120388636 -0.00957493943 0.0339996477
v 0.0120430775 -0.0056876765 0.0340022758
v 0.0120497974 -0.00368801961 0.0330445502
v 0.0124390139 -0.00462136996 0.033013153
v 0.0140740774 -0.00589934848 0.0330057199
v 0.0139541057 -0.00689738686 0.0339990103
v 0.03256205 -0.00579891609 0.0329710398
v 0.0330366084 -0.00669888325 0.0339968683
v 0.03256205 -0.00579891609 0.0329710398
v 0.0342127812 -0.00411909415 0.0330020208
v 0.0330366084 -0.00669888325 0.0339968683
v 0.0348420964 -0.00500298797 0.0339993974
v 0.0353776125 -0.00300288648 0.0339994265
v 0.0343764518 0.00299694139 0.0329995528
v 0.0353764682 0.00299711337 0.03399954
v 0.0339742426 0.00449686455 0.0329995906
v 0.0348401921 0.00499701105 0.0339995837
v 0.0324919145 0.00583155445 0.0330022303
v 0.0327593263 0.00680220105 0.033996001
v 0.0229272913 0.00592914785 0.0329864357
v 0.0221881384 0.00680436982 0.0339969381
v 0.0224038634 0.00495547661 0.0330055191
v 0.0209684741 0.00476089519 0.0340083789
v 0.0211155475 0.00369808297 0.0329997594
v 0.0150363191 0.00369692447 0.0329998496
v 0.0137481034 0.00451916651 0.0339987047
v 0.0134400249 0.00330417105 0.0330101844
v 0.0120415095 0.0033631884 0.0340018305
v 0.0120993353 0.00161054701 0.0330276118
v -0.0112490108 -0.0271935608 0.0230834397
v -0.0151988999 -0.0253107732 0.0230024845
v -0.0114177469 -0.0262706347 0.0240064197
v -0.018043625 -0.0219328578 0.0240148147
v -0.0190452071 -0.0224345686 0.0230737845
v -0.00887417453 0.0133809859 0.0287947099
v -0.00905688822 -0.0134672032 0.0289612828
v -0.0108777766 -0.0140398678 0.0289894844
v -0.0107915102 0.0140115144 0.0289907795
v -0.0132399076 -0.0127889329 0.0300590036
v -0.0131560312 0.0128508796 0.0299884268
v -0.0143091699 0.0118098893 0.0312326883
v -0.0143889284 -0.0117270543 0.0313735276
v -0.01508386 0.0108086731 0.0329778064
v -0.0150940619 -0.0107432947 0.0331530784
v -0.0151227781 -0.000655476336 0.0379894802
v -0.0151222059 -0.0035741336 0.039118412
v -0.015123193 0.00154482036 0.0382046943
v -0.0151210136 -0.0100847063 0.0357274665
v -0.015123605 0.00378433883 0.0392922928
v -0.0151218667 -0.00520429844 0.041000123
v -0.0151248512 0.010047939 0.035759242
v -0.0151238467 0.00518800602 0.041000318
v -0.0151239675 0.00600253456 0.0433529378
v -0.0151246358 0.00975594607 0.0465745397
v -0.0151238307 0.00552088981 0.0464450219
v -0.0151209001 -0.00994380012 0.0453210989
v -0.0151216877 -0.00598165703 0.0430697517
v -0.0151216848 -0.00580378606 0.0455530244
v -0.0151210457 -0.0089341133 0.0486022735
v -0.0151218304 -0.00489001345 0.047566148
v -0.0151214577 -0.00653753437 0.0516303291
v -0.0151221652 -0.00300829929 0.0491963176
v -0.0151220706 -0.00317543768 0.0535301398
v -0.0151225481 -0.000938666793 0.049973675
v -0.015122816 0.000776694602 0.0540173438
v -0.0151241772 0.00764242081 0.0505054195
v -0.0151235585 0.00423435899 0.0482429401
v -0.0151231465 0.00217272222 0.0496386143
v -0.0151235658 0.00462419061 0.0529103621
v 0.0393379025 -0.0130543349 0.0152989116
v 0.0343168369 -0.0130543353 0.0152990222
v 0.0343049557 -0.0343386461 0.0152987268
v 0.0393662283 -0.0346433075 0.0152985856
v 0.0377039488 -0.0384995128 0.0152993758
v 0.0335049323 -0.0356242817 0.0152987079
v 0.0321440867 -0.0364265755 0.0152987734
v 0.0160889603 -0.038504506 0.0152990164
v 0.0215252777 -0.0364096846 0.0152988068
v 0.037635225 0.0384971125 0.0153001762
v 0.0161066574 0.0384927479 0.0153006942
v 0.0216230354 0.0364305907 0.0153001019
v 0.0321585188 0.0364124046 0.0152999797
v 0.0334913549 0.0356183533 0.0153000423
v 0.0343004095 0.0342522458 0.0153000597
v 0.0392389191 0.0351644039 0.015300051
v 0.0392796751 0.0130093036 0.015299581
v 0.0342883042 0.0130093032 0.0152994864
v -0.0259891804 0.0134518536 0.0289620308
v -0.0246101251 -0.0139794901 0.0290061085
v -0.0261718949 -0.0133963296 0.0287944626
v -0.0246417575 0.0139545846 0.0290100317
v -0.0228813372 -0.0135027693 0.0293995196
v -0.0230402581 0.0135579825 0.029335657
v -0.0209702838 -0.012084698 0.0308587769
v -0.0209459216 0.0120437555 0.0308748829
v -0.0199620821 -0.0108247277 0.0329774979
v -0.0199518903 0.0107272431 0.0331534597
v -0.0199227229 -0.000939356519 0.0380267971
v -0.0199223167 -0.00300901967 0.0388040819
v -0.0199231946 0.00154390553 0.0382047612
v -0.0199219368 -0.00489078949 0.0404341699
v -0.0199235659 0.00355700584 0.0391186215
v -0.0199210181 -0.01006427 0.0357592158
v -0.0199248557 0.0100683782 0.0357276411
v -0.0199216777 -0.00601982967 0.0433527806
v -0.0199238469 0.00518709138 0.0410003879
v -0.0199209046 -0.00990337459 0.0455970119
v -0.0199216879 -0.00580470106 0.0455530942
v -0.0199210721 -0.00877074155 0.0489079102
v -0.0199218626 -0.00471718733 0.0477926485
v -0.0199213618 -0.00709373227 0.0510583865
v -0.0199221669 -0.00300921412 0.0491963874
v -0.0199218015 -0.00464458818 0.0529088895
v -0.0199226022 -0.000656606621 0.0500110036
v -0.0199225192 -0.000795313931 0.0540173496
v -0.0199246869 0.00992614558 0.0453250104
v -0.0199239663 0.00596437284 0.0430700486
v -0.0199232005 0.00243549174 0.0495294691
v -0.0199230622 0.00204312281 0.0537878717
v -0.0199236271 0.00492809203 0.0527452095
v -0.0199235601 0.00423344398 0.048243007
v -0.0199240595 0.00707163825 0.0510622573
v -0.0199238571 0.00562919966 0.0461814168
v -0.0199244467 0.00891329808 0.0486089935
v 0.00723621082 0.00484123584 0.0404732738
v 0.00723653985 0.00298716559 0.0388037966
v 0.00723472025 0.00998645473 0.0240000256
v 0.00723698026 0.000614350798 0.0380327721
v 0.00723745705 -0.00186692678 0.0382935221
v 0.00723788725 -0.0040276319 0.0395409501
v 0.00723528268 0.00998702371 0.0440964999
v 0.00723880163 -0.0100133549 0.0239997069
v 0.00723605066 0.00585597727 0.0427525345
v 0.00723819587 -0.00549415827 0.0415593706
v 0.00723542388 0.00948227307 0.0471382868
v 0.00723608704 0.0058559307 0.045247472
v 0.00723573178 0.00807486494 0.0498817302
v 0.00723631341 0.00484110414 0.0475266977
v 0.00723617798 0.00589859364 0.0520660134
v 0.00723669119 0.00298697114 0.0491961022
v 0.00723672028 0.00316034484 0.053483498
v 0.00723715488 0.000614127653 0.0499670336
v 0.00723732883 1.08189585e-05 0.0540099281
v 0.00723909485 -0.0100127866 0.0441063108
v 0.00723833053 -0.00601293114 0.0439997821
v 0.00723762367 -0.00186714015 0.0497061992
v 0.0072379301 -0.00318463035 0.0534840277
v 0.00723843093 -0.00592147126 0.0520682021
v 0.00723801749 -0.00402779852 0.0484586868
v 0.00723881383 -0.00809735148 0.0498863694
v 0.00723826718 -0.00549424958 0.0464402081
v 0.00723904169 -0.00950569384 0.0471456704
vt 0.316162109 0.108886719
vt 0.309570312 0.108764648
vt 0.315673828 0.109191895
vt 0.316162109 0.296386719
vt 0.31640625 0.295898438
vt 0.315917969 0.296142578
vt 0.316162109 0.288818359
vt 0.322021484 0.287353516
vt 0.315917969 0.288574219
vt 0.0313720703 0.0279083252
vt 0.0313720703 0.0232543945
vt 0.0232086182 0.0232543945
vt 0.0232086182 0.0279083252
vt 0.0313720703 0.0325622559
vt 0.0232086182 0.0325622559
vt 0.0313720703 0.0372009277
vt 0.0232086182 0.0372009277
vt 0.0313720703 0.0418701172
vt 0.0232086182 0.0418701172
vt 0.0313720703 0.0465087891
vt 0.0232086182 0.0465087891
vt 0.0313720703 0.0511474609
vt 0.0232086182 0.0511474609
vt 0.0313720703 0.0558166504
vt 0.0232086182 0.0558166504
vt 0.0313720703 0.0604553223
vt 0.0232086182 0.0604553223
vt 0.0313720703 0.0651245117
vt 0.0232086182 0.0651245117
vt 0.0313720703 0.0697631836
vt 0.0232086182 0.0697631836
vt 0.0313720703 0.0744018555
vt 0.0232086182 0.0744018555
vt 0.0313720703 0.0790405273
vt 0.0232086182 0.0790405273
vt 0.0313720703 0.0836791992
vt 0.0232086182 0.0836791992
vt 0.0313720703 0.0883178711
vt 0.0232086182 0.0883178711
vt 0.0313720703 0.0930175781
vt 0.0232086182 0.0930175781
vt 0.0313720703 0.09765625
vt 0.0232086182 0.09765625
vt 0.0313720703 0.102294922
vt 0.0232086182 0.102294922
vt 0.0313720703 0.106933594
vt 0.0232086182 0.106933594
vt 0.0313720703 0.111572266
vt 0.0232086182 0.111572266
vt 0.0313720703 0.116210938
vt 0.0232086182 0.116210938
vt 0.0313720703 0.120910645
vt 0.0232086182 0.120910645
vt 0.0313720703 0.125488281
vt 0.0232086182 0.125488281
vt 0.0313720703 0.130126953
vt 0.0232086182 0.130126953
vt 0.0313720703 0.134887695
vt 0.0232086182 0.134887695
vt 0.0313720703 0.139526367
vt 0.0232086182 0.139526367
vt 0.0313720703 0.144165039
vt 0.0232086182 0.144165039
vt 0.0313720703 0.148803711
vt 0.0232086182 0.148803711
vt 0.0313720703 0.153442383
vt 0.0232086182 0.153442383
vt 0.0313720703 0.158081055
vt 0.0232086182 0.158081055
vt 0.0313720703 0.162719727
vt 0.0232086182 0.162719727
vt 0.0313720703 0.167358398
vt 0.0232086182 0.167358398
vt 0.0313720703 0.17199707
vt 0.0232086182 0.17199707
vt 0.0313720703 0.176635742
vt 0.0232086182 0.176635742
vt 0.0313720703 0.181274414
vt 0.0232086182 0.181274414
vt 0.0313720703 0.185913086
vt 0.0232086182 0.185913086
vt 0.0313720703 0.190673828
vt 0.0232086182 0.190673828
vt 0.0313720703 0.1953125
vt 0.0232086182 0.1953125
vt 0.0313720703 0.199951172
vt 0.0232086182 0.199951172
vt 0.0313720703 0.204589844
vt 0.0232086182 0.204589844
vt 0.361572266 0.830566406
vt 0.365478516 0.826171875
vt 0.357421875 0.833496094
vt 0.319335938 0.828613281
vt 0.337646484 0.838378906
vt 0.352783203 0.836425781
vt 0.347900391 0.837890625
vt 0.342773438 0.838378906
vt 0.332519531 0.837402344
vt 0.323242188 0.832519531
vt 0.327880859 0.835449219
vt 0.315917969 0.824707031
vt 0.370849609 0.81640625
vt 0.368408203 0.821777344
vt 0.372558594 0.811035156
vt 0.313232422 0.819824219
vt 0.373291016 0.805175781
vt 0.311035156 0.814453125
vt 0.373291016 0.799804688
vt 0.309814453 0.80859375
vt 0.372558594 0.793945312
vt 0.309570312 0.803222656
vt 0.370849609 0.788574219
vt 0.309814453 0.797363281
vt 0.368408203 0.783203125
vt 0.313232422 0.786621094
vt 0.311035156 0.791503906
vt 0.357421875 0.771484375
vt 0.365478516 0.778808594
vt 0.361572266 0.774902344
vt 0.347900391 0.767578125
vt 0.352783203 0.769042969
vt 0.327880859 0.770507812
vt 0.315917969 0.781738281
vt 0.319335938 0.77734375
vt 0.323242188 0.7734375
vt 0.342773438 0.767089844
vt 0.332519531 0.768554688
vt 0.337646484 0.767089844
vt 0.594238281 0.7734375
vt 0.589355469 0.771972656
vt 0.599121094 0.775390625
vt 0.603515625 0.778808594
vt 0.583984375 0.771484375
vt 0.579101562 0.771972656
vt 0.610351562 0.787109375
vt 0.606933594 0.782714844
vt 0.612792969 0.791992188
vt 0.57421875 0.7734375
vt 0.569335938 0.775390625
vt 0.614257812 0.797363281
vt 0.564941406 0.778808594
vt 0.615234375 0.803222656
vt 0.561035156 0.782714844
vt 0.615722656 0.80859375
vt 0.557617188 0.787109375
vt 0.614746094 0.814453125
vt 0.555175781 0.791992188
vt 0.61328125 0.819824219
vt 0.610839844 0.825195312
vt 0.551757812 0.803222656
vt 0.553222656 0.797363281
vt 0.607910156 0.830078125
vt 0.551757812 0.80859375
vt 0.604492188 0.833984375
vt 0.552246094 0.814453125
vt 0.600097656 0.837402344
vt 0.553222656 0.819824219
vt 0.595703125 0.840332031
vt 0.590332031 0.842285156
vt 0.55859375 0.830078125
vt 0.555664062 0.825195312
vt 0.585449219 0.842773438
vt 0.562011719 0.833984375
vt 0.5703125 0.840332031
vt 0.565917969 0.837402344
vt 0.580566406 0.842773438
vt 0.575195312 0.842285156
vt 0.465332031 0.19140625
vt 0.465087891 0.188964844
vt 0.461669922 0.190063477
vt 0.461425781 0.186767578
vt 0.465087891 0.186401367
vt 0.461181641 0.18347168
vt 0.46484375 0.184082031
vt 0.46484375 0.181518555
vt 0.4609375 0.17980957
vt 0.464599609 0.178710938
vt 0.460449219 0.170776367
vt 0.464111328 0.170654297
vt 0.463867188 0.168457031
vt 0.460205078 0.168334961
vt 0.464599609 0.166259766
vt 0.459472656 0.166625977
vt 0.458740234 0.165283203
vt 0.466064453 0.164428711
vt 0.456787109 0.1640625
vt 0.467285156 0.1640625
vt 0.630371094 0.324707031
vt 0.634765625 0.324951172
vt 0.634765625 0.322509766
vt 0.630371094 0.322265625
vt 0.634765625 0.320800781
vt 0.630371094 0.320800781
vt 0.634765625 0.319091797
vt 0.630371094 0.318847656
vt 0.634765625 0.316650391
vt 0.630371094 0.31640625
vt 0.634765625 0.314697266
vt 0.630371094 0.314697266
vt 0.634765625 0.313232422
vt 0.630371094 0.312988281
vt 0.634765625 0.311279297
vt 0.630371094 0.311279297
vt 0.634765625 0.309570312
vt 0.630371094 0.309326172
vt 0.634765625 0.307128906
vt 0.630371094 0.307617188
vt 0.630371094 0.305908203
vt 0.634765625 0.305419922
vt 0.634765625 0.303710938
vt 0.630371094 0.303466797
vt 0.634765625 0.301757812
vt 0.630371094 0.301757812
vt 0.634765625 0.300292969
vt 0.630371094 0.300048828
vt 0.634765625 0.298339844
vt 0.630371094 0.298339844
vt 0.634765625 0.296630859
vt 0.630371094 0.296386719
vt 0.395507812 0.684082031
vt 0.399658203 0.684570312
vt 0.399414062 0.681640625
vt 0.395019531 0.681152344
vt 0.398925781 0.678710938
vt 0.394775391 0.678710938
vt 0.39453125 0.676757812
vt 0.3984375 0.67578125
vt 0.394042969 0.673828125
vt 0.398193359 0.673339844
vt 0.393066406 0.666503906
vt 0.396972656 0.666015625
vt 0.396728516 0.6640625
vt 0.392822266 0.664550781
vt 0.397216797 0.662597656
vt 0.391601562 0.662597656
vt 0.397949219 0.661132812
vt 0.389892578 0.661621094
vt 0.399658203 0.659667969
vt 0.388183594 0.661132812
vt 0.827636719 0.072265625
vt 0.828613281 0.0893554688
vt 0.830566406 0.0731811523
vt 0.831054688 0.0880737305
vt 0.831054688 0.0900878906
vt 0.827148438 0.0914916992
vt 0.831054688 0.0921020508
vt 0.827148438 0.092956543
vt 0.831054688 0.10357666
vt 0.826660156 0.103393555
vt 0.827148438 0.104492188
vt 0.831054688 0.10534668
vt 0.828613281 0.106445312
vt 0.831054688 0.106933594
vt 0.828613281 0.123413086
vt 0.831054688 0.123352051
vt 0.831054688 0.124938965
vt 0.827148438 0.125610352
vt 0.831054688 0.126586914
vt 0.826660156 0.126831055
vt 0.831054688 0.137695312
vt 0.827148438 0.137207031
vt 0.827148438 0.138549805
vt 0.831054688 0.139404297
vt 0.828613281 0.140380859
vt 0.831054688 0.141479492
vt 0.252929688 0.227783203
vt 0.252929688 0.21081543
vt 0.250976562 0.229492188
vt 0.250976562 0.209350586
vt 0.252929688 0.255615234
vt 0.252929688 0.238647461
vt 0.250976562 0.257324219
vt 0.250976562 0.237182617
vt 0.0152816772 0.254394531
vt 0.0159912109 0.254394531
vt 0.0148468018 0.25390625
vt 0.0161132812 0.247680664
vt 0.0148391724 0.247924805
vt 0.0155792236 0.247436523
vt 0.455566406 0.0579223633
vt 0.458251953 0.057800293
vt 0.460693359 0.0571594238
vt 0.459228516 0.0584716797
vt 0.459716797 0.059173584
vt 0.4609375 0.0658569336
vt 0.462158203 0.0663452148
vt 0.4609375 0.0708007812
vt 0.461669922 0.073059082
vt 0.460205078 0.0743408203
vt 0.458740234 0.0778808594
vt 0.459960938 0.0781860352
vt 0.455566406 0.0834350586
vt 0.456542969 0.0842285156
vt 0.456054688 0.0841064453
vt 0.951171875 0.198852539
vt 0.966308594 0.199707031
vt 0.966308594 0.198852539
vt 0.951171875 0.200927734
vt 0.966308594 0.201049805
vt 0.951171875 0.206420898
vt 0.966308594 0.205566406
vt 0.966308594 0.206787109
vt 0.951171875 0.208251953
vt 0.966308594 0.208496094
vt 0.951171875 0.212646484
vt 0.966308594 0.212402344
vt 0.966308594 0.213256836
vt 0.951171875 0.214599609
vt 0.966308594 0.21472168
vt 0.951171875 0.228515625
vt 0.966308594 0.228637695
vt 0.951171875 0.23046875
vt 0.966308594 0.23046875
vt 0.966308594 0.235839844
vt 0.951171875 0.236694336
vt 0.966308594 0.236938477
vt 0.951171875 0.23840332
vt 0.966308594 0.23840332
vt 0.951171875 0.245605469
vt 0.966308594 0.245605469
vt 0.606445312 0.448974609
vt 0.603027344 0.448974609
vt 0.603027344 0.465820312
vt 0.606445312 0.45703125
vt 0.607910156 0.448974609
vt 0.606445312 0.467529297
vt 0.607910156 0.45703125
vt 0.603027344 0.468505859
vt 0.608886719 0.448974609
vt 0.606445312 0.471191406
vt 0.608886719 0.45703125
vt 0.603027344 0.471191406
vt 0.610351562 0.448974609
vt 0.606445312 0.473632812
vt 0.610351562 0.45703125
vt 0.603027344 0.473632812
vt 0.606445312 0.476318359
vt 0.603027344 0.476318359
vt 0.606445312 0.479003906
vt 0.603027344 0.479003906
vt 0.611328125 0.448974609
vt 0.611816406 0.45703125
vt 0.612304688 0.455322266
vt 0.612792969 0.448974609
vt 0.613769531 0.448974609
vt 0.612792969 0.455810547
vt 0.613769531 0.455322266
vt 0.616699219 0.455566406
vt 0.616699219 0.448974609
vt 0.623046875 0.457519531
vt 0.622070312 0.456298828
vt 0.622558594 0.456054688
vt 0.373291016 0.544921875
vt 0.369384766 0.544921875
vt 0.369384766 0.546875
vt 0.373291016 0.546875
vt 0.369384766 0.548339844
vt 0.373291016 0.548339844
vt 0.369384766 0.550292969
vt 0.373291016 0.550292969
vt 0.369384766 0.552246094
vt 0.373291016 0.552246094
vt 0.369384766 0.554199219
vt 0.373291016 0.554199219
vt 0.369384766 0.556152344
vt 0.373291016 0.556152344
vt 0.369384766 0.558105469
vt 0.373291016 0.558105469
vt 0.369384766 0.559570312
vt 0.373291016 0.559570312
vt 0.369384766 0.561523438
vt 0.373291016 0.561523438
vt 0.369384766 0.563476562
vt 0.373291016 0.563476562
vt 0.369384766 0.565429688
vt 0.373291016 0.565429688
vt 0.369384766 0.567382812
vt 0.373291016 0.567382812
vt 0.369384766 0.569335938
vt 0.373291016 0.569335938
vt 0.369384766 0.571289062
vt 0.373291016 0.571289062
vt 0.369384766 0.572753906
vt 0.373291016 0.572753906
vt 0.466308594 0.121398926
vt 0.466308594 0.11895752
vt 0.462402344 0.119018555
vt 0.462402344 0.121398926
vt 0.466308594 0.123718262
vt 0.462402344 0.123718262
vt 0.466308594 0.126098633
vt 0.462402344 0.126098633
vt 0.466308594 0.128417969
vt 0.462402344 0.128417969
vt 0.466308594 0.130737305
vt 0.462402344 0.130737305
vt 0.466308594 0.139282227
vt 0.462402344 0.145751953
vt 0.466552734 0.145751953
vt 0.467773438 0.145751953
vt 0.467773438 0.139282227
vt 0.468994141 0.139282227
vt 0.469238281 0.145751953
vt 0.471435547 0.140136719
vt 0.472412109 0.145751953
vt 0.473144531 0.139770508
vt 0.472900391 0.140136719
vt 0.484863281 0.139404297
vt 0.483886719 0.139892578
vt 0.484619141 0.140258789
vt 0.474365234 0.145874023
vt 0.474609375 0.140136719
vt 0.477783203 0.145874023
vt 0.477539062 0.139892578
vt 0.840820312 0.805175781
vt 0.837402344 0.80078125
vt 0.840332031 0.805664062
vt 0.839355469 0.805175781
vt 0.840820312 0.806640625
vt 0.838378906 0.803222656
vt 0.83984375 0.815429688
vt 0.845214844 0.811035156
vt 0.839355469 0.818847656
vt 0.845703125 0.810546875
vt 0.830078125 0.802734375
vt 0.849121094 0.81640625
vt 0.833984375 0.798339844
vt 0.848632812 0.816894531
vt 0.829589844 0.797363281
vt 0.825195312 0.798339844
vt 0.821289062 0.800292969
vt 0.819824219 0.804199219
vt 0.817871094 0.805175781
vt 0.818359375 0.805664062
vt 0.818359375 0.806640625
vt 0.819335938 0.818847656
vt 0.813964844 0.811035156
vt 0.811523438 0.814453125
vt 0.810058594 0.818359375
vt 0.809082031 0.822753906
vt 0.80859375 0.83203125
vt 0.810058594 0.833496094
vt 0.815917969 0.833496094
vt 0.817382812 0.838378906
vt 0.815917969 0.836914062
vt 0.822265625 0.820800781
vt 0.831542969 0.8203125
vt 0.821777344 0.832519531
vt 0.837402344 0.832519531
vt 0.8203125 0.838378906
vt 0.821777344 0.836914062
vt 0.821289062 0.837890625
vt 0.843261719 0.833496094
vt 0.843261719 0.836425781
vt 0.842773438 0.837890625
vt 0.841308594 0.838378906
vt 0.840820312 0.838378906
vt 0.838867188 0.838378906
vt 0.837402344 0.836425781
vt 0.837890625 0.837890625
vt 0.849121094 0.833007812
vt 0.850097656 0.822753906
vt 0.850097656 0.831542969
vt 0.232421875 0.189331055
vt 0.21875 0.189331055
vt 0.232421875 0.192749023
vt 0.218261719 0.192260742
vt 0.217163086 0.189575195
vt 0.219238281 0.193725586
vt 0.220947266 0.1953125
vt 0.232421875 0.195678711
vt 0.222290039 0.197143555
vt 0.230834961 0.197875977
vt 0.223266602 0.198486328
vt 0.223754883 0.199829102
vt 0.229980469 0.200073242
vt 0.223876953 0.208984375
vt 0.229980469 0.209106445
vt 0.222900391 0.211547852
vt 0.230834961 0.21105957
vt 0.232421875 0.213256836
vt 0.221435547 0.213623047
vt 0.219238281 0.216186523
vt 0.232421875 0.216430664
vt 0.217773438 0.219116211
vt 0.217773438 0.265625
vt 0.232299805 0.232666016
vt 0.232299805 0.252197266
vt 0.232299805 0.268798828
vt 0.219116211 0.268554688
vt 0.221069336 0.270996094
vt 0.232299805 0.271728516
vt 0.222412109 0.272705078
vt 0.23059082 0.273925781
vt 0.223388672 0.274658203
vt 0.229858398 0.276123047
vt 0.223754883 0.276367188
vt 0.223754883 0.28515625
vt 0.229858398 0.284912109
vt 0.230712891 0.287109375
vt 0.22277832 0.287597656
vt 0.232299805 0.289306641
vt 0.221313477 0.289550781
vt 0.232299805 0.291992188
vt 0.219116211 0.292236328
vt 0.21862793 0.295410156
vt 0.232299805 0.295654297
vt 0.217773438 0.295166016
vt 0.201660156 0.198730469
vt 0.20690918 0.198364258
vt 0.204345703 0.198242188
vt 0.205200195 0.197387695
vt 0.205444336 0.196411133
vt 0.206054688 0.189941406
vt 0.204711914 0.189575195
vt 0.204223633 0.18359375
vt 0.203125 0.184326172
vt 0.203491211 0.18371582
vt 0.708984375 0.669433594
vt 0.711914062 0.669433594
vt 0.709472656 0.663574219
vt 0.718261719 0.668945312
vt 0.711914062 0.673339844
vt 0.711425781 0.663574219
vt 0.718261719 0.673339844
vt 0.718261719 0.662597656
vt 0.711425781 0.676269531
vt 0.711425781 0.657226562
vt 0.718261719 0.657226562
vt 0.711425781 0.654296875
vt 0.718261719 0.654296875
vt 0.711425781 0.651367188
vt 0.718261719 0.651367188
vt 0.711425781 0.6484375
vt 0.718261719 0.647949219
vt 0.711425781 0.64453125
vt 0.718261719 0.64453125
vt 0.711425781 0.642089844
vt 0.718261719 0.642089844
vt 0.711425781 0.639160156
vt 0.718261719 0.639160156
vt 0.711425781 0.6328125
vt 0.718261719 0.633300781
vt 0.708984375 0.627441406
vt 0.708984375 0.6328125
vt 0.718261719 0.626953125
vt 0.708984375 0.623046875
vt 0.718261719 0.623046875
vt 0.708984375 0.619140625
vt 0.718261719 0.619140625
vt 0.708984375 0.615234375
vt 0.718261719 0.61328125
vt 0.708984375 0.611328125
vt 0.708984375 0.604492188
vt 0.718261719 0.601074219
vt 0.704101562 0.601074219
vt 0.704101562 0.604980469
vt 0.892089844 0.608398438
vt 0.90625 0.607910156
vt 0.892089844 0.592773438
vt 0.90625 0.592773438
vt 0.892089844 0.591796875
vt 0.90625 0.591308594
vt 0.892089844 0.58984375
vt 0.90625 0.58984375
vt 0.905761719 0.581542969
vt 0.892089844 0.582519531
vt 0.892089844 0.581542969
vt 0.905761719 0.579589844
vt 0.892089844 0.579589844
vt 0.90625 0.563964844
vt 0.892089844 0.563476562
vt 0.893554688 0.5625
vt 0.90625 0.5625
vt 0.89453125 0.561523438
vt 0.90625 0.561523438
vt 0.90625 0.553710938
vt 0.89453125 0.553710938
vt 0.90625 0.552246094
vt 0.893554688 0.552246094
vt 0.90625 0.551269531
vt 0.892089844 0.551269531
vt 0.823730469 0.491699219
vt 0.825195312 0.490722656
vt 0.823730469 0.488769531
vt 0.825195312 0.48828125
vt 0.828125 0.486572266
vt 0.826171875 0.486816406
vt 0.829589844 0.488037109
vt 0.828125 0.473876953
vt 0.831054688 0.489013672
vt 0.826171875 0.47265625
vt 0.828613281 0.471679688
vt 0.841308594 0.490966797
vt 0.826171875 0.469970703
vt 0.829589844 0.469726562
vt 0.841308594 0.489013672
vt 0.843261719 0.488037109
vt 0.830078125 0.467773438
vt 0.826660156 0.468017578
vt 0.827636719 0.465576172
vt 0.844238281 0.486572266
vt 0.831542969 0.466552734
vt 0.829589844 0.463623047
vt 0.831054688 0.462890625
vt 0.843261719 0.4921875
vt 0.841308594 0.466552734
vt 0.841308594 0.462890625
vt 0.84375 0.464355469
vt 0.843261719 0.468505859
vt 0.845703125 0.467773438
vt 0.845703125 0.469726562
vt 0.842773438 0.469482422
vt 0.844238281 0.472167969
vt 0.845703125 0.47265625
vt 0.84375 0.493652344
vt 0.84375 0.498291016
vt 0.845703125 0.519042969
vt 0.844238281 0.505371094
vt 0.843261719 0.499755859
vt 0.841308594 0.500976562
vt 0.844238281 0.51953125
vt 0.843261719 0.50390625
vt 0.845703125 0.521484375
vt 0.841308594 0.502929688
vt 0.843261719 0.521972656
vt 0.845703125 0.522949219
vt 0.843261719 0.524414062
vt 0.844726562 0.526367188
vt 0.840820312 0.525878906
vt 0.841796875 0.528808594
vt 0.832519531 0.500976562
vt 0.831542969 0.502929688
vt 0.829589844 0.50390625
vt 0.831542969 0.525878906
vt 0.831542969 0.528808594
vt 0.828613281 0.52734375
vt 0.830078125 0.524902344
vt 0.827148438 0.523925781
vt 0.829101562 0.5234375
vt 0.826660156 0.521972656
vt 0.829589844 0.521972656
vt 0.831542969 0.499511719
vt 0.826660156 0.51953125
vt 0.828613281 0.51953125
vt 0.828613281 0.505371094
vt 0.826660156 0.504882812
vt 0.825195312 0.499267578
vt 0.825683594 0.503417969
vt 0.823730469 0.498535156
vt 0.823730469 0.502441406
vt 0.19543457 0.445556641
vt 0.203125 0.444580078
vt 0.194580078 0.444580078
vt 0.200317383 0.448974609
vt 0.19543457 0.450195312
vt 0.202026367 0.447998047
vt 0.203857422 0.448242188
vt 0.205322266 0.445068359
vt 0.205566406 0.448974609
vt 0.207397461 0.446289062
vt 0.198974609 0.450439453
vt 0.194702148 0.451660156
vt 0.206787109 0.450683594
vt 0.208984375 0.448242188
vt 0.210083008 0.450439453
vt 0.207397461 0.452636719
vt 0.210449219 0.453125
vt 0.20715332 0.454833984
vt 0.209960938 0.455810547
vt 0.194580078 0.456054688
vt 0.206176758 0.456542969
vt 0.208862305 0.458251953
vt 0.207275391 0.459960938
vt 0.204711914 0.457763672
vt 0.198364258 0.452392578
vt 0.198608398 0.454589844
vt 0.204345703 0.461425781
vt 0.199462891 0.456298828
vt 0.1953125 0.457763672
vt 0.202880859 0.458251953
vt 0.1953125 0.4609375
vt 0.201049805 0.457763672
vt 0.194946289 0.461425781
vt 0.165283203 0.0290679932
vt 0.166015625 0.0298919678
vt 0.16784668 0.0295410156
vt 0.167480469 0.029006958
vt 0.166015625 0.0298919678
vt 0.16784668 0.0302886963
vt 0.16784668 0.0295410156
vt 0.165893555 0.0307617188
vt 0.16784668 0.0310211182
vt 0.165649414 0.0368041992
vt 0.167602539 0.0371704102
vt 0.167358398 0.044921875
vt 0.165405273 0.0454711914
vt 0.167236328 0.0459289551
vt 0.165283203 0.0475158691
vt 0.167236328 0.0472106934
vt 0.256591797 0.185546875
vt 0.254394531 0.185058594
vt 0.254638672 0.185791016
vt 0.256591797 0.186279297
vt 0.254638672 0.186279297
vt 0.254882812 0.192382812
vt 0.256835938 0.192260742
vt 0.256835938 0.192749023
vt 0.254882812 0.193237305
vt 0.256835938 0.193481445
vt 0.254882812 0.193725586
vt 0.256591797 0.185546875
vt 0.257324219 0.184692383
vt 0.254394531 0.185058594
vt 0.254882812 0.184448242
vt 0.904785156 0.335449219
vt 0.890625 0.335449219
vt 0.890625 0.351318359
vt 0.904785156 0.351318359
vt 0.890625 0.352783203
vt 0.904785156 0.353271484
vt 0.890625 0.354003906
vt 0.890625 0.361572266
vt 0.904785156 0.361816406
vt 0.890625 0.36328125
vt 0.904785156 0.363769531
vt 0.890625 0.364501953
vt 0.904785156 0.379638672
vt 0.890625 0.379638672
vt 0.891113281 0.380615234
vt 0.904785156 0.380859375
vt 0.892578125 0.381835938
vt 0.904785156 0.382080078
vt 0.892578125 0.389648438
vt 0.904785156 0.389892578
vt 0.892089844 0.390625
vt 0.904785156 0.391113281
vt 0.891113281 0.391357422
vt 0.904785156 0.392333984
vt 0.890625 0.392333984
vt 0.704101562 0.6953125
vt 0.718261719 0.6953125
vt 0.704589844 0.691894531
vt 0.708984375 0.691894531
vt 0.708984375 0.685058594
vt 0.718261719 0.682128906
vt 0.708984375 0.681152344
vt 0.718261719 0.677246094
vt 0.708984375 0.676757812
vt 0.257324219 0.194091797
vt 0.254882812 0.193725586
vt 0.255371094 0.194335938
vt 0.256835938 0.193481445
vt 0.261230469 0.469482422
vt 0.263183594 0.469726562
vt 0.263183594 0.468994141
vt 0.261230469 0.46875
vt 0.263183594 0.468261719
vt 0.261230469 0.468261719
vt 0.263183594 0.462402344
vt 0.260986328 0.462402344
vt 0.263183594 0.458496094
vt 0.260986328 0.458740234
vt 0.262939453 0.454833984
vt 0.260986328 0.455078125
vt 0.260986328 0.450927734
vt 0.262939453 0.449951172
vt 0.260742188 0.442626953
vt 0.262939453 0.443115234
vt 0.262939453 0.442382812
vt 0.262939453 0.441162109
vt 0.260742188 0.440917969
vt 0.261230469 0.469482422
vt 0.262939453 0.470214844
vt 0.263183594 0.469726562
vt 0.260742188 0.470214844
vt 0.296630859 0.674316406
vt 0.299560547 0.674316406
vt 0.300048828 0.673339844
vt 0.284423828 0.666503906
vt 0.282226562 0.66796875
vt 0.283447266 0.666015625
vt 0.281005859 0.666503906
vt 0.282714844 0.664550781
vt 0.280273438 0.664550781
vt 0.282470703 0.657226562
vt 0.280273438 0.655761719
vt 0.282714844 0.655761719
vt 0.281005859 0.654296875
vt 0.283935547 0.654296875
vt 0.282470703 0.652832031
vt 0.300048828 0.647460938
vt 0.296630859 0.646484375
vt 0.299560547 0.646484375
vt 0.0426635742 0.164550781
vt 0.041229248 0.1640625
vt 0.0411987305 0.164916992
vt 0.0425415039 0.162597656
vt 0.0439758301 0.163085938
vt 0.0430297852 0.161132812
vt 0.0445861816 0.161499023
vt 0.0445861816 0.153198242
vt 0.0429992676 0.153442383
vt 0.043548584 0.151000977
vt 0.0422973633 0.151733398
vt 0.0411987305 0.149658203
vt 0.0411987305 0.150512695
vt 0.130737305 0.505859375
vt 0.129516602 0.505859375
vt 0.130493164 0.506347656
vt 0.1328125 0.506835938
vt 0.135375977 0.506347656
vt 0.147949219 0.500488281
vt 0.146606445 0.499023438
vt 0.149414062 0.499267578
vt 0.147705078 0.497558594
vt 0.150146484 0.497558594
vt 0.147949219 0.496337891
vt 0.150268555 0.488525391
vt 0.147827148 0.488769531
vt 0.149414062 0.486816406
vt 0.147094727 0.487548828
vt 0.148193359 0.485351562
vt 0.145996094 0.486816406
vt 0.133666992 0.479003906
vt 0.130737305 0.479980469
vt 0.130493164 0.479248047
vt 0.129516602 0.480224609
vt 0.00703048706 0.240844727
vt 0.00838470459 0.240478516
vt 0.00639724731 0.239746094
vt 0.00779342651 0.241699219
vt 0.0093536377 0.24230957
vt 0.00818634033 0.242553711
vt 0.00816345215 0.250488281
vt 0.00925445557 0.250976562
vt 0.00770568848 0.252929688
vt 0.00706863403 0.251953125
vt 0.00639724731 0.252929688
vt 0.837402344 0.800292969
vt 0.840820312 0.805175781
vt 0.841796875 0.805175781
vt 0.837402344 0.80078125
vt 0.833984375 0.798339844
vt 0.834960938 0.798339844
vt 0.832519531 0.797363281
vt 0.829589844 0.797363281
vt 0.829589844 0.796875
vt 0.825195312 0.798339844
vt 0.826171875 0.797363281
vt 0.823730469 0.798339844
vt 0.821289062 0.800292969
vt 0.821289062 0.799804688
vt 0.817871094 0.805175781
vt 0.816894531 0.805175781
vt 0.20690918 0.198364258
vt 0.207519531 0.198730469
vt 0.206054688 0.189941406
vt 0.20690918 0.192016602
vt 0.206298828 0.187866211
vt 0.204223633 0.18359375
vt 0.204833984 0.18371582
vt 0.461181641 0.0567016602
vt 0.460693359 0.0571594238
vt 0.462402344 0.063293457
vt 0.462158203 0.0663452148
vt 0.462890625 0.0670776367
vt 0.462646484 0.0709228516
vt 0.461669922 0.073059082
vt 0.461914062 0.0747070312
vt 0.460449219 0.0788574219
vt 0.459960938 0.0781860352
vt 0.456542969 0.0842285156
vt 0.457275391 0.0841064453
vt 0.0166931152 0.248168945
vt 0.0161132812 0.247680664
vt 0.0166015625 0.254150391
vt 0.0159912109 0.254394531
vt 0.31640625 0.295898438
vt 0.320556641 0.296386719
vt 0.320556641 0.291503906
vt 0.316162109 0.288818359
vt 0.322021484 0.287353516
vt 0.323486328 0.293212891
vt 0.321289062 0.293945312
vt 0.171875 0.274902344
vt 0.173339844 0.266357422
vt 0.171875 0.265625
vt 0.172729492 0.274658203
vt 0.176391602 0.274658203
vt 0.176635742 0.266357422
vt 0.312011719 0.112670898
vt 0.313476562 0.117370605
vt 0.317138672 0.116027832
vt 0.315673828 0.109191895
vt 0.309570312 0.108764648
vt 0.309570312 0.11505127
vt 0.312011719 0.115234375
vt 0.176513672 0.181762695
vt 0.17590332 0.190917969
vt 0.176635742 0.19140625
vt 0.174804688 0.182861328
vt 0.17175293 0.182861328
vt 0.17199707 0.191162109
vt 0.718261719 0.601074219
vt 0.718261719 0.600097656
vt 0.704101562 0.601074219
vt 0.704101562 0.600097656
vt 0.718261719 0.696289062
vt 0.718261719 0.6953125
vt 0.704101562 0.696289062
vt 0.704101562 0.6953125
vt 0.17956543 0.230224609
vt 0.176147461 0.233886719
vt 0.178466797 0.232299805
vt 0.17956543 0.221313477
vt 0.176147461 0.217773438
vt 0.178344727 0.219360352
vt 0.14831543 0.294677734
vt 0.151733398 0.291015625
vt 0.149414062 0.292724609
vt 0.14831543 0.303710938
vt 0.151733398 0.307373047
vt 0.149414062 0.305664062
vt 0.703125 0.600585938
vt 0.704101562 0.601074219
vt 0.704101562 0.600097656
vt 0.703125 0.601074219
vt 0.704101562 0.604980469
vt 0.317138672 0.116027832
vt 0.313476562 0.117370605
vt 0.317626953 0.116210938
vt 0.313476562 0.117980957
vt 0.315673828 0.109191895
vt 0.317138672 0.116027832
vt 0.316162109 0.108886719
vt 0.317626953 0.116210938
vt 0.174682617 0.182373047
vt 0.17175293 0.182861328
vt 0.174804688 0.182861328
vt 0.176513672 0.181762695
vt 0.176025391 0.181396484
vt 0.176635742 0.180297852
vt 0.703613281 0.695800781
vt 0.704101562 0.696289062
vt 0.704101562 0.6953125
vt 0.703613281 0.6953125
vt 0.704589844 0.691894531
vt 0.704101562 0.691894531
vt 0.316162109 0.296386719
vt 0.320800781 0.297119141
vt 0.31640625 0.295898438
vt 0.320556641 0.296386719
vt 0.315917969 0.288574219
vt 0.315917969 0.296142578
vt 0.316162109 0.288818359
vt 0.31640625 0.295898438
vt 0.173339844 0.266357422
vt 0.176635742 0.266357422
vt 0.173583984 0.265869141
vt 0.172241211 0.265136719
vt 0.171875 0.265625
vt 0.387207031 0.741699219
vt 0.387939453 0.740722656
vt 0.385742188 0.741210938
vt 0.386962891 0.739746094
vt 0.389160156 0.740234375
vt 0.388671875 0.738769531
vt 0.404785156 0.737304688
vt 0.404785156 0.736328125
vt 0.407714844 0.736328125
vt 0.408447266 0.737792969
vt 0.409912109 0.736816406
vt 0.411865234 0.73828125
vt 0.413818359 0.736816406
vt 0.414550781 0.737792969
vt 0.417236328 0.736816406
vt 0.416992188 0.735839844
vt 0.423583984 0.729980469
vt 0.423339844 0.729003906
vt 0.424316406 0.728515625
vt 0.424804688 0.7265625
vt 0.423583984 0.725097656
vt 0.424316406 0.724121094
vt 0.423339844 0.721191406
vt 0.422119141 0.722167969
vt 0.421630859 0.720703125
vt 0.422363281 0.718261719
vt 0.420898438 0.718261719
vt 0.420898438 0.671875
vt 0.422363281 0.671875
vt 0.423583984 0.668457031
vt 0.421875 0.668945312
vt 0.422851562 0.666992188
vt 0.424560547 0.665527344
vt 0.423828125 0.663574219
vt 0.424804688 0.663085938
vt 0.423828125 0.660644531
vt 0.423095703 0.660644531
vt 0.416992188 0.653808594
vt 0.416748047 0.653808594
vt 0.415771484 0.652832031
vt 0.415283203 0.653320312
vt 0.413818359 0.652832031
vt 0.412353516 0.652832031
vt 0.411376953 0.652832031
vt 0.409423828 0.653320312
vt 0.409179688 0.653320312
vt 0.407226562 0.653808594
vt 0.407226562 0.653320312
vt 0.404296875 0.654785156
vt 0.404052734 0.654296875
vt 0.391601562 0.653808594
vt 0.388427734 0.654296875
vt 0.390380859 0.653808594
vt 0.388671875 0.653808594
vt 0.387451172 0.653320312
vt 0.386474609 0.653320312
vt 0.386230469 0.65234375
vt 0.385742188 0.65234375
vt 0.209838867 0.254638672
vt 0.208007812 0.254394531
vt 0.208618164 0.254882812
vt 0.209228516 0.256347656
vt 0.210449219 0.256347656
vt 0.208007812 0.270263672
vt 0.209106445 0.270507812
vt 0.255859375 0.664550781
vt 0.2578125 0.665039062
vt 0.255859375 0.663574219
vt 0.258056641 0.6640625
vt 0.259521484 0.664550781
vt 0.262451172 0.668457031
vt 0.263183594 0.66796875
vt 0.263183594 0.669433594
vt 0.264160156 0.668945312
vt 0.263427734 0.670898438
vt 0.264648438 0.670898438
vt 0.261474609 0.677734375
vt 0.262207031 0.678710938
vt 0.260498047 0.678222656
vt 0.260498047 0.6796875
vt 0.259521484 0.679199219
vt 0.258056641 0.68359375
vt 0.258789062 0.684570312
vt 0.257324219 0.684570312
vt 0.257568359 0.686035156
vt 0.255859375 0.685546875
vt 0.850097656 0.815917969
vt 0.848632812 0.812988281
vt 0.849121094 0.81640625
vt 0.845703125 0.810546875
vt 0.846191406 0.809570312
vt 0.188598633 0.647949219
vt 0.188598633 0.670898438
vt 0.189941406 0.671386719
vt 0.190063477 0.647460938
vt 0.191894531 0.670410156
vt 0.192016602 0.6484375
vt 0.193237305 0.649414062
vt 0.193237305 0.669433594
vt 0.194702148 0.650390625
vt 0.194702148 0.668457031
vt 0.198364258 0.66015625
vt 0.19921875 0.662597656
vt 0.198486328 0.658203125
vt 0.196655273 0.66796875
vt 0.19934082 0.65625
vt 0.200561523 0.6640625
vt 0.196777344 0.650878906
vt 0.200683594 0.655273438
vt 0.202392578 0.654296875
vt 0.204833984 0.651367188
vt 0.204711914 0.654785156
vt 0.203857422 0.66796875
vt 0.202148438 0.664550781
vt 0.203979492 0.664550781
vt 0.206298828 0.666992188
vt 0.205566406 0.663574219
vt 0.208618164 0.665039062
vt 0.206787109 0.662109375
vt 0.210083008 0.662109375
vt 0.207397461 0.66015625
vt 0.210449219 0.659179688
vt 0.207763672 0.653320312
vt 0.206054688 0.655761719
vt 0.20715332 0.657714844
vt 0.209594727 0.655761719
vt 0.0548400879 0.2734375
vt 0.0548400879 0.269287109
vt 0.038848877 0.269287109
vt 0.0386047363 0.2734375
vt 0.0357055664 0.272216797
vt 0.0378723145 0.268554688
vt 0.0372924805 0.267333984
vt 0.035736084 0.25390625
vt 0.0372924805 0.258544922
vt 0.0650634766 0.324462891
vt 0.0650634766 0.342529297
vt 0.0665893555 0.337890625
vt 0.0665893555 0.329101562
vt 0.067199707 0.327880859
vt 0.0682373047 0.327148438
vt 0.067565918 0.322998047
vt 0.0842285156 0.322998047
vt 0.0842285156 0.327148438
vt 0.700683594 0.316650391
vt 0.721191406 0.317871094
vt 0.720703125 0.316650391
vt 0.700195312 0.317626953
vt 0.720703125 0.319335938
vt 0.700195312 0.319091797
vt 0.719726562 0.321533203
vt 0.701660156 0.321289062
vt 0.71875 0.323486328
vt 0.702636719 0.323486328
vt 0.711425781 0.327636719
vt 0.712890625 0.328125
vt 0.709472656 0.327636719
vt 0.714355469 0.329589844
vt 0.708007812 0.328369141
vt 0.718261719 0.325683594
vt 0.703125 0.325683594
vt 0.71484375 0.33203125
vt 0.706542969 0.330078125
vt 0.717773438 0.333984375
vt 0.71484375 0.333984375
vt 0.717285156 0.336914062
vt 0.713867188 0.3359375
vt 0.715820312 0.338623047
vt 0.712890625 0.336914062
vt 0.713867188 0.340087891
vt 0.7109375 0.337646484
vt 0.7109375 0.341064453
vt 0.703125 0.333740234
vt 0.706054688 0.331787109
vt 0.708496094 0.337158203
vt 0.708984375 0.340820312
vt 0.706542969 0.33984375
vt 0.707519531 0.336181641
vt 0.705078125 0.338623047
vt 0.706054688 0.334472656
vt 0.703613281 0.336425781
vt 0.655761719 0.116577148
vt 0.657226562 0.115356445
vt 0.651367188 0.104187012
vt 0.659179688 0.114746094
vt 0.661621094 0.114990234
vt 0.663085938 0.115905762
vt 0.651367188 0.11932373
vt 0.668457031 0.104187012
vt 0.654785156 0.118286133
vt 0.664550781 0.117431641
vt 0.651855469 0.121582031
vt 0.654785156 0.120178223
vt 0.652832031 0.123657227
vt 0.655761719 0.121887207
vt 0.654785156 0.125366211
vt 0.657226562 0.123168945
vt 0.657226562 0.126342773
vt 0.659179688 0.123718262
vt 0.659667969 0.126831055
vt 0.668457031 0.11932373
vt 0.665039062 0.119262695
vt 0.661621094 0.123535156
vt 0.662597656 0.126342773
vt 0.665039062 0.125366211
vt 0.663085938 0.122619629
vt 0.666503906 0.123657227
vt 0.664550781 0.12109375
vt 0.66796875 0.121643066
f 3/3 2/2 1/1
f 6/6 5/5 4/4
f 9/9 8/8 7/7
f 12/12 11/11 10/10
f 13/13 12/12 10/10
f 13/13 10/10 14/14
f 15/15 13/13 14/14
f 15/15 14/14 16/16
f 17/17 15/15 16/16
f 17/17 16/16 18/18
f 19/19 17/17 18/18
f 19/19 18/18 20/20
f 21/21 19/19 20/20
f 21/21 20/20 22/22
f 23/23 21/21 22/22
f 23/23 22/22 24/24
f 25/25 23/23 24/24
f 25/25 24/24 26/26
f 27/27 25/25 26/26
f 27/27 26/26 28/28
f 29/29 27/27 28/28
f 29/29 28/28 30/30
f 31/31 29/29 30/30
f 31/31 30/30 32/32
f 33/33 31/31 32/32
f 33/33 32/32 34/34
f 35/35 33/33 34/34
f 35/35 34/34 36/36
f 37/37 35/35 36/36
f 37/37 36/36 38/38
f 39/39 37/37 38/38
f 39/39 38/38 40/40
f 41/41 39/39 40/40
f 41/41 40/40 42/42
f 43/43 41/41 42/42
f 43/43 42/42 44/44
f 45/45 43/43 44/44
f 45/45 44/44 46/46
f 47/47 45/45 46/46
f 47/47 46/46 48/48
f 49/49 47/47 48/48
f 49/49 48/48 50/50
f 51/51 49/49 50/50
f 51/51 50/50 52/52
f 53/53 51/51 52/52
f 53/53 52/52 54/54
f 55/55 53/53 54/54
f 55/55 54/54 56/56
f 57/57 55/55 56/56
f 57/57 56/56 58/58
f 59/59 57/57 58/58
f 59/59 58/58 60/60
f 61/61 59/59 60/60
f 61/61 60/60 62/62
f 63/63 61/61 62/62
f 63/63 62/62 64/64
f 65/65 63/63 64/64
f 65/65 64/64 66/66
f 67/67 65/65 66/66
f 67/67 66/66 68/68
f 69/69 67/67 68/68
f 69/69 68/68 70/70
f 71/71 69/69 70/70
f 71/71 70/70 72/72
f 73/73 71/71 72/72
f 73/73 72/72 74/74
f 75/75 73/73 74/74
f 75/75 74/74 76/76
f 77/77 75/75 76/76
f 77/77 76/76 78/78
f 79/79 77/77 78/78
f 79/79 78/78 80/80
f 81/81 79/79 80/80
f 81/81 80/80 82/82
f 83/83 81/81 82/82
f 83/83 82/82 84/84
f 85/85 83/83 84/84
f 85/85 84/84 86/86
f 87/87 85/85 86/86
f 87/87 86/86 88/88
f 89/89 87/87 88/88
f 92/92 91/91 90/90
f 92/92 93/93 91/91
f 92/92 94/94 93/93
f 92/92 95/95 94/94
f 95/95 96/96 94/94
f 94/94 96/96 97/97
f 93/93 94/94 98/98
f 93/93 98/98 99/99
f 99/99 98/98 100/100
f 93/93 101/101 91/91
f 91/91 101/101 102/102
f 103/103 91/91 102/102
f 104/104 102/102 101/101
f 104/104 101/101 105/105
f 106/106 104/104 105/105
f 106/106 105/105 107/107
f 108/108 106/106 107/107
f 108/108 107/107 109/109
f 110/110 108/108 109/109
f 110/110 109/109 111/111
f 112/112 110/110 111/111
f 112/112 111/111 113/113
f 114/114 112/112 113/113
f 114/114 113/113 115/115
f 115/115 113/113 116/116
f 114/114 115/115 117/117
f 117/117 118/118 114/114
f 119/119 118/118 117/117
f 117/117 115/115 120/120
f 121/121 117/117 120/120
f 115/115 122/122 120/120
f 123/123 122/122 115/115
f 123/123 124/124 122/122
f 122/122 124/124 125/125
f 126/126 120/120 122/122
f 126/126 122/122 127/127
f 128/128 126/126 127/127
f 131/131 130/130 129/129
f 131/131 132/132 130/130
f 132/132 133/133 130/130
f 132/132 134/134 133/133
f 135/135 134/134 132/132
f 135/135 132/132 136/136
f 135/135 137/137 134/134
f 134/134 137/137 138/138
f 137/137 139/139 138/138
f 137/137 140/140 139/139
f 140/140 141/141 139/139
f 140/140 142/142 141/141
f 142/142 143/143 141/141
f 142/142 144/144 143/143
f 144/144 145/145 143/143
f 144/144 146/146 145/145
f 146/146 147/147 145/145
f 146/146 148/148 147/147
f 148/148 149/149 147/147
f 149/149 150/150 147/147
f 147/147 150/150 151/151
f 149/149 152/152 150/150
f 152/152 153/153 150/150
f 152/152 154/154 153/153
f 154/154 155/155 153/153
f 154/154 156/156 155/155
f 156/156 157/157 155/155
f 156/156 158/158 157/157
f 158/158 159/159 157/157
f 159/159 160/160 157/157
f 157/157 160/160 161/161
f 159/159 162/162 160/160
f 162/162 163/163 160/160
f 164/164 163/163 162/162
f 165/165 163/163 164/164
f 164/164 162/162 166/166
f 167/167 164/164 166/166
f 170/170 169/169 168/168
f 170/170 171/171 169/169
f 171/171 172/172 169/169
f 171/171 173/173 172/172
f 173/173 174/174 172/172
f 173/173 175/175 174/174
f 173/173 176/176 175/175
f 176/176 177/177 175/175
f 177/177 176/176 178/178
f 177/177 178/178 179/179
f 178/178 180/180 179/179
f 178/178 181/181 180/180
f 181/181 182/182 180/180
f 181/181 183/183 182/182
f 184/184 182/182 183/183
f 184/184 185/185 182/182
f 184/184 186/186 185/185
f 185/185 186/186 187/187
f 190/190 189/189 188/188
f 190/190 188/188 191/191
f 192/192 190/190 191/191
f 192/192 191/191 193/193
f 194/194 192/192 193/193
f 194/194 193/193 195/195
f 196/196 194/194 195/195
f 196/196 195/195 197/197
f 198/198 196/196 197/197
f 198/198 197/197 199/199
f 200/200 198/198 199/199
f 200/200 199/199 201/201
f 202/202 200/200 201/201
f 202/202 201/201 203/203
f 204/204 202/202 203/203
f 204/204 203/203 205/205
f 206/206 204/204 205/205
f 206/206 205/205 207/207
f 206/206 207/207 208/208
f 209/209 206/206 208/208
f 210/210 209/209 208/208
f 210/210 208/208 211/211
f 212/212 210/210 211/211
f 212/212 211/211 213/213
f 214/214 212/212 213/213
f 214/214 213/213 215/215
f 216/216 214/214 215/215
f 216/216 215/215 217/217
f 218/218 216/216 217/217
f 218/218 217/217 219/219
f 222/222 221/221 220/220
f 222/222 220/220 223/223
f 224/224 222/222 223/223
f 224/224 223/223 225/225
f 224/224 225/225 226/226
f 227/227 224/224 226/226
f 227/227 226/226 228/228
f 229/229 227/227 228/228
f 229/229 228/228 230/230
f 229/229 230/230 231/231
f 230/230 232/232 231/231
f 230/230 233/233 232/232
f 233/233 234/234 232/232
f 233/233 235/235 234/234
f 236/236 234/234 235/235
f 235/235 237/237 236/236
f 238/238 236/236 237/237
f 237/237 239/239 238/238
f 242/242 241/241 240/240
f 242/242 243/243 241/241
f 243/243 244/244 241/241
f 245/245 241/241 244/244
f 245/245 244/244 246/246
f 247/247 245/245 246/246
f 247/247 246/246 248/248
f 247/247 248/248 249/249
f 250/250 249/249 248/248
f 250/250 248/248 251/251
f 250/250 251/251 252/252
f 252/252 251/251 253/253
f 253/253 254/254 252/252
f 253/253 255/255 254/254
f 254/254 255/255 256/256
f 257/257 254/254 256/256
f 257/257 256/256 258/258
f 259/259 257/257 258/258
f 260/260 259/259 258/258
f 260/260 261/261 259/259
f 262/262 261/261 260/260
f 262/262 260/260 263/263
f 262/262 263/263 264/264
f 264/264 263/263 265/265
f 268/268 267/267 266/266
f 268/268 269/269 267/267
f 272/272 271/271 270/270
f 272/272 273/273 271/271
f 276/276 275/275 274/274
f 275/275 276/276 277/277
f 277/277 276/276 278/278
f 279/279 277/277 278/278
f 282/282 281/281 280/280
f 283/283 281/281 282/282
f 282/282 284/284 283/283
f 285/285 284/284 282/282
f 285/285 282/282 286/286
f 287/287 285/285 286/286
f 287/287 286/286 288/288
f 289/289 287/287 288/288
f 290/290 289/289 288/288
f 290/290 288/288 291/291
f 292/292 290/290 291/291
f 292/292 291/291 293/293
f 293/293 294/294 292/292
f 297/297 296/296 295/295
f 298/298 295/295 296/296
f 298/298 296/296 299/299
f 300/300 298/298 299/299
f 300/300 299/299 301/301
f 300/300 301/301 302/302
f 303/303 300/300 302/302
f 303/303 302/302 304/304
f 303/303 304/304 305/305
f 305/305 304/304 306/306
f 305/305 306/306 307/307
f 308/308 305/305 307/307
f 308/308 307/307 309/309
f 310/310 308/308 309/309
f 310/310 309/309 311/311
f 312/312 310/310 311/311
f 312/312 311/311 313/313
f 313/313 314/314 312/312
f 314/314 315/315 312/312
f 315/315 314/314 316/316
f 317/317 315/315 316/316
f 317/317 316/316 318/318
f 319/319 317/317 318/318
f 319/319 318/318 320/320
f 323/323 322/322 321/321
f 323/323 321/321 324/324
f 324/324 321/321 325/325
f 326/326 323/323 324/324
f 327/327 324/324 325/325
f 328/328 323/323 326/326
f 327/327 325/325 329/329
f 328/328 326/326 330/330
f 331/331 327/327 329/329
f 332/332 328/328 330/330
f 329/329 333/333 331/331
f 332/332 330/330 334/334
f 333/333 335/335 331/331
f 336/336 332/332 334/334
f 336/336 334/334 337/337
f 338/338 336/336 337/337
f 338/338 337/337 339/339
f 340/340 338/338 339/339
f 333/333 341/341 335/335
f 341/341 342/342 335/335
f 341/341 343/343 342/342
f 341/341 344/344 343/343
f 344/344 345/345 343/343
f 343/343 346/346 342/342
f 345/345 347/347 343/343
f 345/345 348/348 347/347
f 345/345 349/349 348/348
f 346/346 350/350 342/342
f 346/346 351/351 350/350
f 351/351 352/352 350/350
f 355/355 354/354 353/353
f 355/355 353/353 356/356
f 357/357 355/355 356/356
f 357/357 356/356 358/358
f 359/359 357/357 358/358
f 359/359 358/358 360/360
f 361/361 359/359 360/360
f 361/361 360/360 362/362
f 363/363 361/361 362/362
f 363/363 362/362 364/364
f 365/365 363/363 364/364
f 365/365 364/364 366/366
f 367/367 365/365 366/366
f 367/367 366/366 368/368
f 369/369 367/367 368/368
f 369/369 368/368 370/370
f 371/371 369/369 370/370
f 371/371 370/370 372/372
f 373/373 371/371 372/372
f 373/373 372/372 374/374
f 375/375 373/373 374/374
f 375/375 374/374 376/376
f 377/377 375/375 376/376
f 377/377 376/376 378/378
f 379/379 377/377 378/378
f 379/379 378/378 380/380
f 381/381 379/379 380/380
f 381/381 380/380 382/382
f 383/383 381/381 382/382
f 383/383 382/382 384/384
f 387/387 386/386 385/385
f 388/388 387/387 385/385
f 388/388 385/385 389/389
f 390/390 388/388 389/389
f 390/390 389/389 391/391
f 392/392 390/390 391/391
f 392/392 391/391 393/393
f 394/394 392/392 393/393
f 394/394 393/393 395/395
f 396/396 394/394 395/395
f 396/396 395/395 397/397
f 398/398 396/396 397/397
f 398/398 397/397 399/399
f 400/400 399/399 397/397
f 400/400 397/397 401/401
f 401/401 402/402 400/400
f 402/402 403/403 400/400
f 403/403 402/402 404/404
f 403/403 404/404 405/405
f 406/406 404/404 402/402
f 407/407 405/405 404/404
f 406/406 402/402 408/408
f 409/409 406/406 408/408
f 409/409 408/408 410/410
f 407/407 411/411 405/405
f 411/411 407/407 412/412
f 413/413 411/411 412/412
f 413/413 412/412 414/414
f 417/417 416/416 415/415
f 417/417 418/418 416/416
f 417/417 419/419 418/418
f 420/420 416/416 418/418
f 418/418 419/419 421/421
f 422/422 421/421 419/419
f 422/422 423/423 421/421
f 422/422 424/424 423/423
f 420/420 425/425 416/416
f 423/423 424/424 426/426
f 425/425 427/427 416/416
f 426/426 428/428 423/423
f 429/429 427/427 425/425
f 430/430 429/429 425/425
f 425/425 431/431 430/430
f 431/431 425/425 432/432
f 433/433 431/431 432/432
f 434/434 433/433 432/432
f 435/435 434/434 432/432
f 435/435 432/432 436/436
f 435/435 436/436 437/437
f 436/436 438/438 437/437
f 436/436 439/439 438/438
f 436/436 440/440 439/439
f 436/436 441/441 440/440
f 442/442 441/441 436/436
f 443/443 442/442 436/436
f 436/436 444/444 443/443
f 445/445 443/443 444/444
f 436/436 446/446 444/444
f 446/446 436/436 447/447
f 448/448 444/444 446/446
f 446/446 447/447 448/448
f 449/449 448/448 447/447
f 423/423 449/449 447/447
f 448/448 450/450 444/444
f 450/450 448/448 451/451
f 450/450 451/451 452/452
f 449/449 423/423 453/453
f 453/453 454/454 449/449
f 454/454 455/455 449/449
f 455/455 456/456 449/449
f 457/457 449/449 456/456
f 449/449 457/457 458/458
f 459/459 449/449 458/458
f 459/459 458/458 460/460
f 453/453 423/423 461/461
f 461/461 423/423 462/462
f 461/461 462/462 463/463
f 423/423 428/428 462/462
f 466/466 465/465 464/464
f 466/466 467/467 465/465
f 467/467 468/468 465/465
f 466/466 469/469 467/467
f 466/466 470/470 469/469
f 471/471 470/470 466/466
f 471/471 472/472 470/470
f 471/471 473/473 472/472
f 474/474 472/472 473/473
f 475/475 474/474 473/473
f 475/475 473/473 476/476
f 476/476 477/477 475/475
f 476/476 478/478 477/477
f 477/477 478/478 479/479
f 479/479 478/478 480/480
f 481/481 479/479 480/480
f 481/481 482/482 479/479
f 481/481 483/483 482/482
f 481/481 484/484 483/483
f 485/485 483/483 484/484
f 484/484 486/486 485/485
f 484/484 487/487 486/486
f 488/488 486/486 487/487
f 489/489 486/486 488/488
f 486/486 489/489 490/490
f 491/491 490/490 489/489
f 491/491 489/489 492/492
f 493/493 491/491 492/492
f 493/493 492/492 494/494
f 495/495 493/493 494/494
f 495/495 494/494 496/496
f 497/497 495/495 496/496
f 496/496 498/498 497/497
f 496/496 499/499 498/498
f 498/498 499/499 500/500
f 501/501 498/498 500/500
f 502/502 501/501 500/500
f 502/502 503/503 501/501
f 502/502 504/504 503/503
f 504/504 505/505 503/503
f 506/506 505/505 504/504
f 506/506 504/504 507/507
f 506/506 508/508 505/505
f 511/511 510/510 509/509
f 512/512 510/510 511/511
f 512/512 513/513 510/510
f 514/514 510/510 513/513
f 514/514 513/513 515/515
f 516/516 514/514 515/515
f 517/517 516/516 515/515
f 518/518 516/516 517/517
f 521/521 520/520 519/519
f 521/521 522/522 520/520
f 522/522 523/523 520/520
f 521/521 524/524 522/522
f 522/522 525/525 523/523
f 524/524 526/526 522/522
f 525/525 527/527 523/523
f 524/524 528/528 526/526
f 528/528 529/529 526/526
f 529/529 528/528 530/530
f 531/531 529/529 530/530
f 531/531 530/530 532/532
f 533/533 531/531 532/532
f 533/533 532/532 534/534
f 535/535 533/533 534/534
f 535/535 534/534 536/536
f 537/537 535/535 536/536
f 537/537 536/536 538/538
f 539/539 537/537 538/538
f 539/539 538/538 540/540
f 541/541 539/539 540/540
f 541/541 540/540 542/542
f 543/543 541/541 542/542
f 544/544 543/543 542/542
f 544/544 542/542 545/545
f 546/546 543/543 544/544
f 546/546 544/544 547/547
f 548/548 546/546 547/547
f 548/548 547/547 549/549
f 550/550 548/548 549/549
f 550/550 549/549 551/551
f 552/552 550/550 551/551
f 552/552 551/551 553/553
f 553/553 554/554 552/552
f 554/554 555/555 552/552
f 556/556 555/555 554/554
f 556/556 554/554 557/557
f 560/560 559/559 558/558
f 560/560 561/561 559/559
f 562/562 561/561 560/560
f 562/562 563/563 561/561
f 563/563 562/562 564/564
f 565/565 563/563 564/564
f 566/566 565/565 564/564
f 566/566 564/564 567/567
f 566/566 567/567 568/568
f 569/569 566/566 568/568
f 569/569 568/568 570/570
f 569/569 570/570 571/571
f 570/570 572/572 571/571
f 572/572 573/573 571/571
f 573/573 574/574 571/571
f 573/573 575/575 574/574
f 576/576 574/574 575/575
f 577/577 576/576 575/575
f 577/577 575/575 578/578
f 577/577 578/578 579/579
f 580/580 579/579 578/578
f 580/580 581/581 579/579
f 581/581 580/580 582/582
f 585/585 584/584 583/583
f 585/585 586/586 584/584
f 586/586 587/587 584/584
f 587/587 586/586 588/588
f 587/587 589/589 584/584
f 590/590 587/587 588/588
f 591/591 584/584 589/589
f 590/590 588/588 592/592
f 592/592 593/593 590/590
f 591/591 594/594 584/584
f 592/592 595/595 593/593
f 595/595 596/596 593/593
f 591/591 597/597 594/594
f 597/597 598/598 594/594
f 595/595 599/599 596/596
f 595/595 600/600 599/599
f 600/600 601/601 599/599
f 594/594 598/598 602/602
f 601/601 603/603 599/599
f 601/601 604/604 603/603
f 604/604 605/605 603/603
f 606/606 594/594 602/602
f 605/605 607/607 603/603
f 608/608 607/607 605/605
f 608/608 609/609 607/607
f 609/609 610/610 607/607
f 609/609 611/611 610/610
f 610/610 611/611 612/612
f 613/613 610/610 612/612
f 613/613 612/612 614/614
f 614/614 612/612 615/615
f 614/614 615/615 602/602
f 616/616 606/606 602/602
f 616/616 602/602 615/615
f 617/617 616/616 615/615
f 617/617 615/615 618/618
f 619/619 617/617 618/618
f 619/619 620/620 617/617
f 619/619 621/621 620/620
f 619/619 618/618 622/622
f 623/623 621/621 619/619
f 618/618 624/624 622/622
f 623/623 625/625 621/621
f 624/624 626/626 622/622
f 626/626 624/624 627/627
f 628/628 626/626 627/627
f 628/628 627/627 629/629
f 630/630 628/628 629/629
f 629/629 631/631 630/630
f 625/625 632/632 621/621
f 625/625 633/633 632/632
f 634/634 632/632 633/633
f 635/635 630/630 631/631
f 635/635 631/631 636/636
f 635/635 636/636 637/637
f 638/638 635/635 637/637
f 638/638 637/637 639/639
f 640/640 638/638 639/639
f 640/640 639/639 641/641
f 642/642 640/640 641/641
f 634/634 643/643 632/632
f 641/641 644/644 642/642
f 644/644 645/645 642/642
f 644/644 646/646 645/645
f 644/644 647/647 646/646
f 647/647 634/634 646/646
f 648/648 643/643 634/634
f 647/647 649/649 634/634
f 650/650 648/648 634/634
f 649/649 651/651 634/634
f 651/651 650/650 634/634
f 654/654 653/653 652/652
f 653/653 655/655 652/652
f 652/652 655/655 656/656
f 655/655 653/653 657/657
f 653/653 658/658 657/657
f 653/653 659/659 658/658
f 659/659 660/660 658/658
f 659/659 661/661 660/660
f 656/656 655/655 662/662
f 656/656 662/662 663/663
f 661/661 664/664 660/660
f 665/665 664/664 661/661
f 665/665 666/666 664/664
f 666/666 667/667 664/664
f 666/666 668/668 667/667
f 668/668 669/669 667/667
f 668/668 670/670 669/669
f 671/671 663/663 662/662
f 670/670 672/672 669/669
f 673/673 672/672 670/670
f 673/673 674/674 672/672
f 674/674 675/675 672/672
f 662/662 676/676 671/671
f 676/676 677/677 671/671
f 674/674 678/678 675/675
f 677/677 679/679 671/671
f 680/680 671/671 679/679
f 678/678 681/681 675/675
f 682/682 680/680 679/679
f 678/678 683/683 681/681
f 682/682 679/679 683/683
f 678/678 682/682 683/683
f 684/684 682/682 678/678
f 687/687 686/686 685/685
f 688/688 687/687 685/685
f 691/691 690/690 689/689
f 690/690 692/692 689/689
f 690/690 693/693 692/692
f 694/694 692/692 693/693
f 694/694 693/693 695/695
f 694/694 695/695 696/696
f 694/694 696/696 697/697
f 696/696 698/698 697/697
f 698/698 699/699 697/697
f 698/698 700/700 699/699
f 703/703 702/702 701/701
f 701/701 704/704 703/703
f 704/704 705/705 703/703
f 704/704 706/706 705/705
f 704/704 707/707 706/706
f 707/707 708/708 706/706
f 709/709 706/706 708/708
f 709/709 708/708 710/710
f 709/709 710/710 711/711
f 714/714 713/713 712/712
f 714/714 715/715 713/713
f 718/718 717/717 716/716
f 718/718 716/716 719/719
f 719/719 720/720 718/718
f 719/719 721/721 720/720
f 721/721 722/722 720/720
f 721/721 723/723 722/722
f 721/721 724/724 723/723
f 724/724 725/725 723/723
f 724/724 726/726 725/725
f 726/726 727/727 725/725
f 727/727 726/726 728/728
f 727/727 728/728 729/729
f 728/728 730/730 729/729
f 731/731 730/730 728/728
f 732/732 730/730 731/731
f 732/732 731/731 733/733
f 733/733 734/734 732/732
f 733/733 735/735 734/734
f 735/735 736/736 734/734
f 735/735 737/737 736/736
f 737/737 738/738 736/736
f 737/737 739/739 738/738
f 739/739 740/740 738/738
f 743/743 742/742 741/741
f 743/743 744/744 742/742
f 744/744 745/745 742/742
f 745/745 746/746 742/742
f 746/746 745/745 747/747
f 748/748 746/746 747/747
f 748/748 747/747 749/749
f 527/527 748/748 749/749
f 748/748 527/527 525/525
f 752/752 751/751 750/750
f 751/751 753/753 750/750
f 756/756 755/755 754/754
f 756/756 754/754 757/757
f 758/758 756/756 757/757
f 757/757 759/759 758/758
f 759/759 760/760 758/758
f 759/759 761/761 760/760
f 761/761 762/762 760/760
f 761/761 763/763 762/762
f 763/763 764/764 762/762
f 765/765 764/764 763/763
f 765/765 766/766 764/764
f 766/766 767/767 764/764
f 768/768 767/767 766/766
f 768/768 769/769 767/767
f 768/768 770/770 769/769
f 768/768 771/771 770/770
f 768/768 772/772 771/771
f 775/775 774/774 773/773
f 774/774 776/776 773/773
f 779/779 778/778 777/777
f 780/780 779/779 777/777
f 780/780 777/777 781/781
f 781/781 782/782 780/780
f 782/782 781/781 783/783
f 784/784 782/782 783/783
f 784/784 783/783 785/785
f 786/786 784/784 785/785
f 786/786 785/785 787/787
f 787/787 788/788 786/786
f 788/788 787/787 789/789
f 790/790 788/788 789/789
f 790/790 789/789 791/791
f 792/792 790/790 791/791
f 792/792 791/791 793/793
f 794/794 792/792 793/793
f 797/797 796/796 795/795
f 795/795 796/796 798/798
f 799/799 795/795 798/798
f 798/798 800/800 799/799
f 800/800 801/801 799/799
f 802/802 801/801 800/800
f 802/802 800/800 803/803
f 803/803 804/804 802/802
f 803/803 805/805 804/804
f 804/804 805/805 806/806
f 806/806 805/805 807/807
f 810/810 809/809 808/808
f 811/811 810/810 808/808
f 811/811 808/808 812/812
f 813/813 812/812 808/808
f 813/813 808/808 814/814
f 814/814 815/815 813/813
f 814/814 816/816 815/815
f 816/816 817/817 815/815
f 817/817 816/816 818/818
f 819/819 817/817 818/818
f 819/819 818/818 820/820
f 820/820 821/821 819/819
f 820/820 822/822 821/821
f 822/822 823/823 821/821
f 823/823 822/822 824/824
f 824/824 825/825 823/823
f 824/824 826/826 825/825
f 826/826 827/827 825/825
f 826/826 828/828 827/827
f 831/831 830/830 829/829
f 830/830 832/832 829/829
f 830/830 833/833 832/832
f 833/833 834/834 832/832
f 835/835 834/834 833/833
f 835/835 833/833 836/836
f 835/835 836/836 837/837
f 838/838 835/835 837/837
f 837/837 839/839 838/838
f 842/842 841/841 840/840
f 841/841 843/843 840/840
f 840/840 843/843 844/844
f 845/845 840/840 844/844
f 846/846 845/845 844/844
f 846/846 844/844 847/847
f 848/848 846/846 847/847
f 848/848 847/847 849/849
f 850/850 848/848 849/849
f 851/851 850/850 849/849
f 851/851 849/849 852/852
f 853/853 851/851 852/852
f 852/852 854/854 853/853
f 854/854 855/855 853/853
f 858/858 857/857 856/856
f 858/858 859/859 857/857
f 860/860 859/859 858/858
f 858/858 861/861 860/860
f 861/861 862/862 860/860
f 865/865 864/864 863/863
f 865/865 866/866 864/864
f 865/865 867/867 866/866
f 867/867 868/868 866/866
f 868/868 869/869 866/866
f 868/868 870/870 869/869
f 870/870 871/871 869/869
f 871/871 872/872 869/869
f 871/871 873/873 872/872
f 871/871 874/874 873/873
f 877/877 876/876 875/875
f 877/877 878/878 876/876
f 881/881 880/880 879/879
f 881/881 879/879 882/882
f 882/882 883/883 881/881
f 881/881 883/883 884/884
f 885/885 881/881 884/884
f 888/888 887/887 886/886
f 889/889 886/886 887/887
f 890/890 889/889 887/887
f 890/890 887/887 891/891
f 894/894 893/893 892/892
f 892/892 895/895 894/894
f 896/896 895/895 892/892
f 892/892 897/897 896/896
f 897/897 892/892 898/898
f 901/901 900/900 899/899
f 902/902 899/899 900/900
f 903/903 902/902 900/900
f 903/903 900/900 904/904
f 907/907 906/906 905/905
f 906/906 907/907 908/908
f 911/911 910/910 909/909
f 910/910 911/911 912/912
f 915/915 914/914 913/913
f 914/914 916/916 913/913
f 914/914 917/917 916/916
f 917/917 918/918 916/916
f 921/921 920/920 919/919
f 920/920 922/922 919/919
f 920/920 923/923 922/922
f 923/923 924/924 922/922
f 927/927 926/926 925/925
f 926/926 928/928 925/925
f 929/929 928/928 926/926
f 932/932 931/931 930/930
f 932/932 933/933 931/931
f 936/936 935/935 934/934
f 936/936 937/937 935/935
f 940/940 939/939 938/938
f 938/938 941/941 940/940
f 938/938 942/942 941/941
f 942/942 943/943 941/941
f 946/946 945/945 944/944
f 946/946 944/944 947/947
f 948/948 946/946 947/947
f 948/948 947/947 949/949
f 952/952 951/951 950/950
f 952/952 953/953 951/951
f 956/956 955/955 954/954
f 956/956 957/957 955/955
f 960/960 959/959 958/958
f 958/958 961/961 960/960
f 958/958 962/962 961/961
f 965/965 964/964 963/963
f 965/965 966/966 964/964
f 966/966 967/967 964/964
f 966/966 968/968 967/967
f 968/968 969/969 967/967
f 968/968 970/970 969/969
f 970/970 971/971 969/969
f 971/971 972/972 969/969
f 971/971 973/973 972/972
f 972/972 973/973 974/974
f 973/973 975/975 974/974
f 975/975 976/976 974/974
f 977/977 976/976 975/975
f 977/977 975/975 978/978
f 978/978 979/979 977/977
f 978/978 980/980 979/979
f 980/980 981/981 979/979
f 980/980 982/982 981/981
f 980/980 983/983 982/982
f 983/983 984/984 982/982
f 983/983 985/985 984/984
f 983/983 986/986 985/985
f 986/986 987/987 985/985
f 985/985 987/987 988/988
f 989/989 988/988 987/987
f 988/988 989/989 990/990
f 991/991 988/988 990/990
f 992/992 991/991 990/990
f 992/992 990/990 993/993
f 993/993 994/994 992/992
f 994/994 995/995 992/992
f 994/994 996/996 995/995
f 997/997 995/995 996/996
f 998/998 997/997 996/996
f 998/998 996/996 999/999
f 998/998 999/999 1000/1000
f 999/999 1001/1001 1000/1000
f 1000/1000 1001/1001 1002/1002
f 1001/1001 1003/1003 1002/1002
f 1002/1002 1003/1003 1004/1004
f 1004/1004 1003/1003 1005/1005
f 1004/1004 1005/1005 1006/1006
f 1005/1005 1007/1007 1006/1006
f 1007/1007 1008/1008 1006/1006
f 1007/1007 1009/1009 1008/1008
f 1009/1009 1010/1010 1008/1008
f 1009/1009 1011/1011 1010/1010
f 1011/1011 1012/1012 1010/1010
f 1012/1012 1011/1011 1013/1013
f 1013/1013 1011/1011 1014/1014
f 1013/1013 1014/1014 1015/1015
f 1015/1015 1014/1014 1016/1016
f 1014/1014 1017/1017 1016/1016
f 1014/1014 1018/1018 1017/1017
f 1018/1018 1019/1019 1017/1017
f 1018/1018 1020/1020 1019/1019
f 1023/1023 1022/1022 1021/1021
f 1024/1024 1023/1023 1021/1021
f 1024/1024 1021/1021 1025/1025
f 1026/1026 1024/1024 1025/1025
f 1026/1026 1025/1025 1027/1027
f 1030/1030 1029/1029 1028/1028
f 1030/1030 1031/1031 1029/1029
f 1031/1031 1032/1032 1029/1029
f 1033/1033 1029/1029 1032/1032
f 1033/1033 1032/1032 1034/1034
f 1034/1034 1035/1035 1033/1033
f 1034/1034 1036/1036 1035/1035
f 1036/1036 1037/1037 1035/1035
f 1036/1036 1038/1038 1037/1037
f 1039/1039 1037/1037 1038/1038
f 1039/1039 1038/1038 1040/1040
f 1040/1040 1041/1041 1039/1039
f 1040/1040 1042/1042 1041/1041
f 1042/1042 1043/1043 1041/1041
f 1044/1044 1043/1043 1042/1042
f 1044/1044 1042/1042 1045/1045
f 1045/1045 1046/1046 1044/1044
f 1046/1046 1045/1045 1047/1047
f 1048/1048 1046/1046 1047/1047
f 1051/1051 1050/1050 1049/1049
f 1051/1051 1052/1052 1050/1050
f 1052/1052 1053/1053 1050/1050
f 1056/1056 1055/1055 1054/1054
f 1057/1057 1056/1056 1054/1054
f 1058/1058 1056/1056 1057/1057
f 1059/1059 1058/1058 1057/1057
f 1058/1058 1059/1059 1060/1060
f 1061/1061 1058/1058 1060/1060
f 1060/1060 1062/1062 1061/1061
f 1062/1062 1063/1063 1061/1061
f 1062/1062 1064/1064 1063/1063
f 1064/1064 1065/1065 1063/1063
f 1062/1062 1066/1066 1064/1064
f 1067/1067 1063/1063 1065/1065
f 1068/1068 1066/1066 1062/1062
f 1067/1067 1065/1065 1069/1069
f 1068/1068 1062/1062 1070/1070
f 1071/1071 1068/1068 1070/1070
f 1072/1072 1071/1071 1070/1070
f 1072/1072 1070/1070 1073/1073
f 1072/1072 1073/1073 1074/1074
f 1067/1067 1069/1069 1075/1075
f 1076/1076 1075/1075 1069/1069
f 1076/1076 1077/1077 1075/1075
f 1077/1077 1078/1078 1075/1075
f 1077/1077 1079/1079 1078/1078
f 1080/1080 1078/1078 1079/1079
f 1080/1080 1079/1079 1081/1081
f 1082/1082 1080/1080 1081/1081
f 1082/1082 1081/1081 1083/1083
f 1082/1082 1083/1083 1084/1084
f 1073/1073 1085/1085 1074/1074
f 1085/1085 1086/1086 1074/1074
f 1084/1084 1083/1083 1087/1087
f 1085/1085 1087/1087 1086/1086
f 1088/1088 1084/1084 1087/1087
f 1088/1088 1087/1087 1085/1085
f 1091/1091 1090/1090 1089/1089
f 1092/1092 1091/1091 1089/1089
f 1092/1092 1093/1093 1091/1091
f 1093/1093 1094/1094 1091/1091
f 1095/1095 1094/1094 1093/1093
f 1095/1095 1093/1093 1096/1096
f 1097/1097 1095/1095 1096/1096
f 1100/1100 1099/1099 1098/1098
f 1101/1101 1100/1100 1098/1098
f 1101/1101 1098/1098 1102/1102
f 1102/1102 1098/1098 1103/1103
f 1098/1098 1104/1104 1103/1103
f 1103/1103 1104/1104 1105/1105
f 1106/1106 1103/1103 1105/1105
f 1109/1109 1108/1108 1107/1107
f 1108/1108 1110/1110 1107/1107
f 1108/1108 1111/1111 1110/1110
f 1111/1111 1112/1112 1110/1110
f 1111/1111 1113/1113 1112/1112
f 1113/1113 1114/1114 1112/1112
f 1114/1114 1113/1113 1115/1115
f 1116/1116 1114/1114 1115/1115
f 1117/1117 1116/1116 1115/1115
f 1117/1117 1115/1115 1118/1118
f 1117/1117 1119/1119 1116/1116
f 1120/1120 1118/1118 1115/1115
f 1119/1119 1121/1121 1116/1116
f 1120/1120 1115/1115 1122/1122
f 1123/1123 1116/1116 1121/1121
f 1124/1124 1120/1120 1122/1122
f 1123/1123 1121/1121 1125/1125
f 1124/1124 1122/1122 1126/1126
f 1124/1124 1126/1126 1127/1127
f 1126/1126 1128/1128 1127/1127
f 1128/1128 1129/1129 1127/1127
f 1128/1128 1130/1130 1129/1129
f 1130/1130 1131/1131 1129/1129
f 1132/1132 1131/1131 1130/1130
f 1132/1132 1133/1133 1131/1131
f 1132/1132 1134/1134 1133/1133
f 1123/1123 1125/1125 1135/1135
f 1136/1136 1135/1135 1125/1125
f 1134/1134 1137/1137 1133/1133
f 1138/1138 1137/1137 1134/1134
f 1138/1138 1139/1139 1137/1137
f 1139/1139 1140/1140 1137/1137
f 1139/1139 1141/1141 1140/1140
f 1136/1136 1142/1142 1135/1135
f 1141/1141 1142/1142 1140/1140
f 1142/1142 1143/1143 1135/1135
f 1142/1142 1141/1141 1143/1143
f 1146/1146 1145/1145 1144/1144
f 1146/1146 1147/1147 1145/1145
f 1148/1148 1147/1147 1146/1146
f 1148/1148 1146/1146 1149/1149
f 1150/1150 1146/1146 1144/1144
f 1146/1146 1151/1151 1149/1149
f 1150/1150 1144/1144 1152/1152
f 1151/1151 1153/1153 1149/1149
f 1154/1154 1150/1150 1152/1152
f 1154/1154 1152/1152 1155/1155
f 1156/1156 1154/1154 1155/1155
f 1156/1156 1155/1155 1157/1157
f 1158/1158 1156/1156 1157/1157
f 1158/1158 1157/1157 1159/1159
f 1160/1160 1158/1158 1159/1159
f 1160/1160 1159/1159 1161/1161
f 1162/1162 1160/1160 1161/1161
f 1163/1163 1153/1153 1151/1151
f 1164/1164 1153/1153 1163/1163
f 1161/1161 1165/1165 1162/1162
f 1166/1166 1162/1162 1165/1165
f 1167/1167 1166/1166 1165/1165
f 1167/1167 1165/1165 1168/1168
f 1169/1169 1167/1167 1168/1168
f 1164/1164 1163/1163 1170/1170
f 1169/1169 1168/1168 1170/1170
f 1171/1171 1170/1170 1163/1163
f 1171/1171 1169/1169 1170/1170
