v 0.0322506402 -0.0195342568 -0.0259908091
v 0.0324806944 -0.020288615 -0.0264811417
v 0.0325522952 -0.0150119828 -0.0304052955
v 0.0320546924 -0.0144394523 -0.0297520659
v 0.0317439507 -0.0133424839 -0.0323590037
v 0.0312062545 -0.0129260838 -0.0315996964
v 0.0307788793 -0.0128338276 -0.0339696911
v 0.0299703923 -0.0123249894 -0.0336447731
v 0.0291342101 -0.0126849645 -0.037384266
v 0.0284056714 -0.0121653106 -0.036957729
v 0.0274005503 -0.0131932165 -0.0421435776
v 0.0265269784 -0.0126581951 -0.0422543788
v 0.0263705396 -0.0139811286 -0.0461895979
v 0.0250594615 -0.0139395728 -0.0478451198
v 0.0256372978 -0.0148112252 -0.0482518633
v 0.0244694339 -0.0161334909 -0.0498644018
v 0.0236697945 -0.0155249357 -0.0498936104
v 0.0228642982 -0.0178080934 -0.0508372788
v 0.0219688766 -0.01726133 -0.0508922327
v 0.019688436 -0.0204445122 -0.0513745996
v 0.0183164174 -0.0202539666 -0.0514310203
v 0.015915177 -0.0228890466 -0.0515097403
v 0.0158183427 -0.0217600464 -0.0516258646
v 0.0111333778 -0.0249593567 -0.0515473832
v 0.00558376282 -0.0264560246 -0.051534269
v 0.00741600888 -0.0248882942 -0.0516094384
v 0.00316336124 -0.025621324 -0.0516115746
v -0.000364173699 -0.026871232 -0.0515100604
v -0.000740470399 -0.0258713699 -0.0515744439
v -0.00631847713 -0.0263089116 -0.0515293505
v -0.00449779723 -0.0254896502 -0.0515824009
v -0.0094939082 -0.024387784 -0.0515880645
v -0.0112142763 -0.0249325831 -0.0515470689
v -0.0156792487 -0.0218629283 -0.0515142397
v -0.0146662898 -0.0235018086 -0.0515159743
v -0.0186940696 -0.0199526958 -0.0514013926
v -0.0193280848 -0.0207022009 -0.05140102
v -0.0216197876 -0.0175717058 -0.0509701553
v -0.02229402 -0.018308107 -0.0509843987
v -0.0244056486 -0.0161984491 -0.0499301532
v -0.0236556401 -0.015539208 -0.0499049958
v -0.0248334795 -0.0141948221 -0.0482544216
v -0.0258710019 -0.0145235514 -0.0477647322
v -0.0255705428 -0.0133765054 -0.0461189396
v -0.0273504458 -0.0132167561 -0.0423234073
v -0.0265982893 -0.0126144697 -0.0419603981
v -0.0283432823 -0.0121466687 -0.0370023394
v -0.0291527471 -0.0126754003 -0.0372210459
v -0.0299201831 -0.0123018614 -0.0337068719
v -0.0307629398 -0.0128130776 -0.0339024438
v -0.0317611574 -0.0133633336 -0.0322483102
v -0.0311011641 -0.0128658603 -0.0317035796
v -0.032066506 -0.0144485703 -0.0297441002
v -0.0325358751 -0.014937215 -0.0304937479
v -0.0324752979 -0.0202885159 -0.0264809933
v -0.0322026068 -0.0186420496 -0.0266302755
v 0.0324806944 -0.020288615 -0.0264811417
v 0.0322506402 -0.0195342568 -0.0259908091
v 0.0324030224 -0.0238239606 -0.0221465802
v 0.032442982 -0.0241655173 -0.0226663135
v 0.0324442716 -0.027867852 -0.0168629558
v 0.03244066 -0.0294532366 -0.0148827152
v 0.0324437712 -0.0303800684 -0.01157191
v 0.0324433086 -0.0321914006 -0.00698801741
v 0.0324440129 -0.0319029322 -0.00639086938
v 0.0324438151 -0.032545795 0.0013590281
v 0.0324763095 -0.0327162358 -0.00375907039
v 0.0324446387 -0.0328363997 0.00266432344
v 0.0324435356 -0.0316679711 0.00737638038
v 0.0324419378 -0.0313627767 0.0103949038
v 0.0324434918 -0.0300297398 0.0125380684
v 0.0324430609 -0.0280890091 0.017421243
v 0.0324432762 -0.0276978361 0.0170564468
v 0.0324439336 -0.023901109 0.0221257025
v 0.0324471147 -0.0235933084 0.0232582854
v 0.0324437354 -0.0204677272 0.0260611851
v 0.0324432289 -0.01848486 0.0267858093
v 0.0324458015 -0.0170431377 0.0285310205
v 0.0324437959 -0.0126289132 0.030010246
v 0.0324429721 -0.0109183152 0.0314495293
v 0.0324439669 -0.00480380157 0.0322100357
v 0.0324431287 -0.00448914078 0.0330789218
v 0.0324437715 0.000415475568 0.0334265933
v 0.0324439693 0.00117895599 0.0324888882
v 0.0324437709 0.00629136113 0.0318852457
v 0.0324437709 0.0068178858 0.0328028022
v 0.032436308 0.0142508433 0.0294112979
v 0.0324437704 0.0129098756 0.0309892086
v 0.032440717 0.0171787076 0.0289554679
v 0.0324416218 0.0205863936 0.0255949883
v 0.032445737 0.0222511298 0.0256097614
v 0.0324407687 0.0245938775 0.0221504801
v 0.0324420812 0.026288093 0.0218324029
v 0.0324430385 0.02789743 0.0182354153
v 0.0324404161 0.0302071275 0.0165723919
v 0.0324409021 0.0310071249 0.0131481123
v 0.0324426888 0.0336729542 0.00979287215
v 0.0324455525 0.0343819643 0.00472833126
v 0.0324429447 0.0362702295 0.00136518138
v 0.032326672 0.0360129808 -0.00287317216
v 0.0321602445 0.037254879 -0.00497791189
v 0.0324477293 0.0364476174 -0.00680116864
v 0.0310481348 0.0375281901 -0.0115281749
v 0.0297476593 0.0368680744 -0.0171122403
v 0.0288529201 0.0374763996 -0.0171275504
v 0.0276633768 0.0371314551 -0.0204948054
v 0.0270716086 0.0373929035 -0.0196173016
v 0.0257034317 0.0371389259 -0.0223680661
v 0.0246006352 0.0373433802 -0.0219315931
v 0.0221510778 0.0373018547 -0.0244520808
v 0.0218194629 0.0373759617 -0.0234878695
v 0.0176283775 0.0375067016 -0.0257875799
v 0.0178180806 0.0374976416 -0.0247169024
v 0.0108870819 0.0378028499 -0.0264744973
v 0.0129565025 0.0377291039 -0.0253234088
v 0.00648653036 0.0379469688 -0.0255846535
v -0.00491759788 0.0379473345 -0.0265942042
v -0.0111204285 0.0377923939 -0.0254670333
v -0.0163680034 0.0375700547 -0.0260756322
v -0.0178126986 0.0374977403 -0.0247167249
v -0.0217354365 0.0373913014 -0.0235121988
v -0.0226391279 0.0374487698 -0.0242794995
v -0.0245697218 0.0373439755 -0.0219492809
v -0.0257317038 0.0371235546 -0.0223353592
v -0.0270667606 0.0373931898 -0.0196166235
v -0.027629259 0.0370869243 -0.020488759
v -0.0294068308 0.0375229083 -0.0160979122
v -0.0298224073 0.0369633697 -0.0172850239
v -0.0307073704 0.0375570819 -0.0126562823
v -0.031583643 0.0365976595 -0.0110204506
v -0.0321396805 0.0372794167 -0.00516913278
v -0.0323463059 0.035953775 -0.00240433856
v -0.0324417374 0.0362595981 0.00141973851
v -0.0324409748 0.0349422568 0.00249980731
v -0.0324318942 0.0327692892 0.00937824225
v -0.0324362394 0.0336155005 0.00983421851
v -0.0324351768 0.0297202147 0.0174044108
v -0.0324380056 0.0286452851 0.0172155327
v -0.0324355576 0.0246031909 0.0221370748
v -0.0324387446 0.0259887777 0.0221271155
v -0.0324362296 0.0205864927 0.0255951367
v -0.0324408252 0.0220655392 0.0257732347
v -0.0324367675 0.0143906772 0.0304455956
v -0.0324804758 0.0166409839 0.0281920918
v -0.0325218029 0.0125956358 0.0300791318
v -0.0324383791 0.00629552022 0.031884652
v -0.0324383791 0.00681798491 0.0328029797
v -0.0324390596 -0.00025879421 0.0325670786
v -0.0324383786 0.000415574261 0.0334267708
v -0.0324383694 -0.00504170777 0.0329682051
v -0.0324384827 -0.00662153827 0.0318412058
v -0.0324376733 -0.0108492276 0.0314720848
v -0.032438424 -0.0125094607 0.030042557
v -0.0324397595 -0.0168819198 0.0286398892
v -0.0324380713 -0.0189498095 0.0264904927
v -0.0324383418 -0.0204676587 0.0260613364
v -0.032438068 -0.0233696511 0.0226131931
v -0.0324374568 -0.0240717592 0.0227182769
v -0.0324385334 -0.0266236456 0.0187182726
v -0.0324364464 -0.0289034883 0.0161109885
v -0.0324383789 -0.0295071658 0.0136845934
v -0.0324388734 -0.0318241276 0.00690964152
v -0.032437817 -0.0317326426 0.00899585211
v -0.03243947 -0.0329782196 0.000972299131
v -0.0324378053 -0.0325414584 -0.00076376673
v -0.0324385417 -0.0313709286 -0.00873120516
v -0.0324400026 -0.0322931474 -0.00650410657
v -0.0324314871 -0.0297713646 -0.0142129196
v -0.0324387253 -0.0288073031 -0.0150993656
v -0.0324295578 -0.0256445142 -0.0200222945
v -0.0324363188 -0.0244455731 -0.022322491
v -0.0323509167 -0.0215336199 -0.0243836315
v -0.0324752979 -0.0202885159 -0.0264809933
v -0.0322026068 -0.0186420496 -0.0266302755
v 0.0322506402 -0.0195342568 -0.0259908091
v 0.0320546924 -0.0144394523 -0.0297520659
v 0.0326762863 -0.0162097291 -0.028190398
v 0.0325799434 -0.0103728905 -0.032016504
v 0.0334774474 -0.0115297138 -0.0304203917
v 0.0312062545 -0.0129260838 -0.0315996964
v 0.0335523775 -0.00468768264 -0.034280913
v 0.0343596597 -0.00568086025 -0.032028064
v 0.0350627641 0.000113065444 -0.0325686065
v 0.0323999589 -0.00404251085 -0.0364017789
v 0.0332487106 0.000746478141 -0.0381836027
v 0.0312055844 -0.00516494092 -0.0379796984
v 0.0299703923 -0.0123249894 -0.0336447731
v 0.0284056714 -0.0121653106 -0.036957729
v 0.032440963 -0.000600258074 -0.0394312054
v 0.0323843908 0.00199670805 -0.0428314874
v 0.0305199767 -0.00522795005 -0.0408689841
v 0.033778752 0.00658979556 -0.0374287105
v 0.0354300655 0.00660008318 -0.0318349747
v 0.0278375528 -0.0104060125 -0.0428946048
v 0.0265269784 -0.0126581951 -0.0422543788
v 0.0250594615 -0.0139395728 -0.0478451198
v 0.0329203259 0.00511605391 -0.0427188788
v 0.0302520352 -0.00486712005 -0.0468396727
v 0.0302581441 -0.0049010242 -0.0559084408
v 0.0273455322 -0.010595306 -0.0517964829
v 0.0272255139 -0.0110384584 -0.0612517935
v 0.0236697945 -0.0155249357 -0.0498936104
v 0.0293072174 -0.00725115786 -0.060347229
v 0.0240060441 -0.0152147281 -0.0610902207
v 0.0219688766 -0.01726133 -0.0508922327
v 0.0291810698 -0.0078701636 -0.0672708789
v 0.0252491137 -0.0139085743 -0.0672773283
v 0.0204863451 -0.0187052454 -0.0672630849
v 0.0201886871 -0.0188295072 -0.061481836
v 0.0183164174 -0.0202539666 -0.0514310203
v 0.0157861815 -0.0217601105 -0.0594717218
v 0.0154610262 -0.0217761336 -0.0675996067
v 0.0158183427 -0.0217600464 -0.0516258646
v 0.031173212 -0.00232589755 -0.058955577
v 0.0310934559 -0.00296863328 -0.067254086
v 0.0323838086 0.00300046914 -0.0672482071
v 0.0321339174 0.00179813404 -0.0586780545
v 0.0325002817 0.00761898329 -0.0672509195
v 0.0317922415 8.25654635e-05 -0.0562541827
v 0.0324979128 0.00586433373 -0.0584047812
v 0.0317745434 0.000307382474 -0.0502216571
v 0.0325854339 0.00502931683 -0.0466538448
v 0.032219185 0.0114109934 -0.0586481648
v 0.0319123518 0.0136444242 -0.0672783703
v 0.0325171997 0.00824400042 -0.0544506242
v 0.0326475937 0.00786184531 -0.0478881761
v 0.0317045329 0.0145964309 -0.0586487644
v 0.0304903091 0.0189429903 -0.0587613729
v 0.0303021237 0.0196959952 -0.0672272581
v 0.0280158049 0.0247456711 -0.0671793299
v 0.0319830188 0.0136603891 -0.0507115619
v 0.0324730023 0.0119390497 -0.04559097
v 0.0309903741 0.0184567134 -0.0480770192
v 0.0300032941 0.0211707168 -0.0481949188
v 0.0289053229 0.0229985915 -0.0586642069
v 0.0252250964 0.0288823671 -0.0671537069
v 0.0324227165 0.0150354535 -0.042301818
v 0.027559189 0.0254795358 -0.0586665119
v 0.0318642398 0.0186059623 -0.0411645044
v 0.0305062605 0.0229987983 -0.0406763167
v 0.0334925732 0.0155328962 -0.0364263833
v 0.0356337773 0.0114332661 -0.0304701593
v 0.033432654 0.0190387597 -0.0343153952
v 0.0358220582 0.0174241783 -0.0274832739
v 0.0326717776 0.0232705147 -0.033102103
v 0.0359066363 0.0233202302 -0.022720905
v 0.025737679 0.0281778914 -0.0585465459
v 0.0221185984 0.0322145691 -0.067164877
v 0.0283695852 0.0244553226 -0.0502079725
v 0.0292198769 0.0245170286 -0.0433522189
v 0.0264692038 0.0277322653 -0.0474134809
v 0.022795555 0.0315954696 -0.0588382594
v 0.0183476803 0.0350086296 -0.0587305229
v 0.0184393472 0.0349225813 -0.0671426649
v 0.0282207801 0.0268920815 -0.0414468552
v 0.0217975569 0.0323270408 -0.0509364356
v 0.0144476795 0.0368590101 -0.0587973569
v 0.0155413491 0.0364376013 -0.0671751623
v 0.0110646131 0.0379709042 -0.067239214
v 0.0253537498 0.0294656893 -0.045145693
v 0.0145085575 0.0368273684 -0.0558795757
v 0.0100074965 0.0382115084 -0.0587278744
v 0.0181828537 0.0348837247 -0.0523802824
v 0.020387031 0.0333964173 -0.0467412348
v 0.00543191151 0.0388015125 -0.058623869
v 0.0064468705 0.0387089624 -0.0672555645
v 0.00183982489 0.038921254 -0.0673167699
v 0.000411364822 0.0389656052 -0.0516339089
v 0.011212545 0.0377638566 -0.0527898723
v 0.0146475967 0.0363775862 -0.0483714219
v 0.00844578346 0.0382622857 -0.0500514696
v 0.0132275364 0.036739562 -0.0431843946
v 0.024152348 0.0310842667 -0.0429360254
v 0.0180539645 0.0348025861 -0.0439911208
v -0.00100193824 0.0389434338 -0.0586285139
v -0.00661895003 0.0386977592 -0.0577443163
v -0.00282759314 0.0388750193 -0.0673618808
v -0.0076823043 0.0385760934 -0.0672356051
v 0.00454691315 0.0387219774 -0.0458529423
v -3.34893931e-05 0.0389375898 -0.0398380711
v 0.0231331608 0.0328758926 -0.0382620463
v -0.00501679362 0.0386998781 -0.0469828228
v -0.0104682917 0.0381008858 -0.0596878584
v -0.0128699339 0.0374581421 -0.0671493821
v -0.0144254885 0.0368868949 -0.0578734092
v -0.0184299338 0.0349384163 -0.0671587884
v -0.011207294 0.0377639129 -0.052789558
v -0.00808969677 0.0381278071 -0.0444515201
v -0.00881733763 0.0380099481 -0.0366419146
v 0.0254058776 0.0309896008 -0.0387776527
v 0.0245231261 0.0340429098 -0.0324665161
v 0.0195517611 0.034973027 -0.0371300004
v 0.0153623344 0.0364527789 -0.0365208631
v 0.026954478 0.0294682564 -0.0388783345
v 0.0269934507 0.0320907822 -0.0329051691
v 0.0293927943 0.0262433281 -0.0387783832
v 0.0292530956 0.0293702931 -0.03359158
v 0.0308289723 0.0257238976 -0.0352304167
v 0.0320916825 0.0289748684 -0.0277842773
v 0.0336642528 0.0269877579 -0.0261471723
v 0.0317820843 0.0327952903 -0.0229341065
v 0.0303035834 0.0340013733 -0.0237854329
v 0.0348709152 0.02617515 -0.0233143175
v 0.0359100149 0.0278118273 -0.0168974657
v 0.0334997809 0.0311504584 -0.0211823441
v 0.0291105794 0.0356969769 -0.022341375
v 0.0342842105 0.0322638109 -0.0160285956
v 0.0357775136 0.0307772282 -0.0105891879
v 0.0310359113 0.0355460592 -0.0188026039
v 0.0325984495 0.0346167856 -0.0166676546
v 0.0342479353 0.034223334 -0.00875872356
v 0.0355501398 0.0321974194 -0.00452895001
v 0.0276633768 0.0371314551 -0.0204948054
v 0.0297476593 0.0368680744 -0.0171122403
v 0.0312864806 0.0367739382 -0.0140527991
v 0.0322312667 0.0365513027 -0.0111414236
v 0.0331506975 0.0361727842 -0.00656388365
v 0.0336153431 0.0357440615 -0.00332246163
v 0.0352844713 0.0325373987 0.000206137747
v 0.0334210372 0.0349341281 0.00228500958
v 0.0348906441 0.0320902008 0.00524993375
v 0.0334654527 0.0335631048 0.00670345617
v 0.0344594186 0.030641447 0.0109717934
v 0.0334486978 0.0318542007 0.0111187976
v 0.033710842 0.0294877158 0.0152791719
v 0.0341462093 0.0275233645 0.017414795
v 0.0336522853 0.0270152814 0.018959248
v 0.0338965541 0.0233920684 0.0227089506
v 0.0330090207 0.0285757647 0.0173390246
v 0.0334486978 0.0318542007 0.0111187976
v 0.0330762567 0.0245583185 0.0221692258
v 0.0331781728 0.0207655292 0.0254159502
v 0.0338219466 0.0212220243 0.0246305135
v 0.0324416218 0.0205863936 0.0255949883
v 0.0324407687 0.0245938775 0.0221504801
v 0.0324430385 0.02789743 0.0182354153
v 0.0324409021 0.0310071249 0.0131481123
v 0.0324455525 0.0343819643 0.00472833126
v 0.0334654527 0.0335631048 0.00670345617
v 0.0334210372 0.0349341281 0.00228500958
v 0.0328985855 0.0358972611 -0.00189350831
v 0.032326672 0.0360129808 -0.00287317216
v 0.0336153431 0.0357440615 -0.00332246163
v 0.0324477293 0.0364476174 -0.00680116864
v 0.0331506975 0.0361727842 -0.00656388365
v 0.0312864806 0.0367739382 -0.0140527991
v 0.0322312667 0.0365513027 -0.0111414236
v 0.0297476593 0.0368680744 -0.0171122403
v -0.0325218029 0.0125956358 0.0300791318
v -0.0324804758 0.0166409839 0.0281920918
v -0.0335105506 0.0170037776 0.0277319457
v -0.0333822408 0.0204697149 0.0255493913
v -0.0324362296 0.0205864927 0.0255951367
v -0.0338944539 0.0228910779 0.0231739876
v -0.0331599199 0.0240711306 0.0226050426
v -0.0324355576 0.0246031909 0.0221370748
v -0.0331236801 0.0275365979 0.0187135796
v -0.0324380056 0.0286452851 0.0172155327
v -0.0338110718 0.0269141804 0.0188914622
v -0.0341522823 0.0276678998 0.0171665364
v -0.0335236484 0.0297563296 0.0151184111
v -0.0324318942 0.0327692892 0.00937824225
v -0.0337560747 0.0316705583 0.0109898363
v -0.0344573198 0.030647646 0.0109223889
v -0.0330225651 0.0327343907 0.00942585539
v -0.0324409748 0.0349422568 0.00249980731
v -0.033794655 0.0340842263 0.00448300598
v -0.0349885085 0.0323147191 0.00390035384
v -0.0331155055 0.0351080147 0.00189813181
v -0.0323463059 0.035953775 -0.00240433856
v -0.0335967258 0.0357191427 -0.00314593744
v -0.035503137 0.0324008722 -0.00316274381
v -0.0329717792 0.0359660975 -0.00250224366
v -0.0344783155 0.0338157114 -0.00888059003
v -0.0357637907 0.0308058863 -0.0104802042
v -0.0325309523 0.036415647 -0.00640914004
v -0.031583643 0.0365976595 -0.0110204506
v -0.033140823 0.0361661019 -0.00668018329
v -0.0314917302 0.0367322851 -0.0134960996
v -0.0298224073 0.0369633697 -0.0172850239
v -0.0343360501 0.0329141242 -0.0137946525
v -0.0359040913 0.0277003417 -0.0171079359
v -0.0328157274 0.0356312056 -0.0120401579
v -0.0325935312 0.034616518 -0.0166667902
v -0.0340292782 0.0316956778 -0.0182842705
v -0.0335163114 0.029985886 -0.0228805671
v -0.0310310514 0.0355459053 -0.0188018283
v -0.0292051732 0.0362001188 -0.0208236481
v -0.027629259 0.0370869243 -0.020488759
v -0.0320466148 0.0333711099 -0.0211438135
v -0.0268039296 0.0363220495 -0.0239892746
v -0.0257317038 0.0371235546 -0.0223353592
v -0.0186606633 0.0362158882 -0.0328350812
v -0.0226391279 0.0374487698 -0.0242794995
v -0.0163680034 0.0375700547 -0.0260756322
v -0.0303256443 0.0342554415 -0.0232068502
v -0.0347465357 0.0252716737 -0.024789272
v -0.0358931799 0.0230480522 -0.0229848418
v -0.0358276929 0.0177321851 -0.0272902194
v -0.0276797132 0.0350135558 -0.026061965
v -0.02327298 0.0348325013 -0.0320706138
v -0.0303541484 0.0324206051 -0.0264313741
v -0.0270455552 0.0334256305 -0.0301323744
v -0.0310339554 0.0296942746 -0.0292081415
v -0.0317430322 0.0267130964 -0.031515045
v -0.0287910543 0.0308782477 -0.0319030165
v -0.0262412387 0.0318655226 -0.0347821566
v -0.0324151528 0.0234232154 -0.0335405522
v -0.0290372085 0.0286108032 -0.0353623065
v -0.0195467424 0.0349730382 -0.0371294795
v -0.0270558838 0.0290848931 -0.0396697054
v -0.029811341 0.025982282 -0.0378057041
v -0.0222383925 0.0331294296 -0.0394095725
v -0.0334275554 0.0190384118 -0.0343145308
v -0.0333809481 0.0139257376 -0.0378389348
v -0.0356171756 0.0113600688 -0.030498259
v -0.0313638205 0.0219053358 -0.0389153691
v -0.0318590568 0.0186056744 -0.0411637593
v -0.0345531537 0.0070937326 -0.0346501096
v -0.0354201597 0.00636509485 -0.0318853243
v -0.0331240474 0.00110718385 -0.0387526583
v -0.0351619676 0.00187886619 -0.032455023
v -0.0290745891 0.024937894 -0.0431033433
v -0.0335064858 -0.0041917767 -0.0346388668
v -0.0346711281 -0.00329831795 -0.0323668821
v -0.0336158749 -0.010577892 -0.0308012386
v -0.032419062 -0.00353474344 -0.0367405883
v -0.0267363876 0.0275807665 -0.0468659302
v -0.0301818382 0.021537932 -0.0457375078
v -0.0249654808 0.0300369786 -0.0444426376
v -0.0247830552 0.0308614988 -0.0410313311
v -0.0203818796 0.0333963672 -0.0467407575
v -0.0225763563 0.031687294 -0.049445749
v -0.0169055436 0.0354060743 -0.0432380999
v -0.0132612014 0.036870687 -0.0384784071
v -0.030985127 0.0184564548 -0.0480763643
v -0.0283643712 0.0244551488 -0.0502074254
v -0.024329421 0.029966591 -0.0527675671
v -0.0322157414 0.0152643873 -0.0433851645
v -0.0321528217 0.0136567543 -0.0470847735
v -0.0332185482 0.00859188513 -0.0406184816
v -0.0326423097 0.00683287295 -0.0479148963
v -0.0329091771 0.00482399413 -0.0426015613
v -0.0294959133 0.0217646728 -0.0532194681
v -0.0263812423 0.0273408665 -0.0546259398
v -0.0305317562 0.0188289271 -0.0589912466
v -0.0281160835 0.0244838598 -0.0601481122
v -0.0253929636 0.0286756381 -0.0671557791
v -0.0279791355 0.0247486406 -0.0671909889
v -0.0301412848 0.0201079895 -0.0672387599
v -0.0221937384 0.0321025941 -0.0671540329
v -0.0317498297 0.0143591025 -0.0672555412
v -0.0213553576 0.0328453938 -0.0574125093
v -0.0318098564 0.0140144622 -0.0611028459
v -0.0324607194 0.00904603956 -0.067287148
v -0.0174785151 0.0354740404 -0.0585258415
v -0.0185913131 0.034746104 -0.0557458552
v -0.016470536 0.0357502795 -0.0521457463
v -0.0120123568 0.0371750201 -0.0456052163
v -0.0153788136 0.0372171301 -0.0317918253
v -0.0071335814 0.0384089007 -0.0322031381
v -0.00491759788 0.0379473345 -0.0265942042
v 0.00619061857 0.0384982361 -0.0303988054
v 0.0108870819 0.0378028499 -0.0264744973
v 0.00556229415 0.0385111988 -0.0401864439
v 0.0142430388 0.0375618268 -0.0312594319
v 0.0176283775 0.0375067016 -0.0257875799
v 0.0221510778 0.0373018547 -0.0244520808
v 0.00940618371 0.0377988888 -0.0428410509
v 0.0109049728 0.0376191291 -0.0357613753
v 0.0233352575 0.0357222909 -0.0295978272
v 0.0257034317 0.0371389259 -0.0223680661
v -0.0322026068 -0.0186420496 -0.0266302755
v -0.0327891278 -0.0156234789 -0.0285072427
v -0.032066506 -0.0144485703 -0.0297441002
v -0.0318105848 -0.0101102107 -0.0329636154
v -0.0311011641 -0.0128658603 -0.0317035796
v -0.0299201831 -0.0123018614 -0.0337068719
v -0.0323272978 -0.00221688161 -0.0381292397
v -0.0283432823 -0.0121466687 -0.0370023394
v -0.0325023518 0.00128531817 -0.0412525726
v -0.0307640726 -0.00464086275 -0.0408317166
v -0.0324969823 0.00368406115 -0.0445963058
v -0.0315959215 -0.00104421891 -0.0432488712
v -0.027932185 -0.0102880275 -0.0428176369
v -0.0265982893 -0.0126144697 -0.0419603981
v -0.0255705428 -0.0133765054 -0.0461189396
v -0.0302757365 -0.0048573239 -0.0456639478
v -0.0273401403 -0.0105952068 -0.0517963199
v -0.0248334795 -0.0141948221 -0.0482544216
v -0.0317691535 0.000307473825 -0.0502214883
v -0.0301824122 -0.00502326921 -0.0549380435
v -0.0317753758 0.000105913348 -0.0564384216
v -0.0300360082 -0.00559542722 -0.0585315574
v -0.0273810399 -0.0107930531 -0.0607492344
v -0.0240589013 -0.015144758 -0.0607165392
v -0.0236556401 -0.015539208 -0.0499049958
v -0.0216197876 -0.0175717058 -0.0509701553
v -0.0202347843 -0.018775446 -0.061352324
v -0.0186940696 -0.0199526958 -0.0514013926
v -0.0158086662 -0.0217603417 -0.067291921
v -0.0156792487 -0.0218629283 -0.0515142397
v -0.0199715517 -0.0190809678 -0.067245221
v -0.0245106248 -0.0147997787 -0.0672754715
v -0.0279323684 -0.0100414555 -0.0672678056
v -0.0305239369 -0.00468347656 -0.0672968861
v -0.0313489871 -0.00171356716 -0.0591907126
v -0.0323223127 0.00255133227 -0.0672334281
v -0.0323101066 0.00290745783 -0.0606754678
v -0.0324752507 0.00558097316 -0.056722213
v -0.0324761444 0.00784228621 -0.0604949077
v -0.0322973627 0.0112224306 -0.0528531091
v -0.0158086662 -0.0217603417 -0.067291921
v -0.0184976568 -0.0178079705 -0.0696257164
v -0.0119836596 -0.0216328418 -0.0696260366
v -0.0199715517 -0.0190809678 -0.067245221
v -0.0245106248 -0.0147997787 -0.0672754715
v -0.0227725048 -0.0138705543 -0.0696255651
v -0.0264107417 -0.0089095441 -0.0696257863
v -0.0279323684 -0.0100414555 -0.0672678056
v -0.0305239369 -0.00468347656 -0.0672968861
v -0.0290325782 -0.00322636587 -0.0696258387
v -0.0323223127 0.00255133227 -0.0672334281
v -0.0304474556 0.00311561623 -0.0696258445
v -0.0324607194 0.00904603956 -0.067287148
v -0.0304344935 0.0108428055 -0.0696267292
v -0.0317498297 0.0143591025 -0.0672555412
v -0.0301412848 0.0201079895 -0.0672387599
v -0.0280800001 0.0191228731 -0.0696260773
v -0.0279791355 0.0247486406 -0.0671909889
v -0.0238010377 0.026213428 -0.0696265313
v -0.0253929636 0.0286756381 -0.0671557791
v -0.0221937384 0.0321025941 -0.0671540329
v -0.0178409608 0.0317462297 -0.0696255942
v -0.0184299338 0.0349384163 -0.0671587884
v -0.0119405378 0.0349639788 -0.0696256116
v -0.0128699339 0.0374581421 -0.0671493821
v -0.0076823043 0.0385760934 -0.0672356051
v -0.00640846513 0.0366486749 -0.0696232019
v -0.00282759314 0.0388750193 -0.0673618808
v -0.000427016795 0.0372619484 -0.0696261297
v 0.00183982489 0.038921254 -0.0673167699
v 0.00613812706 0.03672035 -0.069626444
v 0.0064468705 0.0387089624 -0.0672555645
v 0.0110646131 0.0379709042 -0.067239214
v 0.0120108036 0.0349300662 -0.069625926
v 0.0155413491 0.0364376013 -0.0671751623
v 0.017437563 0.0320355627 -0.0696257106
v 0.0184393472 0.0349225813 -0.0671426649
v 0.0221185984 0.0322145691 -0.067164877
v 0.0237929655 0.0262859939 -0.0696263683
v 0.0252250964 0.0288823671 -0.0671537069
v 0.0280158049 0.0247456711 -0.0671793299
v 0.0279525715 0.0193752053 -0.0696262112
v 0.0303021237 0.0196959952 -0.0672272581
v 0.0319123518 0.0136444242 -0.0672783703
v 0.0299133203 0.0134281375 -0.0696256582
v 0.0325002817 0.00761898329 -0.0672509195
v 0.0305872665 0.00840684055 -0.0696257863
v 0.0323838086 0.00300046914 -0.0672482071
v 0.0304760321 0.00340954296 -0.0696256815
v 0.0287863866 -0.00405884496 -0.0696261006
v 0.0310934559 -0.00296863328 -0.067254086
v 0.0291810698 -0.0078701636 -0.0672708789
v 0.0260380862 -0.00949126033 -0.0696259376
v 0.0252491137 -0.0139085743 -0.0672773283
v 0.0221354594 -0.0146321264 -0.0696266419
v 0.0204863451 -0.0187052454 -0.0672630849
v 0.0177526324 -0.0183191033 -0.0696259202
v 0.0154610262 -0.0217761336 -0.0675996067
v 0.0129379773 -0.0211625028 -0.0696258096
v -0.0158086662 -0.0217603417 -0.067291921
v -0.0119836596 -0.0216328418 -0.0696260366
v -0.00483349314 -0.0217760874 -0.0696255418
v 0.000618202051 -0.0217760883 -0.0696262927
v 0.0154610262 -0.0217761336 -0.0675996067
v 0.00678106343 -0.0217761518 -0.069625891
v 0.0129379773 -0.0211625028 -0.0696258096
v -0.00128560391 -0.0244503376 -0.0706260849
v -0.00378112767 -0.0266246414 -0.0676188443
v 2.99502542e-05 -0.0268498756 -0.0676098105
v -0.00723024434 -0.0236465209 -0.0706258987
v -0.00727427895 -0.0260659092 -0.0676126743
v -0.0109837812 -0.0250249791 -0.0676152122
v -0.0135915219 -0.0213858654 -0.0706259685
v -0.0146332205 -0.0235325437 -0.0676083378
v -0.0181782986 -0.021502367 -0.0676282914
v -0.0207262172 -0.0167088921 -0.0706270977
v -0.0209146497 -0.0195410587 -0.0676059863
v -0.0250122176 -0.0157417635 -0.0675519987
v -0.0262855602 -0.0100445826 -0.0706259743
v -0.0280111669 -0.0117600243 -0.0676013879
v -0.029651654 -0.00896447568 -0.0676126452
v -0.0291373111 -0.00434033718 -0.0706260733
v -0.0310287136 -0.00599456597 -0.067636458
v -0.0325125262 -0.0016069079 -0.0676058233
v -0.0307759796 0.00194685694 -0.0706259976
v -0.0333984764 0.00367432657 -0.0675317016
v -0.0310667798 0.00825795452 -0.0706260209
v -0.0334710093 0.00766088923 -0.0676186755
v -0.0332724109 0.0107708256 -0.0676235068
v -0.0304201891 0.0131387295 -0.0706259918
v -0.0325273241 0.0154856899 -0.0676237396
v -0.0288104509 0.0184603534 -0.0706261955
v -0.0311822095 0.0200330078 -0.0676199677
v -0.0296456032 0.0236756506 -0.0676146825
v -0.0246860226 0.025747854 -0.0706260267
v -0.0280750444 0.0264734296 -0.0676369353
v -0.0261745528 0.0292211457 -0.0676249329
v -0.0237205181 0.0320114815 -0.0675956137
v -0.0186855088 0.0315415133 -0.0706258113
v -0.0215573484 0.0338906724 -0.0676341762
v -0.0188223176 0.0358165516 -0.0675975054
v -0.013086408 0.0348655612 -0.0706238556
v -0.0157657738 0.0373924283 -0.0676000083
v -0.0126899035 0.0385039475 -0.0676150958
v -0.00942560635 0.0392907698 -0.0676035939
v -0.00801956588 0.0367178866 -0.0706255494
v -0.00178090797 0.0377164948 -0.0706294959
v -0.00668714985 0.0396609562 -0.0676294032
v 0.00013215838 0.0399201905 -0.0676611438
v 0.00620742906 0.0371272827 -0.0706245424
v 0.00658875451 0.0396265334 -0.0677484844
v 0.0103594832 0.0391056188 -0.0676318246
v 0.0123021046 0.0352476734 -0.0706258754
v 0.0134994795 0.0382417068 -0.0676540425
v 0.0162411609 0.0371755581 -0.0676394615
v 0.019792306 0.030830024 -0.0706254214
v 0.0190458375 0.0356885097 -0.0676100666
v 0.021695983 0.0338121453 -0.0676102412
v 0.0241577801 0.0316041747 -0.067561504
v 0.0272231269 0.0278447371 -0.0676307653
v 0.0251859114 0.0248837016 -0.0706258637
v 0.0295367042 0.0239261481 -0.067569525
v 0.0285285014 0.0191005525 -0.0706264575
v 0.0309223145 0.0207692645 -0.0675918069
v 0.0319922124 0.0175592707 -0.0675891875
v 0.0303618656 0.0134615851 -0.070626213
v 0.0327649834 0.0143003198 -0.0675883261
v 0.0333629307 0.00979780307 -0.0677077391
v 0.0311051052 0.00770107998 -0.0706262712
v 0.0334795705 0.00512130065 -0.0675333547
v 0.0308012122 0.002340102 -0.0706258637
v 0.0329885544 0.000716534824 -0.0676776923
v 0.0295683279 -0.00309093044 -0.0706265389
v 0.0320368828 -0.00328998296 -0.0675929943
v 0.0294038568 -0.00944285309 -0.067626813
v 0.0308932451 -0.00641132522 -0.0674080395
v 0.0270123659 -0.00877030089 -0.0706258637
v 0.0275387265 -0.0124661053 -0.0676054391
v 0.0256921963 -0.0148621089 -0.0676288444
v 0.0234364908 -0.0138069381 -0.0706258637
v 0.0233118845 -0.0174471346 -0.0675908173
v 0.0191284374 -0.0178789936 -0.0706258637
v 0.020198242 -0.0201411964 -0.0675550138
v 0.0143191926 -0.0209642358 -0.0706258637
v 0.0178939027 -0.0217068677 -0.0675968418
v 0.0144667362 -0.0236060152 -0.0676239317
v 0.00885109023 -0.0231713718 -0.0706258754
v 0.0107728665 -0.0251052106 -0.0675919582
v 0.00732029885 -0.0260455731 -0.0676216034
v 0.00407211897 -0.0266002138 -0.0676194497
v 0.0041903458 -0.0242162783 -0.0706252118
v 2.99502542e-05 -0.0268498756 -0.0676098105
v -0.00128560391 -0.0244503376 -0.0706260849
v 2.99502542e-05 -0.0268498756 -0.0676098105
v -0.00378112767 -0.0266246414 -0.0676188443
v -0.000304513235 -0.0268595293 -0.0596421771
v -0.00548569575 -0.0264205829 -0.0606084475
v -0.00727427895 -0.0260659092 -0.0676126743
v -0.000364173699 -0.026871232 -0.0515100604
v -0.0109837812 -0.0250249791 -0.0676152122
v -0.00646577744 -0.0262577674 -0.0566226838
v -0.00631847713 -0.0263089116 -0.0515293505
v -0.0112142763 -0.0249325831 -0.0515470689
v -0.0108470725 -0.0250665277 -0.0593525008
v -0.0146332205 -0.0235325437 -0.0676083378
v -0.015918242 -0.0228694465 -0.0608138624
v -0.0146662898 -0.0235018086 -0.0515159743
v -0.0181782986 -0.021502367 -0.0676282914
v -0.0193280848 -0.0207022009 -0.05140102
v -0.0204515844 -0.019858708 -0.0595537247
v -0.0209146497 -0.0195410587 -0.0676059863
v -0.02229402 -0.018308107 -0.0509843987
v -0.0250122176 -0.0157417635 -0.0675519987
v -0.0245117656 -0.0161493902 -0.0610125076
v -0.0244056486 -0.0161984491 -0.0499301532
v -0.0278082695 -0.0119255662 -0.0593996083
v -0.0280111669 -0.0117600243 -0.0676013879
v -0.0258710019 -0.0145235514 -0.0477647322
v -0.0303251197 -0.00745599947 -0.0607063586
v -0.029651654 -0.00896447568 -0.0676126452
v -0.0310287136 -0.00599456597 -0.067636458
v -0.0281895065 -0.0111229611 -0.0517886772
v -0.0311690349 -0.00531626156 -0.0566845352
v -0.0287225577 -0.0108585791 -0.0430192449
v -0.0273504458 -0.0132167561 -0.0423234073
v -0.0291527471 -0.0126754003 -0.0372210459
v -0.0315200416 -0.00520266934 -0.0414881448
v -0.0307629398 -0.0128130776 -0.0339024438
v -0.0326723238 -0.000507570203 -0.056944479
v -0.0328562165 0.00044574521 -0.0455944653
v -0.0325125262 -0.0016069079 -0.0676058233
v -0.0312007552 -0.0052305948 -0.0460035371
v -0.0319021604 -0.00522953693 -0.039341615
v -0.0317611574 -0.0133633336 -0.0322483102
v -0.0332363592 0.00241390881 -0.059714535
v -0.0333984764 0.00367432657 -0.0675317016
v -0.0334710093 0.00766088923 -0.0676186755
v -0.0334577028 0.00534525969 -0.0581763627
v -0.0335323515 0.00799654006 -0.0513664039
v -0.0332724109 0.0107708256 -0.0676235068
v -0.0325700412 -0.0017680269 -0.0415910996
v -0.0335354013 0.00435300278 -0.0458185183
v -0.0335531864 0.00240466159 -0.0426519284
v -0.0330519088 0.0127003397 -0.0563911337
v -0.0325273241 0.0154856899 -0.0676237396
v -0.0316090083 0.0189338347 -0.0588541676
v -0.0311822095 0.0200330078 -0.0676199677
v -0.0296456032 0.0236756506 -0.0676146825
v -0.0338692369 0.00668638745 -0.0441754557
v -0.0324513282 0.0158879106 -0.0540201843
v -0.0296894423 0.0237018208 -0.0554077502
v -0.0280750444 0.0264734296 -0.0676369353
v -0.0331864238 0.0131211185 -0.0474239117
v -0.0316323205 0.0190754553 -0.051633449
v -0.0323543196 0.018754507 -0.0442884746
v -0.0339704314 0.0116379735 -0.0413314876
v -0.0346460529 0.00434675373 -0.037977699
v -0.0263446793 0.0291376992 -0.0585818372
v -0.0261745528 0.0292211457 -0.0676249329
v -0.0237205181 0.0320114815 -0.0675956137
v -0.0309063665 0.0217850366 -0.0479373673
v -0.0235033483 0.0322615183 -0.057828112
v -0.0215573484 0.0338906724 -0.0676341762
v -0.0292580742 0.0247067252 -0.052149687
v -0.0274249842 0.0277124496 -0.0517031294
v -0.0299894039 0.0244456899 -0.0457753747
v -0.031350267 0.0236392197 -0.0406774983
v -0.0195232644 0.035458362 -0.058785174
v -0.0188223176 0.0358165516 -0.0675975054
v -0.0157657738 0.0373924283 -0.0676000083
v -0.013986664 0.0381452834 -0.0581815024
v -0.0126899035 0.0385039475 -0.0676150958
v -0.00942560635 0.0392907698 -0.0676035939
v -0.00740611777 0.0396173295 -0.0550014898
v -0.00668714985 0.0396609562 -0.0676294032
v 0.00013215838 0.0399201905 -0.0676611438
v -0.0281422394 0.0276957847 -0.0448248757
v -0.000257513616 0.0399534649 -0.0587340037
v 0.00658875451 0.0396265334 -0.0677484844
v 0.00719527542 0.0396458875 -0.056281389
v 0.0103594832 0.0391056188 -0.0676318246
v -0.000122898578 0.0399501645 -0.0480549817
v 0.0112788194 0.038929791 -0.0589197152
v 0.0134994795 0.0382417068 -0.0676540425
v 0.0162411609 0.0371755581 -0.0676394615
v 0.0145109948 0.0379194664 -0.0583205372
v 0.0190458375 0.0356885097 -0.0676100666
v 0.0182941801 0.0361716711 -0.058324472
v 0.021695983 0.0338121453 -0.0676102412
v 0.0150380769 0.0376612281 -0.0545698451
v 0.0204767536 0.0347513374 -0.0572257384
v 0.0241577801 0.0316041747 -0.067561504
v 0.0113816185 0.038691745 -0.0512126135
v 0.00637798749 0.0395138666 -0.0467414648
v 0.0134114012 0.0377777597 -0.044431127
v -0.00027992718 0.0399430544 -0.0403596263
v 0.00683613345 0.0393416215 -0.0379559642
v 0.0175936058 0.0361954023 -0.0482326723
v 0.0190201723 0.0354911508 -0.0514135987
v -0.00612932472 0.0395395438 -0.0459308532
v 0.0210574565 0.0343625365 -0.043817758
v -0.0106313998 0.038919271 -0.0517941837
v -0.0151067772 0.0374151031 -0.049874105
v -0.0140823326 0.0375276041 -0.0451019587
v -0.0169106253 0.0368698136 -0.0563121925
v -0.0207063597 0.0344435026 -0.0527276017
v -0.0223954732 0.0331942671 -0.0466597994
v -0.0222287054 0.0339188215 -0.0415075687
v -0.0229129 0.0327212861 -0.053808355
v -0.0252118885 0.0305653819 -0.0493518775
v -0.0248055612 0.0313285833 -0.0455229398
v -0.0232424224 0.0345519171 -0.0365511165
v -0.0181150058 0.0361243684 -0.0405169616
v -0.0135440747 0.0377726526 -0.039320119
v -0.0268977016 0.029708239 -0.0431391149
v -0.0111596038 0.038547842 -0.0362636958
v -0.0316277692 0.0246482292 -0.0380275422
v -0.0224143269 0.0363181879 -0.0321013184
v -0.0329187595 0.0208543468 -0.0382514612
v -0.00927757115 0.0390928929 -0.0327786547
v -0.0182484281 0.0378717536 -0.0308367802
v -0.024474098 0.0350494469 -0.032985062
v -0.0250873334 0.0375570707 -0.0257386564
v -0.026392992 0.0328074856 -0.0353542535
v -0.0183668982 0.0388952276 -0.0257247651
v -0.023830975 0.0385467728 -0.0233306244
v -0.011506731 0.0393199521 -0.0261084642
v -0.027897675 0.0382160394 -0.0203253643
v -0.0285701393 0.0366814351 -0.0238043009
v -0.0066773724 0.0394667842 -0.0300478918
v 0.000128613726 0.0397952128 -0.0316506368
v 0.000701407678 0.0395554526 -0.0262422138
v 0.00827596978 0.0394529088 -0.0266821036
v 0.0167245448 0.0390344751 -0.025615198
v 0.0122160108 0.0385736708 -0.0339745806
v -0.0305848025 0.0367142495 -0.0202987881
v -0.0306565028 0.0379612584 -0.016237094
v -0.0325162839 0.0358354185 -0.018022256
v -0.0329238424 0.0371897564 -0.011797656
v -0.0313421101 0.0344335802 -0.0239336397
v 0.0182538129 0.037871652 -0.0308369607
v 0.019639129 0.0388648407 -0.0250474957
v -0.0283308326 0.0318409792 -0.0338169193
v -0.0279823286 0.0296628951 -0.0394314266
v -0.0300832263 0.0280082578 -0.0370021589
v -0.0313824532 0.0276365668 -0.0341922336
v -0.0336716242 0.0322816486 -0.0222394272
v -0.0344891592 0.0292840005 -0.0241964008
v -0.034727069 0.0344470055 -0.013288582
v -0.0358114569 0.0295758478 -0.019489543
v -0.0358756392 0.0251316289 -0.0248396391
v -0.0363725848 0.0327024955 -0.00677332864
v -0.0339273716 0.0368970591 -0.00584345071
v -0.0364549601 0.030944694 -0.0133860856
v -0.0376274044 0.0240181161 -0.0189440048
v -0.0338390632 0.0188195539 -0.0368086679
v -0.035619276 0.034271259 -0.00320052131
v -0.0376948065 0.0295342874 0.00135456066
v -0.0341983602 0.0365793821 -0.00288895972
v -0.0345174167 0.0352683243 0.00296339767
v -0.0383185188 0.026879628 -0.00866768387
v -0.03478728 0.0133079039 -0.036256059
v -0.0363560623 0.0296606825 0.0100956961
v -0.0343709456 0.03317121 0.00981023331
v -0.0342083656 0.0304059736 0.0157464689
v -0.036785652 0.0257736622 0.0155771777
v -0.0342466223 0.0277778773 0.0195689296
v -0.035198636 0.00792002158 -0.0359440019
v -0.0386062397 -0.0011419651 -0.0256047555
v -0.0377955973 0.0117272426 -0.026804948
v -0.0361222891 0.000634516689 -0.0325121451
v -0.0381883109 -0.00947818086 -0.0243990551
v -0.0340821135 0.000662036631 -0.0388653396
v -0.0380129955 0.0267587016 0.00786153469
v -0.0368729717 0.0199822546 -0.0257692533
v -0.0381006991 0.0171670162 -0.0231148137
v -0.0394784065 0.00600149452 -0.0220109141
v -0.0401143054 0.0126541426 -0.0151449116
v -0.0333091651 -0.000246454398 -0.0404706836
v -0.0332155786 -0.00262278153 -0.0383459468
v -0.0345143515 -0.00415593433 -0.0350060611
v -0.0327865793 -0.0046455501 -0.0373916555
v -0.0340982538 -0.00729213941 -0.0338910613
v -0.0330711209 -0.0122399448 -0.0318565872
v -0.0325358751 -0.014937215 -0.0304937479
v -0.0344443906 -0.0165236678 -0.0279502943
v -0.0337015965 -0.0202847892 -0.0260554836
v -0.0367105402 -0.0140618667 -0.0254016806
v -0.0346517551 -0.0205702251 -0.0247959251
v -0.0338396038 -0.0227799669 -0.0237639295
v -0.0345241023 -0.0253629086 -0.02010975
v -0.0337224839 -0.0250817655 -0.0213123101
v -0.0336766365 -0.0271408091 -0.0186276709
v -0.0340320087 -0.0287887175 -0.0157977382
v -0.0373084192 -0.0257699201 -0.0106435124
v -0.0344014031 -0.0302119123 -0.011794996
v -0.0342552057 -0.0316244347 -0.00803561416
v -0.0373798958 -0.0201016392 -0.0192424413
v -0.0372882122 -0.0276543233 -0.00306718539
v -0.0340419065 -0.0326375507 -0.00355988159
v -0.0342632906 -0.0326459733 0.000741468375
v -0.0373006571 -0.0274743743 0.00516209911
v -0.0342184649 -0.0323206071 0.00492004292
v -0.0341921755 -0.0314458187 0.00906577407
v -0.034245328 -0.0299617824 0.0131551147
v -0.0372973279 -0.0235385454 0.0152640132
v -0.0344140955 -0.0278702618 0.0168080849
v -0.0344289066 -0.0255196356 0.0202457362
v -0.0342527501 -0.0227726269 0.023671941
v -0.0372994793 -0.0161521169 0.0230967344
v -0.0342137105 -0.0195886591 0.0264496688
v -0.0344293236 -0.0159839897 0.0285371876
v -0.0344395482 -0.0119614452 0.0304959802
v -0.037288243 -0.00922057551 0.0266356248
v -0.0344184802 -0.0079413484 0.0318509177
v -0.0372425419 -0.0016337546 0.0284418988
v -0.0344433062 -0.00400038126 0.0326105277
v -0.0340346247 0.000415208959 0.0333447737
v -0.0344158476 0.00666070909 0.0323368964
v -0.0337887998 0.00678625652 0.032776664
v -0.0340162031 0.0128892177 0.030920087
v -0.0388992267 -0.0159173656 0.0182830481
v -0.0389214392 -0.0102618954 0.0221270908
v -0.038865712 -0.00150634872 0.0246476906
v -0.0373127119 0.00660195839 0.0276289065
v -0.0372710705 0.0105370946 0.0265936425
v -0.0389208272 -0.0205119116 0.0128108819
v -0.0397560118 -0.012459413 0.0171018502
v -0.039740896 -0.00335449351 0.0213135732
v -0.0389293714 0.00579328212 0.0238718145
v -0.0389208618 -0.0237520687 0.00405261453
v -0.0344543674 0.0165146629 0.0287240691
v -0.033791615 0.0172267784 0.0288958341
v -0.0340249088 0.0210832105 0.0263708294
v -0.0356738384 0.017609725 0.0260209228
v -0.0340502643 0.0246431765 0.0233460974
v -0.0375124581 0.0147056457 0.0239405723
v -0.038924302 0.0110454067 0.022068384
v -0.0365761739 0.0217512422 0.0209253514
v -0.038271041 0.0187971014 0.0187779151
v -0.038416025 0.0228107815 0.0133846203
v -0.0393919928 0.0219281903 0.00870050644
v -0.0394609916 0.0157127544 0.0165625897
v -0.0397651667 0.00750279885 0.0202341573
v -0.0401443835 0.00472447804 0.0185761601
v -0.0401456457 -0.00593944447 0.0179684415
v -0.04015329 0.0133755116 0.0137432566
v -0.0395204397 0.0230295083 -0.00299446401
v -0.0401427258 0.018676866 0.00582704488
v -0.0401498708 0.0188478903 -0.00463771685
v -0.0401480332 0.00568826266 -0.018150387
v -0.039412243 0.0195204915 -0.0134453148
v -0.0401391441 -0.00315832427 -0.0186045712
v -0.0393631076 -0.0067129329 -0.0216390399
v -0.040110293 -0.00929034055 -0.0166071768
v -0.0385887503 -0.0118413159 -0.0221851355
v -0.0389807086 -0.0168658361 -0.0170415151
v -0.0397989863 -0.0144684416 -0.014948094
v -0.040147004 -0.0158032263 -0.00971122354
v -0.0389143572 -0.022181367 -0.00931514296
v -0.0397920853 -0.0199885826 -0.00606712747
v -0.0401485229 -0.0185837029 0.00115368803
v -0.0388990543 -0.0238762693 -0.00264369464
v -0.039755298 -0.0206559 0.00340144034
v -0.0397815004 -0.0177533954 0.0110790796
v -0.0401456187 -0.0146537661 0.0116400886
v -0.0337015965 -0.0202847892 -0.0260554836
v -0.0324752979 -0.0202885159 -0.0264809933
v -0.0325358751 -0.014937215 -0.0304937479
v -0.0338396038 -0.0227799669 -0.0237639295
v -0.0324363188 -0.0244455731 -0.022322491
v -0.0337224839 -0.0250817655 -0.0213123101
v -0.0336766365 -0.0271408091 -0.0186276709
v -0.0324314871 -0.0297713646 -0.0142129196
v -0.0340320087 -0.0287887175 -0.0157977382
v -0.0337774024 -0.030681555 -0.0118127078
v -0.0344014031 -0.0302119123 -0.011794996
v -0.0342552057 -0.0316244347 -0.00803561416
v -0.033443657 -0.0319274172 -0.00794085354
v -0.0324400026 -0.0322931474 -0.00650410657
v -0.0340419065 -0.0326375507 -0.00355988159
v -0.03243947 -0.0329782196 0.000972299131
v -0.0334220182 -0.0329157949 0.000851869572
v -0.0342632906 -0.0326459733 0.000741468375
v -0.0342184649 -0.0323206071 0.00492004292
v -0.0334219076 -0.0325689413 0.00496066168
v -0.0341921755 -0.0314458187 0.00906577407
v -0.032437817 -0.0317326426 0.00899585211
v -0.0334435493 -0.0315907208 0.00943461346
v -0.034245328 -0.0299617824 0.0131551147
v -0.0335174383 -0.0302047061 0.0132644767
v -0.0324364464 -0.0289034883 0.0161109885
v -0.0337787501 -0.0282819005 0.017012922
v -0.0344140955 -0.0278702618 0.0168080849
v -0.0344289066 -0.0255196356 0.0202457362
v -0.0337518496 -0.0258225832 0.0206205325
v -0.0342527501 -0.0227726269 0.023671941
v -0.0324374568 -0.0240717592 0.0227182769
v -0.0333713755 -0.0230080026 0.02384174
v -0.0342137105 -0.0195886591 0.0264496688
v -0.0333422836 -0.0195490196 0.0268141244
v -0.0324383418 -0.0204676587 0.0260613364
v -0.0324397595 -0.0168819198 0.0286398892
v -0.0337967402 -0.0160102253 0.0290628523
v -0.0344293236 -0.0159839897 0.0285371876
v -0.0344395482 -0.0119614452 0.0304959802
v -0.0337265741 -0.0120766927 0.0309932366
v -0.0324376733 -0.0108492276 0.0314720848
v -0.0344184802 -0.0079413484 0.0318509177
v -0.0337383412 -0.0080587954 0.0323141547
v -0.0324383694 -0.00504170777 0.0329682051
v -0.0344433062 -0.00400038126 0.0326105277
v -0.0337645408 -0.00370924794 0.0331455638
v -0.0340346247 0.000415208959 0.0333447737
v -0.0324383786 0.000415574261 0.0334267708
v -0.0337887998 0.00678625652 0.032776664
v -0.0324383791 0.00681798491 0.0328029797
v -0.0324367675 0.0143906772 0.0304455956
v -0.0340162031 0.0128892177 0.030920087
v -0.033791615 0.0172267784 0.0288958341
v -0.0324408252 0.0220655392 0.0257732347
v -0.0340249088 0.0210832105 0.0263708294
v -0.0340502643 0.0246431765 0.0233460974
v -0.0324387446 0.0259887777 0.0221271155
v -0.0334731531 0.0278733583 0.0198714799
v -0.0342466223 0.0277778773 0.0195689296
v -0.0324351768 0.0297202147 0.0174044108
v -0.0342083656 0.0304059736 0.0157464689
v -0.0334411362 0.0304798974 0.0161199379
v -0.0337781559 0.0327912799 0.0116298215
v -0.0324362394 0.0336155005 0.00983421851
v -0.0343709456 0.03317121 0.00981023331
v -0.033792673 0.0345429783 0.0071635659
v -0.0324417374 0.0362595981 0.00141973851
v -0.0345174167 0.0352683243 0.00296339767
v -0.0337940818 0.035859103 0.00279145115
v -0.0335414839 0.0370428926 -0.0030051473
v -0.0321396805 0.0372794167 -0.00516913278
v -0.0341983602 0.0365793821 -0.00288895972
v -0.033353869 0.037350785 -0.00558864886
v -0.0339273716 0.0368970591 -0.00584345071
v -0.0307073704 0.0375570819 -0.0126562823
v -0.0320735682 0.0377433521 -0.012588939
v -0.0329238424 0.0371897564 -0.011797656
v -0.0306565028 0.0379612584 -0.016237094
v -0.0318445095 0.0378167258 -0.0118349832
v -0.0290213419 0.037896619 -0.0174935238
v -0.0294068308 0.0375229083 -0.0160979122
v -0.0270667606 0.0373931898 -0.0196166235
v -0.0269868095 0.0380976713 -0.0202691357
v -0.027897675 0.0382160394 -0.0203253643
v -0.0245697218 0.0373439755 -0.0219492809
v -0.023830975 0.0385467728 -0.0233306244
v -0.0243590741 0.0380895254 -0.0222915012
v -0.0217354365 0.0373913014 -0.0235121988
v -0.0214123608 0.0386208946 -0.0240874011
v -0.0183668982 0.0388952276 -0.0257247651
v -0.0180759734 0.0384103869 -0.024730619
v -0.0178126986 0.0374977403 -0.0247167249
v -0.0152422411 0.0390554823 -0.0255780324
v -0.011506731 0.0393199521 -0.0261084642
v -0.012672661 0.0386982767 -0.0253952836
v -0.0111204285 0.0377923939 -0.0254670333
v 1.95061127e-05 0.0389232038 -0.0256121071
v 0.00648653036 0.0379469688 -0.0255846535
v 1.58391572e-05 0.0393212162 -0.025797225
v 0.000701407678 0.0395554526 -0.0262422138
v 0.0167245448 0.0390344751 -0.025615198
v 0.0115527941 0.0388917523 -0.0254784885
v 0.0129565025 0.0377291039 -0.0253234088
v 0.0181949125 0.0387780646 -0.0249681121
v 0.019639129 0.0388648407 -0.0250474957
v 0.0181933337 0.0384151195 -0.0247107644
v 0.0178180806 0.0374976416 -0.0247169024
v 0.0218194629 0.0373759617 -0.0234878695
v 0.0221375386 0.0383942 -0.023569836
v 0.0242190489 0.0385305895 -0.0232709674
v 0.0244059377 0.0382112739 -0.0223130759
v 0.0246006352 0.0373433802 -0.0219315931
v 0.0274150832 0.0383158617 -0.0205799268
v 0.0264948434 0.0379531144 -0.0206064462
v 0.0270716086 0.0373929035 -0.0196173016
v 0.0290716092 0.0380271809 -0.0177213646
v 0.0296077658 0.0380324953 -0.0182694959
v 0.0288529201 0.0374763996 -0.0171275504
v 0.0313246706 0.0378491443 -0.0148151827
v 0.0317139285 0.0378281342 -0.011951894
v 0.0323785378 0.0376506184 -0.0117646137
v 0.0310481348 0.0375281901 -0.0115281749
v 0.0331074258 0.0374095485 -0.00592102333
v 0.0321602445 0.037254879 -0.00497791189
v 0.0335536254 0.0370619877 -0.0031578249
v 0.0324429447 0.0362702295 0.00136518138
v 0.0337651667 0.0358630263 0.00280618024
v 0.0337896751 0.0345200883 0.0072302646
v 0.0324426888 0.0336729542 0.00979287215
v 0.0340416067 0.0328016526 0.011491005
v 0.0334566636 0.0304714631 0.0161361851
v 0.0342137678 0.0304058748 0.0157462899
v 0.0324404161 0.0302071275 0.0165723919
v 0.0339364929 0.0279580069 0.0196778783
v 0.0324420812 0.026288093 0.0218324029
v 0.0340331237 0.0247666409 0.0232339589
v 0.032445737 0.0222511298 0.0256097614
v 0.034043581 0.0210000115 0.0264274538
v 0.032440717 0.0171787076 0.0289554679
v 0.0337980585 0.0171706037 0.0289269316
v 0.0324437704 0.0129098756 0.0309892086
v 0.0340305869 0.0128396846 0.0309313531
v 0.034054048 0.00679314114 0.0327306305
v 0.0324437709 0.0068178858 0.0328028022
v 0.0324437715 0.000415475568 0.0334265933
v 0.0340578029 0.000453328697 0.0333396514
v 0.0337994137 -0.00378322579 0.0331271178
v 0.0344441392 -0.00393102226 0.0326226844
v 0.0324431287 -0.00448914078 0.0330789218
v 0.0337441401 -0.00799800324 0.0323248561
v 0.0344243839 -0.00814368385 0.0317980186
v 0.0324429721 -0.0109183152 0.0314495293
v 0.0342522788 -0.0121351469 0.0306852977
v 0.0333945219 -0.0121091471 0.0310010859
v 0.0337591787 -0.0158814888 0.0291506381
v 0.0344308224 -0.0159342612 0.0285684568
v 0.0324458015 -0.0170431377 0.0285310205
v 0.0340432382 -0.019657344 0.026612595
v 0.0324437354 -0.0204677272 0.0260611851
v 0.0324471147 -0.0235933084 0.0232582854
v 0.0341580269 -0.0227841533 0.0238167602
v 0.0337540922 -0.0257891923 0.0206722223
v 0.0344311113 -0.0254921236 0.0202842872
v 0.0324430609 -0.0280890091 0.017421243
v 0.0337849454 -0.0282530294 0.0170593688
v 0.0344218361 -0.0278988008 0.0167482693
v 0.0342507145 -0.0299618899 0.0131549241
v 0.0335185757 -0.030157555 0.0133595648
v 0.0324419378 -0.0313627767 0.0103949038
v 0.0334470619 -0.0315987767 0.00940372847
v 0.0341975769 -0.0314459117 0.00906559799
v 0.0334273645 -0.0325690315 0.00496050925
v 0.0324446387 -0.0328363997 0.00266432344
v 0.0342238373 -0.0323207029 0.00491993669
v 0.0333411299 -0.032931703 0.000738477911
v 0.034268698 -0.0326460576 0.000741309304
v 0.0324763095 -0.0327162358 -0.00375907039
v 0.0341121165 -0.0325776723 -0.00356812634
v 0.033541108 -0.0319506129 -0.00783440482
v 0.0342606042 -0.0316245335 -0.0080357815
v 0.0324433086 -0.0321914006 -0.00698801741
v 0.0340403346 -0.0306157249 -0.011864557
v 0.03244066 -0.0294532366 -0.0148827152
v 0.0340375958 -0.028784151 -0.0158106879
v 0.0337325089 -0.027061472 -0.0187162121
v 0.032442982 -0.0241655173 -0.0226663135
v 0.0337279453 -0.0250817975 -0.0213125255
v 0.033854829 -0.0226398129 -0.023908967
v 0.0334431231 -0.0198985595 -0.0265208975
v 0.0324806944 -0.020288615 -0.0264811417
v 0.0325522952 -0.0150119828 -0.0304052955
v 0.00885109023 -0.0231713718 -0.0706258754
v 0.0143191926 -0.0209642358 -0.0706258637
v 0.0191284374 -0.0178789936 -0.0706258637
v 0.0234364908 -0.0138069381 -0.0706258637
v 0.0270123659 -0.00877030089 -0.0706258637
v 0.0295683279 -0.00309093044 -0.0706265389
v 0.0308012122 0.002340102 -0.0706258637
v 0.0311051052 0.00770107998 -0.0706262712
v 0.0303618656 0.0134615851 -0.070626213
v 0.0285285014 0.0191005525 -0.0706264575
v 0.0251859114 0.0248837016 -0.0706258637
v 0.019792306 0.030830024 -0.0706254214
v 0.0123021046 0.0352476734 -0.0706258754
v 0.00620742906 0.0371272827 -0.0706245424
v -0.00178090797 0.0377164948 -0.0706294959
v -0.00801956588 0.0367178866 -0.0706255494
v -0.013086408 0.0348655612 -0.0706238556
v -0.0186855088 0.0315415133 -0.0706258113
v -0.0246860226 0.025747854 -0.0706260267
v -0.0288104509 0.0184603534 -0.0706261955
v -0.0304201891 0.0131387295 -0.0706259918
v -0.0310667798 0.00825795452 -0.0706260209
v -0.0307759796 0.00194685694 -0.0706259976
v -0.0291373111 -0.00434033718 -0.0706260733
v -0.0262855602 -0.0100445826 -0.0706259743
v -0.0207262172 -0.0167088921 -0.0706270977
v -0.0135915219 -0.0213858654 -0.0706259685
v -0.00723024434 -0.0236465209 -0.0706258987
v -0.00128560391 -0.0244503376 -0.0706260849
v 0.0041903458 -0.0242162783 -0.0706252118
v -0.0351619676 0.00187886619 -0.032455023
v -0.0306598727 0.00163849641 -0.0324685912
v -0.0306599197 0.00644024717 -0.0318971375
v -0.0354201597 0.00636509485 -0.0318853243
v -0.0356171756 0.0113600688 -0.030498259
v -0.0306597717 0.0111492971 -0.0305486494
v -0.0306598915 0.0170359987 -0.0277490151
v -0.0358276929 0.0177321851 -0.0272902194
v -0.0306609572 0.0224874721 -0.0235186089
v -0.0358931799 0.0230480522 -0.0229848418
v -0.0306611905 0.0273280983 -0.0177140741
v -0.0359040913 0.0277003417 -0.0171079359
v -0.0306497209 0.030469947 -0.0114484457
v -0.0357637907 0.0308058863 -0.0104802042
v -0.0306598259 0.032329222 -0.0038402748
v -0.035503137 0.0324008722 -0.00316274381
v -0.0306728528 0.0323771356 0.00332502277
v -0.0349885085 0.0323147191 0.00390035384
v -0.0306673841 0.0309937461 0.00991983397
v -0.0344573198 0.030647646 0.0109223889
v -0.0306607482 0.029119864 0.0144625927
v -0.0341522823 0.0276678998 0.0171665364
v -0.0306597148 0.0262531891 0.0192283012
v -0.0338944539 0.0228910779 0.0231739876
v -0.0306598395 0.0207143765 0.0251494377
v -0.0335105506 0.0170037776 0.0277319457
v -0.0306600369 0.015200682 0.0287668983
v -0.0325218029 0.0125956358 0.0300791318
v -0.030662804 0.00793911627 0.0315998332
v -0.0324383791 0.00629552022 0.031884652
v -0.0324390596 -0.00025879421 0.0325670786
v -0.0307107403 0.000349147875 0.0325321336
v -0.0307798293 -0.00629386974 0.0319375918
v -0.0324384827 -0.00662153827 0.0318412058
v -0.032438424 -0.0125094607 0.030042557
v -0.0308378443 -0.0121811963 0.0301474589
v -0.0308718838 -0.0163934963 0.0280908978
v -0.0324380713 -0.0189498095 0.0264904927
v -0.0308897532 -0.0205820657 0.0251804158
v -0.0308928262 -0.0246474197 0.0212585102
v -0.032438068 -0.0233696511 0.0226131931
v -0.0324385334 -0.0266236456 0.0187182726
v -0.0308706225 -0.0288284644 0.0151292275
v -0.0324383789 -0.0295071658 0.0136845934
v -0.0308136545 -0.0309899331 0.0097922486
v -0.0324388734 -0.0318241276 0.00690964152
v -0.0307171927 -0.0320753546 0.00542700873
v -0.0303303183 -0.0325340921 -0.00147490809
v -0.0324378053 -0.0325414584 -0.00076376673
v -0.0324385417 -0.0313709286 -0.00873120516
v -0.0299717796 -0.0312927467 -0.00893691322
v -0.0304766644 -0.0287553817 -0.0152381006
v -0.0324387253 -0.0288073031 -0.0150993656
v -0.0306362352 -0.0249915317 -0.020858513
v -0.0324295578 -0.0256445142 -0.0200222945
v -0.0323509167 -0.0215336199 -0.0243836315
v -0.0306597487 -0.0192566598 -0.0262446847
v -0.0322026068 -0.0186420496 -0.0266302755
v -0.0327891278 -0.0156234789 -0.0285072427
v -0.0306595047 -0.0136139728 -0.0295590988
v -0.0336158749 -0.010577892 -0.0308012386
v -0.030659834 -0.00870063427 -0.0313200318
v -0.0306597296 -0.00405051737 -0.0322879467
v -0.0346711281 -0.00329831795 -0.0323668821
v -0.0306598727 0.00163849641 -0.0324685912
v -0.0351619676 0.00187886619 -0.032455023
v -0.0307798293 -0.00629386974 0.0319375918
v -0.0307107403 0.000349147875 0.0325321336
v -0.030662804 0.00793911627 0.0315998332
v -0.0308378443 -0.0121811963 0.0301474589
v -0.0306600369 0.015200682 0.0287668983
v -0.0308718838 -0.0163934963 0.0280908978
v -0.0306598395 0.0207143765 0.0251494377
v -0.0308897532 -0.0205820657 0.0251804158
v -0.0308928262 -0.0246474197 0.0212585102
v -0.0306597148 0.0262531891 0.0192283012
v -0.0308706225 -0.0288284644 0.0151292275
v -0.0306607482 0.029119864 0.0144625927
v -0.0306673841 0.0309937461 0.00991983397
v -0.0308136545 -0.0309899331 0.0097922486
v -0.0307171927 -0.0320753546 0.00542700873
v -0.0306728528 0.0323771356 0.00332502277
v -0.0303303183 -0.0325340921 -0.00147490809
v -0.0306598259 0.032329222 -0.0038402748
v -0.0299717796 -0.0312927467 -0.00893691322
v -0.0306497209 0.030469947 -0.0114484457
v -0.0304766644 -0.0287553817 -0.0152381006
v -0.0306611905 0.0273280983 -0.0177140741
v -0.0306362352 -0.0249915317 -0.020858513
v -0.0306609572 0.0224874721 -0.0235186089
v -0.0306597487 -0.0192566598 -0.0262446847
v -0.0306598915 0.0170359987 -0.0277490151
v -0.0306595047 -0.0136139728 -0.0295590988
v -0.0306597717 0.0111492971 -0.0305486494
v -0.030659834 -0.00870063427 -0.0313200318
v -0.0306599197 0.00644024717 -0.0318971375
v -0.0306597296 -0.00405051737 -0.0322879467
v -0.0306598727 0.00163849641 -0.0324685912
v 0.0350627641 0.000113065444 -0.0325686065
v 0.0354300655 0.00660008318 -0.0318349747
v 0.0306829808 0.00244247635 -0.0324445515
v 0.030683092 -0.004329171 -0.0322703592
v 0.0343596597 -0.00568086025 -0.032028064
v 0.030683078 -0.0108189403 -0.0306696165
v 0.0334774474 -0.0115297138 -0.0304203917
v 0.030682863 -0.0155245218 -0.0285928836
v 0.0326762863 -0.0162097291 -0.028190398
v 0.03068369 -0.0198108918 -0.0257891428
v 0.0322506402 -0.0195342568 -0.0259908091
v 0.0306721943 -0.0236394788 -0.0223308467
v 0.0324030224 -0.0238239606 -0.0221465802
v 0.0306019292 -0.0268616803 -0.0183524986
v 0.0324442716 -0.027867852 -0.0168629558
v 0.0304063342 -0.0292904241 -0.0141181503
v 0.0324437712 -0.0303800684 -0.01157191
v 0.0299834063 -0.0314391861 -0.00843918606
v 0.0324440129 -0.0319029322 -0.00639086938
v 0.0303895765 -0.0325203061 -0.00137874795
v 0.0324438151 -0.032545795 0.0013590281
v 0.0307520501 -0.0321152331 0.00529566823
v 0.0324435356 -0.0316679711 0.00737638038
v 0.0308721527 -0.0301767958 0.012178508
v 0.0324434918 -0.0300297398 0.0125380684
v 0.0309058955 -0.0277232206 0.016960928
v 0.0324432762 -0.0276978361 0.0170564468
v 0.0309134797 -0.024618555 0.0212951782
v 0.0324439336 -0.023901109 0.0221257025
v 0.0309041922 -0.0195549876 0.026012212
v 0.0324432289 -0.01848486 0.0267858093
v 0.030867224 -0.01319975 0.0297532562
v 0.0324437959 -0.0126289132 0.030010246
v 0.0308008317 -0.0060421646 0.0319864339
v 0.0324439669 -0.00480380157 0.0322100357
v 0.0307281879 0.0010062799 0.0325325091
v 0.0324439693 0.00117895599 0.0324888882
v 0.0306859082 0.00743049945 0.0316684134
v 0.0324437709 0.00629136113 0.0318852457
v 0.032436308 0.0142508433 0.0294112979
v 0.0306830847 0.0119780384 0.0302122033
v 0.0306850896 0.0162481444 0.0281919987
v 0.0324416218 0.0205863936 0.0255949883
v 0.0306844635 0.0210546275 0.0247751945
v 0.0338219466 0.0212220243 0.0246305135
v 0.0306818438 0.0243406377 0.0215805863
v 0.0338965541 0.0233920684 0.0227089506
v 0.0341462093 0.0275233645 0.017414795
v 0.0306883511 0.0280460573 0.0165466627
v 0.03068354 0.0306182044 0.0109731925
v 0.0344594186 0.030641447 0.0109717934
v 0.0306861709 0.0320981953 0.00532645536
v 0.0348906441 0.0320902008 0.00524993375
v 0.0352844713 0.0325373987 0.000206137747
v 0.0306893781 0.0325139435 -0.000492984873
v 0.0306801173 0.0320544697 -0.00579761145
v 0.0355501398 0.0321974194 -0.00452895001
v 0.0357775136 0.0307772282 -0.0105891879
v 0.0306783276 0.0303209903 -0.0117448326
v 0.0306933133 0.0284137609 -0.0158692375
v 0.0359100149 0.0278118273 -0.0168974657
v 0.0306814276 0.0252540658 -0.020473887
v 0.0359066363 0.0233202302 -0.022720905
v 0.0306835088 0.0219771694 -0.0239932793
v 0.0358220582 0.0174241783 -0.0274832739
v 0.0306830407 0.0158476059 -0.0284506677
v 0.0356337773 0.0114332661 -0.0304701593
v 0.0306829599 0.00904953972 -0.0312720571
v 0.0354300655 0.00660008318 -0.0318349747
v 0.0306829808 0.00244247635 -0.0324445515
v 0.00603173024 0.0298522156 -0.0456258684
v -0.000295148902 0.0306851696 -0.0456258713
v -0.000392190168 0.0306935719 -0.0696258212
v 0.00603173024 0.0298522156 -0.0696258619
v 0.0119274393 0.0274101341 -0.0456258684
v 0.0119274393 0.0274101341 -0.0696258619
v 0.0169901986 0.0235253421 -0.0456258684
v 0.0169901986 0.0235253421 -0.0696258619
v 0.0208749914 0.0184625827 -0.0456258684
v 0.0208749914 0.0184625827 -0.0696258619
v 0.023317074 0.0125668789 -0.0456258684
v 0.023317074 0.0125668789 -0.0696258619
v 0.0241500247 0.00624000306 -0.0456258684
v 0.0241500247 0.00624000306 -0.0696258619
v 0.0233170751 -8.68731911e-05 -0.0456258684
v 0.0233170751 -8.68731911e-05 -0.0696258619
v 0.0208749936 -0.0059825772 -0.0456258684
v 0.0208749936 -0.0059825772 -0.0696258619
v 0.0169902016 -0.0110453365 -0.0456258684
v 0.0169902016 -0.0110453365 -0.0696258619
v 0.011927443 -0.0149301301 -0.0456258684
v 0.011927443 -0.0149301301 -0.0696258619
v 0.00603173436 -0.0173722214 -0.0456258684
v 0.00603173436 -0.0173722214 -0.0696258619
v -0.000295140308 -0.0182051678 -0.0456258684
v -0.000392981746 -0.0182114018 -0.0696258212
v -0.00662201485 -0.0173722225 -0.069625699
v -0.00662201485 -0.0173722225 -0.0456258684
v -0.0125177235 -0.0149301322 -0.0456258684
v -0.0125177235 -0.0149301322 -0.069625699
v -0.0175804851 -0.0110453396 -0.0456258684
v -0.0175804851 -0.0110453396 -0.069625699
v -0.0214652779 -0.0059825809 -0.0456258684
v -0.0214652779 -0.0059825809 -0.069625699
v -0.0239073604 -8.68772684e-05 -0.0456258684
v -0.0239073604 -8.68772684e-05 -0.069625699
v -0.0247403112 0.00623999879 -0.0456258684
v -0.0247403112 0.00623999879 -0.069625699
v -0.0239073615 0.0125668747 -0.0456258684
v -0.0239073615 0.0125668747 -0.069625699
v -0.02146528 0.018462579 -0.0456258684
v -0.02146528 0.018462579 -0.069625699
v -0.0175804881 0.0235253391 -0.0456258684
v -0.0175804881 0.0235253391 -0.069625699
v -0.0125177272 0.0274101319 -0.0456258684
v -0.0125177272 0.0274101319 -0.069625699
v -0.00662201898 0.0298522145 -0.0456258684
v -0.00662201898 0.0298522145 -0.069625699
v -0.000392190168 0.0306935719 -0.0696258212
v -0.000295148902 0.0306851696 -0.0456258713
v -0.00662201898 0.0298522145 -0.0456258684
v -0.000295148902 0.0306851696 -0.0456258713
v -0.0125177272 0.0274101319 -0.0456258684
v -0.0175804881 0.0235253391 -0.0456258684
v -0.02146528 0.018462579 -0.0456258684
v -0.0239073615 0.0125668747 -0.0456258684
v -0.0247403112 0.00623999879 -0.0456258684
v -0.0239073604 -8.68772684e-05 -0.0456258684
v -0.0214652779 -0.0059825809 -0.0456258684
v -0.0175804851 -0.0110453396 -0.0456258684
v -0.0125177235 -0.0149301322 -0.0456258684
v -0.00662201485 -0.0173722225 -0.0456258684
v -0.000295140308 -0.0182051678 -0.0456258684
v 0.00603173436 -0.0173722214 -0.0456258684
v 0.011927443 -0.0149301301 -0.0456258684
v 0.0169902016 -0.0110453365 -0.0456258684
v 0.0208749936 -0.0059825772 -0.0456258684
v 0.0233170751 -8.68731911e-05 -0.0456258684
v 0.0241500247 0.00624000306 -0.0456258684
v 0.023317074 0.0125668789 -0.0456258684
v 0.0208749914 0.0184625827 -0.0456258684
v 0.0169901986 0.0235253421 -0.0456258684
v 0.0119274393 0.0274101341 -0.0456258684
v 0.00603173024 0.0298522156 -0.0456258684
v -0.0156792487 -0.0218629283 -0.0515142397
v -0.0158086662 -0.0217603417 -0.067291921
v 0.0158183427 -0.0217600464 -0.0516258646
v 0.0157861815 -0.0217601105 -0.0594717218
v 0.0154610262 -0.0217761336 -0.0675996067
v 0.0306829599 0.00904953972 -0.0312720571
v 0.030683092 -0.004329171 -0.0322703592
v 0.0306829808 0.00244247635 -0.0324445515
v 0.030683078 -0.0108189403 -0.0306696165
v 0.0306830407 0.0158476059 -0.0284506677
v 0.030682863 -0.0155245218 -0.0285928836
v 0.03068369 -0.0198108918 -0.0257891428
v 0.0306835088 0.0219771694 -0.0239932793
v 0.0306721943 -0.0236394788 -0.0223308467
v 0.0306814276 0.0252540658 -0.020473887
v 0.0306019292 -0.0268616803 -0.0183524986
v 0.0306933133 0.0284137609 -0.0158692375
v 0.0304063342 -0.0292904241 -0.0141181503
v 0.0306783276 0.0303209903 -0.0117448326
v 0.0299834063 -0.0314391861 -0.00843918606
v 0.0306801173 0.0320544697 -0.00579761145
v 0.0303895765 -0.0325203061 -0.00137874795
v 0.0306893781 0.0325139435 -0.000492984873
v 0.0306861709 0.0320981953 0.00532645536
v 0.0307520501 -0.0321152331 0.00529566823
v 0.0308721527 -0.0301767958 0.012178508
v 0.03068354 0.0306182044 0.0109731925
v 0.0306883511 0.0280460573 0.0165466627
v 0.0309058955 -0.0277232206 0.016960928
v 0.0309134797 -0.024618555 0.0212951782
v 0.0306818438 0.0243406377 0.0215805863
v 0.0306844635 0.0210546275 0.0247751945
v 0.0309041922 -0.0195549876 0.026012212
v 0.0306850896 0.0162481444 0.0281919987
v 0.030867224 -0.01319975 0.0297532562
v 0.0306830847 0.0119780384 0.0302122033
v 0.0306859082 0.00743049945 0.0316684134
v 0.0308008317 -0.0060421646 0.0319864339
v 0.0307281879 0.0010062799 0.0325325091
v 0.0250094799 0.0375995347 -0.0257822743
v 0.0242190489 0.0385305895 -0.0232709674
v 0.0285844781 0.0369794604 -0.0230003789
v 0.0274150832 0.0383158617 -0.0205799268
v 0.0308530752 0.0362910736 -0.0208342273
v 0.0296077658 0.0380324953 -0.0182694959
v 0.0325331753 0.0358502263 -0.0180391478
v 0.0313246706 0.0378491443 -0.0148151827
v 0.0339767631 0.0358882332 -0.0119887358
v 0.0323785378 0.0376506184 -0.0117646137
v 0.0336193884 0.0371504372 -0.00696898787
v 0.0331074258 0.0374095485 -0.00592102333
v 0.0335536254 0.0370619877 -0.0031578249
v 0.0320343649 0.0339351622 -0.0232871971
v 0.0299314268 0.0348823171 -0.0255156949
v 0.0338801212 0.0326551672 -0.02090161
v 0.03542098 0.0310373611 -0.0183554788
v 0.0352009378 0.0290361962 -0.0225088166
v 0.0349562208 0.0334547718 -0.0150298336
v 0.036965148 0.0280679847 -0.0165210717
v 0.0374191589 0.0296700517 -0.00912458272
v 0.0363731117 0.0326594428 -0.00688904547
v 0.0388980151 0.0260540027 -0.000559081991
v 0.0330024896 0.031099969 -0.0256374973
v 0.0386131789 0.025158376 -0.0101277721
v 0.0349396314 0.0355182159 -0.00411852998
v 0.0371057048 0.0306270874 0.00231040522
v 0.0341307282 0.0366779365 -0.00301434866
v 0.0343665188 0.0355402998 0.00250833291
v 0.0337651667 0.0358630263 0.00280618024
v 0.0337896751 0.0345200883 0.0072302646
v 0.034555199 0.0343476714 0.00592141078
v 0.0340416067 0.0328016526 0.011491005
v 0.036361453 0.0296605841 0.0100955469
v 0.0342137678 0.0304058748 0.0157462899
v 0.0380183809 0.0267586035 0.00786138553
v 0.0394194717 0.021827949 0.00874693578
v 0.0367910433 0.0257735638 0.0155770278
v 0.0384214169 0.0228106907 0.0133844718
v 0.0346242193 0.0277639892 0.0187946949
v 0.0339364929 0.0279580069 0.0196778783
v 0.0340331237 0.0247666409 0.0232339589
v 0.036581563 0.0217511511 0.020925203
v 0.034043581 0.0210000115 0.0264274538
v 0.0382764278 0.0187970106 0.0187777667
v 0.0356792253 0.0176096264 0.0260207453
v 0.0344599059 0.0165136765 0.0287242729
v 0.0337980585 0.0171706037 0.0289269316
v 0.0340305869 0.0128396846 0.0309313531
v 0.0375178513 0.0147055547 0.0239403933
v 0.0366342797 0.0114572732 0.0273944228
v 0.034054048 0.00679314114 0.0327306305
v 0.0394663818 0.0157126653 0.0165624107
v 0.0388415696 0.00987640281 0.0229862868
v 0.0373521668 0.00684866935 0.0275233499
v 0.0340578029 0.000453328697 0.0333396514
v 0.0389607414 0.00665786406 0.0236197418
v 0.0373417455 -0.00176048944 0.0282480411
v 0.0344441392 -0.00393102226 0.0326226844
v 0.0344243839 -0.00814368385 0.0317980186
v 0.0372936346 -0.00922067303 0.0266354473
v 0.0342522788 -0.0121351469 0.0306852977
v 0.0373048838 -0.0161523767 0.0230964302
v 0.0344308224 -0.0159342612 0.0285684568
v 0.0340432382 -0.019657344 0.026612595
v 0.0341580269 -0.0227841533 0.0238167602
v 0.0373027075 -0.0235386786 0.0152638531
v 0.0344311113 -0.0254921236 0.0202842872
v 0.0344218361 -0.0278988008 0.0167482693
v 0.0342507145 -0.0299618899 0.0131549241
v 0.037306049 -0.0274744754 0.00516196524
v 0.0341975769 -0.0314459117 0.00906559799
v 0.0342238373 -0.0323207029 0.00491993669
v 0.034268698 -0.0326460576 0.000741309304
v 0.0389267867 -0.00165250827 0.0244688679
v 0.0389268282 -0.0102619657 0.0221269293
v 0.0389046224 -0.015917449 0.0182828691
v 0.0397858816 0.00612872084 0.0204880416
v 0.0389262324 -0.020512014 0.0128106505
v 0.03729361 -0.0276544215 -0.00306736401
v 0.0341121165 -0.0325776723 -0.00356812634
v 0.0342606042 -0.0316245335 -0.0080357815
v 0.0373139069 -0.0257701318 -0.0106428102
v 0.0340403346 -0.0306157249 -0.011864557
v 0.0340375958 -0.028784151 -0.0158106879
v 0.0389262647 -0.023752139 0.00405244064
v 0.0397649197 -0.0125322747 0.0170255909
v 0.0345368746 -0.0253654841 -0.0200942857
v 0.0337325089 -0.027061472 -0.0187162121
v 0.0337279453 -0.0250817975 -0.0213125255
v 0.033854829 -0.0226398129 -0.023908967
v 0.0345943834 -0.0203710179 -0.0250637182
v 0.0334431231 -0.0198985595 -0.0265208975
v 0.0389044514 -0.0238763673 -0.00264387309
v 0.0397687329 -0.0189529392 0.00928116351
v 0.0398020147 -0.00373204727 0.0209723192
v 0.037352076 -0.0201454615 -0.019294981
v 0.034305871 -0.0173297448 -0.0276596838
v 0.0325522952 -0.0150119828 -0.0304052955
v 0.0397858519 -0.0208186417 -0.000516367436
v 0.0389197628 -0.0221813951 -0.00931542454
v 0.0368220511 -0.0135561987 -0.0254800543
v 0.0386943004 -0.0122809298 -0.021619795
v 0.0330789142 -0.0126237588 -0.0316187128
v 0.0317439507 -0.0133424839 -0.0323590037
v 0.0389555659 -0.0172250303 -0.0167733815
v 0.0340466596 -0.00583317408 -0.0348339643
v 0.0327160761 -0.00491449141 -0.0373059156
v 0.0307788793 -0.0128338276 -0.0339696911
v 0.0397608923 -0.0191880152 -0.00824720919
v 0.0316362833 -0.00532352038 -0.040223627
v 0.0291342101 -0.0126849645 -0.037384266
v 0.0397606271 -0.0149621288 -0.0146802748
v 0.0402993712 -0.0164494567 -0.00577400715
v 0.0350875462 -0.00291039926 -0.0341596926
v 0.0386238507 -0.00139867788 -0.0255197607
v 0.0331984486 -0.00281673257 -0.0381961785
v 0.0341571402 0.000233829913 -0.0383020408
v 0.028641616 -0.0109875426 -0.0431554974
v 0.0274005503 -0.0131932165 -0.0421435776
v 0.0263705396 -0.0139811286 -0.0461895979
v 0.033316607 5.76232265e-06 -0.0407092331
v 0.0316790716 -0.00426220991 -0.0437935145
v 0.0281948984 -0.0111230457 -0.0517888402
v 0.0256372978 -0.0148112252 -0.0482518633
v 0.036127679 0.000634426099 -0.0325123256
v 0.0350638753 0.00623964967 -0.0366503984
v 0.0338248089 0.00540236984 -0.0437912066
v 0.0334377108 0.00200540091 -0.0428046216
v 0.0311767221 -0.00525427004 -0.0546780531
v 0.0327913236 0.00012056985 -0.0455412082
v 0.0336346007 0.00642816234 -0.0487705373
v 0.0331643842 0.0123341233 -0.0507471384
v 0.0338992766 0.00809881172 -0.0434696994
v 0.0298826875 -0.00837630753 -0.0603994355
v 0.0326802343 -0.000494770674 -0.0568118412
v 0.0339758223 0.0116378819 -0.0413316506
v 0.0308932451 -0.00641132522 -0.0674080395
v 0.0294038568 -0.00944285309 -0.067626813
v 0.0320368828 -0.00328998296 -0.0675929943
v 0.02734548 -0.0125813987 -0.0591459277
v 0.0239601723 -0.0167407205 -0.0608936592
v 0.0275387265 -0.0124661053 -0.0676054391
v 0.0256921963 -0.0148621089 -0.0676288444
v 0.0244694339 -0.0161334909 -0.0498644018
v 0.0233118845 -0.0174471346 -0.0675908173
v 0.0228642982 -0.0178080934 -0.0508372788
v 0.020198242 -0.0201411964 -0.0675550138
v 0.0199322315 -0.0202774082 -0.0588510069
v 0.0151703999 -0.0232475724 -0.0609355862
v 0.019688436 -0.0204445122 -0.0513745996
v 0.015915177 -0.0228890466 -0.0515097403
v 0.0178939027 -0.0217068677 -0.0675968418
v 0.0144667362 -0.0236060152 -0.0676239317
v 0.0107728665 -0.0251052106 -0.0675919582
v 0.0111333778 -0.0249593567 -0.0515473832
v 0.0101265883 -0.0253041382 -0.0613032083
v 0.00732029885 -0.0260455731 -0.0676216034
v 0.00641856107 -0.0262659823 -0.0566639646
v 0.00558376282 -0.0264560246 -0.051534269
v -0.000364173699 -0.026871232 -0.0515100604
v 0.004631814 -0.0265453589 -0.0608073839
v 0.00407211897 -0.0266002138 -0.0676194497
v -0.000304513235 -0.0268595293 -0.0596421771
v 2.99502542e-05 -0.0268498756 -0.0676098105
v 0.0333199828 0.00287182247 -0.0608552364
v 0.0329885544 0.000716534824 -0.0676776923
v 0.0334795705 0.00512130065 -0.0675333547
v 0.0334833654 0.00835726025 -0.0582561945
v 0.0333629307 0.00979780307 -0.0677077391
v 0.0334840554 0.00559575021 -0.0567992858
v 0.0327649834 0.0143003198 -0.0675883261
v 0.0323835106 0.0161301766 -0.0546677038
v 0.0319922124 0.0175592707 -0.0675891875
v 0.0328963871 0.015337803 -0.0465673249
v 0.0315512223 0.0191819576 -0.0524202012
v 0.0304972676 0.0218540093 -0.058015075
v 0.0309223145 0.0207692645 -0.0675918069
v 0.0288991003 0.0252298046 -0.054750737
v 0.0295367042 0.0239261481 -0.067569525
v 0.0299569635 0.0234839678 -0.0504875672
v 0.0318452989 0.0199254121 -0.0454144902
v 0.0339457141 0.0152473455 -0.0391844398
v 0.035602377 0.0140543171 -0.0332581723
v 0.0265999934 0.0288048957 -0.059657119
v 0.0272231269 0.0278447371 -0.0676307653
v 0.0235713364 0.0322033264 -0.0576385239
v 0.0256760107 0.0299075612 -0.0538647175
v 0.0220102243 0.0334787522 -0.0535466534
v 0.025780767 0.0301449437 -0.0478405767
v 0.0274314637 0.0278780756 -0.0500107009
v 0.0290979812 0.0261216333 -0.0455453788
v 0.0239713162 0.0320871032 -0.0459900999
v 0.0309977893 0.0231876705 -0.0431468245
v 0.0317039383 0.0245268892 -0.0380634068
v 0.033347141 0.0196050838 -0.0379404635
v 0.0284102459 0.0284806559 -0.0411935995
v 0.0334338469 0.0224877673 -0.0348215865
v 0.0350977859 0.020270965 -0.0314665143
v 0.0311731482 0.0275822325 -0.0348719273
v 0.027341684 0.0301294053 -0.0401122292
v 0.0326604966 0.0273371115 -0.0314971549
v 0.0249707432 0.0324734305 -0.0395880197
v 0.0379195862 0.0128238859 -0.0261069799
v 0.0291192062 0.0310116793 -0.0338479003
v 0.023259675 0.0342996346 -0.0371534697
v 0.0276113657 0.0327013166 -0.0334705284
v 0.0288179784 0.0334533248 -0.0300091866
v 0.0328405211 0.0285988091 -0.0294949772
v 0.035307106 0.0246562764 -0.027124898
v 0.0375622894 0.0217722689 -0.0218991147
v 0.0181203895 0.0361242755 -0.0405171246
v 0.0156707636 0.0372992609 -0.0377109071
v 0.0207439062 0.0362406619 -0.0346025248
v 0.025574304 0.0357041623 -0.0300372281
v 0.0276430945 0.0355501276 -0.027614733
v 0.031091628 0.0322818259 -0.0279368949
v 0.0393288542 0.0200337328 -0.0134770278
v 0.0396748468 0.0145706397 -0.0166388651
v 0.0401442534 0.0188041732 -0.0046053352
v 0.0401488346 0.0156706365 -0.0108508728
v 0.0406665834 0.0117590104 -0.00776803063
v 0.040151442 0.0191891368 0.00302109565
v 0.0406719238 0.013258773 0.00514616586
v 0.0394973957 0.00625065568 -0.0219245499
v 0.0401536956 0.00800704207 -0.0171506283
v 0.0401524055 0.0176565815 0.00763035932
v 0.0401509943 0.013528241 0.0135641065
v 0.0401345686 0.00775004215 0.0178827584
v 0.0401395258 -0.00116685809 -0.018851395
v 0.0401553316 0.00388128416 0.0185950397
v 0.0406798582 0.00488119832 0.0126722836
v 0.0393685018 -0.00671301551 -0.0216392174
v 0.0401083067 -0.00875988857 -0.016954013
v 0.0405629834 0.00133756712 -0.0148196501
v 0.0403219639 -0.0101825835 -0.0140331918
v 0.0409341417 0.000425761832 -0.00888081995
v 0.040917997 0.00919753869 -0.00133808035
v 0.040919707 -0.00845451438 -0.00121457197
v 0.0409265657 0.00350571857 0.0087430868
v 0.0410357694 0.00041543903 0.000101069588
v 0.0404179565 -0.00341921015 0.0162423923
v 0.0409143458 -0.0055963989 0.00641244551
v 0.0404229022 -0.0141071455 0.00849743519
v 0.0401487724 -0.00490218967 0.0181093914
v 0.0401485315 -0.0130306589 0.0135202339
v 0.040157688 -0.0181195713 0.00404994607
v 0.0260380862 -0.00949126033 -0.0696259376
v 0.0221354594 -0.0146321264 -0.0696266419
v 0.0208749936 -0.0059825772 -0.0696258619
v 0.0287863866 -0.00405884496 -0.0696261006
v 0.0169902016 -0.0110453365 -0.0696258619
v 0.0233170751 -8.68731911e-05 -0.0696258619
v 0.0304760321 0.00340954296 -0.0696256815
v 0.011927443 -0.0149301301 -0.0696258619
v 0.0177526324 -0.0183191033 -0.0696259202
v 0.0129379773 -0.0211625028 -0.0696258096
v 0.00603173436 -0.0173722214 -0.0696258619
v 0.00678106343 -0.0217761518 -0.069625891
v 0.0241500247 0.00624000306 -0.0696258619
v 0.0305872665 0.00840684055 -0.0696257863
v -0.000392981746 -0.0182114018 -0.0696258212
v 0.000618202051 -0.0217760883 -0.0696262927
v -0.00483349314 -0.0217760874 -0.0696255418
v -0.00662201485 -0.0173722225 -0.069625699
v -0.0119836596 -0.0216328418 -0.0696260366
v -0.0125177235 -0.0149301322 -0.069625699
v -0.0184976568 -0.0178079705 -0.0696257164
v 0.0299133203 0.0134281375 -0.0696256582
v 0.023317074 0.0125668789 -0.0696258619
v -0.0175804851 -0.0110453396 -0.069625699
v -0.0227725048 -0.0138705543 -0.0696255651
v -0.0264107417 -0.0089095441 -0.0696257863
v -0.0214652779 -0.0059825809 -0.069625699
v -0.0290325782 -0.00322636587 -0.0696258387
v -0.0239073604 -8.68772684e-05 -0.069625699
v -0.0304474556 0.00311561623 -0.0696258445
v -0.0247403112 0.00623999879 -0.069625699
v -0.0304344935 0.0108428055 -0.0696267292
v -0.0239073615 0.0125668747 -0.069625699
v -0.0280800001 0.0191228731 -0.0696260773
v -0.02146528 0.018462579 -0.069625699
v -0.0238010377 0.026213428 -0.0696265313
v -0.0175804881 0.0235253391 -0.069625699
v -0.0178409608 0.0317462297 -0.0696255942
v -0.0125177272 0.0274101319 -0.069625699
v -0.0119405378 0.0349639788 -0.0696256116
v -0.00662201898 0.0298522145 -0.069625699
v -0.00640846513 0.0366486749 -0.0696232019
v -0.000427016795 0.0372619484 -0.0696261297
v -0.000392190168 0.0306935719 -0.0696258212
v 0.00603173024 0.0298522156 -0.0696258619
v 0.00613812706 0.03672035 -0.069626444
v 0.0120108036 0.0349300662 -0.069625926
v 0.0119274393 0.0274101341 -0.0696258619
v 0.017437563 0.0320355627 -0.0696257106
v 0.0169901986 0.0235253421 -0.0696258619
v 0.0237929655 0.0262859939 -0.0696263683
v 0.0208749914 0.0184625827 -0.0696258619
v 0.0279525715 0.0193752053 -0.0696262112
vt 0.850585938 0.125
vt 0.851074219 0.125366211
vt 0.8515625 0.12109375
vt 0.851074219 0.120910645
vt 0.852050781 0.119384766
vt 0.8515625 0.11932373
vt 0.852539062 0.118164062
vt 0.852050781 0.117797852
vt 0.853515625 0.116027832
vt 0.853027344 0.115722656
vt 0.85546875 0.113464355
vt 0.854980469 0.112854004
vt 0.856933594 0.111572266
vt 0.857421875 0.110290527
vt 0.857910156 0.110534668
vt 0.858886719 0.10949707
vt 0.858398438 0.109008789
vt 0.859863281 0.108398438
vt 0.859863281 0.107788086
vt 0.861328125 0.106262207
vt 0.861328125 0.105407715
vt 0.862792969 0.103820801
vt 0.862304688 0.103759766
vt 0.863769531 0.100708008
vt 0.864746094 0.0970458984
vt 0.863769531 0.0982666016
vt 0.864257812 0.0954589844
vt 0.864746094 0.0932006836
vt 0.864257812 0.092956543
vt 0.864746094 0.0892944336
vt 0.864257812 0.0904541016
vt 0.863769531 0.0872192383
vt 0.863769531 0.0860595703
vt 0.862304688 0.083190918
vt 0.86328125 0.0838623047
vt 0.861328125 0.0811767578
vt 0.861328125 0.0808105469
vt 0.859863281 0.079284668
vt 0.860351562 0.0788574219
vt 0.858886719 0.0773925781
vt 0.858398438 0.0778808594
vt 0.857421875 0.0768432617
vt 0.857421875 0.0760498047
vt 0.856445312 0.0758056641
vt 0.85546875 0.0734863281
vt 0.854980469 0.0738525391
vt 0.853027344 0.0712280273
vt 0.853515625 0.0708007812
vt 0.852050781 0.069152832
vt 0.852539062 0.0687255859
vt 0.852050781 0.0674438477
vt 0.8515625 0.0676879883
vt 0.851074219 0.0659790039
vt 0.8515625 0.0658569336
vt 0.851074219 0.0615844727
vt 0.850585938 0.0626220703
vt 0.289550781 0.463867188
vt 0.289306641 0.463378906
vt 0.287597656 0.467041016
vt 0.288085938 0.467041016
vt 0.28515625 0.470703125
vt 0.284423828 0.471923828
vt 0.282470703 0.473144531
vt 0.280273438 0.475097656
vt 0.279785156 0.475097656
vt 0.275390625 0.476806641
vt 0.278320312 0.476074219
vt 0.274902344 0.477294922
vt 0.271972656 0.477294922
vt 0.270263672 0.477539062
vt 0.268798828 0.477050781
vt 0.265625 0.4765625
vt 0.265869141 0.476318359
vt 0.262451172 0.474609375
vt 0.26171875 0.474609375
vt 0.259765625 0.472900391
vt 0.259033203 0.471679688
vt 0.2578125 0.470947266
vt 0.256347656 0.468261719
vt 0.255371094 0.467529297
vt 0.25390625 0.463378906
vt 0.253417969 0.463378906
vt 0.252441406 0.460205078
vt 0.252929688 0.459472656
vt 0.252441406 0.456054688
vt 0.251953125 0.455810547
vt 0.252685547 0.450195312
vt 0.252197266 0.451416016
vt 0.252685547 0.448242188
vt 0.254150391 0.4453125
vt 0.25390625 0.444335938
vt 0.255371094 0.442138672
vt 0.255371094 0.440917969
vt 0.257324219 0.439208984
vt 0.2578125 0.4375
vt 0.259765625 0.436279297
vt 0.261230469 0.433837891
vt 0.263916016 0.432617188
vt 0.265625 0.430664062
vt 0.268066406 0.430175781
vt 0.269042969 0.428955078
vt 0.270263672 0.429199219
vt 0.272705078 0.427490234
vt 0.276123047 0.426513672
vt 0.275878906 0.42578125
vt 0.278076172 0.424804688
vt 0.27734375 0.424560547
vt 0.279052734 0.423583984
vt 0.278808594 0.422851562
vt 0.280273438 0.421142578
vt 0.279785156 0.420898438
vt 0.281005859 0.41796875
vt 0.280517578 0.418212891
vt 0.281494141 0.413330078
vt 0.280761719 0.414794922
vt 0.280761719 0.41015625
vt 0.281494141 0.40234375
vt 0.280761719 0.398193359
vt 0.281005859 0.39453125
vt 0.280273438 0.393554688
vt 0.279541016 0.390869141
vt 0.280029297 0.390136719
vt 0.278564453 0.388916016
vt 0.278808594 0.387939453
vt 0.27734375 0.387207031
vt 0.277832031 0.38671875
vt 0.275146484 0.385498047
vt 0.275878906 0.385253906
vt 0.273193359 0.384521484
vt 0.272460938 0.383544922
vt 0.269042969 0.383056641
vt 0.267578125 0.381591797
vt 0.265380859 0.381103516
vt 0.264892578 0.380126953
vt 0.261230469 0.377441406
vt 0.260986328 0.377929688
vt 0.257324219 0.374023438
vt 0.257568359 0.373291016
vt 0.255371094 0.369628906
vt 0.255126953 0.370605469
vt 0.25390625 0.366455078
vt 0.253662109 0.367431641
vt 0.252197266 0.361328125
vt 0.253173828 0.36328125
vt 0.252685547 0.360351562
vt 0.252441406 0.355712891
vt 0.251953125 0.355957031
vt 0.253173828 0.351318359
vt 0.252441406 0.3515625
vt 0.253662109 0.347900391
vt 0.254394531 0.347167969
vt 0.255371094 0.344482422
vt 0.256347656 0.343505859
vt 0.2578125 0.340820312
vt 0.259277344 0.33984375
vt 0.259765625 0.338867188
vt 0.262207031 0.337646484
vt 0.262207031 0.337158203
vt 0.264892578 0.336181641
vt 0.266845703 0.334960938
vt 0.268310547 0.334960938
vt 0.272460938 0.334716797
vt 0.271240234 0.334472656
vt 0.275878906 0.334960938
vt 0.276855469 0.335449219
vt 0.28125 0.337646484
vt 0.280029297 0.336669922
vt 0.284179688 0.33984375
vt 0.284423828 0.340576172
vt 0.286865234 0.343505859
vt 0.287841797 0.344726562
vt 0.288574219 0.346923828
vt 0.289550781 0.348144531
vt 0.289550781 0.349365234
vt 0.581054688 0.487548828
vt 0.579101562 0.491210938
vt 0.580078125 0.489990234
vt 0.578125 0.493896484
vt 0.579589844 0.493164062
vt 0.578125 0.4921875
vt 0.577636719 0.497802734
vt 0.579101562 0.497070312
vt 0.579101562 0.500976562
vt 0.576171875 0.498291016
vt 0.575683594 0.501953125
vt 0.575195312 0.497558594
vt 0.576660156 0.492431641
vt 0.574707031 0.492675781
vt 0.574707031 0.500976562
vt 0.573242188 0.502929688
vt 0.573730469 0.497802734
vt 0.576660156 0.505371094
vt 0.580078125 0.504882812
vt 0.571777344 0.494384766
vt 0.571777344 0.492675781
vt 0.568359375 0.4921875
vt 0.573730469 0.504882812
vt 0.5703125 0.498779297
vt 0.565429688 0.499755859
vt 0.566894531 0.495117188
vt 0.561523438 0.49609375
vt 0.567382812 0.490966797
vt 0.5625 0.498779297
vt 0.561035156 0.492675781
vt 0.56640625 0.489501953
vt 0.55859375 0.499023438
vt 0.558105469 0.494384766
vt 0.557128906 0.490234375
vt 0.560546875 0.489257812
vt 0.565917969 0.486572266
vt 0.561035156 0.485839844
vt 0.556640625 0.486572266
vt 0.565429688 0.484863281
vt 0.563964844 0.501953125
vt 0.559082031 0.502441406
vt 0.559570312 0.506347656
vt 0.564453125 0.504394531
vt 0.560058594 0.509277344
vt 0.565429688 0.503417969
vt 0.564941406 0.507324219
vt 0.568847656 0.502441406
vt 0.571289062 0.505371094
vt 0.564941406 0.510742188
vt 0.560546875 0.513183594
vt 0.567382812 0.508300781
vt 0.570800781 0.507324219
vt 0.565429688 0.512695312
vt 0.565429688 0.516113281
vt 0.561035156 0.517089844
vt 0.561523438 0.520507812
vt 0.569824219 0.51171875
vt 0.572753906 0.509765625
vt 0.571777344 0.514648438
vt 0.571777344 0.516601562
vt 0.565917969 0.518554688
vt 0.561523438 0.523925781
vt 0.574707031 0.51171875
vt 0.565917969 0.520507812
vt 0.575683594 0.514160156
vt 0.576171875 0.517089844
vt 0.578125 0.511230469
vt 0.581054688 0.5078125
vt 0.579589844 0.513183594
vt 0.583496094 0.511230469
vt 0.580566406 0.516113281
vt 0.586425781 0.514160156
vt 0.56640625 0.522949219
vt 0.562011719 0.526855469
vt 0.570800781 0.519042969
vt 0.574707031 0.518554688
vt 0.572753906 0.521484375
vt 0.56640625 0.525878906
vt 0.56640625 0.529296875
vt 0.562011719 0.529296875
vt 0.576171875 0.520019531
vt 0.570800781 0.526367188
vt 0.56640625 0.532226562
vt 0.562011719 0.531738281
vt 0.562011719 0.534667969
vt 0.57421875 0.522949219
vt 0.568359375 0.532226562
vt 0.56640625 0.53515625
vt 0.5703125 0.529296875
vt 0.573242188 0.52734375
vt 0.566894531 0.538085938
vt 0.562011719 0.537597656
vt 0.562011719 0.540527344
vt 0.570800781 0.541503906
vt 0.569824219 0.534179688
vt 0.572265625 0.531738281
vt 0.571289062 0.536132812
vt 0.575195312 0.532714844
vt 0.575683594 0.524414062
vt 0.574707031 0.529296875
vt 0.566894531 0.542480469
vt 0.567382812 0.545898438
vt 0.562011719 0.543457031
vt 0.562011719 0.546386719
vt 0.573730469 0.538574219
vt 0.577148438 0.541503906
vt 0.578125 0.525390625
vt 0.573242188 0.544921875
vt 0.565917969 0.548339844
vt 0.562011719 0.549804688
vt 0.566894531 0.551269531
vt 0.562011719 0.553710938
vt 0.569824219 0.548828125
vt 0.574707031 0.546875
vt 0.579101562 0.547363281
vt 0.578125 0.5234375
vt 0.58203125 0.524902344
vt 0.579101562 0.528320312
vt 0.579101562 0.53125
vt 0.577636719 0.521972656
vt 0.581542969 0.522949219
vt 0.577636719 0.519042969
vt 0.581054688 0.520507812
vt 0.579589844 0.518066406
vt 0.584472656 0.519042969
vt 0.584960938 0.517089844
vt 0.587402344 0.520507812
vt 0.586914062 0.521972656
vt 0.586425781 0.516113281
vt 0.590332031 0.516113281
vt 0.588378906 0.519042969
vt 0.587890625 0.5234375
vt 0.591308594 0.519042969
vt 0.59375 0.517089844
vt 0.58984375 0.521972656
vt 0.590820312 0.520996094
vt 0.595214844 0.51953125
vt 0.597167969 0.517578125
vt 0.588867188 0.524414062
vt 0.590820312 0.5234375
vt 0.592285156 0.522460938
vt 0.594238281 0.521484375
vt 0.596679688 0.520996094
vt 0.598144531 0.520019531
vt 0.600097656 0.517578125
vt 0.6015625 0.51953125
vt 0.602539062 0.517089844
vt 0.603515625 0.518066406
vt 0.605957031 0.516113281
vt 0.605957031 0.517089844
vt 0.608398438 0.515136719
vt 0.609375 0.513671875
vt 0.610351562 0.513671875
vt 0.612304688 0.51171875
vt 0.609375 0.514648438
vt 0.605957031 0.517089844
vt 0.612304688 0.512695312
vt 0.613769531 0.510742188
vt 0.61328125 0.510742188
vt 0.614257812 0.510742188
vt 0.612304688 0.512695312
vt 0.610351562 0.514648438
vt 0.607421875 0.517089844
vt 0.603027344 0.520019531
vt 0.604003906 0.519042969
vt 0.6015625 0.520507812
vt 0.599609375 0.522460938
vt 0.599609375 0.522949219
vt 0.599121094 0.522460938
vt 0.59765625 0.524414062
vt 0.59765625 0.523925781
vt 0.594238281 0.52734375
vt 0.595214844 0.525878906
vt 0.593261719 0.529296875
vt 0.618652344 0.5703125
vt 0.616210938 0.568847656
vt 0.615722656 0.569335938
vt 0.613769531 0.567871094
vt 0.614257812 0.567382812
vt 0.612304688 0.567382812
vt 0.611816406 0.56640625
vt 0.611328125 0.565917969
vt 0.609375 0.565429688
vt 0.608398438 0.564453125
vt 0.609375 0.565917969
vt 0.608398438 0.565917969
vt 0.606933594 0.564941406
vt 0.604003906 0.563476562
vt 0.604980469 0.564453125
vt 0.604980469 0.564941406
vt 0.604003906 0.563476562
vt 0.600097656 0.5625
vt 0.601074219 0.563476562
vt 0.601074219 0.564941406
vt 0.600097656 0.562988281
vt 0.59765625 0.562011719
vt 0.597167969 0.562988281
vt 0.597167969 0.565429688
vt 0.59765625 0.5625
vt 0.594238281 0.563964844
vt 0.593261719 0.565917969
vt 0.595703125 0.562011719
vt 0.593261719 0.561523438
vt 0.595703125 0.5625
vt 0.592285156 0.561523438
vt 0.590332031 0.560058594
vt 0.591796875 0.563964844
vt 0.58984375 0.567382812
vt 0.592773438 0.5625
vt 0.590332031 0.5625
vt 0.589355469 0.564453125
vt 0.586914062 0.564453125
vt 0.589355469 0.561523438
vt 0.588378906 0.560058594
vt 0.588378906 0.559082031
vt 0.587890625 0.5625
vt 0.586425781 0.55859375
vt 0.587402344 0.558105469
vt 0.581054688 0.554199219
vt 0.586425781 0.556152344
vt 0.584960938 0.552246094
vt 0.586914062 0.561523438
vt 0.585449219 0.567382812
vt 0.5859375 0.569335938
vt 0.583007812 0.571777344
vt 0.585449219 0.559570312
vt 0.58203125 0.557128906
vt 0.584960938 0.562011719
vt 0.583007812 0.560058594
vt 0.583496094 0.563476562
vt 0.581542969 0.564941406
vt 0.581542969 0.561523438
vt 0.580078125 0.560058594
vt 0.580078125 0.566894531
vt 0.579589844 0.562988281
vt 0.578613281 0.555175781
vt 0.577148438 0.561523438
vt 0.578125 0.564453125
vt 0.577636719 0.557128906
vt 0.579589844 0.569824219
vt 0.576660156 0.572753906
vt 0.580566406 0.575195312
vt 0.577148438 0.567382812
vt 0.575195312 0.569335938
vt 0.578125 0.577636719
vt 0.579589844 0.578125
vt 0.575195312 0.581054688
vt 0.579101562 0.581054688
vt 0.574707031 0.564453125
vt 0.577148438 0.584960938
vt 0.578613281 0.584472656
vt 0.579101562 0.588867188
vt 0.575683594 0.584472656
vt 0.572753906 0.561523438
vt 0.573242188 0.56640625
vt 0.57421875 0.559570312
vt 0.576171875 0.559570312
vt 0.573242188 0.555664062
vt 0.571777344 0.557617188
vt 0.575195312 0.553222656
vt 0.578125 0.55078125
vt 0.571289062 0.568359375
vt 0.570800781 0.563964844
vt 0.569335938 0.559082031
vt 0.573730469 0.571289062
vt 0.571777344 0.571777344
vt 0.574707031 0.575683594
vt 0.570800781 0.576171875
vt 0.573242188 0.578125
vt 0.568847656 0.565429688
vt 0.568359375 0.561523438
vt 0.565429688 0.567382812
vt 0.564941406 0.562988281
vt 0.561523438 0.559570312
vt 0.561523438 0.5625
vt 0.561035156 0.565917969
vt 0.561523438 0.556640625
vt 0.560546875 0.569335938
vt 0.566894531 0.556152344
vt 0.563964844 0.5703125
vt 0.560058594 0.572753906
vt 0.56640625 0.553222656
vt 0.567871094 0.554199219
vt 0.5703125 0.552734375
vt 0.573730469 0.549804688
vt 0.581542969 0.551757812
vt 0.581542969 0.546386719
vt 0.584472656 0.544921875
vt 0.582519531 0.537597656
vt 0.584960938 0.534667969
vt 0.577148438 0.538085938
vt 0.58203125 0.532226562
vt 0.585449219 0.530761719
vt 0.586425781 0.527832031
vt 0.575683594 0.53515625
vt 0.579589844 0.534667969
vt 0.583496094 0.526367188
vt 0.587890625 0.525390625
vt 0.580078125 0.594726562
vt 0.579589844 0.592773438
vt 0.578613281 0.591796875
vt 0.577148438 0.588867188
vt 0.577636719 0.590820312
vt 0.576171875 0.590332031
vt 0.575195312 0.583496094
vt 0.57421875 0.590332031
vt 0.573730469 0.580566406
vt 0.573242188 0.584472656
vt 0.572265625 0.578613281
vt 0.572265625 0.58203125
vt 0.571289062 0.588378906
vt 0.571777344 0.590332031
vt 0.569335938 0.590332031
vt 0.570800781 0.584472656
vt 0.56640625 0.587402344
vt 0.567871094 0.590820312
vt 0.568847656 0.580078125
vt 0.565429688 0.583007812
vt 0.565429688 0.579589844
vt 0.563476562 0.583007812
vt 0.561523438 0.586425781
vt 0.561035156 0.58984375
vt 0.566894531 0.591796875
vt 0.565917969 0.593261719
vt 0.560546875 0.593261719
vt 0.565429688 0.595703125
vt 0.556640625 0.595703125
vt 0.564941406 0.59765625
vt 0.557128906 0.592773438
vt 0.557617188 0.588867188
vt 0.55859375 0.585449219
vt 0.559082031 0.581542969
vt 0.563476562 0.580566406
vt 0.559570312 0.576660156
vt 0.562988281 0.577148438
vt 0.565429688 0.576171875
vt 0.563964844 0.57421875
vt 0.568359375 0.572753906
vt 0.355712891 0.841308594
vt 0.353027344 0.842773438
vt 0.357177734 0.84375
vt 0.353027344 0.840820312
vt 0.349365234 0.840332031
vt 0.349609375 0.842285156
vt 0.346191406 0.841796875
vt 0.346191406 0.83984375
vt 0.342773438 0.840332031
vt 0.342773438 0.842285156
vt 0.338867188 0.841308594
vt 0.339355469 0.843261719
vt 0.335449219 0.842773438
vt 0.335449219 0.845214844
vt 0.333007812 0.844726562
vt 0.330322266 0.846679688
vt 0.331542969 0.848144531
vt 0.328125 0.848632812
vt 0.328369141 0.852050781
vt 0.326416016 0.850585938
vt 0.324951172 0.853027344
vt 0.326171875 0.855957031
vt 0.323730469 0.85546875
vt 0.324707031 0.859863281
vt 0.322753906 0.859375
vt 0.322509766 0.862792969
vt 0.32421875 0.863769531
vt 0.322509766 0.865722656
vt 0.323974609 0.867675781
vt 0.322509766 0.868652344
vt 0.32421875 0.871582031
vt 0.322509766 0.871582031
vt 0.322753906 0.875
vt 0.324951172 0.875488281
vt 0.323486328 0.877929688
vt 0.326171875 0.879394531
vt 0.323974609 0.879882812
vt 0.325195312 0.8828125
vt 0.328613281 0.884277344
vt 0.326660156 0.885253906
vt 0.328613281 0.887695312
vt 0.331787109 0.888671875
vt 0.330810547 0.890136719
vt 0.333740234 0.893066406
vt 0.334716797 0.891113281
vt 0.336669922 0.895019531
vt 0.337158203 0.893066406
vt 0.339111328 0.896484375
vt 0.339599609 0.895019531
vt 0.34375 0.896972656
vt 0.342529297 0.897949219
vt 0.345458984 0.899414062
vt 0.347167969 0.897460938
vt 0.349365234 0.899902344
vt 0.350830078 0.8984375
vt 0.353271484 0.900390625
vt 0.354003906 0.897949219
vt 0.356445312 0.899414062
vt 0.357177734 0.897949219
vt 0.426025391 0.113586426
vt 0.427734375 0.111450195
vt 0.427490234 0.10748291
vt 0.427490234 0.104431152
vt 0.426025391 0.0961914062
vt 0.427490234 0.101013184
vt 0.427490234 0.0975341797
vt 0.943847656 0.491455078
vt 0.943359375 0.493896484
vt 0.945800781 0.492919922
vt 0.939941406 0.492919922
vt 0.94140625 0.494628906
vt 0.938964844 0.495361328
vt 0.936035156 0.493896484
vt 0.936523438 0.495849609
vt 0.934082031 0.496337891
vt 0.930664062 0.494384766
vt 0.931640625 0.496582031
vt 0.928222656 0.496582031
vt 0.924804688 0.494140625
vt 0.924804688 0.496337891
vt 0.922851562 0.49609375
vt 0.920898438 0.493408203
vt 0.920898438 0.495605469
vt 0.91796875 0.494873047
vt 0.916503906 0.492431641
vt 0.914550781 0.493896484
vt 0.913085938 0.490722656
vt 0.912109375 0.492919922
vt 0.91015625 0.491943359
vt 0.91015625 0.489257812
vt 0.907714844 0.490478516
vt 0.907226562 0.487304688
vt 0.905273438 0.488769531
vt 0.903320312 0.487304688
vt 0.903320312 0.483886719
vt 0.901855469 0.486083984
vt 0.900390625 0.484619141
vt 0.898925781 0.482910156
vt 0.900390625 0.479980469
vt 0.897949219 0.481445312
vt 0.896972656 0.479736328
vt 0.898925781 0.4765625
vt 0.896484375 0.478027344
vt 0.895996094 0.476074219
vt 0.895507812 0.474365234
vt 0.8984375 0.473632812
vt 0.897949219 0.469970703
vt 0.895507812 0.47265625
vt 0.895507812 0.468994141
vt 0.897949219 0.465576172
vt 0.895507812 0.465332031
vt 0.895996094 0.463134766
vt 0.898925781 0.462158203
vt 0.895996094 0.461425781
vt 0.896484375 0.459960938
vt 0.900878906 0.457763672
vt 0.897460938 0.458251953
vt 0.897949219 0.456542969
vt 0.899414062 0.455078125
vt 0.901367188 0.452880859
vt 0.903808594 0.454101562
vt 0.903320312 0.451171875
vt 0.906738281 0.451416016
vt 0.904785156 0.449951172
vt 0.906738281 0.448730469
vt 0.91015625 0.449462891
vt 0.908203125 0.447753906
vt 0.911132812 0.446533203
vt 0.913085938 0.447753906
vt 0.913574219 0.4453125
vt 0.916503906 0.446777344
vt 0.916503906 0.444580078
vt 0.919921875 0.445800781
vt 0.918945312 0.443847656
vt 0.923339844 0.443115234
vt 0.920898438 0.443359375
vt 0.923828125 0.4453125
vt 0.925292969 0.442871094
vt 0.927246094 0.442871094
vt 0.927734375 0.445068359
vt 0.9296875 0.442871094
vt 0.931640625 0.4453125
vt 0.932617188 0.443115234
vt 0.935546875 0.445800781
vt 0.934082031 0.443359375
vt 0.936523438 0.444091797
vt 0.938964844 0.447021484
vt 0.939453125 0.444580078
vt 0.94140625 0.4453125
vt 0.943359375 0.446289062
vt 0.941894531 0.447998047
vt 0.945800781 0.447265625
vt 0.9453125 0.449462891
vt 0.416748047 0.443847656
vt 0.414306641 0.444335938
vt 0.417724609 0.448242188
vt 0.414306641 0.448486328
vt 0.412109375 0.444824219
vt 0.418701172 0.452880859
vt 0.409423828 0.445068359
vt 0.4140625 0.450683594
vt 0.415039062 0.453613281
vt 0.411621094 0.454101562
vt 0.410888672 0.449707031
vt 0.406982422 0.445556641
vt 0.406982422 0.449707031
vt 0.409179688 0.454589844
vt 0.404296875 0.446044922
vt 0.405761719 0.455322266
vt 0.403564453 0.450927734
vt 0.402099609 0.446533203
vt 0.403320312 0.456054688
vt 0.3984375 0.447265625
vt 0.399902344 0.450683594
vt 0.401611328 0.45703125
vt 0.396484375 0.452392578
vt 0.395263672 0.447753906
vt 0.400390625 0.458496094
vt 0.393066406 0.452148438
vt 0.393066406 0.448242188
vt 0.391113281 0.448486328
vt 0.396972656 0.456787109
vt 0.392089844 0.454833984
vt 0.398193359 0.461669922
vt 0.399902344 0.461669922
vt 0.400146484 0.464599609
vt 0.394042969 0.463378906
vt 0.400390625 0.466796875
vt 0.388671875 0.455078125
vt 0.389648438 0.461669922
vt 0.387939453 0.448974609
vt 0.393554688 0.460693359
vt 0.39453125 0.464599609
vt 0.400634766 0.467773438
vt 0.386474609 0.453857422
vt 0.384521484 0.449707031
vt 0.382080078 0.449951172
vt 0.384521484 0.455078125
vt 0.383544922 0.459228516
vt 0.379882812 0.450439453
vt 0.391601562 0.463867188
vt 0.386962891 0.462158203
vt 0.388671875 0.463867188
vt 0.379882812 0.456787109
vt 0.376953125 0.450683594
vt 0.375244141 0.455810547
vt 0.373779297 0.451171875
vt 0.371337891 0.451416016
vt 0.385498047 0.463378906
vt 0.377929688 0.458496094
vt 0.372070312 0.458251953
vt 0.369140625 0.451660156
vt 0.380615234 0.462158203
vt 0.375976562 0.460205078
vt 0.376953125 0.464355469
vt 0.382324219 0.465576172
vt 0.387695312 0.466796875
vt 0.367675781 0.456787109
vt 0.366943359 0.451660156
vt 0.364746094 0.451904297
vt 0.374267578 0.462402344
vt 0.364746094 0.457275391
vt 0.362792969 0.451904297
vt 0.371582031 0.460205078
vt 0.369140625 0.460693359
vt 0.372558594 0.464111328
vt 0.373779297 0.467041016
vt 0.361328125 0.45703125
vt 0.360595703 0.452148438
vt 0.358398438 0.452148438
vt 0.357177734 0.457519531
vt 0.356201172 0.452148438
vt 0.354003906 0.452148438
vt 0.352783203 0.459228516
vt 0.352294922 0.452148438
vt 0.347900391 0.452148438
vt 0.369873047 0.46484375
vt 0.348144531 0.45703125
vt 0.34375 0.452148438
vt 0.343017578 0.458496094
vt 0.341308594 0.452148438
vt 0.347900391 0.463134766
vt 0.340332031 0.456787109
vt 0.339111328 0.451904297
vt 0.337158203 0.451904297
vt 0.338134766 0.45703125
vt 0.335205078 0.451904297
vt 0.335449219 0.45703125
vt 0.333007812 0.451660156
vt 0.337646484 0.459228516
vt 0.333740234 0.457519531
vt 0.331054688 0.451660156
vt 0.340087891 0.461181641
vt 0.343505859 0.463867188
vt 0.338623047 0.465087891
vt 0.347900391 0.467529297
vt 0.343017578 0.468994141
vt 0.335449219 0.462890625
vt 0.334472656 0.4609375
vt 0.352050781 0.464355469
vt 0.332763672 0.465332031
vt 0.354980469 0.461181641
vt 0.358154297 0.462158203
vt 0.357666016 0.46484375
vt 0.359375 0.458496094
vt 0.362548828 0.460449219
vt 0.364257812 0.463867188
vt 0.363769531 0.467041016
vt 0.364501953 0.459716797
vt 0.366699219 0.462158203
vt 0.366455078 0.464599609
vt 0.364257812 0.470214844
vt 0.360595703 0.467773438
vt 0.357177734 0.468261719
vt 0.368408203 0.466064453
vt 0.35546875 0.470214844
vt 0.373535156 0.46875
vt 0.36328125 0.472900391
vt 0.376220703 0.468261719
vt 0.354003906 0.472167969
vt 0.360107422 0.473632812
vt 0.364746094 0.472412109
vt 0.364257812 0.476806641
vt 0.366943359 0.470947266
vt 0.359863281 0.4765625
vt 0.36328125 0.478027344
vt 0.355224609 0.476074219
vt 0.365722656 0.479980469
vt 0.366455078 0.478027344
vt 0.352050781 0.473632812
vt 0.34765625 0.47265625
vt 0.347167969 0.475585938
vt 0.342041016 0.475341797
vt 0.336669922 0.476074219
vt 0.339355469 0.471191406
vt 0.367675781 0.480224609
vt 0.3671875 0.482421875
vt 0.369140625 0.481445312
vt 0.368896484 0.485107422
vt 0.368896484 0.478027344
vt 0.335205078 0.473144531
vt 0.334716797 0.4765625
vt 0.368408203 0.471923828
vt 0.369140625 0.468261719
vt 0.37109375 0.469726562
vt 0.372070312 0.471191406
vt 0.37109375 0.478759766
vt 0.372802734 0.477294922
vt 0.370849609 0.483886719
vt 0.373535156 0.479980469
vt 0.375732422 0.4765625
vt 0.373046875 0.487304688
vt 0.370117188 0.48828125
vt 0.373535156 0.483642578
vt 0.377441406 0.479736328
vt 0.377929688 0.468994141
vt 0.372314453 0.489501953
vt 0.376220703 0.491455078
vt 0.370605469 0.489990234
vt 0.372070312 0.493164062
vt 0.376708984 0.485839844
vt 0.381835938 0.46875
vt 0.376953125 0.496337891
vt 0.374267578 0.496582031
vt 0.376708984 0.499755859
vt 0.380126953 0.498779297
vt 0.37890625 0.501464844
vt 0.385498047 0.468261719
vt 0.392822266 0.473632812
vt 0.384277344 0.474121094
vt 0.390869141 0.469726562
vt 0.3984375 0.473632812
vt 0.390380859 0.465820312
vt 0.378662109 0.494628906
vt 0.37890625 0.475585938
vt 0.381347656 0.476806641
vt 0.388671875 0.476318359
vt 0.385253906 0.480957031
vt 0.390625 0.464599609
vt 0.392578125 0.465576172
vt 0.394042969 0.467773438
vt 0.394287109 0.466064453
vt 0.396240234 0.468017578
vt 0.399902344 0.468505859
vt 0.401855469 0.468994141
vt 0.402832031 0.470703125
vt 0.405517578 0.471191406
vt 0.401367188 0.47265625
vt 0.405761719 0.472167969
vt 0.407226562 0.472412109
vt 0.409179688 0.474121094
vt 0.409179688 0.473388672
vt 0.410644531 0.474609375
vt 0.412109375 0.476074219
vt 0.41015625 0.479492188
vt 0.413330078 0.478271484
vt 0.414794922 0.480224609
vt 0.405517578 0.475585938
vt 0.412353516 0.483398438
vt 0.416015625 0.482666016
vt 0.416503906 0.485107422
vt 0.413085938 0.488037109
vt 0.416748047 0.487304688
vt 0.416748047 0.489746094
vt 0.416259766 0.4921875
vt 0.411621094 0.493896484
vt 0.415039062 0.494384766
vt 0.4140625 0.496582031
vt 0.412597656 0.498779297
vt 0.407958984 0.498779297
vt 0.410888672 0.500488281
vt 0.408691406 0.501953125
vt 0.40625 0.50390625
vt 0.403808594 0.501464844
vt 0.403808594 0.504882812
vt 0.399169922 0.502929688
vt 0.401367188 0.505859375
vt 0.3984375 0.506347656
vt 0.394287109 0.506347656
vt 0.394287109 0.506835938
vt 0.390136719 0.506347656
vt 0.406982422 0.49609375
vt 0.403808594 0.498779297
vt 0.398681641 0.500976562
vt 0.393798828 0.503417969
vt 0.391113281 0.503417969
vt 0.409179688 0.492675781
vt 0.404541016 0.495849609
vt 0.399414062 0.498779297
vt 0.394042969 0.500976562
vt 0.410400391 0.487792969
vt 0.387451172 0.505371094
vt 0.386962891 0.505859375
vt 0.384277344 0.504882812
vt 0.386474609 0.50390625
vt 0.381591797 0.503417969
vt 0.388183594 0.502441406
vt 0.390380859 0.500488281
vt 0.383300781 0.501464844
vt 0.385009766 0.499755859
vt 0.382080078 0.497314453
vt 0.382080078 0.494628906
vt 0.386962891 0.498291016
vt 0.392578125 0.499267578
vt 0.394042969 0.498046875
vt 0.400634766 0.496826172
vt 0.387939453 0.496337891
vt 0.379882812 0.488525391
vt 0.383789062 0.492675781
vt 0.382568359 0.487060547
vt 0.389404297 0.478515625
vt 0.381103516 0.482421875
vt 0.394775391 0.477539062
vt 0.396728516 0.475585938
vt 0.398925781 0.478027344
vt 0.400146484 0.474609375
vt 0.403808594 0.477050781
vt 0.40234375 0.478515625
vt 0.403808594 0.481201172
vt 0.407958984 0.480712891
vt 0.406738281 0.482666016
vt 0.406738281 0.486572266
vt 0.409667969 0.484130859
vt 0.408203125 0.487548828
vt 0.407226562 0.491943359
vt 0.405273438 0.492675781
vt 0.272949219 0.518066406
vt 0.272460938 0.518554688
vt 0.274902344 0.521484375
vt 0.271728516 0.516601562
vt 0.270263672 0.516113281
vt 0.270507812 0.515136719
vt 0.269287109 0.513671875
vt 0.266845703 0.512207031
vt 0.268310547 0.512207031
vt 0.266601562 0.510253906
vt 0.267089844 0.510253906
vt 0.265625 0.508789062
vt 0.264892578 0.508789062
vt 0.263916016 0.508300781
vt 0.263916016 0.506835938
vt 0.261474609 0.505371094
vt 0.261962891 0.504882812
vt 0.262451172 0.504882812
vt 0.260986328 0.502929688
vt 0.260742188 0.502929688
vt 0.259765625 0.500976562
vt 0.258789062 0.501464844
vt 0.259277344 0.500976562
vt 0.258300781 0.499023438
vt 0.2578125 0.499267578
vt 0.256347656 0.498046875
vt 0.256835938 0.497314453
vt 0.257080078 0.497070312
vt 0.255859375 0.495117188
vt 0.255371094 0.495361328
vt 0.254394531 0.493164062
vt 0.25390625 0.494384766
vt 0.25390625 0.493408203
vt 0.253173828 0.491210938
vt 0.252685547 0.491210938
vt 0.252441406 0.4921875
vt 0.251220703 0.489990234
vt 0.251708984 0.489257812
vt 0.252197266 0.489257812
vt 0.250976562 0.487060547
vt 0.250488281 0.487304688
vt 0.249389648 0.487060547
vt 0.24987793 0.485107422
vt 0.249389648 0.485351562
vt 0.247924805 0.484130859
vt 0.248901367 0.483154297
vt 0.248291016 0.483154297
vt 0.247558594 0.481201172
vt 0.246582031 0.481445312
vt 0.24597168 0.478027344
vt 0.245117188 0.478271484
vt 0.243408203 0.474365234
vt 0.244628906 0.474853516
vt 0.243408203 0.47265625
vt 0.241455078 0.469970703
vt 0.242553711 0.470214844
vt 0.241577148 0.468017578
vt 0.240234375 0.467285156
vt 0.240234375 0.465576172
vt 0.240722656 0.465332031
vt 0.239013672 0.464355469
vt 0.239746094 0.463134766
vt 0.239379883 0.463378906
vt 0.238525391 0.4609375
vt 0.237304688 0.460205078
vt 0.238647461 0.459960938
vt 0.237670898 0.458496094
vt 0.235961914 0.455566406
vt 0.237548828 0.456054688
vt 0.236938477 0.456054688
vt 0.235961914 0.453125
vt 0.234863281 0.452148438
vt 0.236450195 0.453125
vt 0.235473633 0.451904297
vt 0.235961914 0.451660156
vt 0.233032227 0.448486328
vt 0.233886719 0.448242188
vt 0.234619141 0.448730469
vt 0.232666016 0.446533203
vt 0.233886719 0.448730469
vt 0.231445312 0.446044922
vt 0.231811523 0.446777344
vt 0.229736328 0.445068359
vt 0.229736328 0.444580078
vt 0.23046875 0.444335938
vt 0.227783203 0.443847656
vt 0.227416992 0.442626953
vt 0.227783203 0.443359375
vt 0.225708008 0.443115234
vt 0.225708008 0.442138672
vt 0.223510742 0.441162109
vt 0.223266602 0.441894531
vt 0.222900391 0.442382812
vt 0.221191406 0.441162109
vt 0.218383789 0.440673828
vt 0.219238281 0.44140625
vt 0.218017578 0.441894531
vt 0.210327148 0.440673828
vt 0.205810547 0.441162109
vt 0.210327148 0.440429688
vt 0.209838867 0.440185547
vt 0.198608398 0.439941406
vt 0.202270508 0.440429688
vt 0.201171875 0.440917969
vt 0.197631836 0.440429688
vt 0.196533203 0.440185547
vt 0.197509766 0.440673828
vt 0.197875977 0.441162109
vt 0.194946289 0.441650391
vt 0.194702148 0.440917969
vt 0.193115234 0.440917969
vt 0.192871094 0.441650391
vt 0.192871094 0.442138672
vt 0.190551758 0.442138672
vt 0.191162109 0.442382812
vt 0.190673828 0.443115234
vt 0.188842773 0.443359375
vt 0.188598633 0.443115234
vt 0.188964844 0.443847656
vt 0.186767578 0.444580078
vt 0.185791016 0.446044922
vt 0.185302734 0.446044922
vt 0.186157227 0.446533203
vt 0.183349609 0.448974609
vt 0.18371582 0.449707031
vt 0.182373047 0.450439453
vt 0.182006836 0.453125
vt 0.180786133 0.453613281
vt 0.17956543 0.456054688
vt 0.17980957 0.457763672
vt 0.178222656 0.458251953
vt 0.177368164 0.461181641
vt 0.176879883 0.4609375
vt 0.177856445 0.461669922
vt 0.17590332 0.463378906
vt 0.176025391 0.465087891
vt 0.174560547 0.465820312
vt 0.174560547 0.468017578
vt 0.173095703 0.468505859
vt 0.172851562 0.471191406
vt 0.17199707 0.470947266
vt 0.171508789 0.473632812
vt 0.170532227 0.473144531
vt 0.168701172 0.4765625
vt 0.169677734 0.476806641
vt 0.16784668 0.480224609
vt 0.166870117 0.479736328
vt 0.165771484 0.481933594
vt 0.165283203 0.481933594
vt 0.166381836 0.482666016
vt 0.164428711 0.484130859
vt 0.16394043 0.483886719
vt 0.164306641 0.485839844
vt 0.162719727 0.486083984
vt 0.163330078 0.486328125
vt 0.161743164 0.48828125
vt 0.161132812 0.48828125
vt 0.161987305 0.489257812
vt 0.159912109 0.490478516
vt 0.160522461 0.491455078
vt 0.159057617 0.493408203
vt 0.158447266 0.492431641
vt 0.157104492 0.494628906
vt 0.156616211 0.494384766
vt 0.15637207 0.496826172
vt 0.155517578 0.496582031
vt 0.155029297 0.496582031
vt 0.153564453 0.498535156
vt 0.154052734 0.498779297
vt 0.153442383 0.500488281
vt 0.15246582 0.500488281
vt 0.151977539 0.500488281
vt 0.150756836 0.502929688
vt 0.150390625 0.50390625
vt 0.150268555 0.502441406
vt 0.149169922 0.504882812
vt 0.14855957 0.504394531
vt 0.147827148 0.506835938
vt 0.146972656 0.506347656
vt 0.145629883 0.508789062
vt 0.145141602 0.508300781
vt 0.146484375 0.508789062
vt 0.143676758 0.510253906
vt 0.143188477 0.512207031
vt 0.141845703 0.512207031
vt 0.140625 0.513671875
vt 0.139282227 0.516601562
vt 0.139282227 0.515136719
vt 0.137695312 0.516601562
vt 0.136352539 0.518554688
vt 0.136962891 0.519042969
vt 0.134033203 0.521484375
vt 0.856445312 0.595703125
vt 0.859375 0.597167969
vt 0.862792969 0.59765625
vt 0.865722656 0.59765625
vt 0.869140625 0.597167969
vt 0.872558594 0.595214844
vt 0.875 0.593261719
vt 0.876953125 0.590820312
vt 0.87890625 0.587890625
vt 0.880371094 0.583984375
vt 0.881347656 0.580078125
vt 0.881347656 0.574707031
vt 0.879882812 0.569335938
vt 0.877929688 0.565429688
vt 0.875 0.562011719
vt 0.872070312 0.559570312
vt 0.869140625 0.558105469
vt 0.865722656 0.557617188
vt 0.860839844 0.557617188
vt 0.856445312 0.559082031
vt 0.854003906 0.561035156
vt 0.8515625 0.562988281
vt 0.849609375 0.56640625
vt 0.84765625 0.5703125
vt 0.846679688 0.57421875
vt 0.846679688 0.579589844
vt 0.84765625 0.585449219
vt 0.849609375 0.588867188
vt 0.8515625 0.592285156
vt 0.854003906 0.594238281
vt 0.0160980225 0.0293731689
vt 0.0131454468 0.0292510986
vt 0.013168335 0.0319519043
vt 0.0162811279 0.0318908691
vt 0.016418457 0.0347595215
vt 0.0131835938 0.0346679688
vt 0.0132064819 0.0382995605
vt 0.0165863037 0.0387268066
vt 0.0132369995 0.0421142578
vt 0.0166625977 0.0425415039
vt 0.0132675171 0.0463256836
vt 0.0166931152 0.0467224121
vt 0.0132904053 0.0502319336
vt 0.0166320801 0.05078125
vt 0.0133285522 0.0545959473
vt 0.016494751 0.0549621582
vt 0.0133666992 0.0585632324
vt 0.0161895752 0.0588684082
vt 0.0133895874 0.0623168945
vt 0.0158691406 0.0628662109
vt 0.0134124756 0.0650634766
vt 0.0157012939 0.0667724609
vt 0.0134353638 0.0681762695
vt 0.015586853 0.0710449219
vt 0.0134811401 0.0726318359
vt 0.01537323 0.0751342773
vt 0.0135192871 0.0763549805
vt 0.0147476196 0.0779418945
vt 0.0135269165 0.0806884766
vt 0.0146942139 0.0816040039
vt 0.0147018433 0.0852661133
vt 0.0135726929 0.0848999023
vt 0.0136108398 0.0886230469
vt 0.0147018433 0.0888061523
vt 0.0147094727 0.0922241211
vt 0.0136642456 0.0920410156
vt 0.0136871338 0.0946655273
vt 0.0147171021 0.0963134766
vt 0.0137023926 0.0974731445
vt 0.0137252808 0.100646973
vt 0.0147323608 0.099609375
vt 0.0147399902 0.102416992
vt 0.013710022 0.104736328
vt 0.0147323608 0.105651855
vt 0.0136642456 0.107971191
vt 0.0147323608 0.109619141
vt 0.0136032104 0.110473633
vt 0.0133666992 0.114318848
vt 0.0147399902 0.113891602
vt 0.0147628784 0.118408203
vt 0.0131454468 0.118530273
vt 0.0134887695 0.122314453
vt 0.0147705078 0.122192383
vt 0.0136108398 0.126098633
vt 0.0147781372 0.125488281
vt 0.0147476196 0.12878418
vt 0.0136413574 0.130493164
vt 0.0146484375 0.130859375
vt 0.0150299072 0.1328125
vt 0.0136413574 0.134033203
vt 0.0155792236 0.135864258
vt 0.0136413574 0.136962891
vt 0.0136413574 0.139648438
vt 0.0162658691 0.140014648
vt 0.0136489868 0.142822266
vt 0.0165863037 0.142944336
vt 0.995605469 0.639648438
vt 0.997558594 0.635742188
vt 0.998535156 0.630859375
vt 0.993652344 0.642578125
vt 0.998535156 0.625488281
vt 0.991699219 0.64453125
vt 0.997558594 0.621582031
vt 0.989257812 0.646484375
vt 0.986816406 0.647949219
vt 0.995605469 0.616699219
vt 0.982421875 0.649414062
vt 0.994140625 0.613769531
vt 0.9921875 0.611328125
vt 0.979492188 0.649414062
vt 0.977050781 0.648925781
vt 0.988769531 0.609375
vt 0.973144531 0.647460938
vt 0.984863281 0.607421875
vt 0.969726562 0.645019531
vt 0.980957031 0.606933594
vt 0.966796875 0.642089844
vt 0.977050781 0.607421875
vt 0.96484375 0.638183594
vt 0.973144531 0.608886719
vt 0.962890625 0.633300781
vt 0.969726562 0.611328125
vt 0.962402344 0.629394531
vt 0.966796875 0.614257812
vt 0.962402344 0.625976562
vt 0.965332031 0.616699219
vt 0.962890625 0.623046875
vt 0.963867188 0.619140625
vt 0.0518798828 0.036529541
vt 0.0520019531 0.0328979492
vt 0.0489807129 0.0353088379
vt 0.0491027832 0.0390930176
vt 0.0515441895 0.0397949219
vt 0.0492248535 0.0427856445
vt 0.0510864258 0.043182373
vt 0.0493469238 0.0456542969
vt 0.0506591797 0.0460510254
vt 0.0494384766 0.0484924316
vt 0.0504455566 0.0482788086
vt 0.0495300293 0.051361084
vt 0.0506591797 0.0514831543
vt 0.0495910645 0.0542297363
vt 0.0508422852 0.0551757812
vt 0.0495605469 0.0569458008
vt 0.0509338379 0.0584411621
vt 0.049407959 0.060333252
vt 0.0510559082 0.0614318848
vt 0.0498046875 0.0642700195
vt 0.0512084961 0.0657958984
vt 0.0501708984 0.0679931641
vt 0.0513305664 0.069152832
vt 0.0503845215 0.0719604492
vt 0.0514221191 0.0721435547
vt 0.0505065918 0.0749511719
vt 0.0515136719 0.075012207
vt 0.0506286621 0.0779418945
vt 0.0516357422 0.0784912109
vt 0.0507202148 0.0817871094
vt 0.0517578125 0.0824584961
vt 0.0508117676 0.0858764648
vt 0.0518493652 0.0861816406
vt 0.0508728027 0.0900268555
vt 0.0519714355 0.0906982422
vt 0.0509033203 0.0939941406
vt 0.0520324707 0.0940551758
vt 0.050994873 0.0975952148
vt 0.0521240234 0.0969238281
vt 0.0522460938 0.1015625
vt 0.0510559082 0.100219727
vt 0.0511474609 0.102844238
vt 0.0523376465 0.105651855
vt 0.0511474609 0.106140137
vt 0.0531921387 0.106323242
vt 0.0510253906 0.108703613
vt 0.0531616211 0.107971191
vt 0.0531311035 0.111694336
vt 0.0508422852 0.112182617
vt 0.0506591797 0.115600586
vt 0.0531311035 0.115661621
vt 0.0505065918 0.118835449
vt 0.0532531738 0.11895752
vt 0.0533447266 0.121765137
vt 0.0503234863 0.122070312
vt 0.0501708984 0.125
vt 0.0533752441 0.124450684
vt 0.0533447266 0.127929688
vt 0.049987793 0.128417969
vt 0.0498657227 0.130981445
vt 0.0532531738 0.131713867
vt 0.0497131348 0.134033203
vt 0.0530395508 0.135864258
vt 0.0495605469 0.13671875
vt 0.0527648926 0.140014648
vt 0.0493774414 0.140991211
vt 0.0524597168 0.143798828
vt 0.0491638184 0.145019531
vt 0.0521850586 0.146606445
vt 0.0489807129 0.148803711
vt 0.735839844 0.495605469
vt 0.735839844 0.4921875
vt 0.720214844 0.4921875
vt 0.720214844 0.495605469
vt 0.735839844 0.499267578
vt 0.720214844 0.499267578
vt 0.735839844 0.502929688
vt 0.720214844 0.502929688
vt 0.735839844 0.506347656
vt 0.720214844 0.506347656
vt 0.735839844 0.509765625
vt 0.720214844 0.509765625
vt 0.735839844 0.513671875
vt 0.720214844 0.513671875
vt 0.735839844 0.517089844
vt 0.720214844 0.517089844
vt 0.735839844 0.520507812
vt 0.720214844 0.520507812
vt 0.735839844 0.523925781
vt 0.720214844 0.523925781
vt 0.735839844 0.527832031
vt 0.720214844 0.527832031
vt 0.735839844 0.53125
vt 0.720214844 0.53125
vt 0.735839844 0.534667969
vt 0.720214844 0.534667969
vt 0.720214844 0.538085938
vt 0.735839844 0.538085938
vt 0.735839844 0.541992188
vt 0.720214844 0.541992188
vt 0.735839844 0.545410156
vt 0.720214844 0.545410156
vt 0.735839844 0.548828125
vt 0.720214844 0.548828125
vt 0.735839844 0.552734375
vt 0.720214844 0.552734375
vt 0.735839844 0.556152344
vt 0.720214844 0.556152344
vt 0.735839844 0.559570312
vt 0.720214844 0.559570312
vt 0.735839844 0.562988281
vt 0.720214844 0.562988281
vt 0.735839844 0.566894531
vt 0.720214844 0.566894531
vt 0.735839844 0.5703125
vt 0.720214844 0.5703125
vt 0.735839844 0.573730469
vt 0.720214844 0.573730469
vt 0.720214844 0.577148438
vt 0.735839844 0.577148438
vt 0.137695312 0.459716797
vt 0.140258789 0.462646484
vt 0.135986328 0.456054688
vt 0.135009766 0.452148438
vt 0.135009766 0.447998047
vt 0.135986328 0.443847656
vt 0.137695312 0.440185547
vt 0.140258789 0.437255859
vt 0.143310547 0.435302734
vt 0.146728516 0.434082031
vt 0.150268555 0.434082031
vt 0.153686523 0.435302734
vt 0.156738281 0.437255859
vt 0.159301758 0.440185547
vt 0.161010742 0.443847656
vt 0.161987305 0.447998047
vt 0.161987305 0.452148438
vt 0.161010742 0.456054688
vt 0.159301758 0.459716797
vt 0.156738281 0.462646484
vt 0.153686523 0.464599609
vt 0.150268555 0.465820312
vt 0.146728516 0.465820312
vt 0.143310547 0.464599609
vt 0.158935547 0.000515460968
vt 0.150146484 0.000515460968
vt 0.159057617 0.0210876465
vt 0.154663086 0.0211029053
vt 0.150146484 0.0209350586
vt 0.63671875 0.970214844
vt 0.639648438 0.977050781
vt 0.638671875 0.973632812
vt 0.639648438 0.980957031
vt 0.633789062 0.966796875
vt 0.639160156 0.983886719
vt 0.638183594 0.986328125
vt 0.629882812 0.964355469
vt 0.63671875 0.988769531
vt 0.626953125 0.962890625
vt 0.634765625 0.991210938
vt 0.623535156 0.961914062
vt 0.6328125 0.993164062
vt 0.620605469 0.961914062
vt 0.629394531 0.995117188
vt 0.616699219 0.961425781
vt 0.625488281 0.997070312
vt 0.61328125 0.962402344
vt 0.609375 0.963378906
vt 0.62109375 0.997558594
vt 0.616210938 0.997558594
vt 0.606445312 0.96484375
vt 0.603027344 0.967285156
vt 0.612792969 0.997070312
vt 0.609375 0.99609375
vt 0.600585938 0.969726562
vt 0.599121094 0.972167969
vt 0.605957031 0.994140625
vt 0.598144531 0.975097656
vt 0.602050781 0.991210938
vt 0.59765625 0.978027344
vt 0.597167969 0.98046875
vt 0.599609375 0.987792969
vt 0.598144531 0.983886719
vt 0.331054688 0.476318359
vt 0.331787109 0.477539062
vt 0.328857422 0.477783203
vt 0.329833984 0.479248047
vt 0.327392578 0.479003906
vt 0.328613281 0.480712891
vt 0.326171875 0.48046875
vt 0.327392578 0.482421875
vt 0.325195312 0.483886719
vt 0.326660156 0.484130859
vt 0.325439453 0.486572266
vt 0.325683594 0.487060547
vt 0.324951172 0.488525391
vt 0.325927734 0.477539062
vt 0.327392578 0.476318359
vt 0.324462891 0.478759766
vt 0.322753906 0.479980469
vt 0.322265625 0.477539062
vt 0.323974609 0.481933594
vt 0.320556641 0.48046875
vt 0.320556641 0.484619141
vt 0.322265625 0.486083984
vt 0.317138672 0.488525391
vt 0.32421875 0.476074219
vt 0.317871094 0.483642578
vt 0.323730469 0.487792969
vt 0.319824219 0.490478516
vt 0.324462891 0.488525391
vt 0.323242188 0.491210938
vt 0.323486328 0.491455078
vt 0.322265625 0.493652344
vt 0.322021484 0.492919922
vt 0.320800781 0.495849609
vt 0.318603516 0.494628906
vt 0.318603516 0.497802734
vt 0.316650391 0.492919922
vt 0.313476562 0.492919922
vt 0.315429688 0.497070312
vt 0.313720703 0.495361328
vt 0.316650391 0.499023438
vt 0.316650391 0.499755859
vt 0.314208984 0.501464844
vt 0.3125 0.499511719
vt 0.311523438 0.502441406
vt 0.310791016 0.497802734
vt 0.309326172 0.501953125
vt 0.308349609 0.503417969
vt 0.308837891 0.50390625
vt 0.305908203 0.504394531
vt 0.307617188 0.5
vt 0.305419922 0.501953125
vt 0.301757812 0.504882812
vt 0.309082031 0.496337891
vt 0.3046875 0.499267578
vt 0.302490234 0.501464844
vt 0.297851562 0.504394531
vt 0.302734375 0.499267578
vt 0.297119141 0.500976562
vt 0.295166016 0.503417969
vt 0.292480469 0.502441406
vt 0.292724609 0.499267578
vt 0.290039062 0.501464844
vt 0.288818359 0.496826172
vt 0.288085938 0.5
vt 0.285888672 0.498779297
vt 0.284179688 0.496826172
vt 0.28515625 0.4921875
vt 0.282958984 0.494628906
vt 0.281738281 0.492675781
vt 0.281005859 0.490478516
vt 0.283935547 0.486328125
vt 0.280517578 0.488037109
vt 0.280273438 0.485839844
vt 0.280517578 0.483642578
vt 0.297607422 0.498779297
vt 0.292724609 0.496826172
vt 0.289794922 0.494384766
vt 0.302734375 0.497558594
vt 0.287597656 0.490966797
vt 0.284667969 0.482177734
vt 0.28125 0.481201172
vt 0.282226562 0.479003906
vt 0.286621094 0.478271484
vt 0.283447266 0.477050781
vt 0.284912109 0.475097656
vt 0.286621094 0.486328125
vt 0.291992188 0.493896484
vt 0.287597656 0.473144531
vt 0.286376953 0.473632812
vt 0.287841797 0.472412109
vt 0.289550781 0.471191406
vt 0.291259766 0.470947266
vt 0.291503906 0.469970703
vt 0.287109375 0.482666016
vt 0.288818359 0.489257812
vt 0.296875 0.496826172
vt 0.291015625 0.474365234
vt 0.293457031 0.469970703
vt 0.294677734 0.468017578
vt 0.288818359 0.484130859
vt 0.288818359 0.479492188
vt 0.295654297 0.471679688
vt 0.296142578 0.473876953
vt 0.296386719 0.467773438
vt 0.295898438 0.467041016
vt 0.292724609 0.476074219
vt 0.301269531 0.466796875
vt 0.302001953 0.465332031
vt 0.296386719 0.466064453
vt 0.290771484 0.480224609
vt 0.302001953 0.463378906
vt 0.296630859 0.463867188
vt 0.293945312 0.477294922
vt 0.291992188 0.481933594
vt 0.303222656 0.467529297
vt 0.303222656 0.472900391
vt 0.303466797 0.465087891
vt 0.305664062 0.465332031
vt 0.298339844 0.4609375
vt 0.296630859 0.461181641
vt 0.296386719 0.458984375
vt 0.305664062 0.463867188
vt 0.303222656 0.461669922
vt 0.299316406 0.456298828
vt 0.296142578 0.457519531
vt 0.305419922 0.468994141
vt 0.309570312 0.467041016
vt 0.309814453 0.462890625
vt 0.307373047 0.462890625
vt 0.303955078 0.455566406
vt 0.306396484 0.461181641
vt 0.311035156 0.460205078
vt 0.315429688 0.459472656
vt 0.311523438 0.463378906
vt 0.302734375 0.451904297
vt 0.307617188 0.454833984
vt 0.313720703 0.46484375
vt 0.304931641 0.448486328
vt 0.302734375 0.447998047
vt 0.307128906 0.448730469
vt 0.299316406 0.452148438
vt 0.296142578 0.450439453
vt 0.300537109 0.447509766
vt 0.298583984 0.447265625
vt 0.295166016 0.456542969
vt 0.296386719 0.446777344
vt 0.293945312 0.455810547
vt 0.293945312 0.446289062
vt 0.292480469 0.450927734
vt 0.289306641 0.44921875
vt 0.291259766 0.455078125
vt 0.288574219 0.454345703
vt 0.291992188 0.446044922
vt 0.289550781 0.445556641
vt 0.287109375 0.445068359
vt 0.28515625 0.453857422
vt 0.285888672 0.448486328
vt 0.284912109 0.444580078
vt 0.282714844 0.450439453
vt 0.281494141 0.453125
vt 0.277832031 0.452392578
vt 0.282226562 0.447998047
vt 0.282714844 0.444335938
vt 0.278808594 0.447998047
vt 0.280273438 0.443847656
vt 0.310302734 0.452880859
vt 0.309814453 0.448974609
vt 0.3125 0.449462891
vt 0.313476562 0.455078125
vt 0.315429688 0.449951172
vt 0.311523438 0.455566406
vt 0.318359375 0.450439453
vt 0.318359375 0.457763672
vt 0.320556641 0.450683594
vt 0.316894531 0.462158203
vt 0.3203125 0.459228516
vt 0.322753906 0.456298828
vt 0.322753906 0.450927734
vt 0.324951172 0.458496094
vt 0.324951172 0.451171875
vt 0.323242188 0.460693359
vt 0.320068359 0.463378906
vt 0.315917969 0.466552734
vt 0.314208984 0.469970703
vt 0.328125 0.455810547
vt 0.327880859 0.451416016
vt 0.331054688 0.457275391
vt 0.328613281 0.459228516
vt 0.332275391 0.459716797
vt 0.328369141 0.462646484
vt 0.326660156 0.461425781
vt 0.324707031 0.463867188
vt 0.330322266 0.463867188
vt 0.322021484 0.465087891
vt 0.322265625 0.468261719
vt 0.318603516 0.467773438
vt 0.325927734 0.466552734
vt 0.320068359 0.469726562
vt 0.318115234 0.471435547
vt 0.323974609 0.470214844
vt 0.327148438 0.467285156
vt 0.322998047 0.472167969
vt 0.329589844 0.467773438
vt 0.312255859 0.473876953
vt 0.326416016 0.471191406
vt 0.331298828 0.469238281
vt 0.328125 0.471435547
vt 0.327636719 0.473632812
vt 0.323486328 0.473632812
vt 0.320068359 0.474609375
vt 0.317382812 0.477050781
vt 0.334960938 0.467285156
vt 0.336914062 0.468994141
vt 0.333251953 0.470947266
vt 0.330322266 0.473632812
vt 0.328857422 0.475097656
vt 0.325927734 0.474853516
vt 0.315185547 0.481445312
vt 0.312011719 0.479248047
vt 0.313232422 0.485839844
vt 0.312011719 0.482177734
vt 0.309326172 0.483398438
vt 0.3125 0.489746094
vt 0.308837891 0.490234375
vt 0.307617188 0.475585938
vt 0.308105469 0.478271484
vt 0.311035156 0.491943359
vt 0.308105469 0.494628906
vt 0.303955078 0.496337891
vt 0.302734375 0.4765625
vt 0.301757812 0.496337891
vt 0.302978516 0.493408203
vt 0.299560547 0.474609375
vt 0.297851562 0.476806641
vt 0.303710938 0.478759766
vt 0.296630859 0.478271484
vt 0.302490234 0.481933594
vt 0.307128906 0.486572266
vt 0.296386719 0.484863281
vt 0.302490234 0.491210938
vt 0.301513672 0.486328125
vt 0.297607422 0.494384766
vt 0.297363281 0.489013672
vt 0.291992188 0.489257812
vt 0.296386719 0.495117188
vt 0.291992188 0.491943359
vt 0.290039062 0.486816406
vt 0.959472656 0.857910156
vt 0.95703125 0.854492188
vt 0.956542969 0.860351562
vt 0.9609375 0.861328125
vt 0.954101562 0.856933594
vt 0.958007812 0.864257812
vt 0.961914062 0.866210938
vt 0.951660156 0.854492188
vt 0.954589844 0.852050781
vt 0.952148438 0.850097656
vt 0.948242188 0.853027344
vt 0.948730469 0.850097656
vt 0.958496094 0.868164062
vt 0.961914062 0.869628906
vt 0.944824219 0.852050781
vt 0.9453125 0.850097656
vt 0.942382812 0.850097656
vt 0.94140625 0.852539062
vt 0.937988281 0.850097656
vt 0.937988281 0.854492188
vt 0.934570312 0.852539062
vt 0.961425781 0.873046875
vt 0.958007812 0.872558594
vt 0.935058594 0.856933594
vt 0.932128906 0.854980469
vt 0.930175781 0.858398438
vt 0.933105469 0.860351562
vt 0.928710938 0.861816406
vt 0.931640625 0.864257812
vt 0.927734375 0.866210938
vt 0.931152344 0.868164062
vt 0.927734375 0.87109375
vt 0.931640625 0.872558594
vt 0.929199219 0.876464844
vt 0.933105469 0.875976562
vt 0.931640625 0.881347656
vt 0.935058594 0.879394531
vt 0.935058594 0.884765625
vt 0.937988281 0.881835938
vt 0.937988281 0.88671875
vt 0.940917969 0.883789062
vt 0.94140625 0.888183594
vt 0.944335938 0.888671875
vt 0.944824219 0.884277344
vt 0.948242188 0.883789062
vt 0.948242188 0.888183594
vt 0.951660156 0.887207031
vt 0.951660156 0.881835938
vt 0.954589844 0.885253906
vt 0.954101562 0.879394531
vt 0.958007812 0.881347656
vt 0.956542969 0.875976562
vt 0.960449219 0.876953125
f 3/3 2/2 1/1
f 3/3 1/1 4/4
f 4/4 5/5 3/3
f 4/4 6/6 5/5
f 6/6 7/7 5/5
f 6/6 8/8 7/7
f 8/8 9/9 7/7
f 9/9 8/8 10/10
f 11/11 9/9 10/10
f 11/11 10/10 12/12
f 13/13 11/11 12/12
f 13/13 12/12 14/14
f 15/15 13/13 14/14
f 16/16 15/15 14/14
f 16/16 14/14 17/17
f 17/17 18/18 16/16
f 17/17 19/19 18/18
f 19/19 20/20 18/18
f 19/19 21/21 20/20
f 21/21 22/22 20/20
f 21/21 23/23 22/22
f 24/24 22/22 23/23
f 24/24 23/23 25/25
f 25/25 23/23 26/26
f 25/25 26/26 27/27
f 27/27 26/26 23/23
f 28/28 25/25 27/27
f 28/28 27/27 29/29
f 27/27 23/23 29/29
f 30/30 28/28 29/29
f 31/31 29/29 23/23
f 30/30 29/29 31/31
f 31/31 23/23 32/32
f 30/30 31/31 32/32
f 33/33 30/30 32/32
f 34/34 32/32 23/23
f 35/35 33/33 32/32
f 35/35 32/32 34/34
f 35/35 34/34 36/36
f 37/37 35/35 36/36
f 37/37 36/36 38/38
f 39/39 37/37 38/38
f 39/39 38/38 40/40
f 41/41 40/40 38/38
f 41/41 42/42 40/40
f 42/42 43/43 40/40
f 42/42 44/44 43/43
f 44/44 45/45 43/43
f 44/44 46/46 45/45
f 46/46 47/47 45/45
f 47/47 48/48 45/45
f 47/47 49/49 48/48
f 50/50 48/48 49/49
f 50/50 49/49 51/51
f 52/52 51/51 49/49
f 52/52 53/53 51/51
f 53/53 54/54 51/51
f 53/53 55/55 54/54
f 53/53 56/56 55/55
f 59/59 58/58 57/57
f 59/59 57/57 60/60
f 59/59 60/60 61/61
f 61/61 60/60 62/62
f 61/61 62/62 63/63
f 62/62 64/64 63/63
f 64/64 65/65 63/63
f 65/65 64/64 66/66
f 67/67 66/66 64/64
f 66/66 67/67 68/68
f 68/68 69/69 66/66
f 68/68 70/70 69/69
f 71/71 69/69 70/70
f 71/71 70/70 72/72
f 73/73 71/71 72/72
f 72/72 74/74 73/73
f 72/72 75/75 74/74
f 74/74 75/75 76/76
f 77/77 74/74 76/76
f 77/77 76/76 78/78
f 78/78 79/79 77/77
f 79/79 78/78 80/80
f 81/81 79/79 80/80
f 81/81 80/80 82/82
f 82/82 83/83 81/81
f 83/83 84/84 81/81
f 85/85 84/84 83/83
f 85/85 83/83 86/86
f 85/85 86/86 87/87
f 88/88 87/87 86/86
f 88/88 89/89 87/87
f 89/89 90/90 87/87
f 91/91 90/90 89/89
f 91/91 92/92 90/90
f 91/91 93/93 92/92
f 93/93 94/94 92/92
f 93/93 95/95 94/94
f 95/95 96/96 94/94
f 95/95 97/97 96/96
f 97/97 98/98 96/96
f 98/98 97/97 99/99
f 99/99 100/100 98/98
f 99/99 101/101 100/100
f 100/100 101/101 102/102
f 102/102 101/101 103/103
f 104/104 102/102 103/103
f 104/104 103/103 105/105
f 106/106 104/104 105/105
f 106/106 105/105 107/107
f 108/108 106/106 107/107
f 108/108 107/107 109/109
f 110/110 108/108 109/109
f 110/110 109/109 111/111
f 112/112 110/110 111/111
f 112/112 111/111 113/113
f 113/113 114/114 112/112
f 115/115 114/114 113/113
f 115/115 116/116 114/114
f 116/116 117/117 114/114
f 116/116 118/118 117/117
f 118/118 119/119 117/117
f 118/118 120/120 119/119
f 119/119 120/120 121/121
f 122/122 119/119 121/121
f 122/122 121/121 123/123
f 124/124 122/122 123/123
f 124/124 123/123 125/125
f 126/126 124/124 125/125
f 126/126 125/125 127/127
f 128/128 126/126 127/127
f 128/128 127/127 129/129
f 130/130 128/128 129/129
f 130/130 129/129 131/131
f 132/132 130/130 131/131
f 131/131 133/133 132/132
f 133/133 134/134 132/132
f 133/133 135/135 134/134
f 133/133 136/136 135/135
f 136/136 137/137 135/135
f 137/137 138/138 135/135
f 139/139 138/138 137/137
f 139/139 137/137 140/140
f 141/141 139/139 140/140
f 141/141 140/140 142/142
f 142/142 143/143 141/141
f 143/143 144/144 141/141
f 143/143 145/145 144/144
f 143/143 146/146 145/145
f 143/143 147/147 146/146
f 147/147 148/148 146/146
f 147/147 149/149 148/148
f 148/148 149/149 150/150
f 151/151 148/148 150/150
f 151/151 150/150 152/152
f 153/153 151/151 152/152
f 153/153 152/152 154/154
f 153/153 154/154 155/155
f 154/154 156/156 155/155
f 157/157 155/155 156/156
f 157/157 156/156 158/158
f 159/159 157/157 158/158
f 158/158 160/160 159/159
f 160/160 161/161 159/159
f 162/162 161/161 160/160
f 162/162 160/160 163/163
f 162/162 163/163 164/164
f 165/165 162/162 164/164
f 166/166 165/165 164/164
f 166/166 164/164 167/167
f 166/166 167/167 168/168
f 166/166 168/168 169/169
f 168/168 170/170 169/169
f 168/168 171/171 170/170
f 171/171 172/172 170/170
f 171/171 173/173 172/172
f 172/172 173/173 174/174
f 177/177 176/176 175/175
f 176/176 177/177 178/178
f 178/178 177/177 179/179
f 176/176 178/178 180/180
f 181/181 178/178 179/179
f 182/182 181/181 179/179
f 182/182 183/183 181/181
f 178/178 184/184 180/180
f 181/181 184/184 178/178
f 183/183 185/185 181/181
f 184/184 181/181 185/185
f 186/186 180/180 184/184
f 186/186 187/187 180/180
f 186/186 188/188 187/187
f 189/189 186/186 184/184
f 189/189 184/184 185/185
f 190/190 189/189 185/185
f 191/191 186/186 189/189
f 191/191 188/188 186/186
f 189/189 190/190 191/191
f 183/183 192/192 185/185
f 183/183 193/193 192/192
f 191/191 194/194 188/188
f 195/195 188/188 194/194
f 196/196 195/195 194/194
f 190/190 185/185 197/197
f 185/185 192/192 197/197
f 191/191 198/198 194/194
f 198/198 191/191 190/190
f 198/198 199/199 194/194
f 198/198 190/190 199/199
f 199/199 200/200 194/194
f 200/200 196/196 194/194
f 196/196 200/200 201/201
f 202/202 196/196 201/201
f 199/199 203/203 200/200
f 200/200 203/203 201/201
f 202/202 201/201 204/204
f 205/205 202/202 204/204
f 201/201 203/203 206/206
f 206/206 203/203 199/199
f 201/201 206/206 207/207
f 204/204 201/201 207/207
f 204/204 207/207 208/208
f 205/205 204/204 209/209
f 209/209 204/204 208/208
f 210/210 205/205 209/209
f 211/211 209/209 208/208
f 210/210 209/209 211/211
f 211/211 208/208 212/212
f 210/210 211/211 213/213
f 206/206 199/199 214/214
f 215/215 206/206 214/214
f 214/214 216/216 215/215
f 216/216 214/214 217/217
f 217/217 214/214 199/199
f 218/218 216/216 217/217
f 217/217 199/199 219/219
f 218/218 217/217 220/220
f 217/217 219/219 220/220
f 199/199 221/221 219/219
f 220/220 219/219 221/221
f 221/221 199/199 190/190
f 221/221 190/190 222/222
f 220/220 221/221 222/222
f 190/190 197/197 222/222
f 223/223 218/218 220/220
f 223/223 224/224 218/218
f 220/220 222/222 225/225
f 223/223 220/220 225/225
f 222/222 197/197 226/226
f 222/222 226/226 225/225
f 227/227 224/224 223/223
f 227/227 223/223 225/225
f 227/227 228/228 224/224
f 228/228 229/229 224/224
f 228/228 230/230 229/229
f 227/227 225/225 231/231
f 226/226 231/231 225/225
f 228/228 227/227 231/231
f 197/197 232/232 226/226
f 226/226 232/232 231/231
f 197/197 192/192 232/232
f 232/232 233/233 231/231
f 228/228 231/231 233/233
f 234/234 228/228 233/233
f 235/235 230/230 228/228
f 235/235 228/228 234/234
f 235/235 236/236 230/230
f 192/192 237/237 232/232
f 232/232 237/237 233/233
f 192/192 193/193 237/237
f 235/235 238/238 236/236
f 235/235 234/234 238/238
f 237/237 239/239 233/233
f 234/234 233/233 239/239
f 240/240 234/234 239/239
f 237/237 193/193 241/241
f 237/237 241/241 239/239
f 193/193 242/242 241/241
f 241/241 243/243 239/239
f 241/241 242/242 243/243
f 240/240 239/239 243/243
f 242/242 244/244 243/243
f 245/245 243/243 244/244
f 245/245 240/240 243/243
f 246/246 245/245 244/244
f 238/238 247/247 236/236
f 248/248 236/236 247/247
f 234/234 249/249 238/238
f 247/247 238/238 249/249
f 234/234 250/250 249/249
f 234/234 240/240 250/250
f 247/247 249/249 251/251
f 249/249 250/250 251/251
f 252/252 248/248 247/247
f 252/252 247/247 251/251
f 252/252 253/253 248/248
f 253/253 254/254 248/248
f 240/240 255/255 250/250
f 255/255 251/251 250/250
f 256/256 252/252 251/251
f 256/256 253/253 252/252
f 253/253 257/257 254/254
f 258/258 254/254 257/257
f 259/259 258/258 257/257
f 255/255 260/260 251/251
f 260/260 256/256 251/251
f 253/253 261/261 257/257
f 262/262 259/259 257/257
f 262/262 257/257 261/261
f 256/256 263/263 253/253
f 263/263 261/261 253/253
f 260/260 264/264 256/256
f 256/256 264/264 263/263
f 262/262 265/265 259/259
f 266/266 259/259 265/265
f 266/266 265/265 267/267
f 267/267 265/265 268/268
f 262/262 261/261 269/269
f 263/263 269/269 261/261
f 269/269 265/265 262/262
f 263/263 270/270 269/269
f 264/264 270/270 263/263
f 269/269 271/271 265/265
f 271/271 268/268 265/265
f 270/270 271/271 269/269
f 270/270 272/272 271/271
f 273/273 264/264 260/260
f 255/255 273/273 260/260
f 264/264 274/274 270/270
f 274/274 272/272 270/270
f 273/273 274/274 264/264
f 268/268 275/275 267/267
f 268/268 276/276 275/275
f 275/275 277/277 267/267
f 275/275 276/276 277/277
f 278/278 277/277 276/276
f 271/271 279/279 268/268
f 272/272 279/279 271/271
f 279/279 280/280 268/268
f 273/273 281/281 274/274
f 281/281 272/272 274/274
f 276/276 268/268 282/282
f 268/268 280/280 282/282
f 278/278 276/276 283/283
f 284/284 278/278 283/283
f 284/284 283/283 285/285
f 284/284 285/285 286/286
f 283/283 276/276 287/287
f 285/285 283/283 287/287
f 276/276 282/282 288/288
f 276/276 288/288 287/287
f 280/280 289/289 282/282
f 289/289 288/288 282/282
f 290/290 281/281 273/273
f 281/281 290/290 291/291
f 292/292 281/281 291/291
f 292/292 291/291 293/293
f 292/292 272/272 281/281
f 292/292 293/293 272/272
f 294/294 290/290 273/273
f 294/294 273/273 255/255
f 290/290 295/295 291/291
f 294/294 295/295 290/290
f 296/296 294/294 255/255
f 296/296 255/255 240/240
f 297/297 294/294 296/296
f 294/294 297/297 295/295
f 298/298 296/296 240/240
f 298/298 297/297 296/296
f 245/245 298/298 240/240
f 298/298 245/245 299/299
f 298/298 299/299 297/297
f 299/299 245/245 300/300
f 246/246 300/300 245/245
f 297/297 299/299 301/301
f 301/301 299/299 300/300
f 297/297 302/302 295/295
f 297/297 301/301 302/302
f 246/246 303/303 300/300
f 246/246 304/304 303/303
f 303/303 305/305 300/300
f 304/304 305/305 303/303
f 301/301 300/300 305/305
f 295/295 302/302 306/306
f 295/295 306/306 291/291
f 304/304 307/307 305/305
f 304/304 308/308 307/307
f 302/302 301/301 309/309
f 302/302 309/309 306/306
f 310/310 301/301 305/305
f 310/310 305/305 307/307
f 301/301 310/310 309/309
f 308/308 311/311 307/307
f 311/311 308/308 312/312
f 313/313 306/306 309/309
f 291/291 306/306 313/313
f 314/314 313/313 309/309
f 314/314 309/309 310/310
f 315/315 314/314 310/310
f 315/315 310/310 316/316
f 316/316 310/310 307/307
f 316/316 307/307 311/311
f 316/316 311/311 317/317
f 311/311 318/318 317/317
f 318/318 311/311 312/312
f 319/319 318/318 312/312
f 319/319 320/320 318/318
f 319/319 321/321 320/320
f 321/321 322/322 320/320
f 322/322 321/321 323/323
f 324/324 322/322 323/323
f 323/323 325/325 324/324
f 323/323 326/326 325/325
f 327/327 325/325 326/326
f 326/326 328/328 327/327
f 325/325 327/327 329/329
f 325/325 329/329 330/330
f 327/327 328/328 331/331
f 327/327 331/331 329/329
f 328/328 332/332 331/331
f 332/332 328/328 333/333
f 332/332 333/333 334/334
f 332/332 334/334 335/335
f 331/331 332/332 335/335
f 331/331 335/335 329/329
f 329/329 335/335 336/336
f 329/329 336/336 337/337
f 330/330 329/329 337/337
f 330/330 337/337 338/338
f 339/339 330/330 338/338
f 339/339 338/338 340/340
f 341/341 340/340 338/338
f 341/341 338/338 342/342
f 341/341 343/343 340/340
f 342/342 344/344 341/341
f 341/341 344/344 343/343
f 345/345 343/343 344/344
f 344/344 346/346 345/345
f 345/345 346/346 347/347
f 344/344 348/348 346/346
f 351/351 350/350 349/349
f 351/351 352/352 350/350
f 352/352 353/353 350/350
f 352/352 351/351 354/354
f 352/352 355/355 353/353
f 355/355 352/352 354/354
f 355/355 356/356 353/353
f 356/356 355/355 357/357
f 357/357 355/355 354/354
f 358/358 356/356 357/357
f 357/357 354/354 359/359
f 360/360 359/359 354/354
f 358/358 357/357 361/361
f 357/357 359/359 361/361
f 360/360 361/361 359/359
f 362/362 358/358 361/361
f 363/363 361/361 360/360
f 363/363 360/360 364/364
f 362/362 361/361 365/365
f 365/365 361/361 363/363
f 362/362 365/365 366/366
f 364/364 367/367 363/363
f 365/365 363/363 367/367
f 364/364 368/368 367/367
f 369/369 366/366 365/365
f 365/365 367/367 369/369
f 370/370 366/366 369/369
f 368/368 371/371 367/367
f 368/368 372/372 371/371
f 373/373 369/369 367/367
f 370/370 369/369 373/373
f 371/371 373/373 367/367
f 372/372 374/374 371/371
f 372/372 375/375 374/374
f 370/370 373/373 376/376
f 377/377 370/370 376/376
f 378/378 373/373 371/371
f 378/378 376/376 373/373
f 378/378 371/371 374/374
f 377/377 376/376 379/379
f 376/376 378/378 379/379
f 379/379 380/380 377/377
f 375/375 381/381 374/374
f 381/381 375/375 382/382
f 378/378 374/374 383/383
f 379/379 378/378 383/383
f 383/383 374/374 381/381
f 383/383 381/381 379/379
f 381/381 384/384 379/379
f 379/379 384/384 380/380
f 381/381 385/385 384/384
f 385/385 381/381 382/382
f 382/382 386/386 385/385
f 384/384 387/387 380/380
f 384/384 385/385 387/387
f 387/387 388/388 380/380
f 389/389 380/380 388/388
f 385/385 390/390 387/387
f 385/385 386/386 390/390
f 387/387 390/390 388/388
f 389/389 388/388 391/391
f 392/392 389/389 391/391
f 392/392 391/391 393/393
f 394/394 392/392 393/393
f 395/395 394/394 393/393
f 390/390 396/396 388/388
f 390/390 386/386 396/396
f 391/391 388/388 396/396
f 382/382 397/397 386/386
f 398/398 397/397 382/382
f 398/398 399/399 397/397
f 391/391 396/396 400/400
f 393/393 391/391 401/401
f 391/391 400/400 401/401
f 402/402 400/400 396/396
f 386/386 402/402 396/396
f 402/402 403/403 400/400
f 403/403 401/401 400/400
f 386/386 404/404 402/402
f 404/404 403/403 402/402
f 397/397 405/405 386/386
f 386/386 405/405 404/404
f 404/404 406/406 403/403
f 405/405 406/406 404/404
f 407/407 401/401 403/403
f 406/406 407/407 403/403
f 397/397 408/408 405/405
f 399/399 408/408 397/397
f 405/405 409/409 406/406
f 409/409 407/407 406/406
f 408/408 409/409 405/405
f 393/393 401/401 410/410
f 407/407 410/410 401/401
f 409/409 411/411 407/407
f 408/408 412/412 409/409
f 412/412 411/411 409/409
f 407/407 413/413 410/410
f 411/411 413/413 407/407
f 399/399 414/414 408/408
f 414/414 399/399 415/415
f 399/399 416/416 415/415
f 414/414 417/417 408/408
f 417/417 412/412 408/408
f 417/417 414/414 418/418
f 414/414 415/415 418/418
f 416/416 419/419 415/415
f 419/419 416/416 420/420
f 419/419 420/420 421/421
f 420/420 422/422 421/421
f 412/412 417/417 423/423
f 417/417 418/418 423/423
f 421/421 422/422 424/424
f 424/424 422/422 425/425
f 426/426 424/424 425/425
f 421/421 424/424 427/427
f 426/426 427/427 424/424
f 412/412 423/423 428/428
f 429/429 423/423 418/418
f 429/429 428/428 423/423
f 430/430 412/412 428/428
f 412/412 430/430 411/411
f 430/430 431/431 411/411
f 411/411 431/431 413/413
f 431/431 430/430 432/432
f 431/431 432/432 413/413
f 430/430 428/428 433/433
f 430/430 433/433 432/432
f 413/413 432/432 434/434
f 410/410 413/413 434/434
f 435/435 410/410 434/434
f 435/435 393/393 410/410
f 429/429 418/418 436/436
f 428/428 429/429 437/437
f 429/429 436/436 437/437
f 428/428 438/438 433/433
f 428/428 437/437 438/438
f 418/418 439/439 436/436
f 440/440 436/436 439/439
f 418/418 415/415 439/439
f 440/440 439/439 415/415
f 441/441 440/440 415/415
f 441/441 415/415 419/419
f 440/440 441/441 442/442
f 441/441 443/443 442/442
f 441/441 419/419 443/443
f 419/419 421/421 443/443
f 444/444 437/437 436/436
f 445/445 438/438 437/437
f 444/444 445/445 437/437
f 446/446 444/444 436/436
f 440/440 446/446 436/436
f 447/447 445/445 444/444
f 444/444 446/446 447/447
f 445/445 448/448 438/438
f 445/445 447/447 448/448
f 449/449 448/448 447/447
f 450/450 449/449 447/447
f 450/450 447/447 446/446
f 451/451 438/438 448/448
f 450/450 446/446 452/452
f 453/453 438/438 451/451
f 453/453 451/451 286/286
f 453/453 433/433 438/438
f 446/446 454/454 452/452
f 446/446 440/440 454/454
f 452/452 454/454 455/455
f 456/456 453/453 286/286
f 456/456 286/286 285/285
f 453/453 457/457 433/433
f 457/457 453/453 456/456
f 457/457 456/456 285/285
f 457/457 432/432 433/433
f 458/458 457/457 285/285
f 457/457 458/458 432/432
f 458/458 285/285 287/287
f 458/458 434/434 432/432
f 458/458 287/287 434/434
f 459/459 434/434 287/287
f 459/459 287/287 288/288
f 459/459 435/435 434/434
f 459/459 288/288 435/435
f 288/288 289/289 435/435
f 393/393 435/435 289/289
f 460/460 393/393 289/289
f 460/460 395/395 393/393
f 460/460 289/289 461/461
f 395/395 460/460 461/461
f 280/280 461/461 289/289
f 395/395 461/461 462/462
f 280/280 462/462 461/461
f 463/463 462/462 280/280
f 462/462 463/463 464/464
f 465/465 463/463 280/280
f 465/465 280/280 279/279
f 466/466 464/464 463/463
f 467/467 464/464 466/466
f 466/466 468/468 467/467
f 465/465 279/279 469/469
f 272/272 469/469 279/279
f 293/293 469/469 272/272
f 293/293 465/465 469/469
f 470/470 463/463 465/465
f 470/470 466/466 463/463
f 470/470 465/465 293/293
f 470/470 293/293 466/466
f 466/466 471/471 468/468
f 293/293 471/471 466/466
f 471/471 472/472 468/468
f 293/293 291/291 471/471
f 471/471 291/291 472/472
f 291/291 313/313 472/472
f 475/475 474/474 473/473
f 475/475 426/426 474/474
f 475/475 476/476 426/426
f 477/477 476/476 475/475
f 426/426 476/476 427/427
f 477/477 478/478 476/476
f 427/427 476/476 478/478
f 479/479 427/427 478/478
f 421/421 427/427 479/479
f 479/479 478/478 480/480
f 421/421 479/479 481/481
f 421/421 481/481 443/443
f 482/482 479/479 480/480
f 481/481 479/479 482/482
f 443/443 481/481 483/483
f 483/483 442/442 443/443
f 481/481 484/484 483/483
f 481/481 482/482 484/484
f 482/482 480/480 485/485
f 486/486 485/485 480/480
f 486/486 487/487 485/485
f 488/488 482/482 485/485
f 482/482 488/488 484/484
f 489/489 485/485 487/487
f 488/488 485/485 489/489
f 489/489 487/487 490/490
f 491/491 483/483 484/484
f 483/483 491/491 442/442
f 488/488 492/492 484/484
f 492/492 491/491 484/484
f 492/492 488/488 489/489
f 493/493 491/491 492/492
f 493/493 442/442 491/491
f 492/492 489/489 494/494
f 494/494 493/493 492/492
f 495/495 489/489 490/490
f 489/489 495/495 494/494
f 490/490 496/496 495/495
f 490/490 497/497 496/496
f 496/496 497/497 498/498
f 499/499 496/496 498/498
f 499/499 498/498 500/500
f 499/499 500/500 501/501
f 502/502 501/501 500/500
f 501/501 503/503 499/499
f 496/496 499/499 503/503
f 496/496 503/503 504/504
f 504/504 495/495 496/496
f 504/504 505/505 495/495
f 505/505 494/494 495/495
f 505/505 506/506 494/494
f 506/506 507/507 494/494
f 494/494 507/507 493/493
f 506/506 508/508 507/507
f 507/507 509/509 493/493
f 508/508 509/509 507/507
f 510/510 493/493 509/509
f 493/493 510/510 442/442
f 509/509 508/508 511/511
f 510/510 509/509 511/511
f 511/511 442/442 510/510
f 508/508 455/455 511/511
f 454/454 511/511 455/455
f 442/442 511/511 512/512
f 512/512 511/511 454/454
f 440/440 442/442 512/512
f 440/440 512/512 454/454
f 515/515 514/514 513/513
f 514/514 516/516 513/513
f 514/514 517/517 516/516
f 514/514 518/518 517/517
f 518/518 519/519 517/517
f 519/519 520/520 517/517
f 521/521 520/520 519/519
f 521/521 519/519 522/522
f 523/523 521/521 522/522
f 523/523 522/522 524/524
f 525/525 523/523 524/524
f 525/525 524/524 526/526
f 527/527 525/525 526/526
f 527/527 526/526 528/528
f 528/528 526/526 529/529
f 530/530 528/528 529/529
f 530/530 529/529 531/531
f 532/532 530/530 531/531
f 533/533 532/532 531/531
f 533/533 531/531 534/534
f 535/535 533/533 534/534
f 535/535 534/534 536/536
f 537/537 535/535 536/536
f 536/536 538/538 537/537
f 536/536 539/539 538/538
f 539/539 540/540 538/538
f 540/540 539/539 541/541
f 542/542 540/540 541/541
f 542/542 541/541 543/543
f 544/544 542/542 543/543
f 544/544 543/543 545/545
f 545/545 543/543 546/546
f 547/547 545/545 546/546
f 547/547 546/546 548/548
f 549/549 547/547 548/548
f 550/550 549/549 548/548
f 550/550 548/548 551/551
f 552/552 550/550 551/551
f 553/553 552/552 551/551
f 553/553 551/551 554/554
f 555/555 553/553 554/554
f 556/556 555/555 554/554
f 556/556 554/554 557/557
f 558/558 556/556 557/557
f 558/558 557/557 559/559
f 560/560 558/558 559/559
f 560/560 559/559 561/561
f 560/560 561/561 562/562
f 563/563 560/560 562/562
f 562/562 564/564 563/563
f 562/562 565/565 564/564
f 565/565 566/566 564/564
f 565/565 567/567 566/566
f 567/567 568/568 566/566
f 568/568 567/567 569/569
f 570/570 568/568 569/569
f 571/571 570/570 569/569
f 574/574 573/573 572/572
f 575/575 574/574 572/572
f 575/575 572/572 576/576
f 577/577 575/575 576/576
f 578/578 577/577 576/576
f 581/581 580/580 579/579
f 580/580 582/582 579/579
f 580/580 583/583 582/582
f 582/582 583/583 584/584
f 585/585 582/582 584/584
f 585/585 584/584 586/586
f 585/585 586/586 587/587
f 588/588 585/585 587/587
f 588/588 587/587 589/589
f 588/588 589/589 590/590
f 588/588 590/590 591/591
f 591/591 590/590 592/592
f 591/591 592/592 593/593
f 594/594 591/591 593/593
f 594/594 593/593 595/595
f 594/594 595/595 596/596
f 597/597 594/594 596/596
f 598/598 597/597 596/596
f 598/598 599/599 597/597
f 598/598 600/600 599/599
f 599/599 600/600 601/601
f 602/602 599/599 601/601
f 602/602 601/601 603/603
f 604/604 602/602 603/603
f 604/604 603/603 605/605
f 604/604 605/605 606/606
f 607/607 604/604 606/606
f 607/607 606/606 608/608
f 607/607 608/608 609/609
f 607/607 609/609 610/610
f 607/607 610/610 611/611
f 611/611 610/610 612/612
f 611/611 612/612 613/613
f 614/614 611/611 613/613
f 614/614 613/613 615/615
f 614/614 615/615 616/616
f 614/614 616/616 617/617
f 618/618 614/614 617/617
f 617/617 619/619 618/618
f 617/617 620/620 619/619
f 620/620 621/621 619/619
f 622/622 619/619 621/621
f 622/622 621/621 623/623
f 622/622 623/623 624/624
f 625/625 622/622 624/624
f 625/625 624/624 626/626
f 625/625 626/626 627/627
f 628/628 625/625 627/627
f 628/628 627/627 629/629
f 628/628 629/629 630/630
f 628/628 630/630 631/631
f 628/628 631/631 632/632
f 633/633 628/628 632/632
f 633/633 632/632 634/634
f 635/635 633/633 634/634
f 635/635 634/634 636/636
f 635/635 636/636 637/637
f 638/638 635/635 637/637
f 638/638 637/637 639/639
f 638/638 639/639 640/640
f 641/641 638/638 640/640
f 641/641 640/640 642/642
f 643/643 641/641 642/642
f 643/643 642/642 644/644
f 644/644 645/645 643/643
f 644/644 646/646 645/645
f 646/646 647/647 645/645
f 648/648 647/647 646/646
f 647/647 649/649 645/645
f 647/647 650/650 649/649
f 650/650 651/651 649/649
f 651/651 652/652 649/649
f 651/651 653/653 652/652
f 653/653 654/654 652/652
f 653/653 655/655 654/654
f 655/655 656/656 654/654
f 655/655 657/657 656/656
f 657/657 658/658 656/656
f 659/659 656/656 658/658
f 659/659 658/658 660/660
f 661/661 659/659 660/660
f 661/661 662/662 659/659
f 662/662 663/663 659/659
f 663/663 662/662 664/664
f 665/665 663/663 664/664
f 668/668 667/667 666/666
f 668/668 669/669 667/667
f 669/669 670/670 667/667
f 669/669 668/668 671/671
f 672/672 670/670 669/669
f 673/673 669/669 671/671
f 674/674 673/673 671/671
f 675/675 673/673 674/674
f 672/672 669/669 676/676
f 673/673 676/676 669/669
f 676/676 673/673 675/675
f 677/677 672/672 676/676
f 676/676 675/675 678/678
f 677/677 676/676 678/678
f 678/678 675/675 679/679
f 680/680 677/677 678/678
f 678/678 679/679 681/681
f 680/680 678/678 682/682
f 682/682 678/678 681/681
f 683/683 680/680 682/682
f 682/682 681/681 684/684
f 685/685 683/683 682/682
f 686/686 682/682 684/684
f 685/685 682/682 686/686
f 686/686 684/684 687/687
f 685/685 686/686 688/688
f 688/688 686/686 687/687
f 689/689 685/685 688/688
f 688/688 687/687 690/690
f 689/689 688/688 691/691
f 692/692 689/689 691/691
f 693/693 692/692 691/691
f 688/688 690/690 694/694
f 691/691 688/688 694/694
f 693/693 691/691 695/695
f 691/691 694/694 695/695
f 694/694 690/690 696/696
f 694/694 696/696 695/695
f 690/690 697/697 696/696
f 698/698 696/696 697/697
f 698/698 699/699 696/696
f 698/698 700/700 699/699
f 695/695 701/701 693/693
f 695/695 702/702 701/701
f 701/701 703/703 693/693
f 696/696 704/704 695/695
f 696/696 699/699 704/704
f 695/695 704/704 702/702
f 704/704 699/699 702/702
f 700/700 705/705 699/699
f 700/700 706/706 705/705
f 707/707 703/703 701/701
f 708/708 703/703 707/707
f 709/709 708/708 707/707
f 710/710 707/707 701/701
f 709/709 707/707 710/710
f 702/702 710/710 701/701
f 711/711 709/709 710/710
f 711/711 712/712 709/709
f 699/699 713/713 702/702
f 699/699 705/705 713/713
f 702/702 714/714 710/710
f 714/714 711/711 710/710
f 715/715 714/714 702/702
f 715/715 702/702 713/713
f 711/711 716/716 712/712
f 716/716 717/717 712/712
f 716/716 718/718 717/717
f 718/718 719/719 717/717
f 718/718 720/720 719/719
f 714/714 721/721 711/711
f 714/714 715/715 721/721
f 722/722 716/716 711/711
f 718/718 716/716 722/722
f 718/718 723/723 720/720
f 723/723 724/724 720/720
f 722/722 711/711 725/725
f 711/711 721/721 725/725
f 718/718 722/722 726/726
f 723/723 718/718 726/726
f 726/726 722/722 725/725
f 727/727 726/726 725/725
f 721/721 728/728 725/725
f 728/728 727/727 725/725
f 721/721 715/715 729/729
f 728/728 721/721 729/729
f 723/723 730/730 724/724
f 730/730 731/731 724/724
f 730/730 732/732 731/731
f 723/723 726/726 733/733
f 727/727 733/733 726/726
f 730/730 734/734 732/732
f 734/734 735/735 732/732
f 723/723 736/736 730/730
f 736/736 723/723 733/733
f 730/730 736/736 737/737
f 730/730 737/737 734/734
f 736/736 733/733 738/738
f 737/737 736/736 738/738
f 739/739 738/738 733/733
f 739/739 733/733 727/727
f 734/734 740/740 735/735
f 740/740 741/741 735/735
f 740/740 742/742 741/741
f 740/740 743/743 742/742
f 743/743 744/744 742/742
f 743/743 745/745 744/744
f 743/743 746/746 745/745
f 747/747 745/745 746/746
f 748/748 747/747 746/746
f 737/737 738/738 749/749
f 739/739 749/749 738/738
f 748/748 746/746 750/750
f 751/751 748/748 750/750
f 751/751 750/750 752/752
f 753/753 751/751 752/752
f 754/754 750/750 746/746
f 750/750 754/754 752/752
f 753/753 752/752 755/755
f 756/756 753/753 755/755
f 757/757 756/756 755/755
f 757/757 755/755 758/758
f 759/759 757/757 758/758
f 759/759 758/758 760/760
f 761/761 759/759 760/760
f 762/762 758/758 755/755
f 762/762 760/760 758/758
f 761/761 760/760 763/763
f 763/763 760/760 762/762
f 764/764 761/761 763/763
f 755/755 752/752 765/765
f 762/762 755/755 765/765
f 752/752 754/754 766/766
f 752/752 766/766 765/765
f 767/767 765/765 766/766
f 754/754 768/768 766/766
f 766/766 768/768 769/769
f 769/769 767/767 766/766
f 770/770 762/762 765/765
f 767/767 770/770 765/765
f 771/771 762/762 770/770
f 771/771 763/763 762/762
f 754/754 772/772 768/768
f 772/772 754/754 746/746
f 773/773 770/770 767/767
f 773/773 771/771 770/770
f 772/772 746/746 774/774
f 774/774 746/746 743/743
f 775/775 774/774 743/743
f 776/776 772/772 774/774
f 776/776 774/774 775/775
f 775/775 743/743 777/777
f 743/743 740/740 777/777
f 740/740 778/778 777/777
f 740/740 734/734 778/778
f 779/779 775/775 777/777
f 779/779 777/777 778/778
f 779/779 780/780 775/775
f 780/780 776/776 775/775
f 734/734 781/781 778/778
f 734/734 737/737 781/781
f 781/781 737/737 782/782
f 781/781 782/782 778/778
f 737/737 749/749 782/782
f 783/783 779/779 778/778
f 783/783 778/778 782/782
f 779/779 783/783 780/780
f 749/749 783/783 782/782
f 780/780 783/783 784/784
f 776/776 780/780 785/785
f 785/785 780/780 784/784
f 776/776 785/785 786/786
f 785/785 784/784 786/786
f 772/772 776/776 786/786
f 783/783 749/749 787/787
f 783/783 787/787 784/784
f 772/772 786/786 788/788
f 772/772 788/788 768/768
f 749/749 789/789 787/787
f 749/749 739/739 789/789
f 786/786 784/784 790/790
f 786/786 790/790 788/788
f 739/739 791/791 789/789
f 791/791 739/739 727/727
f 768/768 788/788 792/792
f 790/790 793/793 788/788
f 788/788 793/793 792/792
f 784/784 794/794 790/790
f 790/790 795/795 793/793
f 790/790 794/794 795/795
f 784/784 796/796 794/794
f 787/787 796/796 784/784
f 797/797 792/792 793/793
f 797/797 793/793 795/795
f 798/798 797/797 795/795
f 797/797 799/799 792/792
f 798/798 795/795 800/800
f 794/794 801/801 795/795
f 800/800 795/795 801/801
f 796/796 801/801 794/794
f 799/799 802/802 792/792
f 792/792 802/802 768/768
f 803/803 802/802 799/799
f 802/802 803/803 768/768
f 803/803 799/799 804/804
f 805/805 768/768 803/803
f 804/804 805/805 803/803
f 805/805 769/769 768/768
f 806/806 805/805 804/804
f 805/805 807/807 769/769
f 806/806 807/807 805/805
f 807/807 767/767 769/769
f 801/801 808/808 800/800
f 809/809 800/800 808/808
f 808/808 810/810 809/809
f 811/811 809/809 810/810
f 812/812 808/808 801/801
f 812/812 810/810 808/808
f 806/806 813/813 807/807
f 814/814 813/813 806/806
f 815/815 812/812 801/801
f 796/796 815/815 801/801
f 816/816 815/815 796/796
f 787/787 816/816 796/796
f 816/816 817/817 815/815
f 787/787 817/817 816/816
f 817/817 812/812 815/815
f 817/817 787/787 789/789
f 818/818 812/812 817/817
f 818/818 817/817 789/789
f 819/819 810/810 812/812
f 818/818 819/819 812/812
f 818/818 789/789 820/820
f 819/819 818/818 820/820
f 791/791 820/820 789/789
f 819/819 821/821 810/810
f 821/821 811/811 810/810
f 819/819 820/820 822/822
f 821/821 819/819 822/822
f 791/791 823/823 820/820
f 823/823 822/822 820/820
f 811/811 821/821 824/824
f 811/811 824/824 825/825
f 821/821 822/822 826/826
f 821/821 826/826 824/824
f 826/826 822/822 827/827
f 822/822 823/823 827/827
f 828/828 823/823 791/791
f 791/791 727/727 828/828
f 829/829 825/825 824/824
f 824/824 830/830 829/829
f 829/829 831/831 825/825
f 831/831 829/829 832/832
f 830/830 832/832 829/829
f 824/824 826/826 833/833
f 826/826 827/827 833/833
f 824/824 833/833 830/830
f 834/834 828/828 727/727
f 728/728 834/834 727/727
f 832/832 830/830 835/835
f 832/832 835/835 836/836
f 835/835 837/837 836/836
f 837/837 835/835 838/838
f 837/837 838/838 839/839
f 834/834 728/728 840/840
f 834/834 840/840 841/841
f 840/840 728/728 729/729
f 834/834 842/842 828/828
f 842/842 834/834 841/841
f 840/840 729/729 843/843
f 841/841 840/840 843/843
f 841/841 843/843 844/844
f 843/843 729/729 845/845
f 715/715 845/845 729/729
f 835/835 846/846 838/838
f 835/835 830/830 846/846
f 842/842 847/847 828/828
f 847/847 823/823 828/828
f 823/823 847/847 848/848
f 842/842 848/848 847/847
f 823/823 848/848 827/827
f 848/848 842/842 849/849
f 842/842 841/841 849/849
f 850/850 827/827 848/848
f 850/850 848/848 849/849
f 715/715 851/851 845/845
f 851/851 715/715 713/713
f 851/851 713/713 852/852
f 852/852 845/845 851/851
f 705/705 852/852 713/713
f 852/852 853/853 845/845
f 843/843 845/845 853/853
f 843/843 853/853 844/844
f 705/705 854/854 852/852
f 852/852 854/854 853/853
f 706/706 854/854 705/705
f 853/853 854/854 855/855
f 853/853 855/855 844/844
f 706/706 856/856 854/854
f 855/855 854/854 856/856
f 706/706 857/857 856/856
f 858/858 856/856 857/857
f 858/858 855/855 856/856
f 859/859 858/858 857/857
f 858/858 860/860 855/855
f 855/855 860/860 844/844
f 859/859 861/861 858/858
f 858/858 861/861 860/860
f 862/862 861/861 859/859
f 863/863 861/861 862/862
f 863/863 862/862 864/864
f 863/863 864/864 865/865
f 866/866 863/863 865/865
f 867/867 863/863 866/866
f 867/867 866/866 868/868
f 867/867 868/868 869/869
f 870/870 861/861 863/863
f 861/861 870/870 860/860
f 867/867 870/870 863/863
f 871/871 867/867 869/869
f 871/871 869/869 872/872
f 871/871 872/872 873/873
f 874/874 871/871 873/873
f 874/874 873/873 875/875
f 874/874 875/875 876/876
f 874/874 876/876 877/877
f 878/878 874/874 877/877
f 878/878 877/877 879/879
f 878/878 879/879 880/880
f 880/880 881/881 878/878
f 881/881 882/882 878/878
f 881/881 883/883 882/882
f 883/883 884/884 882/882
f 882/882 884/884 885/885
f 886/886 882/882 885/885
f 886/886 885/885 887/887
f 888/888 886/886 887/887
f 888/888 887/887 889/889
f 888/888 889/889 890/890
f 891/891 888/888 890/890
f 892/892 891/891 890/890
f 893/893 891/891 892/892
f 894/894 878/878 882/882
f 895/895 882/882 886/886
f 895/895 894/894 882/882
f 896/896 886/886 888/888
f 896/896 895/895 886/886
f 891/891 897/897 888/888
f 897/897 896/896 888/888
f 891/891 893/893 898/898
f 897/897 891/891 898/898
f 894/894 899/899 878/878
f 899/899 874/874 878/878
f 900/900 894/894 895/895
f 900/900 899/899 894/894
f 901/901 895/895 896/896
f 901/901 900/900 895/895
f 897/897 902/902 896/896
f 902/902 897/897 898/898
f 902/902 901/901 896/896
f 899/899 903/903 874/874
f 903/903 871/871 874/874
f 893/893 904/904 898/898
f 905/905 904/904 893/893
f 905/905 906/906 904/904
f 904/904 906/906 907/907
f 908/908 907/907 906/906
f 898/898 904/904 909/909
f 904/904 907/907 909/909
f 902/902 898/898 910/910
f 898/898 909/909 910/910
f 908/908 911/911 907/907
f 839/839 911/911 908/908
f 839/839 838/838 911/911
f 912/912 909/909 907/907
f 911/911 912/912 907/907
f 838/838 913/913 911/911
f 911/911 913/913 912/912
f 838/838 846/846 913/913
f 846/846 914/914 913/913
f 913/913 914/914 912/912
f 846/846 830/830 914/914
f 912/912 915/915 909/909
f 915/915 910/910 909/909
f 915/915 912/912 914/914
f 916/916 902/902 910/910
f 902/902 916/916 901/901
f 916/916 917/917 901/901
f 901/901 917/917 918/918
f 918/918 900/900 901/901
f 919/919 916/916 910/910
f 915/915 919/919 910/910
f 919/919 917/917 916/916
f 830/830 920/920 914/914
f 830/830 833/833 920/920
f 921/921 915/915 914/914
f 921/921 919/919 915/915
f 921/921 914/914 920/920
f 922/922 920/920 833/833
f 921/921 920/920 922/922
f 921/921 923/923 919/919
f 919/919 923/923 917/917
f 922/922 923/923 921/921
f 924/924 922/922 833/833
f 924/924 833/833 827/827
f 850/850 924/924 827/827
f 924/924 850/850 922/922
f 850/850 923/923 922/922
f 850/850 849/849 923/923
f 923/923 849/849 925/925
f 925/925 917/917 923/923
f 925/925 849/849 841/841
f 925/925 841/841 926/926
f 926/926 841/841 844/844
f 927/927 925/925 926/926
f 926/926 844/844 927/927
f 925/925 927/927 917/917
f 928/928 927/927 844/844
f 860/860 928/928 844/844
f 929/929 928/928 860/860
f 929/929 860/860 870/870
f 928/928 930/930 927/927
f 930/930 928/928 929/929
f 931/931 917/917 927/927
f 930/930 931/931 927/927
f 932/932 929/929 870/870
f 932/932 870/870 867/867
f 933/933 930/930 929/929
f 931/931 930/930 933/933
f 933/933 929/929 932/932
f 931/931 934/934 917/917
f 934/934 931/931 933/933
f 918/918 917/917 934/934
f 935/935 932/932 867/867
f 933/933 932/932 935/935
f 935/935 867/867 871/871
f 903/903 935/935 871/871
f 936/936 933/933 935/935
f 936/936 935/935 903/903
f 936/936 934/934 933/933
f 937/937 936/936 903/903
f 936/936 937/937 934/934
f 937/937 903/903 899/899
f 900/900 937/937 899/899
f 938/938 918/918 934/934
f 937/937 938/938 934/934
f 938/938 937/937 900/900
f 918/918 938/938 900/900
f 941/941 940/940 939/939
f 940/940 942/942 939/939
f 940/940 943/943 942/942
f 943/943 944/944 942/942
f 944/944 943/943 945/945
f 943/943 946/946 945/945
f 946/946 947/947 945/945
f 947/947 946/946 948/948
f 947/947 948/948 949/949
f 949/949 948/948 950/950
f 951/951 948/948 946/946
f 948/948 951/951 950/950
f 951/951 946/946 952/952
f 953/953 950/950 951/951
f 952/952 953/953 951/951
f 953/953 952/952 954/954
f 955/955 953/953 954/954
f 953/953 955/955 956/956
f 956/956 955/955 957/957
f 955/955 954/954 958/958
f 955/955 958/958 957/957
f 957/957 958/958 959/959
f 958/958 954/954 960/960
f 958/958 961/961 959/959
f 961/961 958/958 960/960
f 962/962 959/959 961/961
f 961/961 960/960 963/963
f 963/963 962/962 961/961
f 963/963 960/960 964/964
f 963/963 965/965 962/962
f 965/965 963/963 964/964
f 965/965 966/966 962/962
f 965/965 967/967 966/966
f 968/968 965/965 964/964
f 968/968 967/967 965/965
f 967/967 968/968 969/969
f 968/968 964/964 970/970
f 968/968 971/971 969/969
f 971/971 968/968 970/970
f 969/969 971/971 972/972
f 971/971 970/970 973/973
f 971/971 973/973 972/972
f 973/973 970/970 974/974
f 975/975 973/973 974/974
f 976/976 972/972 973/973
f 975/975 976/976 973/973
f 976/976 977/977 972/972
f 977/977 976/976 978/978
f 979/979 976/976 975/975
f 979/979 978/978 976/976
f 979/979 975/975 980/980
f 979/979 981/981 978/978
f 982/982 979/979 980/980
f 982/982 981/981 979/979
f 982/982 980/980 983/983
f 982/982 984/984 981/981
f 985/985 982/982 983/983
f 985/985 984/984 982/982
f 984/984 985/985 986/986
f 985/985 983/983 987/987
f 986/986 985/985 987/987
f 986/986 987/987 988/988
f 989/989 988/988 987/987
f 989/989 990/990 988/988
f 990/990 991/991 988/988
f 992/992 991/991 990/990
f 992/992 990/990 993/993
f 994/994 992/992 993/993
f 995/995 994/994 993/993
f 995/995 993/993 996/996
f 995/995 996/996 997/997
f 998/998 995/995 997/997
f 997/997 996/996 999/999
f 998/998 997/997 1000/1000
f 1001/1001 997/997 999/999
f 1000/1000 997/997 1001/1001
f 1002/1002 1001/1001 999/999
f 1000/1000 1001/1001 1002/1002
f 1002/1002 999/999 1003/1003
f 1004/1004 1000/1000 1002/1002
f 1005/1005 1002/1002 1003/1003
f 1002/1002 1005/1005 1004/1004
f 1005/1005 1003/1003 1006/1006
f 1004/1004 1005/1005 1007/1007
f 1008/1008 1005/1005 1006/1006
f 1005/1005 1008/1008 1007/1007
f 1009/1009 1008/1008 1006/1006
f 1009/1009 1007/1007 1008/1008
f 1006/1006 1010/1010 1009/1009
f 1007/1007 1009/1009 1011/1011
f 1012/1012 1009/1009 1010/1010
f 1012/1012 1011/1011 1009/1009
f 1013/1013 1011/1011 1012/1012
f 1010/1010 1014/1014 1012/1012
f 1013/1013 1012/1012 1015/1015
f 1016/1016 1013/1013 1015/1015
f 1016/1016 1015/1015 1017/1017
f 1015/1015 1012/1012 1018/1018
f 1014/1014 1018/1018 1012/1012
f 1015/1015 1018/1018 1017/1017
f 1018/1018 1014/1014 1019/1019
f 1019/1019 1017/1017 1018/1018
f 1014/1014 1020/1020 1019/1019
f 1020/1020 1021/1021 1019/1019
f 1019/1019 1022/1022 1017/1017
f 1021/1021 1022/1022 1019/1019
f 1023/1023 1017/1017 1022/1022
f 1022/1022 1021/1021 1024/1024
f 1023/1023 1022/1022 1025/1025
f 1022/1022 1024/1024 1026/1026
f 1026/1026 1025/1025 1022/1022
f 1024/1024 1027/1027 1026/1026
f 1026/1026 1028/1028 1025/1025
f 1026/1026 1027/1027 1028/1028
f 1028/1028 1029/1029 1025/1025
f 1030/1030 1028/1028 1027/1027
f 1031/1031 1030/1030 1027/1027
f 1029/1029 1028/1028 1032/1032
f 1030/1030 1032/1032 1028/1028
f 1032/1032 1033/1033 1029/1029
f 1031/1031 1034/1034 1030/1030
f 1034/1034 1032/1032 1030/1030
f 1031/1031 1035/1035 1034/1034
f 1036/1036 1034/1034 1035/1035
f 1036/1036 1032/1032 1034/1034
f 1035/1035 1037/1037 1036/1036
f 1038/1038 1033/1033 1032/1032
f 1036/1036 1038/1038 1032/1032
f 1039/1039 1033/1033 1038/1038
f 1040/1040 1039/1039 1038/1038
f 1036/1036 1037/1037 1041/1041
f 1036/1036 1041/1041 1038/1038
f 1040/1040 1038/1038 1041/1041
f 1037/1037 1042/1042 1041/1041
f 1040/1040 1041/1041 1043/1043
f 1044/1044 1040/1040 1043/1043
f 1042/1042 1045/1045 1041/1041
f 1041/1041 1045/1045 1043/1043
f 1046/1046 1045/1045 1042/1042
f 1045/1045 1046/1046 1047/1047
f 1043/1043 1048/1048 1044/1044
f 1048/1048 1043/1043 1045/1045
f 1047/1047 1048/1048 1045/1045
f 1048/1048 1049/1049 1044/1044
f 1047/1047 1050/1050 1048/1048
f 1048/1048 1050/1050 1049/1049
f 1050/1050 1047/1047 1051/1051
f 1050/1050 1052/1052 1049/1049
f 1050/1050 1051/1051 1053/1053
f 1052/1052 1050/1050 1053/1053
f 1053/1053 1051/1051 1054/1054
f 1052/1052 1053/1053 1055/1055
f 1054/1054 1055/1055 1053/1053
f 1055/1055 1056/1056 1052/1052
f 1057/1057 1055/1055 1054/1054
f 1055/1055 1058/1058 1056/1056
f 1057/1057 1059/1059 1055/1055
f 1058/1058 1055/1055 1059/1059
f 1060/1060 1058/1058 1059/1059
f 1057/1057 1061/1061 1059/1059
f 1060/1060 1059/1059 1062/1062
f 1061/1061 1062/1062 1059/1059
f 1061/1061 1063/1063 1062/1062
f 1064/1064 1062/1062 1063/1063
f 1064/1064 1063/1063 1065/1065
f 1064/1064 1065/1065 1066/1066
f 1066/1066 1065/1065 1067/1067
f 1068/1068 1067/1067 1065/1065
f 1068/1068 1069/1069 1067/1067
f 1068/1068 1070/1070 1069/1069
f 1070/1070 1071/1071 1069/1069
f 1068/1068 1072/1072 1070/1070
f 1070/1070 1073/1073 1071/1071
f 1072/1072 1073/1073 1070/1070
f 1072/1072 1074/1074 1073/1073
f 1075/1075 1073/1073 1074/1074
f 1074/1074 1076/1076 1075/1075
f 1076/1076 1077/1077 1075/1075
f 1076/1076 1078/1078 1077/1077
f 1078/1078 1079/1079 1077/1077
f 1078/1078 1080/1080 1079/1079
f 1080/1080 1081/1081 1079/1079
f 1081/1081 1080/1080 1082/1082
f 1083/1083 1082/1082 1080/1080
f 1083/1083 1084/1084 1082/1082
f 1084/1084 1085/1085 1082/1082
f 1085/1085 1084/1084 1086/1086
f 1086/1086 1087/1087 1085/1085
f 1088/1088 1086/1086 1084/1084
f 1087/1087 1086/1086 1089/1089
f 1088/1088 1089/1089 1086/1086
f 1087/1087 1089/1089 1090/1090
f 1088/1088 1091/1091 1089/1089
f 1090/1090 1089/1089 1092/1092
f 1091/1091 1093/1093 1089/1089
f 1089/1089 1093/1093 1092/1092
f 1091/1091 1094/1094 1093/1093
f 1092/1092 1093/1093 1094/1094
f 1092/1092 1094/1094 1095/1095
f 1091/1091 1096/1096 1094/1094
f 1095/1095 1094/1094 1097/1097
f 1094/1094 1096/1096 1097/1097
f 1096/1096 1098/1098 1097/1097
f 1098/1098 1099/1099 1097/1097
f 1099/1099 1100/1100 1097/1097
f 1099/1099 1101/1101 1100/1100
f 1101/1101 1102/1102 1100/1100
f 1099/1099 1103/1103 1101/1101
f 1102/1102 1101/1101 1104/1104
f 1103/1103 1104/1104 1101/1101
f 1105/1105 1102/1102 1104/1104
f 1105/1105 1104/1104 1106/1106
f 1103/1103 1107/1107 1104/1104
f 1106/1106 1104/1104 1107/1107
f 1103/1103 1108/1108 1107/1107
f 1106/1106 1107/1107 1109/1109
f 1108/1108 1109/1109 1107/1107
f 1110/1110 1106/1106 1109/1109
f 1108/1108 1111/1111 1109/1109
f 1110/1110 1109/1109 1111/1111
f 1108/1108 1112/1112 1111/1111
f 1113/1113 1110/1110 1111/1111
f 1114/1114 1111/1111 1112/1112
f 1113/1113 1111/1111 1114/1114
f 1115/1115 1113/1113 1114/1114
f 1112/1112 1116/1116 1114/1114
f 1115/1115 1114/1114 1117/1117
f 1117/1117 1114/1114 1116/1116
f 1118/1118 1117/1117 1116/1116
f 1119/1119 1117/1117 1118/1118
f 1120/1120 1118/1118 1116/1116
f 1119/1119 1118/1118 1121/1121
f 1120/1120 1121/1121 1118/1118
f 1121/1121 1120/1120 1122/1122
f 1123/1123 1121/1121 1122/1122
f 1124/1124 1123/1123 1122/1122
f 1124/1124 1122/1122 1125/1125
f 1126/1126 1124/1124 1125/1125
f 1127/1127 1126/1126 1125/1125
f 1127/1127 1125/1125 1128/1128
f 1129/1129 1128/1128 1125/1125
f 1128/1128 1129/1129 1130/1130
f 1133/1133 1132/1132 1131/1131
f 1134/1134 1133/1133 1131/1131
f 1134/1134 1131/1131 1135/1135
f 1136/1136 1135/1135 1131/1131
f 1137/1137 1136/1136 1131/1131
f 1138/1138 1137/1137 1131/1131
f 1138/1138 1131/1131 1139/1139
f 1140/1140 1139/1139 1131/1131
f 1140/1140 1131/1131 1141/1141
f 1141/1141 1131/1131 1142/1142
f 1131/1131 1143/1143 1142/1142
f 1144/1144 1143/1143 1131/1131
f 1145/1145 1144/1144 1131/1131
f 1146/1146 1145/1145 1131/1131
f 1131/1131 1147/1147 1146/1146
f 1131/1131 1148/1148 1147/1147
f 1148/1148 1131/1131 1149/1149
f 1150/1150 1149/1149 1131/1131
f 1150/1150 1131/1131 1151/1151
f 1152/1152 1151/1151 1131/1131
f 1152/1152 1131/1131 1153/1153
f 1154/1154 1153/1153 1131/1131
f 1131/1131 1155/1155 1154/1154
f 1156/1156 1155/1155 1131/1131
f 1156/1156 1131/1131 1157/1157
f 1158/1158 1157/1157 1131/1131
f 1159/1159 1158/1158 1131/1131
f 1159/1159 1131/1131 1160/1160
f 1163/1163 1162/1162 1161/1161
f 1163/1163 1161/1161 1164/1164
f 1163/1163 1164/1164 1165/1165
f 1166/1166 1163/1163 1165/1165
f 1167/1167 1166/1166 1165/1165
f 1167/1167 1165/1165 1168/1168
f 1167/1167 1168/1168 1169/1169
f 1169/1169 1168/1168 1170/1170
f 1171/1171 1169/1169 1170/1170
f 1171/1171 1170/1170 1172/1172
f 1173/1173 1171/1171 1172/1172
f 1173/1173 1172/1172 1174/1174
f 1175/1175 1173/1173 1174/1174
f 1175/1175 1174/1174 1176/1176
f 1177/1177 1175/1175 1176/1176
f 1177/1177 1176/1176 1178/1178
f 1179/1179 1177/1177 1178/1178
f 1179/1179 1178/1178 1180/1180
f 1181/1181 1179/1179 1180/1180
f 1181/1181 1180/1180 1182/1182
f 1183/1183 1181/1181 1182/1182
f 1183/1183 1182/1182 1184/1184
f 1185/1185 1183/1183 1184/1184
f 1185/1185 1184/1184 1186/1186
f 1187/1187 1185/1185 1186/1186
f 1186/1186 1188/1188 1187/1187
f 1188/1188 1189/1189 1187/1187
f 1188/1188 1190/1190 1189/1189
f 1190/1190 1191/1191 1189/1189
f 1191/1191 1192/1192 1189/1189
f 1193/1193 1192/1192 1191/1191
f 1193/1193 1191/1191 1194/1194
f 1193/1193 1194/1194 1195/1195
f 1196/1196 1193/1193 1195/1195
f 1197/1197 1196/1196 1195/1195
f 1197/1197 1195/1195 1198/1198
f 1199/1199 1197/1197 1198/1198
f 1199/1199 1198/1198 1200/1200
f 1201/1201 1200/1200 1198/1198
f 1201/1201 1202/1202 1200/1200
f 1202/1202 1203/1203 1200/1200
f 1202/1202 1204/1204 1203/1203
f 1204/1204 1205/1205 1203/1203
f 1204/1204 1206/1206 1205/1205
f 1207/1207 1205/1205 1206/1206
f 1208/1208 1207/1207 1206/1206
f 1208/1208 1206/1206 1209/1209
f 1208/1208 1209/1209 1210/1210
f 1211/1211 1208/1208 1210/1210
f 1212/1212 1211/1211 1210/1210
f 1212/1212 1210/1210 1213/1213
f 1212/1212 1213/1213 1214/1214
f 1215/1215 1214/1214 1213/1213
f 1215/1215 1216/1216 1214/1214
f 1216/1216 1217/1217 1214/1214
f 1216/1216 1218/1218 1217/1217
f 1218/1218 1219/1219 1217/1217
f 1219/1219 1220/1220 1217/1217
f 1219/1219 1221/1221 1220/1220
f 1221/1221 1222/1222 1220/1220
f 1221/1221 1223/1223 1222/1222
f 1221/1221 1224/1224 1223/1223
f 1225/1225 1223/1223 1224/1224
f 1225/1225 1224/1224 1226/1226
f 1229/1229 1228/1228 1227/1227
f 1230/1230 1229/1229 1227/1227
f 1231/1231 1229/1229 1230/1230
f 1232/1232 1231/1231 1230/1230
f 1233/1233 1231/1231 1232/1232
f 1234/1234 1233/1233 1232/1232
f 1235/1235 1233/1233 1234/1234
f 1236/1236 1233/1233 1235/1235
f 1237/1237 1236/1236 1235/1235
f 1238/1238 1236/1236 1237/1237
f 1239/1239 1238/1238 1237/1237
f 1240/1240 1239/1239 1237/1237
f 1241/1241 1239/1239 1240/1240
f 1242/1242 1239/1239 1241/1241
f 1243/1243 1242/1242 1241/1241
f 1244/1244 1242/1242 1243/1243
f 1245/1245 1244/1244 1243/1243
f 1246/1246 1244/1244 1245/1245
f 1247/1247 1246/1246 1245/1245
f 1248/1248 1246/1246 1247/1247
f 1249/1249 1248/1248 1247/1247
f 1250/1250 1248/1248 1249/1249
f 1251/1251 1250/1250 1249/1249
f 1252/1252 1250/1250 1251/1251
f 1253/1253 1252/1252 1251/1251
f 1254/1254 1252/1252 1253/1253
f 1255/1255 1254/1254 1253/1253
f 1256/1256 1254/1254 1255/1255
f 1257/1257 1256/1256 1255/1255
f 1258/1258 1256/1256 1257/1257
f 1261/1261 1260/1260 1259/1259
f 1262/1262 1261/1261 1259/1259
f 1262/1262 1259/1259 1263/1263
f 1264/1264 1262/1262 1263/1263
f 1264/1264 1263/1263 1265/1265
f 1266/1266 1264/1264 1265/1265
f 1267/1267 1266/1266 1265/1265
f 1267/1267 1268/1268 1266/1266
f 1267/1267 1269/1269 1268/1268
f 1269/1269 1270/1270 1268/1268
f 1269/1269 1271/1271 1270/1270
f 1272/1272 1270/1270 1271/1271
f 1272/1272 1271/1271 1273/1273
f 1273/1273 1274/1274 1272/1272
f 1273/1273 1275/1275 1274/1274
f 1275/1275 1276/1276 1274/1274
f 1275/1275 1277/1277 1276/1276
f 1277/1277 1278/1278 1276/1276
f 1277/1277 1279/1279 1278/1278
f 1279/1279 1280/1280 1278/1278
f 1281/1281 1280/1280 1279/1279
f 1281/1281 1282/1282 1280/1280
f 1281/1281 1283/1283 1282/1282
f 1284/1284 1282/1282 1283/1283
f 1284/1284 1283/1283 1285/1285
f 1285/1285 1286/1286 1284/1284
f 1285/1285 1287/1287 1286/1286
f 1286/1286 1287/1287 1288/1288
f 1287/1287 1289/1289 1288/1288
f 1289/1289 1290/1290 1288/1288
f 1289/1289 1291/1291 1290/1290
f 1291/1291 1292/1292 1290/1290
f 1291/1291 1293/1293 1292/1292
f 1292/1292 1293/1293 1294/1294
f 1294/1294 1293/1293 1295/1295
f 1294/1294 1295/1295 1296/1296
f 1297/1297 1296/1296 1295/1295
f 1297/1297 1298/1298 1296/1296
f 1298/1298 1299/1299 1296/1296
f 1298/1298 1300/1300 1299/1299
f 1298/1298 1301/1301 1300/1300
f 1301/1301 1302/1302 1300/1300
f 1301/1301 1303/1303 1302/1302
f 1303/1303 1304/1304 1302/1302
f 1303/1303 1305/1305 1304/1304
f 1305/1305 1306/1306 1304/1304
f 1306/1306 1307/1307 1304/1304
f 1308/1308 1307/1307 1306/1306
f 1308/1308 1306/1306 1309/1309
f 1310/1310 1308/1308 1309/1309
f 1310/1310 1309/1309 1311/1311
f 1310/1310 1311/1311 1312/1312
f 1313/1313 1310/1310 1312/1312
f 1314/1314 1313/1313 1312/1312
f 1314/1314 1312/1312 1315/1315
f 1314/1314 1315/1315 1316/1316
f 1317/1317 1314/1314 1316/1316
f 1318/1318 1317/1317 1316/1316
f 1318/1318 1316/1316 1319/1319
f 1320/1320 1318/1318 1319/1319
f 1320/1320 1319/1319 1321/1321
f 1322/1322 1320/1320 1321/1321
f 1322/1322 1321/1321 1323/1323
f 1324/1324 1322/1322 1323/1323
f 1324/1324 1323/1323 1325/1325
f 1324/1324 1325/1325 1326/1326
f 1326/1326 1325/1325 1327/1327
f 1328/1328 1326/1326 1327/1327
f 1331/1331 1330/1330 1329/1329
f 1332/1332 1331/1331 1329/1329
f 1332/1332 1329/1329 1333/1333
f 1334/1334 1332/1332 1333/1333
f 1334/1334 1333/1333 1335/1335
f 1336/1336 1334/1334 1335/1335
f 1336/1336 1335/1335 1337/1337
f 1338/1338 1336/1336 1337/1337
f 1338/1338 1337/1337 1339/1339
f 1340/1340 1338/1338 1339/1339
f 1340/1340 1339/1339 1341/1341
f 1342/1342 1340/1340 1341/1341
f 1342/1342 1341/1341 1343/1343
f 1344/1344 1342/1342 1343/1343
f 1344/1344 1343/1343 1345/1345
f 1346/1346 1344/1344 1345/1345
f 1346/1346 1345/1345 1347/1347
f 1348/1348 1346/1346 1347/1347
f 1348/1348 1347/1347 1349/1349
f 1350/1350 1348/1348 1349/1349
f 1350/1350 1349/1349 1351/1351
f 1352/1352 1350/1350 1351/1351
f 1352/1352 1351/1351 1353/1353
f 1354/1354 1352/1352 1353/1353
f 1354/1354 1353/1353 1355/1355
f 1355/1355 1353/1353 1356/1356
f 1355/1355 1356/1356 1357/1357
f 1358/1358 1355/1355 1357/1357
f 1358/1358 1357/1357 1359/1359
f 1360/1360 1358/1358 1359/1359
f 1360/1360 1359/1359 1361/1361
f 1362/1362 1360/1360 1361/1361
f 1362/1362 1361/1361 1363/1363
f 1364/1364 1362/1362 1363/1363
f 1364/1364 1363/1363 1365/1365
f 1366/1366 1364/1364 1365/1365
f 1366/1366 1365/1365 1367/1367
f 1368/1368 1366/1366 1367/1367
f 1368/1368 1367/1367 1369/1369
f 1370/1370 1368/1368 1369/1369
f 1370/1370 1369/1369 1371/1371
f 1372/1372 1370/1370 1371/1371
f 1372/1372 1371/1371 1373/1373
f 1374/1374 1372/1372 1373/1373
f 1374/1374 1373/1373 1375/1375
f 1376/1376 1374/1374 1375/1375
f 1377/1377 1376/1376 1375/1375
f 1377/1377 1375/1375 1378/1378
f 1381/1381 1380/1380 1379/1379
f 1381/1381 1382/1382 1380/1380
f 1382/1382 1383/1383 1380/1380
f 1384/1384 1380/1380 1383/1383
f 1384/1384 1385/1385 1380/1380
f 1385/1385 1386/1386 1380/1380
f 1387/1387 1380/1380 1386/1386
f 1387/1387 1388/1388 1380/1380
f 1388/1388 1389/1389 1380/1380
f 1390/1390 1380/1380 1389/1389
f 1390/1390 1391/1391 1380/1380
f 1391/1391 1392/1392 1380/1380
f 1393/1393 1380/1380 1392/1392
f 1393/1393 1394/1394 1380/1380
f 1394/1394 1395/1395 1380/1380
f 1396/1396 1380/1380 1395/1395
f 1396/1396 1397/1397 1380/1380
f 1397/1397 1398/1398 1380/1380
f 1399/1399 1380/1380 1398/1398
f 1399/1399 1400/1400 1380/1380
f 1400/1400 1401/1401 1380/1380
f 1402/1402 1380/1380 1401/1401
f 1405/1405 1404/1404 1403/1403
f 1405/1405 1406/1406 1404/1404
f 1404/1404 1406/1406 1407/1407
f 1410/1410 1409/1409 1408/1408
f 1409/1409 1411/1411 1408/1408
f 1408/1408 1411/1411 1412/1412
f 1411/1411 1413/1413 1412/1412
f 1413/1413 1414/1414 1412/1412
f 1412/1412 1414/1414 1415/1415
f 1414/1414 1416/1416 1415/1415
f 1415/1415 1416/1416 1417/1417
f 1416/1416 1418/1418 1417/1417
f 1417/1417 1418/1418 1419/1419
f 1418/1418 1420/1420 1419/1419
f 1419/1419 1420/1420 1421/1421
f 1420/1420 1422/1422 1421/1421
f 1421/1421 1422/1422 1423/1423
f 1422/1422 1424/1424 1423/1423
f 1423/1423 1424/1424 1425/1425
f 1425/1425 1424/1424 1426/1426
f 1424/1424 1427/1427 1426/1426
f 1427/1427 1428/1428 1426/1426
f 1426/1426 1428/1428 1429/1429
f 1429/1429 1428/1428 1430/1430
f 1428/1428 1431/1431 1430/1430
f 1431/1431 1432/1432 1430/1430
f 1430/1430 1432/1432 1433/1433
f 1433/1433 1432/1432 1434/1434
f 1432/1432 1435/1435 1434/1434
f 1434/1434 1435/1435 1436/1436
f 1435/1435 1437/1437 1436/1436
f 1436/1436 1437/1437 1438/1438
f 1438/1438 1437/1437 1439/1439
f 1437/1437 1440/1440 1439/1439
f 1439/1439 1440/1440 1441/1441
f 1443/1443 1442/1442 814/814
f 814/814 1442/1442 813/813
f 1444/1444 1442/1442 1443/1443
f 1444/1444 1443/1443 1445/1445
f 1446/1446 1444/1444 1445/1445
f 1445/1445 1447/1447 1446/1446
f 1447/1447 1448/1448 1446/1446
f 1448/1448 1447/1447 1449/1449
f 1449/1449 1450/1450 1448/1448
f 1451/1451 1450/1450 1449/1449
f 1451/1451 1452/1452 1450/1450
f 1452/1452 1451/1451 1453/1453
f 1452/1452 1453/1453 1454/1454
f 1446/1446 1455/1455 1444/1444
f 1444/1444 1456/1456 1442/1442
f 1455/1455 1456/1456 1444/1444
f 1446/1446 1448/1448 1457/1457
f 1455/1455 1446/1446 1457/1457
f 1448/1448 1458/1458 1457/1457
f 1455/1455 1457/1457 1459/1459
f 1457/1457 1458/1458 1459/1459
f 1448/1448 1460/1460 1458/1458
f 1448/1448 1450/1450 1460/1460
f 1460/1460 1461/1461 1458/1458
f 1458/1458 1461/1461 1459/1459
f 1450/1450 1462/1462 1460/1460
f 1460/1460 1462/1462 1461/1461
f 1463/1463 1450/1450 1452/1452
f 1450/1450 1463/1463 1462/1462
f 1463/1463 1464/1464 1462/1462
f 1455/1455 1465/1465 1456/1456
f 1465/1465 1455/1455 1459/1459
f 1461/1461 1462/1462 1466/1466
f 1466/1466 1462/1462 1464/1464
f 1463/1463 1452/1452 1467/1467
f 1463/1463 1468/1468 1464/1464
f 1468/1468 1463/1463 1467/1467
f 1452/1452 1469/1469 1467/1467
f 1452/1452 1454/1454 1469/1469
f 1469/1469 1470/1470 1467/1467
f 1469/1469 1454/1454 1470/1470
f 1468/1468 1467/1467 1470/1470
f 1454/1454 1471/1471 1470/1470
f 1471/1471 1472/1472 1470/1470
f 1472/1472 1473/1473 1470/1470
f 1473/1473 1468/1468 1470/1470
f 1472/1472 1474/1474 1473/1473
f 1474/1474 1475/1475 1473/1473
f 1475/1475 1468/1468 1473/1473
f 1474/1474 1476/1476 1475/1475
f 1468/1468 1475/1475 1477/1477
f 1468/1468 1477/1477 1464/1464
f 1464/1464 1477/1477 1478/1478
f 1475/1475 1476/1476 1479/1479
f 1475/1475 1479/1479 1477/1477
f 1477/1477 1480/1480 1478/1478
f 1477/1477 1479/1479 1480/1480
f 1476/1476 1481/1481 1479/1479
f 1481/1481 1476/1476 1482/1482
f 1481/1481 1482/1482 1483/1483
f 1479/1479 1481/1481 1484/1484
f 1481/1481 1483/1483 1484/1484
f 1479/1479 1484/1484 1480/1480
f 1483/1483 1485/1485 1484/1484
f 1480/1480 1484/1484 1486/1486
f 1480/1480 1486/1486 1478/1478
f 1484/1484 1485/1485 1487/1487
f 1484/1484 1487/1487 1486/1486
f 1485/1485 1488/1488 1487/1487
f 1489/1489 1488/1488 1485/1485
f 1490/1490 1488/1488 1489/1489
f 1491/1491 1486/1486 1487/1487
f 1488/1488 1491/1491 1487/1487
f 1488/1488 1490/1490 1492/1492
f 1491/1491 1488/1488 1492/1492
f 1492/1492 1490/1490 1493/1493
f 1491/1491 1494/1494 1486/1486
f 1494/1494 1478/1478 1486/1486
f 1494/1494 1491/1491 1495/1495
f 1491/1491 1492/1492 1495/1495
f 1496/1496 1492/1492 1493/1493
f 1496/1496 1493/1493 1497/1497
f 1496/1496 1498/1498 1492/1492
f 1498/1498 1495/1495 1492/1492
f 1496/1496 1497/1497 1499/1499
f 1498/1498 1496/1496 1499/1499
f 1500/1500 1499/1499 1497/1497
f 1500/1500 1501/1501 1499/1499
f 1501/1501 1502/1502 1499/1499
f 1501/1501 1503/1503 1502/1502
f 1503/1503 1504/1504 1502/1502
f 1503/1503 1505/1505 1504/1504
f 1504/1504 1505/1505 1506/1506
f 1504/1504 1506/1506 1507/1507
f 1508/1508 1504/1504 1507/1507
f 1508/1508 1507/1507 1509/1509
f 1509/1509 1510/1510 1508/1508
f 1510/1510 1511/1511 1508/1508
f 1511/1511 1512/1512 1508/1508
f 1511/1511 1513/1513 1512/1512
f 1513/1513 1514/1514 1512/1512
f 1514/1514 1515/1515 1512/1512
f 1499/1499 1502/1502 1516/1516
f 1498/1498 1499/1499 1516/1516
f 1502/1502 1504/1504 1517/1517
f 1502/1502 1517/1517 1516/1516
f 1504/1504 1508/1508 1518/1518
f 1504/1504 1518/1518 1517/1517
f 1519/1519 1498/1498 1516/1516
f 1498/1498 1519/1519 1495/1495
f 1508/1508 1520/1520 1518/1518
f 1508/1508 1512/1512 1520/1520
f 1515/1515 1521/1521 1512/1512
f 1515/1515 1522/1522 1521/1521
f 1522/1522 1523/1523 1521/1521
f 1523/1523 1524/1524 1521/1521
f 1523/1523 1525/1525 1524/1524
f 1525/1525 1526/1526 1524/1524
f 1512/1512 1521/1521 1527/1527
f 1512/1512 1527/1527 1520/1520
f 1528/1528 1518/1518 1520/1520
f 1528/1528 1517/1517 1518/1518
f 1526/1526 1529/1529 1524/1524
f 1530/1530 1529/1529 1526/1526
f 1531/1531 1529/1529 1530/1530
f 1532/1532 1529/1529 1531/1531
f 1532/1532 1533/1533 1529/1529
f 1534/1534 1533/1533 1532/1532
f 1521/1521 1535/1535 1527/1527
f 1521/1521 1524/1524 1535/1535
f 1536/1536 1520/1520 1527/1527
f 1536/1536 1528/1528 1520/1520
f 1528/1528 1537/1537 1517/1517
f 1537/1537 1516/1516 1517/1517
f 1519/1519 1516/1516 1537/1537
f 1529/1529 1538/1538 1524/1524
f 1529/1529 1533/1533 1538/1538
f 1539/1539 1533/1533 1534/1534
f 1539/1539 1534/1534 1540/1540
f 1541/1541 1536/1536 1527/1527
f 1541/1541 1527/1527 1535/1535
f 1524/1524 1542/1542 1535/1535
f 1524/1524 1538/1538 1542/1542
f 1541/1541 1535/1535 1542/1542
f 1543/1543 1533/1533 1539/1539
f 1543/1543 1538/1538 1533/1533
f 1543/1543 1544/1544 1538/1538
f 1540/1540 1545/1545 1539/1539
f 1545/1545 1540/1540 1546/1546
f 1538/1538 1547/1547 1542/1542
f 1538/1538 1544/1544 1547/1547
f 1539/1539 1548/1548 1543/1543
f 1545/1545 1548/1548 1539/1539
f 1546/1546 1549/1549 1545/1545
f 1545/1545 1549/1549 1548/1548
f 1546/1546 1550/1550 1549/1549
f 1551/1551 1542/1542 1547/1547
f 1551/1551 1541/1541 1542/1542
f 1550/1550 1552/1552 1549/1549
f 1550/1550 1553/1553 1552/1552
f 1554/1554 1551/1551 1547/1547
f 1554/1554 1547/1547 1544/1544
f 1551/1551 1555/1555 1541/1541
f 1551/1551 1554/1554 1555/1555
f 1548/1548 1556/1556 1543/1543
f 1544/1544 1543/1543 1556/1556
f 1557/1557 1544/1544 1556/1556
f 1549/1549 1558/1558 1548/1548
f 1558/1558 1549/1549 1552/1552
f 1559/1559 1556/1556 1548/1548
f 1559/1559 1548/1548 1558/1558
f 1553/1553 1560/1560 1552/1552
f 1561/1561 1560/1560 1553/1553
f 1561/1561 1562/1562 1560/1560
f 1563/1563 1558/1558 1552/1552
f 1559/1559 1558/1558 1563/1563
f 1560/1560 1564/1564 1552/1552
f 1563/1563 1552/1552 1564/1564
f 1565/1565 1560/1560 1562/1562
f 1560/1560 1565/1565 1564/1564
f 1565/1565 1562/1562 1566/1566
f 1557/1557 1556/1556 1567/1567
f 1556/1556 1559/1559 1567/1567
f 1559/1559 1568/1568 1567/1567
f 1557/1557 1567/1567 1568/1568
f 1563/1563 1569/1569 1559/1559
f 1568/1568 1559/1559 1569/1569
f 1570/1570 1563/1563 1564/1564
f 1563/1563 1570/1570 1569/1569
f 1565/1565 1571/1571 1564/1564
f 1570/1570 1564/1564 1572/1572
f 1571/1571 1572/1572 1564/1564
f 1573/1573 1570/1570 1572/1572
f 1570/1570 1573/1573 1569/1569
f 1569/1569 1573/1573 1574/1574
f 1575/1575 1569/1569 1574/1574
f 1575/1575 1568/1568 1569/1569
f 1576/1576 1571/1571 1565/1565
f 1576/1576 1565/1565 1566/1566
f 1571/1571 1577/1577 1572/1572
f 1577/1577 1573/1573 1572/1572
f 1575/1575 1574/1574 1578/1578
f 1568/1568 1575/1575 1578/1578
f 1579/1579 1571/1571 1576/1576
f 1577/1577 1571/1571 1579/1579
f 1579/1579 1576/1576 1580/1580
f 1577/1577 1579/1579 1581/1581
f 1576/1576 1582/1582 1580/1580
f 1576/1576 1566/1566 1582/1582
f 1566/1566 1583/1583 1582/1582
f 1584/1584 1580/1580 1582/1582
f 1585/1585 1584/1584 1582/1582
f 1585/1585 1582/1582 1583/1583
f 1566/1566 1586/1586 1583/1583
f 1587/1587 1585/1585 1583/1583
f 1586/1586 1588/1588 1583/1583
f 1587/1587 1583/1583 1589/1589
f 1588/1588 1590/1590 1583/1583
f 1589/1589 1583/1583 1590/1590
f 1589/1589 1590/1590 1591/1591
f 1588/1588 1592/1592 1590/1590
f 1592/1592 1593/1593 1590/1590
f 1593/1593 1591/1591 1590/1590
f 1589/1589 1591/1591 1594/1594
f 1591/1591 1595/1595 1594/1594
f 1591/1591 1596/1596 1595/1595
f 1591/1591 1593/1593 1597/1597
f 1591/1591 1598/1598 1596/1596
f 1598/1598 1591/1591 1597/1597
f 1598/1598 1599/1599 1596/1596
f 1600/1600 1598/1598 1597/1597
f 1600/1600 1597/1597 1601/1601
f 1600/1600 1601/1601 1602/1602
f 1598/1598 1603/1603 1599/1599
f 1603/1603 1598/1598 1600/1600
f 1600/1600 1602/1602 1603/1603
f 1603/1603 1604/1604 1599/1599
f 1602/1602 1605/1605 1603/1603
f 1603/1603 1606/1606 1604/1604
f 1603/1603 1605/1605 1606/1606
f 1581/1581 1608/1608 1607/1607
f 1607/1607 1608/1608 1609/1609
f 1577/1577 1581/1581 1607/1607
f 1610/1610 1607/1607 1609/1609
f 1611/1611 1610/1610 1609/1609
f 1607/1607 1612/1612 1577/1577
f 1610/1610 1612/1612 1607/1607
f 1577/1577 1612/1612 1573/1573
f 1612/1612 1610/1610 1573/1573
f 1574/1574 1573/1573 1610/1610
f 1610/1610 1611/1611 1574/1574
f 1613/1613 1574/1574 1611/1611
f 1613/1613 1614/1614 1574/1574
f 1613/1613 1615/1615 1614/1614
f 1614/1614 1616/1616 1574/1574
f 1616/1616 1578/1578 1574/1574
f 1615/1615 1617/1617 1614/1614
f 1617/1617 1616/1616 1614/1614
f 1615/1615 1618/1618 1617/1617
f 1615/1615 1619/1619 1618/1618
f 1619/1619 1620/1620 1618/1618
f 1621/1621 1620/1620 1619/1619
f 1617/1617 1618/1618 1622/1622
f 1618/1618 1620/1620 1622/1622
f 1617/1617 1623/1623 1616/1616
f 1623/1623 1617/1617 1622/1622
f 1616/1616 1624/1624 1578/1578
f 1616/1616 1623/1623 1624/1624
f 1624/1624 1625/1625 1578/1578
f 1568/1568 1578/1578 1625/1625
f 1621/1621 1626/1626 1620/1620
f 1621/1621 1627/1627 1626/1626
f 1627/1627 764/764 1626/1626
f 764/764 1628/1628 1626/1626
f 764/764 763/763 1628/1628
f 1620/1620 1626/1626 1629/1629
f 1628/1628 1629/1629 1626/1626
f 763/763 1630/1630 1628/1628
f 1630/1630 1629/1629 1628/1628
f 1630/1630 1631/1631 1629/1629
f 771/771 1630/1630 763/763
f 771/771 1631/1631 1630/1630
f 1632/1632 1620/1620 1629/1629
f 1631/1631 1632/1632 1629/1629
f 1632/1632 1622/1622 1620/1620
f 1632/1632 1633/1633 1622/1622
f 1631/1631 1633/1633 1632/1632
f 1623/1623 1622/1622 1633/1633
f 771/771 1634/1634 1631/1631
f 1634/1634 771/771 773/773
f 1623/1623 1633/1633 1635/1635
f 1633/1633 1631/1631 1636/1636
f 1633/1633 1636/1636 1635/1635
f 1623/1623 1635/1635 1637/1637
f 1637/1637 1635/1635 1636/1636
f 1624/1624 1623/1623 1637/1637
f 1625/1625 1624/1624 1637/1637
f 1631/1631 1634/1634 1638/1638
f 1631/1631 1638/1638 1636/1636
f 1636/1636 1639/1639 1637/1637
f 1625/1625 1637/1637 1640/1640
f 1639/1639 1640/1640 1637/1637
f 1636/1636 1638/1638 1641/1641
f 1639/1639 1636/1636 1641/1641
f 1634/1634 1642/1642 1638/1638
f 1638/1638 1642/1642 1641/1641
f 1643/1643 1639/1639 1641/1641
f 1639/1639 1643/1643 1640/1640
f 1643/1643 1641/1641 1642/1642
f 1634/1634 1644/1644 1642/1642
f 1644/1644 1634/1634 773/773
f 1645/1645 1625/1625 1640/1640
f 1645/1645 1568/1568 1625/1625
f 1645/1645 1557/1557 1568/1568
f 1643/1643 1642/1642 1646/1646
f 1644/1644 1646/1646 1642/1642
f 1644/1644 773/773 1647/1647
f 1644/1644 1648/1648 1646/1646
f 1644/1644 1647/1647 1648/1648
f 1649/1649 1646/1646 1648/1648
f 1647/1647 1649/1649 1648/1648
f 1643/1643 1646/1646 1650/1650
f 1650/1650 1646/1646 1649/1649
f 1643/1643 1651/1651 1640/1640
f 1643/1643 1650/1650 1651/1651
f 1645/1645 1640/1640 1652/1652
f 1651/1651 1652/1652 1640/1640
f 1647/1647 773/773 1653/1653
f 1653/1653 773/773 767/767
f 1653/1653 767/767 1654/1654
f 807/807 1654/1654 767/767
f 1655/1655 1653/1653 1654/1654
f 1654/1654 807/807 1655/1655
f 1647/1647 1653/1653 1655/1655
f 1655/1655 807/807 813/813
f 1647/1647 1655/1655 1656/1656
f 1655/1655 813/813 1656/1656
f 1442/1442 1656/1656 813/813
f 1647/1647 1656/1656 1649/1649
f 1442/1442 1657/1657 1656/1656
f 1657/1657 1649/1649 1656/1656
f 1456/1456 1657/1657 1442/1442
f 1658/1658 1649/1649 1657/1657
f 1456/1456 1658/1658 1657/1657
f 1658/1658 1650/1650 1649/1649
f 1465/1465 1658/1658 1456/1456
f 1465/1465 1650/1650 1658/1658
f 1650/1650 1465/1465 1651/1651
f 1465/1465 1459/1459 1651/1651
f 1652/1652 1651/1651 1459/1459
f 1652/1652 1459/1459 1461/1461
f 1659/1659 1652/1652 1461/1461
f 1659/1659 1461/1461 1466/1466
f 1652/1652 1659/1659 1660/1660
f 1645/1645 1652/1652 1660/1660
f 1661/1661 1659/1659 1466/1466
f 1466/1466 1464/1464 1661/1661
f 1662/1662 1660/1660 1659/1659
f 1662/1662 1659/1659 1661/1661
f 1662/1662 1661/1661 1663/1663
f 1664/1664 1661/1661 1464/1464
f 1661/1661 1664/1664 1663/1663
f 1664/1664 1665/1665 1663/1663
f 1664/1664 1464/1464 1478/1478
f 1666/1666 1645/1645 1660/1660
f 1666/1666 1557/1557 1645/1645
f 1667/1667 1660/1660 1662/1662
f 1667/1667 1666/1666 1660/1660
f 1667/1667 1662/1662 1663/1663
f 1664/1664 1478/1478 1668/1668
f 1664/1664 1668/1668 1665/1665
f 1669/1669 1668/1668 1478/1478
f 1668/1668 1669/1669 1665/1665
f 1494/1494 1669/1669 1478/1478
f 1669/1669 1494/1494 1495/1495
f 1669/1669 1495/1495 1670/1670
f 1669/1669 1670/1670 1665/1665
f 1670/1670 1495/1495 1519/1519
f 1671/1671 1557/1557 1666/1666
f 1667/1667 1671/1671 1666/1666
f 1670/1670 1519/1519 1672/1672
f 1672/1672 1519/1519 1537/1537
f 1670/1670 1673/1673 1665/1665
f 1670/1670 1672/1672 1673/1673
f 1671/1671 1674/1674 1557/1557
f 1674/1674 1544/1544 1557/1557
f 1674/1674 1675/1675 1544/1544
f 1671/1671 1675/1675 1674/1674
f 1675/1675 1554/1554 1544/1544
f 1667/1667 1676/1676 1671/1671
f 1676/1676 1675/1675 1671/1671
f 1667/1667 1663/1663 1676/1676
f 1675/1675 1677/1677 1554/1554
f 1676/1676 1677/1677 1675/1675
f 1554/1554 1677/1677 1555/1555
f 1676/1676 1663/1663 1678/1678
f 1678/1678 1677/1677 1676/1676
f 1663/1663 1665/1665 1679/1679
f 1663/1663 1679/1679 1678/1678
f 1678/1678 1680/1680 1677/1677
f 1680/1680 1555/1555 1677/1677
f 1665/1665 1681/1681 1679/1679
f 1665/1665 1673/1673 1681/1681
f 1682/1682 1678/1678 1679/1679
f 1678/1678 1682/1682 1680/1680
f 1681/1681 1682/1682 1679/1679
f 1673/1673 1683/1683 1681/1681
f 1683/1683 1673/1673 1672/1672
f 1681/1681 1684/1684 1682/1682
f 1680/1680 1682/1682 1684/1684
f 1684/1684 1681/1681 1683/1683
f 1680/1680 1684/1684 1685/1685
f 1680/1680 1685/1685 1555/1555
f 1684/1684 1683/1683 1685/1685
f 1683/1683 1672/1672 1686/1686
f 1537/1537 1686/1686 1672/1672
f 1683/1683 1686/1686 1687/1687
f 1687/1687 1686/1686 1537/1537
f 1685/1685 1683/1683 1687/1687
f 1687/1687 1537/1537 1528/1528
f 1687/1687 1528/1528 1536/1536
f 1555/1555 1685/1685 1688/1688
f 1685/1685 1687/1687 1688/1688
f 1687/1687 1536/1536 1688/1688
f 1555/1555 1688/1688 1541/1541
f 1688/1688 1536/1536 1541/1541
f 1691/1691 1690/1690 1689/1689
f 1689/1689 1692/1692 1691/1691
f 1691/1691 1693/1693 1690/1690
f 1692/1692 1694/1694 1691/1691
f 1692/1692 1695/1695 1694/1694
f 1693/1693 1696/1696 1690/1690
f 1696/1696 1697/1697 1690/1690
f 1698/1698 1697/1697 1696/1696
f 1698/1698 1696/1696 1699/1699
f 1698/1698 1699/1699 1700/1700
f 1695/1695 1701/1701 1694/1694
f 1695/1695 1702/1702 1701/1701
f 1700/1700 1699/1699 1703/1703
f 1704/1704 1700/1700 1703/1703
f 1704/1704 1703/1703 1705/1705
f 1705/1705 1703/1703 1706/1706
f 1707/1707 1705/1705 1706/1706
f 1706/1706 1708/1708 1707/1707
f 1708/1708 1709/1709 1707/1707
f 1702/1702 1710/1710 1701/1701
f 1710/1710 1711/1711 1701/1701
f 1708/1708 1712/1712 1709/1709
f 1713/1713 1709/1709 1712/1712
f 1712/1712 1714/1714 1713/1713
f 1712/1712 1715/1715 1714/1714
f 1716/1716 1714/1714 1715/1715
f 1716/1716 1715/1715 1717/1717
f 1717/1717 1718/1718 1716/1716
f 1717/1717 1719/1719 1718/1718
f 1720/1720 1718/1718 1719/1719
f 1720/1720 1719/1719 1721/1721
f 1722/1722 1720/1720 1721/1721
f 1722/1722 1721/1721 1723/1723
f 1724/1724 1722/1722 1723/1723
f 1724/1724 1723/1723 1725/1725
f 1724/1724 1725/1725 1726/1726
f 1727/1727 1726/1726 1725/1725
f 1728/1728 1726/1726 1727/1727
f 1728/1728 1727/1727 1729/1729
f 1730/1730 1728/1728 1729/1729
f 1729/1729 1731/1731 1730/1730
f 1729/1729 1732/1732 1731/1731
f 1732/1732 1733/1733 1731/1731
f 1733/1733 1734/1734 1731/1731
f 1734/1734 1733/1733 1735/1735
f 1735/1735 1733/1733 1736/1736
f 1737/1737 1735/1735 1736/1736
f 1738/1738 1737/1737 1736/1736
f 1739/1739 1737/1737 1738/1738
f 1739/1739 1738/1738 1740/1740
f 1741/1741 1739/1739 1740/1740
f 1710/1710 1741/1741 1740/1740
f 1710/1710 1740/1740 1711/1711
