v 0.0310359436 0.0324977589 0.0123984326
v 0.0310359402 0.038472266 0.0129651307
v 0.0304359676 0.0384722659 0.0129651307
v 0.0304359681 0.0324977588 0.0123984326
v 0.0310359441 0.0267991736 0.0105165112
v 0.0304359686 0.0267991735 0.0105165112
v 0.0310359358 0.0216622136 0.00741369658
v 0.0304359691 0.0216622136 0.00741369658
v 0.0310359216 0.0173444858 0.00324560897
v 0.0304359695 0.0173444857 0.00324560897
v 0.0310357095 0.0140625108 -0.00177877573
v 0.0304359698 0.0140625108 -0.00177877573
v 0.0310358785 0.011980847 -0.00740749383
v 0.0304359699 0.0119808469 -0.00740749383
v 0.0310358523 0.0112038751 -0.0133582711
v 0.03043597 0.0112038751 -0.0133582711
v 0.0310358261 0.0117705602 -0.0193327753
v 0.03043597 0.0117705601 -0.0193327753
v 0.0310357968 0.0136524961 -0.0250313664
v 0.0304359698 0.013652496 -0.0250313664
v 0.0310357704 0.0167553093 -0.0301683263
v 0.0304359695 0.0167553092 -0.0301683263
v 0.0310357438 0.0209233925 -0.0344860659
v 0.0304359692 0.0209233925 -0.0344860659
v 0.031035723 0.0259477643 -0.0377680379
v 0.0304359687 0.0259477643 -0.0377680379
v 0.0310357079 0.031576483 -0.039849701
v 0.0304359682 0.0315764829 -0.039849701
v 0.0310356958 0.0375272762 -0.0406266772
v 0.0304359677 0.0375272762 -0.0406266772
v 0.0310356924 0.0435017746 -0.0400599791
v 0.0304359672 0.0435017745 -0.0400599791
v 0.0310356948 0.0492003773 -0.0381780294
v 0.0304359667 0.0492003773 -0.0381780294
v 0.0310357001 0.0543373257 -0.0350752438
v 0.0304359662 0.0543373256 -0.0350752438
v 0.0310357143 0.0586550477 -0.0309071533
v 0.0304359659 0.0586550477 -0.0309071533
v 0.0310357053 0.0619370343 -0.0258827698
v 0.0304359656 0.0619370342 -0.0258827698
v 0.0310357546 0.0640186974 -0.0202540527
v 0.0304359654 0.0640186973 -0.0202540527
v 0.0310357807 0.0647956591 -0.0143032739
v 0.0304359653 0.064795659 -0.0143032739
v 0.0310358099 0.0642289784 -0.00832876904
v 0.0304359654 0.0642289783 -0.00832876904
v 0.0310358391 0.0623470432 -0.00263017755
v 0.0304359655 0.0623470432 -0.00263017755
v 0.0310358656 0.0592442315 0.00250677858
v 0.0304359658 0.0592442314 0.00250677858
v 0.0310358922 0.0550761497 0.0068245201
v 0.0304359662 0.0550761496 0.0068245201
v 0.031035913 0.050051775 0.0101064943
v 0.0304359666 0.0500517749 0.0101064943
v 0.031035928 0.0444230592 0.012188156
v 0.0304359671 0.0444230592 0.012188156
v 0.0310359402 0.038472266 0.0129651307
v 0.0304359676 0.0384722659 0.0129651307
v 0.0010836794 -1.56078625e-07 -0.0285018235
v -3.62840045e-05 0.00510911595 -0.028525971
v -0.00195147823 -6.79731741e-09 -0.0284331152
v -0.00292662179 0.00511424961 -0.0283835427
v -0.00135442472 0.00553756569 -0.0287262112
v -0.00576760657 0.00502354728 -0.0279385335
v -0.00799961272 -2.57242613e-09 -0.0273542653
v -0.00720699219 0.00538407158 -0.0278448075
v -0.00856766025 0.0049170121 -0.0272178091
v -0.00724658143 0.00565051787 -0.0281915185
v -0.00128076795 0.00579619725 -0.0290485943
v -0.0129807731 0.00534924179 -0.0260956673
v -0.0127716926 0.00509192866 -0.0257815438
v -0.0182368695 0.00504428303 -0.0227980956
v -0.0113531005 0.00477222757 -0.0261746987
v -0.0136760194 1.32186228e-09 -0.0250043347
v -0.0139507425 0.00461565347 -0.0248904806
v -0.0165207796 0.00470430606 -0.0233344137
v -0.0189130926 0.00456201358 -0.0214250249
v -0.0187169251 1.16997216e-09 -0.0214924934
v -0.0209696056 0.00458852699 -0.0194503751
v -0.0212527612 0.00496184799 -0.0199241447
v -0.0227761502 0.00400004557 -0.0171331107
v -0.0228880905 -7.04596675e-09 -0.016981909
v -0.0238283469 0.00472344373 -0.016032056
v -0.0241804348 0.0049707284 -0.0163652061
v -0.0264796695 0.00496708586 -0.0121716919
v -0.0238971192 0.00426472552 -0.0155806061
v -0.0260620324 0.00471180055 -0.0120439588
v -0.0284825369 0.00496955187 -0.0064434731
v -0.0258809832 0.00426809485 -0.0119795637
v -0.025995684 -8.19150609e-09 -0.0116822295
v -0.0274457682 0.00447154686 -0.00792967767
v -0.0278953026 2.56300472e-09 -0.00583968431
v -0.0279573699 0.00474071577 -0.00685166306
v -0.0282061203 0.00434160801 -0.00437532362
v -0.0285247782 0.00483158152 -0.00393343507
v -0.029107856 0.00519190981 -0.00320075706
v -0.0287362233 0.00485739441 -0.000105448851
v -0.028470482 0.00473262013 0.00406268082
v -0.0285458697 0.00421812261 -0.000286941258
v -0.0284986803 1.84611792e-09 0.000274204967
v -0.0282550787 0.00427975109 0.00393909359
v -0.0277777697 -6.34526649e-10 0.00637538396
v -0.0274320137 0.00452058754 0.00803475559
v -0.0277642136 0.00493089404 0.00850454308
v -0.0264486651 0.00399991573 0.0106168991
v -0.0257660809 -8.72409591e-10 0.012180263
v -0.0260866863 0.00493115321 0.0127286112
v -0.0262248247 0.0050005029 0.0137649622
v -0.0256847856 0.00451387635 0.012506741
v -0.0237461286 0.00493707241 0.0167128397
v -0.0210618779 0.00498769948 0.0203369884
v -0.0234272902 0.00451550891 0.0163498873
v -0.0225570824 -2.06607782e-09 0.0174191751
v -0.0206705929 0.00479681659 0.0200469105
v -0.0170928954 0.00497735778 0.0235947082
v -0.0221583603 0.00385874034 0.0179299517
v -0.0204651824 0.00439947692 0.0199021728
v -0.0182998978 1.17113637e-09 0.0218486544
v -0.017199267 0.00451181945 0.0228097764
v -0.0136660853 0.0047967448 0.0253452919
v -0.0121062371 0.00498272751 0.026706155
v -0.0136691048 0.00439004751 0.0250872748
v -0.0131923502 3.01742818e-09 0.025262867
v -0.00948154744 0.00479666695 0.0271900935
v -0.0051782238 0.00498673717 0.0288122537
v -0.00941042055 0.00439031855 0.0269481563
v -0.00747177692 1.65054931e-09 0.0275031372
v -0.00505380491 0.00479670408 0.0283483474
v 0.000264607659 0.00496511277 0.0291307893
v -0.00704916854 0.00389199279 0.0276182807
v -0.00478484546 0.00442146333 0.0281536486
v -0.00103396842 -1.51602717e-07 0.0285003189
v -5.04171602e-05 0.00472158317 0.0287509058
v 0.00475548328 0.00453476719 0.0281610643
v 0.00466870835 0.00497128572 0.0288023002
v -7.94940779e-05 0.00436164554 0.0285467308
v 0.00195147823 -5.70197933e-09 0.0284331123
v 0.00799961272 4.39704436e-09 0.0273542566
v 0.00916096354 0.00486284196 0.0273852114
v 0.0117965322 0.00499904011 0.0271503523
v 0.00903583821 0.00438591894 0.027076414
v 0.0136760194 5.02756174e-10 0.0250043289
v 0.0133740813 0.0048802195 0.0256124622
v 0.0196994453 0.00499909574 0.0220872389
v 0.0134300771 0.00435865085 0.0251820165
v 0.0177072837 0.0043768724 0.0224115211
v 0.0187169251 6.54646071e-10 0.0214924876
v 0.0176859564 0.00485418868 0.0228352204
v 0.0211646937 0.00438241007 0.0191467087
v 0.0228880905 -5.45332999e-09 0.0169819061
v 0.0213198025 0.00487367693 0.0194917899
v 0.0241741767 0.00493743967 0.0159638425
v 0.0237723037 0.00440045068 0.0158266834
v 0.0260995755 0.00436186648 0.0115350056
v 0.025995684 -4.30779064e-09 0.0116822281
v 0.0263811812 0.00492001794 0.0119080782
v 0.0276529867 0.00438827033 0.00713228219
v 0.0278953055 -7.38386228e-10 0.00583967849
v 0.0276820119 0.00474480063 0.00778079775
v 0.0283947734 0.00495066409 0.00642812374
v 0.028283946 0.00476734487 0.00471002277
v 0.0287278755 0.00501971405 -0.00191639156
v 0.0282701625 0.00442269876 0.00360583581
v 0.0284625068 0.00457016098 5.10129041e-05
v 0.0284986803 -2.14996813e-11 -0.000274211106
v 0.0282533375 0.00465339719 -0.00384386985
v 0.0284098143 0.00497076065 -0.00671159796
v 0.0277777726 1.06737778e-08 -0.00637536141
v 0.027692434 0.00481576413 -0.00783468568
v 0.0255111397 0.00498542836 -0.0145742393
v 0.0275164199 0.00428825574 -0.007540761
v 0.0257660809 2.69702804e-09 -0.0121802696
v 0.0258981043 0.00437005482 -0.0119927536
v 0.0261186123 0.0048019786 -0.0121406491
v 0.0238558899 0.00478419124 -0.0161067946
v 0.0213361981 0.00494368328 -0.0197465153
v 0.0234856034 0.00438859084 -0.0162417549
v 0.0225570824 3.89069607e-09 -0.0174191839
v 0.0208777401 0.00452901368 -0.0194961569
v 0.0191512659 0.00495216358 -0.0217188106
v 0.0186749556 0.00439350606 -0.0215794294
v 0.0182998978 6.53482034e-10 -0.0218486588
v 0.016524229 0.00469363985 -0.0233242623
v 0.0167451649 0.00511684885 -0.023824269
v 0.0132147349 0.00533111676 -0.025969735
v 0.0139647392 0.00481724541 -0.0249227654
v 0.0131923502 7.0218232e-09 -0.0252628437
v 0.0114450438 0.00498450017 -0.026188264
v 0.00758858901 0.00563738425 -0.0281043816
v 0.00844217313 0.00493942645 -0.027263441
v 0.00747177619 1.74068856e-10 -0.0275031402
v 0.00744935049 0.00537496846 -0.0277811079
v 0.00273322517 0.00569006503 -0.0287361443
v 0.00586711386 0.00503551943 -0.0279241038
v 0.0010836794 -1.56078625e-07 -0.0285018235
v 0.00296468562 0.00511438473 -0.028379928
v -3.62840045e-05 0.00510911595 -0.028525971
v -0.00135442472 0.00553756569 -0.0287262112
v -0.00128076795 0.00579619725 -0.0290485943
v 0.0290169202 0.00510584286 0.00442625278
v 0.0293352636 0.00554025684 0.00205179967
v 0.0294597291 0.00528998683 -0.00781552371
v 0.0291671483 0.00534564315 0.00976505326
v 0.0291500236 0.00542153284 0.0159220494
v 0.0288922277 0.00507507573 0.0285523798
v 0.0290343068 0.0053712807 0.0286890107
v 0.0286161808 0.00520744866 0.0313501805
v 0.0281342475 0.00500447159 0.0318111095
v 0.0281231502 0.00521137945 0.0325384346
v 0.0273420384 0.00521651475 0.0335766556
v 0.0263275749 0.00502903543 0.0341767474
v 0.0263236167 0.00538716679 0.0343663123
v 0.0250445383 0.0053006017 0.0350406161
v 0.0224662053 0.00501893315 0.0358674122
v 0.021994227 0.00532399146 0.036289636
v 0.0157282873 0.00502734393 0.0379842822
v 0.0173416886 0.00532458659 0.0377662393
v 0.0128756447 0.00536117553 0.0387669948
v 0.00693493377 0.00501920391 0.0393949042
v 0.00664848001 0.00544469789 0.0396185293
v -0.000365696142 0.00504892957 0.0398853794
v -0.000296801428 0.00542264822 0.0400432124
v -0.00786502614 0.00517007615 0.0399924815
v -0.00819661194 0.00552432431 0.0399973913
v -0.0152663667 0.00530089286 0.0394398026
v -0.0141219822 0.00501339659 0.0393790862
v -0.0208938499 0.00502709371 0.0382764585
v -0.0208844174 0.00547620511 0.0384160696
v -0.0251430121 0.00531755066 0.0370940339
v -0.0249292357 0.00502208204 0.0369638525
v -0.0265532032 0.00525793389 0.0363723491
v -0.0271563859 0.00500715231 0.0355327415
v -0.0275649921 0.00525868468 0.0354901946
v -0.0283847102 0.00520710498 0.0340046769
v -0.0283149046 0.0050082738 0.0331406889
v -0.0288242799 0.00524360842 0.0321073341
v -0.0288488668 0.005039946 0.0283939415
v -0.0290294648 0.0053014821 0.0293901714
v -0.0290473986 0.00521502553 0.017708377
v -0.0295047304 0.00523074447 -0.0121973957
v -0.0297113501 0.00556873269 -0.00690295637
v -0.0292615882 0.00549255964 0.00361059865
v -0.029107856 0.00519190981 -0.00320075706
v -0.0284825369 0.00496955187 -0.0064434731
v -0.0289838678 0.00505159916 -0.020769106
v -0.0264796695 0.00496708586 -0.0121716919
v -0.0241804348 0.0049707284 -0.0163652061
v -0.0212527612 0.00496184799 -0.0199241447
v -0.0182368695 0.00504428303 -0.0227980956
v -0.0286223284 0.00520284489 -0.023506087
v -0.0129807731 0.00534924179 -0.0260956673
v -0.0287617969 0.00594460038 -0.0272002537
v -0.029061348 0.00517703521 0.00523601775
v -0.028470482 0.00473262013 0.00406268082
v -0.0290473986 0.00521502553 0.017708377
v -0.0277642136 0.00493089404 0.00850454308
v -0.0288488668 0.005039946 0.0283939415
v -0.0262248247 0.0050005029 0.0137649622
v -0.0210618779 0.00498769948 0.0203369884
v -0.0283149046 0.0050082738 0.0331406889
v -0.0271563859 0.00500715231 0.0355327415
v -0.0170928954 0.00497735778 0.0235947082
v -0.0249292357 0.00502208204 0.0369638525
v -0.0208938499 0.00502709371 0.0382764585
v -0.0121062371 0.00498272751 0.026706155
v -0.0141219822 0.00501339659 0.0393790862
v -0.0051782238 0.00498673717 0.0288122537
v 0.00693493377 0.00501920391 0.0393949042
v 0.000264607659 0.00496511277 0.0291307893
v 0.00466870835 0.00497128572 0.0288023002
v -0.000365696142 0.00504892957 0.0398853794
v -0.00786502614 0.00517007615 0.0399924815
v 0.0157282873 0.00502734393 0.0379842822
v 0.0117965322 0.00499904011 0.0271503523
v 0.0224662053 0.00501893315 0.0358674122
v 0.0263275749 0.00502903543 0.0341767474
v 0.0196994453 0.00499909574 0.0220872389
v 0.0281342475 0.00500447159 0.0318111095
v 0.0241741767 0.00493743967 0.0159638425
v 0.0263811812 0.00492001794 0.0119080782
v 0.0283947734 0.00495066409 0.00642812374
v 0.0288922277 0.00507507573 0.0285523798
v 0.0290169202 0.00510584286 0.00442625278
v 0.0287278755 0.00501971405 -0.00191639156
v 0.0294597291 0.00528998683 -0.00781552371
v 0.0292495587 0.00505173958 -0.0107595028
v 0.0284098143 0.00497076065 -0.00671159796
v 0.0291985921 0.0049811315 -0.0148360516
v 0.0290838008 0.0050049206 -0.0201545496
v 0.0255111397 0.00498542836 -0.0145742393
v 0.0213361981 0.00494368328 -0.0197465153
v 0.0286542602 0.00520799472 -0.0236112712
v 0.0191512659 0.00495216358 -0.0217188106
v 0.0167451649 0.00511684885 -0.023824269
v 0.0132147349 0.00533111676 -0.025969735
v 0.0146974499 0.0061230172 -0.0295857113
v 0.0288594422 0.00602791476 -0.027393963
v 0.00758858901 0.00563738425 -0.0281043816
v 0.0286006333 0.00733735173 -0.030970946
v 0.00273322517 0.00569006503 -0.0287361443
v 0.0142386715 0.00751872919 -0.0331772113
v 0.0288521368 0.00990546284 -0.0350162503
v 0.0134129855 0.0089710932 -0.0355530443
v 2.05836383e-05 0.00839165514 -0.0352574396
v 1.34800271e-05 0.00702583857 -0.0327076705
v -0.00128076795 0.00579619725 -0.0290485943
v -0.0140812706 0.00759250274 -0.0333064236
v -0.0106219239 0.00890212594 -0.0356433564
v -0.0221577947 0.00939123735 -0.035282335
v -0.0284927236 0.00942429511 -0.0345184526
v -0.0286360016 0.00753916579 -0.0313148281
v -0.0153150007 0.00615540205 -0.0296221959
v -0.00724658143 0.00565051787 -0.0281915185
v -0.0297113501 0.00556873269 -0.00690295637
v -0.0294507486 0.00559289435 -0.0018092458
v -0.0292615882 0.00549255964 0.00361059865
v -0.0301769388 0.00769037533 0.00160489453
v -0.0302245439 0.00683451316 -0.00227493329
v -0.0297113501 0.00556873269 -0.00690295637
v -0.0310068084 0.00825130575 -0.00223384959
v -0.0310087291 0.00660732932 -0.00789878395
v -0.0295047304 0.00523074447 -0.0121973957
v -0.0310128182 0.00610382432 -0.0125868071
v -0.0310099311 0.00638267031 -0.0183610668
v -0.0289838678 0.00505159916 -0.020769106
v -0.0310063751 0.0115620818 0.00412414302
v -0.0292167567 0.00541000517 -0.0235202402
v -0.0286223284 0.00520284489 -0.023506087
v -0.0310113893 0.00800715081 -0.0248378055
v -0.0287617969 0.00594460038 -0.0272002537
v -0.0301422937 0.00892318594 0.00566942981
v -0.0294754812 0.00722036017 0.01064389
v -0.0290473986 0.00521502553 0.017708377
v -0.0310066781 0.0152608207 0.00861315857
v -0.0294846577 0.0084396295 0.0147193146
v -0.0290294648 0.0053014821 0.0293901714
v -0.0293381256 0.0064177493 -0.0274181599
v -0.0291982585 0.00781896996 -0.0312773045
v -0.0286360016 0.00753916579 -0.0313148281
v -0.0310090497 0.0119622791 -0.0324623659
v -0.0284927236 0.00942429511 -0.0345184526
v -0.0291962244 0.0100372501 -0.034792698
v -0.031012429 0.0156962708 -0.0366684893
v -0.0288056745 0.0129342985 -0.0385348743
v -0.0303252322 0.0143961518 0.0128866755
v -0.0310033899 0.0222407676 0.013927152
v -0.0292756665 0.0132808567 -0.0383769773
v -0.0291907825 0.0167894414 -0.0416202209
v -0.0286478156 0.0164630187 -0.0417155534
v -0.0310127351 0.0212889036 -0.0410545414
v -0.0287576043 0.0204053828 -0.0443495315
v -0.0292751753 0.0209510665 -0.0442104269
v -0.0310114928 0.0261431998 -0.043466629
v -0.0291753058 0.0252328758 -0.046386334
v -0.0285365611 0.0246116401 -0.0464642828
v -0.0291897796 0.0298343079 -0.0478227652
v -0.0310123837 0.0302335366 -0.0448246661
v -0.0285687446 0.0294583213 -0.0480387302
v -0.0310119301 0.0346995397 -0.0455698988
v -0.029175525 0.0346405202 -0.048639084
v -0.0286020194 0.0343656142 -0.0488924794
v -0.0310118868 0.0390376054 -0.0457301416
v -0.0291736365 0.0394723498 -0.0487699086
v -0.0285995838 0.0391732207 -0.0490630569
v -0.0287681274 0.0440966633 -0.0485188415
v -0.0293016676 0.0442246415 -0.0480731018
v -0.0310127982 0.0439044352 -0.0451994303
v -0.0293020406 0.0489217902 -0.0468707905
v -0.0287809917 0.0487411573 -0.0473651249
v -0.0310125281 0.0509283653 -0.043051815
v -0.0292923697 0.0533807066 -0.0450623309
v -0.0287325285 0.0541334714 -0.0451544474
v -0.0310114953 0.0554656874 -0.0405259227
v -0.0292943812 0.0575417569 -0.042638203
v -0.0287441471 0.0582261219 -0.0426734216
v -0.0310109252 0.0588568017 -0.0379847101
v -0.0292962878 0.0613279964 -0.0396628369
v -0.0287559054 0.0619525298 -0.0396538962
v -0.0292089359 0.0647161771 -0.0363509695
v -0.0310121159 0.0624020557 -0.0344341242
v -0.0285733985 0.0652307154 -0.0362169289
v -0.0310119211 0.0649605036 -0.0309125462
v -0.0291883714 0.0676453903 -0.032355063
v -0.0285738818 0.068029462 -0.0322740409
v -0.0310106 0.0669040515 -0.0273872633
v -0.0288231272 0.0701918882 -0.0280401582
v -0.0293094726 0.0697584797 -0.0280415901
v -0.0310084668 0.0688969887 -0.0219992857
v -0.0291783833 0.0715910723 -0.0235356958
v -0.0286432977 0.0718829895 -0.0234800231
v -0.0292316958 0.0725861322 -0.0186464749
v -0.0285474153 0.072948929 -0.0185641125
v -0.031013109 0.0699156053 -0.0151882283
v -0.0291905924 0.0729525436 -0.0135528127
v -0.0286171597 0.0732374818 -0.0134853108
v -0.0292536429 0.0725319583 -0.00875263941
v -0.0310123755 0.0692384116 -0.00733419001
v -0.0285999913 0.0728665128 -0.0086656757
v -0.0292388173 0.0713187943 -0.00340459155
v -0.0285080988 0.071889829 -0.0040185143
v -0.0310118078 0.0675439284 -0.001661842
v -0.029190336 0.0695721628 0.00117016643
v -0.0285951453 0.0699856294 0.000983310474
v -0.0288125157 0.0672669532 0.00570524571
v -0.0293118298 0.0670902464 0.00525978721
v -0.0310122761 0.0640081738 0.00474971384
v -0.0293556628 0.0642323724 0.00895976409
v -0.0287467234 0.0644274904 0.00945774518
v -0.0310128955 0.0586865326 0.0105585292
v -0.0293245388 0.0601547628 0.012983715
v -0.0288129721 0.0605426645 0.0131902838
v -0.0293164039 0.0563690821 0.0157181959
v -0.0310125836 0.0525688434 0.0145702754
v -0.0289002104 0.0559743294 0.016395736
v -0.0293726291 0.0498257785 0.0190022271
v -0.0310115877 0.0466938045 0.0169328006
v -0.0287995367 0.0489055503 0.0199975475
v -0.0294041715 0.0461202118 0.0204908283
v -0.0310122392 0.041370225 0.0178919072
v -0.0289835945 0.0416341358 0.0227541022
v -0.0284501185 0.0426971736 0.0227107768
v -0.0281943941 0.0352288572 0.0256282714
v -0.0287480738 0.0311733577 0.0264424278
v -0.0293182213 0.0380195914 0.0233655082
v -0.0310027479 0.0356882987 0.018008535
v -0.0293677352 0.0325242468 0.0245663396
v -0.0286432961 0.0204717686 0.0295309001
v -0.0300694138 0.0302611213 0.0213407038
v -0.031012433 0.0277846472 0.01645007
v -0.0292248607 0.0221781873 0.0271850062
v -0.030232933 0.0229362416 0.0191526036
v -0.0288242799 0.00524360842 0.0321073341
v -0.0283847102 0.00520710498 0.0340046769
v -0.0294910327 0.0220408128 0.0251702091
v -0.0297350736 0.0168945352 0.020984959
v -0.0293136613 0.0111969315 0.0241578309
v 0.0263236167 0.00538716679 0.0343663123
v 0.0250445383 0.0053006017 0.0350406161
v 0.026316235 0.0168859923 0.0315319485
v 0.0274416832 0.0153885 0.0313148892
v 0.0273420384 0.00521651475 0.0335766556
v 0.0281231502 0.00521137945 0.0325384346
v 0.0281823049 0.0256299386 0.0282330206
v 0.0281324347 0.0341644972 0.0258440268
v 0.0285475879 0.016727624 0.0297294173
v 0.0286161808 0.00520744866 0.0313501805
v 0.0290343068 0.0053712807 0.0286890107
v 0.0290642923 0.0396855376 0.0233833751
v 0.0284575759 0.0456307778 0.0215576089
v 0.0287629729 0.0259457094 0.0274291902
v 0.02913254 0.0157266139 0.0279016502
v 0.0293966774 0.0184246321 0.0257266511
v 0.029285017 0.0260320372 0.0260519038
v 0.0293109389 0.0359460766 0.0239172034
v 0.0295071243 0.0100831374 0.0187361482
v 0.0291500236 0.00542153284 0.0159220494
v 0.0296850477 0.00901060307 0.0131764085
v 0.0291671483 0.00534564315 0.00976505326
v 0.029223155 0.0460681007 0.0208834055
v 0.0310238675 0.0436068278 0.0176415371
v 0.0310228815 0.0363929923 0.0180720366
v 0.0310367336 0.050854674 0.0154607595
v 0.0291916381 0.0505696833 0.0190005128
v 0.028429173 0.0509112167 0.0192164749
v 0.0289394617 0.0557168354 0.0165382255
v 0.030167276 0.0301738238 0.0208430822
v 0.0310358042 0.0290560447 0.0168127241
v 0.0294836451 0.0554721013 0.0159898249
v 0.0310359385 0.0575991782 0.0113539681
v 0.0301025088 0.0239494894 0.0202822455
v 0.0310362212 0.0197300729 0.0125009406
v 0.0292869756 0.0600448719 0.0131766254
v 0.0286407978 0.0604511788 0.0133206762
v 0.0310342764 0.0605477979 0.00874049729
v 0.0285528661 0.0638203313 0.0101846985
v 0.0298533428 0.0168619383 0.0196333218
v 0.0293164924 0.0641634946 0.0091601396
v 0.0285501912 0.0667651849 0.00657143901
v 0.0310353907 0.0644969083 0.00398684315
v 0.0305579438 0.0151728394 0.0118678006
v 0.0310328195 0.0135360444 0.00666774213
v 0.0292044686 0.0670162986 0.00560841145
v 0.0285791172 0.070050466 0.000881586129
v 0.0298046937 0.00737177512 0.0053513606
v 0.0310362162 0.0107454563 0.00276322044
v 0.0293352636 0.00554025684 0.00205179967
v 0.0310322524 0.0092146727 3.79871409e-05
v 0.0292908863 0.0694324404 0.00122819538
v 0.0310342613 0.0667973856 -9.68394829e-05
v 0.0286588586 0.0716124279 -0.00330230905
v 0.0292627777 0.071245871 -0.00325749243
v 0.031036278 0.0687468882 -0.00526861004
v 0.0285605633 0.0728912677 -0.00871355805
v 0.0292972336 0.0724764159 -0.00876218837
v 0.0285989133 0.0732436918 -0.0134617687
v 0.0310353204 0.0699252558 -0.0123851874
v 0.0292028848 0.0729245043 -0.0132982444
v 0.028566742 0.0729526593 -0.0185493598
v 0.0292730833 0.0725806658 -0.0184285993
v 0.031035434 0.069415281 -0.0196721245
v 0.0283946802 0.0718585124 -0.0237144282
v 0.0290236315 0.0717268991 -0.0234702165
v 0.0286527441 0.0701194479 -0.0283452508
v 0.0310355331 0.0669608211 -0.0272365083
v 0.0292591428 0.0697698877 -0.0283016154
v 0.0286127119 0.0677780157 -0.0326880399
v 0.0292035634 0.0674990031 -0.0325923815
v 0.0310347883 0.0647712351 -0.0312019023
v 0.0287901728 0.064838424 -0.0366281369
v 0.0293774881 0.0643878386 -0.0364462583
v 0.0310341453 0.062330454 -0.034457224
v 0.0292261572 0.061440709 -0.0397433061
v 0.0285827006 0.0619895257 -0.0396712305
v 0.0310338953 0.0594467592 -0.0374667346
v 0.0286136267 0.0579599316 -0.0428813044
v 0.0292684367 0.0572198038 -0.0429665961
v 0.0310355923 0.0560643702 -0.04018615
v 0.0310350833 0.0521188105 -0.0424375001
v 0.028772016 0.0530654008 -0.0456694601
v 0.0293427886 0.053000639 -0.0452164473
v 0.0310336809 0.0481405992 -0.0440830889
v 0.0292095022 0.0484418004 -0.0471917418
v 0.0285554344 0.0479560691 -0.0476756541
v 0.0288458764 0.0444215602 -0.0484258606
v 0.0293706098 0.0441056178 -0.0480414368
v 0.0310353257 0.043285536 -0.0453297602
v 0.0288447738 0.039423929 -0.0489872065
v 0.0293186628 0.0392399696 -0.048619695
v 0.028767524 0.0339101501 -0.0488220074
v 0.0310352157 0.0360714764 -0.0457330461
v 0.0293719203 0.0343117539 -0.0483967568
v 0.028772606 0.028918491 -0.0478683913
v 0.0293266323 0.0294447989 -0.0475671201
v 0.0310352889 0.0307745589 -0.0449069717
v 0.028780866 0.0247215848 -0.0464543584
v 0.0293862606 0.0249656671 -0.046029783
v 0.0310343114 0.0268502595 -0.0437332375
v 0.0288109918 0.0203862753 -0.044316912
v 0.0293388886 0.0207008048 -0.0440132571
v 0.0310351703 0.0223242603 -0.041661266
v 0.0288399824 0.0163477885 -0.0415769842
v 0.0310346061 0.018478323 -0.039085545
v 0.0293630947 0.0164402485 -0.0411122222
v 0.0288343628 0.0126364142 -0.0382356113
v 0.0310342338 0.0154278501 -0.0363746251
v 0.0293333451 0.0128031734 -0.0378306868
v 0.0288521368 0.00990546284 -0.0350162503
v 0.0310350548 0.0124388198 -0.0329448492
v 0.029302536 0.0101299284 -0.0347242225
v 0.0291997502 0.00775902191 -0.0311939919
v 0.0286006333 0.00733735173 -0.030970946
v 0.0310354508 0.00958150757 -0.0283661677
v 0.0288594422 0.00602791476 -0.027393963
v 0.0293150626 0.00635040962 -0.0273685349
v 0.0310358992 0.00744282132 -0.0229984478
v 0.0292121283 0.00535849359 -0.0234124687
v 0.0286542602 0.00520799472 -0.0236112712
v 0.0290838008 0.0050049206 -0.0201545496
v 0.031028408 0.0066120372 -0.019496672
v 0.0291985921 0.0049811315 -0.0148360516
v 0.0310363883 0.00609102406 -0.0149022017
v 0.0292495587 0.00505173958 -0.0107595028
v 0.0310355966 0.00633167927 -0.00983135033
v 0.0294597291 0.00528998683 -0.00781552371
v 0.0310376193 0.00691141666 -0.00668875437
v 0.0302526483 0.00610799007 -0.00665540865
v 0.0302531343 0.00684263478 -0.00227257915
v 0.0294944528 0.00562635181 -0.00169935702
v -0.0275649921 0.00525868468 0.0354901946
v -0.0283847102 0.00520710498 0.0340046769
v -0.0286432961 0.0204717686 0.0295309001
v -0.0258077185 0.0182470211 0.0324605207
v -0.0265532032 0.00525793389 0.0363723491
v -0.0287480738 0.0311733577 0.0264424278
v -0.0251430121 0.00531755066 0.0370940339
v -0.0281943941 0.0352288572 0.0256282714
v -0.0217403228 0.0180490922 0.0336342811
v -0.0208844174 0.00547620511 0.0384160696
v -0.016454373 0.0169428866 0.0350191141
v -0.0152663667 0.00530089286 0.0394398026
v -0.00819661194 0.00552432431 0.0399973913
v -0.0216164522 0.0307239282 0.0287615869
v -0.0251351824 0.0306714712 0.0280990207
v -0.0231664811 0.042841142 0.0234469728
v -0.0284501185 0.0426971736 0.0227107768
v -0.0287995367 0.0489055503 0.0199975475
v -0.0289002104 0.0559743294 0.016395736
v -0.0144525618 0.0308398407 0.0296289043
v -0.00724222423 0.0182136421 0.0352606876
v -0.0150177173 0.0460250465 0.022748932
v 1.16723442e-05 0.0175141467 0.0355869532
v -0.000296801428 0.00542264822 0.0400432124
v 0.00664848001 0.00544469789 0.0396185293
v 0.00742312476 0.0167888858 0.0354911754
v 0.0128756447 0.00536117553 0.0387669948
v -7.08438628e-05 0.0286188268 0.0311394862
v -0.00720654186 0.0309525255 0.030052528
v 0.0147606567 0.0161995586 0.0347585476
v 0.0173416886 0.00532458659 0.0377662393
v -0.00716585799 0.0435044051 0.0243386588
v -0.00800071772 0.0557805288 0.0179551003
v 0.00735711414 0.0276772981 0.0312528602
v 0.000292165859 0.0409944944 0.0256657746
v 0.0182635557 0.0182068748 0.0333992357
v 0.021994227 0.00532399146 0.036289636
v 1.16390591e-05 0.0520292902 0.0201166418
v 0.007484734 0.0409280364 0.0255149411
v 0.0145355636 0.0291178656 0.0300150074
v 0.0218874179 0.0160326371 0.0332378637
v 0.0250445383 0.0053006017 0.0350406161
v 0.026316235 0.0168859923 0.0315319485
v 0.0281324347 0.0341644972 0.0258440268
v 0.0187211862 0.0305643089 0.0288977724
v 0.0148274871 0.0412701438 0.0249143544
v 0.0110789494 0.0493601906 0.0212891726
v 0.0217577173 0.024773389 0.030417199
v 0.0277257695 0.0383704576 0.02450147
v 0.0284575759 0.0456307778 0.0215576089
v 0.0219196321 0.0415331325 0.0241033165
v 0.028429173 0.0509112167 0.0192164749
v 0.0047460317 0.0557174736 0.0181025054
v 0.0187844149 0.055577043 0.0175628767
v 0.0289394617 0.0557168354 0.0165382255
v 0.0162635136 0.0594748664 0.0151970919
v 0.0286407978 0.0604511788 0.0133206762
v 0.0037880504 0.059707498 0.0155115427
v 0.0162635133 0.0631783055 0.0120504526
v 0.0285528661 0.0638203313 0.0101846985
v 0.00378805007 0.0634510423 0.0123308011
v 0.016263513 0.0664256644 0.00843501912
v 0.0285501912 0.0667651849 0.00657143901
v 0.00378804979 0.0667335702 0.00867619965
v -0.00867505705 0.0633842304 0.0122621248
v -0.00867505672 0.0596505175 0.0154345296
v -0.00867505733 0.0666581611 0.00861712251
v 0.0162635127 0.0691581124 0.00441624034
v 0.00378804954 0.0694956226 0.00461390046
v 0.0162635125 0.0713261673 6.69385372e-05
v 0.0285791172 0.070050466 0.000881586129
v -0.00867505757 0.0694129492 0.00456549169
v 0.00378804935 0.0716871527 0.000217497268
v 0.0162635124 0.0728905564 -0.00453407629
v 0.0286588586 0.0716124279 -0.00330230905
v -0.00867505776 0.0715987458 0.000180625955
v 0.00378804921 0.0732684861 -0.0044333905
v 0.0162635123 0.0738229326 -0.00930351816
v 0.0285605633 0.0728912677 -0.00871355805
v -0.0086750579 0.0731759173 -0.00445803416
v 0.00378804913 0.0742109612 -0.0092544673
v 0.0162635123 0.0741064097 -0.0141549477
v 0.0285989133 0.0732436918 -0.0134617687
v -0.00867505798 0.0741159128 -0.00926649373
v 0.00378804911 0.0744975117 -0.0141584576
v 0.0162635123 0.0737358656 -0.0190005172
v 0.028566742 0.0729526593 -0.0185493598
v 0.00378804914 0.0741229512 -0.0190565115
v 0.0182115686 0.0726170214 -0.0237234111
v 0.0283946802 0.0718585124 -0.0237144282
v -0.00867505801 0.0744017183 -0.0141575918
v -0.00867505798 0.0740281473 -0.0190427832
v 0.016263613 0.071145677 -0.0281535933
v 0.0286527441 0.0701194479 -0.0283452508
v 0.00360837636 0.0731319018 -0.023874655
v 0.0162636131 0.0690176573 -0.0323154876
v 0.0286127119 0.0677780157 -0.0326880399
v 0.0162636134 0.0663698083 -0.0361676357
v 0.0287901728 0.064838424 -0.0366281369
v 0.0162636137 0.0632465249 -0.0396454125
v 0.0285827006 0.0619895257 -0.0396712305
v 0.016263614 0.05970013 -0.0426905899
v 0.0286136267 0.0579599316 -0.0428813044
v -0.0211352896 0.0734522396 -0.0189594939
v -0.0105345715 0.0729524347 -0.0238597015
v 0.00378814978 0.0715047124 -0.0283087255
v 0.00378814996 0.0693536367 -0.032515722
v 0.0037881502 0.0666771146 -0.0364095933
v 0.00378815047 0.0635199892 -0.0399250392
v 0.00378815079 0.059935189 -0.0430031971
v -0.0211352896 0.0738198501 -0.0141523633
v -0.0211352896 0.0735386198 -0.00933943593
v -0.0211352895 0.072613636 -0.00460786068
v -0.0211352894 0.0710616743 -4.33342734e-05
v -0.0211352892 0.0689108255 0.00427142695
v -0.021135289 0.066200054 0.00825828683
v -0.0285951453 0.0699856294 0.000983310474
v -0.0285080988 0.071889829 -0.0040185143
v -0.0285999913 0.0728665128 -0.0086656757
v -0.0286171597 0.0732374818 -0.0134853108
v -0.0285474153 0.072948929 -0.0185641125
v -0.0288125157 0.0672669532 0.00570524571
v -0.0287467234 0.0644274904 0.00945774518
v -0.0286432977 0.0718829895 -0.0234800231
v -0.0211352887 0.0629784754 0.0118450604
v -0.0211352884 0.0593044311 0.0149667161
v -0.0288129721 0.0605426645 0.0131902838
v -0.0181884379 0.0555765334 0.0175902111
v -0.0225046451 0.0723526619 -0.0236472944
v -0.021135189 0.0708826275 -0.0280399079
v -0.0288231272 0.0701918882 -0.0280401582
v -0.00867495807 0.071416777 -0.0282707362
v -0.0211351888 0.0687714939 -0.0321687898
v -0.0285738818 0.068029462 -0.0322740409
v -0.0285733985 0.0652307154 -0.0362169289
v -0.00867495788 0.0692713532 -0.0324666762
v -0.0211351885 0.0661446636 -0.0359903497
v -0.0287559054 0.0619525298 -0.0396538962
v -0.00867495765 0.0666018568 -0.0363503117
v -0.0211351883 0.0630461534 -0.0394405681
v -0.0287441471 0.0582261219 -0.0426734216
v -0.00867495737 0.0634530086 -0.0398565666
v -0.021135188 0.0595279078 -0.042461569
v -0.0287325285 0.0541334714 -0.0451544474
v -0.00867495706 0.0598776147 -0.0429266336
v -0.0211351876 0.0556488852 -0.0450027437
v -0.0287809917 0.0487411573 -0.0473651249
v -0.00867495671 0.0559355765 -0.0455091067
v -0.0211351873 0.0514740688 -0.0470215484
v 0.00378815113 0.0559827724 -0.0455924601
v -0.0211351869 0.0470734474 -0.0484840799
v -0.0287681274 0.0440966633 -0.0485188415
v -0.00867495634 0.0516929482 -0.0475606794
v 0.0162636143 0.0557900653 -0.0452521257
v -0.0211351865 0.0425207585 -0.0493658998
v -0.0285995838 0.0391732207 -0.0490630569
v -0.00867495595 0.047220839 -0.0490470091
v 0.00378815151 0.0517289856 -0.047649449
v 0.0284018529 0.0553261572 -0.0445417914
v 0.028772016 0.0530654008 -0.0456694601
v 0.0162636147 0.0515818552 -0.0472870568
v 0.0285554344 0.0479560691 -0.0476756541
v -0.0211351861 0.0378923065 -0.0496521883
v -0.0286020194 0.0343656142 -0.0488924794
v -0.00867495555 0.0425942002 -0.0499431277
v 0.0037881519 0.0472451098 -0.049139664
v 0.0162636151 0.0471460414 -0.048761291
v -0.0211351857 0.033265656 -0.0493381522
v -0.0285687446 0.0294583213 -0.0480387302
v -0.00867495514 0.0378905672 -0.0502340554
v 0.0037881523 0.042606291 -0.0500381459
v 0.0162636155 0.0425569349 -0.0496501569
v 0.0288458764 0.0444215602 -0.0484258606
v 0.00378815271 0.0378902685 -0.0503298652
v 0.0284018947 0.042568074 -0.0487943733
v 0.0288447738 0.039423929 -0.0489872065
v 0.0162636159 0.0378914454 -0.0499387505
v -0.00867495472 0.0331887502 -0.0499149261
v 0.0282976308 0.036687645 -0.0490956358
v 0.028767524 0.0339101501 -0.0488220074
v 0.00378815313 0.033176094 -0.050009886
v 0.0162636163 0.0332277864 -0.0496221939
v 0.0149276621 0.0286213164 -0.0488072139
v 0.028772606 0.028918491 -0.0478683913
v 0.028780866 0.0247215848 -0.0464543584
v 0.00345646992 0.0284164652 -0.0490781153
v -0.00877606464 0.0283084366 -0.0489598257
v 0.0162636171 0.0233617364 -0.046838756
v 0.0288109918 0.0203862753 -0.044316912
v 0.00378815473 0.0232031718 -0.0471963023
v 0.0162636175 0.0192476611 -0.0446878228
v 0.0288399824 0.0163477885 -0.0415769842
v -0.0209134781 0.0285413011 -0.0484192162
v -0.0285365611 0.0246116401 -0.0464642828
v -0.0211351848 0.0234779127 -0.0465767924
v -0.00867495313 0.0232420185 -0.0471087231
v -0.0211351845 0.0193964701 -0.0444429344
v -0.0287576043 0.0204053828 -0.0443495315
v 0.00378815509 0.0190445414 -0.0450220803
v -0.00867495276 0.0190942934 -0.0449402054
v -0.0211351841 0.0156225705 -0.041803057
v -0.0286478156 0.0164630187 -0.0417155534
v -0.00867495243 0.0152590706 -0.0422574434
v -0.0211351838 0.0122185545 -0.0387007924
v -0.0288056745 0.0129342985 -0.0385348743
v 0.00378815543 0.0151992269 -0.0423322374
v -0.0221577947 0.00939123735 -0.035282335
v -0.0284927236 0.00942429511 -0.0345184526
v -0.0106219239 0.00890212594 -0.0356433564
v -0.00867495213 0.0117997631 -0.0391047855
v 2.05836383e-05 0.00839165514 -0.0352574396
v 0.00378815573 0.0117308165 -0.0391712674
v 0.0134129855 0.0089710932 -0.0355530443
v 0.0162636178 0.0154435576 -0.0420268159
v 0.0288343628 0.0126364142 -0.0382356113
v 0.0288521368 0.00990546284 -0.0350162503
v 0.0162636181 0.0120123113 -0.0388997258
v 0.0304359698 0.013652496 -0.0250313664
v 0.0304359692 0.0209233925 -0.0344860659
v 0.0304359695 0.0167553092 -0.0301683263
v 0.03043597 0.0117705601 -0.0193327753
v 0.03043597 0.0112038751 -0.0133582711
v 0.0304359699 0.0119808469 -0.00740749383
v 0.0304359687 0.0259477643 -0.0377680379
v 0.0304359682 0.0315764829 -0.039849701
v 0.0304359677 0.0375272762 -0.0406266772
v 0.0304359672 0.0435017745 -0.0400599791
v 0.0304359667 0.0492003773 -0.0381780294
v 0.0304359662 0.0543373256 -0.0350752438
v 0.0304359659 0.0586550477 -0.0309071533
v 0.0304359656 0.0619370342 -0.0258827698
v 0.0304359698 0.0140625108 -0.00177877573
v 0.0304359695 0.0173444857 0.00324560897
v 0.0304359654 0.0640186973 -0.0202540527
v 0.0304359653 0.064795659 -0.0143032739
v 0.0304359654 0.0642289783 -0.00832876904
v 0.0304359655 0.0623470432 -0.00263017755
v 0.0304359658 0.0592442314 0.00250677858
v 0.0304359662 0.0550761496 0.0068245201
v 0.0304359666 0.0500517749 0.0101064943
v 0.0304359671 0.0444230592 0.012188156
v 0.0304359676 0.0384722659 0.0129651307
v 0.0304359691 0.0216622136 0.00741369658
v 0.0304359686 0.0267991735 0.0105165112
v 0.0304359681 0.0324977588 0.0123984326
v 3.7985772e-11 0.00200000595 0.0272500009
v -0.00606369558 0.00200000506 0.0265667797
v 2.12833496e-10 -5.60518471e-09 0.027249995
v -0.0060636954 -6.36636646e-09 0.0265667739
v -0.0118233316 0.00200000783 0.0245514064
v -0.0118233314 -3.54105249e-09 0.0245514035
v -0.0169900975 0.0019999921 0.0213048974
v -0.0169900974 2.98802788e-09 0.0213049163
v -0.0213049063 0.00199999354 0.0169901003
v -0.0213049061 -3.56486637e-09 0.0169900915
v -0.0245514007 0.00200000217 0.01182333
v -0.0245514006 -9.34986038e-09 0.0118233242
v -0.0265667857 0.00199999835 0.00606368558
v -0.0265667855 -4.86488105e-09 0.0060637085
v -0.0272499981 0.00199999156 -7.59914146e-09
v -0.0272499979 2.63733943e-09 1.12537077e-08
v -0.0265667857 0.00199999908 -0.00606370486
v -0.0265667855 -4.06489805e-09 -0.00606368194
v -0.0245514007 0.00200000399 -0.0118233205
v -0.0245514006 -7.44216831e-09 -0.0118233263
v -0.0213049063 0.00199999881 -0.0169900872
v -0.0213049061 1.66439181e-09 -0.0169900974
v -0.0169900975 0.00199999301 -0.0213049119
v -0.0169900974 4.08056055e-09 -0.0213048945
v -0.0118233316 0.00200000037 -0.0245513977
v -0.0118233314 3.29840031e-09 -0.0245514064
v -0.00606369703 0.00199999396 -0.026566771
v -0.0060636954 7.13076751e-09 -0.0265667797
v 3.79858833e-11 0.00200000468 -0.0272499921
v 2.12833609e-10 -6.89411234e-09 -0.0272499979
v 0.00606369523 0.00200000539 -0.026566771
v 0.0060636954 8.1909847e-09 -0.0265667797
v 0.0118233313 0.00200000244 -0.0245513977
v 0.0118233314 5.36567055e-09 -0.0245514064
v 0.0169900972 0.00199999598 -0.0213049119
v 0.0169900974 7.0512235e-09 -0.0213048945
v 0.0213049059 0.00200000254 -0.0169900872
v 0.0213049061 5.38948478e-09 -0.0169900974
v 0.0245514033 0.00200000828 -0.0118233205
v 0.0245514035 -3.14943645e-09 -0.0118233263
v 0.0265667854 0.00200000373 -0.00606370486
v 0.0265667855 5.80217451e-10 -0.00606368194
v 0.0272499978 0.00199999633 -7.59914146e-09
v 0.0272499979 7.40191229e-09 1.12537077e-08
v 0.0265667854 0.002000003 0.00606368558
v 0.0265667855 -2.19765721e-10 0.0060637085
v 0.0245514033 0.00200000646 0.01182333
v 0.0245514035 -5.05712817e-09 0.0118233242
v 0.0213049059 0.00199999726 0.0169901003
v 0.0213049061 1.60226602e-10 0.0169900915
v 0.0169900972 0.00199999507 0.0213048974
v 0.0169900974 5.95869082e-09 0.0213049163
v 0.0118233313 0.0020000099 0.0245514064
v 0.0118233314 -1.47378172e-09 0.0245514035
v 0.00606369523 0.00200000612 0.0265667797
v 0.0060636954 -5.30614858e-09 0.0265667739
v 3.7985772e-11 0.00200000595 0.0272500009
v 2.12833496e-10 -5.60518471e-09 0.027249995
v -0.00606369703 0.00199999396 -0.026566771
v 0.00606369523 0.00200000539 -0.026566771
v 3.79858833e-11 0.00200000468 -0.0272499921
v 0.0118233313 0.00200000244 -0.0245513977
v 0.0169900972 0.00199999598 -0.0213049119
v 0.0213049059 0.00200000254 -0.0169900872
v 0.0245514033 0.00200000828 -0.0118233205
v 0.0265667854 0.00200000373 -0.00606370486
v 0.0272499978 0.00199999633 -7.59914146e-09
v 0.0265667854 0.002000003 0.00606368558
v 0.0245514033 0.00200000646 0.01182333
v 0.0213049059 0.00199999726 0.0169901003
v 0.0169900972 0.00199999507 0.0213048974
v 0.0118233313 0.0020000099 0.0245514064
v 0.00606369523 0.00200000612 0.0265667797
v 3.7985772e-11 0.00200000595 0.0272500009
v -0.00606369558 0.00200000506 0.0265667797
v -0.0118233316 0.00200000783 0.0245514064
v -0.0169900975 0.0019999921 0.0213048974
v -0.0213049063 0.00199999354 0.0169901003
v -0.0245514007 0.00200000217 0.01182333
v -0.0265667857 0.00199999835 0.00606368558
v -0.0272499981 0.00199999156 -7.59914146e-09
v -0.0265667857 0.00199999908 -0.00606370486
v -0.0245514007 0.00200000399 -0.0118233205
v -0.0213049063 0.00199999881 -0.0169900872
v -0.0169900975 0.00199999301 -0.0213049119
v -0.0118233316 0.00200000037 -0.0245513977
v -0.0304124615 0.0395074664 0.0136278759
v -0.030412462 0.0455797885 0.0126039275
v -0.0310122483 0.0455797885 0.0126039275
v -0.0310122536 0.0395074663 0.0136278759
v -0.0304124609 0.03335955 0.0132749075
v -0.0310122588 0.0333595499 0.0132749075
v -0.0304124604 0.0274443099 0.0115627859
v -0.03101227 0.0274443099 0.0115627859
v -0.0304124599 0.0220583492 0.0085772881
v -0.0310122841 0.0220583492 0.0085772881
v -0.0304124595 0.0174717776 0.00446818376
v -0.0310122982 0.0174717776 0.00446818376
v -0.0304124592 0.0139145605 -0.000558505417
v -0.0310123183 0.0139145605 -0.000558505417
v -0.030412459 0.011565073 -0.00625074754
v -0.0310123326 0.011565073 -0.00625074754
v -0.0304124589 0.0105411304 -0.0123230522
v -0.03101235 0.0105411304 -0.0123230522
v -0.030412459 0.0108940748 -0.0184709934
v -0.0310123646 0.0108940747 -0.0184709934
v -0.0304124591 0.0126062153 -0.0243862247
v -0.0310123822 0.0126062152 -0.0243862247
v -0.0304124594 0.0155916964 -0.0297721941
v -0.0310123912 0.0155916963 -0.0297721941
v -0.0304124597 0.0197008182 -0.034358757
v -0.0310124003 0.0197008181 -0.034358757
v -0.0304124602 0.0247275023 -0.0379159901
v -0.0310124036 0.0247275022 -0.0379159901
v -0.0304124607 0.0304197313 -0.0402654696
v -0.0310124041 0.0304197312 -0.0402654696
v -0.0304124612 0.0364920563 -0.0412894209
v -0.0310124017 0.0364920563 -0.0412894209
v -0.0304124617 0.0426399815 -0.0409364555
v -0.0310123906 0.0426399815 -0.0409364555
v -0.0304124622 0.0485552215 -0.0392243324
v -0.0310123795 0.0485552215 -0.0392243324
v -0.0304124627 0.0539411764 -0.0362388324
v -0.0310123683 0.0539411764 -0.0362388324
v -0.0304124631 0.0585277538 -0.0321297295
v -0.0310123513 0.0585277538 -0.0321297295
v -0.0304124634 0.0620849811 -0.0271030149
v -0.031012337 0.0620849811 -0.0271030149
v -0.0304124636 0.0644344577 -0.0214108004
v -0.0310123198 0.0644344577 -0.0214108004
v -0.0304124637 0.065458412 -0.0153384666
v -0.0310122995 0.0654584119 -0.0153384666
v -0.0304124637 0.0651054582 -0.00919055383
v -0.0310122849 0.0651054581 -0.00919055383
v -0.0304124635 0.0633933031 -0.00327532143
v -0.0310122702 0.063393303 -0.00327532143
v -0.0304124633 0.060407838 0.00211064726
v -0.0310122612 0.0604078379 0.00211064726
v -0.0304124629 0.0562987147 0.00669720903
v -0.031012255 0.0562987147 0.00669720903
v -0.0304124654 0.0512720292 0.0102544436
v -0.031011783 0.0503901074 0.0107876876
v -0.030412462 0.0455797885 0.0126039275
v -0.0310122483 0.0455797885 0.0126039275
v -0.0304124629 0.0562987147 0.00669720903
v -0.0304124654 0.0512720292 0.0102544436
v -0.0304124633 0.060407838 0.00211064726
v -0.0304124635 0.0633933031 -0.00327532143
v -0.0304124637 0.0651054582 -0.00919055383
v -0.0304124637 0.065458412 -0.0153384666
v -0.0304124636 0.0644344577 -0.0214108004
v -0.0304124634 0.0620849811 -0.0271030149
v -0.0304124631 0.0585277538 -0.0321297295
v -0.0304124627 0.0539411764 -0.0362388324
v -0.0304124622 0.0485552215 -0.0392243324
v -0.0304124617 0.0426399815 -0.0409364555
v -0.0304124612 0.0364920563 -0.0412894209
v -0.0304124607 0.0304197313 -0.0402654696
v -0.0304124602 0.0247275023 -0.0379159901
v -0.0304124597 0.0197008182 -0.034358757
v -0.0304124594 0.0155916964 -0.0297721941
v -0.0304124591 0.0126062153 -0.0243862247
v -0.030412459 0.0108940748 -0.0184709934
v -0.0304124589 0.0105411304 -0.0123230522
v -0.030412459 0.011565073 -0.00625074754
v -0.0304124592 0.0139145605 -0.000558505417
v -0.0304124595 0.0174717776 0.00446818376
v -0.0304124599 0.0220583492 0.0085772881
v -0.0304124604 0.0274443099 0.0115627859
v -0.0304124609 0.03335955 0.0132749075
v -0.0304124615 0.0395074664 0.0136278759
v -0.030412462 0.0455797885 0.0126039275
v 2.12833496e-10 -5.60518471e-09 0.027249995
v 0.00195147823 -5.70197933e-09 0.0284331123
v 0.00799961272 4.39704436e-09 0.0273542566
v -0.00103396842 -1.51602717e-07 0.0285003189
v 0.0060636954 -5.30614858e-09 0.0265667739
v -0.0060636954 -6.36636646e-09 0.0265667739
v 0.0136760194 5.02756174e-10 0.0250043289
v -0.00747177692 1.65054931e-09 0.0275031372
v 0.0118233314 -1.47378172e-09 0.0245514035
v -0.0118233314 -3.54105249e-09 0.0245514035
v 0.0187169251 6.54646071e-10 0.0214924876
v -0.0131923502 3.01742818e-09 0.025262867
v 0.0169900974 5.95869082e-09 0.0213049163
v -0.0169900974 2.98802788e-09 0.0213049163
v 0.0228880905 -5.45332999e-09 0.0169819061
v -0.0182998978 1.17113637e-09 0.0218486544
v 0.0213049061 1.60226602e-10 0.0169900915
v -0.0213049061 -3.56486637e-09 0.0169900915
v 0.025995684 -4.30779064e-09 0.0116822281
v -0.0225570824 -2.06607782e-09 0.0174191751
v 0.0245514035 -5.05712817e-09 0.0118233242
v -0.0245514006 -9.34986038e-09 0.0118233242
v 0.0278953055 -7.38386228e-10 0.00583967849
v -0.0257660809 -8.72409591e-10 0.012180263
v 0.0265667855 -2.19765721e-10 0.0060637085
v -0.0265667855 -4.86488105e-09 0.0060637085
v 0.0284986803 -2.14996813e-11 -0.000274211106
v -0.0277777697 -6.34526649e-10 0.00637538396
v 0.0272499979 7.40191229e-09 1.12537077e-08
v -0.0272499979 2.63733943e-09 1.12537077e-08
v 0.0277777726 1.06737778e-08 -0.00637536141
v -0.0284986803 1.84611792e-09 0.000274204967
v 0.0265667855 5.80217451e-10 -0.00606368194
v -0.0265667855 -4.06489805e-09 -0.00606368194
v 0.0257660809 2.69702804e-09 -0.0121802696
v -0.0278953026 2.56300472e-09 -0.00583968431
v 0.0245514035 -3.14943645e-09 -0.0118233263
v -0.0245514006 -7.44216831e-09 -0.0118233263
v 0.0225570824 3.89069607e-09 -0.0174191839
v -0.025995684 -8.19150609e-09 -0.0116822295
v 0.0213049061 5.38948478e-09 -0.0169900974
v -0.0213049061 1.66439181e-09 -0.0169900974
v 0.0182998978 6.53482034e-10 -0.0218486588
v -0.0228880905 -7.04596675e-09 -0.016981909
v 0.0169900974 7.0512235e-09 -0.0213048945
v -0.0169900974 4.08056055e-09 -0.0213048945
v 0.0131923502 7.0218232e-09 -0.0252628437
v -0.0187169251 1.16997216e-09 -0.0214924934
v 0.0118233314 5.36567055e-09 -0.0245514064
v -0.0118233314 3.29840031e-09 -0.0245514064
v 0.00747177619 1.74068856e-10 -0.0275031402
v -0.0136760194 1.32186228e-09 -0.0250043347
v 0.0060636954 8.1909847e-09 -0.0265667797
v -0.0060636954 7.13076751e-09 -0.0265667797
v 0.0010836794 -1.56078625e-07 -0.0285018235
v -0.00799961272 -2.57242613e-09 -0.0273542653
v 2.12833609e-10 -6.89411234e-09 -0.0272499979
v -0.00195147823 -6.79731741e-09 -0.0284331152
v 0.031028408 0.0066120372 -0.019496672
v 0.0310358261 0.0117705602 -0.0193327753
v 0.0310358992 0.00744282132 -0.0229984478
v 0.0310363883 0.00609102406 -0.0149022017
v 0.0310357968 0.0136524961 -0.0250313664
v 0.0310358523 0.0112038751 -0.0133582711
v 0.0310354508 0.00958150757 -0.0283661677
v 0.0310355966 0.00633167927 -0.00983135033
v 0.0310357704 0.0167553093 -0.0301683263
v 0.0310350548 0.0124388198 -0.0329448492
v 0.0310358785 0.011980847 -0.00740749383
v 0.0310376193 0.00691141666 -0.00668875437
v 0.0310322524 0.0092146727 3.79871409e-05
v 0.0310357438 0.0209233925 -0.0344860659
v 0.0310342338 0.0154278501 -0.0363746251
v 0.0310346061 0.018478323 -0.039085545
v 0.0310357095 0.0140625108 -0.00177877573
v 0.0310362162 0.0107454563 0.00276322044
v 0.031035723 0.0259477643 -0.0377680379
v 0.0310351703 0.0223242603 -0.041661266
v 0.0310343114 0.0268502595 -0.0437332375
v 0.0310328195 0.0135360444 0.00666774213
v 0.0310359216 0.0173444858 0.00324560897
v 0.0310359358 0.0216622136 0.00741369658
v 0.0310362212 0.0197300729 0.0125009406
v 0.0310359441 0.0267991736 0.0105165112
v 0.0310358042 0.0290560447 0.0168127241
v 0.0310359436 0.0324977589 0.0123984326
v 0.0310228815 0.0363929923 0.0180720366
v 0.0310359402 0.038472266 0.0129651307
v 0.0310238675 0.0436068278 0.0176415371
v 0.031035928 0.0444230592 0.012188156
v 0.0310357079 0.031576483 -0.039849701
v 0.0310352889 0.0307745589 -0.0449069717
v 0.0310352157 0.0360714764 -0.0457330461
v 0.0310356958 0.0375272762 -0.0406266772
v 0.0310353257 0.043285536 -0.0453297602
v 0.0310356924 0.0435017746 -0.0400599791
v 0.0310336809 0.0481405992 -0.0440830889
v 0.0310367336 0.050854674 0.0154607595
v 0.031035913 0.050051775 0.0101064943
v 0.0310356948 0.0492003773 -0.0381780294
v 0.0310350833 0.0521188105 -0.0424375001
v 0.0310355923 0.0560643702 -0.04018615
v 0.0310357001 0.0543373257 -0.0350752438
v 0.0310338953 0.0594467592 -0.0374667346
v 0.0310358922 0.0550761497 0.0068245201
v 0.0310359385 0.0575991782 0.0113539681
v 0.0310342764 0.0605477979 0.00874049729
v 0.0310358656 0.0592442315 0.00250677858
v 0.0310353907 0.0644969083 0.00398684315
v 0.0310357143 0.0586550477 -0.0309071533
v 0.0310341453 0.062330454 -0.034457224
v 0.0310347883 0.0647712351 -0.0312019023
v 0.0310358391 0.0623470432 -0.00263017755
v 0.0310342613 0.0667973856 -9.68394829e-05
v 0.031036278 0.0687468882 -0.00526861004
v 0.0310358099 0.0642289784 -0.00832876904
v 0.0310353204 0.0699252558 -0.0123851874
v 0.0310357807 0.0647956591 -0.0143032739
v 0.0310357053 0.0619370343 -0.0258827698
v 0.0310355331 0.0669608211 -0.0272365083
v 0.031035434 0.069415281 -0.0196721245
v 0.0310357546 0.0640186974 -0.0202540527
v -0.03101235 0.0105411304 -0.0123230522
v -0.0310128182 0.00610382432 -0.0125868071
v -0.0310099311 0.00638267031 -0.0183610668
v -0.0310087291 0.00660732932 -0.00789878395
v -0.0310123646 0.0108940747 -0.0184709934
v -0.0310123326 0.011565073 -0.00625074754
v -0.0310113893 0.00800715081 -0.0248378055
v -0.0310068084 0.00825130575 -0.00223384959
v -0.0310123822 0.0126062152 -0.0243862247
v -0.0310123183 0.0139145605 -0.000558505417
v -0.0310063751 0.0115620818 0.00412414302
v -0.0310122982 0.0174717776 0.00446818376
v -0.0310066781 0.0152608207 0.00861315857
v -0.0310122841 0.0220583492 0.0085772881
v -0.0310033899 0.0222407676 0.013927152
v -0.03101227 0.0274443099 0.0115627859
v -0.031012433 0.0277846472 0.01645007
v -0.0310122588 0.0333595499 0.0132749075
v -0.0310027479 0.0356882987 0.018008535
v -0.0310122536 0.0395074663 0.0136278759
v -0.0310122392 0.041370225 0.0178919072
v -0.0310122483 0.0455797885 0.0126039275
v -0.0310115877 0.0466938045 0.0169328006
v -0.031011783 0.0503901074 0.0107876876
v -0.0310125836 0.0525688434 0.0145702754
v -0.0310128955 0.0586865326 0.0105585292
v -0.031012255 0.0562987147 0.00669720903
v -0.0310122761 0.0640081738 0.00474971384
v -0.0310122612 0.0604078379 0.00211064726
v -0.0310118078 0.0675439284 -0.001661842
v -0.0310122702 0.063393303 -0.00327532143
v -0.0310123755 0.0692384116 -0.00733419001
v -0.0310122849 0.0651054581 -0.00919055383
v -0.031013109 0.0699156053 -0.0151882283
v -0.0310122995 0.0654584119 -0.0153384666
v -0.0310084668 0.0688969887 -0.0219992857
v -0.0310123198 0.0644344577 -0.0214108004
v -0.031012337 0.0620849811 -0.0271030149
v -0.0310106 0.0669040515 -0.0273872633
v -0.0310119211 0.0649605036 -0.0309125462
v -0.0310121159 0.0624020557 -0.0344341242
v -0.0310123513 0.0585277538 -0.0321297295
v -0.0310123683 0.0539411764 -0.0362388324
v -0.0310109252 0.0588568017 -0.0379847101
v -0.0310114953 0.0554656874 -0.0405259227
v -0.0310125281 0.0509283653 -0.043051815
v -0.0310123795 0.0485552215 -0.0392243324
v -0.0310127982 0.0439044352 -0.0451994303
v -0.0310123906 0.0426399815 -0.0409364555
v -0.0310124017 0.0364920563 -0.0412894209
v -0.0310118868 0.0390376054 -0.0457301416
v -0.0310119301 0.0346995397 -0.0455698988
v -0.0310123837 0.0302335366 -0.0448246661
v -0.0310124041 0.0304197312 -0.0402654696
v -0.0310114928 0.0261431998 -0.043466629
v -0.0310124036 0.0247275022 -0.0379159901
v -0.0310127351 0.0212889036 -0.0410545414
v -0.0310124003 0.0197008181 -0.034358757
v -0.031012429 0.0156962708 -0.0366684893
v -0.0310090497 0.0119622791 -0.0324623659
v -0.0310123912 0.0155916963 -0.0297721941
vt 0.0191040039 0.183959961
vt 0.0191040039 0.189941406
vt 0.0196228027 0.189941406
vt 0.0196228027 0.183959961
vt 0.0191040039 0.178100586
vt 0.0196228027 0.178100586
vt 0.0191040039 0.172241211
vt 0.0196228027 0.172241211
vt 0.0191040039 0.166381836
vt 0.0196228027 0.166381836
vt 0.0191040039 0.160400391
vt 0.0196228027 0.160400391
vt 0.0191040039 0.154541016
vt 0.0196228027 0.154541016
vt 0.0191040039 0.148681641
vt 0.0196228027 0.148681641
vt 0.0191040039 0.142700195
vt 0.0196228027 0.142700195
vt 0.0191040039 0.13684082
vt 0.0196228027 0.13684082
vt 0.0191040039 0.130981445
vt 0.0196228027 0.130981445
vt 0.0191040039 0.12512207
vt 0.0196228027 0.12512207
vt 0.0191040039 0.11920166
vt 0.0196228027 0.11920166
vt 0.0191040039 0.11328125
vt 0.0196228027 0.11328125
vt 0.0191040039 0.107421875
vt 0.0196228027 0.107421875
vt 0.0191040039 0.101501465
vt 0.0196228027 0.101501465
vt 0.0191040039 0.0956420898
vt 0.0196228027 0.0956420898
vt 0.0191040039 0.0897216797
vt 0.0196228027 0.0897216797
vt 0.0191040039 0.0838623047
vt 0.0196228027 0.0838623047
vt 0.0191040039 0.0779418945
vt 0.0196228027 0.0779418945
vt 0.0191040039 0.0720825195
vt 0.0196228027 0.0720825195
vt 0.0191040039 0.0661621094
vt 0.0196228027 0.0661621094
vt 0.0191040039 0.0602722168
vt 0.0196228027 0.0602722168
vt 0.0191040039 0.0543823242
vt 0.0196228027 0.0543823242
vt 0.0191040039 0.0484924316
vt 0.0196228027 0.0484924316
vt 0.0191040039 0.0426025391
vt 0.0196228027 0.0426025391
vt 0.0191040039 0.0367126465
vt 0.0196228027 0.0367126465
vt 0.0191040039 0.0308380127
vt 0.0196228027 0.0308380127
vt 0.0191040039 0.0249481201
vt 0.0196228027 0.0249481201
vt 0.222290039 0.72265625
vt 0.223632812 0.7265625
vt 0.224609375 0.722167969
vt 0.225952148 0.726074219
vt 0.224609375 0.7265625
vt 0.228271484 0.726074219
vt 0.229492188 0.721679688
vt 0.229492188 0.726074219
vt 0.23059082 0.725585938
vt 0.229492188 0.7265625
vt 0.224609375 0.727050781
vt 0.23449707 0.725097656
vt 0.234375 0.725097656
vt 0.239501953 0.723632812
vt 0.233032227 0.724609375
vt 0.234130859 0.720703125
vt 0.235351562 0.724121094
vt 0.237915039 0.723632812
vt 0.240356445 0.72265625
vt 0.238769531 0.719238281
vt 0.242553711 0.721679688
vt 0.242675781 0.722167969
vt 0.244628906 0.720214844
vt 0.243408203 0.717285156
vt 0.24609375 0.720214844
vt 0.24621582 0.720703125
vt 0.25 0.719238281
vt 0.24621582 0.719726562
vt 0.249755859 0.71875
vt 0.254638672 0.716308594
vt 0.249511719 0.718261719
vt 0.248046875 0.715332031
vt 0.252929688 0.716796875
vt 0.252441406 0.712890625
vt 0.25390625 0.716308594
vt 0.255615234 0.71484375
vt 0.256103516 0.71484375
vt 0.257080078 0.715332031
vt 0.258789062 0.713378906
vt 0.261474609 0.7109375
vt 0.258300781 0.712890625
vt 0.256347656 0.709960938
vt 0.260986328 0.710449219
vt 0.260253906 0.706542969
vt 0.263916016 0.708496094
vt 0.264404297 0.708496094
vt 0.265136719 0.706542969
vt 0.263671875 0.703125
vt 0.267333984 0.706054688
vt 0.268066406 0.705566406
vt 0.266845703 0.705566406
vt 0.269775391 0.702636719
vt 0.271972656 0.699707031
vt 0.269287109 0.702636719
vt 0.266601562 0.699707031
vt 0.271484375 0.69921875
vt 0.273925781 0.695800781
vt 0.269775391 0.700683594
vt 0.271240234 0.69921875
vt 0.269042969 0.6953125
vt 0.272949219 0.695800781
vt 0.274902344 0.692871094
vt 0.275878906 0.69140625
vt 0.274414062 0.692871094
vt 0.270996094 0.690917969
vt 0.276123047 0.688964844
vt 0.27734375 0.685546875
vt 0.275634766 0.688964844
vt 0.272460938 0.686523438
vt 0.276855469 0.685058594
vt 0.277587891 0.680664062
vt 0.275634766 0.687011719
vt 0.276611328 0.685058594
vt 0.273193359 0.681640625
vt 0.27734375 0.681152344
vt 0.277099609 0.677246094
vt 0.277832031 0.677246094
vt 0.276855469 0.681152344
vt 0.2734375 0.679199219
vt 0.2734375 0.674316406
vt 0.277587891 0.673339844
vt 0.277832031 0.670898438
vt 0.277099609 0.673339844
vt 0.272705078 0.669921875
vt 0.276855469 0.669433594
vt 0.275634766 0.663085938
vt 0.276367188 0.669433594
vt 0.275146484 0.665039062
vt 0.271240234 0.665039062
vt 0.275634766 0.665039062
vt 0.273193359 0.661132812
vt 0.268798828 0.661132812
vt 0.273925781 0.661132812
vt 0.271728516 0.657714844
vt 0.271240234 0.658203125
vt 0.269042969 0.654785156
vt 0.266113281 0.657226562
vt 0.26953125 0.654785156
vt 0.266601562 0.651855469
vt 0.262939453 0.653320312
vt 0.267333984 0.651855469
vt 0.266601562 0.650878906
vt 0.265380859 0.649902344
vt 0.261230469 0.645507812
vt 0.264404297 0.649414062
vt 0.262207031 0.646972656
vt 0.259277344 0.649902344
vt 0.259521484 0.645019531
vt 0.2578125 0.642578125
vt 0.255126953 0.646484375
vt 0.256591797 0.642578125
vt 0.250976562 0.639160156
vt 0.256591797 0.643066406
vt 0.250732422 0.644042969
vt 0.252685547 0.640625
vt 0.252929688 0.640625
vt 0.248779297 0.638671875
vt 0.244873047 0.637695312
vt 0.248291016 0.639160156
vt 0.245849609 0.642578125
vt 0.244628906 0.638183594
vt 0.24230957 0.637207031
vt 0.241943359 0.637695312
vt 0.240722656 0.641113281
vt 0.239501953 0.63671875
vt 0.239624023 0.636230469
vt 0.235961914 0.635253906
vt 0.236816406 0.636230469
vt 0.235351562 0.640136719
vt 0.23425293 0.635742188
vt 0.23034668 0.634277344
vt 0.231323242 0.635253906
vt 0.229980469 0.639648438
vt 0.23034668 0.634765625
vt 0.225952148 0.634277344
vt 0.228881836 0.635253906
vt 0.224243164 0.639160156
vt 0.226074219 0.634765625
vt 0.223388672 0.634765625
vt 0.222290039 0.634277344
vt 0.222290039 0.634277344
vt 0.359863281 0.0418395996
vt 0.358642578 0.0401916504
vt 0.352294922 0.0346679688
vt 0.36328125 0.044708252
vt 0.3671875 0.0481872559
vt 0.374755859 0.0556030273
vt 0.375 0.055480957
vt 0.376464844 0.0571899414
vt 0.376708984 0.0577697754
vt 0.377197266 0.0581054688
vt 0.377441406 0.0591430664
vt 0.377441406 0.0601196289
vt 0.377685547 0.0601806641
vt 0.377685547 0.0613708496
vt 0.377197266 0.0635986328
vt 0.377685547 0.0640869141
vt 0.376708984 0.0693359375
vt 0.377197266 0.0680541992
vt 0.376708984 0.0718383789
vt 0.375244141 0.0765991211
vt 0.375732422 0.0769042969
vt 0.374023438 0.0824584961
vt 0.374267578 0.0824584961
vt 0.372558594 0.0885009766
vt 0.372802734 0.0888061523
vt 0.37109375 0.0944213867
vt 0.37109375 0.0934448242
vt 0.369384766 0.0988769531
vt 0.369628906 0.0989379883
vt 0.368408203 0.102355957
vt 0.368164062 0.102111816
vt 0.367675781 0.103515625
vt 0.366943359 0.104003906
vt 0.366943359 0.104431152
vt 0.365966797 0.105285645
vt 0.364990234 0.10534668
vt 0.364257812 0.105957031
vt 0.361328125 0.106689453
vt 0.362060547 0.106689453
vt 0.352294922 0.109191895
vt 0.427978516 0.842285156
vt 0.427490234 0.846679688
vt 0.427734375 0.85546875
vt 0.428222656 0.849609375
vt 0.428710938 0.847167969
vt 0.428710938 0.835449219
vt 0.430664062 0.842285156
vt 0.432617188 0.838867188
vt 0.435302734 0.8359375
vt 0.437744141 0.833984375
vt 0.428955078 0.833007812
vt 0.442382812 0.831054688
vt 0.428955078 0.830078125
vt 0.428222656 0.856445312
vt 0.428710938 0.85546875
vt 0.427978516 0.866699219
vt 0.429199219 0.859375
vt 0.428222656 0.875976562
vt 0.430419922 0.863769531
vt 0.434814453 0.869140625
vt 0.428466797 0.879882812
vt 0.429443359 0.881835938
vt 0.438232422 0.872070312
vt 0.431396484 0.8828125
vt 0.434814453 0.883789062
vt 0.442626953 0.874511719
vt 0.440673828 0.884765625
vt 0.448486328 0.876464844
vt 0.458984375 0.885253906
vt 0.453369141 0.876464844
vt 0.45703125 0.876464844
vt 0.452636719 0.885742188
vt 0.446044922 0.885742188
vt 0.466552734 0.884277344
vt 0.463378906 0.875
vt 0.472412109 0.882324219
vt 0.475830078 0.880859375
vt 0.470214844 0.87109375
vt 0.477294922 0.87890625
vt 0.474121094 0.866210938
vt 0.476074219 0.862792969
vt 0.477783203 0.858398438
vt 0.478027344 0.876464844
vt 0.478515625 0.856445312
vt 0.478271484 0.851074219
vt 0.479003906 0.846679688
vt 0.478759766 0.844238281
vt 0.478027344 0.847167969
vt 0.478759766 0.840820312
vt 0.478759766 0.836425781
vt 0.475585938 0.840820312
vt 0.471923828 0.836425781
vt 0.478271484 0.833496094
vt 0.469970703 0.834960938
vt 0.468017578 0.833007812
vt 0.465087891 0.831542969
vt 0.466308594 0.828125
vt 0.478515625 0.830078125
vt 0.460205078 0.829589844
vt 0.478271484 0.827148438
vt 0.456054688 0.829101562
vt 0.466064453 0.825195312
vt 0.478759766 0.823242188
vt 0.465332031 0.822753906
vt 0.453613281 0.823242188
vt 0.453613281 0.825683594
vt 0.452392578 0.828613281
vt 0.441650391 0.825195312
vt 0.444580078 0.822753906
vt 0.434570312 0.822753906
vt 0.429199219 0.823242188
vt 0.428955078 0.826171875
vt 0.440429688 0.828125
vt 0.447265625 0.829589844
vt 0.856933594 0.649414062
vt 0.856933594 0.653320312
vt 0.856933594 0.657714844
vt 0.854980469 0.65625
vt 0.855957031 0.652832031
vt 0.856933594 0.648925781
vt 0.854492188 0.652832031
vt 0.85546875 0.6484375
vt 0.857421875 0.645019531
vt 0.855957031 0.64453125
vt 0.85546875 0.640136719
vt 0.857421875 0.637695312
vt 0.8515625 0.658203125
vt 0.856933594 0.635742188
vt 0.857421875 0.635253906
vt 0.854003906 0.634765625
vt 0.856445312 0.632324219
vt 0.854003906 0.659667969
vt 0.85546875 0.663574219
vt 0.857421875 0.669433594
vt 0.848632812 0.662109375
vt 0.854492188 0.666992188
vt 0.857421875 0.679199219
vt 0.855957031 0.632324219
vt 0.854492188 0.62890625
vt 0.85546875 0.62890625
vt 0.850585938 0.628417969
vt 0.853515625 0.625976562
vt 0.852539062 0.625976562
vt 0.84765625 0.625
vt 0.850097656 0.623046875
vt 0.849121094 0.665527344
vt 0.842285156 0.666503906
vt 0.850097656 0.623046875
vt 0.846679688 0.620605469
vt 0.847167969 0.620117188
vt 0.842773438 0.621582031
vt 0.84375 0.618164062
vt 0.842773438 0.618652344
vt 0.838378906 0.619628906
vt 0.839355469 0.616699219
vt 0.83984375 0.616210938
vt 0.834960938 0.615722656
vt 0.834960938 0.618652344
vt 0.835449219 0.615234375
vt 0.831054688 0.617675781
vt 0.831054688 0.614746094
vt 0.831054688 0.614257812
vt 0.827148438 0.617675781
vt 0.826660156 0.614746094
vt 0.827148438 0.614257812
vt 0.822753906 0.614746094
vt 0.822753906 0.615722656
vt 0.823242188 0.618164062
vt 0.818359375 0.616699219
vt 0.818359375 0.616210938
vt 0.816894531 0.620117188
vt 0.814453125 0.618164062
vt 0.813964844 0.617675781
vt 0.812988281 0.622070312
vt 0.811035156 0.620117188
vt 0.810546875 0.620117188
vt 0.810058594 0.624511719
vt 0.807617188 0.622558594
vt 0.807128906 0.622558594
vt 0.8046875 0.625488281
vt 0.807128906 0.627441406
vt 0.804199219 0.625488281
vt 0.805175781 0.630371094
vt 0.802246094 0.62890625
vt 0.801757812 0.62890625
vt 0.803222656 0.633300781
vt 0.799804688 0.632324219
vt 0.800292969 0.632324219
vt 0.801757812 0.637695312
vt 0.798828125 0.636230469
vt 0.798339844 0.636230469
vt 0.797851562 0.640625
vt 0.797363281 0.640625
vt 0.80078125 0.643554688
vt 0.797851562 0.645019531
vt 0.797363281 0.645019531
vt 0.798339844 0.648925781
vt 0.801757812 0.649902344
vt 0.797851562 0.648925781
vt 0.799804688 0.653320312
vt 0.798828125 0.652832031
vt 0.803222656 0.654296875
vt 0.801269531 0.657226562
vt 0.80078125 0.657226562
vt 0.803222656 0.660644531
vt 0.803222656 0.66015625
vt 0.806640625 0.659667969
vt 0.806152344 0.663574219
vt 0.805664062 0.6640625
vt 0.811035156 0.664550781
vt 0.809570312 0.666503906
vt 0.809082031 0.666992188
vt 0.812988281 0.668945312
vt 0.81640625 0.667480469
vt 0.813476562 0.669433594
vt 0.818847656 0.671386719
vt 0.821289062 0.669433594
vt 0.819335938 0.672363281
vt 0.821777344 0.672363281
vt 0.826171875 0.669921875
vt 0.825683594 0.674316406
vt 0.824707031 0.674804688
vt 0.831542969 0.676757812
vt 0.834960938 0.677246094
vt 0.829101562 0.674804688
vt 0.831054688 0.669921875
vt 0.833984375 0.67578125
vt 0.844238281 0.6796875
vt 0.8359375 0.672851562
vt 0.837890625 0.668945312
vt 0.842773438 0.677734375
vt 0.841796875 0.670898438
vt 0.857421875 0.681640625
vt 0.857421875 0.683105469
vt 0.842773438 0.67578125
vt 0.847167969 0.672363281
vt 0.852050781 0.674804688
vt 0.0534057617 0.843261719
vt 0.0534667969 0.844238281
vt 0.0635986328 0.841308594
vt 0.0621337891 0.840332031
vt 0.0531921387 0.842285156
vt 0.0531616211 0.841308594
vt 0.0709838867 0.837890625
vt 0.0784301758 0.8359375
vt 0.0632324219 0.838867188
vt 0.0531616211 0.83984375
vt 0.053314209 0.837890625
vt 0.0831298828 0.833984375
vt 0.0884399414 0.833007812
vt 0.0712890625 0.836914062
vt 0.0623779297 0.836914062
vt 0.0647583008 0.835449219
vt 0.0713500977 0.835449219
vt 0.0798950195 0.833984375
vt 0.0575256348 0.829589844
vt 0.0534362793 0.827148438
vt 0.056640625 0.824707031
vt 0.0534057617 0.821777344
vt 0.0887451172 0.83203125
vt 0.0866088867 0.829101562
vt 0.0804443359 0.829101562
vt 0.0928955078 0.827148438
vt 0.0927124023 0.830566406
vt 0.0931396484 0.831054688
vt 0.0973510742 0.828613281
vt 0.075012207 0.831542969
vt 0.0741577148 0.828125
vt 0.0970458984 0.828125
vt 0.0987548828 0.82421875
vt 0.0696411133 0.831054688
vt 0.0661621094 0.82421875
vt 0.101074219 0.826171875
vt 0.101623535 0.826171875
vt 0.101318359 0.822265625
vt 0.104675293 0.823730469
vt 0.0634765625 0.830078125
vt 0.104675293 0.822753906
vt 0.107299805 0.820800781
vt 0.104736328 0.818359375
vt 0.0621643066 0.823730469
vt 0.0608520508 0.819335938
vt 0.10723877 0.819824219
vt 0.110229492 0.81640625
vt 0.0553283691 0.817871094
vt 0.0585021973 0.815917969
vt 0.0536804199 0.815429688
vt 0.0572509766 0.813476562
vt 0.109375 0.81640625
vt 0.106811523 0.814941406
vt 0.111755371 0.812988281
vt 0.11114502 0.812988281
vt 0.108642578 0.811035156
vt 0.113098145 0.808105469
vt 0.112365723 0.808105469
vt 0.113586426 0.804199219
vt 0.109863281 0.805175781
vt 0.112976074 0.8046875
vt 0.113464355 0.800292969
vt 0.112792969 0.800292969
vt 0.109680176 0.799316406
vt 0.112792969 0.795898438
vt 0.112243652 0.795898438
vt 0.11126709 0.791992188
vt 0.107788086 0.79296875
vt 0.110656738 0.791992188
vt 0.109375 0.788085938
vt 0.108825684 0.788085938
vt 0.106018066 0.789550781
vt 0.106750488 0.784667969
vt 0.106140137 0.78515625
vt 0.104003906 0.786621094
vt 0.103637695 0.782226562
vt 0.104370117 0.781738281
vt 0.1015625 0.784179688
vt 0.100891113 0.779296875
vt 0.100097656 0.779296875
vt 0.0987548828 0.781738281
vt 0.0954589844 0.779785156
vt 0.0967407227 0.776855469
vt 0.0965576172 0.77734375
vt 0.0921630859 0.778320312
vt 0.0927124023 0.775390625
vt 0.0924072266 0.774902344
vt 0.0892944336 0.774414062
vt 0.0889282227 0.774902344
vt 0.0880126953 0.77734375
vt 0.0848999023 0.7734375
vt 0.0847167969 0.773925781
vt 0.080078125 0.7734375
vt 0.0819091797 0.776855469
vt 0.0804443359 0.774414062
vt 0.0757446289 0.774414062
vt 0.0762329102 0.774902344
vt 0.077331543 0.77734375
vt 0.0719604492 0.775390625
vt 0.072265625 0.775878906
vt 0.0739135742 0.778320312
vt 0.0680541992 0.776855469
vt 0.0684204102 0.77734375
vt 0.0699462891 0.779785156
vt 0.0643920898 0.778808594
vt 0.0665283203 0.781738281
vt 0.0645751953 0.779785156
vt 0.0610046387 0.781738281
vt 0.0637817383 0.783691406
vt 0.0612792969 0.782226562
vt 0.0585021973 0.784179688
vt 0.061126709 0.786621094
vt 0.0588378906 0.784667969
vt 0.0567016602 0.787597656
vt 0.0560302734 0.787597656
vt 0.0585021973 0.790039062
vt 0.0547790527 0.790527344
vt 0.055267334 0.790527344
vt 0.0564880371 0.794433594
vt 0.0541381836 0.793945312
vt 0.0536804199 0.793457031
vt 0.0534973145 0.796386719
vt 0.0556335449 0.797363281
vt 0.0531616211 0.80078125
vt 0.0550537109 0.801269531
vt 0.0531616211 0.8046875
vt 0.0550537109 0.805175781
vt 0.0534667969 0.807128906
vt 0.0554504395 0.807617188
vt 0.054473877 0.808105469
vt 0.0550537109 0.811523438
vt 0.0537719727 0.812011719
vt 0.257324219 0.1796875
vt 0.258789062 0.179321289
vt 0.258544922 0.163452148
vt 0.255371094 0.166503906
vt 0.256347656 0.180053711
vt 0.258056641 0.15246582
vt 0.254882812 0.180175781
vt 0.257568359 0.1484375
vt 0.251708984 0.167114258
vt 0.250976562 0.180541992
vt 0.247070312 0.168701172
vt 0.24597168 0.181030273
vt 0.239746094 0.181030273
vt 0.251708984 0.153686523
vt 0.254638672 0.153564453
vt 0.252929688 0.140625
vt 0.257568359 0.140380859
vt 0.2578125 0.133666992
vt 0.258056641 0.125854492
vt 0.245361328 0.153930664
vt 0.239013672 0.167602539
vt 0.245849609 0.137451172
vt 0.232666016 0.168334961
vt 0.232910156 0.181030273
vt 0.226806641 0.180908203
vt 0.226196289 0.168823242
vt 0.221313477 0.180541992
vt 0.232788086 0.156494141
vt 0.239013672 0.153930664
vt 0.219726562 0.169067383
vt 0.217285156 0.180175781
vt 0.239135742 0.140380859
vt 0.239868164 0.126831055
vt 0.226318359 0.157348633
vt 0.232666016 0.143066406
vt 0.216674805 0.166625977
vt 0.213012695 0.1796875
vt 0.232910156 0.130981445
vt 0.22644043 0.143066406
vt 0.220092773 0.155395508
vt 0.213378906 0.168579102
vt 0.210205078 0.179199219
vt 0.209350586 0.167114258
vt 0.208251953 0.149047852
vt 0.216430664 0.153686523
vt 0.219970703 0.142456055
vt 0.223388672 0.133789062
vt 0.213745117 0.159545898
vt 0.208740234 0.144775391
vt 0.208129883 0.136962891
vt 0.213867188 0.141723633
vt 0.208251953 0.131103516
vt 0.228881836 0.126831055
vt 0.216796875 0.126464844
vt 0.207885742 0.125610352
vt 0.218994141 0.122070312
vt 0.208251953 0.119873047
vt 0.229736328 0.122253418
vt 0.219116211 0.11730957
vt 0.208374023 0.11529541
vt 0.229858398 0.117431641
vt 0.219116211 0.112548828
vt 0.208496094 0.110656738
vt 0.229858398 0.112670898
vt 0.240478516 0.117553711
vt 0.240478516 0.122314453
vt 0.240478516 0.112792969
vt 0.219238281 0.107788086
vt 0.229858398 0.107910156
vt 0.219238281 0.103027344
vt 0.208496094 0.104064941
vt 0.240478516 0.108032227
vt 0.229980469 0.103149414
vt 0.219360352 0.0982666016
vt 0.208496094 0.0996704102
vt 0.240600586 0.103271484
vt 0.229980469 0.098449707
vt 0.219360352 0.0935668945
vt 0.208740234 0.0941162109
vt 0.240600586 0.0985717773
vt 0.229980469 0.0936889648
vt 0.219360352 0.0888061523
vt 0.208740234 0.0893554688
vt 0.240600586 0.0938110352
vt 0.230102539 0.0889282227
vt 0.219482422 0.0841064453
vt 0.208740234 0.0842895508
vt 0.230102539 0.0842285156
vt 0.217773438 0.0793457031
vt 0.208984375 0.0790405273
vt 0.240600586 0.089050293
vt 0.240722656 0.0842895508
vt 0.219482422 0.0748291016
vt 0.208740234 0.0740966797
vt 0.23034668 0.0794677734
vt 0.219604492 0.0702514648
vt 0.208862305 0.0692138672
vt 0.219604492 0.0657348633
vt 0.208740234 0.0643310547
vt 0.219604492 0.0611877441
vt 0.208984375 0.0601806641
vt 0.219726562 0.056640625
vt 0.208984375 0.0550537109
vt 0.251464844 0.0844116211
vt 0.24230957 0.0795288086
vt 0.230224609 0.0748901367
vt 0.230224609 0.0703735352
vt 0.230224609 0.0657958984
vt 0.230224609 0.0612792969
vt 0.23034668 0.0567016602
vt 0.251464844 0.0891723633
vt 0.251220703 0.0938720703
vt 0.251220703 0.0986328125
vt 0.251220703 0.103393555
vt 0.251220703 0.108093262
vt 0.251220703 0.112854004
vt 0.2578125 0.104797363
vt 0.2578125 0.0994262695
vt 0.2578125 0.0947265625
vt 0.2578125 0.08984375
vt 0.2578125 0.084777832
vt 0.2578125 0.110229492
vt 0.2578125 0.114929199
vt 0.258056641 0.0797119141
vt 0.251220703 0.117614746
vt 0.251220703 0.122314453
vt 0.2578125 0.120300293
vt 0.248657227 0.126831055
vt 0.252685547 0.0796508789
vt 0.251464844 0.0751342773
vt 0.258056641 0.0748901367
vt 0.240722656 0.075012207
vt 0.251464844 0.0705566406
vt 0.258056641 0.0701293945
vt 0.258056641 0.0653076172
vt 0.240722656 0.0704956055
vt 0.251464844 0.0660400391
vt 0.258300781 0.0606079102
vt 0.240844727 0.0659179688
vt 0.251464844 0.0614624023
vt 0.258300781 0.0558166504
vt 0.240844727 0.0613708496
vt 0.251464844 0.0569152832
vt 0.258300781 0.0510559082
vt 0.240844727 0.0567932129
vt 0.251708984 0.0523681641
vt 0.258300781 0.0452270508
vt 0.240844727 0.0522460938
vt 0.251708984 0.0477905273
vt 0.23034668 0.052154541
vt 0.251708984 0.0432434082
vt 0.258300781 0.040435791
vt 0.240966797 0.0476989746
vt 0.219726562 0.0520935059
vt 0.251708984 0.0386657715
vt 0.258300781 0.0354614258
vt 0.240966797 0.0431213379
vt 0.23034668 0.0476074219
vt 0.209228516 0.0519714355
vt 0.208862305 0.0494689941
vt 0.219726562 0.0475463867
vt 0.209106445 0.0440063477
vt 0.251708984 0.0340881348
vt 0.258300781 0.0306243896
vt 0.240966797 0.0385437012
vt 0.23034668 0.0430603027
vt 0.219726562 0.0429992676
vt 0.251708984 0.029510498
vt 0.258300781 0.0256347656
vt 0.240966797 0.0339660645
vt 0.23034668 0.038482666
vt 0.219726562 0.0384521484
vt 0.208862305 0.040435791
vt 0.23034668 0.0339355469
vt 0.209228516 0.0385742188
vt 0.208862305 0.0354614258
vt 0.219726562 0.0339050293
vt 0.241088867 0.0294036865
vt 0.209350586 0.0327453613
vt 0.208862305 0.0299987793
vt 0.23034668 0.0293426514
vt 0.219726562 0.0293579102
vt 0.220825195 0.0247955322
vt 0.208862305 0.0249481201
vt 0.208862305 0.0205535889
vt 0.230712891 0.0246429443
vt 0.241210938 0.0245513916
vt 0.219726562 0.019317627
vt 0.208740234 0.0157470703
vt 0.23034668 0.0192565918
vt 0.219604492 0.0147781372
vt 0.208618164 0.0108947754
vt 0.251708984 0.0247497559
vt 0.258300781 0.0205078125
vt 0.251953125 0.0194244385
vt 0.241088867 0.0192871094
vt 0.251953125 0.0148696899
vt 0.258544922 0.0157928467
vt 0.23034668 0.0146713257
vt 0.241088867 0.0147018433
vt 0.251953125 0.0102996826
vt 0.258544922 0.0110549927
vt 0.241210938 0.0101013184
vt 0.252197266 0.0057182312
vt 0.258789062 0.00630569458
vt 0.23034668 0.0100708008
vt 0.253173828 0.00132369995
vt 0.258789062 0.000967025757
vt 0.242919922 0.00100803375
vt 0.241210938 0.00547409058
vt 0.233642578 0.000323057175
vt 0.23034668 0.0054473877
vt 0.221923828 0.00109100342
vt 0.219604492 0.0102157593
vt 0.208496094 0.00592803955
vt 0.208374023 0.00174331665
vt 0.219482422 0.00564193726
vt 0.134643555 0.937988281
vt 0.14440918 0.938964844
vt 0.139648438 0.937988281
vt 0.129882812 0.938964844
vt 0.125366211 0.94140625
vt 0.121520996 0.944335938
vt 0.148925781 0.94140625
vt 0.152709961 0.944335938
vt 0.155761719 0.948730469
vt 0.157958984 0.953125
vt 0.159057617 0.958496094
vt 0.159057617 0.963378906
vt 0.157958984 0.96875
vt 0.155761719 0.973144531
vt 0.118469238 0.948730469
vt 0.116333008 0.953125
vt 0.152709961 0.977050781
vt 0.148925781 0.98046875
vt 0.14440918 0.982910156
vt 0.139648438 0.983886719
vt 0.134643555 0.983886719
vt 0.129882812 0.982910156
vt 0.125366211 0.98046875
vt 0.121520996 0.977050781
vt 0.118469238 0.973144531
vt 0.115234375 0.958496094
vt 0.115234375 0.963378906
vt 0.116333008 0.96875
vt 0.182250977 0.00015771389
vt 0.182250977 0.00614929199
vt 0.183959961 0.00015771389
vt 0.183959961 0.00614929199
vt 0.182250977 0.0121383667
vt 0.183959961 0.0121383667
vt 0.182250977 0.0181274414
vt 0.183959961 0.0181274414
vt 0.182250977 0.0241241455
vt 0.183959961 0.0241241455
vt 0.182250977 0.0301055908
vt 0.183959961 0.0301055908
vt 0.182250977 0.0361022949
vt 0.183959961 0.0361022949
vt 0.182250977 0.0420837402
vt 0.183959961 0.0420837402
vt 0.182250977 0.0480651855
vt 0.183959961 0.0480651855
vt 0.182250977 0.0540771484
vt 0.183959961 0.0540771484
vt 0.182250977 0.0600585938
vt 0.183959961 0.0600585938
vt 0.182250977 0.0660400391
vt 0.183959961 0.0660400391
vt 0.182250977 0.0720214844
vt 0.183959961 0.0720214844
vt 0.182250977 0.0780029297
vt 0.183959961 0.0780029297
vt 0.182250977 0.083984375
vt 0.183959961 0.083984375
vt 0.182250977 0.0900268555
vt 0.183959961 0.0900268555
vt 0.182250977 0.0960083008
vt 0.183959961 0.0960083008
vt 0.182250977 0.101989746
vt 0.183959961 0.101989746
vt 0.182250977 0.107971191
vt 0.183959961 0.107971191
vt 0.182250977 0.113952637
vt 0.183959961 0.113952637
vt 0.182250977 0.119934082
vt 0.183959961 0.119934082
vt 0.182250977 0.125976562
vt 0.183959961 0.125976562
vt 0.182250977 0.131958008
vt 0.183959961 0.131958008
vt 0.182250977 0.137939453
vt 0.183959961 0.137939453
vt 0.182250977 0.143920898
vt 0.183959961 0.143920898
vt 0.182250977 0.149902344
vt 0.183959961 0.149902344
vt 0.182250977 0.155883789
vt 0.183959961 0.155883789
vt 0.182250977 0.161865234
vt 0.183959961 0.161865234
vt 0.182250977 0.16784668
vt 0.183959961 0.16784668
vt 0.958007812 0.0988769531
vt 0.948242188 0.0977172852
vt 0.953125 0.0988769531
vt 0.943847656 0.0954589844
vt 0.939941406 0.0921630859
vt 0.936523438 0.0880126953
vt 0.934570312 0.0832519531
vt 0.93359375 0.078125
vt 0.93359375 0.0728759766
vt 0.934570312 0.0677490234
vt 0.936523438 0.0629882812
vt 0.939941406 0.0588684082
vt 0.943847656 0.0555725098
vt 0.948242188 0.0532836914
vt 0.953125 0.0521240234
vt 0.958007812 0.0521240234
vt 0.962890625 0.0532836914
vt 0.967773438 0.0555725098
vt 0.971679688 0.0588684082
vt 0.974609375 0.0629882812
vt 0.977050781 0.0677490234
vt 0.978027344 0.0728759766
vt 0.978027344 0.078125
vt 0.977050781 0.0832519531
vt 0.974609375 0.0880126953
vt 0.971679688 0.0921630859
vt 0.967773438 0.0954589844
vt 0.962890625 0.0977172852
vt 0.176635742 0.00612258911
vt 0.176635742 7.60555267e-05
vt 0.176147461 7.56978989e-05
vt 0.176147461 0.00611877441
vt 0.176635742 0.0121688843
vt 0.176147461 0.0121688843
vt 0.176635742 0.0182037354
vt 0.176147461 0.0182037354
vt 0.176635742 0.0242614746
vt 0.176147461 0.0242614746
vt 0.176635742 0.0303039551
vt 0.176147461 0.0303039551
vt 0.176635742 0.0363464355
vt 0.176147461 0.0363464355
vt 0.176635742 0.042388916
vt 0.176147461 0.042388916
vt 0.176635742 0.0484313965
vt 0.176147461 0.0484313965
vt 0.176635742 0.054473877
vt 0.176147461 0.054473877
vt 0.176635742 0.0605163574
vt 0.176147461 0.0605163574
vt 0.176635742 0.0665893555
vt 0.176147461 0.0665893555
vt 0.176635742 0.0726318359
vt 0.176147461 0.0726318359
vt 0.176635742 0.0786743164
vt 0.176147461 0.0786743164
vt 0.176635742 0.0847167969
vt 0.176147461 0.0847167969
vt 0.176635742 0.0907592773
vt 0.176147461 0.0907592773
vt 0.176635742 0.0968017578
vt 0.176147461 0.0968017578
vt 0.176635742 0.102844238
vt 0.176147461 0.102844238
vt 0.176635742 0.108886719
vt 0.176147461 0.108886719
vt 0.176635742 0.114929199
vt 0.176147461 0.114929199
vt 0.176635742 0.12097168
vt 0.176147461 0.12097168
vt 0.176635742 0.127075195
vt 0.176025391 0.127075195
vt 0.176635742 0.133056641
vt 0.176025391 0.133056641
vt 0.176635742 0.139160156
vt 0.176025391 0.139160156
vt 0.176635742 0.145141602
vt 0.176025391 0.145141602
vt 0.176635742 0.151245117
vt 0.176025391 0.151245117
vt 0.176635742 0.157226562
vt 0.176025391 0.157226562
vt 0.176635742 0.163330078
vt 0.176025391 0.164306641
vt 0.176635742 0.169311523
vt 0.176147461 0.169311523
vt 0.400146484 0.962402344
vt 0.401123047 0.95703125
vt 0.397949219 0.966796875
vt 0.394775391 0.971191406
vt 0.390869141 0.974609375
vt 0.386230469 0.977050781
vt 0.381347656 0.978027344
vt 0.376220703 0.978027344
vt 0.371337891 0.977050781
vt 0.366699219 0.974609375
vt 0.362792969 0.971191406
vt 0.359619141 0.966796875
vt 0.357421875 0.962402344
vt 0.356201172 0.95703125
vt 0.356201172 0.951660156
vt 0.357421875 0.946777344
vt 0.359619141 0.941894531
vt 0.362792969 0.9375
vt 0.366699219 0.934082031
vt 0.371337891 0.932128906
vt 0.376220703 0.930664062
vt 0.381347656 0.930664062
vt 0.386230469 0.932128906
vt 0.390869141 0.934082031
vt 0.394775391 0.9375
vt 0.397949219 0.941894531
vt 0.400146484 0.946777344
vt 0.401123047 0.951660156
vt 0.6171875 0.561523438
vt 0.618652344 0.5625
vt 0.623046875 0.561035156
vt 0.616699219 0.5625
vt 0.621582031 0.560546875
vt 0.61328125 0.562011719
vt 0.626464844 0.55859375
vt 0.612304688 0.5625
vt 0.625488281 0.558105469
vt 0.608886719 0.561035156
vt 0.629882812 0.555175781
vt 0.607910156 0.561523438
vt 0.628417969 0.555175781
vt 0.604980469 0.559082031
vt 0.632324219 0.551269531
vt 0.604003906 0.559570312
vt 0.631347656 0.551757812
vt 0.6015625 0.556640625
vt 0.633789062 0.547363281
vt 0.600585938 0.557128906
vt 0.6328125 0.547363281
vt 0.598632812 0.553222656
vt 0.634765625 0.54296875
vt 0.59765625 0.553710938
vt 0.633789062 0.54296875
vt 0.596679688 0.549316406
vt 0.634277344 0.538085938
vt 0.595703125 0.549316406
vt 0.633300781 0.538574219
vt 0.595214844 0.544921875
vt 0.633300781 0.533691406
vt 0.594726562 0.544921875
vt 0.632324219 0.534179688
vt 0.595214844 0.540039062
vt 0.631347656 0.529785156
vt 0.594238281 0.540527344
vt 0.630371094 0.530273438
vt 0.596191406 0.535644531
vt 0.628417969 0.526367188
vt 0.595214844 0.536132812
vt 0.627441406 0.526855469
vt 0.59765625 0.531738281
vt 0.625 0.5234375
vt 0.596679688 0.531738281
vt 0.624023438 0.523925781
vt 0.600097656 0.527832031
vt 0.62109375 0.521484375
vt 0.599121094 0.527832031
vt 0.620117188 0.522460938
vt 0.603515625 0.524902344
vt 0.616699219 0.520507812
vt 0.602050781 0.524902344
vt 0.615722656 0.521484375
vt 0.607421875 0.522949219
vt 0.612304688 0.520507812
vt 0.605957031 0.522460938
vt 0.611328125 0.521484375
vt 0.609863281 0.520996094
vt 0.746582031 0.883300781
vt 0.748046875 0.887695312
vt 0.749511719 0.883300781
vt 0.742675781 0.884765625
vt 0.752929688 0.887207031
vt 0.743164062 0.889160156
vt 0.754394531 0.883300781
vt 0.738769531 0.886230469
vt 0.758300781 0.888183594
vt 0.758789062 0.883789062
vt 0.739257812 0.891601562
vt 0.736816406 0.887695312
vt 0.732421875 0.891601562
vt 0.762695312 0.890136719
vt 0.762207031 0.885253906
vt 0.765625 0.88671875
vt 0.735351562 0.895019531
vt 0.730957031 0.893554688
vt 0.767089844 0.893066406
vt 0.769042969 0.888671875
vt 0.771972656 0.891601562
vt 0.729003906 0.896972656
vt 0.732910156 0.898925781
vt 0.730957031 0.903808594
vt 0.7265625 0.903808594
vt 0.73046875 0.908691406
vt 0.7265625 0.912597656
vt 0.730957031 0.9140625
vt 0.728027344 0.918457031
vt 0.732910156 0.918945312
vt 0.730957031 0.924316406
vt 0.735351562 0.923339844
vt 0.770507812 0.896972656
vt 0.774414062 0.89453125
vt 0.776855469 0.8984375
vt 0.7734375 0.901367188
vt 0.778808594 0.904296875
vt 0.774902344 0.90625
vt 0.779785156 0.908691406
vt 0.734863281 0.929199219
vt 0.738769531 0.926757812
vt 0.775390625 0.911132812
vt 0.779785156 0.912109375
vt 0.779296875 0.916015625
vt 0.774902344 0.916015625
vt 0.778808594 0.919433594
vt 0.743164062 0.9296875
vt 0.740722656 0.933105469
vt 0.743652344 0.934570312
vt 0.748046875 0.931640625
vt 0.748535156 0.936523438
vt 0.7734375 0.920898438
vt 0.77734375 0.922851562
vt 0.775878906 0.92578125
vt 0.752929688 0.932617188
vt 0.752441406 0.937011719
vt 0.757324219 0.937011719
vt 0.7578125 0.932128906
vt 0.763183594 0.935546875
vt 0.762695312 0.930664062
vt 0.770507812 0.924804688
vt 0.7734375 0.928710938
vt 0.768554688 0.932617188
vt 0.767089844 0.928222656
vt 0.916992188 0.886230469
vt 0.918457031 0.8828125
vt 0.9140625 0.880859375
vt 0.921386719 0.885253906
vt 0.912109375 0.884277344
vt 0.920898438 0.889648438
vt 0.908691406 0.879394531
vt 0.924804688 0.888671875
vt 0.907226562 0.8828125
vt 0.923828125 0.894042969
vt 0.928222656 0.894042969
vt 0.926269531 0.8984375
vt 0.930175781 0.898925781
vt 0.927246094 0.903808594
vt 0.931152344 0.90625
vt 0.927246094 0.909179688
vt 0.930664062 0.911621094
vt 0.926269531 0.914550781
vt 0.928710938 0.91796875
vt 0.923828125 0.918945312
vt 0.926269531 0.922363281
vt 0.920898438 0.923339844
vt 0.923339844 0.92578125
vt 0.917480469 0.926269531
vt 0.919433594 0.929199219
vt 0.9140625 0.932128906
vt 0.912109375 0.928710938
vt 0.907714844 0.934082031
vt 0.907226562 0.930175781
vt 0.901855469 0.934082031
vt 0.90234375 0.930175781
vt 0.896972656 0.933105469
vt 0.897460938 0.929199219
vt 0.891113281 0.930175781
vt 0.892578125 0.926757812
vt 0.88671875 0.926269531
vt 0.888671875 0.923339844
vt 0.885742188 0.919433594
vt 0.883300781 0.922851562
vt 0.881835938 0.919921875
vt 0.880371094 0.916503906
vt 0.883300781 0.914550781
vt 0.882324219 0.909179688
vt 0.87890625 0.912109375
vt 0.878417969 0.908691406
vt 0.878417969 0.904296875
vt 0.882324219 0.903808594
vt 0.879882812 0.897949219
vt 0.883300781 0.898925781
vt 0.885742188 0.894042969
vt 0.881347656 0.894042969
vt 0.883300781 0.890625
vt 0.885742188 0.887695312
vt 0.888671875 0.889648438
vt 0.888183594 0.885253906
vt 0.892578125 0.886230469
vt 0.891601562 0.882324219
vt 0.897460938 0.884277344
vt 0.896972656 0.880371094
vt 0.901855469 0.87890625
vt 0.90234375 0.8828125
f 3/3 2/2 1/1
f 4/4 3/3 1/1
f 4/4 1/1 5/5
f 6/6 4/4 5/5
f 6/6 5/5 7/7
f 8/8 6/6 7/7
f 8/8 7/7 9/9
f 10/10 8/8 9/9
f 10/10 9/9 11/11
f 12/12 10/10 11/11
f 12/12 11/11 13/13
f 14/14 12/12 13/13
f 14/14 13/13 15/15
f 16/16 14/14 15/15
f 16/16 15/15 17/17
f 18/18 16/16 17/17
f 18/18 17/17 19/19
f 20/20 18/18 19/19
f 20/20 19/19 21/21
f 22/22 20/20 21/21
f 22/22 21/21 23/23
f 24/24 22/22 23/23
f 24/24 23/23 25/25
f 26/26 24/24 25/25
f 26/26 25/25 27/27
f 28/28 26/26 27/27
f 28/28 27/27 29/29
f 30/30 28/28 29/29
f 30/30 29/29 31/31
f 32/32 30/30 31/31
f 32/32 31/31 33/33
f 34/34 32/32 33/33
f 34/34 33/33 35/35
f 36/36 34/34 35/35
f 36/36 35/35 37/37
f 38/38 36/36 37/37
f 38/38 37/37 39/39
f 40/40 38/38 39/39
f 40/40 39/39 41/41
f 42/42 40/40 41/41
f 42/42 41/41 43/43
f 44/44 42/42 43/43
f 44/44 43/43 45/45
f 46/46 44/44 45/45
f 46/46 45/45 47/47
f 48/48 46/46 47/47
f 48/48 47/47 49/49
f 50/50 48/48 49/49
f 50/50 49/49 51/51
f 52/52 50/50 51/51
f 52/52 51/51 53/53
f 54/54 52/52 53/53
f 54/54 53/53 55/55
f 56/56 54/54 55/55
f 56/56 55/55 57/57
f 58/58 56/56 57/57
f 61/61 60/60 59/59
f 61/61 62/62 60/60
f 62/62 63/63 60/60
f 61/61 64/64 62/62
f 61/61 65/65 64/64
f 62/62 66/66 63/63
f 62/62 64/64 66/66
f 65/65 67/67 64/64
f 64/64 67/67 66/66
f 66/66 68/68 63/63
f 63/63 68/68 69/69
f 66/66 70/70 68/68
f 66/66 71/71 70/70
f 67/67 71/71 66/66
f 71/71 72/72 70/70
f 73/73 67/67 65/65
f 73/73 71/71 67/67
f 73/73 65/65 74/74
f 75/75 71/71 73/73
f 75/75 73/73 74/74
f 75/75 76/76 71/71
f 75/75 74/74 76/76
f 76/76 72/72 71/71
f 77/77 76/76 74/74
f 77/77 72/72 76/76
f 77/77 74/74 78/78
f 77/77 79/79 72/72
f 79/79 77/77 78/78
f 80/80 72/72 79/79
f 81/81 79/79 78/78
f 81/81 78/78 82/82
f 83/83 80/80 79/79
f 83/83 84/84 80/80
f 84/84 83/83 85/85
f 86/86 79/79 81/81
f 86/86 81/81 82/82
f 86/86 83/83 79/79
f 83/83 87/87 85/85
f 83/83 86/86 87/87
f 85/85 87/87 88/88
f 82/82 89/89 86/86
f 86/86 89/89 87/87
f 82/82 90/90 89/89
f 91/91 89/89 90/90
f 87/87 89/89 91/91
f 91/91 90/90 92/92
f 87/87 93/93 88/88
f 91/91 93/93 87/87
f 94/94 91/91 92/92
f 94/94 93/93 91/91
f 88/88 93/93 95/95
f 94/94 95/95 93/93
f 96/96 88/88 95/95
f 95/95 97/97 96/96
f 94/94 97/97 95/95
f 96/96 97/97 98/98
f 92/92 99/99 94/94
f 94/94 99/99 97/97
f 92/92 100/100 99/99
f 99/99 101/101 97/97
f 101/101 99/99 100/100
f 98/98 97/97 101/101
f 101/101 100/100 102/102
f 98/98 101/101 103/103
f 103/103 101/101 102/102
f 103/103 104/104 98/98
f 105/105 103/103 102/102
f 105/105 102/102 106/106
f 104/104 103/103 107/107
f 108/108 104/104 107/107
f 103/103 105/105 109/109
f 109/109 105/105 106/106
f 107/107 103/103 109/109
f 108/108 107/107 110/110
f 107/107 109/109 110/110
f 108/108 110/110 111/111
f 112/112 109/109 106/106
f 110/110 109/109 112/112
f 112/112 106/106 113/113
f 111/111 110/110 114/114
f 110/110 112/112 114/114
f 111/111 114/114 115/115
f 116/116 112/112 113/113
f 117/117 116/116 113/113
f 117/117 112/112 116/116
f 114/114 112/112 117/117
f 117/117 113/113 118/118
f 119/119 114/114 117/117
f 115/115 114/114 119/119
f 117/117 118/118 119/119
f 120/120 115/115 119/119
f 115/115 120/120 121/121
f 118/118 122/122 119/119
f 120/120 119/119 122/122
f 118/118 123/123 122/122
f 120/120 124/124 121/121
f 124/124 120/120 122/122
f 124/124 125/125 121/121
f 126/126 122/122 123/123
f 124/124 122/122 126/126
f 126/126 123/123 127/127
f 124/124 128/128 125/125
f 128/128 124/124 126/126
f 128/128 129/129 125/125
f 130/130 126/126 127/127
f 130/130 127/127 131/131
f 130/130 131/131 126/126
f 128/128 126/126 131/131
f 127/127 132/132 131/131
f 129/129 128/128 133/133
f 133/133 128/128 131/131
f 134/134 129/129 133/133
f 134/134 135/135 129/129
f 132/132 136/136 131/131
f 133/133 131/131 136/136
f 134/134 133/133 136/136
f 132/132 137/137 136/136
f 137/137 134/134 136/136
f 137/137 138/138 134/134
f 135/135 134/134 139/139
f 140/140 135/135 139/139
f 138/138 141/141 134/134
f 134/134 141/141 139/139
f 138/138 142/142 141/141
f 140/140 139/139 143/143
f 143/143 144/144 140/140
f 139/139 141/141 145/145
f 142/142 145/145 141/141
f 139/139 145/145 143/143
f 146/146 145/145 142/142
f 146/146 143/143 145/145
f 146/146 142/142 147/147
f 148/148 144/144 143/143
f 146/146 148/148 143/143
f 147/147 149/149 146/146
f 148/148 146/146 149/149
f 147/147 150/150 149/149
f 148/148 151/151 144/144
f 151/151 148/148 149/149
f 151/151 152/152 144/144
f 151/151 149/149 153/153
f 150/150 153/153 149/149
f 152/152 151/151 153/153
f 154/154 153/153 150/150
f 152/152 153/153 154/154
f 154/154 150/150 155/155
f 156/156 152/152 154/154
f 157/157 154/154 155/155
f 156/156 154/154 157/157
f 157/157 155/155 158/158
f 159/159 156/156 157/157
f 156/156 159/159 160/160
f 160/160 159/159 161/161
f 159/159 157/157 161/161
f 160/160 161/161 162/162
f 157/157 158/158 163/163
f 161/161 157/157 163/163
f 164/164 163/163 158/158
f 161/161 163/163 164/164
f 161/161 164/164 162/162
f 164/164 158/158 165/165
f 162/162 164/164 166/166
f 166/166 164/164 165/165
f 167/167 162/162 166/166
f 165/165 168/168 166/166
f 169/169 167/167 166/166
f 167/167 169/169 170/170
f 168/168 171/171 166/166
f 171/171 169/169 166/166
f 168/168 172/172 171/171
f 169/169 171/171 173/173
f 172/172 173/173 171/171
f 169/169 174/174 170/170
f 169/169 173/173 174/174
f 174/174 175/175 170/170
f 174/174 173/173 175/175
f 176/176 170/170 175/175
f 172/172 177/177 173/173
f 173/173 177/177 175/175
f 172/172 178/178 177/177
f 179/179 176/176 175/175
f 175/175 177/177 179/179
f 179/179 177/177 178/178
f 179/179 180/180 176/176
f 181/181 179/179 178/178
f 179/179 181/181 180/180
f 181/181 178/178 182/182
f 181/181 183/183 180/180
f 183/183 181/181 182/182
f 180/180 183/183 184/184
f 183/183 185/185 184/184
f 186/186 183/183 182/182
f 183/183 186/186 185/185
f 186/186 182/182 187/187
f 186/186 188/188 185/185
f 186/186 187/187 188/188
f 185/185 188/188 189/189
f 187/187 190/190 188/188
f 187/187 191/191 190/190
f 188/188 192/192 189/189
f 188/188 190/190 192/192
f 189/189 192/192 193/193
f 191/191 194/194 190/190
f 194/194 192/192 190/190
f 194/194 193/193 192/192
f 191/191 195/195 194/194
f 195/195 196/196 194/194
f 196/196 193/193 194/194
f 195/195 197/197 196/196
f 197/197 198/198 196/196
f 196/196 198/198 193/193
f 198/198 199/199 193/193
f 202/202 201/201 200/200
f 201/201 203/203 200/200
f 204/204 200/200 203/203
f 200/200 204/204 205/205
f 206/206 205/205 204/204
f 205/205 206/206 207/207
f 205/205 207/207 208/208
f 208/208 207/207 209/209
f 208/208 209/209 210/210
f 208/208 210/210 211/211
f 210/210 212/212 211/211
f 213/213 211/211 212/212
f 213/213 214/214 211/211
f 213/213 215/215 214/214
f 215/215 216/216 214/214
f 215/215 217/217 216/216
f 217/217 218/218 216/216
f 218/218 219/219 216/216
f 218/218 220/220 219/219
f 220/220 221/221 219/219
f 220/220 222/222 221/221
f 222/222 223/223 221/221
f 222/222 224/224 223/223
f 224/224 225/225 223/223
f 223/223 225/225 226/226
f 225/225 227/227 226/226
f 225/225 228/228 227/227
f 228/228 229/229 227/227
f 227/227 229/229 230/230
f 230/230 229/229 231/231
f 231/231 232/232 230/230
f 232/232 231/231 233/233
f 232/232 233/233 234/234
f 232/232 234/234 235/235
f 235/235 234/234 236/236
f 235/235 236/236 237/237
f 238/238 237/237 236/236
f 237/237 238/238 239/239
f 242/242 241/241 240/240
f 243/243 242/242 240/240
f 244/244 243/243 240/240
f 245/245 244/244 240/240
f 245/245 246/246 244/244
f 247/247 246/246 245/245
f 248/248 247/247 245/245
f 248/248 245/245 249/249
f 249/249 245/245 250/250
f 249/249 250/250 251/251
f 251/251 250/250 252/252
f 253/253 242/242 243/243
f 253/253 243/243 254/254
f 255/255 242/242 253/253
f 256/256 253/253 254/254
f 257/257 255/255 253/253
f 257/257 253/253 256/256
f 258/258 257/257 256/256
f 259/259 257/257 258/258
f 259/259 260/260 257/257
f 259/259 261/261 260/260
f 259/259 262/262 261/261
f 261/261 262/262 263/263
f 262/262 264/264 263/263
f 264/264 262/262 265/265
f 266/266 264/264 265/265
f 266/266 265/265 267/267
f 267/267 268/268 266/266
f 269/269 268/268 267/267
f 269/269 270/270 268/268
f 271/271 266/266 268/268
f 271/271 272/272 266/266
f 273/273 268/268 270/270
f 273/273 270/270 274/274
f 275/275 273/273 274/274
f 276/276 275/275 274/274
f 276/276 274/274 277/277
f 278/278 276/276 277/277
f 277/277 279/279 278/278
f 279/279 280/280 278/278
f 278/278 280/280 281/281
f 281/281 282/282 278/278
f 283/283 282/282 281/281
f 283/283 281/281 284/284
f 284/284 285/285 283/283
f 286/286 285/285 284/284
f 286/286 284/284 287/287
f 288/288 286/286 287/287
f 287/287 289/289 288/288
f 287/287 290/290 289/289
f 289/289 290/290 291/291
f 291/291 292/292 289/289
f 291/291 293/293 292/292
f 294/294 292/292 293/293
f 294/294 295/295 292/292
f 295/295 296/296 292/292
f 297/297 292/292 296/296
f 295/295 298/298 296/296
f 299/299 297/297 296/296
f 296/296 298/298 300/300
f 299/299 296/296 301/301
f 301/301 296/296 300/300
f 301/301 302/302 299/299
f 301/301 303/303 302/302
f 304/304 303/303 301/301
f 301/301 300/300 305/305
f 304/304 301/301 305/305
f 306/306 305/305 300/300
f 304/304 305/305 307/307
f 308/308 304/304 307/307
f 308/308 307/307 309/309
f 309/309 307/307 310/310
f 307/307 311/311 310/310
f 306/306 312/312 305/305
f 307/307 305/305 312/312
f 307/307 312/312 311/311
f 306/306 313/313 312/312
f 312/312 252/252 311/311
f 313/313 251/251 312/312
f 312/312 251/251 252/252
f 316/316 315/315 314/314
f 316/316 317/317 315/315
f 317/317 318/318 315/315
f 319/319 315/315 318/318
f 319/319 318/318 320/320
f 317/317 320/320 318/318
f 319/319 320/320 321/321
f 322/322 319/319 321/321
f 322/322 321/321 323/323
f 322/322 323/323 324/324
f 325/325 322/322 324/324
f 320/320 317/317 326/326
f 327/327 325/325 324/324
f 325/325 327/327 328/328
f 327/327 324/324 329/329
f 330/330 328/328 327/327
f 317/317 316/316 331/331
f 317/317 331/331 326/326
f 316/316 332/332 331/331
f 331/331 332/332 326/326
f 316/316 333/333 332/332
f 332/332 334/334 326/326
f 333/333 335/335 332/332
f 332/332 335/335 334/334
f 333/333 336/336 335/335
f 337/337 327/327 329/329
f 337/337 330/330 327/327
f 338/338 337/337 329/329
f 330/330 337/337 338/338
f 330/330 338/338 339/339
f 338/338 329/329 340/340
f 339/339 338/338 341/341
f 342/342 338/338 340/340
f 338/338 342/342 341/341
f 342/342 340/340 343/343
f 342/342 344/344 341/341
f 335/335 345/345 334/334
f 346/346 334/334 345/345
f 347/347 342/342 343/343
f 347/347 344/344 342/342
f 347/347 343/343 348/348
f 347/347 348/348 344/344
f 348/348 349/349 344/344
f 343/343 350/350 348/348
f 348/348 351/351 349/349
f 352/352 348/348 350/350
f 352/352 351/351 348/348
f 352/352 350/350 353/353
f 352/352 354/354 351/351
f 354/354 352/352 353/353
f 354/354 355/355 351/351
f 354/354 353/353 356/356
f 354/354 356/356 355/355
f 357/357 356/356 353/353
f 356/356 358/358 355/355
f 359/359 356/356 357/357
f 356/356 360/360 358/358
f 360/360 356/356 359/359
f 360/360 361/361 358/358
f 360/360 359/359 362/362
f 360/360 363/363 361/361
f 363/363 360/360 362/362
f 363/363 364/364 361/361
f 363/363 365/365 364/364
f 363/363 362/362 366/366
f 366/366 365/365 363/363
f 362/362 367/367 366/366
f 366/366 368/368 365/365
f 366/366 367/367 368/368
f 368/368 369/369 365/365
f 370/370 368/368 367/367
f 368/368 371/371 369/369
f 371/371 368/368 370/370
f 371/371 372/372 369/369
f 371/371 370/370 373/373
f 371/371 374/374 372/372
f 374/374 371/371 373/373
f 374/374 375/375 372/372
f 374/374 373/373 376/376
f 374/374 377/377 375/375
f 377/377 374/374 376/376
f 377/377 378/378 375/375
f 377/377 376/376 379/379
f 377/377 379/379 378/378
f 376/376 380/380 379/379
f 379/379 381/381 378/378
f 382/382 379/379 380/380
f 379/379 383/383 381/381
f 383/383 379/379 382/382
f 383/383 384/384 381/381
f 383/383 382/382 385/385
f 386/386 384/384 383/383
f 387/387 383/383 385/385
f 387/387 386/386 383/383
f 387/387 385/385 388/388
f 386/386 387/387 389/389
f 387/387 388/388 389/389
f 386/386 389/389 390/390
f 391/391 389/389 388/388
f 390/390 389/389 391/391
f 392/392 390/390 391/391
f 391/391 388/388 393/393
f 392/392 391/391 394/394
f 394/394 391/391 393/393
f 395/395 392/392 394/394
f 394/394 393/393 396/396
f 395/395 394/394 396/396
f 393/393 397/397 396/396
f 398/398 395/395 396/396
f 399/399 396/396 397/397
f 398/398 396/396 399/399
f 400/400 398/398 399/399
f 399/399 397/397 401/401
f 400/400 399/399 402/402
f 401/401 402/402 399/399
f 403/403 400/400 402/402
f 403/403 402/402 404/404
f 401/401 405/405 402/402
f 404/404 402/402 405/405
f 401/401 406/406 405/405
f 404/404 405/405 407/407
f 406/406 407/407 405/405
f 408/408 404/404 407/407
f 407/407 406/406 409/409
f 408/408 407/407 410/410
f 410/410 407/407 409/409
f 411/411 408/408 410/410
f 412/412 410/410 409/409
f 411/411 410/410 412/412
f 412/412 409/409 413/413
f 414/414 411/411 412/412
f 413/413 415/415 412/412
f 414/414 412/412 415/415
f 413/413 416/416 415/415
f 414/414 415/415 417/417
f 416/416 418/418 415/415
f 417/417 415/415 418/418
f 416/416 419/419 418/418
f 420/420 417/417 418/418
f 417/417 420/420 421/421
f 420/420 422/422 421/421
f 420/420 423/423 422/422
f 424/424 418/418 419/419
f 420/420 418/418 424/424
f 420/420 424/424 423/423
f 425/425 424/424 419/419
f 426/426 423/423 424/424
f 426/426 424/424 425/425
f 426/426 427/427 423/423
f 426/426 425/425 428/428
f 425/425 429/429 428/428
f 426/426 430/430 427/427
f 430/430 426/426 428/428
f 431/431 428/428 429/429
f 346/346 431/431 429/429
f 430/430 432/432 427/427
f 433/433 427/427 432/432
f 430/430 336/336 432/432
f 430/430 428/428 434/434
f 431/431 434/434 428/428
f 336/336 430/430 434/434
f 431/431 346/346 435/435
f 431/431 435/435 434/434
f 346/346 345/345 435/435
f 336/336 434/434 436/436
f 436/436 434/434 435/435
f 436/436 435/435 345/345
f 336/336 436/436 335/335
f 335/335 436/436 345/345
f 439/439 438/438 437/437
f 440/440 439/439 437/437
f 440/440 437/437 441/441
f 440/440 441/441 442/442
f 439/439 440/440 443/443
f 439/439 443/443 444/444
f 445/445 440/440 442/442
f 440/440 445/445 443/443
f 445/445 442/442 446/446
f 445/445 446/446 447/447
f 443/443 448/448 444/444
f 448/448 449/449 444/444
f 445/445 450/450 443/443
f 443/443 450/450 448/448
f 445/445 447/447 451/451
f 445/445 451/451 450/450
f 452/452 451/451 447/447
f 453/453 450/450 451/451
f 452/452 453/453 451/451
f 450/450 454/454 448/448
f 450/450 453/453 454/454
f 452/452 447/447 455/455
f 456/456 455/455 447/447
f 456/456 457/457 455/455
f 456/456 458/458 457/457
f 459/459 449/449 448/448
f 460/460 448/448 454/454
f 460/460 459/459 448/448
f 461/461 460/460 454/454
f 460/460 462/462 459/459
f 463/463 449/449 459/459
f 462/462 463/463 459/459
f 463/463 464/464 449/449
f 463/463 465/465 464/464
f 466/466 461/461 454/454
f 453/453 466/466 454/454
f 467/467 461/461 466/466
f 468/468 463/463 462/462
f 463/463 468/468 465/465
f 468/468 462/462 469/469
f 453/453 470/470 466/466
f 467/467 466/466 470/470
f 453/453 452/452 470/470
f 467/467 470/470 471/471
f 465/465 468/468 472/472
f 468/468 469/469 472/472
f 465/465 472/472 473/473
f 469/469 474/474 472/472
f 472/472 475/475 473/473
f 476/476 470/470 452/452
f 470/470 476/476 471/471
f 476/476 452/452 455/455
f 474/474 477/477 472/472
f 472/472 477/477 475/475
f 477/477 478/478 475/475
f 479/479 477/477 474/474
f 476/476 480/480 471/471
f 480/480 476/476 455/455
f 480/480 455/455 457/457
f 480/480 481/481 471/471
f 481/481 480/480 457/457
f 481/481 457/457 458/458
f 477/477 482/482 478/478
f 479/479 482/482 477/477
f 482/482 483/483 478/478
f 481/481 458/458 484/484
f 485/485 481/481 484/484
f 458/458 486/486 484/484
f 485/485 484/484 486/486
f 487/487 485/485 486/486
f 479/479 488/488 482/482
f 482/482 488/488 483/483
f 479/479 489/489 488/488
f 488/488 490/490 483/483
f 491/491 488/488 489/489
f 488/488 491/491 490/490
f 489/489 492/492 491/491
f 491/491 493/493 490/490
f 494/494 491/491 492/492
f 491/491 494/494 493/493
f 494/494 495/495 493/493
f 494/494 492/492 496/496
f 494/494 497/497 495/495
f 497/497 494/494 496/496
f 497/497 498/498 495/495
f 499/499 497/497 496/496
f 497/497 499/499 498/498
f 499/499 496/496 500/500
f 499/499 501/501 498/498
f 499/499 500/500 502/502
f 499/499 502/502 501/501
f 503/503 501/501 502/502
f 504/504 502/502 500/500
f 503/503 502/502 505/505
f 505/505 502/502 504/504
f 506/506 503/503 505/505
f 504/504 507/507 505/505
f 506/506 505/505 507/507
f 504/504 508/508 507/507
f 509/509 506/506 507/507
f 508/508 510/510 507/507
f 507/507 510/510 509/509
f 508/508 511/511 510/510
f 510/510 512/512 509/509
f 512/512 510/510 511/511
f 513/513 509/509 512/512
f 512/512 511/511 514/514
f 515/515 513/513 512/512
f 516/516 512/512 514/514
f 515/515 512/512 516/516
f 516/516 514/514 517/517
f 517/517 518/518 516/516
f 519/519 515/515 516/516
f 516/516 518/518 520/520
f 516/516 520/520 519/519
f 518/518 521/521 520/520
f 520/520 522/522 519/519
f 521/521 522/522 520/520
f 523/523 519/519 522/522
f 524/524 523/523 522/522
f 525/525 522/522 521/521
f 522/522 525/525 524/524
f 521/521 526/526 525/525
f 525/525 527/527 524/524
f 528/528 525/525 526/526
f 525/525 528/528 527/527
f 528/528 529/529 527/527
f 528/528 526/526 530/530
f 528/528 531/531 529/529
f 528/528 530/530 531/531
f 531/531 532/532 529/529
f 533/533 531/531 530/530
f 531/531 533/533 532/532
f 533/533 530/530 534/534
f 533/533 535/535 532/532
f 536/536 533/533 534/534
f 533/533 536/536 535/535
f 537/537 536/536 534/534
f 536/536 538/538 535/535
f 536/536 537/537 539/539
f 536/536 539/539 538/538
f 537/537 540/540 539/539
f 539/539 541/541 538/538
f 542/542 539/539 540/540
f 539/539 543/543 541/541
f 539/539 542/542 543/543
f 543/543 544/544 541/541
f 542/542 545/545 543/543
f 543/543 546/546 544/544
f 545/545 546/546 543/543
f 546/546 547/547 544/544
f 546/546 545/545 548/548
f 546/546 549/549 547/547
f 549/549 546/546 548/548
f 550/550 547/547 549/549
f 550/550 549/549 548/548
f 550/550 551/551 547/547
f 550/550 548/548 552/552
f 553/553 551/551 550/550
f 554/554 550/550 552/552
f 554/554 553/553 550/550
f 552/552 555/555 554/554
f 553/553 554/554 556/556
f 555/555 556/556 554/554
f 553/553 556/556 557/557
f 558/558 557/557 556/556
f 555/555 559/559 556/556
f 558/558 556/556 559/559
f 560/560 558/558 559/559
f 560/560 559/559 561/561
f 562/562 560/560 561/561
f 562/562 561/561 563/563
f 564/564 562/562 563/563
f 564/564 563/563 565/565
f 566/566 564/564 565/565
f 567/567 566/566 565/565
f 567/567 565/565 487/487
f 568/568 564/564 566/566
f 568/568 566/566 567/567
f 568/568 567/567 487/487
f 564/564 568/568 486/486
f 487/487 486/486 568/568
f 571/571 570/570 569/569
f 572/572 571/571 569/569
f 572/572 569/569 573/573
f 571/571 572/572 574/574
f 572/572 573/573 575/575
f 572/572 576/576 574/574
f 572/572 575/575 577/577
f 575/575 578/578 577/577
f 578/578 579/579 577/577
f 580/580 579/579 578/578
f 579/579 580/580 581/581
f 572/572 577/577 582/582
f 579/579 582/582 577/577
f 576/576 572/572 583/583
f 583/583 572/572 582/582
f 576/576 583/583 584/584
f 583/583 582/582 584/584
f 585/585 576/576 584/584
f 586/586 585/585 584/584
f 586/586 584/584 587/587
f 579/579 588/588 582/582
f 588/588 584/584 582/582
f 589/589 579/579 581/581
f 579/579 589/589 588/588
f 590/590 587/587 584/584
f 588/588 590/590 584/584
f 591/591 589/589 581/581
f 591/591 581/581 592/592
f 592/592 593/593 591/591
f 591/591 593/593 594/594
f 594/594 593/593 595/595
f 596/596 589/589 591/591
f 596/596 591/591 594/594
f 597/597 588/588 589/589
f 596/596 597/597 589/589
f 594/594 595/595 598/598
f 595/595 599/599 598/598
f 597/597 600/600 588/588
f 600/600 590/590 588/588
f 600/600 601/601 590/590
f 596/596 594/594 602/602
f 602/602 594/594 598/598
f 596/596 603/603 597/597
f 603/603 600/600 597/597
f 603/603 596/596 602/602
f 599/599 604/604 598/598
f 604/604 599/599 605/605
f 600/600 603/603 606/606
f 601/601 600/600 606/606
f 603/603 602/602 607/607
f 603/603 607/607 606/606
f 602/602 598/598 608/608
f 604/604 608/608 598/598
f 607/607 602/602 608/608
f 609/609 604/604 605/605
f 610/610 609/609 605/605
f 609/609 610/610 611/611
f 612/612 609/609 611/611
f 608/608 604/604 613/613
f 604/604 609/609 613/613
f 607/607 608/608 614/614
f 608/608 613/613 614/614
f 615/615 606/606 607/607
f 615/615 607/607 614/614
f 612/612 616/616 609/609
f 616/616 613/613 609/609
f 617/617 616/616 612/612
f 617/617 613/613 616/616
f 617/617 612/612 618/618
f 614/614 613/613 619/619
f 613/613 617/617 619/619
f 617/617 618/618 619/619
f 615/615 614/614 619/619
f 620/620 619/619 618/618
f 615/615 619/619 620/620
f 606/606 615/615 621/621
f 601/601 606/606 621/621
f 622/622 615/615 620/620
f 621/621 615/615 622/622
f 622/622 620/620 623/623
f 624/624 622/622 623/623
f 621/621 622/622 624/624
f 624/624 623/623 625/625
f 621/621 626/626 601/601
f 621/621 624/624 626/626
f 627/627 624/624 625/625
f 627/627 625/625 628/628
f 624/624 629/629 626/626
f 624/624 627/627 629/629
f 628/628 630/630 627/627
f 628/628 631/631 630/630
f 627/627 632/632 629/629
f 627/627 630/630 632/632
f 633/633 626/626 629/629
f 634/634 601/601 626/626
f 633/633 634/634 626/626
f 635/635 629/629 632/632
f 635/635 633/633 629/629
f 631/631 636/636 630/630
f 630/630 637/637 632/632
f 630/630 636/636 637/637
f 638/638 636/636 631/631
f 638/638 631/631 639/639
f 640/640 635/635 632/632
f 640/640 632/632 637/637
f 636/636 641/641 637/637
f 636/636 638/638 641/641
f 639/639 642/642 638/638
f 639/639 643/643 642/642
f 644/644 640/640 637/637
f 644/644 637/637 641/641
f 638/638 645/645 641/641
f 638/638 642/642 645/645
f 643/643 646/646 642/642
f 643/643 647/647 646/646
f 648/648 644/644 641/641
f 648/648 641/641 645/645
f 642/642 649/649 645/645
f 642/642 646/646 649/649
f 650/650 646/646 647/647
f 650/650 647/647 651/651
f 652/652 648/648 645/645
f 652/652 645/645 649/649
f 646/646 653/653 649/649
f 646/646 650/650 653/653
f 651/651 654/654 650/650
f 651/651 655/655 654/654
f 650/650 654/654 656/656
f 650/650 656/656 653/653
f 654/654 655/655 657/657
f 654/654 657/657 656/656
f 655/655 658/658 657/657
f 659/659 649/649 653/653
f 659/659 652/652 649/649
f 660/660 653/653 656/656
f 660/660 659/659 653/653
f 661/661 657/657 658/658
f 661/661 658/658 662/662
f 656/656 657/657 663/663
f 663/663 660/660 656/656
f 657/657 661/661 663/663
f 662/662 664/664 661/661
f 662/662 665/665 664/664
f 666/666 664/664 665/665
f 666/666 665/665 667/667
f 667/667 668/668 666/666
f 669/669 668/668 667/667
f 669/669 670/670 668/668
f 669/669 671/671 670/670
f 659/659 660/660 672/672
f 673/673 660/660 663/663
f 660/660 673/673 672/672
f 663/663 661/661 674/674
f 674/674 673/673 663/663
f 661/661 664/664 675/675
f 661/661 675/675 674/674
f 664/664 666/666 676/676
f 664/664 676/676 675/675
f 666/666 668/668 677/677
f 666/666 677/677 676/676
f 668/668 670/670 678/678
f 668/668 678/678 677/677
f 659/659 672/672 679/679
f 652/652 659/659 679/679
f 652/652 679/679 680/680
f 648/648 652/652 680/680
f 648/648 680/680 681/681
f 644/644 648/648 681/681
f 644/644 681/681 682/682
f 640/640 644/644 682/682
f 640/640 682/682 683/683
f 635/635 640/640 683/683
f 635/635 683/683 684/684
f 633/633 635/635 684/684
f 685/685 683/683 682/682
f 685/685 684/684 683/683
f 686/686 685/685 682/682
f 686/686 682/682 681/681
f 681/681 687/687 686/686
f 681/681 680/680 687/687
f 688/688 687/687 680/680
f 688/688 680/680 679/679
f 689/689 688/688 679/679
f 685/685 690/690 684/684
f 689/689 679/679 672/672
f 690/690 691/691 684/684
f 692/692 689/689 672/672
f 633/633 684/684 693/693
f 691/691 693/693 684/684
f 634/634 633/633 693/693
f 691/691 694/694 693/693
f 634/634 693/693 694/694
f 691/691 695/695 694/694
f 634/634 694/694 601/601
f 694/694 695/695 696/696
f 694/694 696/696 601/601
f 695/695 587/587 696/696
f 601/601 696/696 590/590
f 696/696 587/587 590/590
f 692/692 672/672 697/697
f 697/697 672/672 673/673
f 697/697 698/698 692/692
f 698/698 699/699 692/692
f 673/673 700/700 697/697
f 697/697 700/700 698/698
f 673/673 674/674 700/700
f 698/698 701/701 699/699
f 700/700 701/701 698/698
f 701/701 702/702 699/699
f 703/703 702/702 701/701
f 674/674 704/704 700/700
f 700/700 704/704 701/701
f 674/674 675/675 704/704
f 703/703 701/701 705/705
f 704/704 705/705 701/701
f 706/706 703/703 705/705
f 675/675 707/707 704/704
f 704/704 707/707 705/705
f 675/675 676/676 707/707
f 706/706 705/705 708/708
f 707/707 708/708 705/705
f 706/706 708/708 709/709
f 676/676 710/710 707/707
f 707/707 710/710 708/708
f 676/676 677/677 710/710
f 711/711 709/709 708/708
f 710/710 711/711 708/708
f 712/712 709/709 711/711
f 677/677 713/713 710/710
f 710/710 713/713 711/711
f 677/677 678/678 713/713
f 712/712 711/711 714/714
f 713/713 714/714 711/711
f 712/712 714/714 715/715
f 678/678 716/716 713/713
f 713/713 716/716 714/714
f 717/717 715/715 714/714
f 716/716 717/717 714/714
f 678/678 718/718 716/716
f 670/670 718/718 678/678
f 715/715 717/717 719/719
f 720/720 715/715 719/719
f 716/716 721/721 717/717
f 718/718 721/721 716/716
f 721/721 719/719 717/717
f 670/670 722/722 718/718
f 722/722 670/670 671/671
f 720/720 719/719 723/723
f 724/724 720/720 723/723
f 721/721 725/725 719/719
f 725/725 723/723 719/719
f 718/718 726/726 721/721
f 722/722 726/726 718/718
f 726/726 725/725 721/721
f 722/722 671/671 727/727
f 727/727 671/671 728/728
f 729/729 722/722 727/727
f 729/729 727/727 728/728
f 722/722 729/729 726/726
f 728/728 730/730 729/729
f 724/724 723/723 731/731
f 732/732 724/724 731/731
f 725/725 733/733 723/723
f 733/733 731/731 723/723
f 726/726 734/734 725/725
f 729/729 734/734 726/726
f 734/734 733/733 725/725
f 730/730 735/735 729/729
f 729/729 735/735 734/734
f 732/732 731/731 736/736
f 732/732 736/736 737/737
f 733/733 738/738 731/731
f 738/738 736/736 731/731
f 734/734 739/739 733/733
f 735/735 739/739 734/734
f 739/739 738/738 733/733
f 730/730 740/740 735/735
f 735/735 740/740 739/739
f 730/730 741/741 740/740
f 739/739 742/742 738/738
f 740/740 742/742 739/739
f 741/741 743/743 740/740
f 743/743 741/741 744/744
f 743/743 745/745 740/740
f 743/743 744/744 745/745
f 740/740 745/745 742/742
f 742/742 746/746 738/738
f 738/738 746/746 736/736
f 744/744 747/747 745/745
f 744/744 748/748 747/747
f 745/745 749/749 742/742
f 742/742 749/749 746/746
f 750/750 745/745 747/747
f 750/750 747/747 748/748
f 745/745 750/750 749/749
f 751/751 750/750 748/748
f 750/750 751/751 749/749
f 751/751 748/748 752/752
f 753/753 751/751 752/752
f 749/749 754/754 746/746
f 754/754 749/749 751/751
f 746/746 755/755 736/736
f 746/746 754/754 755/755
f 753/753 756/756 751/751
f 753/753 757/757 756/756
f 754/754 751/751 758/758
f 755/755 754/754 758/758
f 756/756 758/758 751/751
f 759/759 756/756 757/757
f 757/757 760/760 759/759
f 761/761 736/736 755/755
f 761/761 737/737 736/736
f 737/737 761/761 762/762
f 761/761 755/755 763/763
f 761/761 763/763 762/762
f 755/755 764/764 763/763
f 755/755 758/758 764/764
f 765/765 762/762 763/763
f 765/765 763/763 764/764
f 766/766 762/762 765/765
f 767/767 758/758 756/756
f 759/759 767/767 756/756
f 768/768 764/764 758/758
f 768/768 765/765 764/764
f 767/767 768/768 758/758
f 769/769 766/766 765/765
f 769/769 765/765 768/768
f 770/770 766/766 769/769
f 771/771 768/768 767/767
f 771/771 769/769 768/768
f 772/772 770/770 769/769
f 772/772 769/769 771/771
f 773/773 770/770 772/772
f 774/774 767/767 759/759
f 774/774 771/771 767/767
f 773/773 772/772 775/775
f 773/773 775/775 776/776
f 772/772 777/777 775/775
f 778/778 772/772 771/771
f 772/772 778/778 777/777
f 778/778 771/771 774/774
f 778/778 779/779 777/777
f 778/778 780/780 779/779
f 780/780 778/778 774/774
f 780/780 781/781 779/779
f 782/782 774/774 759/759
f 780/780 774/774 782/782
f 782/782 759/759 760/760
f 760/760 783/783 782/782
f 781/781 783/783 784/784
f 780/780 785/785 781/781
f 785/785 780/780 782/782
f 781/781 785/785 783/783
f 785/785 782/782 783/783
f 788/788 787/787 786/786
f 787/787 789/789 786/786
f 790/790 789/789 787/787
f 791/791 790/790 787/787
f 791/791 787/787 792/792
f 791/791 792/792 793/793
f 794/794 791/791 793/793
f 795/795 791/791 794/794
f 795/795 796/796 791/791
f 796/796 797/797 791/791
f 798/798 791/791 797/797
f 798/798 799/799 791/791
f 799/799 800/800 791/791
f 799/799 801/801 800/800
f 799/799 802/802 801/801
f 802/802 803/803 801/801
f 801/801 803/803 804/804
f 805/805 801/801 804/804
f 806/806 801/801 805/805
f 806/806 807/807 801/801
f 807/807 808/808 801/801
f 809/809 801/801 808/808
f 809/809 810/810 801/801
f 810/810 811/811 801/801
f 810/810 812/812 811/811
f 813/813 812/812 810/810
f 816/816 815/815 814/814
f 816/816 817/817 815/815
f 817/817 818/818 815/815
f 817/817 819/819 818/818
f 819/819 820/820 818/818
f 819/819 821/821 820/820
f 821/821 822/822 820/820
f 821/821 823/823 822/822
f 823/823 824/824 822/822
f 823/823 825/825 824/824
f 825/825 826/826 824/824
f 825/825 827/827 826/826
f 827/827 828/828 826/826
f 827/827 829/829 828/828
f 829/829 830/830 828/828
f 829/829 831/831 830/830
f 831/831 832/832 830/830
f 831/831 833/833 832/832
f 833/833 834/834 832/832
f 833/833 835/835 834/834
f 835/835 836/836 834/834
f 835/835 837/837 836/836
f 837/837 838/838 836/836
f 837/837 839/839 838/838
f 839/839 840/840 838/838
f 839/839 841/841 840/840
f 841/841 842/842 840/840
f 841/841 843/843 842/842
f 843/843 844/844 842/842
f 843/843 845/845 844/844
f 845/845 846/846 844/844
f 845/845 847/847 846/846
f 847/847 848/848 846/846
f 847/847 849/849 848/848
f 849/849 850/850 848/848
f 849/849 851/851 850/850
f 851/851 852/852 850/850
f 851/851 853/853 852/852
f 853/853 854/854 852/852
f 853/853 855/855 854/854
f 855/855 856/856 854/854
f 855/855 857/857 856/856
f 857/857 858/858 856/856
f 857/857 859/859 858/858
f 859/859 860/860 858/858
f 859/859 861/861 860/860
f 861/861 862/862 860/860
f 861/861 863/863 862/862
f 863/863 864/864 862/862
f 863/863 865/865 864/864
f 865/865 866/866 864/864
f 865/865 867/867 866/866
f 867/867 868/868 866/866
f 867/867 869/869 868/868
f 869/869 870/870 868/868
f 869/869 871/871 870/870
f 874/874 873/873 872/872
f 873/873 875/875 872/872
f 876/876 872/872 875/875
f 876/876 877/877 872/872
f 877/877 878/878 872/872
f 879/879 872/872 878/878
f 879/879 880/880 872/872
f 880/880 881/881 872/872
f 882/882 872/872 881/881
f 882/882 883/883 872/872
f 883/883 884/884 872/872
f 885/885 872/872 884/884
f 885/885 886/886 872/872
f 886/886 887/887 872/872
f 888/888 872/872 887/887
f 889/889 872/872 888/888
f 889/889 890/890 872/872
f 890/890 891/891 872/872
f 892/892 872/872 891/891
f 892/892 893/893 872/872
f 893/893 894/894 872/872
f 895/895 872/872 894/894
f 895/895 896/896 872/872
f 896/896 897/897 872/872
f 898/898 872/872 897/897
f 898/898 899/899 872/872
f 902/902 901/901 900/900
f 903/903 902/902 900/900
f 903/903 900/900 904/904
f 905/905 903/903 904/904
f 905/905 904/904 906/906
f 907/907 905/905 906/906
f 907/907 906/906 908/908
f 909/909 907/907 908/908
f 909/909 908/908 910/910
f 911/911 909/909 910/910
f 911/911 910/910 912/912
f 913/913 911/911 912/912
f 913/913 912/912 914/914
f 915/915 913/913 914/914
f 915/915 914/914 916/916
f 917/917 915/915 916/916
f 917/917 916/916 918/918
f 919/919 917/917 918/918
f 919/919 918/918 920/920
f 921/921 919/919 920/920
f 921/921 920/920 922/922
f 923/923 921/921 922/922
f 923/923 922/922 924/924
f 925/925 923/923 924/924
f 925/925 924/924 926/926
f 927/927 925/925 926/926
f 927/927 926/926 928/928
f 929/929 927/927 928/928
f 929/929 928/928 930/930
f 931/931 929/929 930/930
f 931/931 930/930 932/932
f 933/933 931/931 932/932
f 933/933 932/932 934/934
f 935/935 933/933 934/934
f 935/935 934/934 936/936
f 937/937 935/935 936/936
f 937/937 936/936 938/938
f 939/939 937/937 938/938
f 939/939 938/938 940/940
f 941/941 939/939 940/940
f 941/941 940/940 942/942
f 943/943 941/941 942/942
f 943/943 942/942 944/944
f 945/945 943/943 944/944
f 945/945 944/944 946/946
f 947/947 945/945 946/946
f 947/947 946/946 948/948
f 949/949 947/947 948/948
f 949/949 948/948 950/950
f 951/951 949/949 950/950
f 951/951 950/950 952/952
f 953/953 951/951 952/952
f 953/953 952/952 954/954
f 955/955 953/953 954/954
f 955/955 954/954 956/956
f 957/957 955/955 956/956
f 960/960 959/959 958/958
f 960/960 961/961 959/959
f 961/961 962/962 959/959
f 963/963 959/959 962/962
f 963/963 964/964 959/959
f 964/964 965/965 959/959
f 966/966 959/959 965/965
f 966/966 967/967 959/959
f 967/967 968/968 959/959
f 969/969 959/959 968/968
f 969/969 970/970 959/959
f 970/970 971/971 959/959
f 972/972 959/959 971/971
f 973/973 959/959 972/972
f 973/973 974/974 959/959
f 974/974 975/975 959/959
f 976/976 959/959 975/975
f 976/976 977/977 959/959
f 977/977 978/978 959/959
f 979/979 959/959 978/978
f 979/979 980/980 959/959
f 980/980 981/981 959/959
f 982/982 959/959 981/981
f 982/982 983/983 959/959
f 983/983 984/984 959/959
f 985/985 959/959 984/984
f 988/988 987/987 986/986
f 987/987 989/989 986/986
f 988/988 986/986 990/990
f 991/991 986/986 989/989
f 992/992 988/988 990/990
f 991/991 989/989 993/993
f 992/992 990/990 994/994
f 995/995 991/991 993/993
f 996/996 992/992 994/994
f 995/995 993/993 997/997
f 996/996 994/994 998/998
f 999/999 995/995 997/997
f 1000/1000 996/996 998/998
f 999/999 997/997 1001/1001
f 1000/1000 998/998 1002/1002
f 1003/1003 999/999 1001/1001
f 1004/1004 1000/1000 1002/1002
f 1003/1003 1001/1001 1005/1005
f 1004/1004 1002/1002 1006/1006
f 1007/1007 1003/1003 1005/1005
f 1008/1008 1004/1004 1006/1006
f 1007/1007 1005/1005 1009/1009
f 1008/1008 1006/1006 1010/1010
f 1011/1011 1007/1007 1009/1009
f 1012/1012 1008/1008 1010/1010
f 1011/1011 1009/1009 1013/1013
f 1012/1012 1010/1010 1014/1014
f 1015/1015 1011/1011 1013/1013
f 1016/1016 1012/1012 1014/1014
f 1015/1015 1013/1013 1017/1017
f 1016/1016 1014/1014 1018/1018
f 1019/1019 1015/1015 1017/1017
f 1020/1020 1016/1016 1018/1018
f 1019/1019 1017/1017 1021/1021
f 1020/1020 1018/1018 1022/1022
f 1023/1023 1019/1019 1021/1021
f 1024/1024 1020/1020 1022/1022
f 1023/1023 1021/1021 1025/1025
f 1024/1024 1022/1022 1026/1026
f 1027/1027 1023/1023 1025/1025
f 1028/1028 1024/1024 1026/1026
f 1027/1027 1025/1025 1029/1029
f 1028/1028 1026/1026 1030/1030
f 1031/1031 1027/1027 1029/1029
f 1032/1032 1028/1028 1030/1030
f 1031/1031 1029/1029 1033/1033
f 1032/1032 1030/1030 1034/1034
f 1035/1035 1031/1031 1033/1033
f 1036/1036 1032/1032 1034/1034
f 1035/1035 1033/1033 1037/1037
f 1036/1036 1034/1034 1038/1038
f 1039/1039 1035/1035 1037/1037
f 1040/1040 1036/1036 1038/1038
f 1039/1039 1037/1037 1041/1041
f 1040/1040 1038/1038 1042/1042
f 1042/1042 1039/1039 1041/1041
f 1040/1040 1042/1042 1043/1043
f 1042/1042 1041/1041 1043/1043
f 1046/1046 1045/1045 1044/1044
f 1047/1047 1044/1044 1045/1045
f 1046/1046 1048/1048 1045/1045
f 1047/1047 1045/1045 1049/1049
f 1046/1046 1050/1050 1048/1048
f 1049/1049 1051/1051 1047/1047
f 1052/1052 1048/1048 1050/1050
f 1052/1052 1050/1050 1053/1053
f 1049/1049 1054/1054 1051/1051
f 1054/1054 1055/1055 1051/1051
f 1056/1056 1055/1055 1054/1054
f 1053/1053 1057/1057 1052/1052
f 1053/1053 1058/1058 1057/1057
f 1059/1059 1057/1057 1058/1058
f 1056/1056 1054/1054 1060/1060
f 1056/1056 1060/1060 1061/1061
f 1059/1059 1062/1062 1057/1057
f 1059/1059 1063/1063 1062/1062
f 1063/1063 1064/1064 1062/1062
f 1065/1065 1061/1061 1060/1060
f 1065/1065 1060/1060 1066/1066
f 1065/1065 1066/1066 1067/1067
f 1068/1068 1065/1065 1067/1067
f 1067/1067 1069/1069 1068/1068
f 1070/1070 1068/1068 1069/1069
f 1070/1070 1069/1069 1071/1071
f 1072/1072 1070/1070 1071/1071
f 1072/1072 1071/1071 1073/1073
f 1073/1073 1074/1074 1072/1072
f 1073/1073 1075/1075 1074/1074
f 1064/1064 1076/1076 1062/1062
f 1064/1064 1077/1077 1076/1076
f 1076/1076 1077/1077 1078/1078
f 1079/1079 1076/1076 1078/1078
f 1078/1078 1080/1080 1079/1079
f 1080/1080 1081/1081 1079/1079
f 1081/1081 1080/1080 1082/1082
f 1075/1075 1083/1083 1074/1074
f 1083/1083 1075/1075 1084/1084
f 1085/1085 1081/1081 1082/1082
f 1086/1086 1085/1085 1082/1082
f 1086/1086 1087/1087 1085/1085
f 1087/1087 1088/1088 1085/1085
f 1089/1089 1088/1088 1087/1087
f 1083/1083 1084/1084 1090/1090
f 1091/1091 1083/1083 1090/1090
f 1092/1092 1091/1091 1090/1090
f 1092/1092 1090/1090 1093/1093
f 1092/1092 1093/1093 1094/1094
f 1089/1089 1095/1095 1088/1088
f 1089/1089 1096/1096 1095/1095
f 1095/1095 1096/1096 1097/1097
f 1094/1094 1093/1093 1098/1098
f 1099/1099 1094/1094 1098/1098
f 1098/1098 1100/1100 1099/1099
f 1098/1098 1101/1101 1100/1100
f 1102/1102 1100/1100 1101/1101
f 1102/1102 1101/1101 1103/1103
f 1104/1104 1095/1095 1097/1097
f 1105/1105 1104/1104 1097/1097
f 1102/1102 1103/1103 1106/1106
f 1105/1105 1106/1106 1104/1104
f 1103/1103 1107/1107 1106/1106
f 1106/1106 1107/1107 1104/1104
f 1110/1110 1109/1109 1108/1108
f 1109/1109 1111/1111 1108/1108
f 1110/1110 1108/1108 1112/1112
f 1111/1111 1113/1113 1108/1108
f 1112/1112 1114/1114 1110/1110
f 1111/1111 1115/1115 1113/1113
f 1112/1112 1116/1116 1114/1114
f 1115/1115 1117/1117 1113/1113
f 1115/1115 1118/1118 1117/1117
f 1119/1119 1117/1117 1118/1118
f 1119/1119 1118/1118 1120/1120
f 1121/1121 1119/1119 1120/1120
f 1121/1121 1120/1120 1122/1122
f 1123/1123 1121/1121 1122/1122
f 1124/1124 1123/1123 1122/1122
f 1124/1124 1125/1125 1123/1123
f 1124/1124 1126/1126 1125/1125
f 1127/1127 1125/1125 1126/1126
f 1126/1126 1128/1128 1127/1127
f 1128/1128 1129/1129 1127/1127
f 1128/1128 1130/1130 1129/1129
f 1131/1131 1129/1129 1130/1130
f 1131/1131 1130/1130 1132/1132
f 1133/1133 1131/1131 1132/1132
f 1133/1133 1134/1134 1131/1131
f 1133/1133 1135/1135 1134/1134
f 1136/1136 1134/1134 1135/1135
f 1136/1136 1135/1135 1137/1137
f 1138/1138 1136/1136 1137/1137
f 1137/1137 1139/1139 1138/1138
f 1139/1139 1140/1140 1138/1138
f 1140/1140 1139/1139 1141/1141
f 1142/1142 1140/1140 1141/1141
f 1141/1141 1143/1143 1142/1142
f 1143/1143 1144/1144 1142/1142
f 1143/1143 1145/1145 1144/1144
f 1143/1143 1146/1146 1145/1145
f 1147/1147 1145/1145 1146/1146
f 1147/1147 1148/1148 1145/1145
f 1148/1148 1149/1149 1145/1145
f 1148/1148 1150/1150 1149/1149
f 1148/1148 1151/1151 1150/1150
f 1152/1152 1150/1150 1151/1151
f 1152/1152 1153/1153 1150/1150
f 1153/1153 1154/1154 1150/1150
f 1153/1153 1155/1155 1154/1154
f 1155/1155 1156/1156 1154/1154
f 1155/1155 1157/1157 1156/1156
f 1155/1155 1158/1158 1157/1157
f 1158/1158 1159/1159 1157/1157
f 1157/1157 1159/1159 1160/1160
f 1161/1161 1157/1157 1160/1160
f 1162/1162 1161/1161 1160/1160
f 1162/1162 1163/1163 1161/1161
f 1164/1164 1163/1163 1162/1162
f 1164/1164 1165/1165 1163/1163
f 1164/1164 1166/1166 1165/1165
f 1165/1165 1166/1166 1167/1167
f 1168/1168 1165/1165 1167/1167
f 1116/1116 1168/1168 1167/1167
f 1116/1116 1167/1167 1114/1114
