v 0.0289866925 -0.0238534533 -0.0032621334
v 0.0279902239 -0.0228338516 -0.00389698107
v 0.0279901045 -0.0225564906 0.00864244357
v 0.0289980197 -0.023717566 0.00582083485
v 0.0289957525 -0.0230778274 0.0122581769
v 0.0279573218 -0.0213063647 0.0161998236
v 0.0289434208 -0.0222311534 0.0167457794
v 0.0275897986 -0.0206737784 0.0178781003
v 0.0280709286 -0.0210581919 0.0202298834
v 0.0270177133 -0.0201242618 0.0189523838
v 0.0260695221 -0.0195202468 0.0198720503
v 0.0264028308 -0.0198259286 0.0222782895
v 0.0249270221 -0.0189766455 0.0204192766
v 0.0236777081 -0.0185083548 0.0236113396
v 0.0232831256 -0.0184195198 0.020797069
v 0.0212019689 -0.0180331477 0.0209836464
v 0.0209904917 -0.0180233644 0.0239838584
v -0.00177037552 -0.0179496319 0.0240085603
v -0.00187122667 -0.0179203898 0.0210004553
v -0.00495934322 -0.0173075682 0.0240194538
v -0.00660645818 -0.0167918659 0.0210001235
v -0.00736832446 -0.0164341159 0.0240101581
v -0.00966715683 -0.0151959125 0.0240057183
v -0.0100827203 -0.0149088629 0.0210000086
v -0.011743425 -0.0136627418 0.0240060908
v -0.0132155405 -0.0122889713 0.0210000231
v -0.0137155036 -0.011676207 0.0240088106
v -0.0156848422 -0.00890401707 0.0240096706
v -0.0162771925 -0.00779459948 0.0210000828
v -0.017004608 -0.00594636661 0.0240102585
v -0.0175476667 -0.00402092054 0.021000042
v -0.0178149331 -0.0027296249 0.0240390596
v -0.0179966678 -0.000899161232 0.0240058667
v -0.0179519643 -0.00135034845 0.0210000086
v -0.0179371231 0.00171275831 0.0240068097
v -0.0179519645 0.00135050684 0.0210000086
v -0.0174989695 0.00429147032 0.0240112757
v -0.0175477271 0.00402093348 0.0210000086
v -0.0163799522 0.00757103628 0.0240113761
v -0.0167482495 0.00660075965 0.0210000086
v -0.0155715949 0.00903185365 0.0210000086
v -0.0141904364 0.0111144409 0.0240144465
v -0.0140444051 0.0112594413 0.0210000086
v -0.012113572 0.0133343802 0.0240091831
v -0.0122008333 0.0132333229 0.0210000086
v -0.0101244461 0.01489802 0.0240090259
v -0.0100827229 0.0149090271 0.0210000086
v -0.00705492639 0.0166028412 0.0240141031
v -0.00773763746 0.0162487901 0.0210000086
v -0.00521838816 0.0172224284 0.0210000086
v -0.0032625213 0.0177210558 0.0240042471
v -0.00159752519 0.0179540306 0.0210005819
v -0.000739695205 0.0179844035 0.0240067166
v 0.0215238308 0.0180552078 0.0239680026
v 0.0213521692 0.0180668769 0.0209772174
v 0.0243192886 0.0188040103 0.0233822459
v 0.0241242624 0.0189142978 0.0206405035
v 0.0260746468 0.0198246687 0.0225079013
v 0.0259090634 0.0201602445 0.0199507806
v 0.0273004738 0.021005564 0.0214277272
v 0.0270447704 0.0215493719 0.0189206374
v 0.0281814321 0.0223922379 0.0199781542
v 0.0278427565 0.0233821406 0.0170919549
v 0.02888846 0.0245096449 0.0173381341
v 0.0279955834 0.0262739685 0.0124346843
v 0.028997538 0.0265327017 0.0140356933
v 0.0290076689 0.0282368735 0.0102595477
v 0.0279901001 0.0282169664 0.0068374793
v 0.028991816 0.0294226043 0.00594858684
v 0.0279899807 0.0290276245 0.00125182705
v 0.0289958672 0.0299124858 0.00246037725
v 0.0289911 0.0299966628 -0.00105478193
v 0.0279898614 0.0286416146 -0.00487081525
v 0.0289857362 0.029521243 -0.00554182698
v 0.0279902237 -0.0205099573 -0.0131545166
v 0.0279902237 -0.0213189928 -0.0044745193
v 0.0279902239 -0.0228338516 -0.00389698107
v 0.0279901045 -0.0221190702 -0.0124955666
v 0.0279895076 -0.0195319638 -0.0175718102
v 0.0279502874 -0.0208785704 -0.0183241849
v 0.0277338042 -0.0188822907 -0.0193354368
v 0.0274167065 -0.0202258763 -0.0199473987
v 0.0266869073 -0.0180561887 -0.0208928061
v 0.026456475 -0.019557779 -0.0210966275
v 0.0252856016 -0.0189736027 -0.0219342997
v 0.0254793166 -0.0174475433 -0.0218361878
v 0.0230400576 -0.0167448446 -0.0227821991
v 0.0233758694 -0.0183603735 -0.0226641627
v 0.0210536732 -0.0180157771 -0.0229865647
v 0.0197081579 -0.0164769907 -0.0230051795
v -0.00161182713 -0.0179461903 -0.0229968573
v -0.0179507128 -0.00136651599 -0.0229966186
v -0.0049538597 -0.0173000638 -0.022996623
v -0.00751721675 -0.0163516386 -0.022996623
v -0.00990736312 -0.015025888 -0.022996623
v -0.0120691048 -0.0133534031 -0.022996623
v -0.0139526111 -0.0113727792 -0.022996623
v -0.0155143723 -0.00912971727 -0.022996623
v -0.016718267 -0.0066759807 -0.022996623
v -0.0175367586 -0.00406818807 -0.022996623
v 0.0197219823 0.0164927073 -0.022996623
v -0.00163054622 0.0179454101 -0.0229968529
v -0.00495386272 0.0173002288 -0.022996623
v 0.0214854458 0.0180237712 -0.0229644953
v 0.0224380477 0.016606537 -0.0228830453
v 0.0233192417 0.0183410454 -0.0226797201
v 0.0245889401 0.0171804822 -0.0222512739
v 0.0248008944 0.0188924598 -0.0221594571
v 0.0258367027 0.017773096 -0.0215943932
v 0.0264534913 0.0199470518 -0.0211260311
v 0.027239679 0.0189363529 -0.0202370909
v 0.0275092094 0.0212283305 -0.0197766683
v 0.0278735137 0.0201820187 -0.0187283789
v 0.027958034 0.0225333056 -0.0183027936
v 0.0280017828 0.0229077336 -0.0152983528
v 0.0279901003 0.0254107576 -0.0140003947
v 0.0279901003 0.0256937138 -0.00992513233
v 0.0279899808 0.0270362968 -0.0105490421
v 0.0279901002 0.0269683568 -0.00538175591
v 0.0279898614 0.0286416146 -0.00487081525
v 0.0279902239 -0.0228338516 -0.00389698107
v 0.0279902237 -0.0213189928 -0.0044745193
v 0.0279901045 -0.0225564906 0.00864244357
v 0.0279902237 -0.0212723889 0.00447357961
v 0.027989985 -0.0207164242 0.011245432
v 0.0279573218 -0.0213063647 0.0161998236
v 0.0279806863 -0.0198884741 0.0156778609
v 0.0277438189 -0.0192731522 0.0173674562
v 0.0275897986 -0.0206737784 0.0178781003
v 0.027220011 -0.018645956 0.0186352132
v 0.0270177133 -0.0201242618 0.0189523838
v 0.0263257026 -0.0180055262 0.0196524255
v 0.0260695221 -0.0195202468 0.0198720503
v 0.0255035165 -0.0175915054 0.0201795468
v 0.0249270221 -0.0189766455 0.0204192766
v 0.0242780458 -0.017147026 0.0206216268
v 0.0232831256 -0.0184195198 0.020797069
v 0.0222332485 -0.0166724766 0.0209170874
v 0.0212019689 -0.0180331477 0.0209836464
v 0.0197083966 -0.0164665294 0.0210042286
v -0.00187122667 -0.0179203898 0.0210004553
v -0.0175476667 -0.00402092054 0.021000042
v -0.00660645818 -0.0167918659 0.0210001235
v -0.0100827203 -0.0149088629 0.0210000086
v -0.0132155405 -0.0122889713 0.0210000231
v -0.0162771925 -0.00779459948 0.0210000828
v 0.0197094662 0.0164818356 0.021001749
v 0.0213521692 0.0180668769 0.0209772174
v 0.0217068169 0.0166326882 0.0209563441
v 0.0235344152 0.0170629798 0.0207652702
v -0.00159752519 0.0179540306 0.0210005819
v -0.00521838816 0.0172224284 0.0210000086
v -0.00773763746 0.0162487901 0.0210000086
v -0.0100827229 0.0149090271 0.0210000086
v 0.0241242624 0.0189142978 0.0206405035
v 0.0249400108 0.0176674403 0.0204161697
v 0.0259090634 0.0201602445 0.0199507806
v 0.0263303502 0.018630572 0.0197034213
v 0.0270447704 0.0215493719 0.0189206374
v 0.027402637 0.0201378304 0.0183304845
v -0.0122008333 0.0132333229 0.0210000086
v 0.0278427565 0.0233821406 0.0170919549
v 0.0279149982 0.0218967233 0.0165106991
v 0.0279953449 0.0239976008 0.013485433
v 0.0279955834 0.0262739685 0.0124346843
v 0.0279901003 0.0255857619 0.0101216603
v 0.0279901001 0.0282169664 0.0068374793
v 0.0279902195 0.0270540181 0.00525459582
v 0.0279899807 0.0290276245 0.00125182705
v 0.0279899808 0.0275328896 -0.000791916682
v 0.0279898614 0.0286416146 -0.00487081525
v 0.0279901002 0.0269683568 -0.00538175591
v -0.0140444051 0.0112594413 0.0210000086
v -0.0155715949 0.00903185365 0.0210000086
v -0.0167482495 0.00660075965 0.0210000086
v -0.0175477271 0.00402093348 0.0210000086
v -0.0179519645 0.00135050684 0.0210000086
v -0.0179519643 -0.00135034845 0.0210000086
v 0.0197083966 -0.0164665294 0.0210042286
v 0.0197193629 -0.0164483336 0.0232742124
v 0.019710064 -0.0139988869 0.0248385622
v 0.0197100637 -0.0104602438 0.0265269249
v 0.0197099454 -0.00599642017 0.027910294
v 0.0197100628 -0.000674515291 0.0285021844
v 0.0197094662 0.0164818356 0.021001749
v 0.0197100625 0.00275403808 0.0283774629
v 0.0197100623 0.00558155034 0.0279481261
v 0.0197100621 0.00822239917 0.0273007492
v 0.0197100617 0.0119751569 0.0258789543
v 0.0197107773 0.0164749744 0.0233170416
v 0.0263257026 -0.0180055262 0.0196524255
v 0.0270228383 -0.0182795839 0.0194107139
v 0.0255035165 -0.0175915054 0.0201795468
v 0.027220011 -0.018645956 0.0186352132
v 0.028478385 -0.0195230085 0.0169542385
v 0.0277438189 -0.0192731522 0.0173674562
v 0.0279806863 -0.0198884741 0.0156778609
v 0.028607967 -0.0206958026 0.011360913
v 0.027989985 -0.0207164242 0.011245432
v 0.0286132116 -0.0212704796 0.00459059956
v 0.0279902237 -0.0212723889 0.00447357961
v 0.0286093961 -0.0213657903 -0.00101932274
v 0.0279902237 -0.0213189928 -0.0044745193
v 0.0286087994 -0.0211781084 -0.0066083725
v 0.0286135695 -0.0205463545 -0.0129115389
v 0.0279902237 -0.0205099573 -0.0131545166
v 0.0285683886 -0.0193436911 -0.0182112679
v 0.0279895076 -0.0195319638 -0.0175718102
v 0.0277338042 -0.0188822907 -0.0193354368
v 0.0276161432 -0.0184754657 -0.0205687989
v 0.0266869073 -0.0180561887 -0.0208928061
v 0.0254793166 -0.0174475433 -0.0218361878
v 0.0197193629 -0.0164483336 0.0232742124
v 0.0197083966 -0.0164665294 0.0210042286
v 0.0222332485 -0.0166724766 0.0209170874
v 0.0236725813 -0.0169240252 0.022930972
v 0.0242780458 -0.017147026 0.0206216268
v 0.0255035165 -0.0175915054 0.0201795468
v 0.0262246134 -0.0178828347 0.0220786373
v 0.0270228383 -0.0182795839 0.0194107139
v 0.0280002352 -0.0189460353 0.0207054123
v 0.028478385 -0.0195230085 0.0169542385
v 0.0291080493 -0.0199865932 0.0186041521
v 0.029583932 -0.0208076893 0.0161841774
v 0.028607967 -0.0206958026 0.011360913
v 0.029613615 -0.0215952681 0.0120604942
v 0.0296084899 -0.0220974125 0.00734338173
v 0.0286132116 -0.0212704796 0.00459059956
v 0.0296140924 -0.0223836792 0.000409469521
v 0.0286093961 -0.0213657903 -0.00101932274
v 0.0296097996 -0.022178714 -0.00669621149
v 0.0286087994 -0.0211781084 -0.0066083725
v 0.0296171919 -0.0215716256 -0.0128215543
v 0.0286135695 -0.0205463545 -0.0129115389
v 0.0295991911 -0.0205250984 -0.0177442314
v 0.0285683886 -0.0193436911 -0.0182112679
v 0.0291109102 -0.0197412246 -0.019801232
v 0.0276161432 -0.0184754657 -0.0205687989
v 0.0278222566 -0.0186475974 -0.0217560271
v 0.0254793166 -0.0174475433 -0.0218361878
v 0.0259547248 -0.0176537264 -0.0228416844
v 0.0238447203 -0.0169376778 -0.0234185893
v 0.0230400576 -0.0167448446 -0.0227821991
v 0.0197153102 -0.0164234339 -0.0238069144
v 0.0197081579 -0.0164769907 -0.0230051795
v 0.0277301046 0.0201947909 0.0184346398
v 0.027402637 0.0201378304 0.0183304845
v 0.0263303502 0.018630572 0.0197034213
v 0.0285626632 0.0223004502 0.0160878859
v 0.0279149982 0.0218967233 0.0165106991
v 0.0279953449 0.0239976008 0.013485433
v 0.0286079631 0.0243397353 0.0128211905
v 0.028629299 0.0257564646 0.00970546898
v 0.0279901003 0.0255857619 0.0101216603
v 0.0279902195 0.0270540181 0.00525459582
v 0.0286049826 0.0269164414 0.00568025316
v 0.0286107044 0.027493812 0.0014642218
v 0.0279899808 0.0275328896 -0.000791916682
v 0.0286158296 0.0273979265 -0.00255248688
v 0.0279901002 0.0269683568 -0.00538175591
v 0.0286112982 0.0269194479 -0.0057086243
v 0.0279901003 0.0256937138 -0.00992513233
v 0.0286186906 0.0260242024 -0.00892344688
v 0.0286374074 0.0246129926 -0.0123252728
v 0.0280017828 0.0229077336 -0.0152983528
v 0.0286742414 0.0227088614 -0.0155265632
v 0.0286163075 0.020746134 -0.0181248557
v 0.0278735137 0.0201820187 -0.0187283789
v 0.0279355021 0.0193619921 -0.0200031063
v 0.027239679 0.0189363529 -0.0202370909
v 0.0267267211 0.0182834303 -0.0213634106
v 0.0258367027 0.017773096 -0.0215943932
v 0.0221244074 0.0166619973 0.0231222657
v 0.0197094662 0.0164818356 0.021001749
v 0.0197107773 0.0164749744 0.0233170416
v 0.0217068169 0.0166326882 0.0209563441
v 0.0235344152 0.0170629798 0.0207652702
v 0.0245206334 0.017298376 0.0226508113
v 0.0249400108 0.0176674403 0.0204161697
v 0.0264704211 0.0183707606 0.0217919573
v 0.0263303502 0.018630572 0.0197034213
v 0.0278065168 0.0195737691 0.0207199977
v 0.0277301046 0.0201947909 0.0184346398
v 0.0289657076 0.0213416813 0.018904559
v 0.0285626632 0.0223004502 0.0160878859
v 0.0295975167 0.0237324141 0.0158021183
v 0.0286079631 0.0243397353 0.0128211905
v 0.029611466 0.025478267 0.0127708816
v 0.0296083663 0.0269698936 0.0093375078
v 0.028629299 0.0257564646 0.00970546898
v 0.0286049826 0.0269164414 0.00568025316
v 0.0296207644 0.0281854529 0.00437196395
v 0.0286107044 0.027493812 0.0014642218
v 0.0296109884 0.0284996666 0.00069818002
v 0.029603596 0.0283285186 -0.00338461432
v 0.0286158296 0.0273979265 -0.00255248688
v 0.0286112982 0.0269194479 -0.0057086243
v 0.0296196905 0.0274666203 -0.00769489416
v 0.0286186906 0.0260242024 -0.00892344688
v 0.0296355464 0.0260452882 -0.0117746349
v 0.0286374074 0.0246129926 -0.0123252728
v 0.0296773892 0.0243898609 -0.0150456806
v 0.0286742414 0.0227088614 -0.0155265632
v 0.0296609369 0.0223376712 -0.0181377487
v 0.0286163075 0.020746134 -0.0181248557
v 0.0291709886 0.0209463553 -0.0197832313
v 0.0279355021 0.0193619921 -0.0200031063
v 0.0283580984 0.0196734803 -0.0211166029
v 0.0267267211 0.0182834303 -0.0213634106
v 0.0270098432 0.0184515005 -0.0222105635
v 0.0258367027 0.017773096 -0.0215943932
v 0.0249155753 0.0172790817 -0.0231644211
v 0.0245889401 0.0171804822 -0.0222512739
v 0.0224380477 0.016606537 -0.0228830453
v 0.0218358022 0.0165672192 -0.0236841544
v 0.0197219823 0.0164927073 -0.022996623
v 0.0197141155 0.0164822503 -0.0237933913
v 0.0394902227 -0.00688650271 0.0224128773
v 0.0394902231 -0.0109723153 0.0206708937
v 0.0394920104 -0.0151124516 0.0179243085
v 0.0394902223 -0.00243191935 0.0232798047
v 0.03949058 0.0014259851 0.0233848055
v 0.0394899849 -0.0164833089 0.0153777029
v 0.0395015479 -0.0173323593 0.0118741264
v 0.0394902217 0.00532226786 0.022789817
v 0.0394903406 0.0096182548 0.0213833482
v 0.0394898629 0.0145801363 0.0183526645
v 0.0394905785 0.018392188 0.0145279395
v 0.039490101 0.0207921146 0.0107535736
v 0.0394901008 0.0225338363 0.00645953478
v 0.0394986871 -0.0180356359 0.00601487227
v 0.0394899814 0.0234748024 -0.00011191139
v 0.0394901008 0.0227696704 -0.00543977731
v 0.0394893884 -0.0182069061 -0.00356234414
v 0.0394901043 -0.0174836236 -0.011149545
v 0.0394902203 0.0213095196 -0.00975248186
v 0.0394902205 0.0189931399 -0.0137173891
v 0.0394904594 0.0152830287 -0.0178374641
v 0.0394902212 0.0101127085 -0.0211682505
v 0.0394903411 0.00428428084 -0.0231061087
v 0.0394903416 -0.00213548283 -0.0233709579
v 0.0394902227 -0.00652628533 -0.0225039796
v 0.0394902231 -0.0109125724 -0.0207975274
v 0.0394903429 -0.0163036044 -0.0160276919
v 0.0394902234 -0.0149352529 -0.0180239149
v 0.0409901137 0.00582199385 -0.023195814
v 0.0409902334 0.0010571241 -0.0238740366
v 0.0409902339 -0.0039798903 -0.0236019376
v 0.0409902343 -0.00879134974 -0.022225178
v 0.0409902346 -0.0121414298 -0.0205807679
v 0.0409904736 -0.0156632021 -0.0180167102
v 0.0409904737 -0.0173214161 -0.0146722654
v 0.0409902351 -0.0183514545 -0.00880737571
v 0.0409901159 -0.0188155966 -0.00134071161
v 0.0409902352 -0.0184849669 0.00764193173
v 0.0409901157 -0.017478248 0.013948472
v 0.0409903543 -0.0161606535 0.017373875
v 0.0409901154 -0.0133120521 0.019894354
v 0.0409902343 -0.00903147162 0.0221396826
v 0.040990234 -0.00536297926 0.0232915612
v 0.0409901143 -0.00114598393 0.0238955618
v 0.0409902331 0.00454112809 0.0235197949
v 0.0409902327 0.0101492529 0.0216727101
v 0.0409903516 0.0149945502 0.018663652
v 0.0409902319 0.0184081589 0.0152511013
v 0.0409901124 0.0206770702 0.011978377
v 0.0409901123 0.0222612718 0.00874255129
v 0.0409902315 0.023635674 0.00367667235
v 0.0409901121 0.0238789209 -0.00118454645
v 0.0409901122 0.0231963283 -0.00583573819
v 0.0409904703 0.0212168502 -0.0110921494
v 0.0409901126 0.0178926951 -0.0158861949
v 0.0409901129 0.0144419849 -0.0190443461
v 0.0409902326 0.0106750725 -0.0214053944
v -0.0175366997 0.0040683589 -0.022996623
v -0.0179507131 0.00136668902 -0.022996623
v -0.0167182682 0.00667615167 -0.022996623
v -0.0155143739 0.00912989063 -0.022996623
v -0.0139526131 0.0113729521 -0.022996623
v -0.0120691072 0.0133535756 -0.022996623
v -0.00876271871 0.0157795242 -0.022996607
v 0.0279902239 -0.0228338516 -0.00389698107
v 0.0289866925 -0.0238534533 -0.0032621334
v 0.0289880051 -0.0233603922 -0.0104893239
v 0.0279901045 -0.0221190702 -0.0124955666
v 0.0289939655 -0.0227781075 -0.0145932368
v 0.0279502874 -0.0208785704 -0.0183241849
v 0.0289571287 -0.021903242 -0.0184468139
v 0.0279085641 -0.0205825 -0.021642886
v 0.0274167065 -0.0202258763 -0.0199473987
v 0.026456475 -0.019557779 -0.0210966275
v 0.0260648742 -0.0193649836 -0.0233101237
v 0.0252856016 -0.0189736027 -0.0219342997
v 0.0236028443 -0.0183849779 -0.0242065711
v 0.0233758694 -0.0183603735 -0.0226641627
v 0.0210536732 -0.0180157771 -0.0229865647
v 0.0206557526 -0.0180003346 -0.0244945346
v -0.000742195444 -0.0179859446 -0.0244991505
v -0.00161182713 -0.0179461903 -0.0229968573
v -0.00402676879 -0.0175789686 -0.0244951458
v -0.0049538597 -0.0173000638 -0.022996623
v -0.00751721675 -0.0163516386 -0.022996623
v -0.00735068172 -0.016447412 -0.024518976
v -0.00948965401 -0.0153136652 -0.0244910334
v -0.00990736312 -0.015025888 -0.022996623
v -0.0120691048 -0.0133534031 -0.022996623
v -0.0120902044 -0.0133839563 -0.0244939874
v -0.0139526111 -0.0113727792 -0.022996623
v -0.014280556 -0.0109639104 -0.0245111238
v -0.0155143723 -0.00912971727 -0.022996623
v -0.0158305156 -0.00859291024 -0.0245061354
v -0.016718267 -0.0066759807 -0.022996623
v -0.0169525136 -0.00609553102 -0.0245045492
v -0.0175367586 -0.00406818807 -0.022996623
v -0.0176168669 -0.00374279452 -0.0245260366
v -0.0179507128 -0.00136651599 -0.0229966186
v -0.0180023314 -0.000689027893 -0.0244994939
v -0.0179507131 0.00136668902 -0.022996623
v -0.0179078577 0.00188783986 -0.0245111529
v -0.0175366997 0.0040683589 -0.022996623
v -0.017479598 0.00437251794 -0.0245136354
v -0.0167182682 0.00667615167 -0.022996623
v -0.0163662443 0.00757549062 -0.0245184288
v -0.0155143739 0.00912989063 -0.022996623
v -0.0141532432 0.0111537122 -0.0244928902
v -0.0139526131 0.0113729521 -0.022996623
v -0.0120691072 0.0133535756 -0.022996623
v -0.0123027578 0.0131611454 -0.0245137839
v -0.0104371318 0.0146814729 -0.0244951458
v -0.00876271871 0.0157795242 -0.022996607
v -0.00767433737 0.0163230675 -0.0245138857
v -0.00495386272 0.0173002288 -0.022996623
v -0.00380051287 0.0176111364 -0.024508193
v -0.00163054622 0.0179454101 -0.0229968529
v -0.000768067029 0.0179855385 -0.0244987372
v 0.0214854458 0.0180237712 -0.0229644953
v 0.0209616409 0.0180232226 -0.0244782103
v 0.0232361532 0.0183648785 -0.0242173177
v 0.0233192417 0.0183410454 -0.0226797201
v 0.025628683 0.0192672124 -0.0234990075
v 0.0248008944 0.0188924598 -0.0221594571
v 0.0264534913 0.0199470518 -0.0211260311
v 0.0278062809 0.0211824193 -0.0217283479
v 0.0275092094 0.0212283305 -0.0197766683
v 0.028800127 0.0232556525 -0.0193963016
v 0.027958034 0.0225333056 -0.0183027936
v 0.0289926487 0.0256397874 -0.0159054543
v 0.0279901003 0.0254107576 -0.0140003947
v 0.028985617 0.0279736381 -0.011061495
v 0.0279899808 0.0270362968 -0.0105490421
v 0.0279898614 0.0286416146 -0.00487081525
v 0.0289857362 0.029521243 -0.00554182698
v 0.0296140924 -0.0223836792 0.000409469521
v 0.0296097996 -0.022178714 -0.00669621149
v 0.0358209616 -0.0223530367 -0.00294501751
v 0.0358169103 -0.0222582033 0.004925756
v 0.0296084899 -0.0220974125 0.00734338173
v 0.0358188165 -0.0216612023 0.0117205833
v 0.029613615 -0.0215952681 0.0120604942
v 0.029583932 -0.0208076893 0.0161841774
v 0.0358071342 -0.0207314586 0.016505408
v 0.0357875821 -0.0195156388 0.0200166367
v 0.0291080493 -0.0199865932 0.0186041521
v 0.0280002352 -0.0189460353 0.0207054123
v 0.0357724422 -0.0180199929 0.0220480113
v 0.0262246134 -0.0178828347 0.0220786373
v 0.0236725813 -0.0169240252 0.022930972
v 0.0357217779 -0.0145987533 0.0245306088
v 0.0197193629 -0.0164483336 0.0232742124
v 0.019710064 -0.0139988869 0.0248385622
v 0.0197100637 -0.0104602438 0.0265269249
v 0.0357359657 -0.0104573138 0.0265277835
v 0.0197099454 -0.00599642017 0.027910294
v 0.0357365621 -0.00744849291 0.0275226601
v 0.0357353685 -0.00411310408 0.0282160006
v 0.0197100628 -0.000674515291 0.0285021844
v 0.0357340556 -0.000730994148 0.0285050599
v 0.0197100625 0.00275403808 0.0283774629
v 0.0357364419 0.00260210348 0.0283949601
v 0.0197100623 0.00558155034 0.0279481261
v 0.0357370353 0.00577235536 0.0279214262
v 0.0197100621 0.00822239917 0.0273007492
v 0.0357369157 0.00905335713 0.027038093
v 0.0197100617 0.0119751569 0.0258789543
v 0.0357357251 0.0122309723 0.0257578184
v 0.0197107773 0.0164749744 0.0233170416
v 0.0357455008 0.0148262627 0.0243448128
v 0.0221244074 0.0166619973 0.0231222657
v 0.0245206334 0.017298376 0.0226508113
v 0.0357413271 0.0175841067 0.0224339878
v 0.0264704211 0.0183707606 0.0217919573
v 0.0278065168 0.0195737691 0.0207199977
v 0.0357491936 0.0206414379 0.0196712164
v 0.0289657076 0.0213416813 0.018904559
v 0.0357358434 0.0236633658 0.0159213756
v 0.0295975167 0.0237324141 0.0158021183
v 0.029611466 0.025478267 0.0127708816
v 0.035732505 0.0254732384 0.0128103318
v 0.0296083663 0.0269698936 0.0093375078
v 0.0357357238 0.0267679223 0.00981842459
v 0.0357393006 0.0276854031 0.00678944562
v 0.0296207644 0.0281854529 0.00437196395
v 0.0357383459 0.0283088275 0.00341414452
v 0.0296109884 0.0284996666 0.00069818002
v 0.0357342917 0.0285182063 -0.00129980035
v 0.029603596 0.0283285186 -0.00338461432
v 0.0357345304 0.0277955466 -0.006425428
v 0.0358209616 -0.0223530367 -0.00294501751
v 0.0296097996 -0.022178714 -0.00669621149
v 0.0358181006 -0.0219505482 -0.00952791306
v 0.0296171919 -0.0215716256 -0.0128215543
v 0.035803796 -0.0213615565 -0.0140276068
v 0.0357774512 -0.0206701659 -0.0172161424
v 0.0295991911 -0.0205250984 -0.0177442314
v 0.0357643369 -0.0195866492 -0.0203223564
v 0.0291109102 -0.0197412246 -0.019801232
v 0.0278222566 -0.0186475974 -0.0217560271
v 0.0357238068 -0.0181841866 -0.0223954834
v 0.0259547248 -0.0176537264 -0.0228416844
v 0.0357065219 -0.0163000264 -0.0238727211
v 0.0356973424 -0.0145476033 -0.0250353245
v 0.0238447203 -0.0169376778 -0.0234185893
v 0.0197153102 -0.0164234339 -0.0238069144
v 0.0197073223 -0.0128348006 -0.0259528111
v 0.0357022285 -0.0106524659 -0.0269513694
v 0.0197073219 -0.00823661513 -0.0278381252
v 0.0356922136 -0.0070892054 -0.0281103246
v 0.0356884007 -0.00396065131 -0.0287288043
v 0.0197073215 -0.00335943851 -0.0288081559
v 0.0356841076 -0.000442672645 -0.0290073745
v 0.0197073211 0.0011699908 -0.0290002383
v 0.0356868489 0.00293628039 -0.0288521231
v 0.0197072014 0.00488762916 -0.0285829155
v 0.0356853002 0.00681920376 -0.0281954912
v 0.0197073204 0.00865234787 -0.0276778999
v 0.0356899478 0.0105735993 -0.0269736687
v 0.0197072008 0.0124604269 -0.0261399487
v 0.0356907827 0.0145568136 -0.0250484794
v 0.0197141155 0.0164822503 -0.0237933913
v 0.0218358022 0.0165672192 -0.0236841544
v 0.0249155753 0.0172790817 -0.0231644211
v 0.0357000811 0.0177428754 -0.0228038232
v 0.0270098432 0.0184515005 -0.0222105635
v 0.0283580984 0.0196734803 -0.0211166029
v 0.0357048481 0.0200577999 -0.0207412231
v 0.0291709886 0.0209463553 -0.0197832313
v 0.0357146239 0.0227021187 -0.0176765912
v 0.0296609369 0.0223376712 -0.0181377487
v 0.0296773892 0.0243898609 -0.0150456806
v 0.0357222518 0.0250560554 -0.0138524629
v 0.0296355464 0.0260452882 -0.0117746349
v 0.0357347692 0.0265485405 -0.0104997205
v 0.0296196905 0.0274666203 -0.00769489416
v 0.0357345304 0.0277955466 -0.006425428
v 0.029603596 0.0283285186 -0.00338461432
v 0.0197219823 0.0164927073 -0.022996623
v 0.0197141155 0.0164822503 -0.0237933913
v 0.0197072008 0.0124604269 -0.0261399487
v 0.0197073204 0.00865234787 -0.0276778999
v 0.0197072014 0.00488762916 -0.0285829155
v 0.0197073211 0.0011699908 -0.0290002383
v 0.0197081579 -0.0164769907 -0.0230051795
v 0.0197073215 -0.00335943851 -0.0288081559
v 0.0197073219 -0.00823661513 -0.0278381252
v 0.0197073223 -0.0128348006 -0.0259528111
v 0.0197153102 -0.0164234339 -0.0238069144
v 0.035732505 0.0254732384 0.0128103318
v 0.0357358434 0.0236633658 0.0159213756
v 0.039490101 0.0207921146 0.0107535736
v 0.0357357238 0.0267679223 0.00981842459
v 0.0394905785 0.018392188 0.0145279395
v 0.0357491936 0.0206414379 0.0196712164
v 0.0394901008 0.0225338363 0.00645953478
v 0.0357393006 0.0276854031 0.00678944562
v 0.0357383459 0.0283088275 0.00341414452
v 0.0394898629 0.0145801363 0.0183526645
v 0.0357413271 0.0175841067 0.0224339878
v 0.0357455008 0.0148262627 0.0243448128
v 0.0394899814 0.0234748024 -0.00011191139
v 0.0357342917 0.0285182063 -0.00129980035
v 0.0357345304 0.0277955466 -0.006425428
v 0.0394901008 0.0227696704 -0.00543977731
v 0.0357347692 0.0265485405 -0.0104997205
v 0.0394902203 0.0213095196 -0.00975248186
v 0.0357222518 0.0250560554 -0.0138524629
v 0.0394902205 0.0189931399 -0.0137173891
v 0.0357146239 0.0227021187 -0.0176765912
v 0.0394903406 0.0096182548 0.0213833482
v 0.0357357251 0.0122309723 0.0257578184
v 0.0357369157 0.00905335713 0.027038093
v 0.0394902217 0.00532226786 0.022789817
v 0.0357370353 0.00577235536 0.0279214262
v 0.0394904594 0.0152830287 -0.0178374641
v 0.03949058 0.0014259851 0.0233848055
v 0.0357364419 0.00260210348 0.0283949601
v 0.0357340556 -0.000730994148 0.0285050599
v 0.0394902223 -0.00243191935 0.0232798047
v 0.0357353685 -0.00411310408 0.0282160006
v 0.0357048481 0.0200577999 -0.0207412231
v 0.0357000811 0.0177428754 -0.0228038232
v 0.0356907827 0.0145568136 -0.0250484794
v 0.0394902212 0.0101127085 -0.0211682505
v 0.0356899478 0.0105735993 -0.0269736687
v 0.0394902227 -0.00688650271 0.0224128773
v 0.0357365621 -0.00744849291 0.0275226601
v 0.0357359657 -0.0104573138 0.0265277835
v 0.0394902231 -0.0109723153 0.0206708937
v 0.0357217779 -0.0145987533 0.0245306088
v 0.0394903411 0.00428428084 -0.0231061087
v 0.0394920104 -0.0151124516 0.0179243085
v 0.0357724422 -0.0180199929 0.0220480113
v 0.0357875821 -0.0195156388 0.0200166367
v 0.0394899849 -0.0164833089 0.0153777029
v 0.0358071342 -0.0207314586 0.016505408
v 0.0395015479 -0.0173323593 0.0118741264
v 0.0358188165 -0.0216612023 0.0117205833
v 0.0394986871 -0.0180356359 0.00601487227
v 0.0358169103 -0.0222582033 0.004925756
v 0.0356853002 0.00681920376 -0.0281954912
v 0.0356868489 0.00293628039 -0.0288521231
v 0.0356841076 -0.000442672645 -0.0290073745
v 0.0394893884 -0.0182069061 -0.00356234414
v 0.0358209616 -0.0223530367 -0.00294501751
v 0.0358181006 -0.0219505482 -0.00952791306
v 0.0394901043 -0.0174836236 -0.011149545
v 0.035803796 -0.0213615565 -0.0140276068
v 0.0394903416 -0.00213548283 -0.0233709579
v 0.0356884007 -0.00396065131 -0.0287288043
v 0.0356922136 -0.0070892054 -0.0281103246
v 0.0394902227 -0.00652628533 -0.0225039796
v 0.0357022285 -0.0106524659 -0.0269513694
v 0.0394903429 -0.0163036044 -0.0160276919
v 0.0394902231 -0.0109125724 -0.0207975274
v 0.0356973424 -0.0145476033 -0.0250353245
v 0.0357065219 -0.0163000264 -0.0238727211
v 0.0394902234 -0.0149352529 -0.0180239149
v 0.0357238068 -0.0181841866 -0.0223954834
v 0.0357774512 -0.0206701659 -0.0172161424
v 0.0357643369 -0.0195866492 -0.0203223564
v 0.03587055 0.0294781787 -0.00543885799
v 0.0289857362 0.029521243 -0.00554182698
v 0.035567876 0.029032244 -0.00761916963
v 0.028985617 0.0279736381 -0.011061495
v 0.0362865893 0.0288533544 -0.00766022131
v 0.0367802339 0.0290731728 -0.0052984411
v 0.0358625611 0.02827429 -0.010040529
v 0.0369585706 0.0281689575 -0.00837106345
v 0.0409901122 0.0231963283 -0.00583573819
v 0.0409904703 0.0212168502 -0.0110921494
v 0.0366008263 0.0280241514 -0.00980237965
v 0.0367914419 0.027136406 -0.0118113057
v 0.0358835421 0.0274973051 -0.0120656448
v 0.0356358249 0.0266056655 -0.0140833596
v 0.0289926487 0.0256397874 -0.0159054543
v 0.0362846832 0.0264188336 -0.0141030425
v 0.0358428929 0.0253412002 -0.0163324061
v 0.028800127 0.0232556525 -0.0193963016
v 0.0369276974 0.026001962 -0.0139017851
v 0.0367965673 0.0249862558 -0.0160432115
v 0.0409901126 0.0178926951 -0.0158861949
v 0.0367565118 0.0238242955 -0.0178645918
v 0.035884497 0.024142652 -0.0181368887
v 0.0355342587 0.0226740524 -0.0201058836
v 0.0278062809 0.0211824193 -0.0217283479
v 0.0362797941 0.0226498409 -0.0198684225
v 0.0369253141 0.0223513186 -0.0194813125
v 0.0367841694 0.0208946399 -0.0213383537
v 0.0409901129 0.0144419849 -0.0190443461
v 0.0358840199 0.021147833 -0.0217112523
v 0.0356255751 0.0195635019 -0.0232335064
v 0.025628683 0.0192672124 -0.0234990075
v 0.0357946133 0.0177313896 -0.0246877404
v 0.0232361532 0.0183648785 -0.0242173177
v 0.0209616409 0.0180232226 -0.0244782103
v 0.0362769334 0.019423188 -0.0231459664
v 0.0369051658 0.0190819238 -0.0228267047
v 0.0367474523 0.0175112454 -0.0242947004
v 0.0367729649 0.015675028 -0.0255184626
v 0.0409902326 0.0106750725 -0.0214053944
v 0.0358651844 0.0157967532 -0.0259686174
v 0.0368945581 0.0124637055 -0.027123731
v 0.0409901137 0.00582199385 -0.023195814
v -0.000531197989 0.0162928394 -0.0256837055
v -0.000768067029 0.0179855385 -0.0244987372
v -0.00380051287 0.0176111364 -0.024508193
v 0.0362724054 0.0137131649 -0.0269974058
v 0.0356115069 0.0138461432 -0.0271078636
v -0.0042428982 0.0156877893 -0.0257407635
v -0.00767433737 0.0163230675 -0.0245138857
v 0.0362709737 0.0116306127 -0.0279752712
v -0.00122738006 0.0140175324 -0.0269969052
v -0.00474608069 0.0135932026 -0.0268356496
v -0.00854969154 0.0131497967 -0.0260869099
v -0.0104371318 0.0146814729 -0.0244951458
v -0.0123027578 0.0131611454 -0.0245137839
v 0.0368912202 0.00831011307 -0.028692148
v 0.0355719317 0.0116729354 -0.028141457
v 0.0356967437 0.00849810042 -0.0292767887
v -0.00428426346 0.011291719 -0.0279982574
v -0.0109158764 0.0108798498 -0.0262565882
v -0.0141532432 0.0111537122 -0.0244928902
v 3.24238917e-05 0.0118438555 -0.0280484208
v -0.00168478576 0.00966745851 -0.028866058
v -0.00805521062 0.00980282205 -0.027710537
v -0.0112861402 0.00861750497 -0.0269480253
v -0.0055098538 0.00751059803 -0.0290430442
v 0.0363746853 0.00945689562 -0.0287326431
v 0.0362683518 0.00727098476 -0.029435911
v 0.0369001612 0.00510708664 -0.0294110214
v 0.036267636 0.00501981584 -0.0299099716
v 0.0368822801 0.0016305124 -0.0298609404
v 0.0409902334 0.0010571241 -0.0238740366
v -0.00179219304 0.007127704 -0.0295992213
v 0.0356528758 0.00518660729 -0.0300395739
v -0.00941741509 0.00619855045 -0.0283213391
v 0.0362659686 0.00273947124 -0.0302100001
v 0.0356199742 0.00176905034 -0.0304675807
v 0.0369298448 -0.00202074593 -0.029763201
v 0.0409902339 -0.0039798903 -0.0236019376
v 0.0362701394 0.000441549524 -0.0303327542
v -0.00115466161 0.00490704287 -0.0300601241
v -0.00461912171 0.00442232809 -0.0298204483
v 0.0362670429 -0.00185772125 -0.0302783621
v 0.036892892 -0.00528671922 -0.0294137746
v -0.00749480711 0.00377816003 -0.0293189252
v -0.00173294561 0.002629064 -0.0303474197
v -0.00547158719 0.00145003485 -0.0299721287
v -0.0096203091 0.00124748992 -0.0289091375
v -0.0106261966 0.00373063538 -0.0283038011
v -0.00175797941 4.31911813e-05 -0.0304544403
v 0.0356327278 -0.0017145954 -0.030444868
v -0.0135496861 0.00614969276 -0.0265721639
v -0.00533020493 -0.00099509017 -0.0300203043
v 0.0362681141 -0.00414417783 -0.0300465326
v -0.00187492349 -0.00232096752 -0.0303581735
v 0.0355974426 -0.00434037081 -0.0301824271
v -0.0137674815 0.00373614737 -0.0269153563
v -0.0142565965 0.0086063754 -0.0254533254
v -0.0163662443 0.00757549062 -0.0245184288
v -0.017479598 0.00437251794 -0.0245136354
v -0.015755772 0.00117748703 -0.0260231114
v -0.0179078577 0.00188783986 -0.0245111529
v 0.0362701399 -0.0064053672 -0.0296399405
v -0.0128223897 0.00124560662 -0.0275918748
v -0.0157350295 -0.00127424747 -0.0260323839
v -0.0180023314 -0.000689027893 -0.0244994939
v -0.0176168669 -0.00374279452 -0.0245260366
v -0.0117795461 -0.00124991951 -0.0280847686
v -0.0147317634 -0.00502495879 -0.0261790003
v -0.0169525136 -0.00609553102 -0.0245045492
v -0.0158305156 -0.00859291024 -0.0245061354
v -0.00851428475 -0.0012480262 -0.0292364362
v -0.0084145063 -0.00497176225 -0.0288877141
v -0.0116996762 -0.00373853575 -0.0278927095
v -0.00523149903 -0.004016185 -0.0297834893
v -0.0132464156 -0.0086160541 -0.0260233763
v -0.014280556 -0.0109639104 -0.0245111238
v -0.0115389814 -0.00620090751 -0.0275108614
v -0.0110532031 -0.0110072232 -0.0261498266
v -0.0120902044 -0.0133839563 -0.0244939874
v -0.00923049372 -0.00861982561 -0.0277320039
v -0.00493740947 -0.0090652499 -0.0286890892
v -0.00867581214 -0.0132257694 -0.0260106695
v -0.00948965401 -0.0153136652 -0.0244910334
v -0.00735068172 -0.016447412 -0.024518976
v -0.00723695607 -0.0109052707 -0.0275031867
v -0.00431394446 -0.0156497325 -0.0257550913
v -0.00402676879 -0.0175789686 -0.0244951458
v -0.000742195444 -0.0179859446 -0.0244991505
v -0.00482118012 -0.0124471121 -0.0273893616
v -0.000615595339 -0.0162961457 -0.0256789761
v 0.0206557526 -0.0180003346 -0.0244945346
v -0.00181674828 -0.014003784 -0.0269821321
v 0.0358390812 -0.017600857 -0.0247752614
v 0.0236028443 -0.0183849779 -0.0242065711
v -0.00125574957 -0.0118708348 -0.0280161184
v 0.035983564 -0.0150611884 -0.0263894093
v 0.0356520426 -0.0190750606 -0.0235981337
v 0.0260648742 -0.0193649836 -0.0233101237
v 0.0356181856 -0.0132414074 -0.0274122343
v 0.035665512 -0.0200924592 -0.0224052666
v 0.0279085641 -0.0205825 -0.021642886
v 0.0362479697 -0.0188295421 -0.0236307082
v 0.0362825394 -0.0197897735 -0.0225534546
v 0.0359557878 -0.0208223964 -0.0210589991
v 0.0365085595 -0.0172984507 -0.0246685318
v 0.0368815655 -0.0140089029 -0.0263824826
v 0.0362770556 -0.0129081103 -0.027400229
v 0.0355559586 -0.0111665975 -0.0283469504
v 0.036917806 -0.0189193419 -0.0228925637
v 0.0358519571 -0.0214940342 -0.0195536573
v 0.0289571287 -0.021903242 -0.0184468139
v 0.0368753669 -0.0201641288 -0.0212913263
v 0.0369547619 -0.0173086064 -0.0241749585
v 0.0367383957 -0.0212399723 -0.0191542204
v 0.0359773655 -0.0223296605 -0.016611781
v 0.0409904736 -0.0156632021 -0.0180167102
v 0.0409902346 -0.0121414298 -0.0205807679
v 0.0409904737 -0.0173214161 -0.0146722654
v 0.0409902343 -0.00879134974 -0.022225178
v 0.0359392192 -0.0230156276 -0.0130218425
v 0.0289939655 -0.0227781075 -0.0145932368
v 0.0368448517 -0.0220091341 -0.0161072167
v 0.0369064821 -0.0225542314 -0.0128363215
v 0.0409902351 -0.0183514545 -0.00880737571
v 0.0368512867 -0.0230423157 -0.009191758
v 0.0409901159 -0.0188155966 -0.00134071161
v 0.036860111 -0.0233615134 -0.00364935004
v 0.0358848591 -0.023451373 -0.00941088147
v 0.0289880051 -0.0233603922 -0.0104893239
v 0.0358972574 -0.0237816666 -0.00398576485
v 0.0289866925 -0.0238534533 -0.0032621334
v 0.0369602445 -0.00979598812 -0.0281431247
v 0.0365815162 -0.0085827375 -0.0288809824
v 0.0362746718 -0.0108002872 -0.0283137022
v 0.035879136 -0.00872209835 -0.0291662931
v 0.0355594157 -0.00674087476 -0.0297320628
v -0.000980495556 -0.00973075084 -0.0288599025
v -0.00170063936 -0.0046239869 -0.0301058928
v -0.00185894906 -0.0071741926 -0.0295790378
v -0.00531351488 -0.00630837722 -0.0293573103
v 0.0289857362 0.029521243 -0.00554182698
v 0.0358632769 0.0298030153 -0.00322957785
v 0.0289911 0.0299966628 -0.00105478193
v 0.03587055 0.0294781787 -0.00543885799
v 0.0367802339 0.0290731728 -0.0052984411
v 0.0357115237 0.0300134534 -0.000167607504
v 0.0289958672 0.0299124858 0.00246037725
v 0.0368094424 0.0293864726 -0.00293059802
v 0.0409901122 0.0231963283 -0.00583573819
v 0.0409901121 0.0238789209 -0.00118454645
v 0.0365211923 0.029714985 -0.00083338482
v 0.0369471268 0.0293799243 0.000240913414
v 0.0409902315 0.023635674 0.00367667235
v 0.035977003 0.0298031142 0.00313097808
v 0.028991816 0.0294226043 0.00594858684
v 0.0363186558 0.0298255621 0.000777012792
v 0.0369111254 0.0292546119 0.00313148739
v 0.0359843925 0.0294837201 0.00533827551
v 0.0368764366 0.0287524835 0.00647013076
v 0.0409901123 0.0222612718 0.00874255129
v 0.035951968 0.0289903025 0.00761926058
v 0.0290076689 0.0282368735 0.0102595477
v 0.0359764065 0.0283010306 0.00985315492
v 0.0369100545 0.0277708084 0.0097184442
v 0.0359473202 0.0274037828 0.0121560224
v 0.028997538 0.0265327017 0.0140356933
v 0.0368775107 0.0265241778 0.0128471162
v 0.0409901124 0.0206770702 0.011978377
v 0.035965321 0.0264113189 0.0141652999
v 0.0359578094 0.0253243403 0.0160316747
v 0.02888846 0.0245096449 0.0173381341
v 0.0369302005 0.0247126798 0.0159344825
v 0.0409902319 0.0184081589 0.0152511013
v 0.0359967912 0.0240499796 0.0178623639
v 0.0368744115 0.022868744 0.0185929166
v 0.0359432665 0.0226195831 0.0196744237
v 0.0281814321 0.0223922379 0.0199781542
v 0.0359560228 0.0209893801 0.0213984356
v 0.0273004738 0.021005564 0.0214277272
v 0.0260746468 0.0198246687 0.0225079013
v 0.0369095778 0.0205812702 0.0210271246
v 0.0409903516 0.0149945502 0.018663652
v 0.036022304 0.0193283808 0.0228757519
v 0.0359185898 0.0176861797 0.0242146809
v 0.0243192886 0.0188040103 0.0233822459
v 0.0215238308 0.0180552078 0.0239680026
v -0.000739695205 0.0179844035 0.0240067166
v 0.036882756 0.0180714359 0.0232743434
v -0.00181400913 0.0159663831 0.0253645616
v -0.0032625213 0.0177210558 0.0240042471
v 0.0369080271 0.0152503304 0.0251623249
v 0.0409902327 0.0101492529 0.0216727101
v 0.0359586456 0.0155136093 0.0256444386
v -0.00585508485 0.0153247087 0.025146539
v -0.00705492639 0.0166028412 0.0240141031
v -0.00949895439 0.0124639954 0.0256070838
v -0.0101244461 0.01489802 0.0240090259
v -0.012113572 0.0133343802 0.0240091831
v -0.0124976644 0.00953005401 0.0255809078
v -0.0141904364 0.0111144409 0.0240144465
v -0.0163799522 0.00757103628 0.0240113761
v -0.0151504273 0.00642754252 0.0251098827
v -0.0174989695 0.00429147032 0.0240112757
v -0.0161111356 0.00184174664 0.0252699741
v -0.0179371231 0.00171275831 0.0240068097
v -0.0179966678 -0.000899161232 0.0240058667
v -0.0178149331 -0.0027296249 0.0240390596
v -0.0136179927 0.00502351676 0.026279813
v -0.0109385255 0.00804940187 0.0267733267
v -0.0079010732 0.0109856556 0.0268019125
v -0.00849688057 0.00607280707 0.0281698536
v -0.0145921702 0.000425434016 0.0262341637
v -0.0120959284 0.00350144259 0.027252725
v -0.00462818252 0.0135210993 0.0263955997
v -0.00109207754 0.0140810675 0.0264824339
v -0.00431764229 0.0114281127 0.0274139456
v 0.0359817716 0.0136078323 0.0266958028
v -0.01537311 -0.00410709825 0.0254594488
v -0.017004608 -0.00594636661 0.0240102585
v -0.0140588273 -0.00761233509 0.025426675
v -0.0156848422 -0.00890401707 0.0240096706
v -0.0137155036 -0.011676207 0.0240088106
v -0.0132811064 -0.00334552285 0.0267353113
v -0.00649929143 0.00933756544 0.0277804182
v -0.0011811266 0.0117148548 0.0275987375
v 0.0368833531 0.0122923189 0.0267803727
v -0.00455546428 0.00770699004 0.0286585651
v -0.00162315454 0.00931263552 0.0284944137
v 0.0359437447 0.0115237507 0.0276743842
v 0.0369247187 0.00914801963 0.0279459025
v 0.0409902331 0.00454112809 0.0235197949
v 0.0359735473 0.00919403634 0.0285253453
v -0.00117242397 0.00711845267 0.0291206932
v 0.0368608215 0.00592592291 0.0288859563
v -0.00399649184 0.00470656561 0.029384013
v 0.0359598396 0.00692484123 0.0291602162
v 9.65552413e-06 0.00489977829 0.0295918988
v 0.036914466 0.00251486467 0.0293096673
v 0.0409901143 -0.00114598393 0.0238955618
v 0.0359339694 0.00472773996 0.0296008511
v 0.0360038275 0.00264582001 0.029837474
v 0.0359600788 0.000388075165 0.0299723062
v 0.000176667969 0.00221940283 0.0299151579
v -0.00402677052 0.00212669421 0.0296798418
v -0.00753807997 0.00180475079 0.0290026801
v -0.00174713132 5.25734102e-05 0.0299653911
v -0.00509679295 -0.000933110177 0.0295795413
v 0.0369024259 0.000280258789 0.0294233992
v 0.0369055257 -0.00197693885 0.0293592282
v -0.0013247726 -0.00230483813 0.0298920117
v -0.00514852941 -0.00461723475 0.0292234996
v 0.0368720303 -0.00522679734 0.029006059
v 0.040990234 -0.00536297926 0.0232915612
v 0.0359936939 -0.00210675402 0.029884759
v -0.00171017594 -0.00491446168 0.029570295
v -0.00862479186 -0.0027780023 0.0286201393
v 0.0369027846 -0.00847832967 0.0281823392
v 0.0409902343 -0.00903147162 0.0221396826
v 0.0360010865 -0.0042701647 0.0296500657
v 0.0359623437 -0.00649254266 0.0292592624
v -0.00178980765 -0.00709288667 0.0291128352
v -0.00107204833 -0.00936094666 0.0284904119
v 0.0359665144 -0.00880254278 0.0286432711
v -0.0045214881 -0.0089064128 0.0283044908
v 0.0369110096 -0.0107586694 0.0273834914
v 0.0360171786 -0.010788236 0.0279396016
v -0.00110387697 -0.0117765682 0.0275789615
v 0.0368914607 -0.0128405151 0.026489835
v 0.0409901154 -0.0133120521 0.019894354
v 0.0359560258 -0.0128853002 0.0270617893
v -0.00432252792 -0.011380696 0.0274303951
v -0.00678896839 -0.00743006226 0.0282791996
v -0.00660037895 -0.0103501791 0.0273921847
v -0.00471103079 -0.0131606623 0.0265706622
v -0.00838219959 -0.0134057111 0.0255436607
v -0.00834584156 -0.00582089852 0.0282432651
v -0.00943064572 -0.0100767314 0.0266603398
v -0.00123262277 -0.0138992852 0.0265669369
v -0.00415563454 -0.0155787162 0.0253317208
v -0.000455854918 -0.0157839692 0.0255169492
v 0.0359855896 -0.0149823199 0.0259474968
v 0.0369101776 -0.0147912037 0.0254330778
v -0.0109453191 -0.00856207794 0.0266115152
v -0.0121017683 -0.0112304307 0.0250744401
v -0.0112231961 -0.00564951031 0.0272654317
v -0.011743425 -0.0136627418 0.0240060908
v -0.00966715683 -0.0151959125 0.0240057183
v -0.00736832446 -0.0164341159 0.0240101581
v -0.00495934322 -0.0173075682 0.0240194538
v -0.00177037552 -0.0179496319 0.0240085603
v 0.0209904917 -0.0180233644 0.0239838584
v 0.0356897116 -0.0177346764 0.0242001886
v 0.0236777081 -0.0185083548 0.0236113396
v 0.0359536427 -0.0190053598 0.0231166807
v 0.0264028308 -0.0198259286 0.0222782895
v 0.03630531 -0.0176242259 0.0240860798
v -0.0102403158 -0.00116252548 0.0281963556
v 0.0369106551 -0.0173459146 0.0237628963
v 0.0368734605 -0.0187276292 0.0226868826
v 0.0409903543 -0.0161606535 0.017373875
v -0.0118265147 0.000423641325 0.0275905244
v -0.00917601604 0.00342095765 0.0283780653
v 0.036891342 -0.0193943208 0.0219392023
v 0.0369151839 -0.0202780266 0.0205437682
v 0.0409901157 -0.017478248 0.013948472
v 0.0362675189 -0.0197391925 0.0221059498
v 0.035664083 -0.0197461804 0.0223698022
v 0.0359010697 -0.0205395421 0.0211407532
v 0.0280709286 -0.0210581919 0.0202298834
v 0.0356951951 -0.0213124816 0.0196031222
v 0.0289434208 -0.0222311534 0.0167457794
v 0.0365176198 -0.0209065413 0.0198414506
v 0.0369076752 -0.021340299 0.0179666691
v 0.0362526179 -0.0217082675 0.0180479954
v 0.0357780479 -0.0221239575 0.0170428408
v 0.0370383282 -0.0220404236 0.0146041813
v 0.0409902352 -0.0184849669 0.00764193173
v 0.0365114237 -0.0224252898 0.0146811988
v 0.0357825765 -0.0226399524 0.0147709521
v 0.0289957525 -0.0230778274 0.0122581769
v 0.0357547999 -0.0231600379 0.0115801413
v 0.0289980197 -0.023717566 0.00582083485
v 0.0367567545 -0.0228287314 0.0113176829
v 0.0360345867 -0.0235032739 0.00805412128
v 0.036996605 -0.0229727954 0.0079450474
v 0.0357594507 -0.0238585487 0.00162243923
v 0.0289866925 -0.0238534533 -0.0032621334
v 0.0358972574 -0.0237816666 -0.00398576485
v 0.0364074708 -0.0236688456 0.00168088482
v 0.036860111 -0.0233615134 -0.00364935004
v 0.0369446285 -0.0233329 0.0017492117
v 0.0409901159 -0.0188155966 -0.00134071161
vt 0.442138672 0.0806274414
vt 0.443603516 0.0812988281
vt 0.443603516 0.0682373047
vt 0.442138672 0.0712280273
vt 0.442382812 0.0645141602
vt 0.444335938 0.060333252
vt 0.442871094 0.0597839355
vt 0.444824219 0.0585632324
vt 0.444335938 0.0561218262
vt 0.445556641 0.057434082
vt 0.446777344 0.056427002
vt 0.446289062 0.0539550781
vt 0.447998047 0.0558166504
vt 0.448974609 0.0524597168
vt 0.449462891 0.0553894043
vt 0.451660156 0.0551147461
vt 0.451660156 0.0520019531
vt 0.473632812 0.0512084961
vt 0.473632812 0.0543212891
vt 0.476806641 0.0510864258
vt 0.478515625 0.0541687012
vt 0.479248047 0.0510253906
vt 0.481689453 0.0509338379
vt 0.482177734 0.0540466309
vt 0.484130859 0.0508728027
vt 0.486083984 0.0539245605
vt 0.486816406 0.05078125
vt 0.489990234 0.0506896973
vt 0.491455078 0.0537719727
vt 0.493164062 0.0505981445
vt 0.495117188 0.0536499023
vt 0.496337891 0.0504760742
vt 0.498291016 0.0504455566
vt 0.497802734 0.0535888672
vt 0.500488281 0.0503845215
vt 0.500488281 0.053527832
vt 0.503417969 0.0503234863
vt 0.502929688 0.0534667969
vt 0.506347656 0.0502319336
vt 0.505371094 0.0534057617
vt 0.508300781 0.0533447266
vt 0.510742188 0.0501403809
vt 0.510742188 0.0532836914
vt 0.513671875 0.0500793457
vt 0.513183594 0.0532226562
vt 0.516113281 0.0500488281
vt 0.516113281 0.0531616211
vt 0.519042969 0.0499572754
vt 0.518554688 0.0531005859
vt 0.520996094 0.0530700684
vt 0.522949219 0.0498962402
vt 0.524902344 0.0530090332
vt 0.525390625 0.0498657227
vt 0.546875 0.0494995117
vt 0.546875 0.0526123047
vt 0.549804688 0.0500793457
vt 0.549804688 0.0529174805
vt 0.551757812 0.050994873
vt 0.551757812 0.0536804199
vt 0.553222656 0.052154541
vt 0.553222656 0.0548400879
vt 0.5546875 0.0537719727
vt 0.555175781 0.0569458008
vt 0.556640625 0.0567932129
vt 0.557128906 0.062286377
vt 0.558105469 0.060546875
vt 0.559082031 0.0646972656
vt 0.558105469 0.0682983398
vt 0.559570312 0.0693359375
vt 0.55859375 0.0741577148
vt 0.559570312 0.0729980469
vt 0.559570312 0.0765991211
vt 0.558105469 0.0805053711
vt 0.559082031 0.0812988281
vt 0.111022949 0.865722656
vt 0.109985352 0.857421875
vt 0.108337402 0.856933594
vt 0.109375 0.864746094
vt 0.112182617 0.869628906
vt 0.110778809 0.870605469
vt 0.112915039 0.871582031
vt 0.11151123 0.872070312
vt 0.113830566 0.873046875
vt 0.112243652 0.873535156
vt 0.112915039 0.875
vt 0.114440918 0.874511719
vt 0.115234375 0.877441406
vt 0.113586426 0.876953125
vt 0.113952637 0.87890625
vt 0.115600586 0.880371094
vt 0.114440918 0.900878906
vt 0.131958008 0.916503906
vt 0.11517334 0.904296875
vt 0.116210938 0.906738281
vt 0.117675781 0.908691406
vt 0.119445801 0.911132812
vt 0.121520996 0.912597656
vt 0.123901367 0.9140625
vt 0.126464844 0.915039062
vt 0.129150391 0.916015625
vt 0.149902344 0.879882812
vt 0.151733398 0.900390625
vt 0.151123047 0.903320312
vt 0.151367188 0.877929688
vt 0.149902344 0.877441406
vt 0.151733398 0.876464844
vt 0.150512695 0.875
vt 0.15222168 0.875
vt 0.151123047 0.873535156
vt 0.153320312 0.873046875
vt 0.15222168 0.871582031
vt 0.154663086 0.87109375
vt 0.153442383 0.870117188
vt 0.155883789 0.869628906
vt 0.15625 0.866699219
vt 0.158813477 0.865722656
vt 0.159057617 0.861816406
vt 0.160400391 0.862304688
vt 0.16027832 0.857421875
vt 0.161987305 0.856933594
vt 0.171264648 0.851074219
vt 0.172851562 0.8515625
vt 0.171264648 0.839355469
vt 0.172607422 0.843261719
vt 0.173095703 0.836425781
vt 0.172363281 0.83203125
vt 0.173828125 0.832519531
vt 0.174438477 0.830566406
vt 0.172973633 0.830078125
vt 0.175048828 0.829589844
vt 0.173461914 0.829101562
vt 0.17565918 0.828125
vt 0.174072266 0.827636719
vt 0.176147461 0.827148438
vt 0.174682617 0.826660156
vt 0.176513672 0.825683594
vt 0.175170898 0.824707031
vt 0.177001953 0.823730469
vt 0.175537109 0.822753906
vt 0.177246094 0.821289062
vt 0.175292969 0.80078125
vt 0.189575195 0.785644531
vt 0.176391602 0.796386719
vt 0.178344727 0.79296875
vt 0.181030273 0.789550781
vt 0.185668945 0.786621094
vt 0.211425781 0.820800781
vt 0.213134766 0.822265625
vt 0.211669922 0.822753906
vt 0.212036133 0.824707031
vt 0.212646484 0.800292969
vt 0.211791992 0.796875
vt 0.210693359 0.794433594
vt 0.209350586 0.792480469
vt 0.213989258 0.825195312
vt 0.212768555 0.826171875
vt 0.215332031 0.827148438
vt 0.213745117 0.827636719
vt 0.216796875 0.828613281
vt 0.215454102 0.829101562
vt 0.207519531 0.790527344
vt 0.21875 0.830078125
vt 0.217285156 0.831054688
vt 0.219482422 0.833496094
vt 0.221923828 0.834472656
vt 0.221313477 0.836914062
vt 0.224121094 0.83984375
vt 0.222900391 0.841796875
vt 0.225097656 0.845214844
vt 0.223632812 0.847167969
vt 0.224853516 0.851074219
vt 0.223144531 0.8515625
vt 0.205444336 0.788574219
vt 0.203125 0.787109375
vt 0.200561523 0.786132812
vt 0.197875977 0.78515625
vt 0.195068359 0.78515625
vt 0.192260742 0.78515625
vt 0.393310547 0.0372619629
vt 0.395751953 0.0372314453
vt 0.397460938 0.0348815918
vt 0.399169922 0.031463623
vt 0.400634766 0.0271911621
vt 0.401123047 0.022064209
vt 0.393310547 0.00557327271
vt 0.401123047 0.0187683105
vt 0.400634766 0.0160522461
vt 0.399902344 0.0135116577
vt 0.3984375 0.0099029541
vt 0.395751953 0.0055770874
vt 0.875976562 0.309570312
vt 0.875 0.309326172
vt 0.876953125 0.310302734
vt 0.875 0.30859375
vt 0.873535156 0.306640625
vt 0.874511719 0.307128906
vt 0.874023438 0.305419922
vt 0.873535156 0.301269531
vt 0.874023438 0.301025391
vt 0.873535156 0.294677734
vt 0.874023438 0.294433594
vt 0.873535156 0.289306641
vt 0.874023438 0.285888672
vt 0.873535156 0.283935547
vt 0.873535156 0.277832031
vt 0.874023438 0.277587891
vt 0.873535156 0.272460938
vt 0.874023438 0.273193359
vt 0.874511719 0.271484375
vt 0.874511719 0.270019531
vt 0.875488281 0.269775391
vt 0.876953125 0.268554688
vt 0.0357666016 0.440917969
vt 0.0357666016 0.438720703
vt 0.0331420898 0.438720703
vt 0.0316467285 0.440429688
vt 0.0309448242 0.438232422
vt 0.029586792 0.437988281
vt 0.028793335 0.439697266
vt 0.02784729 0.437255859
vt 0.0266265869 0.438476562
vt 0.0258483887 0.434814453
vt 0.0250396729 0.436523438
vt 0.0240936279 0.434082031
vt 0.024887085 0.429443359
vt 0.0234832764 0.430175781
vt 0.0231170654 0.425537109
vt 0.0244445801 0.422851562
vt 0.0228881836 0.418945312
vt 0.0243682861 0.417480469
vt 0.0230407715 0.412109375
vt 0.0245056152 0.412109375
vt 0.0234680176 0.40625
vt 0.0249633789 0.406005859
vt 0.0242462158 0.401367188
vt 0.0258789062 0.400878906
vt 0.025177002 0.399414062
vt 0.0272064209 0.398681641
vt 0.0269317627 0.397460938
vt 0.0296630859 0.397460938
vt 0.0291290283 0.396484375
vt 0.0314331055 0.395751953
vt 0.0322875977 0.396484375
vt 0.0357666016 0.395507812
vt 0.0357666016 0.396240234
vt 0.511230469 0.362548828
vt 0.511230469 0.362548828
vt 0.509765625 0.364501953
vt 0.512207031 0.359619141
vt 0.51171875 0.360107422
vt 0.51171875 0.356689453
vt 0.512207031 0.355957031
vt 0.512695312 0.352539062
vt 0.51171875 0.353027344
vt 0.51171875 0.348144531
vt 0.512695312 0.348632812
vt 0.512695312 0.344482422
vt 0.51171875 0.342285156
vt 0.512695312 0.340576172
vt 0.512207031 0.337890625
vt 0.512695312 0.337646484
vt 0.512207031 0.333251953
vt 0.512695312 0.334472656
vt 0.512695312 0.330810547
vt 0.512207031 0.327636719
vt 0.512695312 0.327148438
vt 0.512695312 0.32421875
vt 0.51171875 0.323242188
vt 0.512207031 0.321777344
vt 0.511230469 0.321533203
vt 0.510742188 0.320068359
vt 0.509765625 0.319580078
vt 0.951660156 0.624023438
vt 0.94921875 0.622070312
vt 0.948730469 0.624511719
vt 0.951171875 0.622070312
vt 0.953125 0.622070312
vt 0.954101562 0.624023438
vt 0.954589844 0.622070312
vt 0.956542969 0.623046875
vt 0.956542969 0.62109375
vt 0.958496094 0.622070312
vt 0.958496094 0.620117188
vt 0.960449219 0.620605469
vt 0.9609375 0.617675781
vt 0.962890625 0.6171875
vt 0.962402344 0.614257812
vt 0.963867188 0.614257812
vt 0.965332031 0.610839844
vt 0.963378906 0.610839844
vt 0.964355469 0.606933594
vt 0.965820312 0.605957031
vt 0.96484375 0.603027344
vt 0.966308594 0.602050781
vt 0.966308594 0.598144531
vt 0.96484375 0.599121094
vt 0.964355469 0.596191406
vt 0.965332031 0.594238281
vt 0.963867188 0.592773438
vt 0.964355469 0.590332031
vt 0.962890625 0.589355469
vt 0.963378906 0.586914062
vt 0.961425781 0.586425781
vt 0.961425781 0.583496094
vt 0.959472656 0.583496094
vt 0.960449219 0.58203125
vt 0.958007812 0.581542969
vt 0.958984375 0.580566406
vt 0.956542969 0.580078125
vt 0.95703125 0.579589844
vt 0.955566406 0.580078125
vt 0.954589844 0.578613281
vt 0.954101562 0.579101562
vt 0.951660156 0.578613281
vt 0.951171875 0.577636719
vt 0.948730469 0.578613281
vt 0.948730469 0.577636719
vt 0.943847656 0.19909668
vt 0.947753906 0.197143555
vt 0.951660156 0.194335938
vt 0.939941406 0.199951172
vt 0.936035156 0.200195312
vt 0.953125 0.191650391
vt 0.954101562 0.187988281
vt 0.932128906 0.199584961
vt 0.928222656 0.198120117
vt 0.923339844 0.195068359
vt 0.919433594 0.191162109
vt 0.917480469 0.187255859
vt 0.915527344 0.182861328
vt 0.954589844 0.181884766
vt 0.914550781 0.176025391
vt 0.915039062 0.170410156
vt 0.954589844 0.171875
vt 0.953613281 0.1640625
vt 0.916503906 0.166015625
vt 0.918457031 0.161865234
vt 0.921875 0.157470703
vt 0.926757812 0.153930664
vt 0.932617188 0.151855469
vt 0.938476562 0.151489258
vt 0.942871094 0.15234375
vt 0.947265625 0.154052734
vt 0.952636719 0.159057617
vt 0.951171875 0.156982422
vt 0.901367188 0.941894531
vt 0.896484375 0.940917969
vt 0.891113281 0.940917969
vt 0.886230469 0.942382812
vt 0.8828125 0.943847656
vt 0.87890625 0.945800781
vt 0.876953125 0.94921875
vt 0.875488281 0.954589844
vt 0.875 0.961914062
vt 0.875 0.970703125
vt 0.875976562 0.9765625
vt 0.876953125 0.979980469
vt 0.879882812 0.982421875
vt 0.884277344 0.984863281
vt 0.888183594 0.985839844
vt 0.892089844 0.986816406
vt 0.8984375 0.986816406
vt 0.904296875 0.984863281
vt 0.909179688 0.982421875
vt 0.913085938 0.979003906
vt 0.915527344 0.976074219
vt 0.916992188 0.973144531
vt 0.918945312 0.968261719
vt 0.919433594 0.963378906
vt 0.918945312 0.958984375
vt 0.916992188 0.954101562
vt 0.913574219 0.94921875
vt 0.91015625 0.946289062
vt 0.90625 0.943847656
vt 0.137573242 0.916015625
vt 0.134887695 0.916503906
vt 0.140380859 0.915039062
vt 0.142822266 0.9140625
vt 0.145141602 0.912109375
vt 0.147216797 0.910644531
vt 0.149658203 0.907226562
vt 0.193115234 0.294189453
vt 0.192504883 0.295654297
vt 0.200073242 0.295166016
vt 0.202148438 0.293701172
vt 0.204345703 0.294921875
vt 0.208251953 0.29296875
vt 0.208374023 0.294189453
vt 0.211669922 0.292724609
vt 0.209960938 0.291992188
vt 0.211181641 0.291015625
vt 0.213378906 0.290527344
vt 0.212036133 0.289794922
vt 0.214355469 0.288085938
vt 0.212768555 0.287841797
vt 0.213134766 0.285644531
vt 0.21472168 0.28515625
vt 0.21472168 0.264648438
vt 0.213256836 0.263671875
vt 0.21484375 0.261474609
vt 0.213256836 0.260498047
vt 0.213256836 0.2578125
vt 0.21484375 0.258056641
vt 0.21484375 0.255615234
vt 0.213256836 0.255126953
vt 0.213256836 0.252685547
vt 0.21484375 0.252685547
vt 0.213256836 0.25
vt 0.21484375 0.249389648
vt 0.213256836 0.247314453
vt 0.21472168 0.246704102
vt 0.213134766 0.244750977
vt 0.21472168 0.244140625
vt 0.213134766 0.24206543
vt 0.21472168 0.241699219
vt 0.213134766 0.239379883
vt 0.21472168 0.238769531
vt 0.213134766 0.236816406
vt 0.21472168 0.236328125
vt 0.213134766 0.234130859
vt 0.214599609 0.233886719
vt 0.213012695 0.231567383
vt 0.214599609 0.23059082
vt 0.213012695 0.228881836
vt 0.214477539 0.2265625
vt 0.213012695 0.226318359
vt 0.212890625 0.223632812
vt 0.214477539 0.223876953
vt 0.214477539 0.221679688
vt 0.212890625 0.219726562
vt 0.214355469 0.218505859
vt 0.212768555 0.215820312
vt 0.214355469 0.214599609
vt 0.212646484 0.212524414
vt 0.214233398 0.211669922
vt 0.212158203 0.190307617
vt 0.213745117 0.190795898
vt 0.213500977 0.188598633
vt 0.211914062 0.188476562
vt 0.212646484 0.186157227
vt 0.211303711 0.187011719
vt 0.210205078 0.185180664
vt 0.21081543 0.183349609
vt 0.208740234 0.18359375
vt 0.208251953 0.181274414
vt 0.20715332 0.182373047
vt 0.204345703 0.179443359
vt 0.202270508 0.180297852
vt 0.19909668 0.177734375
vt 0.198486328 0.179077148
vt 0.192504883 0.177978516
vt 0.193237305 0.176635742
vt 0.0109710693 0.619628906
vt 0.0110321045 0.612792969
vt 0.00455093384 0.616699219
vt 0.00448989868 0.624023438
vt 0.010925293 0.626464844
vt 0.00443267822 0.630859375
vt 0.0108795166 0.630859375
vt 0.0108795166 0.635253906
vt 0.00440597534 0.635253906
vt 0.00439834595 0.639160156
vt 0.0113525391 0.637695312
vt 0.0124893188 0.639648438
vt 0.00440597534 0.641601562
vt 0.0143280029 0.641601562
vt 0.0169830322 0.642578125
vt 0.00445556641 0.645507812
vt 0.0210876465 0.643554688
vt 0.0211029053 0.645996094
vt 0.0210876465 0.649902344
vt 0.00444030762 0.649902344
vt 0.0210876465 0.654296875
vt 0.00443649292 0.652832031
vt 0.00443649292 0.65625
vt 0.0210876465 0.659667969
vt 0.00443649292 0.659667969
vt 0.0210876465 0.662597656
vt 0.00442886353 0.662597656
vt 0.0210876465 0.665527344
vt 0.00442886353 0.665527344
vt 0.0210876465 0.66796875
vt 0.00442886353 0.668945312
vt 0.0210876465 0.671875
vt 0.00442886353 0.672363281
vt 0.0210723877 0.677246094
vt 0.00441360474 0.675292969
vt 0.0185699463 0.677246094
vt 0.0160827637 0.678222656
vt 0.00441741943 0.678222656
vt 0.0140533447 0.679199219
vt 0.0126647949 0.680664062
vt 0.00440597534 0.682128906
vt 0.0114593506 0.683105469
vt 0.00441741943 0.687011719
vt 0.0107955933 0.687011719
vt 0.0107803345 0.690429688
vt 0.00441741943 0.690429688
vt 0.0107803345 0.693847656
vt 0.00440979004 0.693359375
vt 0.00440216064 0.696777344
vt 0.0107574463 0.69921875
vt 0.00440216064 0.699707031
vt 0.0107650757 0.702636719
vt 0.00440216064 0.704589844
vt 0.0107727051 0.706542969
vt 0.00439834595 0.709472656
vt 0.382080078 0.714355469
vt 0.375732422 0.718261719
vt 0.382080078 0.720703125
vt 0.375732422 0.724121094
vt 0.382080078 0.725097656
vt 0.382080078 0.728515625
vt 0.375732422 0.729003906
vt 0.382080078 0.731445312
vt 0.375244141 0.730957031
vt 0.373779297 0.732910156
vt 0.382080078 0.733886719
vt 0.371826172 0.734375
vt 0.382080078 0.736328125
vt 0.382080078 0.73828125
vt 0.369628906 0.735351562
vt 0.365478516 0.735839844
vt 0.365478516 0.740234375
vt 0.382080078 0.7421875
vt 0.365478516 0.744628906
vt 0.382080078 0.74609375
vt 0.382080078 0.749023438
vt 0.365478516 0.749511719
vt 0.382080078 0.752441406
vt 0.365478516 0.75390625
vt 0.382080078 0.755859375
vt 0.365478516 0.7578125
vt 0.382080078 0.759277344
vt 0.365478516 0.761230469
vt 0.382080078 0.763183594
vt 0.365478516 0.765136719
vt 0.382080078 0.767578125
vt 0.365478516 0.76953125
vt 0.367675781 0.770019531
vt 0.370849609 0.770507812
vt 0.382080078 0.771484375
vt 0.373046875 0.771972656
vt 0.374511719 0.773925781
vt 0.382080078 0.774414062
vt 0.375244141 0.775390625
vt 0.382080078 0.778320312
vt 0.375732422 0.777832031
vt 0.375732422 0.78125
vt 0.382080078 0.782714844
vt 0.375732422 0.784667969
vt 0.382080078 0.786132812
vt 0.375732422 0.7890625
vt 0.382080078 0.790039062
vt 0.375732422 0.79296875
vt 0.42578125 0.0475158691
vt 0.426513672 0.0475158691
vt 0.428955078 0.0436401367
vt 0.430664062 0.0399780273
vt 0.431640625 0.0363769531
vt 0.432128906 0.0328063965
vt 0.42578125 0.0158233643
vt 0.431884766 0.0284423828
vt 0.430908203 0.0237426758
vt 0.428955078 0.0193328857
vt 0.426513672 0.0158691406
vt 0.891113281 0.0167999268
vt 0.889160156 0.0134658813
vt 0.885742188 0.0196075439
vt 0.892578125 0.0200042725
vt 0.883300781 0.0157470703
vt 0.886230469 0.00943756104
vt 0.887207031 0.0240020752
vt 0.893554688 0.0232543945
vt 0.894042969 0.0268707275
vt 0.879394531 0.0118484497
vt 0.883300781 0.00648880005
vt 0.880371094 0.00444412231
vt 0.888183594 0.0307312012
vt 0.89453125 0.0319519043
vt 0.893554688 0.0374755859
vt 0.887695312 0.0362243652
vt 0.892578125 0.0419006348
vt 0.886230469 0.0407104492
vt 0.891113281 0.0455627441
vt 0.884277344 0.0448303223
vt 0.888671875 0.0497131348
vt 0.875 0.0087890625
vt 0.877929688 0.00295829773
vt 0.874511719 0.00159835815
vt 0.870605469 0.00737762451
vt 0.871582031 0.000683307648
vt 0.880371094 0.0491027832
vt 0.8671875 0.00679779053
vt 0.868164062 0.000216722488
vt 0.864746094 0.000110328197
vt 0.86328125 0.00694656372
vt 0.861328125 0.000448465347
vt 0.886230469 0.0530090332
vt 0.883789062 0.0552368164
vt 0.880859375 0.0577087402
vt 0.875976562 0.0525817871
vt 0.876953125 0.0598754883
vt 0.858886719 0.00788879395
vt 0.857910156 0.00124168396
vt 0.854980469 0.00233840942
vt 0.85546875 0.00971984863
vt 0.851074219 0.00458908081
vt 0.870117188 0.0546569824
vt 0.8515625 0.0125427246
vt 0.84765625 0.00745773315
vt 0.846191406 0.00968170166
vt 0.850097656 0.0151367188
vt 0.844726562 0.013458252
vt 0.849121094 0.018737793
vt 0.84375 0.0186004639
vt 0.848632812 0.0247955322
vt 0.843261719 0.0258789062
vt 0.873046875 0.0611877441
vt 0.869140625 0.0619506836
vt 0.865722656 0.0621948242
vt 0.848632812 0.0347900391
vt 0.843261719 0.0342712402
vt 0.84375 0.0413208008
vt 0.849609375 0.0426940918
vt 0.844238281 0.0461730957
vt 0.864257812 0.0550231934
vt 0.862304688 0.0619506836
vt 0.858886719 0.061340332
vt 0.859863281 0.0541687012
vt 0.85546875 0.0601196289
vt 0.850585938 0.047668457
vt 0.855957031 0.0524597168
vt 0.8515625 0.058013916
vt 0.849609375 0.0567321777
vt 0.852050781 0.0496826172
vt 0.848144531 0.0550842285
vt 0.845214844 0.0495910645
vt 0.846679688 0.0528869629
vt 0.00782775879 0.799804688
vt 0.01512146 0.801757812
vt 0.0089263916 0.797851562
vt 0.0168609619 0.796386719
vt 0.00820159912 0.797851562
vt 0.00675201416 0.799804688
vt 0.00942993164 0.795410156
vt 0.00765991211 0.796386719
vt 0.000358581543 0.795410156
vt 0.00217056274 0.789550781
vt 0.00857543945 0.795410156
vt 0.00897216797 0.793457031
vt 0.0100097656 0.793457031
vt 0.0108261108 0.791503906
vt 0.0181732178 0.790527344
vt 0.0101776123 0.791015625
vt 0.0111694336 0.7890625
vt 0.0191192627 0.786621094
vt 0.00937652588 0.791015625
vt 0.0100860596 0.7890625
vt 0.00329208374 0.783691406
vt 0.0105514526 0.786621094
vt 0.0115280151 0.787109375
vt 0.012260437 0.784667969
vt 0.0205383301 0.783203125
vt 0.0114746094 0.784667969
vt 0.0106582642 0.784667969
vt 0.0111618042 0.782714844
vt 0.00373458862 0.778808594
vt 0.0121765137 0.782714844
vt 0.0126724243 0.780761719
vt 0.0230255127 0.780761719
vt 0.0127029419 0.778320312
vt 0.0255737305 0.779785156
vt 0.027923584 0.779296875
vt 0.0120162964 0.780761719
vt 0.0112457275 0.780273438
vt 0.0116577148 0.778320312
vt 0.0117721558 0.776367188
vt 0.00392913818 0.773925781
vt 0.0127944946 0.776367188
vt 0.0118408203 0.772949219
vt 0.00400161743 0.767578125
vt 0.0498962402 0.778320312
vt 0.0501098633 0.780273438
vt 0.0533447266 0.779785156
vt 0.0125427246 0.774414062
vt 0.0132141113 0.774414062
vt 0.0538024902 0.777832031
vt 0.0576171875 0.778808594
vt 0.0126876831 0.771972656
vt 0.0506286621 0.775878906
vt 0.0543212891 0.775390625
vt 0.0584411621 0.775390625
vt 0.060760498 0.77734375
vt 0.0628662109 0.775878906
vt 0.0121002197 0.769042969
vt 0.0134048462 0.771972656
vt 0.013458252 0.769042969
vt 0.0537719727 0.772949219
vt 0.0610351562 0.772949219
vt 0.0650634766 0.7734375
vt 0.0493164062 0.7734375
vt 0.0510864258 0.770996094
vt 0.0577697754 0.771484375
vt 0.061340332 0.770507812
vt 0.0550231934 0.769042969
vt 0.0127029419 0.770019531
vt 0.0129089355 0.768066406
vt 0.0121612549 0.766113281
vt 0.0129623413 0.766113281
vt 0.012298584 0.762695312
vt 0.0041885376 0.762207031
vt 0.0512084961 0.768554688
vt 0.0135879517 0.766113281
vt 0.059173584 0.768066406
vt 0.0130462646 0.763671875
vt 0.0137329102 0.762695312
vt 0.0122909546 0.759277344
vt 0.00428771973 0.756347656
vt 0.013092041 0.76171875
vt 0.050567627 0.766601562
vt 0.0540771484 0.766113281
vt 0.0131225586 0.759765625
vt 0.0124816895 0.756347656
vt 0.0570678711 0.765625
vt 0.0511779785 0.764160156
vt 0.0549926758 0.763183594
vt 0.0593566895 0.763183594
vt 0.0604553223 0.765625
vt 0.0512390137 0.762207031
vt 0.0137786865 0.759765625
vt 0.0639038086 0.768066406
vt 0.0548706055 0.761230469
vt 0.0132293701 0.757324219
vt 0.0513916016 0.759765625
vt 0.013923645 0.757324219
vt 0.0640869141 0.765625
vt 0.0649414062 0.770996094
vt 0.067565918 0.770019531
vt 0.0689086914 0.766601562
vt 0.0665283203 0.763183594
vt 0.0693969727 0.764160156
vt 0.0132980347 0.755371094
vt 0.0629882812 0.763183594
vt 0.0665283203 0.760742188
vt 0.069519043 0.761230469
vt 0.069152832 0.758300781
vt 0.0617980957 0.760742188
vt 0.0654296875 0.757324219
vt 0.0684204102 0.755859375
vt 0.067199707 0.753417969
vt 0.0581970215 0.760742188
vt 0.0582275391 0.757324219
vt 0.0617980957 0.758300781
vt 0.0548400879 0.758300781
vt 0.0639038086 0.753417969
vt 0.0654907227 0.750976562
vt 0.0617370605 0.755859375
vt 0.0615539551 0.750976562
vt 0.0630493164 0.748535156
vt 0.0592956543 0.75390625
vt 0.0547485352 0.753417969
vt 0.0590515137 0.749023438
vt 0.0601806641 0.746582031
vt 0.0578308105 0.745117188
vt 0.0572814941 0.751464844
vt 0.0544433594 0.746582031
vt 0.0542602539 0.744140625
vt 0.05078125 0.743652344
vt 0.0548095703 0.75
vt 0.0505981445 0.745605469
vt 0.0292816162 0.743652344
vt 0.0517578125 0.748046875
vt 0.0139083862 0.744140625
vt 0.0262908936 0.743164062
vt 0.0510864258 0.750488281
vt 0.0137329102 0.747070312
vt 0.0140762329 0.742675781
vt 0.023727417 0.7421875
vt 0.0140914917 0.749023438
vt 0.0139846802 0.741210938
vt 0.0217132568 0.740234375
vt 0.0135040283 0.742675781
vt 0.0134048462 0.741699219
vt 0.0135421753 0.739746094
vt 0.0132141113 0.744628906
vt 0.0126953125 0.747558594
vt 0.0134277344 0.749023438
vt 0.0141067505 0.750976562
vt 0.0127029419 0.7421875
vt 0.0134124756 0.73828125
vt 0.020324707 0.736328125
vt 0.0126037598 0.740722656
vt 0.0126342773 0.744140625
vt 0.0124130249 0.73828125
vt 0.0126571655 0.735839844
vt 0.00528717041 0.741210938
vt 0.00481796265 0.74609375
vt 0.00455856323 0.737304688
vt 0.00452041626 0.750488281
vt 0.0118255615 0.732421875
vt 0.0195617676 0.732421875
vt 0.0115890503 0.735351562
vt 0.0106430054 0.732421875
vt 0.00277137756 0.73046875
vt 0.00973510742 0.728515625
vt 0.000358581543 0.72265625
vt 0.0080871582 0.723144531
vt 0.0109329224 0.728515625
vt 0.0186767578 0.728027344
vt 0.0093536377 0.723144531
vt 0.0168762207 0.720703125
vt 0.0125045776 0.751953125
vt 0.0130081177 0.753417969
vt 0.013381958 0.750976562
vt 0.0137634277 0.752929688
vt 0.0140304565 0.754882812
vt 0.0507202148 0.752441406
vt 0.0512695312 0.7578125
vt 0.0515136719 0.755371094
vt 0.0550231934 0.755859375
vt 0.522949219 0.656738281
vt 0.528808594 0.651367188
vt 0.521484375 0.651855469
vt 0.529785156 0.653808594
vt 0.530761719 0.653320312
vt 0.52734375 0.6484375
vt 0.520507812 0.647949219
vt 0.529785156 0.650878906
vt 0.537597656 0.651367188
vt 0.535644531 0.646484375
vt 0.528320312 0.648925781
vt 0.528808594 0.647460938
vt 0.533691406 0.641113281
vt 0.526855469 0.645019531
vt 0.519042969 0.64453125
vt 0.527832031 0.647460938
vt 0.527832031 0.645019531
vt 0.525878906 0.643066406
vt 0.526855469 0.641601562
vt 0.532714844 0.635253906
vt 0.525390625 0.640625
vt 0.518066406 0.639648438
vt 0.524902344 0.638183594
vt 0.525878906 0.638183594
vt 0.524414062 0.635742188
vt 0.517578125 0.634765625
vt 0.525390625 0.634765625
vt 0.531738281 0.631347656
vt 0.524414062 0.633789062
vt 0.523925781 0.631347656
vt 0.517089844 0.630371094
vt 0.524902344 0.630859375
vt 0.53125 0.626953125
vt 0.523925781 0.629394531
vt 0.524414062 0.627929688
vt 0.5234375 0.626953125
vt 0.516113281 0.626953125
vt 0.5234375 0.624511719
vt 0.515136719 0.624511719
vt 0.513671875 0.623046875
vt 0.524414062 0.624511719
vt 0.53125 0.62109375
vt 0.5234375 0.622070312
vt 0.522949219 0.620117188
vt 0.512207031 0.621582031
vt 0.509277344 0.620605469
vt 0.488769531 0.620117188
vt 0.524414062 0.62109375
vt 0.487792969 0.617675781
vt 0.486328125 0.620117188
vt 0.524414062 0.617675781
vt 0.53125 0.614257812
vt 0.5234375 0.617675781
vt 0.483886719 0.6171875
vt 0.482666016 0.618652344
vt 0.48046875 0.613769531
vt 0.479492188 0.616699219
vt 0.477539062 0.615234375
vt 0.477539062 0.610839844
vt 0.475341797 0.612792969
vt 0.473388672 0.608886719
vt 0.474853516 0.607421875
vt 0.472167969 0.604980469
vt 0.474121094 0.602539062
vt 0.471923828 0.602050781
vt 0.471679688 0.599609375
vt 0.471923828 0.597167969
vt 0.476806641 0.605957031
vt 0.479248047 0.608886719
vt 0.482177734 0.612304688
vt 0.481933594 0.606933594
vt 0.475830078 0.601074219
vt 0.478515625 0.604003906
vt 0.485351562 0.614746094
vt 0.488769531 0.615722656
vt 0.485595703 0.612304688
vt 0.5234375 0.615234375
vt 0.474853516 0.596191406
vt 0.472900391 0.59375
vt 0.476318359 0.592285156
vt 0.474365234 0.590820312
vt 0.476318359 0.587402344
vt 0.477294922 0.597167969
vt 0.483642578 0.610351562
vt 0.488769531 0.612792969
vt 0.524414062 0.614257812
vt 0.485595703 0.608398438
vt 0.48828125 0.610351562
vt 0.522949219 0.61328125
vt 0.524414062 0.610839844
vt 0.53125 0.606933594
vt 0.5234375 0.610839844
vt 0.488769531 0.607910156
vt 0.523925781 0.607421875
vt 0.486328125 0.60546875
vt 0.5234375 0.608398438
vt 0.489990234 0.60546875
vt 0.524414062 0.604003906
vt 0.53125 0.600097656
vt 0.5234375 0.605957031
vt 0.5234375 0.604003906
vt 0.5234375 0.6015625
vt 0.490234375 0.603027344
vt 0.486328125 0.602539062
vt 0.483154297 0.602539062
vt 0.488525391 0.600585938
vt 0.485351562 0.599609375
vt 0.524414062 0.6015625
vt 0.524414062 0.599609375
vt 0.489013672 0.598632812
vt 0.485351562 0.596191406
vt 0.524414062 0.596191406
vt 0.53125 0.594726562
vt 0.5234375 0.599121094
vt 0.488525391 0.595703125
vt 0.481933594 0.59765625
vt 0.524414062 0.592773438
vt 0.53125 0.58984375
vt 0.5234375 0.597167969
vt 0.5234375 0.594726562
vt 0.488525391 0.59375
vt 0.489257812 0.591308594
vt 0.5234375 0.592773438
vt 0.486083984 0.591308594
vt 0.524414062 0.590332031
vt 0.5234375 0.590332031
vt 0.489257812 0.588378906
vt 0.524414062 0.587890625
vt 0.53125 0.583984375
vt 0.5234375 0.588378906
vt 0.486083984 0.588867188
vt 0.483886719 0.592773438
vt 0.483886719 0.58984375
vt 0.485839844 0.586914062
vt 0.482177734 0.586425781
vt 0.482421875 0.594726562
vt 0.481201172 0.58984375
vt 0.489013672 0.5859375
vt 0.486328125 0.583984375
vt 0.489746094 0.583984375
vt 0.5234375 0.5859375
vt 0.524414062 0.5859375
vt 0.479736328 0.591308594
vt 0.478271484 0.588378906
vt 0.479492188 0.594726562
vt 0.478515625 0.585449219
vt 0.48046875 0.583984375
vt 0.482910156 0.582519531
vt 0.485351562 0.581542969
vt 0.488525391 0.581054688
vt 0.509765625 0.58203125
vt 0.5234375 0.583007812
vt 0.512207031 0.581542969
vt 0.5234375 0.581542969
vt 0.514648438 0.579589844
vt 0.523925781 0.583007812
vt 0.48046875 0.599121094
vt 0.524414062 0.583007812
vt 0.524414062 0.581542969
vt 0.53125 0.579589844
vt 0.478759766 0.601074219
vt 0.481445312 0.604003906
vt 0.524414062 0.580566406
vt 0.524902344 0.578613281
vt 0.532226562 0.575195312
vt 0.523925781 0.580078125
vt 0.5234375 0.580078125
vt 0.523925781 0.579101562
vt 0.516601562 0.577148438
vt 0.523925781 0.577148438
vt 0.518066406 0.573242188
vt 0.524414062 0.577636719
vt 0.525390625 0.576171875
vt 0.524902344 0.575683594
vt 0.524414062 0.574707031
vt 0.526367188 0.572753906
vt 0.534179688 0.568359375
vt 0.525878906 0.572753906
vt 0.524902344 0.572265625
vt 0.519042969 0.567871094
vt 0.525878906 0.568847656
vt 0.520996094 0.560546875
vt 0.526855469 0.569335938
vt 0.52734375 0.565429688
vt 0.528320312 0.565917969
vt 0.529296875 0.55859375
vt 0.523925781 0.55078125
vt 0.53125 0.552734375
vt 0.529785156 0.55859375
vt 0.532226562 0.553222656
vt 0.530273438 0.559082031
vt 0.537597656 0.558105469
f 3/3 2/2 1/1
f 1/1 4/4 3/3
f 4/4 5/5 3/3
f 3/3 5/5 6/6
f 5/5 7/7 6/6
f 8/8 6/6 7/7
f 9/9 8/8 7/7
f 10/10 8/8 9/9
f 11/11 10/10 9/9
f 11/11 9/9 12/12
f 13/13 11/11 12/12
f 12/12 14/14 13/13
f 13/13 14/14 15/15
f 15/15 14/14 16/16
f 16/16 14/14 17/17
f 18/18 16/16 17/17
f 19/19 16/16 18/18
f 20/20 19/19 18/18
f 21/21 19/19 20/20
f 22/22 21/21 20/20
f 22/22 23/23 21/21
f 21/21 23/23 24/24
f 24/24 23/23 25/25
f 26/26 24/24 25/25
f 25/25 27/27 26/26
f 27/27 28/28 26/26
f 26/26 28/28 29/29
f 30/30 29/29 28/28
f 29/29 30/30 31/31
f 30/30 32/32 31/31
f 33/33 31/31 32/32
f 34/34 31/31 33/33
f 33/33 35/35 34/34
f 34/34 35/35 36/36
f 37/37 36/36 35/35
f 38/38 36/36 37/37
f 37/37 39/39 38/38
f 38/38 39/39 40/40
f 41/41 40/40 39/39
f 39/39 42/42 41/41
f 41/41 42/42 43/43
f 44/44 43/43 42/42
f 45/45 43/43 44/44
f 44/44 46/46 45/45
f 45/45 46/46 47/47
f 48/48 47/47 46/46
f 49/49 47/47 48/48
f 49/49 48/48 50/50
f 50/50 48/48 51/51
f 50/50 51/51 52/52
f 53/53 52/52 51/51
f 52/52 53/53 54/54
f 54/54 55/55 52/52
f 56/56 55/55 54/54
f 57/57 55/55 56/56
f 58/58 57/57 56/56
f 59/59 57/57 58/58
f 60/60 59/59 58/58
f 61/61 59/59 60/60
f 60/60 62/62 61/61
f 63/63 61/61 62/62
f 64/64 63/63 62/62
f 65/65 63/63 64/64
f 65/65 64/64 66/66
f 66/66 67/67 65/65
f 68/68 65/65 67/67
f 67/67 69/69 68/68
f 68/68 69/69 70/70
f 69/69 71/71 70/70
f 70/70 71/71 72/72
f 70/70 72/72 73/73
f 72/72 74/74 73/73
f 77/77 76/76 75/75
f 77/77 75/75 78/78
f 78/78 75/75 79/79
f 78/78 79/79 80/80
f 79/79 81/81 80/80
f 80/80 81/81 82/82
f 81/81 83/83 82/82
f 82/82 83/83 84/84
f 84/84 83/83 85/85
f 83/83 86/86 85/85
f 86/86 87/87 85/85
f 85/85 87/87 88/88
f 89/89 88/88 87/87
f 87/87 90/90 89/89
f 91/91 89/89 90/90
f 90/90 92/92 91/91
f 91/91 92/92 93/93
f 93/93 92/92 94/94
f 94/94 92/92 95/95
f 95/95 92/92 96/96
f 96/96 92/92 97/97
f 97/97 92/92 98/98
f 98/98 92/92 99/99
f 99/99 92/92 100/100
f 101/101 92/92 90/90
f 102/102 92/92 101/101
f 103/103 92/92 102/102
f 104/104 102/102 101/101
f 105/105 104/104 101/101
f 106/106 104/104 105/105
f 106/106 105/105 107/107
f 107/107 108/108 106/106
f 109/109 108/108 107/107
f 109/109 110/110 108/108
f 111/111 110/110 109/109
f 112/112 110/110 111/111
f 113/113 112/112 111/111
f 114/114 112/112 113/113
f 115/115 114/114 113/113
f 114/114 115/115 116/116
f 115/115 117/117 116/116
f 117/117 118/118 116/116
f 119/119 118/118 117/117
f 120/120 118/118 119/119
f 123/123 122/122 121/121
f 124/124 122/122 123/123
f 125/125 124/124 123/123
f 123/123 126/126 125/125
f 125/125 126/126 127/127
f 127/127 126/126 128/128
f 128/128 126/126 129/129
f 130/130 128/128 129/129
f 131/131 130/130 129/129
f 132/132 130/130 131/131
f 131/131 133/133 132/132
f 132/132 133/133 134/134
f 133/133 135/135 134/134
f 136/136 134/134 135/135
f 135/135 137/137 136/136
f 138/138 136/136 137/137
f 137/137 139/139 138/138
f 138/138 139/139 140/140
f 141/141 140/140 139/139
f 142/142 140/140 141/141
f 143/143 142/142 141/141
f 144/144 142/142 143/143
f 145/145 142/142 144/144
f 146/146 142/142 145/145
f 140/140 142/142 147/147
f 142/142 148/148 147/147
f 147/147 148/148 149/149
f 149/149 148/148 150/150
f 151/151 148/148 142/142
f 152/152 151/151 142/142
f 153/153 152/152 142/142
f 154/154 153/153 142/142
f 148/148 155/155 150/150
f 150/150 155/155 156/156
f 155/155 157/157 156/156
f 156/156 157/157 158/158
f 157/157 159/159 158/158
f 160/160 158/158 159/159
f 161/161 154/154 142/142
f 159/159 162/162 160/160
f 160/160 162/162 163/163
f 163/163 162/162 164/164
f 162/162 165/165 164/164
f 166/166 164/164 165/165
f 167/167 166/166 165/165
f 168/168 166/166 167/167
f 167/167 169/169 168/168
f 168/168 169/169 170/170
f 169/169 171/171 170/170
f 172/172 170/170 171/171
f 173/173 161/161 142/142
f 174/174 173/173 142/142
f 175/175 174/174 142/142
f 176/176 175/175 142/142
f 177/177 176/176 142/142
f 178/178 177/177 142/142
f 181/181 180/180 179/179
f 182/182 181/181 179/179
f 183/183 182/182 179/179
f 184/184 183/183 179/179
f 179/179 185/185 184/184
f 184/184 185/185 186/186
f 185/185 187/187 186/186
f 187/187 185/185 188/188
f 185/185 189/189 188/188
f 185/185 190/190 189/189
f 193/193 192/192 191/191
f 191/191 192/192 194/194
f 192/192 195/195 194/194
f 194/194 195/195 196/196
f 197/197 196/196 195/195
f 197/197 195/195 198/198
f 197/197 198/198 199/199
f 198/198 200/200 199/199
f 199/199 200/200 201/201
f 201/201 200/200 202/202
f 203/203 201/201 202/202
f 204/204 203/203 202/202
f 204/204 205/205 203/203
f 203/203 205/205 206/206
f 205/205 207/207 206/206
f 206/206 207/207 208/208
f 208/208 207/207 209/209
f 207/207 210/210 209/209
f 209/209 210/210 211/211
f 210/210 212/212 211/211
f 215/215 214/214 213/213
f 216/216 215/215 213/213
f 217/217 215/215 216/216
f 216/216 218/218 217/217
f 218/218 216/216 219/219
f 220/220 218/218 219/219
f 221/221 220/220 219/219
f 222/222 220/220 221/221
f 223/223 222/222 221/221
f 224/224 222/222 223/223
f 222/222 224/224 225/225
f 224/224 226/226 225/225
f 225/225 226/226 227/227
f 228/228 225/225 227/227
f 229/229 228/228 227/227
f 230/230 228/228 229/229
f 231/231 230/230 229/229
f 232/232 230/230 231/231
f 233/233 232/232 231/231
f 232/232 233/233 234/234
f 233/233 235/235 234/234
f 234/234 235/235 236/236
f 237/237 236/236 235/235
f 238/238 236/236 237/237
f 239/239 238/238 237/237
f 238/238 239/239 240/240
f 239/239 241/241 240/240
f 242/242 240/240 241/241
f 243/243 240/240 242/242
f 244/244 243/243 242/242
f 243/243 244/244 245/245
f 248/248 247/247 246/246
f 246/246 247/247 249/249
f 247/247 250/250 249/249
f 249/249 250/250 251/251
f 249/249 251/251 252/252
f 252/252 251/251 253/253
f 251/251 254/254 253/253
f 254/254 255/255 253/253
f 253/253 255/255 256/256
f 257/257 256/256 255/255
f 258/258 257/257 255/255
f 259/259 257/257 258/258
f 258/258 260/260 259/259
f 259/259 260/260 261/261
f 262/262 261/261 260/260
f 263/263 261/261 262/262
f 264/264 263/263 262/262
f 265/265 264/264 262/262
f 266/266 264/264 265/265
f 266/266 265/265 267/267
f 268/268 267/267 265/265
f 269/269 267/267 268/268
f 268/268 270/270 269/269
f 271/271 269/269 270/270
f 272/272 271/271 270/270
f 275/275 274/274 273/273
f 274/274 276/276 273/273
f 276/276 277/277 273/273
f 273/273 277/277 278/278
f 279/279 278/278 277/277
f 279/279 280/280 278/278
f 281/281 280/280 279/279
f 282/282 280/280 281/281
f 283/283 282/282 281/281
f 284/284 282/282 283/283
f 285/285 284/284 283/283
f 285/285 286/286 284/284
f 287/287 286/286 285/285
f 288/288 286/286 287/287
f 289/289 288/288 287/287
f 290/290 289/289 287/287
f 290/290 291/291 289/289
f 291/291 292/292 289/289
f 293/293 292/292 291/291
f 292/292 293/293 294/294
f 294/294 293/293 295/295
f 293/293 296/296 295/295
f 296/296 297/297 295/295
f 295/295 297/297 298/298
f 297/297 299/299 298/298
f 298/298 299/299 300/300
f 299/299 301/301 300/300
f 300/300 301/301 302/302
f 301/301 303/303 302/302
f 302/302 303/303 304/304
f 303/303 305/305 304/304
f 306/306 304/304 305/305
f 305/305 307/307 306/306
f 307/307 308/308 306/306
f 309/309 308/308 307/307
f 310/310 308/308 309/309
f 311/311 310/310 309/309
f 312/312 310/310 311/311
f 311/311 313/313 312/312
f 312/312 313/313 314/314
f 315/315 312/312 314/314
f 314/314 316/316 315/315
f 315/315 316/316 317/317
f 320/320 319/319 318/318
f 318/318 321/321 320/320
f 322/322 320/320 321/321
f 323/323 320/320 322/322
f 324/324 323/323 322/322
f 322/322 325/325 324/324
f 325/325 326/326 324/324
f 324/324 326/326 327/327
f 327/327 328/328 324/324
f 324/324 328/328 329/329
f 329/329 330/330 324/324
f 324/324 330/330 331/331
f 330/330 332/332 331/331
f 331/331 332/332 333/333
f 334/334 331/331 333/333
f 335/335 334/334 333/333
f 333/333 336/336 335/335
f 335/335 336/336 337/337
f 335/335 337/337 338/338
f 338/338 339/339 335/335
f 339/339 340/340 335/335
f 340/340 341/341 335/335
f 341/341 342/342 335/335
f 342/342 343/343 335/335
f 335/335 343/343 344/344
f 345/345 344/344 343/343
f 348/348 347/347 346/346
f 349/349 348/348 346/346
f 346/346 350/350 349/349
f 351/351 350/350 346/346
f 352/352 351/351 346/346
f 352/352 346/346 353/353
f 353/353 346/346 354/354
f 355/355 354/354 346/346
f 356/356 355/355 346/346
f 356/356 346/346 357/357
f 358/358 357/357 346/346
f 359/359 358/358 346/346
f 360/360 359/359 346/346
f 346/346 361/361 360/360
f 361/361 346/346 362/362
f 363/363 362/362 346/346
f 363/363 346/346 364/364
f 346/346 365/365 364/364
f 365/365 346/346 366/366
f 346/346 367/367 366/366
f 368/368 367/367 346/346
f 369/369 368/368 346/346
f 370/370 369/369 346/346
f 346/346 371/371 370/370
f 371/371 346/346 372/372
f 373/373 372/372 346/346
f 346/346 374/374 373/373
f 376/376 92/92 375/375
f 375/375 92/92 377/377
f 377/377 92/92 378/378
f 378/378 92/92 379/379
f 379/379 92/92 380/380
f 380/380 92/92 381/381
f 381/381 92/92 103/103
f 384/384 383/383 382/382
f 385/385 384/384 382/382
f 386/386 384/384 385/385
f 385/385 387/387 386/386
f 386/386 387/387 388/388
f 388/388 387/387 389/389
f 387/387 390/390 389/389
f 390/390 391/391 389/389
f 389/389 391/391 392/392
f 391/391 393/393 392/392
f 392/392 393/393 394/394
f 393/393 395/395 394/394
f 395/395 396/396 394/394
f 394/394 396/396 397/397
f 397/397 396/396 398/398
f 396/396 399/399 398/398
f 398/398 399/399 400/400
f 399/399 401/401 400/400
f 402/402 400/400 401/401
f 403/403 400/400 402/402
f 403/403 402/402 404/404
f 402/402 405/405 404/404
f 405/405 406/406 404/404
f 404/404 406/406 407/407
f 408/408 407/407 406/406
f 409/409 407/407 408/408
f 410/410 409/409 408/408
f 411/411 409/409 410/410
f 410/410 412/412 411/411
f 412/412 413/413 411/411
f 414/414 413/413 412/412
f 415/415 413/413 414/414
f 416/416 415/415 414/414
f 417/417 415/415 416/416
f 416/416 418/418 417/417
f 417/417 418/418 419/419
f 418/418 420/420 419/419
f 420/420 421/421 419/419
f 422/422 421/421 420/420
f 423/423 421/421 422/422
f 424/424 423/423 422/422
f 425/425 423/423 424/424
f 426/426 425/425 424/424
f 427/427 425/425 426/426
f 428/428 425/425 427/427
f 428/428 427/427 429/429
f 427/427 430/430 429/429
f 429/429 430/430 431/431
f 430/430 432/432 431/431
f 431/431 432/432 433/433
f 434/434 433/433 432/432
f 435/435 433/433 434/434
f 434/434 436/436 435/435
f 435/435 436/436 437/437
f 438/438 437/437 436/436
f 439/439 438/438 436/436
f 440/440 438/438 439/439
f 441/441 440/440 439/439
f 440/440 441/441 442/442
f 443/443 440/440 442/442
f 444/444 443/443 442/442
f 445/445 443/443 444/444
f 444/444 446/446 445/445
f 447/447 445/445 446/446
f 448/448 447/447 446/446
f 449/449 447/447 448/448
f 450/450 449/449 448/448
f 451/451 449/449 450/450
f 452/452 449/449 451/451
f 455/455 454/454 453/453
f 453/453 456/456 455/455
f 457/457 456/456 453/453
f 458/458 456/456 457/457
f 459/459 458/458 457/457
f 459/459 460/460 458/458
f 458/458 460/460 461/461
f 460/460 462/462 461/461
f 463/463 462/462 460/460
f 464/464 462/462 463/463
f 465/465 462/462 464/464
f 466/466 465/465 464/464
f 467/467 465/465 466/466
f 465/465 467/467 468/468
f 469/469 468/468 467/467
f 468/468 469/469 470/470
f 470/470 471/471 468/468
f 468/468 471/471 472/472
f 471/471 473/473 472/472
f 472/472 473/473 474/474
f 475/475 474/474 473/473
f 476/476 475/475 473/473
f 477/477 475/475 476/476
f 478/478 477/477 476/476
f 479/479 477/477 478/478
f 480/480 479/479 478/478
f 481/481 479/479 480/480
f 482/482 481/481 480/480
f 483/483 481/481 482/482
f 484/484 483/483 482/482
f 485/485 483/483 484/484
f 486/486 485/485 484/484
f 487/487 485/485 486/486
f 488/488 487/487 486/486
f 487/487 488/488 489/489
f 490/490 487/487 489/489
f 491/491 490/490 489/489
f 490/490 491/491 492/492
f 493/493 490/490 492/492
f 494/494 493/493 492/492
f 495/495 493/493 494/494
f 496/496 495/495 494/494
f 497/497 495/495 496/496
f 498/498 495/495 497/497
f 499/499 498/498 497/497
f 500/500 498/498 499/499
f 501/501 500/500 499/499
f 502/502 501/501 499/499
f 503/503 501/501 502/502
f 502/502 504/504 503/503
f 503/503 504/504 505/505
f 504/504 506/506 505/505
f 507/507 505/505 506/506
f 510/510 509/509 508/508
f 511/511 509/509 510/510
f 512/512 511/511 510/510
f 512/512 513/513 511/511
f 511/511 513/513 514/514
f 515/515 514/514 513/513
f 515/515 516/516 514/514
f 515/515 517/517 516/516
f 518/518 517/517 515/515
f 517/517 518/518 519/519
f 518/518 520/520 519/519
f 521/521 519/519 520/520
f 522/522 519/519 521/521
f 523/523 522/522 521/521
f 524/524 523/523 521/521
f 525/525 524/524 521/521
f 526/526 524/524 525/525
f 527/527 526/526 525/525
f 527/527 528/528 526/526
f 526/526 528/528 529/529
f 528/528 530/530 529/529
f 529/529 530/530 531/531
f 530/530 532/532 531/531
f 531/531 532/532 533/533
f 532/532 534/534 533/533
f 533/533 534/534 535/535
f 534/534 536/536 535/535
f 535/535 536/536 537/537
f 537/537 536/536 538/538
f 537/537 538/538 539/539
f 539/539 538/538 540/540
f 541/541 540/540 538/538
f 542/542 541/541 538/538
f 543/543 541/541 542/542
f 544/544 543/543 542/542
f 542/542 545/545 544/544
f 544/544 545/545 546/546
f 546/546 545/545 547/547
f 546/546 547/547 548/548
f 549/549 548/548 547/547
f 550/550 549/549 547/547
f 551/551 549/549 550/550
f 552/552 551/551 550/550
f 553/553 551/551 552/552
f 554/554 553/553 552/552
f 553/553 554/554 555/555
f 558/558 557/557 556/556
f 559/559 558/558 556/556
f 560/560 559/559 556/556
f 561/561 560/560 556/556
f 556/556 562/562 561/561
f 561/561 562/562 563/563
f 562/562 564/564 563/563
f 562/562 565/565 564/564
f 562/562 566/566 565/565
f 569/569 568/568 567/567
f 567/567 570/570 569/569
f 569/569 571/571 568/568
f 571/571 572/572 568/568
f 570/570 573/573 569/569
f 573/573 570/570 574/574
f 575/575 573/573 574/574
f 571/571 576/576 572/572
f 576/576 577/577 572/572
f 578/578 577/577 576/576
f 579/579 573/573 575/575
f 580/580 579/579 575/575
f 581/581 579/579 580/580
f 582/582 579/579 581/581
f 583/583 582/582 581/581
f 584/584 582/582 583/583
f 585/585 584/584 583/583
f 586/586 584/584 585/585
f 587/587 586/586 585/585
f 588/588 578/578 576/576
f 589/589 578/578 588/588
f 590/590 589/589 588/588
f 591/591 590/590 588/588
f 592/592 590/590 591/591
f 593/593 586/586 587/587
f 594/594 592/592 591/591
f 592/592 594/594 595/595
f 596/596 595/595 594/594
f 597/597 596/596 594/594
f 598/598 596/596 597/597
f 599/599 593/593 587/587
f 600/600 593/593 599/599
f 601/601 593/593 600/600
f 602/602 593/593 601/601
f 603/603 602/602 601/601
f 598/598 597/597 604/604
f 605/605 598/598 604/604
f 606/606 605/605 604/604
f 606/606 604/604 607/607
f 608/608 606/606 607/607
f 609/609 602/602 603/603
f 610/610 608/608 607/607
f 611/611 608/608 610/610
f 611/611 610/610 612/612
f 610/610 613/613 612/612
f 612/612 613/613 614/614
f 615/615 614/614 613/613
f 616/616 614/614 615/615
f 617/617 616/616 615/615
f 618/618 616/616 617/617
f 619/619 609/609 603/603
f 620/620 609/609 619/619
f 621/621 609/609 620/620
f 617/617 622/622 618/618
f 618/618 622/622 623/623
f 623/623 622/622 624/624
f 622/622 625/625 624/624
f 624/624 625/625 626/626
f 627/627 609/609 621/621
f 627/627 621/621 628/628
f 628/628 629/629 627/627
f 627/627 629/629 630/630
f 629/629 631/631 630/630
f 626/626 625/625 632/632
f 630/630 631/631 633/633
f 631/631 634/634 633/633
f 634/634 635/635 633/633
f 635/635 636/636 633/633
f 635/635 637/637 636/636
f 636/636 637/637 632/632
f 626/626 632/632 638/638
f 637/637 639/639 632/632
f 638/638 632/632 639/639
f 642/642 641/641 640/640
f 643/643 641/641 642/642
f 642/642 640/640 644/644
f 644/644 640/640 645/645
f 646/646 643/643 642/642
f 646/646 642/642 644/644
f 644/644 645/645 647/647
f 647/647 645/645 648/648
f 649/649 647/647 648/648
f 650/650 644/644 647/647
f 646/646 644/644 650/650
f 651/651 650/650 647/647
f 651/651 646/646 650/650
f 651/651 647/647 649/649
f 646/646 652/652 643/643
f 652/652 646/646 651/651
f 652/652 653/653 643/643
f 653/653 654/654 643/643
f 655/655 652/652 651/651
f 653/653 652/652 655/655
f 656/656 654/654 653/653
f 656/656 653/653 655/655
f 657/657 654/654 656/656
f 649/649 658/658 651/651
f 655/655 651/651 658/658
f 659/659 658/658 649/649
f 659/659 655/655 658/658
f 656/656 655/655 659/659
f 660/660 659/659 649/649
f 661/661 656/656 659/659
f 661/661 659/659 660/660
f 662/662 657/657 656/656
f 662/662 656/656 661/661
f 663/663 657/657 662/662
f 664/664 657/657 663/663
f 665/665 662/662 661/661
f 663/663 662/662 665/665
f 661/661 660/660 666/666
f 665/665 661/661 666/666
f 666/666 660/660 667/667
f 667/667 665/665 666/666
f 660/660 668/668 667/667
f 669/669 663/663 665/665
f 663/663 669/669 664/664
f 669/669 665/665 667/667
f 669/669 670/670 664/664
f 664/664 670/670 671/671
f 672/672 671/671 670/670
f 673/673 671/671 672/672
f 674/674 673/673 672/672
f 670/670 669/669 675/675
f 675/675 669/669 667/667
f 672/672 670/670 675/675
f 675/675 667/667 676/676
f 667/667 668/668 676/676
f 677/677 675/675 676/676
f 676/676 668/668 677/677
f 672/672 675/675 677/677
f 677/677 668/668 678/678
f 678/678 672/672 677/677
f 668/668 679/679 678/678
f 680/680 674/674 672/672
f 680/680 672/672 678/678
f 678/678 679/679 681/681
f 679/679 682/682 681/681
f 674/674 680/680 683/683
f 684/684 674/674 683/683
f 683/683 685/685 684/684
f 686/686 680/680 678/678
f 686/686 678/678 681/681
f 687/687 680/680 686/686
f 680/680 687/687 683/683
f 688/688 685/685 683/683
f 688/688 689/689 685/685
f 690/690 686/686 681/681
f 690/690 687/687 686/686
f 691/691 688/688 683/683
f 683/683 687/687 691/691
f 692/692 689/689 688/688
f 688/688 691/691 692/692
f 693/693 689/689 692/692
f 689/689 693/693 694/694
f 694/694 693/693 695/695
f 696/696 690/690 681/681
f 681/681 682/682 696/696
f 687/687 697/697 691/691
f 697/697 687/687 690/690
f 698/698 697/697 690/690
f 691/691 699/699 692/692
f 699/699 693/693 692/692
f 693/693 700/700 695/695
f 701/701 695/695 700/700
f 691/691 697/697 702/702
f 691/691 702/702 699/699
f 702/702 697/697 703/703
f 697/697 698/698 703/703
f 702/702 703/703 699/699
f 704/704 693/693 699/699
f 700/700 693/693 704/704
f 705/705 701/701 700/700
f 705/705 700/700 704/704
f 706/706 699/699 703/703
f 706/706 704/704 699/699
f 698/698 690/690 707/707
f 707/707 690/690 696/696
f 708/708 707/707 696/696
f 708/708 698/698 707/707
f 709/709 708/708 696/696
f 696/696 682/682 709/709
f 710/710 708/708 709/709
f 710/710 698/698 708/708
f 711/711 709/709 682/682
f 711/711 710/710 709/709
f 712/712 711/711 682/682
f 703/703 698/698 713/713
f 713/713 706/706 703/703
f 714/714 698/698 710/710
f 713/713 698/698 714/714
f 715/715 704/704 706/706
f 715/715 705/705 704/704
f 716/716 710/710 711/711
f 716/716 714/714 710/710
f 717/717 714/714 716/716
f 711/711 712/712 718/718
f 712/712 719/719 718/718
f 720/720 716/716 711/711
f 720/720 717/717 716/716
f 718/718 720/720 711/711
f 721/721 713/713 714/714
f 717/717 721/721 714/714
f 722/722 706/706 713/713
f 713/713 721/721 722/722
f 723/723 720/720 718/718
f 723/723 717/717 720/720
f 718/718 719/719 724/724
f 724/724 723/723 718/718
f 725/725 715/715 706/706
f 706/706 722/722 725/725
f 721/721 726/726 722/722
f 726/726 721/721 717/717
f 727/727 722/722 726/726
f 727/727 725/725 722/722
f 728/728 725/725 727/727
f 729/729 715/715 725/725
f 728/728 729/729 725/725
f 730/730 726/726 717/717
f 726/726 730/730 727/727
f 731/731 717/717 723/723
f 717/717 731/731 730/730
f 715/715 729/729 732/732
f 705/705 715/715 732/732
f 727/727 730/730 733/733
f 733/733 728/728 727/727
f 734/734 731/731 723/723
f 734/734 723/723 724/724
f 730/730 731/731 735/735
f 730/730 735/735 733/733
f 736/736 731/731 734/734
f 735/735 731/731 736/736
f 729/729 728/728 737/737
f 732/732 729/729 737/737
f 732/732 738/738 705/705
f 738/738 701/701 705/705
f 739/739 701/701 738/738
f 732/732 739/739 738/738
f 737/737 739/739 732/732
f 740/740 739/739 737/737
f 741/741 740/740 737/737
f 742/742 740/740 741/741
f 743/743 736/736 734/734
f 743/743 734/734 724/724
f 737/737 728/728 744/744
f 741/741 737/737 744/744
f 745/745 742/742 741/741
f 746/746 742/742 745/745
f 746/746 745/745 747/747
f 748/748 741/741 744/744
f 728/728 748/748 744/744
f 745/745 741/741 748/748
f 747/747 745/745 749/749
f 750/750 747/747 749/749
f 751/751 750/750 749/749
f 748/748 728/728 752/752
f 753/753 748/748 752/752
f 752/752 728/728 733/733
f 754/754 745/745 748/748
f 749/749 745/745 754/754
f 754/754 748/748 753/753
f 755/755 752/752 733/733
f 753/753 752/752 755/755
f 755/755 733/733 735/735
f 756/756 751/751 749/749
f 756/756 757/757 751/751
f 758/758 749/749 754/754
f 758/758 754/754 753/753
f 756/756 749/749 758/758
f 757/757 756/756 759/759
f 757/757 759/759 760/760
f 758/758 761/761 756/756
f 761/761 758/758 753/753
f 761/761 759/759 756/756
f 761/761 753/753 762/762
f 759/759 763/763 760/760
f 760/760 763/763 764/764
f 764/764 763/763 765/765
f 759/759 761/761 766/766
f 766/766 761/761 762/762
f 763/763 759/759 766/766
f 765/765 763/763 767/767
f 767/767 768/768 765/765
f 767/767 769/769 768/768
f 763/763 766/766 770/770
f 762/762 770/770 766/766
f 767/767 763/763 770/770
f 771/771 769/769 767/767
f 771/771 772/772 769/769
f 770/770 773/773 767/767
f 773/773 771/771 767/767
f 774/774 772/772 771/771
f 775/775 772/772 774/774
f 762/762 776/776 770/770
f 776/776 773/773 770/770
f 773/773 777/777 771/771
f 777/777 774/774 771/771
f 778/778 775/775 774/774
f 778/778 779/779 775/775
f 776/776 780/780 773/773
f 780/780 777/777 773/773
f 778/778 781/781 779/779
f 779/779 781/781 782/782
f 774/774 783/783 778/778
f 784/784 781/781 778/778
f 778/778 783/783 784/784
f 785/785 782/782 781/781
f 781/781 784/784 785/785
f 774/774 786/786 783/783
f 774/774 777/777 786/786
f 786/786 777/777 787/787
f 777/777 780/780 788/788
f 777/777 788/788 787/787
f 789/789 780/780 776/776
f 780/780 789/789 788/788
f 790/790 784/784 783/783
f 790/790 783/783 786/786
f 791/791 782/782 785/785
f 792/792 782/782 791/791
f 793/793 785/785 784/784
f 790/790 793/793 784/784
f 794/794 790/790 786/786
f 786/786 787/787 794/794
f 785/785 795/795 791/791
f 785/785 793/793 795/795
f 791/791 796/796 792/792
f 796/796 791/791 795/795
f 790/790 797/797 793/793
f 794/794 797/797 790/790
f 798/798 797/797 794/794
f 787/787 798/798 794/794
f 797/797 799/799 793/793
f 793/793 799/799 795/795
f 798/798 787/787 800/800
f 792/792 796/796 801/801
f 801/801 802/802 792/792
f 803/803 796/796 795/795
f 795/795 799/799 803/803
f 796/796 803/803 801/801
f 803/803 799/799 804/804
f 801/801 803/803 804/804
f 799/799 805/805 804/804
f 804/804 805/805 806/806
f 804/804 806/806 801/801
f 805/805 807/807 806/806
f 806/806 807/807 808/808
f 809/809 802/802 801/801
f 809/809 801/801 806/806
f 806/806 808/808 809/809
f 810/810 802/802 809/809
f 808/808 811/811 809/809
f 812/812 810/810 809/809
f 811/811 812/812 809/809
f 800/800 813/813 719/719
f 719/719 813/813 724/724
f 787/787 813/813 800/800
f 814/814 724/724 813/813
f 814/814 743/743 724/724
f 787/787 815/815 813/813
f 815/815 814/814 813/813
f 788/788 815/815 787/787
f 788/788 789/789 815/815
f 815/815 816/816 814/814
f 816/816 743/743 814/814
f 789/789 816/816 815/815
f 816/816 817/817 743/743
f 817/817 736/736 743/743
f 816/816 789/789 818/818
f 817/817 816/816 818/818
f 818/818 789/789 776/776
f 818/818 776/776 762/762
f 736/736 817/817 819/819
f 736/736 819/819 735/735
f 819/819 755/755 735/735
f 820/820 817/817 818/818
f 819/819 817/817 820/820
f 820/820 818/818 762/762
f 820/820 755/755 819/819
f 762/762 821/821 820/820
f 821/821 755/755 820/820
f 762/762 753/753 821/821
f 821/821 753/753 755/755
f 824/824 823/823 822/822
f 825/825 822/822 823/823
f 825/825 823/823 826/826
f 827/827 823/823 824/824
f 827/827 824/824 828/828
f 826/826 823/823 829/829
f 826/826 829/829 830/830
f 830/830 829/829 831/831
f 823/823 832/832 829/829
f 823/823 827/827 832/832
f 833/833 831/831 829/829
f 829/829 832/832 833/833
f 831/831 833/833 834/834
f 827/827 828/828 835/835
f 835/835 828/828 836/836
f 827/827 837/837 832/832
f 837/837 833/833 832/832
f 835/835 837/837 827/827
f 838/838 833/833 837/837
f 833/833 838/838 834/834
f 838/838 837/837 835/835
f 836/836 839/839 835/835
f 839/839 838/838 835/835
f 838/838 840/840 834/834
f 840/840 838/838 839/839
f 834/834 840/840 841/841
f 842/842 839/839 836/836
f 842/842 840/840 839/839
f 843/843 842/842 836/836
f 844/844 840/840 842/842
f 844/844 842/842 843/843
f 840/840 845/845 841/841
f 845/845 840/840 844/844
f 843/843 846/846 844/844
f 846/846 845/845 844/844
f 847/847 846/846 843/843
f 845/845 848/848 841/841
f 848/848 845/845 846/846
f 849/849 841/841 848/848
f 850/850 846/846 847/847
f 850/850 848/848 846/846
f 850/850 847/847 851/851
f 851/851 848/848 850/850
f 847/847 852/852 851/851
f 853/853 849/849 848/848
f 853/853 848/848 851/851
f 854/854 849/849 853/853
f 851/851 852/852 855/855
f 855/855 853/853 851/851
f 854/854 853/853 856/856
f 856/856 853/853 855/855
f 855/855 852/852 857/857
f 857/857 856/856 855/855
f 852/852 858/858 857/857
f 859/859 857/857 858/858
f 859/859 856/856 857/857
f 858/858 860/860 859/859
f 860/860 861/861 859/859
f 862/862 854/854 856/856
f 862/862 856/856 859/859
f 863/863 854/854 862/862
f 859/859 861/861 864/864
f 864/864 862/862 859/859
f 864/864 861/861 865/865
f 865/865 861/861 866/866
f 866/866 867/867 865/865
f 868/868 865/865 867/867
f 869/869 862/862 864/864
f 869/869 863/863 862/862
f 865/865 869/869 864/864
f 870/870 865/865 868/868
f 870/870 868/868 871/871
f 872/872 863/863 869/869
f 873/873 863/863 872/872
f 874/874 869/869 865/865
f 874/874 865/865 870/870
f 872/872 869/869 874/874
f 870/870 871/871 875/875
f 871/871 876/876 875/875
f 877/877 875/875 876/876
f 878/878 877/877 876/876
f 879/879 877/877 878/878
f 880/880 877/877 879/879
f 881/881 880/880 879/879
f 882/882 880/880 881/881
f 880/880 882/882 883/883
f 882/882 884/884 883/883
f 884/884 885/885 883/883
f 886/886 885/885 884/884
f 886/886 887/887 885/885
f 887/887 888/888 885/885
f 883/883 889/889 880/880
f 885/885 889/889 883/883
f 880/880 890/890 877/877
f 889/889 890/890 880/880
f 877/877 891/891 875/875
f 890/890 891/891 877/877
f 890/890 892/892 891/891
f 888/888 893/893 885/885
f 885/885 893/893 889/889
f 889/889 894/894 890/890
f 894/894 892/892 890/890
f 893/893 894/894 889/889
f 891/891 895/895 875/875
f 895/895 870/870 875/875
f 896/896 870/870 895/895
f 896/896 874/874 870/870
f 895/895 891/891 897/897
f 897/897 896/896 895/895
f 896/896 898/898 874/874
f 898/898 872/872 874/874
f 888/888 899/899 893/893
f 900/900 899/899 888/888
f 900/900 901/901 899/899
f 901/901 900/900 902/902
f 902/902 903/903 901/901
f 899/899 904/904 893/893
f 901/901 904/904 899/899
f 891/891 905/905 897/897
f 892/892 905/905 891/891
f 906/906 896/896 897/897
f 906/906 898/898 896/896
f 907/907 872/872 898/898
f 907/907 873/873 872/872
f 908/908 897/897 905/905
f 892/892 908/908 905/905
f 909/909 906/906 897/897
f 897/897 908/908 909/909
f 910/910 898/898 906/906
f 910/910 907/907 898/898
f 909/909 910/910 906/906
f 911/911 873/873 907/907
f 912/912 873/873 911/911
f 913/913 907/907 910/910
f 913/913 910/910 909/909
f 911/911 907/907 913/913
f 914/914 909/909 908/908
f 914/914 913/913 909/909
f 915/915 912/912 911/911
f 915/915 911/911 913/913
f 892/892 916/916 908/908
f 914/914 908/908 916/916
f 917/917 913/913 914/914
f 915/915 913/913 917/917
f 917/917 914/914 918/918
f 918/918 914/914 916/916
f 919/919 912/912 915/915
f 920/920 912/912 919/919
f 915/915 917/917 921/921
f 921/921 917/917 918/918
f 922/922 915/915 921/921
f 919/919 915/915 922/922
f 923/923 919/919 922/922
f 922/922 921/921 924/924
f 924/924 921/921 918/918
f 923/923 922/922 924/924
f 918/918 916/916 925/925
f 924/924 918/918 925/925
f 926/926 916/916 892/892
f 926/926 925/925 916/916
f 924/924 925/925 927/927
f 927/927 923/923 924/924
f 925/925 928/928 927/927
f 928/928 925/925 926/926
f 929/929 920/920 919/919
f 929/929 919/919 923/923
f 929/929 930/930 920/920
f 930/930 929/929 923/923
f 927/927 931/931 923/923
f 927/927 928/928 931/931
f 931/931 928/928 932/932
f 930/930 933/933 920/920
f 920/920 933/933 934/934
f 930/930 923/923 935/935
f 923/923 931/931 935/935
f 933/933 930/930 935/935
f 935/935 931/931 936/936
f 932/932 936/936 931/931
f 937/937 928/928 926/926
f 937/937 932/932 928/928
f 933/933 938/938 934/934
f 934/934 938/938 939/939
f 933/933 935/935 940/940
f 935/935 936/936 940/940
f 940/940 941/941 933/933
f 940/940 936/936 941/941
f 941/941 938/938 933/933
f 942/942 936/936 932/932
f 936/936 942/942 941/941
f 942/942 943/943 941/941
f 941/941 944/944 938/938
f 941/941 943/943 944/944
f 932/932 945/945 942/942
f 945/945 943/943 942/942
f 938/938 946/946 939/939
f 944/944 947/947 938/938
f 938/938 947/947 946/946
f 944/944 943/943 948/948
f 944/944 948/948 947/947
f 946/946 949/949 939/939
f 939/939 949/949 950/950
f 947/947 951/951 946/946
f 947/947 948/948 951/951
f 946/946 951/951 949/949
f 943/943 945/945 952/952
f 948/948 943/943 952/952
f 953/953 945/945 932/932
f 945/945 954/954 952/952
f 953/953 954/954 945/945
f 952/952 955/955 948/948
f 954/954 955/955 952/952
f 956/956 955/955 954/954
f 957/957 953/953 932/932
f 957/957 932/932 937/937
f 958/958 954/954 953/953
f 956/956 954/954 958/958
f 958/958 953/953 957/957
f 955/955 959/959 948/948
f 951/951 948/948 959/959
f 959/959 955/955 960/960
f 960/960 955/955 956/956
f 959/959 961/961 951/951
f 961/961 959/959 960/960
f 951/951 961/961 962/962
f 951/951 962/962 949/949
f 949/949 962/962 963/963
f 949/949 963/963 950/950
f 964/964 958/958 957/957
f 965/965 956/956 958/958
f 965/965 958/958 964/964
f 964/964 957/957 966/966
f 966/966 957/957 937/937
f 965/965 964/964 901/901
f 901/901 964/964 966/966
f 903/903 965/965 901/901
f 903/903 967/967 965/965
f 967/967 956/956 965/965
f 956/956 967/967 968/968
f 968/968 969/969 956/956
f 960/960 956/956 969/969
f 970/970 960/960 969/969
f 970/970 971/971 960/960
f 960/960 971/971 961/961
f 971/971 972/972 961/961
f 901/901 966/966 904/904
f 961/961 972/972 973/973
f 962/962 961/961 973/973
f 972/972 974/974 973/973
f 973/973 974/974 975/975
f 974/974 976/976 975/975
f 962/962 973/973 977/977
f 977/977 973/973 975/975
f 962/962 977/977 963/963
f 904/904 966/966 978/978
f 966/966 937/937 978/978
f 978/978 937/937 926/926
f 963/963 977/977 979/979
f 979/979 950/950 963/963
f 980/980 979/979 977/977
f 950/950 979/979 980/980
f 975/975 980/980 977/977
f 981/981 950/950 980/980
f 904/904 978/978 982/982
f 904/904 982/982 893/893
f 893/893 982/982 894/894
f 978/978 926/926 983/983
f 982/982 978/978 983/983
f 982/982 983/983 894/894
f 983/983 926/926 892/892
f 894/894 983/983 892/892
f 984/984 981/981 980/980
f 975/975 984/984 980/980
f 985/985 981/981 984/984
f 986/986 981/981 985/985
f 987/987 984/984 975/975
f 984/984 987/987 985/985
f 988/988 987/987 975/975
f 975/975 976/976 988/988
f 987/987 988/988 989/989
f 988/988 976/976 989/989
f 987/987 989/989 985/985
f 976/976 990/990 989/989
f 989/989 990/990 991/991
f 991/991 990/990 992/992
f 985/985 989/989 993/993
f 991/991 993/993 989/989
f 994/994 986/986 985/985
f 994/994 985/985 993/993
f 993/993 991/991 995/995
f 993/993 995/995 994/994
f 996/996 991/991 992/992
f 995/995 991/991 996/996
f 997/997 986/986 994/994
f 998/998 986/986 997/997
f 999/999 994/994 995/995
f 996/996 999/999 995/995
f 997/997 994/994 999/999
f 1000/1000 996/996 992/992
f 1000/1000 999/999 996/996
f 1001/1001 1000/1000 992/992
f 1002/1002 1000/1000 1001/1001
f 999/999 1000/1000 1002/1002
f 1001/1001 1003/1003 1002/1002
f 997/997 999/999 1004/1004
f 1004/1004 999/999 1002/1002
f 1004/1004 998/998 997/997
f 1002/1002 1003/1003 1005/1005
f 1002/1002 1005/1005 1004/1004
f 1006/1006 998/998 1004/1004
f 1006/1006 1004/1004 1005/1005
f 1005/1005 1003/1003 1007/1007
f 1008/1008 1007/1007 1003/1003
f 1007/1007 1008/1008 1009/1009
f 1007/1007 1010/1010 1005/1005
f 1010/1010 1007/1007 1009/1009
f 1005/1005 1010/1010 1006/1006
f 1011/1011 1010/1010 1009/1009
f 1012/1012 998/998 1006/1006
f 1010/1010 1012/1012 1006/1006
f 1012/1012 1010/1010 1011/1011
f 1013/1013 998/998 1012/1012
f 1013/1013 1012/1012 1011/1011
