v 0.0420808645 -0.0641977902 0.00343323627
v 0.0488101442 -0.0614765232 0.00322757041
v 0.0532820172 -0.057342574 0.00278288953
v 0.0569245472 -0.0499047813 0.00212931718
v 0.0594737849 -0.0291963347 0.000855899816
v -0.0515966133 -0.0221549855 0.00065570498
v 0.0608109642 -0.00706448168 0.000357999988
v -0.0433570857 -0.0599232715 0.00233991959
v -0.0367196686 -0.0641094844 0.00325478068
v -0.0413611388 -0.0641094848 0.0032547614
v -0.0438919528 -0.0616826563 0.00325475994
v -0.0481456089 -0.0578352874 0.00283804857
v -0.051643573 -0.0482279445 0.00197727131
v -0.0515118717 0.0116128269 0.000361897924
v 0.0599474566 0.0248731719 0.000674489911
v 0.00358801138 0.0641586379 0.00241604193
v -0.0515388193 0.0490167075 0.00202623796
v -0.0420734748 0.0625314445 0.00322904889
v -0.0476740439 0.0585568503 0.0029141851
v -0.0356439353 0.0641297401 0.00252056816
v 0.0405859059 0.0644182938 0.00354132681
v 0.0569480253 0.0500624642 0.00211500155
v 0.0528698096 0.0579170405 0.0028161121
v 0.0477260215 0.0621467172 0.00330349321
v 0.048806146 0.0645851002 0.00765331642
v 0.0434637855 0.0666482645 0.00812602666
v 0.0354068848 0.067453363 0.00791496132
v 0.0408039896 0.0639968937 0.00754325229
v 0.0035870936 0.0674033657 0.00796423119
v 0.0476685444 0.0616177958 0.00727085862
v 0.00358770725 0.0641546739 0.00756453446
v 0.0519260539 0.058217811 0.00691246096
v 0.0538650847 0.0607340818 0.00723507183
v 0.0567504446 0.056665547 0.00677159551
v -0.039873668 0.0666438451 0.00787763493
v -0.0356209695 0.0640580458 0.00755582878
v -0.0420422493 0.0624769098 0.00736978909
v -0.0468086798 0.0633137842 0.00747577142
v -0.0466181948 0.0588576152 0.00697239011
v -0.0510795849 0.0581805957 0.00693012262
v 0.0558410843 0.0510242933 0.00622248335
v 0.0594877188 0.0485357822 0.0060479455
v -0.0501370045 0.0523427341 0.00632962183
v -0.0530711363 0.0523432344 0.00635796241
v -0.0536748771 0.0449491618 0.00567020543
v -0.050432085 0.0155931629 0.00434514732
v -0.0534364473 -0.0173822907 0.00438820462
v -0.050554259 -0.0291464865 0.0048577429
v -0.0535497108 -0.048649534 0.00604329434
v -0.0503200935 -0.0508076788 0.0062170162
v -0.0507549332 -0.0585861025 0.00695209528
v -0.048048344 -0.0568864909 0.00677531134
v -0.0469142661 -0.0631803571 0.00747095473
v -0.0439159024 -0.0614420724 0.00725189457
v -0.039684659 -0.066763818 0.00787917816
v -0.0367527772 -0.0640288551 0.00754532157
v 0.00361233339 -0.064148806 0.00755912624
v 0.00361296305 -0.067405542 0.00796192398
v 0.0359774423 -0.0676396737 0.00814357772
v 0.041063735 -0.0639541563 0.00751584303
v 0.0431017863 -0.0666439728 0.00790529593
v 0.0485381314 -0.064716123 0.00767766542
v 0.0487554872 -0.0609752563 0.00720305397
v 0.0533542358 -0.0612465443 0.00726400685
v 0.0527103714 -0.0571995229 0.00680452722
v 0.0570024238 -0.0561844624 0.00672808674
v 0.0558818211 -0.050858642 0.00621619838
v 0.0592711541 -0.0495201391 0.00612703589
v 0.0614009827 -0.034003388 0.00508735611
v 0.0588835649 -0.0280528161 0.00480787312
v 0.063092623 -0.00603346628 0.00436071423
v 0.0600724656 -0.000396920974 0.00432953166
v 0.0622802218 0.0246969601 0.00468474282
v 0.0589529378 0.027405598 0.00480543349
v 0.0508961718 0.0846118187 0.0834686391
v 0.0508615437 0.0887460411 0.083395117
v 0.050998902 0.0900806613 0.09685767
v 0.0509784188 0.0889588076 0.122528826
v 0.0509961541 0.095387541 0.159111223
v 0.0509998678 0.0946024768 0.183301314
v 0.0509822248 0.0985098349 0.186954846
v 0.0508468628 0.0992220522 0.199060026
v 0.0508484754 0.0956337827 0.198812573
v 0.0488473134 0.097088165 0.20131995
v 0.0495106767 0.100226018 0.200890587
v 0.0473044258 0.101439275 0.201648427
v 0.0451268222 0.0989886506 0.201657997
v 0.0310587841 0.101851302 0.201657927
v -0.0267066614 0.0992339081 0.201614876
v -0.0276945126 0.102234513 0.201398181
v -0.0296456011 0.0991698329 0.19980073
v -0.0299235633 0.102097573 0.198868639
v 0.0508961718 0.0846118187 0.0834686391
v 0.0484241123 0.0905068226 0.0808033859
v 0.0508615437 0.0887460411 0.083395117
v 0.0478378625 0.0871438458 0.0807121163
v 0.0409729348 0.0937040524 0.0806595606
v 0.0396400203 0.0908041291 0.0806644326
v 0.025503364 0.0952812225 0.0806582451
v 0.00358391016 0.0905967786 0.0806583965
v -0.0281529408 0.0929856415 0.0810277939
v -0.0273841197 0.0959728704 0.0808315177
v -0.0298995318 0.096134216 0.0832107558
v -0.0299889268 0.0931779828 0.0840174966
v -0.0299235633 0.102097573 0.198868639
v -0.0296456011 0.0991698329 0.19980073
v 0.00102653108 0.0785006502 0.291903666
v 0.00102653614 0.0913009572 0.288000866
v 0.00967403831 0.0914223093 0.287648779
v 0.00541207854 0.0782244844 0.291512161
v 0.0184293027 0.076358214 0.290467846
v 0.0224398194 0.0920874203 0.285429019
v 0.026446525 0.0733755785 0.289200572
v 0.0310952927 0.0931016895 0.281960354
v 0.0334699578 0.0685204665 0.287306472
v 0.0372191671 0.0847212479 0.281007402
v 0.0395595247 0.0609165209 0.285783969
v 0.0400980531 0.0951449073 0.274909195
v 0.0440664867 0.0819968447 0.276576611
v 0.0457916017 0.0481580366 0.284255622
v 0.0481610285 0.0872926421 0.269713346
v 0.0461271616 0.0979829504 0.265054614
v 0.0527997501 0.0666944647 0.271502882
v 0.0585009918 0.0755395675 0.257979473
v 0.0494227715 0.0340234037 0.283511402
v 0.0508686563 0.0921496351 0.261867302
v 0.0491596378 0.101866379 0.251035532
v 0.054513835 0.0307224797 0.277552241
v 0.0513128222 0.017635974 0.283111632
v 0.0534938273 0.0963411632 0.248274277
v 0.0492537013 0.103233806 0.23747799
v 0.05398269 0.0978745684 0.237320573
v 0.0473044258 0.101439275 0.201648427
v 0.0495106767 0.100226018 0.200890587
v 0.0555715098 0.0875959804 0.255142362
v 0.0573092469 0.0898195772 0.246520364
v 0.0647445377 0.0743372481 0.239475165
v 0.0582029297 0.0539739784 0.266870414
v 0.056796788 0.00771576657 0.276145246
v 0.051893085 -0.00797008744 0.282725482
v 0.0516486428 -0.0178930115 0.283149048
v 0.0637124654 0.0530957067 0.256454526
v 0.0611095492 0.0258514798 0.267596054
v 0.0613429943 -0.0120363246 0.268500531
v 0.061918258 0.0847841318 0.23204796
v 0.0709514596 0.0705948453 0.205441657
v 0.0673273045 0.0111607966 0.25597096
v 0.0541275454 -0.0324044038 0.277884142
v 0.0484481662 -0.0383225664 0.283406465
v 0.0513197779 -0.0470702026 0.278519141
v 0.0418380273 -0.057434968 0.285300706
v 0.0597455872 -0.0487155374 0.265724328
v 0.0670358446 -0.0276988343 0.254874467
v 0.0601129004 0.0897074287 0.215443713
v 0.0658961698 0.0817038467 0.202993583
v 0.0538204188 0.0971127349 0.207556295
v 0.0508468628 0.0992220522 0.199060026
v 0.0563443963 0.0948140622 0.185421912
v 0.0509822248 0.0985098349 0.186954846
v 0.0509961541 0.095387541 0.159111223
v 0.0617532098 0.0889111248 0.182780519
v 0.067032267 0.080886035 0.180805649
v 0.0583273397 0.0897636688 0.166761607
v 0.0554899607 0.0895683644 0.132452918
v 0.050998902 0.0900806613 0.09685767
v 0.0561849431 0.0848813963 0.101693638
v 0.0508615437 0.0887460411 0.083395117
v 0.0628602618 0.0834683535 0.165636779
v 0.0703011458 0.0748916183 0.180244364
v 0.0622389186 0.0801070648 0.136390119
v 0.0677592581 0.0734817412 0.1619444
v 0.0532764051 0.0861610565 0.0812999613
v 0.0484241123 0.0905068226 0.0808033859
v 0.0744458523 0.0645425119 0.178178167
v 0.0604565189 0.0762151956 0.0926816079
v 0.0494120042 0.0882461245 0.0723081932
v 0.0456418618 0.0896863388 0.0693524547
v 0.0409729348 0.0937040524 0.0806595606
v 0.0515581034 0.0849087186 0.0660048856
v 0.0550794577 0.0812270494 0.0656176591
v 0.0373486086 0.0930639657 0.0723426463
v 0.025503364 0.0952812225 0.0806582451
v 0.0419879779 0.0878712257 0.0603725319
v 0.0584552522 0.0759230279 0.0666253094
v 0.0487211262 0.0836378646 0.056982378
v 0.0438755627 0.0820367286 0.0494346605
v 0.0525549333 0.0806696643 0.0559279113
v 0.0560750593 0.0772691497 0.0561238674
v 0.0488604467 0.0781490627 0.0457134127
v 0.0196363185 0.094160026 0.0730976288
v 0.0275058476 0.0910755387 0.0631928269
v -0.0309709048 0.0950909658 0.0745571684
v -0.0273841197 0.0959728704 0.0808315177
v -0.0298995318 0.096134216 0.0832107558
v -0.0308502634 0.0928042779 0.0662075588
v -0.0294473039 0.0859311465 0.0525018608
v 0.0303967139 0.0872837406 0.0550117868
v 0.0355463144 0.0793766669 0.0422416546
v -0.0284942317 0.0821705068 0.0466562487
v -0.0357789636 0.0754657287 0.0353450479
v 0.0374557064 0.0756523605 0.0353682408
v 0.0455718771 0.0746777845 0.0362671301
v 0.0354068848 0.067453363 0.00791496132
v -0.0356704376 0.0682410404 0.0110600849
v 0.0035870936 0.0674033657 0.00796423119
v -0.039873668 0.0666438451 0.00787763493
v 0.0365409387 0.0683745518 0.0112407644
v 0.0434637855 0.0666482645 0.00812602666
v 0.048806146 0.0645851002 0.00765331642
v 0.0540659988 0.0749361458 0.0457270216
v 0.0505055412 0.0730647051 0.0368293811
v 0.054751331 0.0637339534 0.0175052512
v 0.0538650847 0.0607340818 0.00723507183
v 0.0553100716 0.0696607215 0.0361456303
v 0.0586875431 0.0582631845 0.0178063347
v 0.0567504446 0.056665547 0.00677159551
v 0.0583835057 0.0731478729 0.0539724249
v 0.0591158573 0.0696429278 0.0472944812
v 0.0607538559 0.0682855893 0.0530784833
v 0.0594591735 0.0513775326 0.00916891731
v 0.0594877188 0.0485357822 0.0060479455
v 0.0618137252 0.0577524067 0.0331963704
v 0.0658288966 0.0449816754 0.0463811331
v 0.065658737 0.0586338515 0.0701810233
v 0.0714386758 0.0633678927 0.157697976
v 0.0619364687 0.0466310648 0.0171645559
v 0.0637275953 0.0324594611 0.0160638941
v 0.0622802218 0.0246969601 0.00468474282
v 0.0656309473 0.00732990439 0.0184413075
v 0.063092623 -0.00603346628 0.00436071423
v 0.0755881035 0.0462566103 0.157462549
v 0.0776748088 0.0309948208 0.156001118
v 0.0693815626 0.019941632 0.056084909
v 0.0644436708 -0.0228999767 0.0155291957
v 0.0614009827 -0.034003388 0.00508735611
v 0.0791760934 0.0483863969 0.177691586
v 0.0692700157 -0.00482892878 0.0485351309
v 0.0774508878 0.0524293699 0.194311305
v 0.0792413277 0.0378540379 0.204369891
v 0.0757699089 0.0514968656 0.211296533
v 0.0725236967 0.0515290308 0.229079742
v 0.0764101853 0.00794724269 0.12982121
v 0.0817653694 0.033034665 0.177230977
v 0.0677647659 0.0572793594 0.243408536
v 0.0714620139 0.032699225 0.24209416
v 0.0757051666 0.0279772365 0.228148582
v 0.0734023459 -0.000286676818 0.239646342
v 0.0797607287 0.00954079193 0.212965114
v 0.0824103003 0.0139525902 0.192534411
v 0.0829998911 0.0193851883 0.176125229
v 0.079263693 0.0154316466 0.157153991
v 0.0800709182 -4.10440346e-06 0.159914279
v 0.0836822844 0.000367910246 0.175663503
v 0.0789172961 -0.0156578481 0.155732105
v 0.082301124 -0.0288294265 0.176586665
v 0.0832607752 -0.0170876607 0.177998876
v 0.0809787789 -0.0192771129 0.203362829
v 0.0775251624 -0.0319675416 0.155546097
v 0.0694657173 -0.0239334649 0.0609221461
v 0.0762055876 -0.0178584893 0.228230096
v 0.0753902872 -0.0477221321 0.15810983
v 0.0629379276 -0.0416582919 0.0179393843
v 0.0707393306 -0.0304552985 0.24446249
v 0.0662810567 -0.0558263855 0.248823408
v 0.0742778975 -0.0418351112 0.228206278
v 0.0776975044 -0.0412099199 0.211146474
v 0.0795906679 -0.0420848013 0.1939081
v 0.0790698089 -0.0490461 0.17817606
v 0.0750262635 -0.0612419615 0.194364542
v 0.0734470896 -0.0607296818 0.211406616
v 0.0707255089 -0.0610174608 0.227643526
v 0.0584816684 -0.0752905682 0.258098962
v 0.0632779562 -0.07355343 0.24547088
v 0.0655516933 -0.0768230065 0.230296422
v 0.0671493249 -0.0788167351 0.20707997
v 0.0577106743 -0.0895028127 0.245731114
v 0.0519244005 -0.0716742141 0.270959036
v 0.0434271947 -0.0829532181 0.276839407
v 0.0488730456 -0.0867361859 0.26908624
v 0.0351925201 -0.093813546 0.279463967
v 0.0335939958 -0.0683833757 0.287269289
v 0.0402909321 -0.0952137191 0.274650543
v 0.0295210129 -0.0928669909 0.282750838
v 0.0259421481 -0.0736289577 0.289345859
v 0.0169057872 -0.0917092824 0.286681415
v 0.0177119198 -0.0765338757 0.290579186
v -0.0031064483 -0.0912339604 0.288175163
v 0.00367897367 -0.0783470107 0.291575817
v -0.00841629487 -0.0783126692 0.291549414
v 0.0462124821 -0.0979696709 0.265071099
v 0.0526326441 -0.0934980938 0.256456574
v 0.0487184095 -0.100921451 0.254759868
v 0.0494012117 -0.102941781 0.243458827
v 0.0532625271 -0.0983722229 0.241798162
v 0.0594939591 -0.0896277785 0.230844459
v 0.0526101124 -0.0994114043 0.231343415
v 0.0489861154 -0.102995378 0.231281598
v 0.0461478982 -0.102850302 0.224430417
v 0.0502373993 -0.0991366527 0.190136698
v 0.0434220448 -0.0992757929 0.16578217
v 0.0539896338 -0.097122743 0.213982118
v 0.0603847633 -0.0897571566 0.210318249
v 0.0481830063 -0.0970885174 0.159160863
v 0.0556451235 -0.0953864898 0.186015747
v 0.0606887762 -0.0904462538 0.185631937
v 0.0659392753 -0.0829461439 0.182885653
v 0.0539317518 -0.0940438429 0.167807029
v 0.0455273716 -0.0921442366 0.0820054673
v 0.0401633932 -0.0935022568 0.0779955008
v 0.0593345922 -0.0882333617 0.164230308
v 0.0513348809 -0.0916743606 0.116097019
v 0.0707122562 -0.0738713363 0.180056971
v 0.04641865 -0.0901937968 0.0722742756
v 0.0384952894 -0.0907617529 0.0654273841
v 0.0663609195 -0.077085098 0.163883111
v 0.0747349169 -0.063700624 0.178280415
v 0.0718591382 -0.0623708761 0.158551463
v 0.0503830224 -0.0886159032 0.0782312651
v 0.0456797585 -0.0840356359 0.054557668
v 0.0383462568 -0.0836964896 0.0500755385
v 0.0465279107 -0.0788217952 0.0450382096
v 0.035377625 -0.0791827593 0.0419391115
v 0.0369783324 -0.0754560486 0.0348958216
v 0.0505865216 -0.0823207505 0.0565237366
v 0.0524211982 -0.0854511176 0.0702378748
v 0.055315935 -0.0843979719 0.0879973057
v 0.056184545 -0.089007064 0.135942968
v 0.0589539778 -0.0840862929 0.125772995
v 0.0651388377 -0.0734392729 0.132935541
v 0.0605623537 -0.0759179535 0.092726876
v 0.068420049 -0.0609891138 0.113322586
v 0.0567018706 -0.0795706126 0.0698240765
v 0.0548967404 -0.079378964 0.0582566077
v 0.0592323725 -0.073661423 0.061409612
v 0.0682998542 -0.0405491445 0.0669559871
v 0.0649913614 -0.0580580848 0.0618821359
v 0.053289906 -0.0762896566 0.0476778077
v 0.0574139883 -0.0723511687 0.0476953748
v 0.0608048519 -0.0679998838 0.0523768482
v 0.0618573038 -0.0583251826 0.0346389395
v 0.0490549783 -0.0737123963 0.0364524167
v 0.0612840624 -0.0499083607 0.0160611584
v 0.0592711541 -0.0495201391 0.00612703589
v 0.0570024238 -0.0561844624 0.00672808674
v 0.0552570276 -0.0701904656 0.0374622003
v 0.0594224891 -0.0593941083 0.0228932156
v 0.0570510507 -0.0580284695 0.0108992397
v 0.0533542358 -0.0612465443 0.00726400685
v 0.0547924426 -0.0644096824 0.0193206419
v 0.0485381314 -0.064716123 0.00767766542
v 0.0431017863 -0.0666439728 0.00790529593
v 0.0359774423 -0.0676396737 0.00814357772
v 0.0420808645 -0.0641977902 0.00343323627
v 0.0403198237 -0.0647452275 0.00461889576
v 0.0494206902 -0.0616519843 0.00425483049
v 0.0488101442 -0.0614765232 0.00322757041
v 0.0532820172 -0.057342574 0.00278288953
v 0.0552136033 -0.0547518091 0.00356923774
v 0.0569245472 -0.0499047813 0.00212931718
v 0.0578873948 -0.0464569086 0.00283951431
v 0.0594737849 -0.0291963347 0.000855899816
v 0.0606564586 -0.0158139975 0.00149572343
v 0.0608109642 -0.00706448168 0.000357999988
v 0.0608622901 0.0115281941 0.00141781056
v 0.0599474566 0.0248731719 0.000674489911
v 0.0593785343 0.032375956 0.00203550408
v 0.0569480253 0.0500624642 0.00211500155
v 0.0569176466 0.0509219934 0.00321348598
v 0.0528698096 0.0579170405 0.0028161121
v 0.0516245613 0.0600170797 0.00408064698
v 0.0477260215 0.0621467172 0.00330349321
v 0.0419217717 0.0645706001 0.00459394978
v 0.0405859059 0.0644182938 0.00354132681
v 0.00358770718 0.0648631717 0.00464707919
v 0.00358801138 0.0641586379 0.00241604193
v 0.00703934064 0.090638799 0.27703899
v 0.026275873 0.0931978307 0.268115196
v 0.0175239744 0.0914518679 0.274203066
v 0.0323338729 0.0956638337 0.259517063
v 0.0349672367 0.0985524182 0.249445904
v 0.033858363 0.101515211 0.239116326
v 0.0291409869 0.104194836 0.229774276
v 0.0189884341 0.106733667 0.220923475
v 0.00616948823 0.107721636 0.217479863
v -0.00457659764 0.107416126 0.218545832
v -0.0142953582 0.106115685 0.223080441
v -0.0218144913 0.103977216 0.230536656
v -0.0262272283 0.101258615 0.240015332
v -0.0270012328 0.0982877891 0.250373059
v -0.024043192 0.0954230819 0.260360562
v -0.0156437419 0.0924367735 0.270771608
v -0.0039189886 0.0908771876 0.276217936
v 0.00616948823 0.107721636 0.217479863
v -0.00457659764 0.107416126 0.218545832
v -0.00376298794 0.101861928 0.216734293
v 0.00689231291 0.102122338 0.215936406
v 0.0189884341 0.106733667 0.220923475
v 0.0145430719 0.101630659 0.217705127
v 0.02217594 0.100549033 0.221483014
v 0.0291409869 0.104194836 0.229774276
v 0.031383036 0.0977456714 0.231239805
v 0.033858363 0.101515211 0.239116326
v 0.0352317589 0.093412804 0.246366998
v 0.0349672367 0.0985524182 0.249445904
v 0.0323338729 0.0956638337 0.259517063
v 0.0319255205 0.0898525147 0.258761039
v 0.026275873 0.0931978307 0.268115196
v 0.0255924107 0.0874384736 0.267174141
v 0.0175239744 0.0914518679 0.274203066
v 0.0142020026 0.085455064 0.274111889
v 0.00703934064 0.090638799 0.27703899
v 0.00358784259 0.0848826315 0.275709177
v -0.0039189886 0.0908771876 0.276217936
v -0.00791474616 0.0856394756 0.27351561
v -0.0156437419 0.0924367735 0.270771608
v -0.0183934713 0.0876286575 0.266518653
v -0.024043192 0.0954230819 0.260360562
v -0.0244517424 0.0900971973 0.257921801
v -0.0270012328 0.0982877891 0.250373059
v -0.0270855898 0.0929881213 0.247852271
v -0.0262272283 0.101258615 0.240015332
v -0.025977907 0.0959527656 0.237524486
v -0.0218144913 0.103977216 0.230536656
v -0.0212607759 0.0986277806 0.228179386
v -0.0142953582 0.106115685 0.223080441
v -0.0137975527 0.100571184 0.221068552
v -0.00457659764 0.107416126 0.218545832
v -0.00376298794 0.101861928 0.216734293
v -0.0195678159 -0.104862756 0.227452582
v -0.0259592342 -0.101522102 0.239107967
v -0.0269774931 -0.0978645194 0.251865084
v -0.0217978353 -0.0943660872 0.264062942
v -0.0142788914 -0.0922267221 0.271519204
v -0.0021563136 -0.0907097654 0.276801642
v 0.0115397662 -0.0908526174 0.276294095
v 0.0214005435 -0.0920669797 0.272052106
v 0.0291577332 -0.0941379785 0.264823949
v 0.033875345 -0.0968157459 0.255481573
v 0.0349845417 -0.0997773457 0.245151692
v 0.0314024076 -0.103311168 0.232829363
v 0.0221949469 -0.106111155 0.223070243
v 0.0100724457 -0.107628095 0.217787875
v -0.00609447496 -0.107340166 0.218803063
v 0.0100724457 -0.107628095 0.217787875
v 0.0115638884 -0.101790832 0.216675922
v 0.00106420176 -0.102039368 0.215897872
v -0.00609447496 -0.107340166 0.218803063
v -0.00928005599 -0.101206674 0.218570069
v -0.0195678159 -0.104862756 0.227452582
v -0.0177068228 -0.0997531243 0.224186736
v -0.0256825474 -0.0962740764 0.236004707
v -0.0259592342 -0.101522102 0.239107967
v -0.0269774931 -0.0978645194 0.251865084
v -0.026985276 -0.0926233968 0.248737936
v -0.0240277319 -0.0897590907 0.258725672
v -0.0217978353 -0.0943660872 0.264062942
v -0.0156288279 -0.0867722686 0.269136997
v -0.0142788914 -0.0922267221 0.271519204
v -0.0021563136 -0.0907097654 0.276801642
v -0.000798300091 -0.0849719684 0.275405752
v 0.0115397662 -0.0908526174 0.276294095
v 0.0124729197 -0.0852499437 0.274427258
v 0.0214005435 -0.0920669797 0.272052106
v 0.0221918413 -0.0865482706 0.269892579
v 0.0291577332 -0.0941379785 0.264823949
v 0.0297100564 -0.088697256 0.262441952
v 0.033875345 -0.0968157459 0.255481573
v 0.0341262545 -0.0914159085 0.252951914
v 0.0349845417 -0.0997773457 0.245151692
v 0.0348971104 -0.0943786318 0.242589903
v 0.0314024076 -0.103311168 0.232829363
v 0.0319265031 -0.0972246258 0.232576043
v 0.027705077 -0.0989850237 0.226513599
v 0.0221949469 -0.106111155 0.223070243
v 0.0215415145 -0.100465629 0.220926385
v 0.0100724457 -0.107628095 0.217787875
v 0.0115638884 -0.101790832 0.216675922
v -0.00841629487 -0.0783126692 0.291549414
v -0.0031064483 -0.0912339604 0.288175163
v -0.0194693399 -0.0918666034 0.28584823
v -0.0195061124 -0.0769857567 0.290700723
v -0.0270230133 -0.0779021904 0.288923108
v -0.0289793905 -0.0744132991 0.289266906
v -0.0397974739 -0.0692801818 0.287634484
v -0.0283232139 -0.0932423248 0.280973688
v -0.0391654248 -0.0836103723 0.27989985
v -0.0346283724 -0.0950189454 0.274724653
v -0.0471353934 -0.0716930122 0.280573359
v -0.0466479924 -0.0623800542 0.286022294
v -0.0463713991 -0.0859681907 0.270208553
v -0.0388019488 -0.0973906926 0.266415509
v -0.0525438399 -0.0688549468 0.275305565
v -0.0500224481 -0.0565209586 0.285057514
v -0.0444477398 -0.0963448236 0.257815677
v -0.0411080283 -0.100859002 0.254200608
v -0.0518489911 -0.0773881898 0.270195538
v -0.0556021179 -0.0587862034 0.275432994
v -0.0533751288 -0.0460236555 0.284013455
v -0.049368796 -0.095060344 0.248185685
v -0.0414004489 -0.102560854 0.244633737
v -0.0516996234 -0.08809773 0.257479306
v -0.0566987259 -0.0702400741 0.266346382
v -0.0505567503 -0.0957897268 0.23835199
v -0.0414203151 -0.103122698 0.236546877
v -0.0547569227 -0.0875832852 0.249428186
v -0.0562725228 -0.079464213 0.258309604
v -0.0609639738 -0.0703206339 0.25131607
v -0.0582940166 -0.0802212213 0.249300362
v -0.0600683567 -0.0596308435 0.263682264
v -0.0574049523 -0.0863203887 0.236435933
v -0.0578780325 -0.0485551652 0.274183531
v -0.06240663 -0.0398769942 0.259896577
v -0.058682126 -0.0343511805 0.274125859
v -0.0545417161 -0.0346608653 0.283226417
v -0.0551285613 -0.0192696612 0.282833818
v -0.0553879621 0.0288736405 0.283234147
v -0.0600075434 0.0305284228 0.269637723
v -0.0575904603 0.0491157066 0.274865376
v -0.0534680362 0.0453340658 0.28400165
v -0.0511038164 0.0540068154 0.284799677
v -0.0632524793 -0.0537014622 0.251427107
v -0.062003066 0.0422081739 0.261521782
v -0.0599392101 0.0585543405 0.26475843
v -0.0555126106 0.0591959465 0.275447639
v -0.0530446649 0.0691189384 0.2745901
v -0.0461995686 0.0631065766 0.286128186
v -0.0641098807 0.0427775495 0.249423133
v -0.0660146981 -0.0153373621 0.233984366
v -0.0649801759 -0.0518077343 0.233295653
v -0.0660042067 -0.0424920959 0.208131503
v -0.0632778566 -0.0672999417 0.233924016
v -0.0610976237 -0.0776563708 0.23228589
v -0.0637843449 -0.065885647 0.212917128
v -0.0627070841 -0.0659367474 0.173309387
v -0.0606369684 -0.0763040438 0.172437355
v -0.0552336559 -0.0782561304 0.0705087965
v -0.0583261701 -0.0850501288 0.220188382
v -0.0538466592 -0.0921623305 0.219381531
v -0.0540606775 -0.0885301084 0.133434567
v -0.0575162922 -0.0823246889 0.14333491
v -0.0547764228 -0.081572669 0.0820318353
v -0.0532681397 -0.0848685962 0.0820682268
v -0.0491155052 -0.0971318266 0.218395772
v -0.0469814901 -0.0975982735 0.185485883
v -0.0410491017 -0.101672477 0.199751067
v -0.0412288883 -0.0948547655 0.0836024061
v -0.0512541366 -0.0922659573 0.140209275
v -0.047587534 -0.0938113529 0.116888515
v -0.0463411189 -0.092636373 0.0823775015
v -0.0399246118 -0.094401316 0.07535271
v -0.0513070594 -0.0878724023 0.0787443714
v -0.0468061663 -0.0907569757 0.0722670462
v -0.0400655037 -0.0921264326 0.067058712
v -0.0515414676 -0.085802177 0.0705464219
v -0.0443099658 -0.0892295715 0.0640331709
v -0.0415372734 -0.0847599796 0.0533322571
v -0.0485782086 -0.0869420691 0.06506957
v -0.0447587764 -0.0843862344 0.0548818498
v -0.0504929735 -0.0803448071 0.0560864457
v -0.0467589495 -0.0757339742 0.0436514558
v -0.0411580833 -0.0753862819 0.0383424369
v -0.0546720108 -0.0706134179 0.0522375049
v -0.047686716 -0.0709077152 0.0346671965
v -0.039684659 -0.066763818 0.00787917816
v -0.0469142661 -0.0631803571 0.00747095473
v -0.052073458 -0.0693515047 0.0417907053
v -0.0507549332 -0.0585861025 0.00695209528
v -0.0549192079 -0.0619757037 0.0345679407
v -0.0566714501 -0.0671312903 0.059568591
v -0.0539158421 -0.0569681568 0.0183730997
v -0.0535497108 -0.048649534 0.00604329434
v -0.0560919413 -0.0572657902 0.0377005432
v -0.0568074268 -0.0259991494 0.0438881281
v -0.0534364473 -0.0173822907 0.00438820462
v -0.0536748771 0.0449491618 0.00567020543
v -0.0578173618 -0.0580560059 0.0635371718
v -0.0614126809 -0.0500808756 0.122227753
v -0.0645260287 -0.0457779357 0.173122447
v -0.0655909582 -0.0128003986 0.17899666
v -0.056733097 0.0562872921 0.0433819776
v -0.0666889489 0.0118940152 0.207567401
v -0.0652656752 0.0415095682 0.181329006
v -0.06562452 0.0462315308 0.227675238
v -0.0626613855 0.0705273767 0.236475887
v -0.0561664979 0.0576104338 0.0388456043
v -0.0530711363 0.0523432344 0.00635796241
v -0.0625752548 0.0615138273 0.250159833
v -0.0604585225 0.0718169385 0.251902663
v -0.0550327062 0.0620891758 0.0358188438
v -0.0510795849 0.0581805957 0.00693012262
v -0.0573317989 0.0704043437 0.264584436
v -0.054583624 0.0801697559 0.262323976
v -0.0577944984 0.081763266 0.249113049
v -0.0491378079 0.0739962867 0.276834425
v -0.0412964359 0.0770960898 0.282347994
v -0.0384525574 0.0700920263 0.287908758
v -0.0294096054 0.082331544 0.286210165
v -0.0251260769 0.0759053488 0.290348404
v -0.0528153554 0.0642748736 0.0301147054
v -0.0495735441 0.0685113439 0.0323845015
v -0.0468086798 0.0633137842 0.00747577142
v -0.0548184268 0.067613758 0.0477117399
v -0.0458817642 0.071603405 0.0336318451
v -0.039873668 0.0666438451 0.00787763493
v -0.0515254044 0.0711865154 0.0438627845
v -0.0567183192 0.0695596108 0.0649267109
v -0.042157711 0.0734869703 0.0339533639
v -0.0396312864 0.0774581998 0.0408011023
v -0.0356704376 0.0682410404 0.0110600849
v -0.0357789636 0.0754657287 0.0353450479
v -0.0284942317 0.0821705068 0.0466562487
v -0.0294473039 0.0859311465 0.0525018608
v -0.0467098006 0.0758123951 0.0437181501
v -0.048039852 0.0819216324 0.054609793
v -0.0514891595 0.0833188546 0.0636146055
v -0.0414861907 0.085588087 0.0544002105
v -0.0400109879 0.0918075291 0.0661449623
v -0.0308502634 0.0928042779 0.0662075588
v -0.0465046226 0.0889131875 0.0658216071
v -0.0412331976 0.093890915 0.0742602628
v -0.0309709048 0.0950909658 0.0745571684
v -0.0478120018 0.0913376587 0.0782335061
v -0.0396535291 0.0954303972 0.0845714589
v -0.0298995318 0.096134216 0.0832107558
v -0.0299235633 0.102097573 0.198868639
v -0.0420566383 0.0960880563 0.112000981
v -0.041076579 0.10226698 0.210342696
v -0.0472203765 0.0944236776 0.122927479
v -0.0520512945 0.0866451139 0.0779957918
v -0.0552653928 0.078507508 0.0713946123
v -0.0474664904 0.0973913894 0.190050283
v -0.0513598578 0.0920693753 0.139274157
v -0.048094752 0.0983098247 0.234735664
v -0.0414214798 0.103042422 0.239261962
v -0.0535821681 0.0925199373 0.217264937
v -0.054929646 0.0878475558 0.145695067
v -0.0474791127 0.0972092518 0.247569894
v -0.041247823 0.101554041 0.251273741
v -0.0396116402 0.0980055274 0.264278194
v -0.0577654761 0.0820842288 0.146708766
v -0.0553460463 0.0896978842 0.238077017
v -0.0582669354 0.0852075063 0.23328166
v -0.0510500938 0.0883584041 0.258529838
v -0.0541749314 0.0894857407 0.246555032
v -0.0460572558 0.0861147611 0.270493748
v -0.0361447364 0.0957300622 0.27225744
v -0.040121189 0.0860017806 0.277309748
v -0.0292406266 0.0934663843 0.280210073
v -0.0211224666 0.0920551578 0.285196654
v -0.0201759687 0.0848930602 0.288276095
v -0.00965725265 0.0913792572 0.287626311
v -0.00716618118 0.0783845776 0.291670579
v 0.00102653614 0.0913009572 0.288000866
v 0.00102653108 0.0785006502 0.291903666
v -0.0361447364 0.0957300622 0.27225744
v -0.0211224666 0.0920551578 0.285196654
v -0.0292406266 0.0934663843 0.280210073
v -0.0148782764 0.0951641459 0.274356408
v -0.0221187945 0.0970390781 0.267755403
v -0.00591805022 0.0939759421 0.278577418
v -0.0396116402 0.0980055274 0.264278194
v -0.027548318 0.0997895584 0.258145272
v -0.041247823 0.101554041 0.251273741
v -0.0291683335 0.102592862 0.247287913
v -0.0414214798 0.103042422 0.239261962
v -0.0275045928 0.103543103 0.237803999
v -0.00965725265 0.0913792572 0.287626311
v -0.041076579 0.10226698 0.210342696
v 0.00300565244 0.0935947409 0.280022179
v -0.0232819398 0.103419354 0.22889399
v 0.00967403831 0.0914223093 0.287648779
v 0.00102653614 0.0913009572 0.288000866
v 0.0134541804 0.0939992268 0.278694485
v 0.0224398194 0.0920874203 0.285429019
v 0.0229321832 0.0952904249 0.274267513
v 0.0310952927 0.0931016895 0.281960354
v 0.0304727352 0.0973365995 0.267192838
v 0.0400980531 0.0951449073 0.274909195
v 0.0355119991 0.100061196 0.257745408
v 0.0461271616 0.0979829504 0.265054614
v 0.0491596378 0.101866379 0.251035532
v 0.0370955936 0.102551762 0.248189177
v 0.0492537013 0.103233806 0.23747799
v 0.0359182214 0.103523364 0.239510625
v 0.0312595421 0.103289788 0.229011639
v 0.0310587841 0.101851302 0.201657927
v 0.0473044258 0.101439275 0.201648427
v 0.0243694271 0.102881018 0.221238006
v 0.0147367621 0.102608873 0.215727394
v 0.00375494105 0.102529803 0.213833852
v -0.00853540066 0.102703529 0.216241204
v -0.0276945126 0.102234513 0.201398181
v -0.0183011714 0.103112972 0.223014946
v -0.0299235633 0.102097573 0.198868639
v 0.00467440292 0.017000856 0.000357960812
v 0.00481766922 0.0112008839 0.000357956628
v 0.00439939224 0.0112008853 -0.00252201207
v 0.00421641049 0.0170008574 -0.0028156328
v 0.00127929581 0.0112003401 -0.00496380708
v 0.000219353607 0.0169996434 -0.00518438683
v -0.00233545441 0.0111996398 -0.00446493505
v -0.00386645846 0.0169993258 -0.00328762435
v -0.00472323179 0.0111998389 -0.00191330691
v -0.00493052943 0.016998911 0.00035800249
v -0.00491698654 0.0111990451 0.000357972385
v -0.00886736768 0.0111983456 -0.0018682189
v -0.00900272411 0.0149981096 0.000358009697
v -0.00900199691 0.0111981062 0.000357999988
v -0.00882234221 0.0150404994 -0.00188884842
v -0.0070031056 0.0169984932 0.00035795847
v -0.006920054 0.0150121742 -0.00588680123
v -0.00670889301 0.0111988376 -0.00612173462
v -0.00685891722 0.0169991379 -0.00149265779
v -0.00493052943 0.016998911 0.00035800249
v -0.0054577002 0.017000436 -0.00448427163
v -0.00386645846 0.0169993258 -0.00328762435
v -0.00128374125 0.0170054903 -0.00705481652
v 0.000219353607 0.0169996434 -0.00518438683
v -0.0014320713 0.015031536 -0.00911198149
v -0.000979079574 0.011199987 -0.00917438956
v 0.00365944904 0.0170022005 -0.00603684894
v 0.00421641049 0.0170008574 -0.0028156328
v 0.00483988093 0.0150144497 -0.00768432365
v 0.005103029 0.0112011145 -0.00750952531
v 0.00673602914 0.0170050297 -0.00243569557
v 0.00467440292 0.017000856 0.000357960812
v 0.00699689405 0.0170011603 0.00035799294
v 0.00899727471 0.0150015411 0.000357985482
v 0.0086700749 0.0149329026 -0.00311622571
v 0.0086146608 0.0112016991 -0.00304256046
v 0.00899800191 0.0112015369 0.000357999465
v 0.00900226976 -0.011198462 0.00035799294
v 0.00886731311 -0.0111982735 -0.00186890375
v 0.00900299187 -0.0149984574 0.000358013426
v 0.00860608839 -0.0150865213 -0.00307035298
v 0.00700337335 -0.0169988395 0.000358005036
v 0.00670871257 -0.0111986048 -0.00612235672
v 0.00670212251 -0.0170007619 -0.00236840806
v 0.00467333742 -0.0169991439 0.000357991075
v 0.00440476618 -0.0169991148 -0.00252254667
v 0.00235580031 -0.0170136029 -0.00693165421
v 0.000733818828 -0.0169997641 -0.00515327047
v 0.00498105641 -0.0150122894 -0.0075978438
v 0.00233418875 -0.0111993888 -0.00877633793
v 8.32360734e-05 -0.0150131949 -0.00908317306
v -0.0041364133 -0.0112006321 -0.00824643357
v -0.00365948432 -0.0170022514 -0.00603714434
v -0.00362723473 -0.017000626 -0.0035435849
v -0.00484010575 -0.0150141587 -0.00768475002
v -0.00673681276 -0.0170042002 -0.00243639806
v -0.00492809737 -0.0170008153 0.000357964882
v -0.00699662629 -0.0170015081 0.000357970589
v -0.00899700695 -0.0150018874 0.000357978047
v -0.00867016658 -0.0149327847 -0.0031165393
v -0.0086147503 -0.0112015834 -0.00304273362
v -0.0089977276 -0.011201892 0.000357957538
v -0.00491271723 -0.0112009537 0.000357965359
v -0.00449386509 -0.0112018217 -0.00259609042
v -0.00492809737 -0.0170008153 0.000357964882
v -0.00362723473 -0.017000626 -0.0035435849
v 0.00023069838 -0.0111998568 -0.00519967216
v 0.000733818828 -0.0169997641 -0.00515327047
v 0.00422178516 -0.0111991412 -0.00281616667
v 0.00440476618 -0.0169991148 -0.00252254667
v 0.0049214256 -0.0111990968 0.00035800656
v 0.00467333742 -0.0169991439 0.000357991075
v -0.00815108069 0.0998238444 0.215435191
v -0.0178239701 0.100163206 0.221711653
v -0.00853540066 0.102703529 0.216241204
v -0.0183011714 0.103112972 0.223014946
v -0.0238305248 0.0984124818 0.228542672
v -0.0232819398 0.103419354 0.22889399
v -0.0275045928 0.103543103 0.237803999
v -0.0280344681 0.0957457091 0.237833126
v -0.0291683335 0.102592862 0.247287913
v -0.0290119258 0.0930071958 0.247375597
v -0.027548318 0.0997895584 0.258145272
v -0.026978147 0.0903137645 0.25676298
v -0.0221187945 0.0970390781 0.267755403
v -0.0221189858 0.0879115289 0.265137432
v -0.0148782764 0.0951641459 0.274356408
v -0.0148784677 0.0860199901 0.271733664
v -0.00591805022 0.0939759421 0.278577418
v -0.00591824223 0.0848120364 0.27594897
v 0.00308414445 0.0844489553 0.277424906
v 0.00300565244 0.0935947409 0.280022179
v 0.0140386545 0.0848263747 0.275942823
v 0.0134541804 0.0939992268 0.278694485
v 0.0229321832 0.0952904249 0.274267513
v 0.022931989 0.0860543651 0.27161839
v 0.0304727352 0.0973365995 0.267192838
v 0.0304725381 0.088082047 0.264538405
v 0.0355119991 0.100061196 0.257745408
v 0.0353063668 0.0906600648 0.255533657
v 0.0370955936 0.102551762 0.248189177
v 0.0369403342 0.0935254534 0.245522801
v 0.0359182214 0.103523364 0.239510625
v 0.035207748 0.0963858592 0.235527102
v 0.0312595421 0.103289788 0.229011639
v 0.0302853587 0.0989494755 0.226566335
v 0.0243694271 0.102881018 0.221238006
v 0.0209009856 0.101379738 0.218301476
v 0.0147367621 0.102608873 0.215727394
v 0.0113313704 0.100767858 0.214188802
v 0.00375494105 0.102529803 0.213833852
v 0.00218205781 0.100551697 0.213400158
v -0.00815108069 0.0998238444 0.215435191
v -0.00853540066 0.102703529 0.216241204
v 0.0359774423 -0.0676396737 0.00814357772
v 0.00361296305 -0.067405542 0.00796192398
v 0.0369783324 -0.0754560486 0.0348958216
v -0.0354448966 -0.0755463874 0.0353951415
v -0.039684659 -0.066763818 0.00787917816
v -0.0411580833 -0.0753862819 0.0383424369
v 0.035377625 -0.0791827593 0.0419391115
v -0.0350305655 -0.0778940653 0.0401022582
v -0.0415372734 -0.0847599796 0.0533322571
v -0.0337114337 -0.0854651997 0.0517614535
v -0.0400655037 -0.0921264326 0.067058712
v 0.0302760385 -0.0873682761 0.0551369449
v 0.0383462568 -0.0836964896 0.0500755385
v 0.0384952894 -0.0907617529 0.0654273841
v -0.0299929677 -0.0918758594 0.0640296901
v 0.0298915773 -0.0917165747 0.0653459923
v -0.0299027776 -0.0947381338 0.072259322
v -0.0399246118 -0.094401316 0.07535271
v 0.0327185344 -0.0941710925 0.0753370347
v 0.0401633932 -0.0935022568 0.0779955008
v -0.0319107817 -0.0964126869 0.0878343766
v -0.0412288883 -0.0948547655 0.0836024061
v -0.0410491017 -0.101672477 0.199751067
v -0.0300297074 -0.102910984 0.215209532
v -0.0414203151 -0.103122698 0.236546877
v 0.00197307166 -0.0960587522 0.0852538331
v 0.031467536 -0.100697062 0.178153068
v 0.0295706584 -0.0954622086 0.0862427987
v 0.0434220448 -0.0992757929 0.16578217
v 0.0461478982 -0.102850302 0.224430417
v -0.0279354219 -0.103481535 0.239470648
v -0.0414004489 -0.102560854 0.244633737
v -0.0291589878 -0.102446091 0.247954158
v -0.0411080283 -0.100859002 0.254200608
v -0.0257832955 -0.103526995 0.233380729
v -0.0277130894 -0.0999645238 0.257541193
v -0.0388019488 -0.0973906926 0.266415509
v -0.0346283724 -0.0950189454 0.274724653
v -0.0222848876 -0.0971120394 0.267517939
v -0.0283232139 -0.0932423248 0.280973688
v -0.0196634527 -0.103185071 0.224315492
v -0.0110755657 -0.102829736 0.217646896
v -0.00130172897 -0.102594309 0.214292598
v -0.0143730857 -0.0950806496 0.274668005
v -0.0194693399 -0.0918666034 0.28584823
v -0.0031064483 -0.0912339604 0.288175163
v -0.00447750333 -0.0938717047 0.278964872
v 0.00431614007 -0.0935635002 0.280138454
v 0.0169057872 -0.0917092824 0.286681415
v 0.0162251696 -0.0942728643 0.277760858
v 0.0295210129 -0.0928669909 0.282750838
v 0.00992357405 -0.102550873 0.21436566
v 0.0200391837 -0.102734215 0.21821158
v 0.0291092382 -0.103123262 0.225880812
v 0.025524286 -0.0958499476 0.272328127
v 0.0351925201 -0.093813546 0.279463967
v 0.0402909321 -0.0952137191 0.274650543
v 0.0324772378 -0.0981714781 0.264281896
v 0.0462124821 -0.0979696709 0.265071099
v 0.0350691993 -0.103583801 0.236774306
v 0.0489861154 -0.102995378 0.231281598
v 0.036568803 -0.101104213 0.254145823
v 0.0487184095 -0.100921451 0.254759868
v 0.0494012117 -0.102941781 0.243458827
v 0.0366659547 -0.103250224 0.243086903
v 0.00358770718 0.0648631717 0.00464707919
v -0.0356439353 0.0641297401 0.00252056816
v 0.00358801138 0.0641586379 0.00241604193
v -0.0368480103 0.0646553494 0.00460684023
v -0.0432928409 0.0626027837 0.00437211384
v -0.0420734748 0.0625314445 0.00322904889
v -0.0476740439 0.0585568503 0.0029141851
v -0.0500191575 0.0554155456 0.00361134953
v -0.0515388193 0.0490167075 0.00202623796
v -0.0518828321 0.0453458326 0.00269077973
v -0.0515118717 0.0116128269 0.000361897924
v -0.0516005376 -0.00889542513 0.00133174726
v -0.0515966133 -0.0221549855 0.00065570498
v -0.051643573 -0.0482279445 0.00197727131
v -0.0514284255 -0.0515868874 0.00325431611
v -0.0481456089 -0.0578352874 0.00283804857
v -0.0465549884 -0.0600761193 0.00408523847
v -0.0438919528 -0.0616826563 0.00325475994
v -0.0393651981 -0.0644663209 0.00464858276
v -0.0413611388 -0.0641094848 0.0032547614
v -0.0367196686 -0.0641094844 0.00325478068
v 0.00361242476 -0.0648470418 0.00464375953
v 0.0403198237 -0.0647452275 0.00461889576
v 0.0420808645 -0.0641977902 0.00343323627
v -0.0367527772 -0.0640288551 0.00754532157
v 0.00361233339 -0.064148806 0.00755912624
v 0.00361211758 -0.0632405627 0.00448054961
v -0.0372155631 -0.0630246275 0.00442233795
v -0.0439159024 -0.0614420724 0.00725189457
v -0.0448976067 -0.0595784494 0.00403694285
v -0.048048344 -0.0568864909 0.00677531134
v -0.0500388923 -0.0507335921 0.00319576102
v -0.0503200935 -0.0508076788 0.0062170162
v -0.050554259 -0.0291464865 0.0048577429
v -0.0501301766 -0.0155932954 0.001432095
v -0.050432085 0.0155931629 0.00434514732
v -0.0503705096 0.0433390538 0.00251582005
v -0.0501370045 0.0523427341 0.00632962183
v -0.0492698792 0.0527155484 0.0033770837
v -0.044705756 0.0597867843 0.00405712926
v -0.0466181948 0.0588576152 0.00697239011
v -0.0420422493 0.0624769098 0.00736978909
v -0.0363648924 0.0631132248 0.0044515331
v -0.0356209695 0.0640580458 0.00755582878
v 0.00358770725 0.0641546739 0.00756453446
v 0.00358801146 0.0632503306 0.00448239625
v 0.00361211758 -0.0632405627 0.00448054961
v 0.00361233339 -0.064148806 0.00755912624
v 0.041063735 -0.0639541563 0.00751584303
v 0.0413641505 -0.0630441086 0.00442564087
v 0.0487554872 -0.0609752563 0.00720305397
v 0.0498598784 -0.0593468154 0.00401506004
v 0.0527103714 -0.0571995229 0.00680452722
v 0.0555572668 -0.0501220648 0.00314991885
v 0.0558818211 -0.050858642 0.00621619838
v 0.0588835649 -0.0280528161 0.00480787312
v 0.0584438059 -0.0268254378 0.00179839008
v 0.0600724656 -0.000396920974 0.00432953166
v 0.0595368561 0.00040191919 0.00135354621
v 0.0589529378 0.027405598 0.00480543349
v 0.0586057293 0.02443575 0.00171874981
v 0.0555518156 0.0501504275 0.00314483004
v 0.0558410843 0.0510242933 0.00622248335
v 0.0519260539 0.058217811 0.00691246096
v 0.0501067268 0.0590948781 0.00398858574
v 0.0476685444 0.0616177958 0.00727085862
v 0.0414422571 0.0630162693 0.00442325399
v 0.0408039896 0.0639968937 0.00754325229
v 0.00358801146 0.0632503306 0.00448239625
v 0.00358770725 0.0641546739 0.00756453446
v 0.0302853587 0.0989494755 0.226566335
v 0.035207748 0.0963858592 0.235527102
v 0.0209009856 0.101379738 0.218301476
v 0.031383036 0.0977456714 0.231239805
v 0.02217594 0.100549033 0.221483014
v 0.0145430719 0.101630659 0.217705127
v 0.0113313704 0.100767858 0.214188802
v 0.00689231291 0.102122338 0.215936406
v 0.00218205781 0.100551697 0.213400158
v -0.00376298794 0.101861928 0.216734293
v -0.00815108069 0.0998238444 0.215435191
v -0.0137975527 0.100571184 0.221068552
v -0.0178239701 0.100163206 0.221711653
v -0.0212607759 0.0986277806 0.228179386
v -0.0238305248 0.0984124818 0.228542672
v 0.0352317589 0.093412804 0.246366998
v 0.0369403342 0.0935254534 0.245522801
v 0.0353063668 0.0906600648 0.255533657
v 0.0319255205 0.0898525147 0.258761039
v 0.0304725381 0.088082047 0.264538405
v 0.0255924107 0.0874384736 0.267174141
v 0.022931989 0.0860543651 0.27161839
v -0.025977907 0.0959527656 0.237524486
v -0.0280344681 0.0957457091 0.237833126
v -0.0290119258 0.0930071958 0.247375597
v -0.0270855898 0.0929881213 0.247852271
v -0.026978147 0.0903137645 0.25676298
v -0.0244517424 0.0900971973 0.257921801
v -0.0221189858 0.0879115289 0.265137432
v -0.0183934713 0.0876286575 0.266518653
v -0.0148784677 0.0860199901 0.271733664
v 0.0142020026 0.085455064 0.274111889
v 0.0140386545 0.0848263747 0.275942823
v -0.00791474616 0.0856394756 0.27351561
v -0.00591824223 0.0848120364 0.27594897
v 0.00308414445 0.0844489553 0.277424906
v 0.00358784259 0.0848826315 0.275709177
v 0.0200391837 -0.102734215 0.21821158
v 0.00992357405 -0.102550873 0.21436566
v 0.0153146975 -0.0997558106 0.215119543
v 0.0227791752 -0.0998965561 0.219305535
v 0.0279651751 -0.100205196 0.223962427
v 0.0291092382 -0.103123262 0.225880812
v 0.0334264273 -0.098293749 0.231594173
v 0.0350691993 -0.103583801 0.236774306
v 0.0366547694 -0.0952365019 0.241531269
v 0.0366659547 -0.103250224 0.243086903
v 0.036568803 -0.101104213 0.254145823
v 0.036325858 -0.0920373391 0.251932023
v 0.0324754588 -0.089044284 0.261664926
v 0.0324772378 -0.0981714781 0.264281896
v 0.0262350764 -0.0867423229 0.269201235
v 0.025524286 -0.0958499476 0.272328127
v 0.0162251696 -0.0942728643 0.277760858
v 0.0162233731 -0.0850515018 0.275116856
v 0.00431614007 -0.0935635002 0.280138454
v 0.00458983496 -0.0843855432 0.277446536
v -0.0044792882 -0.0847057676 0.276336749
v -0.00447750333 -0.0938717047 0.278964872
v -0.0143730857 -0.0950806496 0.274668005
v -0.0143748662 -0.0859378151 0.272046519
v -0.0222848876 -0.0971120394 0.267517939
v -0.0222866638 -0.0879879129 0.264901808
v -0.0277130894 -0.0999645238 0.257541193
v -0.0273585037 -0.0906342373 0.255675777
v -0.0290415343 -0.0935903892 0.245366804
v -0.0291589878 -0.102446091 0.247954158
v -0.0277674993 -0.0960800414 0.236678962
v -0.0279354219 -0.103481535 0.239470648
v -0.0257832955 -0.103526995 0.233380729
v -0.0234005756 -0.098635724 0.227761967
v -0.0196634527 -0.103185071 0.224315492
v -0.0166563797 -0.100235829 0.22070983
v -0.0110755657 -0.102829736 0.217646896
v -0.00639052378 -0.0998007023 0.214754092
v -0.00130172897 -0.102594309 0.214292598
v 0.0048718375 -0.0996483951 0.213011657
v 0.00992357405 -0.102550873 0.21436566
v 0.0153146975 -0.0997558106 0.215119543
v -0.0281529408 0.0929856415 0.0810277939
v 0.00358391016 0.0905967786 0.0806583965
v -0.0299889268 0.0931779828 0.0840174966
v 0.0509784188 0.0889588076 0.122528826
v -0.0296456011 0.0991698329 0.19980073
v 0.0396400203 0.0908041291 0.0806644326
v 0.0508961718 0.0846118187 0.0834686391
v 0.0478378625 0.0871438458 0.0807121163
v 0.0509998678 0.0946024768 0.183301314
v -0.0267066614 0.0992339081 0.201614876
v 0.0451268222 0.0989886506 0.201657997
v 0.0508484754 0.0956337827 0.198812573
v 0.0488473134 0.097088165 0.20131995
v 0.00481766922 0.0112008839 0.000357956628
v 0.00899800191 0.0112015369 0.000357999465
v 0.0086146608 0.0112016991 -0.00304256046
v 0.00439939224 0.0112008853 -0.00252201207
v 0.005103029 0.0112011145 -0.00750952531
v 0.00127929581 0.0112003401 -0.00496380708
v -0.000979079574 0.011199987 -0.00917438956
v -0.00233545441 0.0111996398 -0.00446493505
v -0.00670889301 0.0111988376 -0.00612173462
v -0.00472323179 0.0111998389 -0.00191330691
v -0.00886736768 0.0111983456 -0.0018682189
v -0.00491698654 0.0111990451 0.000357972385
v -0.00900199691 0.0111981062 0.000357999988
v -0.00491271723 -0.0112009537 0.000357965359
v -0.0089977276 -0.011201892 0.000357957538
v -0.0086147503 -0.0112015834 -0.00304273362
v -0.00449386509 -0.0112018217 -0.00259609042
v -0.0041364133 -0.0112006321 -0.00824643357
v 0.00023069838 -0.0111998568 -0.00519967216
v 0.00233418875 -0.0111993888 -0.00877633793
v 0.00422178516 -0.0111991412 -0.00281616667
v 0.00670871257 -0.0111986048 -0.00612235672
v 0.00886731311 -0.0111982735 -0.00186890375
v 0.0049214256 -0.0111990968 0.00035800656
v 0.00900226976 -0.011198462 0.00035799294
v -0.0527135136 0.0454284234 0.28234371
v -0.0533368591 0.0414595369 0.284547778
v -0.0541214629 0.0347310019 0.284247985
v -0.0541370392 0.0345536519 0.281826453
v -0.0548257566 0.0177241145 0.284146634
v -0.0547464023 0.020252207 0.281604473
v -0.0545303661 -0.0296139293 0.283968146
v -0.0545691965 -0.0278556622 0.281674252
v -0.0531995108 -0.0427651266 0.282158516
v -0.0535913825 -0.0395488448 0.284458301
v -0.05258684 -0.0456727592 0.284792692
v -0.0504501874 -0.053567758 0.285564782
v -0.050554187 -0.0532116203 0.283021899
v -0.0474650972 -0.0595514879 0.286202366
v -0.0472815917 -0.0598477998 0.283963466
v -0.0447409609 -0.0633165512 0.286892615
v -0.0422457583 -0.0661365492 0.285220984
v -0.041250186 -0.0669598383 0.287702028
v -0.0374816443 -0.0697007959 0.288479705
v -0.0347175457 -0.0713644056 0.286724465
v -0.0320937887 -0.0725612654 0.28937161
v -0.0241976253 -0.0752379848 0.288430718
v -0.0216950829 -0.0758417319 0.291155954
v -0.01000963 -0.0776237817 0.289766537
v -0.00776392746 -0.0778295456 0.292273122
v 0.00364322065 -0.0777390142 0.292124227
v 0.00371078811 -0.0777349513 0.289857294
v 0.0127952715 -0.0767223875 0.291482359
v 0.0150986752 -0.076355062 0.288999826
v 0.0208398291 -0.0748889619 0.290430058
v 0.0249516865 -0.073415487 0.287478161
v 0.0252722477 -0.0731116954 0.289639086
v 0.0288651969 -0.0711628909 0.288880663
v 0.0325312141 -0.0684482483 0.285742898
v 0.0349977955 -0.0660198361 0.287385285
v 0.0366101912 -0.0639492439 0.284740073
v 0.0406490835 -0.0577817752 0.285923411
v 0.0404407787 -0.0581079709 0.283799367
v 0.0442117176 -0.0499263425 0.284933136
v 0.0443197626 -0.0496526792 0.282845134
v 0.0470818347 -0.040965628 0.284459791
v 0.0482815524 -0.0359647603 0.281872391
v 0.0498404168 -0.0275937098 0.283840206
v 0.0510147671 -0.0167776277 0.281201629
v 0.0513526211 -0.0087585721 0.283680321
v 0.0513351456 0.00989785925 0.281122653
v 0.0512010466 0.0119379854 0.283686444
v 0.0497578619 0.028090681 0.283925119
v 0.0501126087 0.025076927 0.281423167
v 0.0476681623 0.0387105347 0.282021752
v 0.0461023873 0.0444063724 0.284574088
v 0.0441232274 0.0501965328 0.282893702
v 0.042480147 0.0540712536 0.285413326
v 0.0408956207 0.0572647761 0.283686165
v 0.0388687045 0.0607698841 0.286360667
v 0.0359877392 0.0649188386 0.284892879
v 0.0353713492 0.0655980637 0.28729171
v 0.0302865749 0.0702813934 0.288575515
v 0.0296600421 0.0707451804 0.286439271
v 0.024037307 0.0737613146 0.289900112
v 0.0231689461 0.0741240705 0.287806941
v 0.0144947515 0.0765877789 0.291331671
v 0.0135755172 0.076763531 0.289194821
v 0.00220055838 0.0778035787 0.292099477
v 0.00145434071 0.0778311341 0.289880182
v -0.00760621134 0.0771007494 0.292289676
v -0.00542523001 0.0777839154 0.289875688
v -0.0149486188 0.0771079549 0.289434753
v -0.0197841591 0.0763260917 0.291294162
v -0.0224180528 0.0757223499 0.288655865
v -0.0304434309 0.0732495132 0.289685419
v -0.0320402998 0.0726252242 0.28720235
v -0.0381214401 0.0693707635 0.288301078
v -0.0385336435 0.0690864365 0.285990257
v -0.0423958088 0.0659485252 0.287403935
v -0.0437915585 0.0645702958 0.28485246
v -0.0460463484 0.0617075962 0.286604161
v -0.0476003036 0.0593613617 0.283872476
v -0.0489518969 0.0568874138 0.285852514
v -0.0503145031 0.0537780361 0.283093634
v -0.0512583284 0.0510260942 0.285175908
v -0.0527135136 0.0454284234 0.28234371
v -0.052586848 0.0457243162 0.284792692
v -0.0533368591 0.0414595369 0.284547778
v -0.0611408274 0.0778951629 0.2181191
v -0.0640198645 0.0645338443 0.217444939
v -0.0613199902 0.0733405414 0.172894762
v -0.0629764864 0.0651510901 0.177310698
v -0.0616345309 0.0521813058 0.127450086
v 0.0153146975 -0.0997558106 0.215119543
v 0.0215415145 -0.100465629 0.220926385
v 0.0227791752 -0.0998965561 0.219305535
v 0.0279651751 -0.100205196 0.223962427
v 0.0115638884 -0.101790832 0.216675922
v 0.027705077 -0.0989850237 0.226513599
v 0.0048718375 -0.0996483951 0.213011657
v 0.00106420176 -0.102039368 0.215897872
v -0.00639052378 -0.0998007023 0.214754092
v -0.00928005599 -0.101206674 0.218570069
v -0.0166563797 -0.100235829 0.22070983
v -0.0177068228 -0.0997531243 0.224186736
v -0.0234005756 -0.098635724 0.227761967
v 0.0319265031 -0.0972246258 0.232576043
v 0.0334264273 -0.098293749 0.231594173
v 0.0366547694 -0.0952365019 0.241531269
v 0.0348971104 -0.0943786318 0.242589903
v 0.036325858 -0.0920373391 0.251932023
v 0.0341262545 -0.0914159085 0.252951914
v 0.0324754588 -0.089044284 0.261664926
v 0.0297100564 -0.088697256 0.262441952
v 0.0262350764 -0.0867423229 0.269201235
v 0.0221918413 -0.0865482706 0.269892579
v 0.0162233731 -0.0850515018 0.275116856
v 0.0124729197 -0.0852499437 0.274427258
v 0.00458983496 -0.0843855432 0.277446536
v -0.000798300091 -0.0849719684 0.275405752
v -0.0044792882 -0.0847057676 0.276336749
v -0.0143748662 -0.0859378151 0.272046519
v -0.0156288279 -0.0867722686 0.269136997
v -0.0222866638 -0.0879879129 0.264901808
v -0.0240277319 -0.0897590907 0.258725672
v -0.0273585037 -0.0906342373 0.255675777
v -0.026985276 -0.0926233968 0.248737936
v -0.0290415343 -0.0935903892 0.245366804
v -0.0256825474 -0.0962740764 0.236004707
v -0.0277674993 -0.0960800414 0.236678962
v 0.00361242476 -0.0648470418 0.00464375953
v -0.0372155631 -0.0630246275 0.00442233795
v 0.00361211758 -0.0632405627 0.00448054961
v 0.0413641505 -0.0630441086 0.00442564087
v -0.0393651981 -0.0644663209 0.00464858276
v 0.0403198237 -0.0647452275 0.00461889576
v -0.0448976067 -0.0595784494 0.00403694285
v -0.0465549884 -0.0600761193 0.00408523847
v 0.0498598784 -0.0593468154 0.00401506004
v 0.0494206902 -0.0616519843 0.00425483049
v 0.0552136033 -0.0547518091 0.00356923774
v 0.0555572668 -0.0501220648 0.00314991885
v 0.0578873948 -0.0464569086 0.00283951431
v 0.0584438059 -0.0268254378 0.00179839008
v 0.0606564586 -0.0158139975 0.00149572343
v 0.0595368561 0.00040191919 0.00135354621
v 0.0608622901 0.0115281941 0.00141781056
v 0.0586057293 0.02443575 0.00171874981
v 0.0593785343 0.032375956 0.00203550408
v 0.0555518156 0.0501504275 0.00314483004
v 0.0569176466 0.0509219934 0.00321348598
v 0.0501067268 0.0590948781 0.00398858574
v 0.0516245613 0.0600170797 0.00408064698
v 0.0414422571 0.0630162693 0.00442325399
v 0.0419217717 0.0645706001 0.00459394978
v 0.00358770718 0.0648631717 0.00464707919
v 0.00358801146 0.0632503306 0.00448239625
v -0.0363648924 0.0631132248 0.0044515331
v -0.0368480103 0.0646553494 0.00460684023
v -0.044705756 0.0597867843 0.00405712926
v -0.0432928409 0.0626027837 0.00437211384
v -0.0500191575 0.0554155456 0.00361134953
v -0.0492698792 0.0527155484 0.0033770837
v -0.0503705096 0.0433390538 0.00251582005
v -0.0518828321 0.0453458326 0.00269077973
v -0.0516005376 -0.00889542513 0.00133174726
v -0.0501301766 -0.0155932954 0.001432095
v -0.0514284255 -0.0515868874 0.00325431611
v -0.0500388923 -0.0507335921 0.00319576102
vt 0.965820312 0.153076172
vt 0.963378906 0.154052734
vt 0.961914062 0.155395508
vt 0.9609375 0.157836914
vt 0.959960938 0.164794922
vt 0.997070312 0.166992188
vt 0.959472656 0.172119141
vt 0.994140625 0.154541016
vt 0.9921875 0.153198242
vt 0.993652344 0.153198242
vt 0.994628906 0.153930664
vt 0.99609375 0.155273438
vt 0.997070312 0.158447266
vt 0.997070312 0.178222656
vt 0.959960938 0.182617188
vt 0.978515625 0.195678711
vt 0.997070312 0.190551758
vt 0.994140625 0.195068359
vt 0.995605469 0.193725586
vt 0.991699219 0.195678711
vt 0.966308594 0.195800781
vt 0.9609375 0.191040039
vt 0.962402344 0.193603516
vt 0.963867188 0.194946289
vt 0.170288086 0.99609375
vt 0.172119141 0.997070312
vt 0.174804688 0.997070312
vt 0.172973633 0.99609375
vt 0.185424805 0.997070312
vt 0.170776367 0.995117188
vt 0.185424805 0.99609375
vt 0.169311523 0.994140625
vt 0.168701172 0.994628906
vt 0.167724609 0.993652344
vt 0.199951172 0.997070312
vt 0.198486328 0.99609375
vt 0.200683594 0.995605469
vt 0.202270508 0.995605469
vt 0.202148438 0.994140625
vt 0.203613281 0.994140625
vt 0.16796875 0.991699219
vt 0.166748047 0.990722656
vt 0.203369141 0.9921875
vt 0.204345703 0.9921875
vt 0.204467773 0.989746094
vt 0.203491211 0.979980469
vt 0.204467773 0.969238281
vt 0.203491211 0.965332031
vt 0.204589844 0.958496094
vt 0.203491211 0.958007812
vt 0.203613281 0.955566406
vt 0.202758789 0.956054688
vt 0.202392578 0.953613281
vt 0.201293945 0.954589844
vt 0.199951172 0.952636719
vt 0.198974609 0.953613281
vt 0.185546875 0.953613281
vt 0.185546875 0.952636719
vt 0.174682617 0.952148438
vt 0.172973633 0.953613281
vt 0.172363281 0.952636719
vt 0.170532227 0.953125
vt 0.170410156 0.954589844
vt 0.168945312 0.954589844
vt 0.169067383 0.955566406
vt 0.167724609 0.956054688
vt 0.16809082 0.958007812
vt 0.166870117 0.958496094
vt 0.166259766 0.963378906
vt 0.166992188 0.965332031
vt 0.165649414 0.97265625
vt 0.166625977 0.974609375
vt 0.165893555 0.982910156
vt 0.166992188 0.983886719
vt 0.83984375 0.700683594
vt 0.838867188 0.700683594
vt 0.838378906 0.705078125
vt 0.839355469 0.713867188
vt 0.837890625 0.726074219
vt 0.838867188 0.733886719
vt 0.837402344 0.735351562
vt 0.837402344 0.739257812
vt 0.838867188 0.739257812
vt 0.838378906 0.740234375
vt 0.837402344 0.740234375
vt 0.836914062 0.740722656
vt 0.837890625 0.741699219
vt 0.837402344 0.74609375
vt 0.83984375 0.765136719
vt 0.838867188 0.765625
vt 0.83984375 0.766113281
vt 0.838867188 0.766601562
vt 0.623046875 0.772460938
vt 0.624511719 0.773925781
vt 0.624023438 0.772460938
vt 0.623535156 0.773925781
vt 0.625488281 0.776367188
vt 0.624511719 0.776855469
vt 0.625976562 0.78125
vt 0.623535156 0.788574219
vt 0.623535156 0.798828125
vt 0.624511719 0.798828125
vt 0.624511719 0.799804688
vt 0.623535156 0.800292969
vt 0.624023438 0.838378906
vt 0.623046875 0.838378906
vt 0.268554688 0.562988281
vt 0.267089844 0.55859375
vt 0.264404297 0.559570312
vt 0.267089844 0.563964844
vt 0.262939453 0.565429688
vt 0.260009766 0.560546875
vt 0.260498047 0.567382812
vt 0.256835938 0.561035156
vt 0.258544922 0.569335938
vt 0.255371094 0.563964844
vt 0.256835938 0.572265625
vt 0.252685547 0.560546875
vt 0.252685547 0.565429688
vt 0.255371094 0.577148438
vt 0.24987793 0.563964844
vt 0.248657227 0.560058594
vt 0.250244141 0.571289062
vt 0.245117188 0.568359375
vt 0.254882812 0.58203125
vt 0.247070312 0.5625
vt 0.243652344 0.55859375
vt 0.252197266 0.583496094
vt 0.254394531 0.587890625
vt 0.24230957 0.561035156
vt 0.239013672 0.557617188
vt 0.238647461 0.560058594
vt 0.226806641 0.557128906
vt 0.22644043 0.557617188
vt 0.244384766 0.564453125
vt 0.241455078 0.563476562
vt 0.238769531 0.568847656
vt 0.248168945 0.575683594
vt 0.251464844 0.591308594
vt 0.254150391 0.596679688
vt 0.254394531 0.600097656
vt 0.244262695 0.576171875
vt 0.248168945 0.584960938
vt 0.248413086 0.59765625
vt 0.236450195 0.565429688
vt 0.227416992 0.5703125
vt 0.243896484 0.58984375
vt 0.251953125 0.604980469
vt 0.254638672 0.607421875
vt 0.252197266 0.609863281
vt 0.255615234 0.614257812
vt 0.247192383 0.610351562
vt 0.243286133 0.603027344
vt 0.231079102 0.562988281
vt 0.226806641 0.56640625
vt 0.228637695 0.559570312
vt 0.225830078 0.55859375
vt 0.221191406 0.560546875
vt 0.221679688 0.55859375
vt 0.212280273 0.559082031
vt 0.220214844 0.563476562
vt 0.219482422 0.56640625
vt 0.21484375 0.5625
vt 0.203369141 0.562011719
vt 0.19128418 0.561035156
vt 0.193115234 0.563476562
vt 0.186767578 0.562011719
vt 0.214477539 0.564941406
vt 0.219238281 0.568847656
vt 0.204711914 0.565917969
vt 0.213256836 0.568359375
vt 0.186157227 0.562988281
vt 0.185791016 0.561035156
vt 0.218505859 0.572265625
vt 0.190063477 0.566894531
vt 0.183105469 0.562011719
vt 0.181884766 0.560546875
vt 0.185424805 0.558105469
vt 0.181030273 0.562988281
vt 0.181030273 0.564941406
vt 0.182373047 0.557617188
vt 0.183959961 0.552734375
vt 0.178710938 0.560546875
vt 0.181396484 0.566894531
vt 0.177978516 0.562988281
vt 0.175048828 0.5625
vt 0.177856445 0.564453125
vt 0.177978516 0.56640625
vt 0.174194336 0.564453125
vt 0.180908203 0.551757812
vt 0.178466797 0.555175781
vt 0.176147461 0.53515625
vt 0.178588867 0.535644531
vt 0.179077148 0.534667969
vt 0.173339844 0.536132812
vt 0.168579102 0.538085938
vt 0.17590332 0.557128906
vt 0.17175293 0.560546875
vt 0.166503906 0.539550781
vt 0.161499023 0.538574219
vt 0.169433594 0.562011719
vt 0.170532227 0.564453125
vt 0.159912109 0.564453125
vt 0.153320312 0.541015625
vt 0.156494141 0.554199219
vt 0.151733398 0.540039062
vt 0.161254883 0.564453125
vt 0.160766602 0.567382812
vt 0.161132812 0.568847656
vt 0.174438477 0.56640625
vt 0.171142578 0.56640625
vt 0.164794922 0.5703125
vt 0.161254883 0.571289062
vt 0.171142578 0.568359375
vt 0.165039062 0.572753906
vt 0.161254883 0.573242188
vt 0.177246094 0.567871094
vt 0.175048828 0.568847656
vt 0.177001953 0.569824219
vt 0.162109375 0.575195312
vt 0.161010742 0.576171875
vt 0.170410156 0.573242188
vt 0.174804688 0.577636719
vt 0.182739258 0.573242188
vt 0.211791992 0.572265625
vt 0.164794922 0.576660156
vt 0.164428711 0.581542969
vt 0.160400391 0.584472656
vt 0.165161133 0.590332031
vt 0.16027832 0.594726562
vt 0.211669922 0.578125
vt 0.21105957 0.583007812
vt 0.177978516 0.586425781
vt 0.1640625 0.600585938
vt 0.160400391 0.604492188
vt 0.218261719 0.577636719
vt 0.175415039 0.594726562
vt 0.223632812 0.576171875
vt 0.22668457 0.581054688
vt 0.229125977 0.576660156
vt 0.234863281 0.576660156
vt 0.202392578 0.590332031
vt 0.218017578 0.582519531
vt 0.239746094 0.574707031
vt 0.239135742 0.583007812
vt 0.234375 0.584472656
vt 0.23815918 0.59375
vt 0.229370117 0.590332031
vt 0.22277832 0.588867188
vt 0.217651367 0.586914062
vt 0.211425781 0.588378906
vt 0.212280273 0.593261719
vt 0.217407227 0.593261719
vt 0.21081543 0.598144531
vt 0.217529297 0.602539062
vt 0.218017578 0.598632812
vt 0.226074219 0.599609375
vt 0.210693359 0.603515625
vt 0.17956543 0.601074219
vt 0.23425293 0.599121094
vt 0.211547852 0.608886719
vt 0.164916992 0.607421875
vt 0.239624023 0.603515625
vt 0.240966797 0.612304688
vt 0.234130859 0.606933594
vt 0.228515625 0.606445312
vt 0.223022461 0.606933594
vt 0.218017578 0.608886719
vt 0.223144531 0.61328125
vt 0.228515625 0.61328125
vt 0.233886719 0.61328125
vt 0.244262695 0.619140625
vt 0.239868164 0.618164062
vt 0.234741211 0.619140625
vt 0.227172852 0.619140625
vt 0.239990234 0.623535156
vt 0.249145508 0.618164062
vt 0.251953125 0.622558594
vt 0.248535156 0.623535156
vt 0.25390625 0.626953125
vt 0.257568359 0.618652344
vt 0.251464844 0.626953125
vt 0.256103516 0.627441406
vt 0.259765625 0.62109375
vt 0.260742188 0.627929688
vt 0.262207031 0.623046875
vt 0.267333984 0.630371094
vt 0.266601562 0.625
vt 0.270507812 0.626464844
vt 0.247314453 0.627441406
vt 0.243896484 0.625488281
vt 0.243530273 0.628417969
vt 0.239501953 0.629394531
vt 0.238891602 0.626953125
vt 0.234985352 0.623535156
vt 0.235229492 0.627929688
vt 0.235351562 0.629394531
vt 0.232910156 0.630371094
vt 0.221557617 0.627929688
vt 0.213500977 0.629882812
vt 0.229370117 0.626953125
vt 0.228271484 0.623535156
vt 0.211425781 0.627929688
vt 0.220336914 0.625976562
vt 0.220214844 0.623535156
vt 0.219360352 0.620605469
vt 0.214355469 0.625976562
vt 0.186035156 0.625976562
vt 0.184448242 0.627929688
vt 0.213256836 0.623046875
vt 0.197387695 0.625
vt 0.218505859 0.6171875
vt 0.182861328 0.625
vt 0.180053711 0.627441406
vt 0.213256836 0.618652344
vt 0.218017578 0.613769531
vt 0.211547852 0.613769531
vt 0.184936523 0.624023438
vt 0.176879883 0.623535156
vt 0.174682617 0.625488281
vt 0.173461914 0.622070312
vt 0.171264648 0.625488281
vt 0.168945312 0.624023438
vt 0.177734375 0.622070312
vt 0.182373047 0.622558594
vt 0.188232422 0.622070312
vt 0.203979492 0.623535156
vt 0.200683594 0.621582031
vt 0.203125 0.617675781
vt 0.189941406 0.618652344
vt 0.196777344 0.61328125
vt 0.182373047 0.620117188
vt 0.178466797 0.620605469
vt 0.17956543 0.618164062
vt 0.181518555 0.606445312
vt 0.17980957 0.612304688
vt 0.174804688 0.619628906
vt 0.175048828 0.617675781
vt 0.176635742 0.616210938
vt 0.170654297 0.612792969
vt 0.170654297 0.620117188
vt 0.164306641 0.609863281
vt 0.160888672 0.610351562
vt 0.161010742 0.612792969
vt 0.171386719 0.617675781
vt 0.166625977 0.61328125
vt 0.162475586 0.61328125
vt 0.161010742 0.614746094
vt 0.165161133 0.615722656
vt 0.160888672 0.616699219
vt 0.160400391 0.618652344
vt 0.159790039 0.62109375
vt 0.486328125 0.808105469
vt 0.486328125 0.807128906
vt 0.485107422 0.810546875
vt 0.485595703 0.810058594
vt 0.485107422 0.8125
vt 0.484619141 0.813476562
vt 0.484863281 0.814941406
vt 0.484375 0.81640625
vt 0.484619141 0.822265625
vt 0.483886719 0.826660156
vt 0.483886719 0.829589844
vt 0.482910156 0.835449219
vt 0.482910156 0.83984375
vt 0.482421875 0.842285156
vt 0.481933594 0.848632812
vt 0.481445312 0.848632812
vt 0.481689453 0.8515625
vt 0.481445312 0.852050781
vt 0.481933594 0.853515625
vt 0.481933594 0.855957031
vt 0.482421875 0.855957031
vt 0.485595703 0.868164062
vt 0.486328125 0.867675781
vt 0.124633789 0.0071105957
vt 0.129272461 0.00176048279
vt 0.126464844 0.00401306152
vt 0.13269043 0.000598907471
vt 0.136352539 0.000666618347
vt 0.139648438 0.00195503235
vt 0.142333984 0.00431060791
vt 0.14440918 0.00836181641
vt 0.14440918 0.0127792358
vt 0.143066406 0.0161132812
vt 0.140625 0.0188140869
vt 0.137573242 0.0205535889
vt 0.133911133 0.0211029053
vt 0.130493164 0.0204162598
vt 0.127441406 0.0185699463
vt 0.124694824 0.0149383545
vt 0.123901367 0.0106964111
vt 0.00123023987 0.862792969
vt 0.00119686127 0.866699219
vt 0.0031452179 0.866210938
vt 0.00316810608 0.862792969
vt 0.00126934052 0.858398438
vt 0.00319290161 0.859863281
vt 0.00321960449 0.857421875
vt 0.00131988525 0.854003906
vt 0.00327110291 0.852539062
vt 0.00134658813 0.850585938
vt 0.00333213806 0.847167969
vt 0.00140571594 0.846679688
vt 0.00143241882 0.843261719
vt 0.00336837769 0.842773438
vt 0.0014629364 0.83984375
vt 0.00339698792 0.839355469
vt 0.00149250031 0.8359375
vt 0.00344085693 0.834960938
vt 0.00151443481 0.832519531
vt 0.00348472595 0.831542969
vt 0.00149726868 0.828613281
vt 0.00341796875 0.827636719
vt 0.00143527985 0.824707031
vt 0.00336265564 0.823242188
vt 0.00139522552 0.819824219
vt 0.00332260132 0.819824219
vt 0.00135707855 0.81640625
vt 0.00328445435 0.815917969
vt 0.00131988525 0.812988281
vt 0.00324630737 0.8125
vt 0.00128173828 0.809082031
vt 0.00321006775 0.809082031
vt 0.00124359131 0.805664062
vt 0.00320243835 0.805664062
vt 0.00119686127 0.802246094
vt 0.00313949585 0.801757812
vt 0.0667724609 0.17565918
vt 0.0622253418 0.175415039
vt 0.0580749512 0.176879883
vt 0.0549316406 0.180175781
vt 0.0536193848 0.18347168
vt 0.0536193848 0.187988281
vt 0.0556640625 0.192016602
vt 0.0583496094 0.194335938
vt 0.061706543 0.195678711
vt 0.0653076172 0.195800781
vt 0.0687255859 0.194580078
vt 0.0721435547 0.191772461
vt 0.0739135742 0.18762207
vt 0.0739135742 0.183227539
vt 0.0714111328 0.178466797
vt 0.705078125 0.7890625
vt 0.703125 0.788574219
vt 0.703125 0.791992188
vt 0.705078125 0.794433594
vt 0.703125 0.795410156
vt 0.705078125 0.799804688
vt 0.703125 0.798828125
vt 0.703125 0.803710938
vt 0.705078125 0.804199219
vt 0.705078125 0.80859375
vt 0.703125 0.808105469
vt 0.703125 0.811523438
vt 0.705078125 0.812988281
vt 0.703125 0.81640625
vt 0.705078125 0.816894531
vt 0.705078125 0.821289062
vt 0.703125 0.821289062
vt 0.705078125 0.825683594
vt 0.703125 0.826171875
vt 0.705078125 0.829101562
vt 0.703125 0.829589844
vt 0.705078125 0.832519531
vt 0.703125 0.833007812
vt 0.705078125 0.836425781
vt 0.703125 0.836425781
vt 0.705078125 0.83984375
vt 0.703125 0.840332031
vt 0.705078125 0.844238281
vt 0.703125 0.84375
vt 0.703125 0.846191406
vt 0.705078125 0.848632812
vt 0.703125 0.849121094
vt 0.705078125 0.853027344
vt 0.703125 0.852539062
vt 0.689941406 0.302978516
vt 0.694824219 0.302001953
vt 0.692382812 0.296875
vt 0.6875 0.299804688
vt 0.686523438 0.297119141
vt 0.685058594 0.297119141
vt 0.681640625 0.294677734
vt 0.69140625 0.293457031
vt 0.686523438 0.291748047
vt 0.690917969 0.290283203
vt 0.681640625 0.291015625
vt 0.678710938 0.293212891
vt 0.686523438 0.287597656
vt 0.69140625 0.287109375
vt 0.680175781 0.288818359
vt 0.676269531 0.292480469
vt 0.690429688 0.283691406
vt 0.692382812 0.282714844
vt 0.683105469 0.287109375
vt 0.676757812 0.288574219
vt 0.672363281 0.291748047
vt 0.689453125 0.280029297
vt 0.693359375 0.279296875
vt 0.687011719 0.282958984
vt 0.680664062 0.285400391
vt 0.689941406 0.276855469
vt 0.693847656 0.276611328
vt 0.686523438 0.280029297
vt 0.68359375 0.282958984
vt 0.680175781 0.280517578
vt 0.68359375 0.280029297
vt 0.676757812 0.284423828
vt 0.686035156 0.275878906
vt 0.673339844 0.288085938
vt 0.670410156 0.283203125
vt 0.668457031 0.287841797
vt 0.668457031 0.291259766
vt 0.663085938 0.291015625
vt 0.646972656 0.290283203
vt 0.646484375 0.285400391
vt 0.640136719 0.286865234
vt 0.641113281 0.290527344
vt 0.637695312 0.290771484
vt 0.674804688 0.280273438
vt 0.643066406 0.282470703
vt 0.637207031 0.283203125
vt 0.63671875 0.286865234
vt 0.633300781 0.286376953
vt 0.634277344 0.291259766
vt 0.643066406 0.278320312
vt 0.662597656 0.274169922
vt 0.674316406 0.274414062
vt 0.671875 0.266113281
vt 0.6796875 0.274658203
vt 0.683105469 0.274414062
vt 0.679199219 0.268066406
vt 0.6796875 0.255126953
vt 0.683105469 0.254882812
vt 0.686035156 0.221679688
vt 0.685546875 0.270507812
vt 0.688476562 0.270507812
vt 0.688476562 0.242431641
vt 0.686035156 0.245605469
vt 0.687011719 0.225463867
vt 0.687988281 0.225585938
vt 0.690917969 0.270263672
vt 0.691894531 0.259521484
vt 0.693847656 0.264160156
vt 0.693359375 0.226074219
vt 0.689941406 0.244628906
vt 0.69140625 0.237060547
vt 0.69140625 0.225708008
vt 0.693847656 0.223144531
vt 0.689453125 0.224487305
vt 0.690917969 0.222290039
vt 0.692871094 0.220214844
vt 0.688476562 0.221801758
vt 0.690917969 0.219482422
vt 0.690429688 0.215454102
vt 0.689453125 0.219970703
vt 0.689941406 0.216308594
vt 0.6875 0.216918945
vt 0.687011719 0.212280273
vt 0.687988281 0.209960938
vt 0.684082031 0.215454102
vt 0.685546875 0.209106445
vt 0.685546875 0.19934082
vt 0.683105469 0.199707031
vt 0.684082031 0.211791992
vt 0.680664062 0.199584961
vt 0.681152344 0.209228516
vt 0.682617188 0.217895508
vt 0.6796875 0.203613281
vt 0.677246094 0.19921875
vt 0.6796875 0.210205078
vt 0.668945312 0.211791992
vt 0.666503906 0.198120117
vt 0.64453125 0.197875977
vt 0.679199219 0.218994141
vt 0.67578125 0.23828125
vt 0.673339844 0.254882812
vt 0.662597656 0.256103516
vt 0.640625 0.2109375
vt 0.653808594 0.265136719
vt 0.64453125 0.256347656
vt 0.642089844 0.271240234
vt 0.634277344 0.273681641
vt 0.640136719 0.209350586
vt 0.642089844 0.197998047
vt 0.63671875 0.278320312
vt 0.633300781 0.278564453
vt 0.638671875 0.208374023
vt 0.639648438 0.198120117
vt 0.633300781 0.282958984
vt 0.629882812 0.281982422
vt 0.630371094 0.277587891
vt 0.631347656 0.287353516
vt 0.62890625 0.290039062
vt 0.630859375 0.292724609
vt 0.625488281 0.29296875
vt 0.626464844 0.295898438
vt 0.637695312 0.206176758
vt 0.635742188 0.206787109
vt 0.637207031 0.198120117
vt 0.63671875 0.212402344
vt 0.633789062 0.20703125
vt 0.634765625 0.197631836
vt 0.634765625 0.2109375
vt 0.636230469 0.218261719
vt 0.632324219 0.206787109
vt 0.630371094 0.208984375
vt 0.6328125 0.198242188
vt 0.629882812 0.206542969
vt 0.625488281 0.209716797
vt 0.625 0.212036133
vt 0.6328125 0.210693359
vt 0.630859375 0.214599609
vt 0.631347656 0.217773438
vt 0.628417969 0.214111328
vt 0.626464844 0.218017578
vt 0.623535156 0.217163086
vt 0.62890625 0.218261719
vt 0.625976562 0.220703125
vt 0.622558594 0.220092773
vt 0.627929688 0.222290039
vt 0.625 0.223999023
vt 0.621582031 0.223022461
vt 0.618164062 0.260742188
vt 0.625 0.232910156
vt 0.621582031 0.264648438
vt 0.626464844 0.236572266
vt 0.630371094 0.222412109
vt 0.6328125 0.220336914
vt 0.624511719 0.258300781
vt 0.627441406 0.241943359
vt 0.624023438 0.272949219
vt 0.62109375 0.274414062
vt 0.626464844 0.267333984
vt 0.629394531 0.244140625
vt 0.624023438 0.277099609
vt 0.621582031 0.278564453
vt 0.622070312 0.283203125
vt 0.631347656 0.244506836
vt 0.627441406 0.273925781
vt 0.629394531 0.272460938
vt 0.626953125 0.280761719
vt 0.627441406 0.276855469
vt 0.626953125 0.28515625
vt 0.622558594 0.286376953
vt 0.625976562 0.288085938
vt 0.622070312 0.290283203
vt 0.62109375 0.293457031
vt 0.623046875 0.295410156
vt 0.619140625 0.297119141
vt 0.622558594 0.300537109
vt 0.616699219 0.300292969
vt 0.620605469 0.302978516
vt 0.480224609 0.62890625
vt 0.485107422 0.624511719
vt 0.482421875 0.625976562
vt 0.487060547 0.628417969
vt 0.484863281 0.630371094
vt 0.490234375 0.626953125
vt 0.479003906 0.631835938
vt 0.482910156 0.633789062
vt 0.478515625 0.636230469
vt 0.482421875 0.637695312
vt 0.478271484 0.640136719
vt 0.482910156 0.640625
vt 0.489013672 0.623535156
vt 0.478271484 0.649902344
vt 0.493164062 0.626464844
vt 0.484375 0.643554688
vt 0.495361328 0.623535156
vt 0.492431641 0.623535156
vt 0.496582031 0.626953125
vt 0.499511719 0.624511719
vt 0.499755859 0.628417969
vt 0.502441406 0.625488281
vt 0.501953125 0.630859375
vt 0.505371094 0.628417969
vt 0.50390625 0.634277344
vt 0.507324219 0.631835938
vt 0.508300781 0.63671875
vt 0.504394531 0.637207031
vt 0.508300781 0.641113281
vt 0.50390625 0.640136719
vt 0.502441406 0.644042969
vt 0.501953125 0.652832031
vt 0.507324219 0.652832031
vt 0.5 0.646484375
vt 0.496826172 0.6484375
vt 0.493164062 0.648925781
vt 0.489013672 0.647949219
vt 0.482666016 0.652832031
vt 0.485839844 0.645507812
vt 0.481933594 0.653808594
vt 0.126342773 0.264648438
vt 0.128173828 0.264648438
vt 0.128173828 0.263671875
vt 0.126342773 0.263671875
vt 0.128173828 0.262451172
vt 0.126342773 0.262207031
vt 0.128173828 0.261230469
vt 0.126342773 0.260742188
vt 0.128173828 0.260009766
vt 0.126342773 0.259277344
vt 0.128173828 0.259277344
vt 0.0797119141 0.234741211
vt 0.0780639648 0.23449707
vt 0.0792236328 0.235351562
vt 0.0786132812 0.233886719
vt 0.0773925781 0.233642578
vt 0.0794677734 0.232788086
vt 0.0806884766 0.233154297
vt 0.0779418945 0.233154297
vt 0.0770263672 0.232910156
vt 0.0786132812 0.232299805
vt 0.0780639648 0.231933594
vt 0.0791015625 0.230957031
vt 0.0784912109 0.23046875
vt 0.0799560547 0.230957031
vt 0.0812988281 0.230834961
vt 0.078918457 0.229492188
vt 0.0779418945 0.229003906
vt 0.0797119141 0.229125977
vt 0.080871582 0.228637695
vt 0.0781860352 0.228149414
vt 0.0770263672 0.228271484
vt 0.0773925781 0.227539062
vt 0.0780029297 0.226806641
vt 0.078918457 0.227539062
vt 0.0798950195 0.226806641
vt 0.0791015625 0.225830078
vt 0.263916016 0.016708374
vt 0.264404297 0.0161437988
vt 0.262939453 0.0157470703
vt 0.263671875 0.0149612427
vt 0.262207031 0.0149002075
vt 0.265625 0.0147323608
vt 0.262939453 0.0143661499
vt 0.261962891 0.0141372681
vt 0.262939453 0.0136489868
vt 0.263916016 0.0127029419
vt 0.263427734 0.0122451782
vt 0.264648438 0.0135040283
vt 0.266113281 0.0128707886
vt 0.264892578 0.0120239258
vt 0.266113281 0.0103988647
vt 0.263916016 0.010887146
vt 0.262939453 0.0106964111
vt 0.264648438 0.010559082
vt 0.263183594 0.00957489014
vt 0.261962891 0.00968170166
vt 0.262207031 0.00901031494
vt 0.262939453 0.00814819336
vt 0.263916016 0.00895690918
vt 0.264892578 0.00820922852
vt 0.263916016 0.00719833374
vt 0.210449219 0.251464844
vt 0.210449219 0.250488281
vt 0.208496094 0.251464844
vt 0.208496094 0.250244141
vt 0.210449219 0.248779297
vt 0.208496094 0.248657227
vt 0.210449219 0.247192383
vt 0.208496094 0.247070312
vt 0.210449219 0.24609375
vt 0.208496094 0.24621582
vt 0.448242188 0.749023438
vt 0.448974609 0.752929688
vt 0.44921875 0.749023438
vt 0.450195312 0.752929688
vt 0.44921875 0.755859375
vt 0.450927734 0.755371094
vt 0.451660156 0.758789062
vt 0.44921875 0.759277344
vt 0.452392578 0.76171875
vt 0.44921875 0.762695312
vt 0.452392578 0.765625
vt 0.44921875 0.766113281
vt 0.452392578 0.76953125
vt 0.44921875 0.76953125
vt 0.452392578 0.772460938
vt 0.44921875 0.772460938
vt 0.452392578 0.775878906
vt 0.44921875 0.775878906
vt 0.449462891 0.779296875
vt 0.452392578 0.778808594
vt 0.449462891 0.782714844
vt 0.452392578 0.782714844
vt 0.452636719 0.786132812
vt 0.449462891 0.786132812
vt 0.452636719 0.789550781
vt 0.449462891 0.789550781
vt 0.452636719 0.793457031
vt 0.449462891 0.79296875
vt 0.452392578 0.796386719
vt 0.449462891 0.796386719
vt 0.451904297 0.799316406
vt 0.449462891 0.800292969
vt 0.450927734 0.803222656
vt 0.449462891 0.803710938
vt 0.450195312 0.806640625
vt 0.44921875 0.808105469
vt 0.449462891 0.810058594
vt 0.448730469 0.811523438
vt 0.44921875 0.813964844
vt 0.448486328 0.814453125
vt 0.448242188 0.817871094
vt 0.44921875 0.817871094
vt 0.689453125 0.596191406
vt 0.700195312 0.596191406
vt 0.689453125 0.586914062
vt 0.713378906 0.586914062
vt 0.714355469 0.596191406
vt 0.715332031 0.5859375
vt 0.689941406 0.583984375
vt 0.713378906 0.584960938
vt 0.715332031 0.580078125
vt 0.712890625 0.580078125
vt 0.71484375 0.574707031
vt 0.69140625 0.579101562
vt 0.688964844 0.581054688
vt 0.688964844 0.575195312
vt 0.711425781 0.575683594
vt 0.691894531 0.575195312
vt 0.711425781 0.572753906
vt 0.71484375 0.571777344
vt 0.690917969 0.571777344
vt 0.688476562 0.570800781
vt 0.711914062 0.567382812
vt 0.715332031 0.568847656
vt 0.715332031 0.530273438
vt 0.711425781 0.524902344
vt 0.715332031 0.518066406
vt 0.700683594 0.568359375
vt 0.690917969 0.537597656
vt 0.691894531 0.568359375
vt 0.687011719 0.541503906
vt 0.686035156 0.521972656
vt 0.7109375 0.517089844
vt 0.715332031 0.515136719
vt 0.711425781 0.514160156
vt 0.715332031 0.512207031
vt 0.709960938 0.519042969
vt 0.7109375 0.510742188
vt 0.714355469 0.5078125
vt 0.712890625 0.504882812
vt 0.708984375 0.507324219
vt 0.7109375 0.502929688
vt 0.708007812 0.521972656
vt 0.705078125 0.524414062
vt 0.702148438 0.525390625
vt 0.706542969 0.504882812
vt 0.708007812 0.500976562
vt 0.702636719 0.500488281
vt 0.703125 0.503417969
vt 0.700195312 0.502929688
vt 0.696289062 0.500976562
vt 0.696289062 0.50390625
vt 0.691894531 0.501953125
vt 0.698242188 0.525390625
vt 0.694824219 0.523925781
vt 0.691894531 0.521484375
vt 0.693359375 0.505859375
vt 0.689941406 0.503417969
vt 0.688476562 0.504882812
vt 0.690917969 0.508300781
vt 0.686035156 0.508300781
vt 0.689941406 0.518066406
vt 0.685058594 0.51953125
vt 0.689453125 0.512207031
vt 0.685546875 0.51171875
vt 0.685058594 0.515625
vt 0.689453125 0.515625
vt 0.251708984 0.271972656
vt 0.255859375 0.259765625
vt 0.250976562 0.271728516
vt 0.256591797 0.259521484
vt 0.257324219 0.257568359
vt 0.256835938 0.2578125
vt 0.257080078 0.255371094
vt 0.257324219 0.254150391
vt 0.256835938 0.251953125
vt 0.257080078 0.250732422
vt 0.256103516 0.239624023
vt 0.256103516 0.232910156
vt 0.255859375 0.228515625
vt 0.256103516 0.219848633
vt 0.256591797 0.21875
vt 0.256103516 0.216430664
vt 0.256347656 0.215454102
vt 0.255859375 0.214599609
vt 0.255615234 0.212768555
vt 0.255371094 0.213500977
vt 0.255126953 0.212036133
vt 0.253417969 0.198730469
vt 0.251464844 0.186767578
vt 0.250976562 0.186279297
vt 0.796386719 0.657226562
vt 0.791503906 0.64453125
vt 0.790527344 0.645019531
vt 0.795898438 0.657714844
vt 0.797363281 0.659667969
vt 0.796386719 0.66015625
vt 0.797363281 0.661621094
vt 0.796386719 0.663574219
vt 0.797363281 0.663574219
vt 0.796875 0.670898438
vt 0.795898438 0.675292969
vt 0.796875 0.686035156
vt 0.796386719 0.6953125
vt 0.797363281 0.698242188
vt 0.796386719 0.698242188
vt 0.796386719 0.701171875
vt 0.797363281 0.700683594
vt 0.797363281 0.702636719
vt 0.795898438 0.704101562
vt 0.796386719 0.704589844
vt 0.791503906 0.716796875
vt 0.790527344 0.716308594
vt 0.465332031 0.801269531
vt 0.466308594 0.801757812
vt 0.470703125 0.790039062
vt 0.469726562 0.789550781
vt 0.471435547 0.787597656
vt 0.470458984 0.786621094
vt 0.471679688 0.785644531
vt 0.470703125 0.783203125
vt 0.471679688 0.783203125
vt 0.471435547 0.775878906
vt 0.470458984 0.775390625
vt 0.471191406 0.766601562
vt 0.470214844 0.766113281
vt 0.471435547 0.757324219
vt 0.470458984 0.758300781
vt 0.470703125 0.749511719
vt 0.471679688 0.749023438
vt 0.471679688 0.746582031
vt 0.470458984 0.74609375
vt 0.471435547 0.744628906
vt 0.469970703 0.742675781
vt 0.470947266 0.7421875
vt 0.465332031 0.730957031
vt 0.466308594 0.730957031
vt 0.508300781 0.709960938
vt 0.507324219 0.706542969
vt 0.508300781 0.713867188
vt 0.507324219 0.708496094
vt 0.5078125 0.712890625
vt 0.506835938 0.715820312
vt 0.507324219 0.717285156
vt 0.505859375 0.717773438
vt 0.505371094 0.719726562
vt 0.503417969 0.720214844
vt 0.502441406 0.721679688
vt 0.499755859 0.721679688
vt 0.498779297 0.72265625
vt 0.496337891 0.722167969
vt 0.495605469 0.72265625
vt 0.504394531 0.704101562
vt 0.504882812 0.703613281
vt 0.501953125 0.701660156
vt 0.500488281 0.701660156
vt 0.498779297 0.700683594
vt 0.496826172 0.701660156
vt 0.495117188 0.701171875
vt 0.492919922 0.721191406
vt 0.492431641 0.721191406
vt 0.489746094 0.719238281
vt 0.489990234 0.71875
vt 0.487792969 0.716796875
vt 0.488037109 0.715820312
vt 0.486572266 0.713378906
vt 0.487060547 0.712402344
vt 0.486572266 0.710449219
vt 0.492675781 0.702636719
vt 0.491943359 0.702148438
vt 0.487792969 0.708007812
vt 0.487548828 0.70703125
vt 0.489257812 0.704589844
vt 0.489746094 0.705078125
vt 0.442138672 0.748535156
vt 0.441650391 0.745117188
vt 0.440917969 0.746582031
vt 0.44140625 0.749511719
vt 0.441894531 0.751953125
vt 0.443115234 0.752441406
vt 0.442138672 0.754882812
vt 0.444335938 0.756347656
vt 0.442138672 0.758300781
vt 0.444824219 0.758300781
vt 0.445068359 0.762207031
vt 0.442138672 0.762207031
vt 0.442138672 0.765625
vt 0.445068359 0.765625
vt 0.441894531 0.769042969
vt 0.445068359 0.76953125
vt 0.4453125 0.772949219
vt 0.441894531 0.772949219
vt 0.4453125 0.776855469
vt 0.442138672 0.776855469
vt 0.442138672 0.779785156
vt 0.4453125 0.779785156
vt 0.4453125 0.783691406
vt 0.442138672 0.783691406
vt 0.4453125 0.787109375
vt 0.442138672 0.787109375
vt 0.4453125 0.791015625
vt 0.442138672 0.790527344
vt 0.442138672 0.794433594
vt 0.445068359 0.794433594
vt 0.442138672 0.797363281
vt 0.444580078 0.796875
vt 0.444091797 0.799316406
vt 0.442138672 0.80078125
vt 0.443115234 0.802734375
vt 0.441894531 0.803710938
vt 0.442382812 0.806152344
vt 0.441162109 0.807617188
vt 0.441894531 0.809570312
vt 0.440917969 0.811523438
vt 0.441894531 0.813476562
vt 0.441162109 0.814941406
vt 0.998046875 0.198120117
vt 0.987304688 0.197998047
vt 0.998535156 0.19921875
vt 0.971679688 0.211914062
vt 0.998535156 0.237548828
vt 0.975097656 0.197998047
vt 0.971191406 0.198852539
vt 0.972167969 0.197998047
vt 0.971679688 0.232055664
vt 0.997558594 0.23815918
vt 0.973632812 0.23828125
vt 0.971679688 0.237182617
vt 0.972167969 0.23815918
vt 0.155883789 0.192871094
vt 0.155883789 0.194335938
vt 0.156982422 0.194213867
vt 0.156860352 0.192749023
vt 0.158447266 0.192993164
vt 0.157592773 0.191772461
vt 0.159057617 0.191040039
vt 0.157470703 0.190551758
vt 0.158081055 0.189086914
vt 0.156616211 0.189697266
vt 0.156616211 0.188354492
vt 0.155883789 0.189697266
vt 0.155883789 0.188354492
vt 0.204589844 0.172119141
vt 0.204589844 0.170776367
vt 0.203369141 0.170898438
vt 0.203613281 0.172241211
vt 0.201660156 0.172363281
vt 0.202636719 0.173828125
vt 0.201538086 0.174438477
vt 0.203491211 0.175048828
vt 0.202392578 0.17590332
vt 0.203857422 0.176635742
vt 0.204589844 0.175292969
vt 0.204589844 0.176635742
vt 0.173461914 0.000583171844
vt 0.172485352 0.00214576721
vt 0.172607422 0.00479507446
vt 0.173706055 0.00487518311
vt 0.172607422 0.0114517212
vt 0.173706055 0.0104751587
vt 0.172485352 0.0299682617
vt 0.173461914 0.029296875
vt 0.173217773 0.03515625
vt 0.172241211 0.0338745117
vt 0.172119141 0.0362854004
vt 0.17175293 0.0394897461
vt 0.172851562 0.0393676758
vt 0.171386719 0.0421142578
vt 0.172363281 0.0422363281
vt 0.171142578 0.0439147949
vt 0.171875 0.0454101562
vt 0.170776367 0.0458984375
vt 0.170410156 0.0477294922
vt 0.171142578 0.0489807129
vt 0.169921875 0.0501098633
vt 0.170410156 0.0533752441
vt 0.169189453 0.0543823242
vt 0.169799805 0.0589904785
vt 0.168701172 0.0598754883
vt 0.168701172 0.0643310547
vt 0.169799805 0.0643310547
vt 0.169067383 0.0679321289
vt 0.170166016 0.0688476562
vt 0.169555664 0.0711669922
vt 0.170898438 0.0728759766
vt 0.169921875 0.073059082
vt 0.170166016 0.0746459961
vt 0.171630859 0.0764160156
vt 0.170898438 0.0777587891
vt 0.17199707 0.0787963867
vt 0.171508789 0.0816650391
vt 0.172485352 0.0815429688
vt 0.17199707 0.0850219727
vt 0.172851562 0.085144043
vt 0.172119141 0.0887451172
vt 0.173339844 0.0907592773
vt 0.172485352 0.0940551758
vt 0.173706055 0.0983276367
vt 0.172607422 0.10144043
vt 0.173706055 0.108764648
vt 0.172607422 0.109558105
vt 0.172485352 0.115905762
vt 0.173583984 0.114685059
vt 0.173339844 0.120117188
vt 0.172241211 0.122436523
vt 0.172973633 0.124816895
vt 0.171875 0.126464844
vt 0.172607422 0.127807617
vt 0.171508789 0.129394531
vt 0.172119141 0.131469727
vt 0.171020508 0.131835938
vt 0.170532227 0.134521484
vt 0.171508789 0.134765625
vt 0.169921875 0.137329102
vt 0.170898438 0.137695312
vt 0.169311523 0.141235352
vt 0.170288086 0.141601562
vt 0.168945312 0.145996094
vt 0.169921875 0.146362305
vt 0.168823242 0.149902344
vt 0.169921875 0.149047852
vt 0.170166016 0.152709961
vt 0.169311523 0.154663086
vt 0.170410156 0.155761719
vt 0.169921875 0.158935547
vt 0.171020508 0.159667969
vt 0.170410156 0.162353516
vt 0.171508789 0.162597656
vt 0.170776367 0.164550781
vt 0.171875 0.165283203
vt 0.171142578 0.166748047
vt 0.172241211 0.16784668
vt 0.171386719 0.168945312
vt 0.172607422 0.170288086
vt 0.171630859 0.171386719
vt 0.172851562 0.173706055
vt 0.17175293 0.173461914
vt 0.17175293 0.175170898
vt 0.631835938 0.267822266
vt 0.63671875 0.267578125
vt 0.634277344 0.253173828
vt 0.63671875 0.254638672
vt 0.641113281 0.238647461
vt 0.696777344 0.0908813477
vt 0.699707031 0.091003418
vt 0.699707031 0.0902709961
vt 0.702148438 0.0902099609
vt 0.696289062 0.0922851562
vt 0.702636719 0.0909423828
vt 0.693847656 0.0926513672
vt 0.693847656 0.0944213867
vt 0.69140625 0.095703125
vt 0.691894531 0.0973510742
vt 0.690429688 0.099609375
vt 0.690917969 0.100708008
vt 0.690429688 0.102905273
vt 0.705078125 0.0915527344
vt 0.705078125 0.0908203125
vt 0.708496094 0.0926513672
vt 0.708007812 0.0933837891
vt 0.710449219 0.0953979492
vt 0.710449219 0.0961914062
vt 0.711914062 0.0987548828
vt 0.711425781 0.099609375
vt 0.712402344 0.102111816
vt 0.711425781 0.103210449
vt 0.711425781 0.105895996
vt 0.710449219 0.106567383
vt 0.708984375 0.109130859
vt 0.707519531 0.109863281
vt 0.706542969 0.110900879
vt 0.703125 0.112121582
vt 0.702148438 0.111633301
vt 0.699707031 0.112121582
vt 0.697753906 0.110961914
vt 0.696289062 0.110900879
vt 0.694824219 0.109069824
vt 0.693359375 0.108703613
vt 0.691894531 0.105529785
vt 0.69140625 0.106201172
vt 0.312988281 0.952636719
vt 0.299316406 0.953125
vt 0.312988281 0.953125
vt 0.325683594 0.953125
vt 0.298583984 0.952636719
vt 0.325195312 0.952636719
vt 0.296875 0.954589844
vt 0.296386719 0.954101562
vt 0.328369141 0.954589844
vt 0.328369141 0.953613281
vt 0.330322266 0.956054688
vt 0.330322266 0.957519531
vt 0.331054688 0.958496094
vt 0.331298828 0.965332031
vt 0.33203125 0.96875
vt 0.331787109 0.974121094
vt 0.332275391 0.978027344
vt 0.331542969 0.981933594
vt 0.331787109 0.984863281
vt 0.330566406 0.990722656
vt 0.331054688 0.990722656
vt 0.328613281 0.993652344
vt 0.329101562 0.994140625
vt 0.325927734 0.995117188
vt 0.325927734 0.995605469
vt 0.313232422 0.995605469
vt 0.313232422 0.995117188
vt 0.299804688 0.995117188
vt 0.299804688 0.995605469
vt 0.297119141 0.994140625
vt 0.297607422 0.995117188
vt 0.295410156 0.992675781
vt 0.295654297 0.991699219
vt 0.295166016 0.98828125
vt 0.294677734 0.989257812
vt 0.294677734 0.971191406
vt 0.295166016 0.969238281
vt 0.294677734 0.95703125
vt 0.295166016 0.957519531
f 3/3 2/2 1/1
f 3/3 1/1 4/4
f 4/4 1/1 5/5
f 5/5 1/1 6/6
f 5/5 6/6 7/7
f 8/8 6/6 1/1
f 1/1 9/9 8/8
f 8/8 9/9 10/10
f 10/10 11/11 8/8
f 8/8 11/11 12/12
f 13/13 8/8 12/12
f 6/6 8/8 13/13
f 7/7 6/6 14/14
f 7/7 14/14 15/15
f 15/15 14/14 16/16
f 17/17 16/16 14/14
f 18/18 16/16 17/17
f 18/18 17/17 19/19
f 20/20 16/16 18/18
f 15/15 16/16 21/21
f 21/21 22/22 15/15
f 23/23 22/22 21/21
f 24/24 23/23 21/21
f 27/27 26/26 25/25
f 28/28 27/27 25/25
f 27/27 28/28 29/29
f 30/30 28/28 25/25
f 28/28 31/31 29/29
f 32/32 30/30 25/25
f 32/32 25/25 33/33
f 32/32 33/33 34/34
f 31/31 35/35 29/29
f 36/36 35/35 31/31
f 36/36 37/37 35/35
f 37/37 38/38 35/35
f 38/38 37/37 39/39
f 40/40 38/38 39/39
f 41/41 32/32 34/34
f 41/41 34/34 42/42
f 40/40 39/39 43/43
f 43/43 44/44 40/40
f 43/43 45/45 44/44
f 45/45 43/43 46/46
f 46/46 47/47 45/45
f 48/48 47/47 46/46
f 48/48 49/49 47/47
f 48/48 50/50 49/49
f 50/50 51/51 49/49
f 50/50 52/52 51/51
f 52/52 53/53 51/51
f 53/53 52/52 54/54
f 55/55 53/53 54/54
f 56/56 55/55 54/54
f 57/57 55/55 56/56
f 58/58 55/55 57/57
f 59/59 58/58 57/57
f 59/59 57/57 60/60
f 60/60 61/61 59/59
f 60/60 62/62 61/61
f 60/60 63/63 62/62
f 63/63 64/64 62/62
f 63/63 65/65 64/64
f 65/65 66/66 64/64
f 67/67 66/66 65/65
f 67/67 68/68 66/66
f 67/67 69/69 68/68
f 67/67 70/70 69/69
f 69/69 70/70 71/71
f 72/72 71/71 70/70
f 71/71 72/72 73/73
f 74/74 73/73 72/72
f 73/73 74/74 41/41
f 42/42 73/73 41/41
f 77/77 76/76 75/75
f 77/77 75/75 78/78
f 78/78 79/79 77/77
f 79/79 78/78 80/80
f 81/81 79/79 80/80
f 82/82 81/81 80/80
f 82/82 80/80 83/83
f 82/82 83/83 84/84
f 85/85 82/82 84/84
f 86/86 85/85 84/84
f 86/86 84/84 87/87
f 86/86 87/87 88/88
f 88/88 87/87 89/89
f 90/90 88/88 89/89
f 91/91 90/90 89/89
f 92/92 90/90 91/91
f 95/95 94/94 93/93
f 94/94 96/96 93/93
f 96/96 94/94 97/97
f 98/98 96/96 97/97
f 98/98 97/97 99/99
f 100/100 98/98 99/99
f 100/100 99/99 101/101
f 99/99 102/102 101/101
f 102/102 103/103 101/101
f 104/104 101/101 103/103
f 103/103 105/105 104/104
f 105/105 106/106 104/104
f 109/109 108/108 107/107
f 109/109 107/107 110/110
f 109/109 110/110 111/111
f 112/112 109/109 111/111
f 113/113 112/112 111/111
f 113/113 114/114 112/112
f 115/115 114/114 113/113
f 115/115 116/116 114/114
f 117/117 116/116 115/115
f 118/118 114/114 116/116
f 117/117 119/119 116/116
f 119/119 118/118 116/116
f 120/120 119/119 117/117
f 118/118 119/119 121/121
f 122/122 118/118 121/121
f 120/120 123/123 119/119
f 121/121 119/119 123/123
f 123/123 124/124 121/121
f 120/120 125/125 123/123
f 122/122 121/121 126/126
f 126/126 121/121 124/124
f 127/127 122/122 126/126
f 125/125 128/128 123/123
f 128/128 125/125 129/129
f 127/127 126/126 130/130
f 131/131 127/127 130/130
f 132/132 131/131 130/130
f 133/133 131/131 132/132
f 133/133 132/132 134/134
f 130/130 126/126 135/135
f 126/126 124/124 135/135
f 136/136 130/130 135/135
f 132/132 130/130 136/136
f 124/124 136/136 135/135
f 136/136 124/124 137/137
f 123/123 138/138 124/124
f 123/123 128/128 138/138
f 139/139 128/128 129/129
f 139/139 129/129 140/140
f 140/140 141/141 139/139
f 124/124 138/138 142/142
f 124/124 142/142 137/137
f 128/128 143/143 138/138
f 128/128 139/139 143/143
f 138/138 143/143 142/142
f 139/139 141/141 144/144
f 139/139 144/144 143/143
f 145/145 132/132 136/136
f 137/137 145/145 136/136
f 137/137 146/146 145/145
f 147/147 142/142 143/143
f 147/147 143/143 144/144
f 141/141 148/148 144/144
f 149/149 148/148 141/141
f 149/149 150/150 148/148
f 149/149 151/151 150/150
f 144/144 148/148 152/152
f 150/150 152/152 148/148
f 147/147 144/144 153/153
f 153/153 144/144 152/152
f 154/154 132/132 145/145
f 145/145 146/146 155/155
f 145/145 155/155 154/154
f 132/132 154/154 156/156
f 132/132 156/156 134/134
f 157/157 134/134 156/156
f 158/158 157/157 156/156
f 156/156 154/154 158/158
f 158/158 159/159 157/157
f 158/158 160/160 159/159
f 161/161 158/158 154/154
f 161/161 154/154 155/155
f 160/160 158/158 161/161
f 162/162 161/161 155/155
f 146/146 162/162 155/155
f 163/163 160/160 161/161
f 163/163 161/161 162/162
f 163/163 164/164 160/160
f 164/164 165/165 160/160
f 165/165 164/164 166/166
f 167/167 165/165 166/166
f 168/168 163/163 162/162
f 163/163 168/168 164/164
f 162/162 146/146 169/169
f 168/168 162/162 169/169
f 170/170 164/164 168/168
f 166/166 164/164 170/170
f 171/171 168/168 169/169
f 170/170 168/168 171/171
f 167/167 166/166 172/172
f 172/172 173/173 167/167
f 146/146 174/174 169/169
f 174/174 171/171 169/169
f 170/170 171/171 175/175
f 166/166 170/170 175/175
f 173/173 172/172 176/176
f 177/177 173/173 176/176
f 177/177 178/178 173/173
f 179/179 176/176 172/172
f 177/177 176/176 179/179
f 172/172 166/166 180/180
f 179/179 172/172 180/180
f 178/178 177/177 181/181
f 181/181 182/182 178/178
f 183/183 177/177 179/179
f 177/177 183/183 181/181
f 184/184 166/166 175/175
f 166/166 184/184 180/180
f 183/183 179/179 185/185
f 185/185 179/179 180/180
f 183/183 185/185 186/186
f 185/185 180/180 187/187
f 186/186 185/185 187/187
f 187/187 180/180 188/188
f 180/180 184/184 188/188
f 186/186 187/187 189/189
f 189/189 187/187 188/188
f 190/190 182/182 181/181
f 191/191 181/181 183/183
f 191/191 190/190 181/181
f 190/190 192/192 182/182
f 193/193 182/182 192/192
f 194/194 193/193 192/192
f 190/190 195/195 192/192
f 190/190 191/191 195/195
f 196/196 195/195 191/191
f 191/191 183/183 197/197
f 197/197 196/196 191/191
f 186/186 197/197 183/183
f 197/197 198/198 196/196
f 186/186 198/198 197/197
f 199/199 196/196 198/198
f 198/198 200/200 199/199
f 201/201 198/198 186/186
f 198/198 201/201 200/200
f 186/186 202/202 201/201
f 186/186 189/189 202/202
f 201/201 203/203 200/200
f 203/203 204/204 200/200
f 203/203 205/205 204/204
f 206/206 204/204 205/205
f 201/201 207/207 203/203
f 207/207 208/208 203/203
f 207/207 201/201 208/208
f 201/201 202/202 208/208
f 202/202 209/209 208/208
f 202/202 189/189 210/210
f 189/189 188/188 210/210
f 209/209 202/202 211/211
f 211/211 202/202 210/210
f 212/212 209/209 211/211
f 213/213 209/209 212/212
f 212/212 211/211 214/214
f 214/214 211/211 210/210
f 213/213 212/212 215/215
f 214/214 215/215 212/212
f 216/216 213/213 215/215
f 210/210 188/188 217/217
f 188/188 184/184 217/217
f 214/214 210/210 218/218
f 210/210 217/217 218/218
f 214/214 218/218 215/215
f 219/219 217/217 184/184
f 219/219 218/218 217/217
f 175/175 219/219 184/184
f 215/215 220/220 216/216
f 221/221 216/216 220/220
f 218/218 222/222 215/215
f 218/218 219/219 222/222
f 215/215 222/222 220/220
f 220/220 222/222 223/223
f 222/222 224/224 223/223
f 219/219 224/224 222/222
f 175/175 224/224 219/219
f 175/175 171/171 224/224
f 225/225 224/224 171/171
f 225/225 223/223 224/224
f 174/174 225/225 171/171
f 226/226 221/221 220/220
f 220/220 223/223 226/226
f 226/226 227/227 221/221
f 223/223 227/227 226/226
f 227/227 228/228 221/221
f 227/227 229/229 228/228
f 229/229 230/230 228/228
f 225/225 174/174 231/231
f 225/225 231/231 223/223
f 231/231 232/232 223/223
f 223/223 233/233 227/227
f 233/233 229/229 227/227
f 233/233 223/223 232/232
f 229/229 234/234 230/230
f 234/234 235/235 230/230
f 236/236 231/231 174/174
f 231/231 236/236 232/232
f 233/233 237/237 229/229
f 229/229 237/237 234/234
f 238/238 236/236 174/174
f 238/238 239/239 236/236
f 146/146 238/238 174/174
f 146/146 240/240 238/238
f 240/240 239/239 238/238
f 137/137 240/240 146/146
f 137/137 241/241 240/240
f 241/241 239/239 240/240
f 233/233 232/232 242/242
f 237/237 233/233 242/242
f 236/236 243/243 232/232
f 239/239 243/243 236/236
f 241/241 137/137 244/244
f 137/137 142/142 244/244
f 142/142 245/245 244/244
f 241/241 244/244 245/245
f 142/142 147/147 245/245
f 246/246 241/241 245/245
f 241/241 246/246 239/239
f 147/147 247/247 245/245
f 245/245 247/247 246/246
f 147/147 153/153 247/247
f 248/248 239/239 246/246
f 246/246 247/247 248/248
f 239/239 249/249 243/243
f 239/239 248/248 249/249
f 243/243 250/250 232/232
f 249/249 250/250 243/243
f 232/232 250/250 251/251
f 232/232 251/251 242/242
f 250/250 252/252 251/251
f 251/251 252/252 242/242
f 250/250 253/253 252/252
f 249/249 253/253 250/250
f 254/254 242/242 252/252
f 254/254 252/252 253/253
f 254/254 253/253 255/255
f 254/254 237/237 242/242
f 256/256 253/253 249/249
f 256/256 255/255 253/253
f 257/257 256/256 249/249
f 257/257 249/249 248/248
f 255/255 256/256 257/257
f 237/237 254/254 258/258
f 255/255 258/258 254/254
f 237/237 258/258 259/259
f 234/234 237/237 259/259
f 257/257 248/248 260/260
f 247/247 260/260 248/248
f 258/258 255/255 261/261
f 258/258 261/261 259/259
f 262/262 234/234 259/259
f 235/235 234/234 262/262
f 260/260 247/247 263/263
f 153/153 263/263 247/247
f 153/153 264/264 263/263
f 264/264 153/153 152/152
f 265/265 260/260 263/263
f 265/265 263/263 264/264
f 266/266 257/257 260/260
f 266/266 260/260 265/265
f 267/267 255/255 257/257
f 267/267 257/257 266/266
f 268/268 255/255 267/267
f 268/268 261/261 255/255
f 269/269 267/267 266/266
f 268/268 267/267 269/269
f 270/270 266/266 265/265
f 269/269 266/266 270/270
f 271/271 265/265 264/264
f 270/270 265/265 271/271
f 264/264 152/152 272/272
f 273/273 271/271 264/264
f 264/264 272/272 273/273
f 274/274 270/270 271/271
f 274/274 271/271 273/273
f 275/275 269/269 270/270
f 275/275 270/270 274/274
f 276/276 274/274 273/273
f 272/272 276/276 273/273
f 277/277 272/272 152/152
f 277/277 152/152 150/150
f 278/278 277/277 150/150
f 151/151 278/278 150/150
f 277/277 279/279 272/272
f 277/277 278/278 279/279
f 151/151 280/280 278/278
f 151/151 281/281 280/280
f 282/282 278/278 280/280
f 282/282 279/279 278/278
f 281/281 283/283 280/280
f 281/281 284/284 283/283
f 285/285 283/283 284/284
f 285/285 284/284 286/286
f 287/287 285/285 286/286
f 287/287 286/286 288/288
f 289/289 287/287 288/288
f 282/282 290/290 279/279
f 272/272 279/279 291/291
f 290/290 291/291 279/279
f 291/291 290/290 292/292
f 272/272 291/291 276/276
f 291/291 292/292 293/293
f 291/291 294/294 276/276
f 294/294 291/291 293/293
f 295/295 276/276 294/294
f 276/276 295/295 274/274
f 275/275 274/274 295/295
f 296/296 294/294 293/293
f 296/296 295/295 294/294
f 297/297 296/296 293/293
f 296/296 297/297 298/298
f 296/296 298/298 299/299
f 300/300 299/299 298/298
f 296/296 301/301 295/295
f 296/296 299/299 301/301
f 302/302 275/275 295/295
f 301/301 302/302 295/295
f 303/303 299/299 300/300
f 304/304 301/301 299/299
f 299/299 303/303 304/304
f 301/301 305/305 302/302
f 304/304 305/305 301/301
f 275/275 302/302 306/306
f 305/305 306/306 302/302
f 307/307 305/305 304/304
f 303/303 307/307 304/304
f 303/303 300/300 308/308
f 300/300 309/309 308/308
f 307/307 310/310 305/305
f 310/310 306/306 305/305
f 307/307 303/303 311/311
f 303/303 308/308 311/311
f 310/310 307/307 311/311
f 306/306 312/312 275/275
f 275/275 312/312 269/269
f 309/309 313/313 308/308
f 313/313 309/309 314/314
f 312/312 306/306 315/315
f 306/306 310/310 315/315
f 316/316 269/269 312/312
f 312/312 315/315 316/316
f 316/316 268/268 269/269
f 268/268 316/316 317/317
f 317/317 316/316 315/315
f 261/261 268/268 317/317
f 318/318 311/311 308/308
f 313/313 318/318 308/308
f 314/314 319/319 313/313
f 314/314 320/320 319/319
f 321/321 319/319 320/320
f 322/322 321/321 320/320
f 323/323 321/321 322/322
f 319/319 324/324 313/313
f 321/321 324/324 319/319
f 318/318 313/313 325/325
f 313/313 324/324 325/325
f 318/318 326/326 311/311
f 318/318 325/325 326/326
f 327/327 311/311 326/326
f 310/310 311/311 327/327
f 310/310 327/327 328/328
f 327/327 326/326 328/328
f 315/315 310/310 328/328
f 315/315 328/328 329/329
f 317/317 315/315 329/329
f 328/328 326/326 330/330
f 329/329 328/328 330/330
f 331/331 317/317 329/329
f 331/331 329/329 330/330
f 261/261 317/317 331/331
f 325/325 332/332 326/326
f 332/332 330/330 326/326
f 333/333 325/325 324/324
f 333/333 332/332 325/325
f 332/332 334/334 330/330
f 331/331 330/330 334/334
f 334/334 332/332 333/333
f 261/261 331/331 335/335
f 261/261 335/335 259/259
f 335/335 262/262 259/259
f 331/331 336/336 335/335
f 331/331 334/334 336/336
f 336/336 262/262 335/335
f 337/337 333/333 324/324
f 337/337 324/324 321/321
f 338/338 334/334 333/333
f 338/338 333/333 337/337
f 334/334 339/339 336/336
f 339/339 334/334 338/338
f 340/340 336/336 339/339
f 336/336 340/340 262/262
f 340/340 339/339 338/338
f 341/341 337/337 321/321
f 323/323 341/341 321/321
f 262/262 340/340 342/342
f 235/235 262/262 342/342
f 343/343 235/235 342/342
f 344/344 343/343 342/342
f 345/345 338/338 337/337
f 341/341 345/345 337/337
f 346/346 340/340 338/338
f 340/340 346/346 342/342
f 345/345 346/346 338/338
f 347/347 344/344 342/342
f 347/347 342/342 346/346
f 347/347 348/348 344/344
f 345/345 349/349 346/346
f 349/349 347/347 346/346
f 348/348 347/347 349/349
f 341/341 349/349 345/345
f 349/349 350/350 348/348
f 350/350 349/349 341/341
f 351/351 350/350 341/341
f 323/323 351/351 341/341
f 352/352 351/351 323/323
f 355/355 354/354 353/353
f 355/355 353/353 356/356
f 355/355 356/356 357/357
f 358/358 355/355 357/357
f 358/358 357/357 359/359
f 360/360 358/358 359/359
f 360/360 359/359 361/361
f 362/362 360/360 361/361
f 362/362 361/361 363/363
f 364/364 362/362 363/363
f 363/363 365/365 364/364
f 365/365 366/366 364/364
f 365/365 367/367 366/366
f 368/368 366/366 367/367
f 368/368 367/367 369/369
f 370/370 368/368 369/369
f 370/370 369/369 371/371
f 372/372 370/370 371/371
f 372/372 371/371 373/373
f 374/374 372/372 373/373
f 374/374 373/373 375/375
f 378/378 377/377 376/376
f 377/377 379/379 376/376
f 380/380 376/376 379/379
f 380/380 381/381 376/376
f 381/381 382/382 376/376
f 383/383 376/376 382/382
f 384/384 376/376 383/383
f 384/384 385/385 376/376
f 385/385 386/386 376/376
f 387/387 376/376 386/386
f 387/387 388/388 376/376
f 388/388 389/389 376/376
f 390/390 376/376 389/389
f 390/390 391/391 376/376
f 391/391 392/392 376/376
f 395/395 394/394 393/393
f 396/396 395/395 393/393
f 396/396 393/393 397/397
f 398/398 396/396 397/397
f 399/399 398/398 397/397
f 399/399 397/397 400/400
f 401/401 399/399 400/400
f 401/401 400/400 402/402
f 403/403 401/401 402/402
f 403/403 402/402 404/404
f 403/403 404/404 405/405
f 406/406 403/403 405/405
f 406/406 405/405 407/407
f 408/408 406/406 407/407
f 408/408 407/407 409/409
f 410/410 408/408 409/409
f 410/410 409/409 411/411
f 412/412 410/410 411/411
f 412/412 411/411 413/413
f 414/414 412/412 413/413
f 414/414 413/413 415/415
f 416/416 414/414 415/415
f 416/416 415/415 417/417
f 418/418 416/416 417/417
f 418/418 417/417 419/419
f 420/420 418/418 419/419
f 420/420 419/419 421/421
f 422/422 420/420 421/421
f 422/422 421/421 423/423
f 424/424 422/422 423/423
f 424/424 423/423 425/425
f 426/426 424/424 425/425
f 426/426 425/425 427/427
f 428/428 426/426 427/427
f 431/431 430/430 429/429
f 432/432 431/431 429/429
f 432/432 429/429 433/433
f 434/434 433/433 429/429
f 435/435 434/434 429/429
f 436/436 435/435 429/429
f 436/436 429/429 437/437
f 438/438 437/437 429/429
f 439/439 438/438 429/429
f 439/439 429/429 440/440
f 440/440 429/429 441/441
f 442/442 441/441 429/429
f 443/443 442/442 429/429
f 446/446 445/445 444/444
f 446/446 444/444 447/447
f 448/448 446/446 447/447
f 448/448 447/447 449/449
f 450/450 448/448 449/449
f 451/451 450/450 449/449
f 451/451 449/449 452/452
f 451/451 452/452 453/453
f 454/454 451/451 453/453
f 455/455 454/454 453/453
f 455/455 453/453 456/456
f 457/457 455/455 456/456
f 457/457 456/456 458/458
f 457/457 458/458 459/459
f 460/460 457/457 459/459
f 460/460 459/459 461/461
f 462/462 460/460 461/461
f 462/462 461/461 463/463
f 464/464 462/462 463/463
f 464/464 463/463 465/465
f 466/466 464/464 465/465
f 466/466 465/465 467/467
f 468/468 466/466 467/467
f 468/468 467/467 469/469
f 470/470 468/468 469/469
f 470/470 469/469 471/471
f 472/472 470/470 471/471
f 473/473 472/472 471/471
f 473/473 471/471 474/474
f 475/475 473/473 474/474
f 475/475 474/474 476/476
f 477/477 475/475 476/476
f 480/480 479/479 478/478
f 480/480 478/478 481/481
f 482/482 480/480 481/481
f 481/481 483/483 482/482
f 483/483 484/484 482/482
f 484/484 480/480 482/482
f 480/480 484/484 485/485
f 484/484 486/486 485/485
f 486/486 487/487 485/485
f 488/488 486/486 484/484
f 488/488 484/484 489/489
f 486/486 490/490 487/487
f 490/490 486/486 488/488
f 490/490 491/491 487/487
f 488/488 489/489 492/492
f 493/493 492/492 489/489
f 490/490 494/494 491/491
f 495/495 491/491 494/494
f 490/490 488/488 496/496
f 492/492 496/496 488/488
f 493/493 497/497 492/492
f 497/497 493/493 498/498
f 495/495 494/494 499/499
f 495/495 499/499 500/500
f 490/490 501/501 494/494
f 501/501 490/490 496/496
f 492/492 502/502 496/496
f 502/502 492/492 497/497
f 503/503 500/500 499/499
f 504/504 500/500 503/503
f 494/494 505/505 499/499
f 501/501 505/505 494/494
f 505/505 503/503 499/499
f 501/501 496/496 506/506
f 502/502 506/506 496/496
f 502/502 507/507 506/506
f 508/508 501/501 506/506
f 505/505 501/501 508/508
f 508/508 506/506 507/507
f 502/502 497/497 509/509
f 507/507 502/502 509/509
f 510/510 505/505 508/508
f 505/505 510/510 503/503
f 511/511 509/509 497/497
f 511/511 512/512 509/509
f 511/511 497/497 498/498
f 511/511 498/498 513/513
f 511/511 513/513 512/512
f 514/514 513/513 498/498
f 514/514 515/515 513/513
f 515/515 516/516 513/513
f 516/516 517/517 513/513
f 517/517 512/512 513/513
f 518/518 517/517 516/516
f 518/518 516/516 519/519
f 519/519 520/520 518/518
f 512/512 521/521 509/509
f 521/521 507/507 509/509
f 512/512 517/517 522/522
f 518/518 522/522 517/517
f 518/518 523/523 522/522
f 520/520 524/524 518/518
f 524/524 523/523 518/518
f 520/520 525/525 524/524
f 525/525 523/523 524/524
f 526/526 525/525 520/520
f 512/512 522/522 527/527
f 527/527 522/522 523/523
f 512/512 528/528 521/521
f 528/528 512/512 527/527
f 521/521 529/529 507/507
f 528/528 529/529 521/521
f 530/530 529/529 528/528
f 507/507 529/529 531/531
f 530/530 531/531 529/529
f 532/532 507/507 531/531
f 532/532 508/508 507/507
f 510/510 508/508 532/532
f 530/530 533/533 531/531
f 532/532 531/531 533/533
f 533/533 530/530 534/534
f 532/532 533/533 535/535
f 533/533 534/534 535/535
f 536/536 535/535 534/534
f 510/510 532/532 537/537
f 537/537 532/532 535/535
f 510/510 537/537 538/538
f 539/539 538/538 537/537
f 503/503 510/510 538/538
f 537/537 535/535 540/540
f 537/537 540/540 539/539
f 541/541 540/540 535/535
f 536/536 541/541 535/535
f 541/541 542/542 540/540
f 542/542 539/539 540/540
f 542/542 541/541 536/536
f 538/538 543/543 503/503
f 504/504 503/503 543/543
f 504/504 543/543 544/544
f 544/544 543/543 538/538
f 504/504 544/544 545/545
f 544/544 546/546 545/545
f 544/544 538/538 547/547
f 539/539 547/547 538/538
f 547/547 548/548 544/544
f 544/544 548/548 546/546
f 547/547 539/539 548/548
f 549/549 546/546 548/548
f 549/549 548/548 539/539
f 550/550 546/546 549/549
f 551/551 539/539 542/542
f 551/551 549/549 539/539
f 542/542 536/536 551/551
f 552/552 550/550 549/549
f 552/552 549/549 551/551
f 553/553 550/550 552/552
f 554/554 551/551 536/536
f 554/554 552/552 551/551
f 555/555 553/553 552/552
f 556/556 553/553 555/555
f 555/555 552/552 557/557
f 552/552 554/554 557/557
f 558/558 556/556 555/555
f 558/558 555/555 557/557
f 559/559 557/557 554/554
f 559/559 558/558 557/557
f 558/558 560/560 556/556
f 560/560 558/558 559/559
f 560/560 561/561 556/556
f 562/562 554/554 536/536
f 559/559 554/554 562/562
f 560/560 563/563 561/561
f 564/564 561/561 563/563
f 565/565 564/564 563/563
f 566/566 560/560 559/559
f 566/566 563/563 560/560
f 565/565 563/563 566/566
f 562/562 566/566 559/559
f 567/567 565/565 566/566
f 567/567 566/566 568/568
f 568/568 566/566 562/562
f 536/536 569/569 562/562
f 569/569 536/536 534/534
f 567/567 568/568 570/570
f 567/567 570/570 571/571
f 568/568 562/562 572/572
f 570/570 568/568 572/572
f 562/562 569/569 572/572
f 570/570 572/572 571/571
f 571/571 572/572 573/573
f 574/574 571/571 573/573
f 573/573 575/575 574/574
f 572/572 569/569 576/576
f 569/569 534/534 576/576
f 572/572 576/576 573/573
f 576/576 534/534 577/577
f 573/573 576/576 577/577
f 577/577 534/534 578/578
f 534/534 530/530 578/578
f 579/579 577/577 578/578
f 573/573 577/577 579/579
f 579/579 578/578 530/530
f 573/573 580/580 575/575
f 573/573 579/579 580/580
f 581/581 579/579 530/530
f 530/530 528/528 581/581
f 579/579 581/581 582/582
f 580/580 579/579 582/582
f 583/583 581/581 528/528
f 581/581 583/583 582/582
f 527/527 583/583 528/528
f 527/527 584/584 583/583
f 580/580 585/585 575/575
f 585/585 586/586 575/575
f 527/527 587/587 584/584
f 527/527 523/523 587/587
f 588/588 587/587 523/523
f 584/584 587/587 588/588
f 586/586 585/585 589/589
f 586/586 589/589 590/590
f 588/588 523/523 591/591
f 525/525 591/591 523/523
f 592/592 588/588 591/591
f 591/591 525/525 592/592
f 593/593 584/584 588/588
f 592/592 593/593 588/588
f 525/525 594/594 592/592
f 525/525 526/526 594/594
f 526/526 595/595 594/594
f 595/595 526/526 596/596
f 596/596 597/597 595/595
f 597/597 596/596 598/598
f 589/589 599/599 590/590
f 599/599 600/600 590/590
f 600/600 601/601 590/590
f 602/602 599/599 589/589
f 585/585 602/602 589/589
f 600/600 603/603 601/601
f 603/603 604/604 601/601
f 599/599 605/605 600/600
f 602/602 605/605 599/599
f 585/585 606/606 602/602
f 585/585 580/580 606/606
f 607/607 604/604 603/603
f 603/603 608/608 607/607
f 609/609 604/604 607/607
f 610/610 609/609 607/607
f 608/608 610/610 607/607
f 611/611 610/610 608/608
f 611/611 608/608 612/612
f 613/613 603/603 600/600
f 605/605 613/613 600/600
f 603/603 613/613 608/608
f 614/614 613/613 605/605
f 613/613 614/614 608/608
f 615/615 605/605 602/602
f 605/605 615/615 614/614
f 616/616 612/612 608/608
f 614/614 616/616 608/608
f 616/616 617/617 612/612
f 617/617 618/618 612/612
f 614/614 619/619 616/616
f 617/617 616/616 619/619
f 619/619 614/614 615/615
f 617/617 620/620 618/618
f 617/617 619/619 620/620
f 620/620 621/621 618/618
f 619/619 622/622 620/620
f 622/622 619/619 615/615
f 620/620 623/623 621/621
f 623/623 620/620 622/622
f 623/623 624/624 621/621
f 624/624 623/623 625/625
f 626/626 625/625 623/623
f 622/622 626/626 623/623
f 625/625 626/626 627/627
f 622/622 628/628 626/626
f 627/627 626/626 628/628
f 622/622 615/615 629/629
f 622/622 629/629 628/628
f 615/615 630/630 629/629
f 602/602 630/630 615/615
f 606/606 630/630 602/602
f 627/627 628/628 631/631
f 632/632 628/628 629/629
f 628/628 632/632 631/631
f 627/627 631/631 633/633
f 633/633 634/634 627/627
f 631/631 632/632 635/635
f 631/631 635/635 633/633
f 632/632 629/629 636/636
f 632/632 636/636 635/635
f 633/633 637/637 634/634
f 638/638 634/634 637/637
f 638/638 637/637 639/639
f 636/636 629/629 640/640
f 640/640 629/629 630/630
f 633/633 635/635 641/641
f 641/641 637/637 633/633
f 636/636 642/642 635/635
f 636/636 640/640 642/642
f 641/641 635/635 642/642
f 643/643 639/639 637/637
f 641/641 644/644 637/637
f 644/644 643/643 637/637
f 641/641 593/593 644/644
f 642/642 593/593 641/641
f 643/643 644/644 593/593
f 643/643 593/593 592/592
f 584/584 593/593 642/642
f 643/643 645/645 639/639
f 645/645 643/643 592/592
f 645/645 646/646 639/639
f 645/645 592/592 594/594
f 645/645 647/647 646/646
f 647/647 645/645 594/594
f 647/647 594/594 595/595
f 646/646 647/647 648/648
f 648/648 647/647 595/595
f 597/597 648/648 595/595
f 597/597 649/649 648/648
f 650/650 649/649 597/597
f 598/598 650/650 597/597
f 651/651 649/649 650/650
f 598/598 651/651 650/650
f 652/652 651/651 598/598
f 652/652 653/653 651/651
f 654/654 653/653 652/652
f 657/657 656/656 655/655
f 655/655 656/656 658/658
f 655/655 658/658 659/659
f 656/656 660/660 658/658
f 655/655 659/659 661/661
f 661/661 659/659 662/662
f 662/662 663/663 661/661
f 662/662 664/664 663/663
f 664/664 665/665 663/663
f 664/664 666/666 665/665
f 656/656 667/667 660/660
f 668/668 665/665 666/666
f 667/667 669/669 660/660
f 668/668 666/666 670/670
f 667/667 671/671 669/669
f 671/671 667/667 672/672
f 671/671 673/673 669/669
f 671/671 674/674 673/673
f 675/675 673/673 674/674
f 676/676 675/675 674/674
f 676/676 677/677 675/675
f 676/676 678/678 677/677
f 678/678 679/679 677/677
f 678/678 680/680 679/679
f 681/681 679/679 680/680
f 682/682 679/679 681/681
f 682/682 681/681 683/683
f 682/682 683/683 684/684
f 683/683 685/685 684/684
f 685/685 683/683 686/686
f 683/683 687/687 686/686
f 685/685 686/686 688/688
f 689/689 688/688 686/686
f 690/690 689/689 686/686
f 690/690 686/686 691/691
f 691/691 686/686 692/692
f 693/693 691/691 692/692
f 692/692 670/670 693/693
f 692/692 668/668 670/670
f 692/692 694/694 668/668
f 697/697 696/696 695/695
f 697/697 695/695 698/698
f 699/699 697/697 698/698
f 699/699 698/698 700/700
f 701/701 699/699 700/700
f 701/701 700/700 702/702
f 703/703 701/701 702/702
f 703/703 702/702 704/704
f 705/705 703/703 704/704
f 708/708 707/707 706/706
f 709/709 706/706 707/707
f 709/709 707/707 710/710
f 706/706 709/709 711/711
f 712/712 706/706 711/711
f 709/709 710/710 713/713
f 714/714 713/713 710/710
f 709/709 713/713 715/715
f 715/715 713/713 714/714
f 711/711 709/709 715/715
f 715/715 714/714 716/716
f 717/717 715/715 716/716
f 711/711 715/715 717/717
f 717/717 716/716 718/718
f 712/712 711/711 719/719
f 719/719 711/711 717/717
f 720/720 712/712 719/719
f 721/721 717/717 718/718
f 719/719 717/717 721/721
f 721/721 718/718 722/722
f 720/720 719/719 723/723
f 723/723 719/719 721/721
f 724/724 720/720 723/723
f 725/725 721/721 722/722
f 723/723 721/721 725/725
f 725/725 722/722 726/726
f 727/727 725/725 726/726
f 725/725 727/727 728/728
f 724/724 723/723 729/729
f 729/729 723/723 725/725
f 725/725 728/728 729/729
f 730/730 724/724 729/729
f 729/729 728/728 731/731
f 729/729 731/731 730/730
f 734/734 733/733 732/732
f 735/735 733/733 734/734
f 736/736 735/735 734/734
f 735/735 737/737 733/733
f 736/736 738/738 735/735
f 738/738 736/736 739/739
f 738/738 739/739 740/740
f 741/741 738/738 740/740
f 735/735 738/738 741/741
f 742/742 741/741 740/740
f 735/735 743/743 737/737
f 743/743 735/735 741/741
f 743/743 744/744 737/737
f 743/743 745/745 744/744
f 745/745 743/743 741/741
f 745/745 746/746 744/744
f 742/742 747/747 741/741
f 745/745 741/741 747/747
f 742/742 748/748 747/747
f 745/745 749/749 746/746
f 749/749 745/745 747/747
f 748/748 750/750 747/747
f 749/749 747/747 750/750
f 748/748 751/751 750/750
f 751/751 752/752 750/750
f 750/750 752/752 753/753
f 749/749 754/754 746/746
f 754/754 749/749 750/750
f 750/750 753/753 754/754
f 754/754 755/755 746/746
f 754/754 753/753 756/756
f 754/754 756/756 755/755
f 759/759 758/758 757/757
f 759/759 760/760 758/758
f 760/760 761/761 758/758
f 760/760 762/762 761/761
f 762/762 763/763 761/761
f 762/762 764/764 763/763
f 764/764 765/765 763/763
f 764/764 766/766 765/765
f 769/769 768/768 767/767
f 769/769 770/770 768/768
f 770/770 771/771 768/768
f 770/770 772/772 771/771
f 771/771 772/772 773/773
f 774/774 771/771 773/773
f 774/774 773/773 775/775
f 776/776 774/774 775/775
f 775/775 777/777 776/776
f 777/777 778/778 776/776
f 777/777 779/779 778/778
f 779/779 780/780 778/778
f 779/779 781/781 780/780
f 781/781 782/782 780/780
f 781/781 783/783 782/782
f 783/783 784/784 782/782
f 783/783 785/785 784/784
f 783/783 786/786 785/785
f 786/786 787/787 785/785
f 786/786 788/788 787/787
f 788/788 789/789 787/787
f 789/789 790/790 787/787
f 789/789 791/791 790/790
f 791/791 792/792 790/790
f 791/791 793/793 792/792
f 793/793 794/794 792/792
f 794/794 793/793 795/795
f 796/796 794/794 795/795
f 795/795 797/797 796/796
f 797/797 798/798 796/796
f 798/798 797/797 799/799
f 800/800 798/798 799/799
f 801/801 800/800 799/799
f 801/801 802/802 800/800
f 801/801 803/803 802/802
f 803/803 804/804 802/802
f 803/803 805/805 804/804
f 805/805 806/806 804/804
f 805/805 807/807 806/806
f 805/805 808/808 807/807
f 811/811 810/810 809/809
f 811/811 812/812 810/810
f 812/812 813/813 810/810
f 814/814 813/813 812/812
f 812/812 811/811 815/815
f 812/812 816/816 814/814
f 816/816 812/812 815/815
f 817/817 814/814 816/816
f 817/817 816/816 818/818
f 818/818 816/816 815/815
f 819/819 817/817 818/818
f 815/815 820/820 818/818
f 821/821 820/820 815/815
f 821/821 822/822 820/820
f 819/819 818/818 823/823
f 818/818 820/820 823/823
f 822/822 824/824 820/820
f 824/824 823/823 820/820
f 819/819 823/823 825/825
f 824/824 825/825 823/823
f 826/826 819/819 825/825
f 822/822 827/827 824/824
f 827/827 825/825 824/824
f 828/828 827/827 822/822
f 829/829 826/826 825/825
f 830/830 826/826 829/829
f 830/830 829/829 831/831
f 832/832 831/831 829/829
f 831/831 832/832 833/833
f 825/825 827/827 834/834
f 829/829 825/825 834/834
f 829/829 834/834 835/835
f 829/829 835/835 832/832
f 834/834 836/836 835/835
f 834/834 827/827 836/836
f 827/827 828/828 836/836
f 837/837 836/836 828/828
f 837/837 835/835 836/836
f 837/837 838/838 835/835
f 832/832 839/839 833/833
f 839/839 840/840 833/833
f 839/839 841/841 840/840
f 841/841 842/842 840/840
f 843/843 839/839 832/832
f 841/841 844/844 842/842
f 844/844 845/845 842/842
f 846/846 845/845 844/844
f 846/846 844/844 847/847
f 846/846 847/847 848/848
f 849/849 843/843 832/832
f 850/850 849/849 832/832
f 851/851 850/850 832/832
f 848/848 847/847 852/852
f 853/853 848/848 852/852
f 851/851 832/832 835/835
f 852/852 854/854 853/853
f 852/852 855/855 854/854
f 855/855 856/856 854/854
f 857/857 854/854 856/856
f 857/857 856/856 858/858
f 858/858 859/859 857/857
f 860/860 851/851 835/835
f 861/861 860/860 835/835
f 862/862 861/861 835/835
f 862/862 835/835 838/838
f 858/858 863/863 859/859
f 864/864 859/859 863/863
f 865/865 864/864 863/863
f 865/865 863/863 866/866
f 867/867 865/865 866/866
f 838/838 868/868 862/862
f 868/868 838/838 869/869
f 867/867 866/866 870/870
f 871/871 867/867 870/870
f 868/868 869/869 872/872
f 870/870 872/872 871/871
f 873/873 868/868 872/872
f 870/870 873/873 872/872
f 876/876 875/875 874/874
f 877/877 874/874 875/875
f 878/878 877/877 875/875
f 878/878 875/875 879/879
f 880/880 878/878 879/879
f 880/880 881/881 878/878
f 881/881 880/880 882/882
f 883/883 881/881 882/882
f 883/883 882/882 884/884
f 885/885 883/883 884/884
f 885/885 884/884 886/886
f 885/885 886/886 887/887
f 888/888 885/885 887/887
f 888/888 887/887 889/889
f 890/890 888/888 889/889
f 890/890 889/889 891/891
f 892/892 890/890 891/891
f 893/893 892/892 891/891
f 892/892 893/893 894/894
f 894/894 895/895 892/892
f 896/896 895/895 894/894
f 896/896 894/894 897/897
f 900/900 899/899 898/898
f 900/900 898/898 901/901
f 902/902 901/901 898/898
f 902/902 903/903 901/901
f 902/902 904/904 903/903
f 904/904 905/905 903/903
f 904/904 906/906 905/905
f 906/906 907/907 905/905
f 908/908 905/905 907/907
f 908/908 907/907 909/909
f 909/909 910/910 908/908
f 910/910 909/909 911/911
f 911/911 912/912 910/910
f 913/913 912/912 911/911
f 913/913 911/911 914/914
f 913/913 914/914 915/915
f 915/915 916/916 913/913
f 915/915 917/917 916/916
f 917/917 918/918 916/916
f 918/918 919/919 916/916
f 922/922 921/921 920/920
f 922/922 920/920 923/923
f 923/923 924/924 922/922
f 925/925 924/924 923/923
f 926/926 924/924 925/925
f 926/926 925/925 927/927
f 928/928 926/926 927/927
f 929/929 928/928 927/927
f 930/930 929/929 927/927
f 930/930 931/931 929/929
f 930/930 932/932 931/931
f 932/932 933/933 931/931
f 932/932 934/934 933/933
f 934/934 935/935 933/933
f 936/936 933/933 935/935
f 935/935 937/937 936/936
f 938/938 937/937 935/935
f 938/938 939/939 937/937
f 938/938 940/940 939/939
f 940/940 941/941 939/939
f 941/941 940/940 942/942
f 943/943 941/941 942/942
f 946/946 945/945 944/944
f 947/947 945/945 946/946
f 946/946 948/948 947/947
f 948/948 946/946 949/949
f 949/949 946/946 950/950
f 949/949 950/950 951/951
f 952/952 951/951 950/950
f 953/953 951/951 952/952
f 954/954 953/953 952/952
f 955/955 953/953 954/954
f 954/954 956/956 955/955
f 955/955 956/956 957/957
f 958/958 957/957 956/956
f 947/947 959/959 945/945
f 945/945 959/959 960/960
f 960/960 959/959 961/961
f 959/959 962/962 961/961
f 962/962 963/963 961/961
f 962/962 964/964 963/963
f 963/963 964/964 965/965
f 966/966 957/957 958/958
f 958/958 967/967 966/966
f 967/967 968/968 966/966
f 966/966 968/968 969/969
f 970/970 969/969 968/968
f 971/971 969/969 970/970
f 971/971 970/970 972/972
f 973/973 971/971 972/972
f 974/974 973/973 972/972
f 964/964 975/975 965/965
f 975/975 976/976 965/965
f 977/977 973/973 974/974
f 977/977 974/974 978/978
f 975/975 979/979 976/976
f 979/979 977/977 978/978
f 975/975 980/980 979/979
f 980/980 977/977 979/979
f 983/983 982/982 981/981
f 981/981 984/984 983/983
f 981/981 985/985 984/984
f 981/981 986/986 985/985
f 986/986 987/987 985/985
f 988/988 987/987 986/986
f 988/988 989/989 987/987
f 988/988 990/990 989/989
f 990/990 991/991 989/989
f 991/991 992/992 989/989
f 993/993 992/992 991/991
f 993/993 991/991 994/994
f 995/995 993/993 994/994
f 995/995 994/994 996/996
f 995/995 996/996 997/997
f 998/998 995/995 997/997
f 998/998 997/997 999/999
f 1000/1000 998/998 999/999
f 1001/1001 1000/1000 999/999
f 1001/1001 999/999 1002/1002
f 1001/1001 1002/1002 1003/1003
f 1004/1004 1001/1001 1003/1003
f 1004/1004 1003/1003 1005/1005
f 1006/1006 1004/1004 1005/1005
f 1006/1006 1005/1005 1007/1007
f 1008/1008 1006/1006 1007/1007
f 1009/1009 1008/1008 1007/1007
f 1009/1009 1007/1007 1010/1010
f 1011/1011 1009/1009 1010/1010
f 1011/1011 1010/1010 1012/1012
f 1011/1011 1012/1012 1013/1013
f 1011/1011 1013/1013 1014/1014
f 1014/1014 1013/1013 1015/1015
f 1016/1016 1014/1014 1015/1015
f 1015/1015 1017/1017 1016/1016
f 1016/1016 1017/1017 1018/1018
f 1017/1017 1019/1019 1018/1018
f 1019/1019 1020/1020 1018/1018
f 1020/1020 1019/1019 1021/1021
f 1022/1022 1020/1020 1021/1021
f 1025/1025 1024/1024 1023/1023
f 1024/1024 1025/1025 1026/1026
f 1026/1026 1025/1025 1027/1027
f 1028/1028 1024/1024 1026/1026
f 1026/1026 1029/1029 1028/1028
f 1029/1029 1030/1030 1028/1028
f 1027/1027 1031/1031 1026/1026
f 1027/1027 1032/1032 1031/1031
f 1031/1031 1032/1032 1033/1033
f 1034/1034 1031/1031 1033/1033
f 1034/1034 1033/1033 1035/1035
f 1038/1038 1037/1037 1036/1036
f 1039/1039 1038/1038 1036/1036
f 1040/1040 1038/1038 1039/1039
f 1041/1041 1040/1040 1039/1039
f 1042/1042 1040/1040 1041/1041
f 1042/1042 1041/1041 1043/1043
f 1044/1044 1042/1042 1043/1043
f 1044/1044 1043/1043 1045/1045
f 1046/1046 1044/1044 1045/1045
f 1046/1046 1045/1045 1047/1047
f 1048/1048 1046/1046 1047/1047
f 1051/1051 1050/1050 1049/1049
f 1052/1052 1051/1051 1049/1049
f 1053/1053 1051/1051 1052/1052
f 1053/1053 1052/1052 1054/1054
f 1055/1055 1053/1053 1054/1054
f 1055/1055 1054/1054 1056/1056
f 1057/1057 1055/1055 1056/1056
f 1058/1058 1057/1057 1056/1056
f 1058/1058 1056/1056 1059/1059
f 1060/1060 1058/1058 1059/1059
f 1063/1063 1062/1062 1061/1061
f 1063/1063 1061/1061 1064/1064
f 1065/1065 1063/1063 1064/1064
f 1065/1065 1064/1064 1066/1066
f 1067/1067 1065/1065 1066/1066
f 1067/1067 1066/1066 1068/1068
f 1067/1067 1068/1068 1069/1069
f 1067/1067 1069/1069 1070/1070
f 1071/1071 1070/1070 1069/1069
f 1072/1072 1071/1071 1069/1069
f 1072/1072 1069/1069 1073/1073
f 1074/1074 1072/1072 1073/1073
f 1074/1074 1073/1073 1075/1075
f 1076/1076 1074/1074 1075/1075
f 1076/1076 1075/1075 1077/1077
f 1078/1078 1076/1076 1077/1077
f 1079/1079 1078/1078 1077/1077
f 1079/1079 1077/1077 1080/1080
f 1080/1080 1081/1081 1079/1079
f 1080/1080 1082/1082 1081/1081
f 1082/1082 1083/1083 1081/1081
f 1083/1083 1082/1082 1084/1084
f 1083/1083 1084/1084 1085/1085
f 1084/1084 1086/1086 1085/1085
f 1084/1084 1087/1087 1086/1086
f 1087/1087 1088/1088 1086/1086
f 1087/1087 1089/1089 1088/1088
f 1089/1089 1090/1090 1088/1088
f 1090/1090 1089/1089 1091/1091
f 1092/1092 1090/1090 1091/1091
f 1093/1093 1092/1092 1091/1091
f 1093/1093 1091/1091 1094/1094
f 1095/1095 1093/1093 1094/1094
f 1094/1094 1096/1096 1095/1095
f 1096/1096 1097/1097 1095/1095
f 1096/1096 1098/1098 1097/1097
f 1099/1099 1097/1097 1098/1098
f 1099/1099 1098/1098 1100/1100
f 1101/1101 1099/1099 1100/1100
f 1101/1101 1100/1100 1102/1102
f 1103/1103 1101/1101 1102/1102
f 1103/1103 1102/1102 1104/1104
f 1105/1105 1103/1103 1104/1104
f 1105/1105 1104/1104 1106/1106
f 1107/1107 1105/1105 1106/1106
f 1108/1108 1107/1107 1106/1106
f 1108/1108 1106/1106 1109/1109
f 1108/1108 1109/1109 1110/1110
f 1111/1111 1108/1108 1110/1110
f 1111/1111 1110/1110 1112/1112
f 1113/1113 1111/1111 1112/1112
f 1113/1113 1112/1112 1114/1114
f 1115/1115 1113/1113 1114/1114
f 1115/1115 1114/1114 1116/1116
f 1115/1115 1116/1116 1117/1117
f 1116/1116 1118/1118 1117/1117
f 1116/1116 1119/1119 1118/1118
f 1120/1120 1118/1118 1119/1119
f 1120/1120 1119/1119 1121/1121
f 1122/1122 1120/1120 1121/1121
f 1122/1122 1121/1121 1123/1123
f 1123/1123 1124/1124 1122/1122
f 1125/1125 1124/1124 1123/1123
f 1125/1125 1126/1126 1124/1124
f 1125/1125 1127/1127 1126/1126
f 1127/1127 1128/1128 1126/1126
f 1129/1129 1126/1126 1128/1128
f 1129/1129 1128/1128 1130/1130
f 1130/1130 1131/1131 1129/1129
f 1130/1130 1132/1132 1131/1131
f 1132/1132 1133/1133 1131/1131
f 1132/1132 1134/1134 1133/1133
f 1134/1134 1135/1135 1133/1133
f 1134/1134 1136/1136 1135/1135
f 1137/1137 1135/1135 1136/1136
f 1138/1138 1137/1137 1136/1136
f 1138/1138 1139/1139 1137/1137
f 1138/1138 1140/1140 1139/1139
f 1140/1140 1141/1141 1139/1139
f 1140/1140 1142/1142 1141/1141
f 1142/1142 1143/1143 1141/1141
f 1144/1144 1143/1143 1142/1142
f 642/642 1145/1145 584/584
f 640/640 1145/1145 642/642
f 1146/1146 584/584 1145/1145
f 584/584 1146/1146 583/583
f 640/640 1147/1147 1145/1145
f 1146/1146 1145/1145 1147/1147
f 1147/1147 640/640 630/630
f 1146/1146 1148/1148 583/583
f 1146/1146 1147/1147 1148/1148
f 1147/1147 630/630 1148/1148
f 582/582 583/583 1148/1148
f 606/606 1148/1148 630/630
f 1148/1148 1149/1149 582/582
f 606/606 1149/1149 1148/1148
f 580/580 582/582 1149/1149
f 606/606 580/580 1149/1149
f 1152/1152 1151/1151 1150/1150
f 1153/1153 1151/1151 1152/1152
f 1151/1151 1154/1154 1150/1150
f 1155/1155 1151/1151 1153/1153
f 1150/1150 1154/1154 1156/1156
f 1154/1154 1157/1157 1156/1156
f 1157/1157 1158/1158 1156/1156
f 1157/1157 1159/1159 1158/1158
f 1159/1159 1160/1160 1158/1158
f 1159/1159 1161/1161 1160/1160
f 1160/1160 1161/1161 1162/1162
f 1163/1163 1155/1155 1153/1153
f 1153/1153 1164/1164 1163/1163
f 1164/1164 1165/1165 1163/1163
f 1163/1163 1165/1165 1166/1166
f 1167/1167 1166/1166 1165/1165
f 1168/1168 1166/1166 1167/1167
f 1169/1169 1168/1168 1167/1167
f 1170/1170 1168/1168 1169/1169
f 1170/1170 1169/1169 1171/1171
f 1172/1172 1170/1170 1171/1171
f 1172/1172 1171/1171 1173/1173
f 1174/1174 1172/1172 1173/1173
f 1174/1174 1173/1173 1175/1175
f 1176/1176 1174/1174 1175/1175
f 1176/1176 1175/1175 1177/1177
f 1176/1176 1177/1177 1178/1178
f 1179/1179 1176/1176 1178/1178
f 1180/1180 1179/1179 1178/1178
f 1181/1181 1179/1179 1180/1180
f 1182/1182 1181/1181 1180/1180
f 1181/1181 1182/1182 1183/1183
f 1183/1183 1182/1182 1184/1184
f 1183/1183 1184/1184 1185/1185
f 1185/1185 1184/1184 1186/1186
f 1185/1185 1186/1186 1162/1162
f 1161/1161 1185/1185 1162/1162
f 1189/1189 1188/1188 1187/1187
f 1190/1190 1189/1189 1187/1187
f 1191/1191 1187/1187 1188/1188
f 1190/1190 1187/1187 1192/1192
f 1191/1191 1188/1188 1193/1193
f 1193/1193 1194/1194 1191/1191
f 1190/1190 1192/1192 1195/1195
f 1196/1196 1195/1195 1192/1192
f 1196/1196 1197/1197 1195/1195
f 1197/1197 1198/1198 1195/1195
f 1197/1197 1199/1199 1198/1198
f 1199/1199 1200/1200 1198/1198
f 1199/1199 1201/1201 1200/1200
f 1201/1201 1202/1202 1200/1200
f 1201/1201 1203/1203 1202/1202
f 1203/1203 1204/1204 1202/1202
f 1203/1203 1205/1205 1204/1204
f 1205/1205 1206/1206 1204/1204
f 1205/1205 1207/1207 1206/1206
f 1208/1208 1206/1206 1207/1207
f 1208/1208 1207/1207 1209/1209
f 1210/1210 1208/1208 1209/1209
f 1210/1210 1209/1209 1211/1211
f 1211/1211 1212/1212 1210/1210
f 1213/1213 1210/1210 1212/1212
f 1213/1213 1212/1212 1214/1214
f 1214/1214 1212/1212 1215/1215
f 1214/1214 1215/1215 1216/1216
f 1217/1217 1216/1216 1215/1215
f 1217/1217 1218/1218 1216/1216
f 1218/1218 1219/1219 1216/1216
f 1218/1218 1220/1220 1219/1219
f 1218/1218 1221/1221 1220/1220
f 1221/1221 1222/1222 1220/1220
f 1223/1223 1220/1220 1222/1222
f 1223/1223 1222/1222 1224/1224
f 1225/1225 1223/1223 1224/1224
f 1225/1225 1224/1224 1193/1193
f 1193/1193 1224/1224 1194/1194
