v 0.0344499444 0.00760099584 -0.253571593
v 0.0341294932 0.0144689999 -0.254185195
v 0.0338714824 0.00835863034 -0.254288828
v -0.0105861194 0.0231206408 -0.195767195
v -0.0104820549 0.0216768973 -0.20153136
v -0.0102280837 0.0268362454 -0.179509143
v -0.0183495152 -0.0193295187 -0.170288514
v -0.0184395557 -0.0130005488 -0.17465991
v -0.0182495256 -0.0250132974 -0.163746485
v -0.0175699424 0.0243703557 -0.132877857
v -0.0174560005 0.0194664433 -0.127183169
v -0.0173755206 0.0134588757 -0.12297763
v 0.0326990295 -0.0327147224 -0.142277207
v 0.0342627754 -0.0332571245 -0.116990635
v 0.0351710449 -0.0341090227 -0.106917729
v 0.0405266154 -0.0337963365 -0.0572206278
v 0.0444603182 -0.0332544694 -0.0395031704
v 0.0406203589 -0.0343092332 -0.0565638184
v 0.0314529025 -0.0334743819 -0.13795587
v 0.0334695856 -0.0348837348 -0.115166407
v 0.0319782441 -0.0339040417 -0.139133283
v -0.0116293713 0.0180681488 -0.2587097
v -0.011920459 0.016991569 -0.255753635
v -0.0113871735 0.0175740254 -0.258670049
v 0.0377965445 0.00708757692 -0.041745964
v 0.0438280165 0.00717039749 -0.0400699733
v 0.0425975618 0.00701238541 -0.0455248985
v -0.00191767823 -0.025925605 -0.0990853761
v -0.00335271383 -0.0224989653 -0.16959887
v -0.00293430071 -0.0275498026 -0.149044197
v 0.0392479049 -0.0151037233 -0.195927289
v 0.0392353431 -0.00807547206 -0.196047802
v 0.0417170268 -0.00902945902 -0.196097395
v 0.0420077775 -0.0144722427 -0.196364825
v 0.0421341952 -0.00826605751 -0.196859241
v 0.0352245671 -0.00371962471 -0.243823975
v 0.0352347441 0.0038134336 -0.243781833
v 0.0327991645 -0.00360434937 -0.243539852
v 0.0327922662 0.00391540193 -0.243606814
v 0.0358083806 0.00408682521 -0.243399222
v 0.0341294932 0.0144689999 -0.254185195
v 0.0344499444 0.00760099584 -0.253571593
v 0.0345682157 0.0170738423 -0.252213003
v 0.0417516814 0.0174274777 -0.199707574
v 0.0343477221 0.0178722316 -0.250899675
v 0.0412369655 0.0179121976 -0.199487107
v 0.0417605174 0.0164549529 -0.197452516
v 0.0420295301 0.0142999772 -0.196283148
v 0.0420336721 0.00795832606 -0.196996331
v 0.041748242 0.00907330542 -0.196133065
v 0.0414943842 0.00515422579 -0.201490894
v 0.0357877117 -0.00411851375 -0.243518804
v 0.0413360893 -0.00393409648 -0.201464677
v 0.0418899363 -0.0169320068 -0.19829548
v 0.0414681131 -0.00578055916 -0.200160663
v 0.0421341952 -0.00826605751 -0.196859241
v 0.0420077775 -0.0144722427 -0.196364825
v 0.034558175 -0.0176569184 -0.250900351
v 0.0413026211 -0.0177498711 -0.199499493
v 0.0343682869 -0.0156435038 -0.253508892
v 0.0344255073 -0.00763040433 -0.253691152
v 0.0338768337 -0.0143720171 -0.254242355
v 0.0337947109 -0.00822849247 -0.254313671
v 0.0420295301 0.0142999772 -0.196283148
v 0.041748242 0.00907330542 -0.196133065
v 0.039264428 0.00850069825 -0.195899373
v 0.0392766307 0.0146166267 -0.195833785
v 0.0417605174 0.0164549529 -0.197452516
v 0.0389441687 0.0176516352 -0.198296155
v 0.0412369655 0.0179121976 -0.199487107
v 0.0338714824 0.00835863034 -0.254288828
v 0.0341294932 0.0144689999 -0.254185195
v 0.0313829565 0.00836181918 -0.253987149
v 0.0314270511 0.0153702668 -0.253690057
v 0.0338768337 -0.0143720171 -0.254242355
v 0.0337947109 -0.00822849247 -0.254313671
v 0.0313755254 -0.0143634346 -0.25395148
v 0.0313790115 -0.00821837474 -0.253950292
v 0.0343477221 0.0178722316 -0.250899675
v 0.0412369655 0.0179121976 -0.199487107
v 0.0318543097 0.0179198555 -0.250551128
v 0.0389441687 0.0176516352 -0.198296155
v 0.0413026211 -0.0177498711 -0.199499493
v 0.034558175 -0.0176569184 -0.250900351
v 0.038806499 -0.017799553 -0.199169829
v 0.0317166429 -0.0175313618 -0.251424778
v 0.0352347441 0.0038134336 -0.243781833
v 0.0339666259 0.00676860224 -0.253106048
v 0.0327922662 0.00391540193 -0.243606814
v 0.0315460662 0.00680402212 -0.252778758
v 0.0340240402 -0.0066724838 -0.253104325
v 0.0352245671 -0.00371962471 -0.243823975
v 0.0315397198 -0.00663742118 -0.252772076
v 0.0327991645 -0.00360434937 -0.243539852
v 0.0315397198 -0.00663742118 -0.252772076
v 0.0313790115 -0.00821837474 -0.253950292
v 0.0337947109 -0.00822849247 -0.254313671
v 0.0340240402 -0.0066724838 -0.253104325
v 0.0344255073 -0.00763040433 -0.253691152
v 0.0313829565 0.00836181918 -0.253987149
v 0.0315460662 0.00680402212 -0.252778758
v 0.0339666259 0.00676860224 -0.253106048
v 0.0338714824 0.00835863034 -0.254288828
v 0.0344499444 0.00760099584 -0.253571593
v 0.034558175 -0.0176569184 -0.250900351
v 0.0343682869 -0.0156435038 -0.253508892
v 0.0317166429 -0.0175313618 -0.251424778
v 0.0313755254 -0.0143634346 -0.25395148
v 0.0338768337 -0.0143720171 -0.254242355
v 0.0341294932 0.0144689999 -0.254185195
v 0.0345682157 0.0170738423 -0.252213003
v 0.0314270511 0.0153702668 -0.253690057
v 0.0318543097 0.0179198555 -0.250551128
v 0.0343477221 0.0178722316 -0.250899675
v 0.038806499 -0.017799553 -0.199169829
v 0.0418899363 -0.0169320068 -0.19829548
v 0.0413026211 -0.0177498711 -0.199499493
v 0.0392479049 -0.0151037233 -0.195927289
v 0.0420077775 -0.0144722427 -0.196364825
v 0.0358083806 0.00408682521 -0.243399222
v 0.0344499444 0.00760099584 -0.253571593
v 0.0352347441 0.0038134336 -0.243781833
v 0.0339666259 0.00676860224 -0.253106048
v 0.0357877117 -0.00411851375 -0.243518804
v 0.0358083806 0.00408682521 -0.243399222
v 0.0352245671 -0.00371962471 -0.243823975
v 0.0352347441 0.0038134336 -0.243781833
v 0.0344255073 -0.00763040433 -0.253691152
v 0.0357877117 -0.00411851375 -0.243518804
v 0.0340240402 -0.0066724838 -0.253104325
v 0.0352245671 -0.00371962471 -0.243823975
v 0.0413360893 -0.00393409648 -0.201464677
v 0.0386171193 -0.00491697746 -0.200616824
v 0.0386096387 0.00497754237 -0.200711284
v 0.0410097531 0.00400448184 -0.201238948
v 0.0414943842 0.00515422579 -0.201490894
v 0.0386171193 -0.00491697746 -0.200616824
v 0.0413360893 -0.00393409648 -0.201464677
v 0.0414681131 -0.00578055916 -0.200160663
v 0.0415642694 -0.00725559512 -0.1972656
v 0.0392353431 -0.00807547206 -0.196047802
v 0.0421341952 -0.00826605751 -0.196859241
v 0.0417170268 -0.00902945902 -0.196097395
v 0.039264428 0.00850069825 -0.195899373
v 0.041748242 0.00907330542 -0.196133065
v 0.0420336721 0.00795832606 -0.196996331
v 0.0386096387 0.00497754237 -0.200711284
v 0.0411857642 0.00570538974 -0.200106786
v 0.0410097531 0.00400448184 -0.201238948
v 0.0414943842 0.00515422579 -0.201490894
v 0.0313755254 -0.0143634346 -0.25395148
v 0.0313790115 -0.00821837474 -0.253950292
v 0.0315397198 -0.00663742118 -0.252772076
v 0.0317166429 -0.0175313618 -0.251424778
v 0.0327991645 -0.00360434937 -0.243539852
v 0.038806499 -0.017799553 -0.199169829
v 0.0386171193 -0.00491697746 -0.200616824
v 0.0392479049 -0.0151037233 -0.195927289
v 0.0392353431 -0.00807547206 -0.196047802
v 0.0386096387 0.00497754237 -0.200711284
v 0.0327922662 0.00391540193 -0.243606814
v 0.0389441687 0.0176516352 -0.198296155
v 0.0392766307 0.0146166267 -0.195833785
v 0.039264428 0.00850069825 -0.195899373
v 0.0318543097 0.0179198555 -0.250551128
v 0.0315460662 0.00680402212 -0.252778758
v 0.0314270511 0.0153702668 -0.253690057
v 0.0313829565 0.00836181918 -0.253987149
v 0.0331926053 -0.0117068703 -0.169022521
v 0.0221306963 -0.0118052189 -0.289661391
v 0.0388034164 -0.0118075276 -0.169546751
v 0.0275791895 -0.0119378089 -0.290251244
v 0.0296378635 -0.0121919631 -0.29721281
v 0.0188525107 -0.01188199 -0.296261953
v 0.0325841287 -0.012292323 -0.303563732
v 0.0325447396 -0.0122934406 -0.307537336
v 0.0148752962 -0.0118487167 -0.301819225
v 0.0311861407 -0.0121900261 -0.310700922
v 0.0140999702 -0.0118459446 -0.305605307
v 0.0164787499 -0.0119304939 -0.311837276
v 0.014669049 -0.0120076076 -0.309023517
v 0.0191708499 -0.0120509697 -0.313941087
v 0.0224298153 -0.0121328363 -0.314910826
v 0.0258398369 -0.0122127508 -0.314644771
v 0.0289815576 -0.0123667389 -0.313181477
v 0.0275274725 -0.0179359593 -0.289993198
v 0.033019473 -0.0173804132 -0.169001264
v 0.0386316897 -0.0174810552 -0.169510255
v 0.0221347728 -0.0178020865 -0.288788648
v 0.0291802645 -0.0178509032 -0.296096713
v 0.0192027322 -0.0175280843 -0.295158732
v 0.014615011 -0.0174741728 -0.301941205
v 0.0322144611 -0.0181109878 -0.304061314
v 0.0139462704 -0.017476766 -0.305872969
v 0.0147602493 -0.0176617193 -0.309231714
v 0.0315479863 -0.0180489385 -0.309812813
v 0.0290251877 -0.0179392362 -0.312887272
v 0.0259852984 -0.017905233 -0.314449961
v 0.0165257415 -0.0175658148 -0.312043191
v 0.0192808105 -0.0176402912 -0.314035686
v 0.0225239551 -0.0176354626 -0.314951595
v 0.0215456807 -0.0172938391 -0.289154612
v 0.033019473 -0.0173804132 -0.169001264
v 0.0221347728 -0.0178020865 -0.288788648
v 0.0192027322 -0.0175280843 -0.295158732
v 0.032604659 -0.0176355214 -0.30747226
v 0.0315479863 -0.0180489385 -0.309812813
v 0.0322144611 -0.0181109878 -0.304061314
v 0.0325998481 -0.0175918308 -0.303449784
v 0.0291802645 -0.0178509032 -0.296096713
v 0.0279732384 -0.0174611186 -0.289305858
v 0.0291802645 -0.0178509032 -0.296096713
v 0.0275274725 -0.0179359593 -0.289993198
v 0.0386316897 -0.0174810552 -0.169510255
v 0.0280899298 -0.0124274015 -0.29023895
v 0.0388034164 -0.0118075276 -0.169546751
v 0.0275791895 -0.0119378089 -0.290251244
v 0.0296378635 -0.0121919631 -0.29721281
v 0.0188525107 -0.01188199 -0.296261953
v 0.0221306963 -0.0118052189 -0.289661391
v 0.0216754397 -0.0122932917 -0.289544952
v 0.0331926053 -0.0117068703 -0.169022521
v 0.0388034164 -0.0118075276 -0.169546751
v 0.0279732384 -0.0174611186 -0.289305858
v 0.0386316897 -0.0174810552 -0.169510255
v 0.0280899298 -0.0124274015 -0.29023895
v 0.0291802645 -0.0178509032 -0.296096713
v 0.0296378635 -0.0121919631 -0.29721281
v 0.0325998481 -0.0175918308 -0.303449784
v 0.0325841287 -0.012292323 -0.303563732
v 0.032604659 -0.0176355214 -0.30747226
v 0.0325447396 -0.0122934406 -0.307537336
v 0.0315479863 -0.0180489385 -0.309812813
v 0.0311861407 -0.0121900261 -0.310700922
v 0.0290251877 -0.0179392362 -0.312887272
v 0.0289815576 -0.0123667389 -0.313181477
v 0.0259852984 -0.017905233 -0.314449961
v 0.0258398369 -0.0122127508 -0.314644771
v 0.0225239551 -0.0176354626 -0.314951595
v 0.0224298153 -0.0121328363 -0.314910826
v 0.0192808105 -0.0176402912 -0.314035686
v 0.0191708499 -0.0120509697 -0.313941087
v 0.0165257415 -0.0175658148 -0.312043191
v 0.0164787499 -0.0119304939 -0.311837276
v 0.0147602493 -0.0176617193 -0.309231714
v 0.014669049 -0.0120076076 -0.309023517
v 0.0139462704 -0.017476766 -0.305872969
v 0.0140999702 -0.0118459446 -0.305605307
v 0.014615011 -0.0174741728 -0.301941205
v 0.0148752962 -0.0118487167 -0.301819225
v 0.0188525107 -0.01188199 -0.296261953
v 0.0192027322 -0.0175280843 -0.295158732
v 0.0216754397 -0.0122932917 -0.289544952
v 0.0215456807 -0.0172938391 -0.289154612
v 0.033019473 -0.0173804132 -0.169001264
v 0.0331926053 -0.0117068703 -0.169022521
v -0.0102252756 -0.027374863 -0.177722936
v -0.0104342184 -0.0288623278 -0.172728149
v -0.0106698374 -0.0259412229 -0.170667376
v -0.0106718749 -0.0237352559 -0.170656852
v -0.0103714612 -0.0183988212 -0.175227365
v -0.0103413471 -0.0234610439 -0.191451155
v -0.0103379271 -0.0103271612 -0.17922034
v -0.0103432166 -0.00304231125 -0.180832052
v -0.0103534286 0.0241946711 -0.188616733
v -0.0105849536 -0.0206675826 -0.207290053
v -0.0103432237 0.0037184198 -0.180708163
v -0.0103352165 0.0111681065 -0.179040653
v -0.0103919703 0.0185600953 -0.175041833
v -0.0102280837 0.0268362454 -0.179509143
v -0.0106454127 0.0232387761 -0.171016599
v -0.0106883403 0.0255651297 -0.170492427
v -0.0104494258 0.0288837842 -0.172726577
v -0.0104074667 0.0279747668 -0.177293934
v -0.0105861194 0.0231206408 -0.195767195
v -0.0104820549 0.0216768973 -0.20153136
v -0.0106116345 0.0203398906 -0.211774861
v -0.0108102996 -0.0191091598 -0.231760484
v -0.0107918752 0.0191950492 -0.230839988
v -0.0108876379 -0.0196769537 -0.226364913
v -0.0107804113 -0.0208001433 -0.210222253
v -0.0106201088 -0.0221561795 -0.200653216
v -0.0104915366 -0.0241810683 -0.190920127
v -0.0104709613 -0.0280802264 -0.176651636
v -0.0104342184 -0.0288623278 -0.172728149
v -0.0113546911 -0.0193430193 -0.237745093
v -0.0112025196 -0.0188902321 -0.237619062
v -0.011679821 -0.0182001003 -0.278830552
v -0.0112409356 0.0188570751 -0.238136621
v -0.0116964874 -0.0175530028 -0.278651947
v -0.0112691984 0.0194136786 -0.237219455
v -0.0106116345 0.0203398906 -0.211774861
v -0.0116010234 0.0180195847 -0.278992415
v -0.011783153 0.0183358778 -0.278613763
v -0.0117186458 0.017572237 -0.278757629
v -0.0124771351 0.0159214866 -0.279885647
v -0.0119951539 -0.0172412703 -0.279569114
v -0.0121692428 -0.0174195473 -0.279915426
v -0.0124912826 -0.0156238089 -0.27988255
v -0.0117186458 0.017572237 -0.278757629
v -0.0126331753 -0.0167363596 -0.280255731
v -0.0125406805 0.0168620336 -0.280235964
v -0.0119957703 0.0179601299 -0.279512512
v -0.016043778 -0.0282851469 -0.172196724
v -0.0104342184 -0.0288623278 -0.172728149
v -0.0133088517 -0.0290141714 -0.172794482
v -0.0189496414 -0.026152046 -0.170594477
v -0.0106698374 -0.0259412229 -0.170667376
v -0.0203316239 -0.0236586642 -0.170456211
v -0.0106718749 -0.0237352559 -0.170656852
v -0.0103714612 -0.0183988212 -0.175227365
v -0.0209442381 -0.0197359335 -0.173878984
v -0.0214309303 -0.0139274318 -0.177556928
v -0.0103379271 -0.0103271612 -0.17922034
v -0.0216331808 -0.00598493396 -0.180180336
v -0.0103432166 -0.00304231125 -0.180832052
v -0.0216544288 0.00259831351 -0.180657418
v -0.0103432237 0.0037184198 -0.180708163
v -0.0103352165 0.0111681065 -0.179040653
v -0.0215220624 0.010601176 -0.178973866
v -0.0211115637 0.0186729707 -0.174801121
v -0.0103919703 0.0185600953 -0.175041833
v -0.0106454127 0.0232387761 -0.171016599
v -0.0203015944 0.0239520651 -0.170372229
v -0.0106883403 0.0255651297 -0.170492427
v -0.0189300271 0.0262811007 -0.170685397
v -0.0162734093 0.0282603622 -0.172155804
v -0.0104494258 0.0288837842 -0.172726577
v -0.0139004169 0.0289574108 -0.172711164
v -0.0129912283 0.0183509579 -0.27877274
v -0.0132347632 0.0171757175 -0.280220294
v -0.0119957703 0.0179601299 -0.279512512
v -0.0125406805 0.0168620336 -0.280235964
v -0.014511107 -0.0030061763 -0.280249328
v -0.0126331753 -0.0167363596 -0.280255731
v -0.0131530861 -0.0171468561 -0.280171144
v -0.0121692428 -0.0174195473 -0.279915426
v -0.011679821 -0.0182001003 -0.278830552
v -0.0130263825 -0.0182186672 -0.278979237
v -0.0104074667 0.0279747668 -0.177293934
v -0.0104494258 0.0288837842 -0.172726577
v -0.0139004169 0.0289574108 -0.172711164
v -0.0136123612 0.0230022651 -0.196356582
v -0.0162734093 0.0282603622 -0.172155804
v -0.0105861194 0.0231206408 -0.195767195
v -0.0148035881 0.0217704904 -0.200885581
v -0.0108244178 0.0209867785 -0.209428626
v -0.0132074205 0.0204081374 -0.214906177
v -0.0146335779 0.0189933316 -0.223531039
v -0.0110301883 0.0200275162 -0.22164844
v -0.012802116 0.0192971059 -0.241592014
v -0.0135643889 0.018107011 -0.248035556
v -0.0129912283 0.0183509579 -0.27877274
v -0.0112691984 0.0194136786 -0.237219455
v -0.0106116345 0.0203398906 -0.211774861
v -0.011783153 0.0183358778 -0.278613763
v -0.0119957703 0.0179601299 -0.279512512
v -0.0116010234 0.0180195847 -0.278992415
v -0.0104342184 -0.0288623278 -0.172728149
v -0.0104709613 -0.0280802264 -0.176651636
v -0.0133088517 -0.0290141714 -0.172794482
v -0.0104915366 -0.0241810683 -0.190920127
v -0.0135903693 -0.0225877765 -0.198413106
v -0.0106201088 -0.0221561795 -0.200653216
v -0.0107804113 -0.0208001433 -0.210222253
v -0.0150929637 -0.0217441919 -0.200341013
v -0.016043778 -0.0282851469 -0.172196724
v -0.0134072714 -0.0208738155 -0.210292614
v -0.0108876379 -0.0196769537 -0.226364913
v -0.0131990161 -0.019805491 -0.223580073
v -0.0113546911 -0.0193430193 -0.237745093
v -0.0144643649 -0.0189452183 -0.225572544
v -0.0160517502 -0.0210501559 -0.199416466
v -0.0178041875 -0.0250347265 -0.177973264
v -0.0189496414 -0.026152046 -0.170594477
v -0.0127840392 -0.0191317213 -0.24600944
v -0.011679821 -0.0182001003 -0.278830552
v -0.0129043501 -0.0184765766 -0.270833028
v -0.0130263825 -0.0182186672 -0.278979237
v -0.0110301883 0.0200275162 -0.22164844
v -0.0106116345 0.0203398906 -0.211774861
v -0.0108244178 0.0209867785 -0.209428626
v -0.0104820549 0.0216768973 -0.20153136
v -0.0105861194 0.0231206408 -0.195767195
v -0.0178041875 -0.0250347265 -0.177973264
v -0.0203316239 -0.0236586642 -0.170456211
v -0.0189496414 -0.026152046 -0.170594477
v -0.0209442381 -0.0197359335 -0.173878984
v -0.0195123588 -0.0183308136 -0.182989996
v -0.0214309303 -0.0139274318 -0.177556928
v -0.020593206 -0.00968510101 -0.184038922
v -0.0216331808 -0.00598493396 -0.180180336
v -0.0216544288 0.00259831351 -0.180657418
v -0.0183514451 -0.0161664504 -0.194401504
v -0.0183012428 0.00449600651 -0.20079501
v -0.0215220624 0.010601176 -0.178973866
v -0.0164827141 -0.0189189624 -0.203932752
v -0.0160517502 -0.0210501559 -0.199416466
v -0.0144643649 -0.0189452183 -0.225572544
v -0.0166581167 -0.00562955575 -0.214703311
v -0.0161469101 -0.0140211588 -0.217776
v -0.0152553693 0.0154660929 -0.230516517
v -0.0143486095 -0.0100630981 -0.252984255
v -0.0144107514 -0.0170769401 -0.239650509
v -0.0134340866 -0.0169003918 -0.26126795
v -0.0127840392 -0.0191317213 -0.24600944
v -0.0129043501 -0.0184765766 -0.270833028
v -0.0161887376 0.0128872227 -0.219240761
v -0.0178776171 0.0152267355 -0.198979815
v -0.0140679047 -0.00822724519 -0.270441384
v -0.0130263825 -0.0182186672 -0.278979237
v -0.0131530861 -0.0171468561 -0.280171144
v -0.014511107 -0.0030061763 -0.280249328
v -0.0139672783 0.00965107852 -0.269111828
v -0.0132347632 0.0171757175 -0.280220294
v -0.0129912283 0.0183509579 -0.27877274
v -0.0135643889 0.018107011 -0.248035556
v -0.0145495285 0.0144882639 -0.244600279
v -0.0146335779 0.0189933316 -0.223531039
v -0.0157320235 0.0199060117 -0.207971781
v -0.0148035881 0.0217704904 -0.200885581
v -0.016588673 0.0216549015 -0.194789527
v -0.0197309755 0.0184268179 -0.181716518
v -0.0211115637 0.0186729707 -0.174801121
v -0.0176466558 0.0250145312 -0.178944401
v -0.0162734093 0.0282603622 -0.172155804
v -0.0203015944 0.0239520651 -0.170372229
v -0.0189300271 0.0262811007 -0.170685397
v -0.0253716309 -0.00022767705 -0.171817059
v -0.032533583 -0.000319185712 -0.169862609
v -0.0325748813 -0.00030032084 -0.171902787
v -0.0253317324 -0.000404628358 -0.169841782
v -0.0320282436 0.0234784152 -0.145533041
v -0.0320360462 0.0213460139 -0.145861926
v -0.0248346498 0.0231340797 -0.145913207
v -0.0248342946 0.0210872713 -0.145841262
v -0.0319519007 0.0163535894 -0.141573057
v -0.0324448828 -0.00505109412 -0.165355322
v -0.0247533826 0.0163497149 -0.141718786
v -0.0252463588 -0.00505495266 -0.165501051
v -0.0319519007 0.0163535894 -0.141573057
v -0.0247533826 0.0163497149 -0.141718786
v -0.0320360462 0.0213460139 -0.145861926
v -0.0248342946 0.0210872713 -0.145841262
v -0.0320282436 0.0234784152 -0.145533041
v -0.0325748813 -0.00030032084 -0.171902787
v -0.032533583 -0.000319185712 -0.169862609
v -0.0320360462 0.0213460139 -0.145861926
v -0.0324448828 -0.00505109412 -0.165355322
v -0.0319519007 0.0163535894 -0.141573057
v -0.0252463588 -0.00505495266 -0.165501051
v -0.0324448828 -0.00505109412 -0.165355322
v -0.0253317324 -0.000404628358 -0.169841782
v -0.032533583 -0.000319185712 -0.169862609
v -0.0253716309 -0.00022767705 -0.171817059
v -0.0325748813 -0.00030032084 -0.171902787
v -0.0254071695 -0.00152620891 -0.173537876
v -0.033605474 -0.00152179885 -0.173371891
v -0.0320282436 0.0234784152 -0.145533041
v -0.0330011178 0.0247190561 -0.144216267
v -0.0248346498 0.0231340797 -0.145913207
v -0.0248028045 0.0247146622 -0.14438224
v -0.0248028045 0.0247146622 -0.14438224
v -0.032898256 0.0232688603 -0.139096542
v -0.0330011178 0.0247190561 -0.144216267
v -0.0246419765 0.0220219467 -0.136366428
v -0.0327680015 0.0195599904 -0.132564257
v -0.024484108 0.0149944994 -0.128382095
v -0.032660797 0.0131077294 -0.127097499
v -0.0326032261 0.00623148377 -0.124071504
v -0.0244010244 0.00529259201 -0.124020316
v -0.0326015837 -0.00439994322 -0.123707973
v -0.0244076024 -0.00534495916 -0.124062819
v -0.0326666883 -0.0123049641 -0.126713933
v -0.024468375 -0.0123093887 -0.126879895
v -0.0327621454 -0.018277498 -0.131270452
v -0.024578611 -0.0189237012 -0.132149516
v -0.032949917 -0.0237332613 -0.14040058
v -0.0247702767 -0.0240268426 -0.141481264
v -0.0331645198 -0.0249216275 -0.150969427
v -0.0249854267 -0.0248107935 -0.152087701
v -0.0333675048 -0.0216296336 -0.161082915
v -0.0251854984 -0.0211350045 -0.162068172
v -0.0335224659 -0.0144473335 -0.168928213
v -0.0253346387 -0.0136584066 -0.169633608
v -0.0335900107 -0.00676665007 -0.172468345
v -0.0253916974 -0.00677106003 -0.172634318
v -0.033605474 -0.00152179885 -0.173371891
v -0.0254071695 -0.00152620891 -0.173537876
v -0.0330011178 0.0247190561 -0.144216267
v -0.032898256 0.0232688603 -0.139096542
v -0.033605474 -0.00152179885 -0.173371891
v -0.0335900107 -0.00676665007 -0.172468345
v -0.0327680015 0.0195599904 -0.132564257
v -0.032660797 0.0131077294 -0.127097499
v -0.0326032261 0.00623148377 -0.124071504
v -0.0335224659 -0.0144473335 -0.168928213
v -0.0333675048 -0.0216296336 -0.161082915
v -0.0331645198 -0.0249216275 -0.150969427
v -0.032949917 -0.0237332613 -0.14040058
v -0.0327621454 -0.018277498 -0.131270452
v -0.0326015837 -0.00439994322 -0.123707973
v -0.0326666883 -0.0123049641 -0.126713933
v -0.0253118907 -0.0196357091 -0.168351363
v -0.0252079199 -0.0229364647 -0.163133244
v -0.0252453067 -0.0227993143 -0.164975971
v -0.0251854984 -0.0211350045 -0.162068172
v -0.0253176767 -0.0179110481 -0.168682775
v -0.0253346387 -0.0136584066 -0.169633608
v -0.0249854267 -0.0248107935 -0.152087701
v -0.0253486694 -0.0175407251 -0.170223252
v -0.0247458406 -0.029875966 -0.140122988
v -0.0247702767 -0.0240268426 -0.141481264
v -0.0252056293 -0.0244359391 -0.162975292
v -0.024578611 -0.0189237012 -0.132149516
v -0.0249342937 -0.0309172894 -0.149400136
v -0.0251154739 -0.0293531739 -0.158410252
v -0.0252212056 -0.025015117 -0.163715892
v -0.0245309326 -0.0246185685 -0.129647832
v -0.0243686286 -0.0158585629 -0.121859973
v -0.024468375 -0.0123093887 -0.126879895
v -0.0244076024 -0.00534495916 -0.124062819
v -0.0242818492 -0.00483888574 -0.117864017
v -0.0244010244 0.00529259201 -0.124020316
v -0.0242793952 0.00530658441 -0.118049572
v -0.0243264798 0.0105968539 -0.120490673
v -0.024484108 0.0149944994 -0.128382095
v -0.0246336737 0.0279145672 -0.136169093
v -0.0246419765 0.0220219467 -0.136366428
v -0.0247285058 0.0300901047 -0.140854868
v -0.0248028045 0.0247146622 -0.14438224
v -0.0249059287 0.0311968448 -0.149646739
v -0.0248346498 0.0231340797 -0.145913207
v -0.0251460496 0.0284393703 -0.161437877
v -0.0248342946 0.0210872713 -0.145841262
v -0.0253317324 -0.000404628358 -0.169841782
v -0.0247533826 0.0163497149 -0.141718786
v -0.0252463588 -0.00505495266 -0.165501051
v -0.0253544091 0.0211905506 -0.171526393
v -0.0253716309 -0.00022767705 -0.171817059
v -0.0254878871 0.0106831023 -0.177849631
v -0.0254071695 -0.00152620891 -0.173537876
v -0.0255309016 -0.00056141835 -0.179676479
v -0.025508718 -0.00749235046 -0.178417843
v -0.0254463307 -0.0120749938 -0.175177224
v -0.0253916974 -0.00677106003 -0.172634318
v -0.0254075091 -0.0117714874 -0.173283124
v -0.0253964059 -0.0128701948 -0.172705378
v -0.0254121131 -0.0140514101 -0.173445872
v -0.0192545683 -0.0232221197 -0.165398209
v -0.0253118907 -0.0196357091 -0.168351363
v -0.0252453067 -0.0227993143 -0.164975971
v -0.0212843003 -0.0196386584 -0.168478501
v -0.0207024203 -0.0187451256 -0.169423549
v -0.0184395557 -0.0130005488 -0.17465991
v -0.0187118953 -0.0241258154 -0.164613139
v -0.0212911035 -0.0175314261 -0.170407561
v -0.0182495256 -0.0250132974 -0.163746485
v -0.0193247883 -0.0271163607 -0.161848811
v -0.0192232554 -0.0250075175 -0.163813436
v -0.0252212056 -0.025015117 -0.163715892
v -0.0251154739 -0.0293531739 -0.158410252
v -0.0200841579 -0.0299895404 -0.156490691
v -0.0249342937 -0.0309172894 -0.149400136
v -0.0198186246 -0.0309370184 -0.146629533
v -0.0247458406 -0.029875966 -0.140122988
v -0.0196987199 -0.0289766193 -0.137865788
v -0.0194990214 -0.0251036882 -0.130392797
v -0.0245309326 -0.0246185685 -0.129647832
v -0.0194020162 -0.0166564891 -0.122449663
v -0.0243686286 -0.0158585629 -0.121859973
v -0.0192761678 -0.0059414821 -0.118162727
v -0.0242818492 -0.00483888574 -0.117864017
v -0.0192699434 0.00460274327 -0.117987709
v -0.0242793952 0.00530658441 -0.118049572
v -0.0184728613 0.0101411321 -0.12023981
v -0.0243264798 0.0105968539 -0.120490673
v -0.0173755206 0.0134588757 -0.12297763
v -0.0175699424 0.0243703557 -0.132877857
v -0.0246336737 0.0279145672 -0.136169093
v -0.0192226328 0.028255327 -0.136626116
v -0.0247285058 0.0300901047 -0.140854868
v -0.0198508131 0.031005051 -0.144892337
v -0.0249059287 0.0311968448 -0.149646739
v -0.0200433959 0.0302173034 -0.15656699
v -0.0251460496 0.0284393703 -0.161437877
v -0.0202111938 0.02665287 -0.164654502
v -0.0253544091 0.0211905506 -0.171526393
v -0.0203404187 0.0211009956 -0.171573565
v -0.0204565292 0.0138952859 -0.176435977
v -0.0254878871 0.0106831023 -0.177849631
v -0.0205059978 0.00608049125 -0.179228466
v -0.0255309016 -0.00056141835 -0.179676479
v -0.0205181622 -0.00446368938 -0.179403345
v -0.025508718 -0.00749235046 -0.178417843
v -0.0196144325 -0.0101484375 -0.177109276
v -0.0254463307 -0.0120749938 -0.175177224
v -0.019451595 -0.0121427491 -0.175232301
v -0.0189057307 -0.0131592768 -0.174479268
v -0.0184395557 -0.0130005488 -0.17465991
v -0.0253486694 -0.0175407251 -0.170223252
v -0.0254121131 -0.0140514101 -0.173445872
v -0.019417098 -0.0140410385 -0.173679553
v -0.0189057307 -0.0131592768 -0.174479268
v -0.0173389177 0.00900465087 -0.12112424
v -0.0184728613 0.0101411321 -0.12023981
v -0.0173755206 0.0134588757 -0.12297763
v -0.0192699434 0.00460274327 -0.117987709
v -0.0173122215 0.000679327501 -0.119593472
v -0.0192761678 -0.0059414821 -0.118162727
v -0.0173528539 -0.0102621031 -0.121486629
v -0.0194020162 -0.0166564891 -0.122449663
v -0.01744248 -0.0174030371 -0.125586102
v -0.0194990214 -0.0251036882 -0.130392797
v -0.0175666917 -0.0233967615 -0.13153794
v -0.0177640807 -0.0280592461 -0.141105347
v -0.0196987199 -0.0289766193 -0.137865788
v -0.0198186246 -0.0309370184 -0.146629533
v -0.0179674189 -0.0288694501 -0.152268552
v -0.0200841579 -0.0299895404 -0.156490691
v -0.0182495256 -0.0250132974 -0.163746485
v -0.0193247883 -0.0271163607 -0.161848811
v -0.00373090002 -0.0212560004 -0.169023371
v -0.00385650276 -0.0121822359 -0.175543933
v -0.0184395557 -0.0130005488 -0.17465991
v -0.0183495152 -0.0193295187 -0.170288514
v -0.0182495256 -0.0250132974 -0.163746485
v -0.00353515514 -0.0272709123 -0.15923063
v -0.0179674189 -0.0288694501 -0.152268552
v -0.00331068732 -0.0290558938 -0.148096948
v -0.0177640807 -0.0280592461 -0.141105347
v -0.0030867212 -0.0264680685 -0.137102813
v -0.0175666917 -0.0233967615 -0.13153794
v -0.00289103056 -0.0196348122 -0.127626222
v -0.01744248 -0.0174030371 -0.125586102
v -0.0173528539 -0.0102621031 -0.121486629
v -0.0027646928 -0.00955387974 -0.121646118
v -0.0173122215 0.000679327501 -0.119593472
v -0.00272651483 0.00162839855 -0.120055943
v -0.0173389177 0.00900465087 -0.12112424
v -0.00277459165 0.0122858136 -0.122732646
v -0.0173755206 0.0134588757 -0.12297763
v -0.00290285794 0.0213768476 -0.129263359
v -0.0174560005 0.0194664433 -0.127183169
v -0.0175699424 0.0243703557 -0.132877857
v -0.00309714217 0.027385054 -0.139047252
v -0.0176887736 0.0277818864 -0.139682274
v -0.0033215114 0.0291714209 -0.150181737
v -0.0179313338 0.0291421703 -0.150841591
v -0.00354545824 0.0265836858 -0.161178212
v -0.0180912432 0.0273226337 -0.158679252
v -0.0182339244 0.0235357262 -0.165930402
v -0.00374127912 0.0197513841 -0.170653965
v -0.0183610392 0.0175399617 -0.171885651
v -0.018445073 0.0103990415 -0.175985275
v -0.00386751683 0.009670838 -0.176634721
v -0.0184929071 -0.00054243367 -0.177878246
v -0.00390575793 -0.00151328775 -0.178225408
v -0.0184665572 -0.00886768264 -0.176347489
v -0.00385650276 -0.0121822359 -0.175543933
v -0.0184395557 -0.0130005488 -0.17465991
v -0.0184665572 -0.00886768264 -0.176347489
v -0.0196144325 -0.0101484375 -0.177109276
v -0.0184395557 -0.0130005488 -0.17465991
v -0.0205181622 -0.00446368938 -0.179403345
v -0.0184929071 -0.00054243367 -0.177878246
v -0.0205059978 0.00608049125 -0.179228466
v -0.018445073 0.0103990415 -0.175985275
v -0.0204565292 0.0138952859 -0.176435977
v -0.0183610392 0.0175399617 -0.171885651
v -0.0203404187 0.0211009956 -0.171573565
v -0.0182339244 0.0235357262 -0.165930402
v -0.0202111938 0.02665287 -0.164654502
v -0.0180912432 0.0273226337 -0.158679252
v -0.0200433959 0.0302173034 -0.15656699
v -0.0179313338 0.0291421703 -0.150841591
v -0.0198508131 0.031005051 -0.144892337
v -0.0176887736 0.0277818864 -0.139682274
v -0.0192226328 0.028255327 -0.136626116
v -0.0175699424 0.0243703557 -0.132877857
v -0.0253486694 -0.0175407251 -0.170223252
v -0.0253176767 -0.0179110481 -0.168682775
v -0.0212911035 -0.0175314261 -0.170407561
v -0.0213147693 -0.0180210486 -0.168669072
v -0.0253118907 -0.0196357091 -0.168351363
v -0.0207024203 -0.0187451256 -0.169423549
v -0.0212843003 -0.0196386584 -0.168478501
v -0.0192232554 -0.0250075175 -0.163813436
v -0.0252056293 -0.0244359391 -0.162975292
v -0.0252212056 -0.025015117 -0.163715892
v -0.0191919295 -0.0242170109 -0.162963581
v -0.0252079199 -0.0229364647 -0.163133244
v -0.0184788071 -0.0238286275 -0.164257095
v -0.0187118953 -0.0241258154 -0.164613139
v -0.0192545683 -0.0232221197 -0.165398209
v -0.0192123315 -0.0225245373 -0.163786253
v -0.0252453067 -0.0227993143 -0.164975971
v 0.0330987167 0.0177364825 -0.169006863
v 0.0220309826 0.0176340506 -0.289629609
v 0.0387099731 0.017629656 -0.169498008
v 0.027479515 0.0175014599 -0.290219276
v 0.0295382007 0.017247321 -0.297180866
v 0.0187527504 0.0175572948 -0.296230125
v 0.032466212 0.0171189181 -0.303431973
v 0.0319137397 0.0173162697 -0.30869667
v 0.0147756174 0.0175905529 -0.30178728
v 0.0326362453 0.0168031634 -0.307419593
v 0.0139751849 0.0175468476 -0.305595249
v 0.0313550423 0.0168189579 -0.3106419
v 0.0145978861 0.0175170453 -0.308938534
v 0.0290179523 0.0170060721 -0.313104852
v 0.0163749078 0.0174617482 -0.311837671
v 0.025878851 0.0171434593 -0.314644654
v 0.0190711361 0.0173883151 -0.313909096
v 0.0223309019 0.0173064492 -0.314879091
v 0.027427801 0.0115032965 -0.289961183
v 0.0329167339 0.0120610173 -0.168951671
v 0.0385233482 0.0119540576 -0.169493258
v 0.0220351056 0.0116371678 -0.288756634
v 0.0290806046 0.0115883526 -0.296064769
v 0.0191030577 0.0119111699 -0.295126787
v 0.014820205 0.0117476591 -0.302121812
v 0.0320040786 0.011332023 -0.303699984
v 0.0325064863 0.0118337746 -0.303443475
v 0.0322076424 0.011482882 -0.308152032
v 0.0146140858 0.0118526083 -0.30918261
v 0.0138035659 0.0120494971 -0.305802398
v 0.0164260554 0.01187347 -0.312011247
v 0.0191811331 0.0117989645 -0.314003718
v 0.0224671244 0.0117168294 -0.314878812
v 0.025729706 0.0116175878 -0.314556155
v 0.0288005035 0.0117231928 -0.313150068
v 0.0312319277 0.011819216 -0.310625881
v 0.0386316897 -0.0174810552 -0.169510255
v 0.033019473 -0.0173804132 -0.169001264
v 0.0388034164 -0.0118075276 -0.169546751
v 0.0331926053 -0.0117068703 -0.169022521
v 0.0214460121 0.0121454167 -0.289122644
v 0.0329167339 0.0120610173 -0.168951671
v 0.0220351056 0.0116371678 -0.288756634
v 0.0191030577 0.0119111699 -0.295126787
v 0.0143987552 0.0123183445 -0.301818713
v 0.0191030577 0.0119111699 -0.295126787
v 0.014820205 0.0117476591 -0.302121812
v 0.0138035659 0.0120494971 -0.305802398
v 0.0278735668 0.0119781364 -0.289273914
v 0.0290806046 0.0115883526 -0.296064769
v 0.027427801 0.0115032965 -0.289961183
v 0.0385233482 0.0119540576 -0.169493258
v 0.0330987167 0.0177364825 -0.169006863
v 0.0385233482 0.0119540576 -0.169493258
v 0.0329167339 0.0120610173 -0.168951671
v 0.0387099731 0.017629656 -0.169498008
v 0.0279902582 0.017011868 -0.290206959
v 0.0387099731 0.017629656 -0.169498008
v 0.027479515 0.0175014599 -0.290219276
v 0.0295382007 0.017247321 -0.297180866
v 0.0187527504 0.0175572948 -0.296230125
v 0.0220309826 0.0176340506 -0.289629609
v 0.0215757449 0.0171459925 -0.289513124
v 0.0330987167 0.0177364825 -0.169006863
v 0.0387099731 0.017629656 -0.169498008
v 0.0278735668 0.0119781364 -0.289273914
v 0.0385233482 0.0119540576 -0.169493258
v 0.0279902582 0.017011868 -0.290206959
v 0.0290806046 0.0115883526 -0.296064769
v 0.0295382007 0.017247321 -0.297180866
v 0.0325064863 0.0118337746 -0.303443475
v 0.032466212 0.0171189181 -0.303431973
v 0.0326362453 0.0168031634 -0.307419593
v 0.0322076424 0.011482882 -0.308152032
v 0.0313550423 0.0168189579 -0.3106419
v 0.0312319277 0.011819216 -0.310625881
v 0.0290179523 0.0170060721 -0.313104852
v 0.0288005035 0.0117231928 -0.313150068
v 0.025878851 0.0171434593 -0.314644654
v 0.025729706 0.0116175878 -0.314556155
v 0.0224671244 0.0117168294 -0.314878812
v 0.0223309019 0.0173064492 -0.314879091
v 0.0191811331 0.0117989645 -0.314003718
v 0.0190711361 0.0173883151 -0.313909096
v 0.0164260554 0.01187347 -0.312011247
v 0.0163749078 0.0174617482 -0.311837671
v 0.0146140858 0.0118526083 -0.30918261
v 0.0145978861 0.0175170453 -0.308938534
v 0.0138035659 0.0120494971 -0.305802398
v 0.0139751849 0.0175468476 -0.305595249
v 0.0143987552 0.0123183445 -0.301818713
v 0.0147756174 0.0175905529 -0.30178728
v 0.0187527504 0.0175572948 -0.296230125
v 0.0191030577 0.0119111699 -0.295126787
v 0.0215757449 0.0171459925 -0.289513124
v 0.0214460121 0.0121454167 -0.289122644
v 0.0329167339 0.0120610173 -0.168951671
v 0.0330987167 0.0177364825 -0.169006863
v -0.0210633691 0.0332624138 -0.130065414
v -0.0260011061 0.0339042955 -0.113107206
v -0.0202454001 0.0339548551 -0.128311396
v -0.0250588286 0.0319787687 -0.123700523
v -0.0282359948 0.0315230606 -0.113034493
v -0.0288100826 0.0336621659 -0.104427966
v -0.0302831001 0.0320052614 -0.102040567
v -0.0227988434 0.0319226218 -0.131519034
v -0.0312228655 0.0301481605 -0.101007544
v -0.0271013789 0.0298678997 -0.122797536
v -0.0249299683 0.0293509635 -0.132370275
v -0.0282758051 0.0220736828 -0.132192951
v -0.0292577449 0.0194270575 -0.131227786
v -0.0307730005 0.0156258904 -0.127472787
v -0.0285846381 0.0291999113 -0.117747753
v -0.0299666887 0.0283460281 -0.112435478
v -0.0318242043 0.0107544628 -0.124592171
v -0.0310811763 0.028186734 -0.105470803
v -0.0324891379 0.0258245884 -0.100920605
v -0.0329099088 0.0183670636 -0.101061992
v -0.0330312102 0.0129172317 -0.104836712
v -0.0312618012 0.0039067092 -0.122400455
v -0.032300488 0.00525882542 -0.107782893
v -0.0321590457 -0.00135097188 -0.108255062
v -0.0313343243 -0.0055791612 -0.12274218
v -0.0324215647 -0.00695300397 -0.107281667
v -0.0329269814 -0.0116730509 -0.105432735
v -0.0318273659 -0.0110179956 -0.124755944
v -0.029645037 -0.0285521176 -0.113638234
v -0.0329374029 -0.0176484915 -0.101285137
v -0.0328821927 -0.0208823708 -0.100867334
v -0.0325070963 -0.0256955041 -0.100940256
v -0.0312546446 -0.0299581296 -0.100966555
v -0.0298676722 -0.0325751022 -0.102573598
v -0.0306658607 -0.0159477318 -0.127786503
v -0.0285082176 -0.033659668 -0.10511796
v -0.0277764371 -0.0290909428 -0.121406512
v -0.0291919028 -0.0195087221 -0.131352479
v -0.028029513 -0.0226592146 -0.132266956
v -0.0245956067 -0.0298307852 -0.132327201
v -0.0259453809 -0.0337992032 -0.113290944
v -0.0226761754 -0.0319387318 -0.131430605
v -0.0202947936 -0.033723652 -0.129187002
v -0.0329099088 0.0183670636 -0.101061992
v -0.0330312102 0.0129172317 -0.104836712
v -0.0362594424 0.0179820022 -0.101781439
v -0.036387851 0.0130106925 -0.105441094
v -0.032300488 0.00525882542 -0.107782893
v -0.0356400274 0.00546300087 -0.108359172
v -0.0354887655 -0.000635373691 -0.108920049
v -0.0321590457 -0.00135097188 -0.108255062
v -0.0357817619 -0.00759737471 -0.10781606
v -0.0324215647 -0.00695300397 -0.107281667
v -0.0329269814 -0.0116730509 -0.105432735
v -0.0364096882 -0.0133546916 -0.105112628
v -0.0329374029 -0.0176484915 -0.101285137
v -0.0362523932 -0.01799396 -0.10167266
v -0.0328821927 -0.0208823708 -0.100867334
v -0.0349482671 -0.0287359087 -0.101473206
v -0.0325070963 -0.0256955041 -0.100940256
v -0.0312546446 -0.0299581296 -0.100966555
v -0.033573527 -0.0321534899 -0.102647941
v -0.0298676722 -0.0325751022 -0.102573598
v -0.0318321923 -0.0336611584 -0.105757208
v -0.033573527 -0.0321534899 -0.102647941
v -0.0298676722 -0.0325751022 -0.102573598
v -0.0285082176 -0.033659668 -0.10511796
v -0.0266457296 -0.0339328946 -0.121067546
v -0.0259453809 -0.0337992032 -0.113290944
v -0.0202947936 -0.033723652 -0.129187002
v -0.0236821957 -0.0336727818 -0.129964459
v -0.0236821957 -0.0336727818 -0.129964459
v -0.0202947936 -0.033723652 -0.129187002
v -0.0226761754 -0.0319387318 -0.131430605
v -0.0261746668 -0.0317994062 -0.132181391
v -0.0245956067 -0.0298307852 -0.132327201
v -0.0280314478 -0.0296510781 -0.133004354
v -0.031374067 -0.0226106071 -0.132916274
v -0.028029513 -0.0226592146 -0.132266956
v -0.0291919028 -0.0195087221 -0.131352479
v -0.0325507264 -0.0194466439 -0.131959794
v -0.0306658607 -0.0159477318 -0.127786503
v -0.0337347956 -0.016762229 -0.129197817
v -0.0351472253 -0.0111928015 -0.125432934
v -0.0318273659 -0.0110179956 -0.124755944
v -0.0313343243 -0.0055791612 -0.12274218
v -0.0345784818 -0.00460550484 -0.123154419
v -0.0312618012 0.0039067092 -0.122400455
v -0.0345741081 0.00343833551 -0.123076432
v -0.0351233155 0.0105027079 -0.12506959
v -0.0318242043 0.0107544628 -0.124592171
v -0.0341987949 0.0154180946 -0.127958262
v -0.0307730005 0.0156258904 -0.127472787
v -0.0324871437 0.0196678463 -0.132091367
v -0.0292577449 0.0194270575 -0.131227786
v -0.0282758051 0.0220736828 -0.132192951
v -0.0306487221 0.0246120503 -0.133008801
v -0.0249299683 0.0293509635 -0.132370275
v -0.027466472 0.0304583582 -0.132883282
v -0.0227988434 0.0319226218 -0.131519034
v -0.0255519523 0.0323941676 -0.131752226
v -0.0210633691 0.0332624138 -0.130065414
v -0.0236515335 0.03378786 -0.129758951
v -0.0202454001 0.0339548551 -0.128311396
v -0.0287642441 0.0339654511 -0.115269714
v -0.0260011061 0.0339042955 -0.113107206
v -0.0255519523 0.0323941676 -0.131752226
v -0.0310767381 0.0303012088 -0.119701342
v -0.027466472 0.0304583582 -0.132883282
v -0.0288100826 0.0336621659 -0.104427966
v -0.0306487221 0.0246120503 -0.133008801
v -0.0318362116 0.0337375504 -0.105852447
v -0.0318362116 0.0337375504 -0.105852447
v -0.0332324823 0.032580804 -0.103106548
v -0.0302831001 0.0320052614 -0.102040567
v -0.0312228655 0.0301481605 -0.101007544
v -0.0332324823 0.032580804 -0.103106548
v -0.0347993246 0.0294713797 -0.101495208
v -0.0324891379 0.0258245884 -0.100920605
v -0.0329099088 0.0183670636 -0.101061992
v -0.0362594424 0.0179820022 -0.101781439
v -0.0347993246 0.0294713797 -0.101495208
v -0.0332098273 0.026263218 -0.117478601
v -0.0324871437 0.0196678463 -0.132091367
v -0.0341987949 0.0154180946 -0.127958262
v -0.0351184765 0.0212101759 -0.111738185
v -0.0362594424 0.0179820022 -0.101781439
v -0.036387851 0.0130106925 -0.105441094
v -0.0350376081 0.0162903043 -0.119739224
v -0.0351233155 0.0105027079 -0.12506959
v -0.0341352932 0.0141659649 -0.11464362
v -0.0356400274 0.00546300087 -0.108359172
v -0.0338107194 -0.00930968167 -0.115466572
v -0.0354887655 -0.000635373691 -0.108920049
v -0.0357817619 -0.00759737471 -0.10781606
v -0.0364096882 -0.0133546916 -0.105112628
v -0.0351214152 -0.0210985572 -0.111688185
v -0.0362523932 -0.01799396 -0.10167266
v -0.0349482671 -0.0287359087 -0.101473206
v -0.0336865783 0.00509895068 -0.115713314
v -0.0345741081 0.00343833551 -0.123076432
v -0.0345784818 -0.00460550484 -0.123154419
v -0.0351472253 -0.0111928015 -0.125432934
v -0.0349689172 -0.0182292193 -0.117378205
v -0.0337347956 -0.016762229 -0.129197817
v -0.0342634377 -0.0151306712 -0.114608882
v -0.0333304783 -0.0287420786 -0.111790281
v -0.033681468 -0.0237555825 -0.118887122
v -0.0321893926 -0.0306485918 -0.113105529
v -0.033573527 -0.0321534899 -0.102647941
v -0.0318321923 -0.0336611584 -0.105757208
v -0.031374067 -0.0226106071 -0.132916274
v -0.0325507264 -0.0194466439 -0.131959794
v -0.0318225245 -0.0279090715 -0.121420412
v -0.0280314478 -0.0296510781 -0.133004354
v -0.029469433 -0.0308325598 -0.124122039
v -0.0261746668 -0.0317994062 -0.132181391
v -0.0295104431 -0.0324516903 -0.118337432
v -0.0266457296 -0.0339328946 -0.121067546
v -0.0236821957 -0.0336727818 -0.129964459
v 0.0328900029 -0.0317413186 -0.142662926
v 0.0342627754 -0.0332571245 -0.116990635
v 0.0326990295 -0.0327147224 -0.142277207
v 0.038055735 -0.0331804996 -0.0830117089
v 0.0351710449 -0.0341090227 -0.106917729
v 0.039721714 -0.0340022694 -0.0704605947
v 0.0426195591 -0.0329574009 -0.0545587798
v 0.0419293821 -0.0328005197 -0.0601285545
v 0.0424992002 -0.0337459692 -0.0549627701
v 0.0444897334 -0.0335067763 -0.0452342996
v 0.044494486 -0.0327669627 -0.045550277
v 0.0444603182 -0.0332544694 -0.0395031704
v 0.0444603182 -0.0332544694 -0.0395031704
v 0.0442183373 -0.0338830015 -0.039957065
v 0.0406203589 -0.0343092332 -0.0565638184
v 0.0419348829 -0.0347281944 -0.0522378192
v 0.0447569707 -0.0343663346 -0.0400735793
v 0.0360971376 -0.035114135 -0.0898466154
v 0.035320563 -0.034258302 -0.0912431686
v 0.0405266154 -0.0337963365 -0.0572206278
v 0.0334695856 -0.0348837348 -0.115166407
v 0.0331632939 -0.0341515814 -0.112397864
v 0.0314529025 -0.0334743819 -0.13795587
v 0.0314705772 -0.0329322794 -0.139130175
v 0.032020011 -0.033247049 -0.141075999
v 0.0319782441 -0.0339040417 -0.139133283
v 0.0326990295 -0.0327147224 -0.142277207
v 0.0342832907 -0.0328828347 -0.144426874
v 0.0340124767 -0.0334665441 -0.143319904
v 0.0328900029 -0.0317413186 -0.142662926
v 0.0349136388 -0.0312721384 -0.144783303
v 0.0391512614 -0.0324864052 -0.147307955
v 0.0400112357 -0.030207482 -0.148583623
v 0.0411214189 -0.0313316552 -0.14937754
v 0.0433288455 -0.0311112372 -0.150277908
v 0.0457006183 -0.0287963416 -0.152934832
v 0.0436951897 -0.0285901993 -0.151505822
v 0.0468868671 -0.0282484531 -0.153283088
v 0.0449828595 -0.0273219008 -0.153116207
v 0.0472453882 -0.025658186 -0.156249164
v 0.0456850154 -0.0260156045 -0.154683972
v 0.0482092545 -0.0240475785 -0.158197968
v 0.0460955278 -0.0246016327 -0.156613789
v 0.0474282241 -0.0239635063 -0.159402937
v 0.0460837115 -0.0233221599 -0.159425358
v 0.0460349652 -0.0205596345 -0.174347323
v 0.0456903032 -0.0213657568 -0.171894894
v 0.0441916916 -0.0204349713 -0.173133938
v 0.0432165907 -0.0167100987 -0.188172248
v 0.0434760949 -0.015207823 -0.191149593
v 0.0417204093 -0.0157455164 -0.189207471
v 0.0427433448 -0.0143734177 -0.192874693
v 0.0414217747 -0.0142921759 -0.191987911
v 0.041457255 -0.0121358891 -0.193923991
v 0.0432943441 -0.0116364469 -0.194574869
v 0.0419011609 -0.00885916886 -0.194908003
v 0.0438080172 -0.00367782612 -0.195688289
v 0.0424087222 8.77715435e-05 -0.195255294
v 0.0443256668 -0.00475930768 -0.195288344
v 0.0419370095 0.00858894348 -0.194936164
v 0.0440606957 0.00762136645 -0.195036782
v 0.0431754297 0.0100271145 -0.195152499
v 0.0414830767 0.0123064696 -0.193913863
v 0.0432716788 0.0128092951 -0.19401164
v 0.0428147018 0.0155340772 -0.191409385
v 0.0414537952 0.0144865546 -0.191909797
v 0.0434956704 0.015229139 -0.191225321
v 0.0417706688 0.0158984687 -0.189001404
v 0.0458648207 0.0203463624 -0.175584876
v 0.0451902754 0.0206455773 -0.175535807
v 0.0440412474 0.0202537655 -0.174384261
v 0.0482193377 0.023976658 -0.15862307
v 0.0461147466 0.0233995943 -0.159392832
v 0.04753256 0.024349932 -0.158336491
v 0.0471722776 0.027852853 -0.15371131
v 0.0461598837 0.0246312946 -0.156681833
v 0.0463901063 0.0279705721 -0.153823313
v 0.0455376698 0.0265091086 -0.154156564
v 0.0437488287 0.0310417448 -0.150504359
v 0.0414659125 0.0313998353 -0.149565982
v 0.0395040698 0.032523857 -0.14745472
v 0.0448794691 0.027565467 -0.152894342
v 0.0433429527 0.0288770514 -0.151151093
v 0.0400439839 0.0302967447 -0.148546277
v 0.0347087569 0.0314155828 -0.144569681
v 0.0343578344 0.033525558 -0.143810234
v 0.0336556783 0.0330505544 -0.143672328
v 0.0328750787 0.0317950121 -0.142503658
v 0.031482178 0.0330591515 -0.138748041
v 0.0314712553 0.0335022078 -0.139135914
v 0.0320221675 0.0340163125 -0.138782198
v 0.0333899194 0.0349313632 -0.117072091
v 0.0333471659 0.0342388172 -0.11074614
v 0.0361448443 0.0351800935 -0.0895808393
v 0.0361609708 0.0346762567 -0.0852497295
v 0.0362724472 0.0341770678 -0.0841791451
v 0.0408402789 0.0337764511 -0.055876252
v 0.0416265537 0.0347747678 -0.0543394184
v 0.0446632941 0.0327843019 -0.0389140419
v 0.0452264386 0.0343618721 -0.039181413
v 0.0444897334 -0.0335067763 -0.0452342996
v 0.0444603182 -0.0332544694 -0.0395031704
v 0.0405266154 -0.0337963365 -0.0572206278
v 0.0424992002 -0.0337459692 -0.0549627701
v 0.039721714 -0.0340022694 -0.0704605947
v 0.035320563 -0.034258302 -0.0912431686
v 0.0351710449 -0.0341090227 -0.106917729
v 0.0331632939 -0.0341515814 -0.112397864
v 0.0326990295 -0.0327147224 -0.142277207
v 0.0314705772 -0.0329322794 -0.139130175
v 0.0440412474 0.0202537655 -0.174384261
v 0.0414537952 0.0144865546 -0.191909797
v 0.0417706688 0.0158984687 -0.189001404
v 0.0479405791 0.014685084 -0.164496584
v 0.0486036381 0.00379822074 -0.170097465
v 0.0414830767 0.0123064696 -0.193913863
v 0.0419370095 0.00858894348 -0.194936164
v 0.0461147466 0.0233995943 -0.159392832
v 0.0424087222 8.77715435e-05 -0.195255294
v 0.0499918753 0.0142510879 -0.152775832
v 0.0461598837 0.0246312946 -0.156681833
v 0.0510324719 0.00611570877 -0.155245187
v 0.0490528187 -0.00575391503 -0.166743936
v 0.0419011609 -0.00885916886 -0.194908003
v 0.041457255 -0.0121358891 -0.193923991
v 0.0519679206 0.0146268054 -0.134809373
v 0.0559224098 0.0098010494 -0.0987248495
v 0.0513650828 -0.00205322655 -0.154350779
v 0.0482229293 -0.0117679339 -0.166361674
v 0.0414217747 -0.0142921759 -0.191987911
v 0.050728341 0.0249336984 -0.121478084
v 0.0455376698 0.0265091086 -0.154156564
v 0.0486456502 0.0283784741 -0.124544313
v 0.0448794691 0.027565467 -0.152894342
v 0.0433429527 0.0288770514 -0.151151093
v 0.0533228102 -0.00246512416 -0.135097886
v 0.053790274 0.0191718824 -0.105267914
v 0.0536534854 0.026282568 -0.0833185797
v 0.0441916916 -0.0204349713 -0.173133938
v 0.0417204093 -0.0157455164 -0.189207471
v 0.0510908091 -0.0112433982 -0.148098357
v 0.0483471798 -0.0167313775 -0.15909496
v 0.0460837115 -0.0233221599 -0.159425358
v 0.0460955278 -0.0246016327 -0.156613789
v 0.0558874549 0.0237048609 -0.0608391012
v 0.0499146193 -0.0200828858 -0.140253839
v 0.0558674402 -0.00949538756 -0.0993665191
v 0.053700428 -0.0193030192 -0.105910597
v 0.0504237505 -0.0247502568 -0.124404696
v 0.0489881112 -0.027978058 -0.123209821
v 0.0456850154 -0.0260156045 -0.154683972
v 0.0449828595 -0.0273219008 -0.153116207
v 0.0533985637 -0.0262460654 -0.0864317757
v 0.0568526448 1.04655853e-05 -0.0923876243
v 0.0568206439 -0.0190853426 -0.0611472409
v 0.0583266149 -0.00900230806 -0.0609756506
v 0.0587204819 0.00137557603 -0.0614683551
v 0.0606711198 -0.00133439368 -0.0225573051
v 0.0588399202 -0.0213678118 -0.00759942486
v 0.0581821883 0.0105496991 -0.061070465
v 0.0598062983 0.0122791281 -0.0216190121
v 0.0571811943 -0.0254282008 -0.0231038008
v 0.0554936494 -0.024899626 -0.0611812808
v 0.0556303737 -0.0281265626 -0.0296194776
v 0.0538863092 -0.0285091035 -0.0602753018
v 0.0533984302 -0.030213322 -0.0335936609
v 0.0609204941 -0.0128622303 0.0155431902
v 0.0603293665 -0.0161133057 0.0112887086
v 0.0614385186 -0.00838857349 0.0167989201
v 0.0618175427 0.00263368124 0.0171274834
v 0.0610902895 0.011593466 0.0161931443
v 0.0604969727 0.0153083553 0.012791231
v 0.0596045384 0.018762325 0.00246275977
v 0.0578360669 0.0237590262 -0.0179832292
v 0.0543022853 0.027875412 -0.0604544708
v 0.0562640407 0.0272316383 -0.0277483079
v 0.0542074416 0.0296040369 -0.0325753412
v 0.0515352269 0.0293133738 -0.0855802966
v 0.0513886017 0.0306937743 -0.0602314365
v 0.0499339339 0.0318827675 -0.036490956
v 0.0461795281 0.0324511126 -0.0601630425
v 0.0446632941 0.0327843019 -0.0389140419
v 0.0489763073 0.0317499812 -0.0608801784
v 0.0483742248 0.0308063651 -0.0984838
v 0.041852516 0.0328433998 -0.0601040665
v 0.0408402789 0.0337764511 -0.055876252
v 0.0362724472 0.0341770678 -0.0841791451
v 0.0440155331 0.0323232447 -0.0989892054
v 0.0375826174 0.0332050495 -0.0867975235
v 0.0446157358 0.0298079142 -0.137337961
v 0.0400439839 0.0302967447 -0.148546277
v 0.0410102484 0.0311643503 -0.135014439
v 0.0347087569 0.0314155828 -0.144569681
v 0.03686235 0.032493877 -0.122595276
v 0.0346193847 0.0330909069 -0.11488162
v 0.0333471659 0.0342388172 -0.11074614
v 0.0328750787 0.0317950121 -0.142503658
v 0.031482178 0.0330591515 -0.138748041
v 0.0515688239 -0.0328821784 -0.0365838729
v 0.0466186612 -0.0341350696 -0.038412452
v 0.0545147659 -0.0311851163 -0.0339840743
v 0.0497652013 -0.0319111583 -0.0365202635
v 0.0533984302 -0.030213322 -0.0335936609
v 0.0556303737 -0.0281265626 -0.0296194776
v 0.0564681741 -0.0296032676 -0.0316632679
v 0.0457731977 -0.032676959 -0.0382591708
v 0.0571811943 -0.0254282008 -0.0231038008
v 0.0456665061 -0.0337552094 -0.0383232051
v 0.0447569707 -0.0343663346 -0.0400735793
v 0.0444603182 -0.0332544694 -0.0395031704
v 0.0442183373 -0.0338830015 -0.039957065
v 0.0584990682 -0.0256642357 -0.0227349447
v 0.0581360621 -0.0274393802 -0.0278938038
v 0.0597911093 -0.0235265738 -0.0174667424
v 0.0596250311 -0.0226006747 -0.0116025039
v 0.0588399202 -0.0213678118 -0.00759942486
v 0.0612029939 -0.0194204088 -9.23579307e-05
v 0.0603293665 -0.0161133057 0.0112887086
v 0.0616455989 -0.0162324552 0.0115962444
v 0.062368666 -0.0152889134 0.0125952836
v 0.0609204941 -0.0128622303 0.0155431902
v 0.0621648925 -0.0138529187 0.0148203035
v 0.063106733 -0.0113886981 0.0157271046
v 0.0627605778 -0.0105085313 0.0165177335
v 0.0614385186 -0.00838857349 0.0167989201
v 0.0638400614 -0.0022682491 0.0168273953
v 0.0618175427 0.00263368124 0.0171274834
v 0.0633801327 0.00756663621 0.0167014819
v 0.0610902895 0.011593466 0.0161931443
v 0.0623702584 0.0128967669 0.015621238
v 0.0628907513 0.0126829644 0.0151413507
v 0.0604969727 0.0153083553 0.012791231
v 0.062295246 0.0155624493 0.011805987
v 0.0617321741 0.0158511593 0.0120854347
v 0.0596045384 0.018762325 0.00246275977
v 0.0607180741 0.0194293456 0.00107295264
v 0.0607193546 0.0210911089 -0.00714791095
v 0.0578360669 0.0237590262 -0.0179832292
v 0.0591060358 0.0241048235 -0.0181161609
v 0.0591112162 0.0254332023 -0.023297983
v 0.0562640407 0.0272316383 -0.0277483079
v 0.0569926783 0.0285706416 -0.0297495688
v 0.0578305078 0.0279595602 -0.0289800606
v 0.0542074416 0.0296040369 -0.0325753412
v 0.0552659886 0.0308328909 -0.0337808713
v 0.0527614292 0.0319155358 -0.0351786119
v 0.0499339339 0.0318827675 -0.036490956
v 0.0514678454 0.0328921874 -0.0365634565
v 0.0470171391 0.0335889502 -0.0378319324
v 0.0446632941 0.0327843019 -0.0389140419
v 0.0452264386 0.0343618721 -0.039181413
v 0.0444603182 -0.0332544694 -0.0395031704
v 0.044494486 -0.0327669627 -0.045550277
v 0.0457731977 -0.032676959 -0.0382591708
v 0.0439692463 -0.0327088482 -0.0601581065
v 0.0426195591 -0.0329574009 -0.0545587798
v 0.0419293821 -0.0328005197 -0.0601285545
v 0.0480249348 -0.0320528388 -0.0602079264
v 0.0497652013 -0.0319111583 -0.0365202635
v 0.0441273877 -0.0322865808 -0.0976077397
v 0.0514985031 -0.0305788459 -0.0602499
v 0.0482591478 -0.0307611788 -0.0992052141
v 0.051413578 -0.0292891504 -0.0867534662
v 0.0392478687 -0.0329104916 -0.100006047
v 0.038055735 -0.0331804996 -0.0830117089
v 0.0463024914 -0.02950495 -0.130329607
v 0.0436951897 -0.0285901993 -0.151505822
v 0.0400112357 -0.030207482 -0.148583623
v 0.0423409887 -0.0311728966 -0.129353383
v 0.0365675339 -0.0322867589 -0.126239331
v 0.0328900029 -0.0317413186 -0.142662926
v 0.0349136388 -0.0312721384 -0.144783303
v -0.018307122 -0.00897637161 -0.112523104
v -0.00218598527 -0.0102016626 -0.112268887
v -0.00222273175 5.94554354e-05 -0.11407478
v -0.0182201678 -0.000664176151 -0.113796757
v -0.0181906122 0.00846028183 -0.112661626
v -0.00218586537 0.0103195458 -0.112262974
v -0.018140416 0.0154574793 -0.109509751
v -0.0020798138 0.0193410653 -0.107052014
v -0.0180475447 0.0211654885 -0.105225632
v -0.00191738409 0.0260359053 -0.0990703935
v -0.0178817174 0.0266099391 -0.0978563796
v -0.0177011531 0.0294272569 -0.0903533772
v -0.0017181534 0.0295965378 -0.0892808428
v -0.0175670514 0.0300508268 -0.0830408302
v -0.00150615828 0.0295935401 -0.0788641104
v -0.017435342 0.0293054108 -0.0766224752
v -0.00130697399 0.0260272324 -0.0690766086
v -0.0186591902 0.0309622277 -0.0868464995
v -0.0177011531 0.0294272569 -0.0903533772
v -0.0184773843 0.0304588362 -0.0772660831
v -0.0176529788 0.0278672392 -0.0716755516
v -0.0176529788 0.0278672392 -0.0716755516
v -0.0188413159 0.028420238 -0.0962977007
v -0.0178817174 0.0266099391 -0.0978563796
v -0.0189940422 0.0230930729 -0.104440469
v -0.0180475447 0.0211654885 -0.105225632
v -0.0191167942 0.0159505141 -0.110314367
v -0.018140416 0.0154574793 -0.109509751
v -0.0181906122 0.00846028183 -0.112661626
v -0.019202868 0.00698067065 -0.113959657
v -0.0192276433 -0.00236278943 -0.114662619
v -0.0182201678 -0.000664176151 -0.113796757
v -0.018950832 -0.00703039934 -0.113636057
v -0.018307122 -0.00897637161 -0.112523104
v -0.0238172298 0.0285518131 -0.0958014338
v -0.023616709 0.0309623001 -0.0859605439
v -0.0184773843 0.0304588362 -0.0772660831
v -0.0234128672 0.0300696303 -0.0758681796
v -0.0232772197 0.02625094 -0.0690674642
v -0.0231109373 0.0193399764 -0.0606693677
v -0.0239930092 0.0230957689 -0.104339269
v -0.0189940422 0.0230930729 -0.104440469
v -0.0191167942 0.0159505141 -0.110314367
v -0.0241212997 0.0155069204 -0.110474753
v -0.019202868 0.00698067065 -0.113959657
v -0.0241965076 0.00638623321 -0.113947236
v -0.0192276433 -0.00236278943 -0.114662619
v -0.00114461833 0.0193278042 -0.0610988529
v -0.0242084187 -0.00589245749 -0.11411648
v -0.018950832 -0.00703039934 -0.113636057
v -0.018307122 -0.00897637161 -0.112523104
v -0.0229670089 0.00603621974 -0.0531082449
v -0.00208003671 -0.0192261929 -0.107063132
v -0.00218598527 -0.0102016626 -0.112268887
v -0.024062197 -0.0192140061 -0.106633338
v -0.00191767823 -0.025925605 -0.0990853761
v -0.0238994885 -0.026013614 -0.09841586
v -0.0181714412 -0.0281091039 -0.0950126909
v -0.023778716 -0.0297836689 -0.0922430481
v -0.0187515211 -0.0304650066 -0.0895495934
v -0.0235393427 -0.0307920002 -0.0804994314
v -0.0185205167 -0.0306804477 -0.079623115
v -0.0183388654 -0.0280970054 -0.0707188156
v -0.0233470263 -0.0282970394 -0.0710660301
v -0.0181793885 -0.0229949366 -0.0629768881
v -0.0231783628 -0.0229922551 -0.0628756883
v -0.0180559321 -0.0157971387 -0.0570700679
v -0.0230500694 -0.0154034211 -0.056740205
v -0.0179803749 -0.00716948646 -0.0535669329
v -0.0229748688 -0.00628274848 -0.0532677164
v -0.0179718935 0.00256693208 -0.0527667289
v -0.0177146087 0.0072554335 -0.0538404798
v -0.0170671025 0.0092355294 -0.055048021
v -0.00103867214 0.0103032732 -0.0558930857
v -0.00100192038 4.21403944e-05 -0.0540871988
v -0.0169290667 0.000675423437 -0.0537235814
v -0.00103879176 -0.0102179344 -0.0558989996
v -0.0169674553 -0.00854691974 -0.0548999757
v -0.00112398589 -0.0182002784 -0.0601482112
v -0.0170341432 -0.0152661815 -0.0579846266
v -0.017128394 -0.0210243467 -0.0622897409
v -0.00130727358 -0.0259342779 -0.0690915796
v -0.0173032552 -0.0265855212 -0.0698188145
v -0.00150650109 -0.0294949104 -0.078881142
v -0.017487894 -0.0294725892 -0.0778514426
v -0.00171849621 -0.0294919011 -0.0892978744
v -0.0176037097 -0.0299360153 -0.0842775335
v -0.017781393 -0.0291277466 -0.0910906005
v -0.00191767823 -0.025925605 -0.0990853761
v -0.0181714412 -0.0281091039 -0.0950126909
v -0.00140575018 0.00803664285 -0.292131607
v 0.0027203578 0.00803662866 -0.292483857
v -0.000763697703 0.018770367 -0.291938661
v 0.00461780851 0.0191870339 -0.293289055
v 0.0061175226 0.00803664351 -0.294851954
v 0.00777513535 0.019457921 -0.297760172
v 0.00787549436 0.00803664366 -0.298601389
v 0.00760562882 0.0194669213 -0.302914996
v 0.0075232296 0.00803664363 -0.30272752
v 0.00515511604 0.00803664343 -0.306124683
v 0.00430422675 0.0191482312 -0.306838495
v 0.00140568648 0.0080366431 -0.307882624
v -0.000898170208 0.0185985263 -0.308119063
v -0.00272042105 0.00803664274 -0.307530374
v -0.00576795077 0.018124714 -0.305692665
v -0.00611758585 0.00803664244 -0.305162277
v -0.00787556053 0.00803664229 -0.301412842
v -0.00799354832 0.0179871168 -0.301479851
v -0.00752329285 0.00803662777 -0.297286734
v -0.00757622414 0.018111914 -0.297387061
v -0.00515518038 0.00803664252 -0.293889572
v -0.0054337566 0.0183580206 -0.293965847
v -0.00140575018 0.00803664285 -0.292131607
v -0.000763697703 0.018770367 -0.291938661
v 0.0412830127 0.0276803715 -0.051571225
v 0.0348655104 0.0277980436 -0.0922480773
v 0.0290607253 0.0276802337 -0.0513137435
v 0.0272052193 0.0279409602 -0.142488605
v 0.0311280227 0.0279283557 -0.138111738
v 0.0323929538 0.0279988074 -0.142550922
v 0.0289348861 0.0277988347 -0.153794372
v 0.0338726711 0.0279408269 -0.144333579
v 0.0416939937 0.0277540567 -0.150217814
v 0.0277279736 0.0270525542 -0.154098542
v 0.0270479191 0.0259266375 -0.154081639
v 0.0274820145 0.0239536627 -0.164559693
v 0.0268513957 0.0229384322 -0.164433918
v 0.0271040751 0.0239063515 -0.185995211
v 0.0263152944 0.0228181795 -0.189534039
v 0.0285459312 0.0245597384 -0.18100692
v 0.0285161114 0.0246064966 -0.164616539
v 0.0327651746 0.0245514093 -0.175855169
v 0.0399007179 0.0245156005 -0.173147733
v 0.0395373594 0.0247615017 -0.164576853
v 0.040875239 0.027702959 -0.154240348
v 0.0411625436 0.0242322719 -0.165224588
v 0.041687405 0.023723457 -0.172598229
v 0.0425093059 0.023360151 -0.164800859
v 0.0427277739 0.0224809534 -0.172126025
v 0.0428578823 0.0258470661 -0.156441145
v 0.0433451997 0.0260039445 -0.152642012
v 0.0438214957 0.0241457552 -0.155159214
v 0.0433337623 0.021213326 -0.166550616
v 0.0432314799 0.0205816069 -0.171602098
v 0.0436871613 0.0223308243 -0.159452087
v 0.0351488935 -0.0280217208 -0.0896352518
v 0.0412677236 -0.028127338 -0.0517334091
v 0.0290574851 -0.0281275196 -0.0514732674
v 0.0272019762 -0.0278668076 -0.142648141
v 0.0310631872 -0.0278803085 -0.138062425
v 0.0325145486 -0.0278647495 -0.142956059
v 0.0289295038 -0.0277256044 -0.153814745
v 0.0410655567 -0.0277970096 -0.149758114
v 0.0277067529 -0.0269890098 -0.153801858
v 0.0270593992 -0.0259230414 -0.153931626
v 0.0274604877 -0.0238531507 -0.164525339
v 0.0268549969 -0.0228816838 -0.164678658
v 0.0264596767 -0.0232022378 -0.188768504
v 0.0286116112 -0.0244907719 -0.180741714
v 0.028481907 -0.0245283508 -0.164578133
v 0.0335539742 -0.0244925584 -0.175548205
v 0.040247666 -0.0243766271 -0.173036056
v 0.0405776481 -0.0244544987 -0.165488955
v 0.0408698043 -0.0277641979 -0.152851187
v 0.0425525644 -0.0268217867 -0.153502612
v 0.0431442162 -0.0263302578 -0.151910714
v 0.0437434697 -0.0250271803 -0.153895549
v 0.042205044 -0.0234797851 -0.165489025
v 0.0427210519 -0.0225275412 -0.172150694
v 0.0430824167 -0.0221149289 -0.166357448
v 0.0438257548 -0.0228041075 -0.157289603
v 0.0432435354 -0.0204900169 -0.171574869
v 0.0290607253 0.0276802337 -0.0513137435
v 0.0290574851 -0.0281275196 -0.0514732674
v 0.0412830127 0.0276803715 -0.051571225
v 0.0412677236 -0.028127338 -0.0517334091
v -0.0185175655 -0.0148799141 -0.0506551529
v -0.0150717941 -0.0156640423 -0.0498422596
v -0.0203458869 -0.0159275838 -0.0498209789
v -0.0174276315 -0.0133331429 -0.0509926642
v -0.0143021494 -0.0125760894 -0.0502111623
v 0.00450202707 -0.0156915175 -0.0503886433
v -0.0180587515 0.0091522618 -0.0516021624
v -0.01425108 0.0106220972 -0.0502724142
v -0.0172130517 0.0181343988 -0.050780602
v -0.0211446641 0.0256536423 -0.0515836524
v -0.0190852442 0.0322526217 -0.0502560113
v -0.0228448157 0.030335261 -0.051557913
v -0.0248702445 0.0319004037 -0.0519826775
v -0.0183609781 0.0345003892 -0.0501061091
v -0.000834287523 0.0346687563 -0.0504799827
v 0.00764907079 0.0346150838 -0.0499773945
v -0.0241554635 0.0348670911 -0.0519007852
v 0.014723392 0.034611851 -0.0484367105
v -0.028172211 0.0333059555 -0.0539067085
v 0.0145448182 -0.0156947064 -0.0484316552
v -0.0285878516 0.0343040189 -0.0542847614
v -0.0284833748 0.0350613704 -0.0549472345
v -0.0319080573 0.0334234939 -0.0576978899
v -0.0321620203 0.0345831476 -0.0587123737
v -0.0343737367 0.0334631622 -0.0630421913
v -0.0339920546 0.0346335 -0.0638934376
v -0.035085145 0.0344702565 -0.0710129971
v -0.0349623209 0.0331734684 -0.0659318233
v -0.0355418073 0.0332700872 -0.0722869125
v -0.0347414288 0.0343428516 -0.0810537371
v -0.0349324837 0.0332334747 -0.0821576046
v -0.0305407186 0.033167194 -0.103517831
v -0.0309339435 0.0346743125 -0.0999513315
v -0.027921371 0.0337366863 -0.112112926
v -0.0231712882 0.0331945552 -0.12475712
v -0.0261510491 0.0349537243 -0.115495815
v -0.0208595391 0.0349599093 -0.12946577
v -0.0231712882 0.0331945552 -0.12475712
v -0.015360392 0.0330638127 -0.144673011
v -0.0156292387 0.0344796296 -0.142024329
v -0.0126047306 0.0319000031 -0.154659571
v -0.0108315456 0.0322662575 -0.159147126
v -0.0108944851 0.0270417474 -0.173521147
v -0.0113926206 0.0290592453 -0.168534706
v -0.0100126487 0.0303901258 -0.167880766
v -0.00953126405 0.0295981902 -0.171350548
v -0.0112068347 0.0274975571 -0.173390785
v -0.0107139293 0.0275189571 -0.175411231
v -0.00970203065 0.0281654581 -0.176298001
v -0.0111098228 0.0260976104 -0.177588058
v -0.0105331937 0.0263543994 -0.179868308
v -0.0096017424 0.027221813 -0.179746246
v -0.00979524039 0.0240116852 -0.191480538
v -0.0107289282 0.022434486 -0.194129255
v -0.0100977548 0.021247252 -0.206488371
v -0.0110751682 0.0193843084 -0.210868544
v -0.0111882788 0.0188600859 -0.221538008
v -0.0108914663 0.0190240874 -0.228092005
v -0.0115131087 0.0181225075 -0.223853416
v -0.0118769197 0.0176679333 -0.237446208
v -0.0114726334 0.0185665766 -0.237304484
v -0.011920459 0.016991569 -0.255753635
v -0.0116293713 0.0180681488 -0.2587097
v -0.00949156927 0.0205716925 -0.214260048
v -0.0101494103 0.0195341394 -0.232175249
v -0.0116293713 0.0180681488 -0.2587097
v -0.0108618581 0.017862945 -0.293720816
v -0.0119981655 0.0172437115 -0.293957256
v -0.0114417628 0.0172624573 -0.301562506
v -0.00925394207 0.0177534216 -0.305094477
v -0.0100243989 0.0166458171 -0.306759356
v -0.00663135809 0.0179254255 -0.308405957
v -0.00602424846 0.016913011 -0.310462294
v -0.00111390798 0.0184484713 -0.311063323
v -0.00307943919 0.0166384268 -0.311808405
v 7.89011782e-05 0.0177466267 -0.312021258
v 0.00455744466 0.0187758055 -0.310498965
v 0.00313154554 0.0172824703 -0.311832968
v 0.00620217243 0.0176219348 -0.310521666
v 0.00774750426 0.0184662487 -0.309213251
v 0.00651561835 0.0193466394 -0.308143348
v 0.00986909482 0.0196675517 -0.303991465
v 0.0105555182 0.0190874047 -0.305131124
v 0.0105144644 0.0181957346 -0.306157814
v 0.0115693079 0.01912135 -0.301762018
v 0.0121033749 0.0178844038 -0.302105281
v 0.0120098075 0.0182598389 -0.29797696
v 0.0112875064 0.0194666248 -0.298671913
v 0.00896897171 0.0178362134 -0.288172159
v 0.00701261573 0.0193329156 -0.286076148
v 0.00808028541 0.0191498991 -0.288386689
v 0.00854176086 0.0188536949 -0.285028457
v 0.00933433027 0.0180458425 -0.284322514
v 0.0158139226 0.0191690778 -0.26809657
v 0.016277455 0.0177379712 -0.268459041
v 0.0211035409 0.0188867318 -0.231657643
v 0.00777513535 0.019457921 -0.297760172
v 0.00760562882 0.0194669213 -0.302914996
v 0.00461780851 0.0191870339 -0.293289055
v 0.00430422675 0.0191482312 -0.306838495
v -0.000898170208 0.0185985263 -0.308119063
v -0.00576795077 0.018124714 -0.305692665
v -0.00799354832 0.0179871168 -0.301479851
v -0.00757622414 0.018111914 -0.297387061
v -0.0054337566 0.0183580206 -0.293965847
v -0.000763697703 0.018770367 -0.291938661
v -0.00382521055 0.0195933866 -0.233435677
v 0.0146270378 0.0197457381 -0.267571956
v 0.0204098728 0.0198175916 -0.229904545
v 0.0227112378 0.0206357252 -0.215776567
v 0.023737158 0.0203506518 -0.211792183
v 0.024277325 0.0220117879 -0.204798044
v 0.0261127404 0.0239162467 -0.193204638
v -0.00639654152 0.0227019331 -0.199062726
v 0.0257288318 0.0241358598 -0.193538598
v 0.0262697526 0.0246309203 -0.189669454
v -0.0100977548 0.021247252 -0.206488371
v -0.0108914663 0.0190240874 -0.228092005
v -0.00979524039 0.0240116852 -0.191480538
v -0.00487113846 0.0267663442 -0.183450175
v -0.0096017424 0.027221813 -0.179746246
v -0.00970203065 0.0281654581 -0.176298001
v 0.0256691164 0.0248573888 -0.189868803
v 0.0277435064 0.026012392 -0.184650102
v 0.0322001319 0.0308154703 -0.165891484
v 0.0296577118 0.0267932741 -0.181121961
v 0.0345282029 0.0272818988 -0.176514732
v 0.0372090557 0.0272454203 -0.174963067
v 0.0137162862 0.0313058944 -0.166272814
v 0.028696112 0.0327816171 -0.156135915
v -0.00565516616 0.0307390083 -0.168448442
v -0.00953126405 0.0295981902 -0.171350548
v -0.0100126487 0.0303901258 -0.167880766
v -0.00524433408 0.0322604751 -0.161189272
v -0.0108315456 0.0322662575 -0.159147126
v -0.0073715725 0.0341260566 -0.147934468
v -0.0156292387 0.0344796296 -0.142024329
v 0.0401722416 0.030024813 -0.161608681
v 0.0403894961 0.0264752692 -0.173654687
v -0.0154629584 0.0354059318 -0.131522189
v -0.0208595391 0.0349599093 -0.12946577
v -0.0261510491 0.0349537243 -0.115495815
v -0.0167768422 0.0357729921 -0.106578739
v -0.0309339435 0.0346743125 -0.0999513315
v -0.0347414288 0.0343428516 -0.0810537371
v -0.035085145 0.0344702565 -0.0710129971
v -0.0339920546 0.0346335 -0.0638934376
v 0.031460772 0.0346034327 -0.131293561
v -0.00419238555 0.0359677357 -0.106165453
v 0.0312143965 0.0340484547 -0.138810801
v 0.0320866471 0.0337474804 -0.142014376
v 0.0388398243 0.0326166633 -0.148483785
v 0.0428990579 0.031299206 -0.150999287
v 0.0352525704 0.0352579374 -0.089318346
v 0.0457370162 0.0294763926 -0.153297582
v -0.00548979536 0.0356747211 -0.0673783186
v 0.0432868138 0.0346147901 -0.0408853404
v 0.0069390406 0.0351260742 -0.0510550977
v -0.0184895342 0.0352738322 -0.0506699318
v 0.0431020373 0.0253867832 -0.172339426
v 0.0470640521 0.027545144 -0.154866592
v 0.0444204933 0.0240642762 -0.17249767
v -0.0284833748 0.0350613704 -0.0549472345
v -0.0241554635 0.0348670911 -0.0519007852
v -0.0321620203 0.0345831476 -0.0587123737
v 0.0472939233 0.0234473538 -0.163407938
v 0.0460032297 0.0216001903 -0.172130158
v 0.0475438085 0.0259481412 -0.156416721
v 0.0477027738 0.0246845518 -0.158484199
v 0.047697874 -0.0239841889 -0.160210067
v 0.0432435354 -0.0204900169 -0.171574869
v 0.0459756488 -0.021496708 -0.172182359
v 0.0438257548 -0.0228041075 -0.157289603
v 0.0477136135 -0.0252568383 -0.157301186
v 0.0472471229 -0.0272092776 -0.155106559
v 0.0437434697 -0.0250271803 -0.153895549
v 0.0453867188 -0.0281488541 -0.153081247
v 0.0455913829 -0.029545838 -0.153241842
v 0.0431442162 -0.0263302578 -0.151910714
v 0.043225975 -0.0309793008 -0.151660875
v 0.0410655567 -0.0277970096 -0.149758114
v 0.0402069941 -0.032187727 -0.149151788
v 0.0325145486 -0.0278647495 -0.142956059
v 0.034760221 -0.0332325055 -0.145169825
v 0.0319637446 -0.0336694969 -0.1418364
v 0.0310631872 -0.0278803085 -0.138062425
v 0.031134009 -0.0339913038 -0.138802396
v 0.0315535786 -0.0345668466 -0.129926321
v 0.0342794114 -0.0352401402 -0.0973833608
v 0.0351488935 -0.0280217208 -0.0896352518
v 0.0399970218 -0.0347866089 -0.0581714499
v 0.0412677236 -0.028127338 -0.0517334091
v 0.0442759513 -0.0340622316 -0.0381254184
v 0.0446413321 -0.0301233774 -0.0366299821
v 0.0446147328 -0.0157588384 -0.0367469183
v 0.0439481059 -0.00705358013 -0.0394174072
v 0.0425901066 -0.00696038833 -0.0455253496
v 0.0425975618 0.00701238541 -0.0455248985
v 0.0412830127 0.0276803715 -0.051571225
v 0.0438483053 0.0341354937 -0.0400637946
v 0.0438280165 0.00717039749 -0.0400699733
v 0.0432868138 0.0346147901 -0.0408853404
v 0.0352525704 0.0352579374 -0.089318346
v 0.0348655104 0.0277980436 -0.0922480773
v 0.031460772 0.0346034327 -0.131293561
v 0.0311280227 0.0279283557 -0.138111738
v 0.0312143965 0.0340484547 -0.138810801
v 0.0323929538 0.0279988074 -0.142550922
v 0.0320866471 0.0337474804 -0.142014376
v 0.0338726711 0.0279408269 -0.144333579
v 0.0388398243 0.0326166633 -0.148483785
v 0.0416939937 0.0277540567 -0.150217814
v 0.0428990579 0.031299206 -0.150999287
v 0.0433451997 0.0260039445 -0.152642012
v 0.0457370162 0.0294763926 -0.153297582
v 0.0470640521 0.027545144 -0.154866592
v 0.0438214957 0.0241457552 -0.155159214
v 0.0475438085 0.0259481412 -0.156416721
v 0.0477027738 0.0246845518 -0.158484199
v 0.0436871613 0.0223308243 -0.159452087
v 0.0472939233 0.0234473538 -0.163407938
v 0.0433337623 0.021213326 -0.166550616
v 0.0432314799 0.0205816069 -0.171602098
v 0.0460032297 0.0216001903 -0.172130158
v -0.0069547462 0.0282172399 -0.169510907
v -0.00310487977 0.0313685389 -0.157420733
v -0.00335241995 0.0282172402 -0.169584225
v -0.0108944851 0.0270417474 -0.173521147
v -0.00703480928 0.0270410318 -0.173419411
v -0.0126047306 0.0319000031 -0.154659571
v -0.0104759843 0.0269891307 -0.175343687
v -0.00708248861 0.0267999153 -0.175715587
v -0.0108503897 0.0256037999 -0.177587057
v -0.00712670595 0.0256124878 -0.177884614
v -0.00284561445 0.0330454405 -0.144491927
v -0.015360392 0.0330638127 -0.144673011
v -0.0231712882 0.0331945552 -0.12475712
v -0.00108756936 0.032816542 -0.0583056244
v -0.0321061525 0.0330063515 -0.0587095506
v -0.0305407186 0.033167194 -0.103517831
v -0.0349324837 0.0332334747 -0.0821576046
v -0.0355418073 0.0332700872 -0.0722869125
v -0.0349623209 0.0331734684 -0.0659318233
v -0.0224963003 0.0305863456 -0.0543206232
v -0.0287895032 0.0320619325 -0.0561517722
v -0.00101873789 0.0306934845 -0.0549134915
v -0.000973374783 0.0269705633 -0.0526872289
v -0.0213370711 0.0267014937 -0.0522650487
v -0.0183252774 0.0119119568 -0.0522122136
v -0.000971059857 3.66418707e-05 -0.052570831
v -0.0181653491 -0.00216533403 -0.0521321199
v -0.000999738866 -0.00928078598 -0.0539800851
v -0.0201503418 -0.00911487763 -0.0534615945
v -0.00109511392 -0.0188974737 -0.0586707378
v -0.0243017408 -0.0147685721 -0.0556685787
v -0.027395827 -0.0168620371 -0.0569326396
v -0.0306299202 -0.0183488749 -0.0578234496
v -0.0359559037 -0.0186318781 -0.0578850566
v -0.00109924789 -0.0215170979 -0.0588697614
v -0.0363487005 -0.0203716775 -0.0582310138
v -0.0362752277 -0.0224956605 -0.0578381645
v -0.00107305949 -0.0250965358 -0.057581329
v -0.0362770727 -0.0243081772 -0.0568946125
v -0.0361930555 -0.027089508 -0.0575944374
v -0.001112442 -0.0279622968 -0.0594828918
v -0.0361314077 -0.0284748387 -0.0603452674
v -0.00116872943 -0.0281063608 -0.0622854976
v -0.0362070369 -0.0277544869 -0.0624294626
v -0.00120606306 -0.0264410658 -0.0641197257
v -0.0358054188 -0.0264645236 -0.0633790798
v -0.0357468706 -0.0260353702 -0.0653149327
v -0.00124460157 -0.0259930793 -0.0660092512
v -0.00141183475 -0.0298879751 -0.0742293661
v -0.0359198344 -0.0290413535 -0.0705925981
v -0.0348764357 -0.0309488505 -0.0773226027
v -0.00173347748 -0.0328427852 -0.0900285668
v -0.0345944865 -0.0318671199 -0.0840935973
v -0.0336195459 -0.0328218652 -0.0887991162
v -0.0299298554 -0.0330624313 -0.10571843
v -0.0139794648 -0.0324426609 -0.149555318
v -0.00277176189 -0.0329633362 -0.141052494
v -0.00302717974 -0.0320026275 -0.153603079
v -0.0114152458 -0.0296972702 -0.164027535
v -0.00335267732 -0.0281443298 -0.169600116
v -0.00698628546 -0.0281390857 -0.169526553
v -0.010953209 -0.0270065366 -0.173222565
v -0.00706275733 -0.027003914 -0.173319131
v -0.0104227982 -0.0271012783 -0.175083382
v -0.00710569348 -0.0269880292 -0.175413734
v 0.0427210519 -0.0225275412 -0.172150694
v 0.0459756488 -0.021496708 -0.172182359
v 0.0432435354 -0.0204900169 -0.171574869
v 0.0438993178 -0.024153348 -0.172628893
v 0.0441806936 -0.0244806366 -0.17230591
v 0.040247666 -0.0243766271 -0.173036056
v 0.0383471308 -0.0269848354 -0.174426194
v 0.0335539742 -0.0244925584 -0.175548205
v 0.0334193401 -0.0275313214 -0.176985981
v 0.029962227 -0.0268099862 -0.18077913
v 0.0286116112 -0.0244907719 -0.180741714
v 0.0279219029 -0.0259198806 -0.184281671
v 0.0262941779 -0.024651466 -0.189413445
v 0.0264596767 -0.0232022378 -0.188768504
v 0.0260905849 -0.0239098043 -0.193305721
v 0.0432314799 0.0205816069 -0.171602098
v 0.0460032297 0.0216001903 -0.172130158
v 0.0444204933 0.0240642762 -0.17249767
v 0.0427277739 0.0224809534 -0.172126025
v 0.041687405 0.023723457 -0.172598229
v 0.0403894961 0.0264752692 -0.173654687
v 0.0399007179 0.0245156005 -0.173147733
v 0.0327651746 0.0245514093 -0.175855169
v 0.0372090557 0.0272454203 -0.174963067
v 0.0345282029 0.0272818988 -0.176514732
v 0.0296577118 0.0267932741 -0.181121961
v 0.0285459312 0.0245597384 -0.18100692
v 0.0277435064 0.026012392 -0.184650102
v 0.0271040751 0.0239063515 -0.185995211
v 0.0262697526 0.0246309203 -0.189669454
v 0.0263152944 0.0228181795 -0.189534039
v 0.0261127404 0.0239162467 -0.193204638
v -0.0111393534 -0.0188766421 -0.221558567
v -0.0117252631 -0.0178238751 -0.234594895
v -0.0114762259 -0.018187136 -0.223690271
v -0.0101761955 -0.0200676915 -0.218234304
v -0.0109044431 -0.0207242071 -0.202273508
v -0.0100175148 -0.0210194595 -0.208249572
v -0.00979761763 -0.023861498 -0.191797724
v -0.0104075238 -0.0262129915 -0.180520525
v -0.00634319406 -0.0204787551 -0.214263215
v -0.0102370546 -0.0195462106 -0.228733383
v -0.0107234029 -0.0192337941 -0.237591425
v -0.00196132618 -0.0193622707 -0.241687824
v -0.00915134752 -0.022810013 -0.197696802
v -0.0116064096 -0.0180063255 -0.258728117
v -0.0119858908 -0.0173265343 -0.256107328
v -0.0101043819 -0.0275016422 -0.177229708
v -0.00963577313 -0.0270065656 -0.180104829
v 0.0243159365 -0.0222552386 -0.203038147
v -0.00602095669 -0.0261491839 -0.184937858
v 0.0225786574 -0.0205491461 -0.216332474
v -0.00940057626 -0.0280022018 -0.176962197
v -0.0108950399 -0.0176652082 -0.298521155
v -0.0120883756 -0.0169153816 -0.297627924
v -0.012011981 -0.0172472599 -0.261103781
v -0.0121549703 -0.016844035 -0.276444247
v -0.0124272964 -0.0153519515 -0.279041869
v -0.012551513 -0.0156754566 -0.29875685
v -0.00890684232 -0.017690182 -0.305867544
v -0.0108609267 -0.0169684887 -0.304312212
v -0.011209515 -0.0157700483 -0.305045024
v -0.00745681095 -0.0172044928 -0.309019
v -0.00857499986 -0.0160323391 -0.308643701
v -0.00608616941 -0.0162390765 -0.310559687
v -0.00393510079 -0.017926723 -0.310550747
v -0.00328001698 -0.0165076856 -0.311749359
v -0.00030642323 -0.0181609983 -0.311429729
v -4.09162903e-05 -0.0167162114 -0.31223665
v 0.00406428236 -0.0178706334 -0.311351405
v 0.00316548305 -0.0189145791 -0.310060871
v 0.00681806437 -0.0192608824 -0.308306003
v 0.00873859333 -0.0185041419 -0.308327004
v 0.00958588231 -0.0194009225 -0.305391941
v 0.0111074116 -0.0185552524 -0.304855127
v 0.0103535948 -0.0196307292 -0.301530468
v 0.0118659338 -0.0187772199 -0.30204996
v 0.0112403638 -0.0193219171 -0.298150233
v 0.0121275524 -0.0180484338 -0.29825517
v 0.0094185839 -0.0177958303 -0.28981443
v 0.00807860363 -0.019044309 -0.288212183
v 0.00842493338 -0.0188637663 -0.285214605
v 0.00697707533 -0.019256412 -0.28619587
v 0.00896271533 -0.0179063361 -0.286838878
v 0.00931106637 -0.0180693553 -0.28436773
v 0.0137046126 -0.0178473873 -0.274531031
v 0.0161507809 -0.0184279663 -0.268089818
v 0.0149828952 -0.0196284631 -0.267730025
v 0.0169989262 -0.0184153599 -0.263336324
v 0.0209567096 -0.0194258664 -0.229676208
v 0.020634728 -0.0185880632 -0.235478883
v 0.0241057718 -0.0210460691 -0.208479981
v 0.0197075427 -0.0198355597 -0.229738117
v 0.0260905849 -0.0239098043 -0.193305721
v 0.0254860664 -0.0246769755 -0.1904996
v 0.0262941779 -0.024651466 -0.189413445
v 0.0279219029 -0.0259198806 -0.184281671
v 0.0277435812 -0.0305148341 -0.168351294
v -0.00586600058 -0.0306854554 -0.168342993
v 0.0281470036 -0.0263201572 -0.183414132
v 0.029962227 -0.0268099862 -0.18077913
v 0.0334193401 -0.0275313214 -0.176985981
v 0.0346145125 -0.0309698544 -0.162992266
v 0.0383471308 -0.0269848354 -0.174426194
v 0.0284784037 -0.0328218307 -0.155265687
v -0.010581036 -0.0325717332 -0.157985266
v 0.0402069941 -0.032187727 -0.149151788
v 0.040338485 -0.0301357178 -0.160928979
v 0.043225975 -0.0309793008 -0.151660875
v 0.034760221 -0.0332325055 -0.145169825
v 0.0455913829 -0.029545838 -0.153241842
v 0.0319637446 -0.0336694969 -0.1418364
v 0.0441806936 -0.0244806366 -0.17230591
v 0.031134009 -0.0339913038 -0.138802396
v 0.0472471229 -0.0272092776 -0.155106559
v 0.0315535786 -0.0345668466 -0.129926321
v -0.0143627765 -0.0353625435 -0.130760134
v 0.0342794114 -0.0352401402 -0.0973833608
v 0.047697874 -0.0239841889 -0.160210067
v 0.0459756488 -0.021496708 -0.172182359
v 0.0477136135 -0.0252568383 -0.157301186
v -0.00754929926 -0.0341188315 -0.147142576
v -0.0167038276 -0.0346201661 -0.139287487
v -0.0203449802 -0.0348902354 -0.130641949
v -0.0137988609 -0.0330499415 -0.150125707
v -0.0249335483 -0.034849019 -0.119270326
v -0.0108729104 -0.0316462809 -0.161322602
v -0.0116314429 -0.0301910633 -0.16429727
v -0.0214769736 -0.0355599525 -0.102998957
v -0.0303787091 -0.034538272 -0.103073788
v -0.0103147508 -0.0286100208 -0.173180655
v -0.0112143569 -0.0274860281 -0.173271215
v -0.0106655256 -0.0273902415 -0.175650173
v -0.00955784013 -0.0295153856 -0.171420199
v -0.010213303 -0.0267563164 -0.177875976
v -0.0104227982 -0.0271012783 -0.175083382
v -0.010183599 -0.0257314163 -0.180429232
v -0.0109044431 -0.0207242071 -0.202273508
v -0.0106230789 -0.020539373 -0.201041298
v -0.0108634913 -0.0183950668 -0.221306086
v -0.0111393534 -0.0188766421 -0.221558567
v -0.0114762259 -0.018187136 -0.223690271
v -0.0112012443 -0.0177008808 -0.224254071
v -0.0117252631 -0.0178238751 -0.234594895
v -0.0119858908 -0.0173265343 -0.256107328
v -0.0117135794 -0.0169486414 -0.256626634
v -0.0116064096 -0.0180063255 -0.258728117
v -0.0113963018 -0.0174748314 -0.259131426
v -0.0116293713 0.0180681488 -0.2587097
v -0.0120780984 0.0171909171 -0.261431746
v -0.0119981655 0.0172437115 -0.293957256
v -0.0122138372 0.0168243485 -0.276435609
v -0.0124712809 0.0158664119 -0.279097143
v -0.0125705918 0.0156556347 -0.298653287
v -0.0114417628 0.0172624573 -0.301562506
v -0.0117482748 0.015800371 -0.303370133
v -0.0100243989 0.0166458171 -0.306759356
v -0.012574721 0.00815890634 -0.29962617
v -0.0109450506 0.00812588528 -0.305545563
v -0.0124951482 0.00807154029 -0.28818131
v -0.00883468163 0.00812731591 -0.30847399
v -0.0123632568 0.00588408003 -0.281245844
v -0.0124128468 0.00617061415 -0.287995627
v -0.0124272964 -0.0153519515 -0.279041869
v -0.01241714 -0.0063495052 -0.281211082
v -0.00857720656 0.0161086464 -0.308691734
v -0.00602424846 0.016913011 -0.310462294
v -0.00560124644 0.0082161571 -0.310954801
v -0.00307943919 0.0166384268 -0.311808405
v -0.00315604409 0.0080946379 -0.311863096
v 7.89011782e-05 0.0177466267 -0.312021258
v 0.0014524677 0.00811378644 -0.312156114
v 0.00313154554 0.0172824703 -0.311832968
v 0.00642780944 0.00812315977 -0.310515449
v 0.00620217243 0.0176219348 -0.310521666
v 0.00774750426 0.0184662487 -0.309213251
v 0.0106076805 0.00817106722 -0.30626494
v 0.0105144644 0.0181957346 -0.306157814
v 0.0121033749 0.0178844038 -0.302105281
v 0.0120819437 0.00812296672 -0.301879738
v 0.0122094476 0.00806376445 -0.299453223
v 0.0120098075 0.0182598389 -0.29797696
v 0.0114631264 0.0082396723 -0.295702112
v 0.00896897171 0.0178362134 -0.288172159
v 0.00905723939 0.0080858176 -0.288618449
v 0.00911832071 0.00364950363 -0.285163685
v 0.00906698374 0.00364522718 -0.288564968
v 0.00933433027 0.0180458425 -0.284322514
v 0.0104911026 0.00355219909 -0.281666173
v 0.016277455 0.0177379712 -0.268459041
v 0.0104951828 -0.00347784061 -0.281675253
v 0.0137046126 -0.0178473873 -0.274531031
v 0.00931106637 -0.0180693553 -0.28436773
v 0.0161507809 -0.0184279663 -0.268089818
v 0.0169989262 -0.0184153599 -0.263336324
v 0.020634728 -0.0185880632 -0.235478883
v 0.0211035409 0.0188867318 -0.231657643
v 0.0241057718 -0.0210460691 -0.208479981
v 0.00912213904 -0.0035603781 -0.28513479
v 0.023737158 0.0203506518 -0.211792183
v 0.00896271533 -0.0179063361 -0.286838878
v 0.0260905849 -0.0239098043 -0.193305721
v 0.0090226378 -0.00801122072 -0.288663735
v 0.00907929529 -0.00358599348 -0.288547715
v 0.0094185839 -0.0177958303 -0.28981443
v 0.0120057935 -0.00811295071 -0.297606643
v 0.0121275524 -0.0180484338 -0.29825517
v 0.0120975623 -0.00803308034 -0.30175948
v 0.0118659338 -0.0187772199 -0.30204996
v 0.0112775604 -0.0080344221 -0.304706488
v 0.0111074116 -0.0185552524 -0.304855127
v 0.00857961784 -0.00809249175 -0.308908988
v 0.00873859333 -0.0185041419 -0.308327004
v 0.0272722332 0.0010365122 -0.135347852
v 0.0264596767 -0.0232022378 -0.188768504
v 0.0261127404 0.0239162467 -0.193204638
v 0.0268549969 -0.0228816838 -0.164678658
v 0.0263152944 0.0228181795 -0.189534039
v 0.0270593992 -0.0259230414 -0.153931626
v 0.0268513957 0.0229384322 -0.164433918
v 0.0270479191 0.0259266375 -0.154081639
v 0.0272052193 0.0279409602 -0.142488605
v 0.0272019762 -0.0278668076 -0.142648141
v 0.0290607253 0.0276802337 -0.0513137435
v 0.0290574851 -0.0281275196 -0.0514732674
v 0.00761747953 -0.0178826733 -0.30950408
v 0.00421958755 -0.00807544529 -0.311502861
v 0.00406428236 -0.0178706334 -0.311351405
v 0.000168700127 -0.00807034956 -0.312257465
v -4.09162903e-05 -0.0167162114 -0.31223665
v -0.00328001698 -0.0165076856 -0.311749359
v -0.00388803639 -0.00806005298 -0.311617786
v -0.00608616941 -0.0162390765 -0.310559687
v -0.00748189198 -0.00806213931 -0.309692742
v -0.00857499986 -0.0160323391 -0.308643701
v -0.0102278915 -0.00805248363 -0.306722871
v -0.011209515 -0.0157700483 -0.305045024
v -0.0119299985 -0.00809210646 -0.303048198
v -0.012551513 -0.0156754566 -0.29875685
v -0.0126184947 -0.00808391088 -0.296890293
v -0.0125299841 -0.00800176022 -0.288158469
v -0.0119614985 -0.0052872459 -0.288042007
v -0.0103573959 -0.00377059059 -0.281296764
v -0.00980189038 -0.00364592756 -0.288175466
v -0.0105331937 0.0263543994 -0.179868308
v -0.0111098228 0.0260976104 -0.177588058
v -0.0108503897 0.0256037999 -0.177587057
v -0.0102941632 0.0258776379 -0.179851986
v -0.0107289282 0.022434486 -0.194129255
v -0.0106131495 0.0211579643 -0.197858992
v -0.0110751682 0.0193843084 -0.210868544
v -0.0358054188 -0.0264645236 -0.0633790798
v -0.0362070369 -0.0277544869 -0.0624294626
v -0.036318592 -0.0266197053 -0.0646322733
v -0.0357468706 -0.0260353702 -0.0653149327
v -0.0359198344 -0.0290413535 -0.0705925981
v -0.0362752277 -0.0224956605 -0.0578381645
v -0.0363487005 -0.0203716775 -0.0582310138
v -0.0362770727 -0.0243081772 -0.0568946125
v -0.0358982919 -0.0273034299 -0.0421217032
v -0.0361930555 -0.027089508 -0.0575944374
v -0.0361797996 -0.01755664 -0.0543388713
v -0.0359559037 -0.0186318781 -0.0578850566
v -0.0357200667 -0.0173952898 -0.0312248128
v -0.0360572044 -0.030599625 -0.0591048563
v -0.0355824689 -0.0260415984 -0.0321608357
v -0.0361314077 -0.0284748387 -0.0603452674
v -0.0362302161 -0.0176778168 -0.0214867963
v -0.0357024954 -0.0331752616 -0.0730513711
v -0.0362070369 -0.0277544869 -0.0624294626
v -0.036318592 -0.0266197053 -0.0646322733
v -0.0359198344 -0.0290413535 -0.0705925981
v -0.035434653 -0.0316416352 -0.0776442641
v -0.0339114602 -0.0332904194 -0.0892966054
v -0.0343492661 -0.0341111155 -0.0848427415
v -0.0303787091 -0.034538272 -0.103073788
v -0.0299298554 -0.0330624313 -0.10571843
v -0.0273921352 -0.0333572936 -0.113676034
v -0.0249335483 -0.034849019 -0.119270326
v -0.0203449802 -0.0348902354 -0.130641949
v -0.0299298554 -0.0330624313 -0.10571843
v -0.0139794648 -0.0324426609 -0.149555318
v -0.0137988609 -0.0330499415 -0.150125707
v -0.0116314429 -0.0301910633 -0.16429727
v -0.0114152458 -0.0296972702 -0.164027535
v -0.0112143569 -0.0274860281 -0.173271215
v -0.010953209 -0.0270065366 -0.173222565
v -0.0104227982 -0.0271012783 -0.175083382
v -0.0106655256 -0.0273902415 -0.175650173
v -0.0184895342 0.0352738322 -0.0506699318
v -0.0183609781 0.0345003892 -0.0501061091
v -0.0241554635 0.0348670911 -0.0519007852
v -0.000834287523 0.0346687563 -0.0504799827
v 0.0069390406 0.0351260742 -0.0510550977
v 0.00764907079 0.0346150838 -0.0499773945
v 0.014723392 0.034611851 -0.0484367105
v 0.0432868138 0.0346147901 -0.0408853404
v 0.0438483053 0.0341354937 -0.0400637946
v -0.035434653 -0.0316416352 -0.0776442641
v -0.0348764357 -0.0309488505 -0.0773226027
v -0.0359198344 -0.0290413535 -0.0705925981
v -0.0345944865 -0.0318671199 -0.0840935973
v -0.0339114602 -0.0332904194 -0.0892966054
v -0.0336195459 -0.0328218652 -0.0887991162
v -0.0299298554 -0.0330624313 -0.10571843
v -0.0123632568 0.00588408003 -0.281245844
v -0.01241714 -0.0063495052 -0.281211082
v -0.0103573959 -0.00377059059 -0.281296764
v -0.00968202035 0.0036578617 -0.281310338
v 0.0104951828 -0.00347784061 -0.281675253
v 0.0104911026 0.00355219909 -0.281666173
v -0.0359559037 -0.0186318781 -0.0578850566
v -0.0356691263 -0.0173076713 -0.0558006985
v -0.0361797996 -0.01755664 -0.0543388713
v -0.035525563 -0.0168712768 -0.0518722809
v -0.0357200667 -0.0173952898 -0.0312248128
v -0.0347453329 -0.016827199 -0.0279239641
v -0.0350445408 -0.0157916876 -0.045583694
v -0.0348540446 -0.0156720607 -0.0243234375
v -0.0360062651 -0.0170147151 -0.0191146668
v -0.0362302161 -0.0176778168 -0.0214867963
v -0.0371479356 -0.0176778765 -0.0154178211
v -0.0380625991 -0.0172016346 -0.0114506212
v -0.036484508 -0.0168618283 -0.014056894
v -0.0370087758 -0.015677365 -0.0119462122
v -0.0388631787 -0.0156792133 -0.00163372606
v -0.03900515 -0.0168421602 -0.00281726407
v -0.0398407471 -0.0176235166 -0.00291448632
v -0.0395441063 -0.0176410997 0.00539387765
v -0.0379051767 -0.0156826111 0.0088002751
v -0.0386893473 -0.0168490738 0.00581239328
v -0.0375071059 -0.017713699 0.0139025957
v -0.0367953456 -0.0168236223 0.013247029
v -0.0342039116 -0.0156874391 0.0186026635
v -0.0339509642 -0.017237576 0.0208004116
v -0.0337053541 -0.0168599814 0.0195865607
v -0.0280265508 -0.01569322 0.0270658988
v -0.0293276112 -0.0172205295 0.0269407552
v -0.0285553731 -0.0168629016 0.0265047071
v -0.0198189767 -0.0156996556 0.033579109
v -0.0222812436 -0.0168469259 0.0322443142
v -0.0236491293 -0.0177192406 0.0323378481
v -0.0161892588 -0.0172236279 0.036436753
v -0.0157034301 -0.0168629004 0.0357041456
v -0.0101736071 -0.0157061522 0.0376721466
v -0.00823552617 -0.0168291626 0.0383221224
v -0.00851892245 -0.0177390284 0.0391946698
v 0.000213345889 -0.0157123504 0.0390495989
v 0.000278450916 -0.0176275076 0.0400553137
v -9.09590776e-05 -0.0168299375 0.0392037327
v 0.0104599493 -0.0157176537 0.0376487034
v 0.00771624623 -0.0172161752 0.0391649519
v 0.00884075927 -0.0168534803 0.0381118152
v 0.0156924885 -0.0168233194 0.0359985308
v 0.0149322937 -0.017750291 0.037246861
v 0.0199780784 -0.0157218846 0.0336038793
v 0.0228285906 -0.0172503273 0.0328441442
v 0.0214205167 -0.01685938 0.0327764923
v 0.0280984313 -0.0157246865 0.027199561
v 0.0289159842 -0.0172124772 0.0276078586
v 0.0282674693 -0.0168628966 0.0270231685
v 0.0342809785 -0.0171900653 0.0206075405
v 0.0342499915 -0.0157258181 0.0188860926
v 0.0335952398 -0.0168591403 0.0201034694
v 0.0370246024 -0.017241266 0.0151232613
v 0.0374548938 -0.0168497234 0.0117910771
v 0.0386791261 -0.0172522918 0.0105827821
v 0.0378731943 -0.0157254002 0.0101873353
v 0.0408096429 -0.0172096153 0.00105314084
v 0.0402851482 -0.0168588414 -0.000788691523
v 0.0413440445 -0.0170862935 -0.00467743703
v 0.0404649632 -0.0157279626 -0.00205452288
v 0.0415014903 -0.0167341488 -0.0200535433
v 0.0412618173 -0.0157498384 -0.0280895008
v 0.00905723939 0.0080858176 -0.288618449
v -0.0124951482 0.00807154029 -0.28818131
v 0.00906698374 0.00364522718 -0.288564968
v -0.00940562346 0.00374099536 -0.288229529
v -0.0111051388 0.00454738632 -0.28818869
v -0.0124128468 0.00617061415 -0.287995627
v -0.0119614985 -0.0052872459 -0.288042007
v -0.0125299841 -0.00800176022 -0.288158469
v -0.00980189038 -0.00364592756 -0.288175466
v 0.0090226378 -0.00801122072 -0.288663735
v 0.00907929529 -0.00358599348 -0.288547715
v -0.0123632568 0.00588408003 -0.281245844
v -0.0111051388 0.00454738632 -0.28818869
v -0.0124128468 0.00617061415 -0.287995627
v -0.00968202035 0.0036578617 -0.281310338
v -0.00940562346 0.00374099536 -0.288229529
v 0.00906698374 0.00364522718 -0.288564968
v 0.00911832071 0.00364950363 -0.285163685
v 0.0104911026 0.00355219909 -0.281666173
v -0.00560124644 0.0082161571 -0.310954801
v -0.00883468163 0.00812731591 -0.30847399
v -0.00315604409 0.0080946379 -0.311863096
v -0.00272042105 0.00803664274 -0.307530374
v 0.0014524677 0.00811378644 -0.312156114
v -0.00611758585 0.00803664244 -0.305162277
v 0.00140568648 0.0080366431 -0.307882624
v -0.0109450506 0.00812588528 -0.305545563
v 0.00642780944 0.00812315977 -0.310515449
v -0.00787556053 0.00803664229 -0.301412842
v 0.00515511604 0.00803664343 -0.306124683
v -0.012574721 0.00815890634 -0.29962617
v 0.0106076805 0.00817106722 -0.30626494
v -0.00752329285 0.00803662777 -0.297286734
v 0.0075232296 0.00803664363 -0.30272752
v 0.0120819437 0.00812296672 -0.301879738
v 0.00787549436 0.00803664366 -0.298601389
v -0.0124951482 0.00807154029 -0.28818131
v -0.00515518038 0.00803664252 -0.293889572
v -0.00140575018 0.00803664285 -0.292131607
v 0.0122094476 0.00806376445 -0.299453223
v 0.00905723939 0.0080858176 -0.288618449
v 0.0027203578 0.00803662866 -0.292483857
v 0.0061175226 0.00803664351 -0.294851954
v 0.0114631264 0.0082396723 -0.295702112
v -0.0109373251 0.0184245092 -0.221580942
v -0.0111882788 0.0188600859 -0.221538008
v -0.0110751682 0.0193843084 -0.210868544
v -0.011278809 0.0176445673 -0.224469276
v -0.0115131087 0.0181225075 -0.223853416
v -0.0118769197 0.0176679333 -0.237446208
v -0.011920459 0.016991569 -0.255753635
v -0.0343737367 0.0334631622 -0.0630421913
v -0.0321061525 0.0330063515 -0.0587095506
v -0.0349623209 0.0331734684 -0.0659318233
v -0.0319080573 0.0334234939 -0.0576978899
v -0.0287895032 0.0320619325 -0.0561517722
v -0.028172211 0.0333059555 -0.0539067085
v -0.0261626002 0.0320235157 -0.0542529451
v -0.0248702445 0.0319004037 -0.0519826775
v -0.0224963003 0.0305863456 -0.0543206232
v -0.0228448157 0.030335261 -0.051557913
v -0.0213370711 0.0267014937 -0.0522650487
v -0.0211446641 0.0256536423 -0.0515836524
v -0.0183252774 0.0119119568 -0.0522122136
v -0.0180587515 0.0091522618 -0.0516021624
v -0.0181653491 -0.00216533403 -0.0521321199
v -0.0174276315 -0.0133331429 -0.0509926642
v -0.019781266 -0.0082542766 -0.0525638578
v -0.0201503418 -0.00911487763 -0.0534615945
v -0.0243017408 -0.0147685721 -0.0556685787
v -0.0201806879 -0.0141522894 -0.052176608
v -0.0185175655 -0.0148799141 -0.0506551529
v -0.0203458869 -0.0159275838 -0.0498209789
v -0.0240978539 -0.01542163 -0.0547759351
v -0.027395827 -0.0168620371 -0.0569326396
v -0.0278674924 -0.0170929746 -0.055285811
v -0.0306299202 -0.0183488749 -0.0578234496
v -0.0121972923 0.0152458091 -0.278987829
v -0.0119668897 0.0161905428 -0.277175917
v -0.00918852737 0.0154869841 -0.278953603
v -0.00914799817 0.016245916 -0.276944577
v -0.0117983451 0.0168090603 -0.261228788
v -0.00883103859 0.0167764861 -0.26143908
v -0.0087817455 0.0175447894 -0.258981972
v -0.0113871735 0.0175740254 -0.258670049
v -0.00872314197 0.0168955019 -0.256081787
v -0.011920459 0.016991569 -0.255753635
v -0.011278809 0.0176445673 -0.224469276
v -0.0080769446 0.0176784983 -0.224366621
v -0.0109373251 0.0184245092 -0.221580942
v -0.00801955845 0.0183911914 -0.221642619
v -0.0110751682 0.0193843084 -0.210868544
v -0.0106131495 0.0211579643 -0.197858992
v -0.00754593313 0.0210360574 -0.198344397
v -0.0102941632 0.0258776379 -0.179851986
v -0.00716490621 0.0259055633 -0.17975847
v -0.0108503897 0.0256037999 -0.177587057
v -0.00712670595 0.0256124878 -0.177884614
v -0.0111098228 0.0260976104 -0.177588058
v -0.0104759843 0.0269891307 -0.175343687
v -0.0108503897 0.0256037999 -0.177587057
v -0.0107139293 0.0275189571 -0.175411231
v -0.0107139293 0.0275189571 -0.175411231
v -0.0108944851 0.0270417474 -0.173521147
v -0.0104759843 0.0269891307 -0.175343687
v -0.0112068347 0.0274975571 -0.173390785
v -0.0113926206 0.0290592453 -0.168534706
v -0.0113963018 -0.0174748314 -0.259131426
v -0.0116064096 -0.0180063255 -0.258728117
v -0.012011981 -0.0172472599 -0.261103781
v -0.0117519463 -0.0167982285 -0.261440896
v -0.0121549703 -0.016844035 -0.276444247
v -0.0118988064 -0.0163360247 -0.276793214
v -0.0124272964 -0.0153519515 -0.279041869
v -0.0120780984 0.0171909171 -0.261431746
v -0.0116293713 0.0180681488 -0.2587097
v -0.0113871735 0.0175740254 -0.258670049
v -0.0117983451 0.0168090603 -0.261228788
v -0.0122138372 0.0168243485 -0.276435609
v -0.0119668897 0.0161905428 -0.277175917
v -0.0124712809 0.0158664119 -0.279097143
v -0.0121972923 0.0152458091 -0.278987829
v -0.0124712809 0.0158664119 -0.279097143
v -0.0121972923 0.0152458091 -0.278987829
v -0.0124272964 -0.0153519515 -0.279041869
v -0.00920685572 -0.0154369475 -0.278975652
v -0.00918852737 0.0154869841 -0.278953603
v 0.0418693103 -0.0156050584 -0.0280975888
v 0.0415455678 -0.0138553041 -0.03289585
v 0.0420356705 -0.0131891625 -0.034997685
v 0.0412424426 -0.0123151353 -0.0357090641
v 0.0426905531 -0.0120676267 -0.0367216882
v 0.0413905634 -0.00972082855 -0.0380273908
v 0.0439481059 -0.00705358013 -0.0394174072
v 0.0411922933 -0.0070220049 -0.039573136
v 0.0418042051 -0.0168677819 -0.0208645826
v 0.0413440445 -0.0170862935 -0.00467743703
v 0.0415014903 -0.0167341488 -0.0200535433
v 0.0418693103 -0.0156050584 -0.0280975888
v 0.0412618173 -0.0157498384 -0.0280895008
v 0.0415455678 -0.0138553041 -0.03289585
v 0.0374629874 -0.0157223603 -0.033947578
v 0.0412424426 -0.0123151353 -0.0357090641
v 0.0361360302 -0.0145891271 -0.0376135227
v 0.0289590897 -0.0156523256 -0.0416876021
v 0.0359145586 -0.0119113296 -0.0405036029
v 0.0413905634 -0.00972082855 -0.0380273908
v 0.0411922933 -0.0070220049 -0.039573136
v 0.0375158276 -0.00703298683 -0.0415454648
v 0.0303472725 -0.013901618 -0.0423315505
v 0.0259274689 -0.0156840956 -0.0441114447
v 0.0347794097 -0.00616311723 -0.0425307924
v 0.0214025159 -0.0156856152 -0.0462745607
v 0.0377965445 0.00708757692 -0.041745964
v 0.0438483053 0.0341354937 -0.0400637946
v 0.0438280165 0.00717039749 -0.0400699733
v 0.0425901066 -0.00696038833 -0.0455253496
v 0.0377965445 0.00708757692 -0.041745964
v 0.0425975618 0.00701238541 -0.0455248985
v 0.0375158276 -0.00703298683 -0.0415454648
v 0.0439481059 -0.00705358013 -0.0394174072
v 0.0446147328 -0.0157588384 -0.0367469183
v 0.0426905531 -0.0120676267 -0.0367216882
v 0.0420356705 -0.0131891625 -0.034997685
v 0.0429959225 -0.0154617685 -0.03568705
v 0.0420687878 -0.0142807031 -0.0341299281
v 0.0446413321 -0.0301233774 -0.0366299821
v 0.0423406219 -0.0305180197 -0.0351559633
v 0.0431590333 -0.0312051436 -0.0361450337
v 0.0442759513 -0.0340622316 -0.0381254184
v 0.0421969976 -0.0322621133 -0.0355593744
v 0.0414365117 -0.0333446507 -0.0357497105
v 0.0425901066 -0.00696038833 -0.0455253496
v 0.0411922933 -0.0070220049 -0.039573136
v 0.0375158276 -0.00703298683 -0.0415454648
v 0.0439481059 -0.00705358013 -0.0394174072
v -0.0118988064 -0.0163360247 -0.276793214
v -0.0124272964 -0.0153519515 -0.279041869
v -0.00920685572 -0.0154369475 -0.278975652
v -0.00915682178 -0.0164530583 -0.276520313
v -0.0117519463 -0.0167982285 -0.261440896
v -0.00884625113 -0.0168240069 -0.261225109
v -0.0113963018 -0.0174748314 -0.259131426
v -0.00879118153 -0.0174875262 -0.258513377
v -0.0117135794 -0.0169486414 -0.256626634
v -0.0087465756 -0.0169202984 -0.256325421
v -0.0112012443 -0.0177008808 -0.224254071
v -0.00808202012 -0.017764241 -0.223629596
v -0.0080342694 -0.0184525845 -0.22136895
v -0.0108634913 -0.0183950668 -0.221306086
v -0.0076606772 -0.0202352406 -0.202892814
v -0.0106230789 -0.020539373 -0.201041298
v -0.00720115198 -0.0256693375 -0.180181547
v -0.010183599 -0.0257314163 -0.180429232
v -0.010213303 -0.0267563164 -0.177875976
v -0.00714424737 -0.0265049347 -0.177355891
v -0.0104227982 -0.0271012783 -0.175083382
v -0.00714424737 -0.0265049347 -0.177355891
v -0.00710569348 -0.0269880292 -0.175413734
v -0.010213303 -0.0267563164 -0.177875976
v -0.0069831311 -0.0224969385 -0.169524993
v -0.00707277353 -0.017288744 -0.174071861
v -0.00335271383 -0.0224989653 -0.16959887
v -0.00344524336 -0.0172907417 -0.17414568
v -0.00713567908 -0.0111900422 -0.177329045
v -0.00352628337 -0.00871124897 -0.178357481
v -0.00717574055 -0.00237865796 -0.179483113
v -0.00355798808 0.000655740185 -0.179579598
v -0.0071471564 0.00799289275 -0.17841541
v -0.00353616527 0.00867196837 -0.17840449
v -0.00707400825 0.0158808072 -0.175035582
v -0.00344699916 0.0172080833 -0.174366275
v -0.00695789474 0.0225861056 -0.169512478
v -0.00335245474 0.0225841094 -0.169585866
v -0.00695789474 0.0225861056 -0.169512478
v -0.0069547462 0.0282172399 -0.169510907
v -0.00335245474 0.0225841094 -0.169585866
v -0.00335241995 0.0282172402 -0.169584225
v -0.00335271383 -0.0224989653 -0.16959887
v -0.00335267732 -0.0281443298 -0.169600116
v -0.0069831311 -0.0224969385 -0.169524993
v -0.00698628546 -0.0281390857 -0.169526553
v -0.00918852737 0.0154869841 -0.278953603
v -0.00914799817 0.016245916 -0.276944577
v -0.00920685572 -0.0154369475 -0.278975652
v -0.00883103859 0.0167764861 -0.26143908
v -0.00915682178 -0.0164530583 -0.276520313
v -0.00884625113 -0.0168240069 -0.261225109
v -0.0087817455 0.0175447894 -0.258981972
v -0.00872314197 0.0168955019 -0.256081787
v -0.00879118153 -0.0174875262 -0.258513377
v -0.0087465756 -0.0169202984 -0.256325421
v -0.0080769446 0.0176784983 -0.224366621
v -0.00808202012 -0.017764241 -0.223629596
v -0.0080342694 -0.0184525845 -0.22136895
v -0.00801955845 0.0183911914 -0.221642619
v -0.0076606772 -0.0202352406 -0.202892814
v -0.00754593313 0.0210360574 -0.198344397
v -0.00716490621 0.0259055633 -0.17975847
v -0.00720115198 -0.0256693375 -0.180181547
v -0.00717574055 -0.00237865796 -0.179483113
v -0.00713567908 -0.0111900422 -0.177329045
v -0.0071471564 0.00799289275 -0.17841541
v -0.00714424737 -0.0265049347 -0.177355891
v -0.00712670595 0.0256124878 -0.177884614
v -0.00707277353 -0.017288744 -0.174071861
v -0.00710569348 -0.0269880292 -0.175413734
v -0.00706275733 -0.027003914 -0.173319131
v -0.0069831311 -0.0224969385 -0.169524993
v -0.00698628546 -0.0281390857 -0.169526553
v -0.00707400825 0.0158808072 -0.175035582
v -0.00708248861 0.0267999153 -0.175715587
v -0.00703480928 0.0270410318 -0.173419411
v -0.00695789474 0.0225861056 -0.169512478
v -0.0069547462 0.0282172399 -0.169510907
v -0.00191767823 -0.025925605 -0.0990853761
v -0.00293430071 -0.0275498026 -0.149044197
v -0.00283255732 -0.0238564901 -0.135247596
v -0.00275805985 -0.013758302 -0.125145668
v -0.00208003671 -0.0192261929 -0.107063132
v -0.00218598527 -0.0102016626 -0.112268887
v -0.00273076912 3.89811987e-05 -0.121445151
v -0.00222273175 5.94554354e-05 -0.11407478
v -0.00275800115 0.0138384244 -0.125137682
v -0.00218586537 0.0103195458 -0.112262974
v -0.00283245418 0.0239424696 -0.1352338
v -0.00284561445 0.0330454405 -0.144491927
v -0.0020798138 0.0193410653 -0.107052014
v -0.00191738409 0.0260359053 -0.0990703935
v -0.00293418294 0.0276437085 -0.149028283
v -0.0017181534 0.0295965378 -0.0892808428
v -0.00310487977 0.0313685389 -0.157420733
v -0.00108756936 0.032816542 -0.0583056244
v -0.00303592669 0.0239504426 -0.16282486
v -0.00150615828 0.0295935401 -0.0788641104
v -0.00335241995 0.0282172402 -0.169584225
v -0.00335245474 0.0225841094 -0.169585866
v -0.00344699916 0.0172080833 -0.174366275
v -0.00311041816 0.0138522531 -0.1729268
v -0.00353616527 0.00867196837 -0.17840449
v -0.00130697399 0.0260272324 -0.0690766086
v -0.0031377087 5.48956038e-05 -0.17662727
v -0.00355798808 0.000655740185 -0.179579598
v -0.00352628337 -0.00871124897 -0.178357481
v -0.00311047686 -0.013744533 -0.172934739
v -0.00344524336 -0.0172907417 -0.17414568
v -0.00303602402 -0.0238485637 -0.162838644
v -0.00335271383 -0.0224989653 -0.16959887
v -0.00293430071 -0.0275498026 -0.149044197
v -0.00114461833 0.0193278042 -0.0610988529
v -0.000973374783 0.0269705633 -0.0526872289
v -0.00101873789 0.0306934845 -0.0549134915
v -0.00103867214 0.0103032732 -0.0558930857
v -0.000971059857 3.66418707e-05 -0.052570831
v -0.00100192038 4.21403944e-05 -0.0540871988
v -0.000999738866 -0.00928078598 -0.0539800851
v -0.00103879176 -0.0102179344 -0.0558989996
v -0.00109511392 -0.0188974737 -0.0586707378
v -0.00112398589 -0.0182002784 -0.0601482112
v -0.00124460157 -0.0259930793 -0.0660092512
v -0.00130727358 -0.0259342779 -0.0690915796
v -0.00141183475 -0.0298879751 -0.0742293661
v -0.00150650109 -0.0294949104 -0.078881142
v -0.00173347748 -0.0328427852 -0.0900285668
v -0.00120606306 -0.0264410658 -0.0641197257
v -0.00109924789 -0.0215170979 -0.0588697614
v -0.00107305949 -0.0250965358 -0.057581329
v -0.00116872943 -0.0281063608 -0.0622854976
v -0.001112442 -0.0279622968 -0.0594828918
v -0.00171849621 -0.0294919011 -0.0892978744
v -0.00277176189 -0.0329633362 -0.141052494
v -0.00335271383 -0.0224989653 -0.16959887
v -0.00302717974 -0.0320026275 -0.153603079
v -0.00335267732 -0.0281443298 -0.169600116
v 0.00912213904 -0.0035603781 -0.28513479
v -0.00980189038 -0.00364592756 -0.288175466
v 0.00907929529 -0.00358599348 -0.288547715
v 0.0104951828 -0.00347784061 -0.281675253
v -0.0103573959 -0.00377059059 -0.281296764
v 0.0120975623 -0.00803308034 -0.30175948
v 0.0120057935 -0.00811295071 -0.297606643
v 0.0090226378 -0.00801122072 -0.288663735
v 0.00787549431 -0.00796335884 -0.298601412
v 0.00752322955 -0.00796337342 -0.302727474
v 0.0112775604 -0.0080344221 -0.304706488
v 0.00515511635 -0.00796335908 -0.306124659
v 0.00857961784 -0.00809249175 -0.308908988
v 0.00611752108 -0.007963359 -0.294851977
v 0.00272034664 -0.00796335929 -0.292483857
v -0.00140574005 -0.00796335965 -0.292131607
v -0.0125299841 -0.00800176022 -0.288158469
v -0.00515516989 -0.00796337453 -0.293889572
v -0.0126184947 -0.00808391088 -0.296890293
v -0.00752329437 -0.00796336019 -0.297286734
v -0.0119299985 -0.00809210646 -0.303048198
v -0.00787555985 -0.00796336022 -0.301412819
v -0.0102278915 -0.00805248363 -0.306722871
v 0.00140567551 -0.00796335941 -0.307882624
v 0.00421958755 -0.00807544529 -0.311502861
v 0.000168700127 -0.00807034956 -0.312257465
v -0.0027204111 -0.00796337432 -0.307530374
v -0.00388803639 -0.00806005298 -0.311617786
v -0.00611757572 -0.00796337462 -0.305162277
v -0.00748189198 -0.00806213931 -0.309692742
v -0.0198189767 -0.0156996556 0.033579109
v -0.0280265508 -0.01569322 0.0270658988
v -0.0342039116 -0.0156874391 0.0186026635
v -0.0379051767 -0.0156826111 0.0088002751
v -0.0388631787 -0.0156792133 -0.00163372606
v -0.0370087758 -0.015677365 -0.0119462122
v -0.0348540446 -0.0156720607 -0.0243234375
v -0.0350445408 -0.0157916876 -0.045583694
v -0.0150717941 -0.0156640423 -0.0498422596
v 0.00450202707 -0.0156915175 -0.0503886433
v 0.0145448182 -0.0156947064 -0.0484316552
v 0.0214025159 -0.0156856152 -0.0462745607
v 0.0259274689 -0.0156840956 -0.0441114447
v 0.0289590897 -0.0156523256 -0.0416876021
v 0.0374629874 -0.0157223603 -0.033947578
v 0.0412618173 -0.0157498384 -0.0280895008
v 0.0404649632 -0.0157279626 -0.00205452288
v 0.0378731943 -0.0157254002 0.0101873353
v 0.0342499915 -0.0157258181 0.0188860926
v 0.0280984313 -0.0157246865 0.027199561
v 0.0199780784 -0.0157218846 0.0336038793
v 0.0104599493 -0.0157176537 0.0376487034
v 0.000213345889 -0.0157123504 0.0390495989
v -0.0101736071 -0.0157061522 0.0376721466
v -0.0177146087 0.0072554335 -0.0538404798
v -0.0170671025 0.0092355294 -0.055048021
v -0.0169290667 0.000675423437 -0.0537235814
v -0.0179718935 0.00256693208 -0.0527667289
v -0.0169674553 -0.00854691974 -0.0548999757
v -0.0179803749 -0.00716948646 -0.0535669329
v -0.0180559321 -0.0157971387 -0.0570700679
v -0.0170341432 -0.0152661815 -0.0579846266
v -0.017128394 -0.0210243467 -0.0622897409
v -0.0181793885 -0.0229949366 -0.0629768881
v -0.0173032552 -0.0265855212 -0.0698188145
v -0.0183388654 -0.0280970054 -0.0707188156
v -0.017487894 -0.0294725892 -0.0778514426
v -0.0185205167 -0.0306804477 -0.079623115
v -0.0176037097 -0.0299360153 -0.0842775335
v -0.0187515211 -0.0304650066 -0.0895495934
v -0.017781393 -0.0291277466 -0.0910906005
v -0.0181714412 -0.0281091039 -0.0950126909
v -0.024053509 0.00910071766 -0.106955878
v -0.0330185372 7.51138668e-05 -0.108471699
v -0.024092992 0.000353825962 -0.108670921
v -0.0329804818 0.00910567908 -0.106781337
v -0.0328815673 0.0169156309 -0.101943524
v -0.0239513669 0.016910684 -0.102118123
v -0.0327351435 0.0224502059 -0.0946116226
v -0.0237999635 0.022445259 -0.0947863387
v -0.0325609893 0.0249619451 -0.0857758743
v -0.0236197353 0.0249569982 -0.0859507069
v -0.0323826381 0.0241116098 -0.0766295765
v -0.0234350292 0.0241066483 -0.0768045313
v -0.0322241557 0.0200140291 -0.0684079889
v -0.0232707887 0.0200090837 -0.0685830542
v -0.0321069657 0.0132226313 -0.0622214924
v -0.0231491966 0.0132176699 -0.0623966276
v -0.03204688 0.00465461318 -0.0589055941
v -0.023086675 0.00464965177 -0.0590807816
v -0.032052019 -0.00453286146 -0.0589081319
v -0.0230916641 -0.00453782288 -0.0590833253
v -0.0321216928 -0.0130989573 -0.0622287625
v -0.0231634945 -0.0131039333 -0.0624039152
v -0.0322464865 -0.0198867942 -0.0684190134
v -0.0232924646 -0.0198917702 -0.0685940904
v -0.0324095491 -0.0239796368 -0.0766428711
v -0.0234611515 -0.0239846128 -0.0768178317
v -0.0325888548 -0.0248247408 -0.0857896346
v -0.02364678 -0.0248296876 -0.0859644788
v -0.0327601922 -0.0223079347 -0.0946239859
v -0.0238242714 -0.0223128815 -0.0947987137
v -0.0329004179 -0.0167691134 -0.101952825
v -0.0239696645 -0.0167740894 -0.102127448
v -0.0329905909 -0.00895640548 -0.10678632
v -0.0240633213 -0.00896135163 -0.106960884
v -0.0330185372 7.51138668e-05 -0.108471699
v -0.024092992 0.000353825962 -0.108670921
v -0.0330185372 7.51138668e-05 -0.108471699
v -0.0329804818 0.00910567908 -0.106781337
v -0.0328815673 0.0169156309 -0.101943524
v -0.0327351435 0.0224502059 -0.0946116226
v -0.0325609893 0.0249619451 -0.0857758743
v -0.0323826381 0.0241116098 -0.0766295765
v -0.0322241557 0.0200140291 -0.0684079889
v -0.0321069657 0.0132226313 -0.0622214924
v -0.03204688 0.00465461318 -0.0589055941
v -0.032052019 -0.00453286146 -0.0589081319
v -0.0321216928 -0.0130989573 -0.0622287625
v -0.0322464865 -0.0198867942 -0.0684190134
v -0.0324095491 -0.0239796368 -0.0766428711
v -0.0325888548 -0.0248247408 -0.0857896346
v -0.0327601922 -0.0223079347 -0.0946239859
v -0.0329004179 -0.0167691134 -0.101952825
v -0.0329905909 -0.00895640548 -0.10678632
v -0.0360688551 -0.0254444809 -0.0216828965
v -0.0374942501 -0.0254397721 -0.0139531141
v -0.0371479356 -0.0176778765 -0.0154178211
v -0.0380625991 -0.0172016346 -0.0114506212
v -0.0398407471 -0.0176235166 -0.00291448632
v -0.0394350854 -0.0274751515 -0.00547973104
v -0.0398050067 -0.0274453492 0.000599368877
v -0.0395441063 -0.0176410997 0.00539387765
v -0.039456151 -0.024651917 0.0063272244
v -0.0375071059 -0.017713699 0.0139025957
v -0.03690612 -0.024573479 0.0154795183
v -0.0339509642 -0.017237576 0.0208004116
v -0.0386292555 -0.0287854408 0.007811666
v -0.0312724827 -0.0251719668 0.025000333
v -0.0293276112 -0.0172205295 0.0269407552
v -0.0236491293 -0.0177192406 0.0323378481
v -0.0359347181 -0.0287854406 0.0162268741
v -0.0248255504 -0.0279157473 0.0310133328
v -0.0314367386 -0.0287854402 0.0238326276
v -0.0199091541 -0.0248987973 0.0347193913
v -0.0161892588 -0.0172236279 0.036436753
v -0.0117057811 -0.0244193371 0.0383644976
v -0.00851892245 -0.0177390284 0.0391946698
v -0.0180151448 -0.0287854972 0.0351498282
v -0.000791616536 -0.0251083083 0.0401274476
v 0.000278450916 -0.0176275076 0.0400553137
v 0.00771624623 -0.0172161752 0.0391649519
v 0.00844035921 -0.0279936466 0.0389159308
v 0.0149322937 -0.017750291 0.037246861
v -0.00975855549 -0.0287854965 0.0382986531
v 0.0161511656 -0.025037436 0.0367884815
v 0.0228285906 -0.0172503273 0.0328441442
v 0.0243603276 -0.0279162785 0.0315930432
v 0.0289159842 -0.0172124772 0.0276078586
v -0.00100913615 -0.0287854958 0.0395331532
v 0.0162138381 -0.028785436 0.0361123646
v 0.0302428372 -0.0248736996 0.0265132927
v 0.0342809785 -0.0171900653 0.0206075405
v 0.0351216114 -0.0256718659 0.0193458545
v 0.0370246024 -0.017241266 0.0151232613
v 0.029994707 -0.0287854348 0.0258657441
v 0.0387160042 -0.0246622217 0.0112228467
v 0.0386791261 -0.0172522918 0.0105827821
v 0.0408096429 -0.0172096153 0.00105314084
v 0.0413761962 -0.025611664 -0.00163443437
v 0.0413440445 -0.0170862935 -0.00467743703
v 0.0422161524 -0.0174587628 -0.0261783716
v 0.0418042051 -0.0168677819 -0.0208645826
v 0.0421517688 -0.0160168077 -0.0286510214
v 0.0418693103 -0.0156050584 -0.0280975888
v 0.0420356705 -0.0131891625 -0.034997685
v 0.0420687878 -0.0142807031 -0.0341299281
v 0.0421094619 -0.0317429563 -0.0267973985
v 0.041878331 -0.0320072424 -0.0343041436
v 0.0423406219 -0.0305180197 -0.0351559633
v 0.0421969976 -0.0322621133 -0.0355593744
v 0.0413424481 -0.0330141447 -0.033885226
v 0.0414365117 -0.0333446507 -0.0357497105
v 0.0395705953 -0.0340617547 -0.034125775
v 0.0411351444 -0.0331966549 -0.0242529262
v 0.0415504704 -0.0311850563 -0.0130976128
v 0.0405399504 -0.0301015033 0.000879613071
v 0.040372039 -0.0325355789 -0.00823803348
v 0.0413761358 -0.0338742997 -0.0367424102
v 0.0442759513 -0.0340622316 -0.0381254184
v 0.0405951637 -0.0343811168 -0.0377986056
v 0.0399970218 -0.0347866089 -0.0581714499
v 0.0358880935 -0.0345784092 -0.0360084989
v 0.0395858632 -0.0338612468 -0.0201237606
v 0.0373611839 -0.0342547541 -0.0160177253
v 0.0384912997 -0.0289406448 0.0103275255
v 0.034206209 -0.0307369482 0.0186077741
v 0.0373733461 -0.0314480913 0.0101860154
v 0.0389556051 -0.0325120951 0.000793993695
v 0.0376070908 -0.0337478177 -0.00326370973
v 0.0345332316 -0.0337791715 0.00974313734
v 0.0288004607 -0.0318381445 0.0248344266
v 0.0348032337 -0.0342700746 0.000471953717
v 0.0312596443 -0.0336210391 0.0174523535
v 0.0228787465 -0.031838145 0.0303668727
v 0.028774349 -0.0343610915 0.0137895258
v 0.023999154 -0.0337631362 0.0261667825
v 0.015570133 -0.0318381456 0.0346716959
v 0.029279184 -0.0344149132 -0.0250814745
v -0.0325885775 -0.0343569845 -0.00208475558
v 0.016874417 -0.0343630599 0.0272492936
v -0.00899396027 -0.0343507833 -0.0309480558
v -0.00370753068 -0.0343669937 0.0321184809
v 0.0149093832 -0.0352604069 -0.0609545212
v 0.0144710532 -0.0337325024 0.0322119216
v 0.0074865317 -0.0318381463 0.0372444338
v -0.00988135776 -0.0358010243 -0.0840523222
v 0.00237616354 -0.0337314906 0.0353996817
v -0.000964849132 -0.0318381471 0.0379558274
v -0.00936468945 -0.0318381478 0.0367706525
v -0.0120479488 -0.0354946543 -0.0603823923
v -0.0240961801 -0.0353331291 -0.0785515644
v -0.0131336186 -0.0337381073 0.0328993541
v -0.0172914924 -0.0318381485 0.0337475969
v -0.0243490898 -0.0318382102 0.0290369557
v -0.0342299055 -0.034451933 -0.0809209771
v -0.0343492661 -0.0341111155 -0.0848427415
v -0.0357024954 -0.0331752616 -0.0730513711
v -0.0227495765 -0.0339237178 -0.0567038718
v -0.0360572044 -0.030599625 -0.0591048563
v -0.0229550002 -0.0326190309 -0.0354179909
v -0.0288387675 -0.0309179737 -0.043174412
v -0.0358982919 -0.0273034299 -0.0421217032
v -0.0311090527 -0.0294687457 -0.0339806225
v -0.0355824689 -0.0260415984 -0.0321608357
v -0.0301769063 -0.0318381496 0.0228825098
v -0.0260846514 -0.0337317318 0.0239079949
v -0.03449519 -0.03183815 0.0155806076
v -0.0264410482 -0.0343743269 0.0184492092
v -0.0320373539 -0.0337325065 0.0144771795
v -0.0370820869 -0.0318381502 0.00750158943
v -0.0354187854 -0.0336577623 0.00300585052
v -0.0381166001 -0.0315383983 0.000964079391
v -0.0353654148 -0.0336321917 -0.00338707432
v -0.0377579477 -0.0314197856 -0.0057077119
v -0.033802606 -0.0336807105 -0.0108625914
v -0.0363301226 -0.031315716 -0.0118493874
v -0.0374482308 -0.0288725805 -0.0121267549
v -0.0338364948 -0.0307464332 -0.0193636035
v -0.0302818371 -0.0334292386 -0.0188075996
v -0.0244330847 -0.0343620478 -0.0199162503
v -0.0278861612 -0.0321159688 -0.0263421854
v -0.0324384429 -0.0294125405 -0.0254752551
v -0.017749259 -0.0343434528 -0.0278885855
v -0.0351316069 -0.026351365 -0.0279351574
v -0.0231521248 -0.0335131006 -0.0276964158
v -0.0154438108 -0.0342548198 -0.0369748363
v -0.0203458869 -0.0159275838 -0.0498209789
v -0.0260671731 -0.0168663283 -0.0523583789
v -0.035525563 -0.0168712768 -0.0518722809
v -0.0278674924 -0.0170929746 -0.055285811
v -0.0302830754 -0.0174267608 -0.0561470282
v -0.0356691263 -0.0173076713 -0.0558006985
v -0.0306299202 -0.0183488749 -0.0578234496
v -0.0359559037 -0.0186318781 -0.0578850566
v -0.00160333821 -0.0186262726 -0.292022759
v -0.00523628864 -0.0183011002 -0.293958839
v 0.00351757574 -0.0190259216 -0.292717828
v -0.00766909058 -0.0180307928 -0.297315558
v 0.00739585545 -0.0193479945 -0.296577835
v -0.00790170659 -0.0179293165 -0.301257474
v 0.00783240272 -0.0194110857 -0.302075734
v 0.00564264323 -0.0192094138 -0.305729709
v 0.00228895661 -0.0188631411 -0.307766092
v -0.00293971992 -0.0183158222 -0.307558384
v -0.00656647741 -0.0179874906 -0.304738572
v -0.024053509 0.00910071766 -0.106955878
v -0.0241212997 0.0155069204 -0.110474753
v -0.0239930092 0.0230957689 -0.104339269
v -0.0241965076 0.00638623321 -0.113947236
v -0.0239513669 0.016910684 -0.102118123
v -0.024092992 0.000353825962 -0.108670921
v -0.0238172298 0.0285518131 -0.0958014338
v -0.0237999635 0.022445259 -0.0947863387
v -0.023616709 0.0309623001 -0.0859605439
v -0.0236197353 0.0249569982 -0.0859507069
v -0.0234128672 0.0300696303 -0.0758681796
v -0.0234350292 0.0241066483 -0.0768045313
v -0.0232772197 0.02625094 -0.0690674642
v -0.0232707887 0.0200090837 -0.0685830542
v -0.0231109373 0.0193399764 -0.0606693677
v -0.0231491966 0.0132176699 -0.0623966276
v -0.0242084187 -0.00589245749 -0.11411648
v -0.0240633213 -0.00896135163 -0.106960884
v -0.0229670089 0.00603621974 -0.0531082449
v -0.023086675 0.00464965177 -0.0590807816
v -0.0239696645 -0.0167740894 -0.102127448
v -0.024062197 -0.0192140061 -0.106633338
v -0.0238994885 -0.026013614 -0.09841586
v -0.0238242714 -0.0223128815 -0.0947987137
v -0.0230916641 -0.00453782288 -0.0590833253
v -0.0229748688 -0.00628274848 -0.0532677164
v -0.0230500694 -0.0154034211 -0.056740205
v -0.0231634945 -0.0131039333 -0.0624039152
v -0.0231783628 -0.0229922551 -0.0628756883
v -0.0232924646 -0.0198917702 -0.0685940904
v -0.0233470263 -0.0282970394 -0.0710660301
v -0.023778716 -0.0297836689 -0.0922430481
v -0.02364678 -0.0248296876 -0.0859644788
v -0.0234611515 -0.0239846128 -0.0768178317
v -0.0235393427 -0.0307920002 -0.0804994314
v 0.0432943441 -0.0116364469 -0.194574869
v 0.0492748927 -0.00667243736 -0.174286298
v 0.0443256668 -0.00475930768 -0.195288344
v 0.0434760949 -0.015207823 -0.191149593
v 0.0503425137 3.0566683e-05 -0.171503751
v 0.0440606957 0.00762136645 -0.195036782
v 0.0497767773 -0.015344705 -0.164772011
v 0.0460349652 -0.0205596345 -0.174347323
v 0.0482092545 -0.0240475785 -0.158197968
v 0.0492834131 0.00677384882 -0.174280943
v 0.0432716788 0.0128092951 -0.19401164
v 0.0434956704 0.015229139 -0.191225321
v 0.0497217742 0.0154706285 -0.165152678
v 0.0458648207 0.0203463624 -0.175584876
v 0.0482193377 0.023976658 -0.15862307
v 0.052683311 0.00607453718 -0.157707138
v 0.0530174526 -6.32835857e-06 -0.15743213
v 0.0525893126 -0.00693514498 -0.157567556
v 0.0517953842 -0.0165115254 -0.150566408
v 0.0515921726 0.0155786316 -0.153819518
v 0.0565053712 0.00951977548 -0.117404805
v 0.0565854084 -0.00952931747 -0.116481259
v 0.0509164331 0.0265344411 -0.133299641
v 0.0471722776 0.027852853 -0.15371131
v 0.0512251013 -0.0261334425 -0.131332153
v 0.0468868671 -0.0282484531 -0.153283088
v 0.0489643277 -0.029901469 -0.130753289
v 0.0433288455 -0.0311112372 -0.150277908
v 0.0542957883 -0.0271692534 -0.0982303056
v 0.0454956373 -0.0314702648 -0.137939351
v 0.0391512614 -0.0324864052 -0.147307955
v 0.0402790407 -0.0337333645 -0.129258865
v 0.0340124767 -0.0334665441 -0.143319904
v 0.0319782441 -0.0339040417 -0.139133283
v 0.0334695856 -0.0348837348 -0.115166407
v 0.0518132552 -0.0308384841 -0.0983526465
v 0.0483429121 0.029776919 -0.136938482
v 0.0437488287 0.0310417448 -0.150504359
v 0.0567084602 -0.018742258 -0.095598941
v 0.0610504311 -0.0129727957 -0.0391808368
v 0.0572745188 -0.0270611586 -0.0555950566
v 0.0387038135 -0.0349366334 -0.0998376403
v 0.0360971376 -0.035114135 -0.0898466154
v 0.0419348829 -0.0347281944 -0.0522378192
v 0.0466905099 -0.0344156858 -0.0622274878
v 0.0447569707 -0.0343663346 -0.0400735793
v 0.0466186612 -0.0341350696 -0.038412452
v 0.0515688239 -0.0328821784 -0.0365838729
v 0.0443412487 -0.0341983386 -0.100041123
v 0.0491741375 -0.0325765854 -0.0986227649
v 0.0517571257 -0.0326963911 -0.0615756202
v 0.0545147659 -0.0311851163 -0.0339840743
v 0.0544378444 -0.0298891023 -0.0746949576
v 0.0564681741 -0.0296032676 -0.0316632679
v 0.0581360621 -0.0274393802 -0.0278938038
v 0.0597911093 -0.0235265738 -0.0174667424
v 0.0612029939 -0.0194204088 -9.23579307e-05
v 0.062368666 -0.0152889134 0.0125952836
v 0.063106733 -0.0113886981 0.0157271046
v 0.0625385498 -0.00330565307 -0.0232882201
v 0.0638400614 -0.0022682491 0.0168273953
v 0.0633801327 0.00756663621 0.0167014819
v 0.0621507576 0.00999847577 -0.021031202
v 0.0628907513 0.0126829644 0.0151413507
v 0.062295246 0.0155624493 0.011805987
v 0.0607193546 0.0210911089 -0.00714791095
v 0.0605869109 -0.00227952967 -0.0637468474
v 0.058057555 -0.000116343194 -0.104282121
v 0.0596593416 0.0108058653 -0.0707389787
v 0.0580817269 0.0194495958 -0.0742926262
v 0.0562342791 0.027155852 -0.0732363435
v 0.0591112162 0.0254332023 -0.023297983
v 0.0578305078 0.0279595602 -0.0289800606
v 0.0542856794 0.0196206766 -0.121181144
v 0.0535255391 0.0269156287 -0.107722427
v 0.0545647842 0.0299237571 -0.0732344692
v 0.0552659886 0.0308328909 -0.0337808713
v 0.0512065921 0.0304479342 -0.108393806
v 0.0521273382 0.0324424984 -0.0680137135
v 0.0514678454 0.0328921874 -0.0365634565
v 0.0456192096 0.0316123256 -0.136634824
v 0.0395040698 0.032523857 -0.14745472
v 0.0465539516 0.0344186451 -0.0702737423
v 0.0452264386 0.0343618721 -0.039181413
v 0.0416265537 0.0347747678 -0.0543394184
v 0.0492174674 0.0326000925 -0.0989942113
v 0.040168513 0.0336290925 -0.132510276
v 0.0343578344 0.033525558 -0.143810234
v 0.0320221675 0.0340163125 -0.138782198
v 0.0333899194 0.0349313632 -0.117072091
v 0.0427009391 0.0346428927 -0.0999155105
v 0.0361448443 0.0351800935 -0.0895808393
v -0.0193974748 -0.0134200471 -0.17292666
v -0.0253964059 -0.0128701948 -0.172705378
v -0.0254121131 -0.0140514101 -0.173445872
v -0.019417098 -0.0140410385 -0.173679553
v -0.0193825738 -0.0116994098 -0.173332542
v -0.0254075091 -0.0117714874 -0.173283124
v -0.0254463307 -0.0120749938 -0.175177224
v -0.019451595 -0.0121427491 -0.175232301
v -0.0186726527 -0.0128621179 -0.174123223
v -0.0189057307 -0.0131592768 -0.174479268
v -0.00160333821 -0.0186262726 -0.292022759
v -0.00140574005 -0.00796335965 -0.292131607
v -0.00515516989 -0.00796337453 -0.293889572
v 0.00272034664 -0.00796335929 -0.292483857
v -0.00523628864 -0.0183011002 -0.293958839
v 0.00351757574 -0.0190259216 -0.292717828
v -0.00752329437 -0.00796336019 -0.297286734
v 0.00611752108 -0.007963359 -0.294851977
v -0.00766909058 -0.0180307928 -0.297315558
v 0.00739585545 -0.0193479945 -0.296577835
v -0.00787555985 -0.00796336022 -0.301412819
v 0.00787549431 -0.00796335884 -0.298601412
v -0.00790170659 -0.0179293165 -0.301257474
v 0.00783240272 -0.0194110857 -0.302075734
v -0.00611757572 -0.00796337462 -0.305162277
v 0.00752322955 -0.00796337342 -0.302727474
v -0.00656647741 -0.0179874906 -0.304738572
v 0.00564264323 -0.0192094138 -0.305729709
v -0.0027204111 -0.00796337432 -0.307530374
v 0.00515511635 -0.00796335908 -0.306124659
v -0.00293971992 -0.0183158222 -0.307558384
v 0.00228895661 -0.0188631411 -0.307766092
v 0.00140567551 -0.00796335941 -0.307882624
vt 0.0164489746 0.113586426
vt 0.0164489746 0.111450195
vt 0.0166931152 0.11328125
vt 0.185424805 0.181762695
vt 0.185424805 0.179931641
vt 0.185424805 0.187011719
vt 0.195800781 0.184570312
vt 0.19543457 0.187011719
vt 0.19543457 0.182006836
vt 0.0472412109 0.0679321289
vt 0.0475158691 0.0702514648
vt 0.0472412109 0.0724487305
vt 0.0620422363 0.0997314453
vt 0.0621948242 0.10748291
vt 0.0620422363 0.110656738
vt 0.745117188 0.0859375
vt 0.745117188 0.0859375
vt 0.745117188 0.0859375
vt 0.745117188 0.0859375
vt 0.745117188 0.0859375
vt 0.745117188 0.0859375
vt 0.00495147705 0.0304107666
vt 0.00495147705 0.0313720703
vt 0.00480270386 0.0304718018
vt 0.0899658203 0.194946289
vt 0.0915527344 0.194091797
vt 0.0915527344 0.195800781
vt 0.0536804199 0.0607299805
vt 0.0536804199 0.0389709473
vt 0.0548400879 0.0453796387
vt 0.169189453 0.123168945
vt 0.169311523 0.125366211
vt 0.168579102 0.12512207
vt 0.168457031 0.123413086
vt 0.168334961 0.125366211
vt 0.0541381836 0.101806641
vt 0.0541381836 0.0994873047
vt 0.0548400879 0.101806641
vt 0.0548400879 0.0994873047
vt 0.205688477 0.364501953
vt 0.202514648 0.361083984
vt 0.204589844 0.361328125
vt 0.201782227 0.361816406
vt 0.201782227 0.377929688
vt 0.201538086 0.362304688
vt 0.201538086 0.377929688
vt 0.201904297 0.378662109
vt 0.202514648 0.379150391
vt 0.204345703 0.37890625
vt 0.203979492 0.379150391
vt 0.205200195 0.377685547
vt 0.208007812 0.364501953
vt 0.207885742 0.377685547
vt 0.211547852 0.378662109
vt 0.208374023 0.377929688
vt 0.209106445 0.379150391
vt 0.21081543 0.379150391
vt 0.211914062 0.362304688
vt 0.211791992 0.378173828
vt 0.211303711 0.361572266
vt 0.208984375 0.361328125
vt 0.2109375 0.361083984
vt 0.209228516 0.361083984
vt 0.057800293 0.0413513184
vt 0.0577087402 0.0429382324
vt 0.0569763184 0.0431213379
vt 0.0569763184 0.041229248
vt 0.0577697754 0.0405883789
vt 0.0570068359 0.0400390625
vt 0.0577392578 0.0397949219
vt 0.168579102 0.117980957
vt 0.168579102 0.116088867
vt 0.169311523 0.117980957
vt 0.169311523 0.115783691
vt 0.125244141 0.000135421753
vt 0.125244141 0.0020275116
vt 0.124572754 0.000137805939
vt 0.124572754 0.00203132629
vt 0.119445801 0.000460386276
vt 0.119384766 0.0164337158
vt 0.118713379 0.000463724136
vt 0.118713379 0.016708374
vt 0.159790039 0.0475158691
vt 0.159790039 0.0315551758
vt 0.160522461 0.0475158691
vt 0.160522461 0.0312805176
vt 0.0614929199 0.0856933594
vt 0.0614929199 0.0826416016
vt 0.0621948242 0.0856323242
vt 0.0621948242 0.0826416016
vt 0.147338867 0.018081665
vt 0.147338867 0.0211029053
vt 0.146606445 0.018081665
vt 0.146606445 0.0211029053
vt 0.0087890625 0.00403594971
vt 0.0093536377 0.0040397644
vt 0.0093536377 0.00479125977
vt 0.0087890625 0.00480651855
vt 0.00909423828 0.00496673584
vt 0.0337219238 0.0495300293
vt 0.0343017578 0.0495300293
vt 0.0343017578 0.0502929688
vt 0.0337219238 0.0502929688
vt 0.0340576172 0.0504760742
vt 0.168579102 0.187011719
vt 0.168457031 0.185913086
vt 0.169311523 0.186767578
vt 0.169311523 0.185424805
vt 0.168579102 0.185424805
vt 0.192749023 0.134155273
vt 0.192749023 0.135131836
vt 0.192016602 0.134277344
vt 0.192016602 0.135620117
vt 0.192749023 0.135620117
vt 0.0334472656 0.063659668
vt 0.0343017578 0.0632324219
vt 0.0341796875 0.063659668
vt 0.0334777832 0.0623779297
vt 0.0342712402 0.0622558594
vt 0.0340576172 0.0269775391
vt 0.0340576172 0.0236358643
vt 0.0342407227 0.0268707275
vt 0.0343017578 0.0238342285
vt 0.0502624512 0.00643157959
vt 0.0502624512 0.00390625
vt 0.0504455566 0.00631332397
vt 0.0504455566 0.00399017334
vt 0.0284423828 0.000156998634
vt 0.0284423828 0.00349807739
vt 0.0281829834 0.000406503677
vt 0.0282287598 0.00342941284
vt 0.144287109 0.022277832
vt 0.143554688 0.0225830078
vt 0.143554688 0.01953125
vt 0.144165039 0.019821167
vt 0.14440918 0.0194702148
vt 0.162597656 0.0411376953
vt 0.163452148 0.040802002
vt 0.163330078 0.0415344238
vt 0.163208008 0.0424804688
vt 0.162597656 0.0429077148
vt 0.163452148 0.0427856445
vt 0.163330078 0.0431213379
vt 0.158935547 0.169189453
vt 0.158203125 0.169311523
vt 0.158203125 0.168945312
vt 0.159057617 0.167358398
vt 0.158325195 0.167724609
vt 0.158447266 0.167114258
vt 0.158203125 0.167236328
vt 0.0433349609 0.397705078
vt 0.0452270508 0.397705078
vt 0.0457458496 0.398193359
vt 0.0423583984 0.3984375
vt 0.0466918945 0.400634766
vt 0.0423583984 0.413574219
vt 0.0463562012 0.413085938
vt 0.043182373 0.414550781
vt 0.0453796387 0.414306641
vt 0.0494384766 0.413085938
vt 0.049041748 0.400634766
vt 0.0533752441 0.413818359
vt 0.0524291992 0.414306641
vt 0.0505371094 0.414306641
vt 0.0533752441 0.398681641
vt 0.0499267578 0.398193359
vt 0.0525817871 0.397705078
vt 0.0504150391 0.397705078
vt 0.379150391 0.580078125
vt 0.377441406 0.54296875
vt 0.380615234 0.580078125
vt 0.37890625 0.54296875
vt 0.379638672 0.541015625
vt 0.376464844 0.541015625
vt 0.380615234 0.5390625
vt 0.380615234 0.537597656
vt 0.375488281 0.5390625
vt 0.380371094 0.536621094
vt 0.375244141 0.538085938
vt 0.376220703 0.536132812
vt 0.375488281 0.537109375
vt 0.376953125 0.535644531
vt 0.377929688 0.53515625
vt 0.37890625 0.53515625
vt 0.379638672 0.535644531
vt 0.641601562 0.30078125
vt 0.644042969 0.338134766
vt 0.642089844 0.338134766
vt 0.643066406 0.301025391
vt 0.640625 0.299072266
vt 0.643554688 0.299072266
vt 0.64453125 0.296630859
vt 0.639648438 0.296630859
vt 0.645019531 0.295410156
vt 0.64453125 0.294433594
vt 0.639648438 0.294921875
vt 0.640136719 0.293945312
vt 0.641113281 0.293212891
vt 0.644042969 0.293701172
vt 0.643066406 0.293212891
vt 0.642089844 0.29296875
vt 0.0252227783 0.211425781
vt 0.0254974365 0.248535156
vt 0.0249938965 0.211547852
vt 0.0254974365 0.209472656
vt 0.00016784668 0.0453186035
vt 0.000550270081 0.0446472168
vt 0.000243663788 0.0463867188
vt 4.0769577e-05 0.0465698242
vt 0.000550270081 0.0489807129
vt 0.205810547 0.252685547
vt 0.205566406 0.250488281
vt 0.206054688 0.252441406
vt 0.205566406 0.289794922
vt 0.192382812 0.0469055176
vt 0.192749023 0.0842285156
vt 0.192260742 0.046875
vt 0.192749023 0.0447387695
vt 0.294921875 0.013885498
vt 0.295654297 0.0160827637
vt 0.295410156 0.0161132812
vt 0.294921875 0.0534057617
vt 0.0152282715 0.14855957
vt 0.0135955811 0.185668945
vt 0.0135955811 0.14855957
vt 0.015045166 0.185913086
vt 0.0134887695 0.187744141
vt 0.01512146 0.188110352
vt 0.0135803223 0.190185547
vt 0.0151062012 0.190307617
vt 0.0135803223 0.19152832
vt 0.0151138306 0.19152832
vt 0.0134735107 0.192260742
vt 0.0151596069 0.192504883
vt 0.0135116577 0.193481445
vt 0.0151138306 0.193603516
vt 0.0135116577 0.194580078
vt 0.0151519775 0.194580078
vt 0.0135726929 0.195678711
vt 0.0151519775 0.195678711
vt 0.0135574341 0.196655273
vt 0.0151596069 0.196777344
vt 0.0135650635 0.197753906
vt 0.0151824951 0.197753906
vt 0.0135345459 0.198730469
vt 0.0151596069 0.198852539
vt 0.0135803223 0.199829102
vt 0.0151977539 0.199829102
vt 0.0135803223 0.201049805
vt 0.0151977539 0.201049805
vt 0.0152282715 0.203125
vt 0.0136032104 0.203613281
vt 0.0151290894 0.205444336
vt 0.0136871338 0.205566406
vt 0.0135498047 0.242675781
vt 0.0151824951 0.242675781
vt 0.711914062 0.946777344
vt 0.712402344 0.948242188
vt 0.711425781 0.948730469
vt 0.7109375 0.948730469
vt 0.709472656 0.947265625
vt 0.7109375 0.942382812
vt 0.70703125 0.946289062
vt 0.705078125 0.945800781
vt 0.697753906 0.943359375
vt 0.709960938 0.9375
vt 0.703125 0.945800781
vt 0.701171875 0.946289062
vt 0.69921875 0.947265625
vt 0.696777344 0.945800781
vt 0.697753906 0.948242188
vt 0.697265625 0.948730469
vt 0.696289062 0.947753906
vt 0.696289062 0.946777344
vt 0.697753906 0.940917969
vt 0.698242188 0.939453125
vt 0.698730469 0.936523438
vt 0.709472656 0.930175781
vt 0.69921875 0.930664062
vt 0.709960938 0.932128906
vt 0.709960938 0.937011719
vt 0.710449219 0.939453125
vt 0.7109375 0.942382812
vt 0.711914062 0.946777344
vt 0.712402344 0.948242188
vt 0.709472656 0.928710938
vt 0.709472656 0.928710938
vt 0.708984375 0.915039062
vt 0.69921875 0.928222656
vt 0.708496094 0.915039062
vt 0.698730469 0.928710938
vt 0.698730469 0.936523438
vt 0.698242188 0.914550781
vt 0.698242188 0.915039062
vt 0.698242188 0.914550781
vt 0.698242188 0.9140625
vt 0.708496094 0.914550781
vt 0.708496094 0.914550781
vt 0.707519531 0.9140625
vt 0.698242188 0.914550781
vt 0.708496094 0.9140625
vt 0.698242188 0.9140625
vt 0.698242188 0.914550781
vt 0.116271973 0.277587891
vt 0.117858887 0.277832031
vt 0.11706543 0.277832031
vt 0.11541748 0.276855469
vt 0.117797852 0.276855469
vt 0.114990234 0.276123047
vt 0.117797852 0.276123047
vt 0.117919922 0.273925781
vt 0.114868164 0.274414062
vt 0.114746094 0.272460938
vt 0.117919922 0.271240234
vt 0.114685059 0.269775391
vt 0.117980957 0.268798828
vt 0.114685059 0.267089844
vt 0.117980957 0.266845703
vt 0.117980957 0.264404297
vt 0.114746094 0.264648438
vt 0.114807129 0.26171875
vt 0.117919922 0.261962891
vt 0.117797852 0.260009766
vt 0.11505127 0.259765625
vt 0.117797852 0.259277344
vt 0.11541748 0.259033203
vt 0.116210938 0.258300781
vt 0.117919922 0.258056641
vt 0.116882324 0.258056641
vt 0.027923584 0.22668457
vt 0.0280303955 0.227172852
vt 0.0276489258 0.226928711
vt 0.0278320312 0.227294922
vt 0.0284423828 0.233398438
vt 0.027923584 0.237670898
vt 0.0280761719 0.237792969
vt 0.0277862549 0.237915039
vt 0.0276489258 0.23828125
vt 0.0280303955 0.23828125
vt 0.367431641 0.304199219
vt 0.367431641 0.305664062
vt 0.366455078 0.305664062
vt 0.366210938 0.298339844
vt 0.365722656 0.305908203
vt 0.3671875 0.298339844
vt 0.365722656 0.296875
vt 0.366943359 0.294189453
vt 0.366210938 0.292480469
vt 0.365722656 0.289794922
vt 0.366943359 0.290283203
vt 0.366455078 0.284179688
vt 0.366210938 0.282226562
vt 0.366699219 0.272705078
vt 0.366943359 0.285644531
vt 0.366943359 0.293457031
vt 0.366943359 0.272705078
vt 0.366943359 0.272460938
vt 0.3671875 0.272460938
vt 0.875488281 0.205322266
vt 0.875488281 0.204101562
vt 0.876464844 0.205322266
vt 0.875976562 0.199584961
vt 0.877441406 0.197265625
vt 0.876464844 0.196533203
vt 0.876464844 0.193481445
vt 0.877929688 0.196655273
vt 0.876953125 0.205566406
vt 0.877441406 0.193481445
vt 0.876953125 0.188476562
vt 0.877441406 0.189453125
vt 0.877441406 0.185058594
vt 0.877929688 0.188842773
vt 0.877929688 0.197021484
vt 0.877929688 0.203735352
vt 0.878417969 0.206054688
vt 0.877929688 0.182495117
vt 0.877929688 0.172607422
vt 0.877929688 0.175048828
vt 0.878417969 0.172485352
vt 0.161743164 0.118774414
vt 0.161987305 0.121765137
vt 0.161865234 0.122497559
vt 0.161987305 0.124938965
vt 0.161743164 0.126831055
vt 0.933105469 0.958007812
vt 0.93359375 0.960449219
vt 0.933105469 0.960449219
vt 0.934570312 0.959472656
vt 0.935058594 0.956542969
vt 0.936523438 0.958007812
vt 0.9375 0.956054688
vt 0.938476562 0.957519531
vt 0.940917969 0.95703125
vt 0.935546875 0.953125
vt 0.94140625 0.951171875
vt 0.943359375 0.957519531
vt 0.934570312 0.950195312
vt 0.934082031 0.951660156
vt 0.934570312 0.943359375
vt 0.938476562 0.946777344
vt 0.936035156 0.945800781
vt 0.944824219 0.941894531
vt 0.937011719 0.934570312
vt 0.935058594 0.938964844
vt 0.935058594 0.932128906
vt 0.934570312 0.937011719
vt 0.934570312 0.929199219
vt 0.943847656 0.9453125
vt 0.944824219 0.951660156
vt 0.9375 0.929199219
vt 0.935058594 0.926757812
vt 0.935058594 0.926269531
vt 0.939453125 0.926269531
vt 0.942871094 0.9296875
vt 0.944824219 0.926269531
vt 0.9453125 0.926757812
vt 0.9453125 0.936035156
vt 0.944335938 0.9375
vt 0.945800781 0.943847656
vt 0.946289062 0.948730469
vt 0.946777344 0.950683594
vt 0.946777344 0.952636719
vt 0.9453125 0.95703125
vt 0.9453125 0.958984375
vt 0.947753906 0.957519531
vt 0.948730469 0.959472656
vt 0.946777344 0.960449219
vt 0.947753906 0.960449219
vt 0.0343017578 0.134155273
vt 0.0337219238 0.131958008
vt 0.0343017578 0.131835938
vt 0.0337219238 0.134155273
vt 0.162841797 0.167114258
vt 0.163452148 0.167114258
vt 0.162841797 0.169311523
vt 0.163452148 0.169311523
vt 0.0219573975 0.26171875
vt 0.0219573975 0.251953125
vt 0.0240325928 0.26171875
vt 0.0240325928 0.251953125
vt 0.0533752441 0.17590332
vt 0.0533752441 0.178100586
vt 0.0514831543 0.17590332
vt 0.051574707 0.178100586
vt 0.109802246 0.0123062134
vt 0.109802246 0.00136566162
vt 0.110229492 0.00182914734
vt 0.110168457 0.0117874146
vt 0.112060547 0.00188446045
vt 0.112060547 0.0117416382
vt 0.0735473633 0.178100586
vt 0.0735473633 0.17590332
vt 0.075378418 0.178100586
vt 0.075378418 0.17590332
vt 0.311767578 0.000876903534
vt 0.309570312 0.000810623169
vt 0.311767578 0.000212669373
vt 0.309326172 0.000217795372
vt 0.309570312 0.0117492676
vt 0.309326172 0.012298584
vt 0.311767578 0.0116271973
vt 0.311767578 0.0123062134
vt 0.497070312 0.901855469
vt 0.499511719 0.899902344
vt 0.499511719 0.901855469
vt 0.497070312 0.898925781
vt 0.499511719 0.897949219
vt 0.497070312 0.895996094
vt 0.499511719 0.895019531
vt 0.499511719 0.892578125
vt 0.497070312 0.892578125
vt 0.499511719 0.889648438
vt 0.497070312 0.889160156
vt 0.499511719 0.88671875
vt 0.497070312 0.88671875
vt 0.499511719 0.884765625
vt 0.497070312 0.884277344
vt 0.499511719 0.881347656
vt 0.497070312 0.880859375
vt 0.499511719 0.877929688
vt 0.497070312 0.877929688
vt 0.499511719 0.875
vt 0.497070312 0.874511719
vt 0.499511719 0.871582031
vt 0.497070312 0.87109375
vt 0.499511719 0.869140625
vt 0.497070312 0.869140625
vt 0.499511719 0.8671875
vt 0.497070312 0.8671875
vt 0.398193359 0.30859375
vt 0.396972656 0.309570312
vt 0.398193359 0.296630859
vt 0.396972656 0.295654297
vt 0.395019531 0.310302734
vt 0.392578125 0.310058594
vt 0.390380859 0.309326172
vt 0.394775391 0.294921875
vt 0.391601562 0.295166016
vt 0.388916016 0.296875
vt 0.387207031 0.299560547
vt 0.386474609 0.302734375
vt 0.388183594 0.307373047
vt 0.386962891 0.304931641
vt 0.223632812 0.335449219
vt 0.223144531 0.333740234
vt 0.223510742 0.333984375
vt 0.22253418 0.333740234
vt 0.223266602 0.3359375
vt 0.22265625 0.337158203
vt 0.221069336 0.330810547
vt 0.223632812 0.336425781
vt 0.219482422 0.327392578
vt 0.21875 0.328857422
vt 0.223388672 0.333251953
vt 0.215698242 0.328125
vt 0.221679688 0.329101562
vt 0.223388672 0.331298828
vt 0.223632812 0.333251953
vt 0.216308594 0.326416016
vt 0.212890625 0.326660156
vt 0.213378906 0.328613281
vt 0.211425781 0.329589844
vt 0.209960938 0.328369141
vt 0.209350586 0.33203125
vt 0.208007812 0.330810547
vt 0.207519531 0.332519531
vt 0.208374023 0.335205078
vt 0.207519531 0.339599609
vt 0.208740234 0.338378906
vt 0.208129883 0.341064453
vt 0.209960938 0.340576172
vt 0.209838867 0.343261719
vt 0.210571289 0.340576172
vt 0.212768555 0.344970703
vt 0.2109375 0.340087891
vt 0.220214844 0.340087891
vt 0.2109375 0.338134766
vt 0.220214844 0.338134766
vt 0.216430664 0.345458984
vt 0.220581055 0.340576172
vt 0.219726562 0.344482422
vt 0.221191406 0.340576172
vt 0.222290039 0.342285156
vt 0.223388672 0.340332031
vt 0.223632812 0.338623047
vt 0.222045898 0.339355469
vt 0.223144531 0.338378906
vt 0.223144531 0.337890625
vt 0.223632812 0.337890625
vt 0.847167969 0.11517334
vt 0.845214844 0.116638184
vt 0.845214844 0.115234375
vt 0.846191406 0.116638184
vt 0.846679688 0.11706543
vt 0.847167969 0.119445801
vt 0.847167969 0.114807129
vt 0.846191406 0.117553711
vt 0.847167969 0.114440918
vt 0.847167969 0.113586426
vt 0.847167969 0.114440918
vt 0.845214844 0.114440918
vt 0.845214844 0.112365723
vt 0.846679688 0.111694336
vt 0.845214844 0.10949707
vt 0.846679688 0.108642578
vt 0.845214844 0.106628418
vt 0.846679688 0.105895996
vt 0.846679688 0.103271484
vt 0.845214844 0.103027344
vt 0.846679688 0.0997314453
vt 0.845214844 0.0994262695
vt 0.846679688 0.0961914062
vt 0.845214844 0.0958251953
vt 0.846679688 0.0928955078
vt 0.845214844 0.0927124023
vt 0.847167969 0.0910644531
vt 0.845214844 0.0908813477
vt 0.847167969 0.0897827148
vt 0.847167969 0.0852050781
vt 0.845214844 0.0836791992
vt 0.846679688 0.0835571289
vt 0.845214844 0.0820922852
vt 0.846679688 0.080871582
vt 0.845214844 0.0794067383
vt 0.846679688 0.0772705078
vt 0.845214844 0.0756225586
vt 0.846679688 0.0745239258
vt 0.845214844 0.0718383789
vt 0.846679688 0.0717773438
vt 0.846679688 0.069152832
vt 0.845214844 0.0680541992
vt 0.846679688 0.0665893555
vt 0.845214844 0.0645141602
vt 0.846679688 0.063293457
vt 0.845214844 0.0623779297
vt 0.846679688 0.0614318848
vt 0.845214844 0.0606384277
vt 0.847167969 0.0605773926
vt 0.847167969 0.0601806641
vt 0.847167969 0.0602722168
vt 0.845214844 0.117492676
vt 0.845214844 0.11895752
vt 0.847167969 0.119018555
vt 0.847167969 0.119384766
vt 0.0667114258 0.279785156
vt 0.0668334961 0.280517578
vt 0.0656738281 0.280761719
vt 0.0682373047 0.279296875
vt 0.0682373047 0.277832031
vt 0.0698852539 0.276611328
vt 0.0696411133 0.274902344
vt 0.0708618164 0.273193359
vt 0.0701293945 0.272216797
vt 0.0709838867 0.26953125
vt 0.0701904297 0.269775391
vt 0.069519043 0.266601562
vt 0.0705566406 0.267089844
vt 0.0695800781 0.264404297
vt 0.0680541992 0.263427734
vt 0.0679931641 0.261962891
vt 0.0656738281 0.260742188
vt 0.0665283203 0.260986328
vt 0.900390625 0.20703125
vt 0.900390625 0.210449219
vt 0.895996094 0.210205078
vt 0.895996094 0.207763672
vt 0.895996094 0.205078125
vt 0.899902344 0.203491211
vt 0.895996094 0.201416016
vt 0.899902344 0.199951172
vt 0.895996094 0.197998047
vt 0.899902344 0.196533203
vt 0.895996094 0.194702148
vt 0.899902344 0.192871094
vt 0.895996094 0.192016602
vt 0.895996094 0.189575195
vt 0.899902344 0.189331055
vt 0.895996094 0.186157227
vt 0.899902344 0.185791016
vt 0.895996094 0.18347168
vt 0.899902344 0.182373047
vt 0.895996094 0.182006836
vt 0.899902344 0.178955078
vt 0.895996094 0.17980957
vt 0.895996094 0.177490234
vt 0.899902344 0.175415039
vt 0.895996094 0.175048828
vt 0.899902344 0.17199707
vt 0.895996094 0.171630859
vt 0.899902344 0.168457031
vt 0.895996094 0.169189453
vt 0.895996094 0.166625977
vt 0.900390625 0.164916992
vt 0.895996094 0.1640625
vt 0.895996094 0.161499023
vt 0.900390625 0.161254883
vt 0.895996094 0.158081055
vt 0.900390625 0.157836914
vt 0.895996094 0.155517578
vt 0.900390625 0.154418945
vt 0.895996094 0.154052734
vt 0.266601562 0.0971679688
vt 0.266601562 0.0966186523
vt 0.267578125 0.0963134766
vt 0.265136719 0.0977172852
vt 0.265136719 0.0991210938
vt 0.263427734 0.100402832
vt 0.263671875 0.102172852
vt 0.262695312 0.102844238
vt 0.263183594 0.104675293
vt 0.262207031 0.10546875
vt 0.262939453 0.10723877
vt 0.262207031 0.108215332
vt 0.263427734 0.109741211
vt 0.262939453 0.110839844
vt 0.264160156 0.112060547
vt 0.264404297 0.114074707
vt 0.266113281 0.114929199
vt 0.266113281 0.115966797
vt 0.267578125 0.116516113
vt 0.168334961 0.128295898
vt 0.168701172 0.128173828
vt 0.168334961 0.129516602
vt 0.168823242 0.129394531
vt 0.169311523 0.128173828
vt 0.168823242 0.129760742
vt 0.169311523 0.129516602
vt 0.180908203 0.186767578
vt 0.180786133 0.184692383
vt 0.181030273 0.184692383
vt 0.180664062 0.186401367
vt 0.180297852 0.184692383
vt 0.180419922 0.186767578
vt 0.180419922 0.187011719
vt 0.179931641 0.186889648
vt 0.180297852 0.186401367
vt 0.17956543 0.184814453
vt 0.452392578 0.103271484
vt 0.450683594 0.06640625
vt 0.454101562 0.103149414
vt 0.452392578 0.0662231445
vt 0.453125 0.0640869141
vt 0.449951172 0.0643920898
vt 0.454101562 0.0621337891
vt 0.453857422 0.0606384277
vt 0.448730469 0.0626220703
vt 0.454101562 0.0609436035
vt 0.448730469 0.0614013672
vt 0.453857422 0.0600585938
vt 0.448974609 0.0603637695
vt 0.453125 0.0593261719
vt 0.449462891 0.0594787598
vt 0.452392578 0.0587768555
vt 0.450439453 0.0588989258
vt 0.451416016 0.0586547852
vt 0.406494141 0.674804688
vt 0.406982422 0.712402344
vt 0.405273438 0.712402344
vt 0.407958984 0.675292969
vt 0.405761719 0.673339844
vt 0.408691406 0.673339844
vt 0.409667969 0.670898438
vt 0.404785156 0.670898438
vt 0.404785156 0.670898438
vt 0.404785156 0.669433594
vt 0.409667969 0.668945312
vt 0.409912109 0.669921875
vt 0.409179688 0.66796875
vt 0.408203125 0.667480469
vt 0.407226562 0.667480469
vt 0.40625 0.667480469
vt 0.405517578 0.66796875
vt 0.404785156 0.668945312
vt 0.201660156 0.164916992
vt 0.199951172 0.164916992
vt 0.201660156 0.163208008
vt 0.199951172 0.163208008
vt 0.0061378479 0.196777344
vt 0.0064201355 0.233886719
vt 0.00592041016 0.196899414
vt 0.0064201355 0.194824219
vt 0.000550270081 0.0817260742
vt 0.000246763229 0.0842285156
vt 0.000329494476 0.0816650391
vt 0.000246763229 0.0805053711
vt 0.204345703 0.00315093994
vt 0.204101562 0.00104427338
vt 0.204589844 0.0029296875
vt 0.204101562 0.0401916504
vt 0.199951172 0.193969727
vt 0.201660156 0.195678711
vt 0.199951172 0.195800781
vt 0.201660156 0.193969727
vt 0.192382812 0.00286483765
vt 0.192749023 0.0401916504
vt 0.192260742 0.00284957886
vt 0.192749023 0.000699520111
vt 3.11136246e-05 0.182617188
vt 0.000550270081 0.184814453
vt 0.000356435776 0.184936523
vt 3.11136246e-05 0.222167969
vt 0.147338867 0.0545959473
vt 0.145751953 0.0916137695
vt 0.145629883 0.0545959473
vt 0.147216797 0.0919189453
vt 0.145629883 0.09375
vt 0.147216797 0.0941162109
vt 0.145751953 0.0962524414
vt 0.147216797 0.0962524414
vt 0.147216797 0.0974731445
vt 0.145629883 0.0977172852
vt 0.147216797 0.0985107422
vt 0.145751953 0.0985107422
vt 0.147216797 0.099609375
vt 0.145629883 0.099609375
vt 0.147216797 0.100646973
vt 0.145629883 0.100646973
vt 0.145629883 0.10168457
vt 0.147216797 0.101745605
vt 0.145629883 0.102722168
vt 0.147216797 0.102783203
vt 0.145629883 0.103759766
vt 0.147216797 0.103820801
vt 0.145629883 0.104797363
vt 0.147216797 0.104919434
vt 0.145629883 0.105834961
vt 0.147216797 0.105957031
vt 0.145751953 0.107116699
vt 0.147216797 0.107116699
vt 0.147216797 0.10925293
vt 0.145629883 0.109619141
vt 0.147216797 0.11151123
vt 0.145751953 0.111633301
vt 0.145629883 0.148803711
vt 0.147338867 0.148803711
vt 0.523925781 0.0556640625
vt 0.519042969 0.0559387207
vt 0.5234375 0.0552368164
vt 0.521972656 0.0565795898
vt 0.519042969 0.0569458008
vt 0.516601562 0.0562744141
vt 0.515625 0.0568847656
vt 0.524414062 0.0563964844
vt 0.515136719 0.0575256348
vt 0.521484375 0.057434082
vt 0.524414062 0.0574645996
vt 0.524414062 0.0599060059
vt 0.523925781 0.0607910156
vt 0.522949219 0.0620117188
vt 0.520019531 0.0577087402
vt 0.518554688 0.0580444336
vt 0.521972656 0.0635375977
vt 0.516601562 0.0581359863
vt 0.515136719 0.0588989258
vt 0.515136719 0.0611877441
vt 0.516601562 0.0628662109
vt 0.521484375 0.0656738281
vt 0.517089844 0.065246582
vt 0.517578125 0.0672607422
vt 0.521484375 0.0685424805
vt 0.517089844 0.0689697266
vt 0.516601562 0.0704345703
vt 0.521972656 0.0702514648
vt 0.519042969 0.0757446289
vt 0.515136719 0.072265625
vt 0.515136719 0.0733032227
vt 0.515136719 0.0747680664
vt 0.515136719 0.0761108398
vt 0.515625 0.0770263672
vt 0.522949219 0.0717773438
vt 0.516601562 0.0774536133
vt 0.520996094 0.0759887695
vt 0.523925781 0.0729370117
vt 0.524414062 0.0739746094
vt 0.524414062 0.0764160156
vt 0.519042969 0.0776977539
vt 0.524414062 0.077331543
vt 0.523925781 0.0783691406
vt 0.341064453 0.136230469
vt 0.340576172 0.138305664
vt 0.340087891 0.136352539
vt 0.339599609 0.138183594
vt 0.340576172 0.14074707
vt 0.339599609 0.140625
vt 0.339599609 0.142578125
vt 0.340576172 0.142822266
vt 0.339355469 0.144775391
vt 0.340332031 0.14453125
vt 0.340332031 0.146118164
vt 0.339355469 0.146728516
vt 0.340332031 0.1484375
vt 0.339355469 0.1484375
vt 0.340332031 0.149414062
vt 0.339599609 0.151733398
vt 0.340576172 0.150878906
vt 0.340820312 0.15222168
vt 0.340087891 0.152954102
vt 0.341064453 0.153198242
vt 0.24987793 0.201904297
vt 0.25 0.203125
vt 0.249023438 0.202636719
vt 0.248901367 0.201782227
vt 0.25 0.196899414
vt 0.249023438 0.19909668
vt 0.249023438 0.193969727
vt 0.25 0.194091797
vt 0.927246094 0.207885742
vt 0.928222656 0.207885742
vt 0.927246094 0.208618164
vt 0.926269531 0.208618164
vt 0.926757812 0.209350586
vt 0.92578125 0.209350586
vt 0.924804688 0.211425781
vt 0.92578125 0.211425781
vt 0.925292969 0.212524414
vt 0.924316406 0.212524414
vt 0.925292969 0.214111328
vt 0.924316406 0.213623047
vt 0.923828125 0.215820312
vt 0.924804688 0.215820312
vt 0.925292969 0.217651367
vt 0.924316406 0.217895508
vt 0.925292969 0.220581055
vt 0.924316406 0.220336914
vt 0.923828125 0.22253418
vt 0.924804688 0.22277832
vt 0.924316406 0.224365234
vt 0.925292969 0.224487305
vt 0.924316406 0.226196289
vt 0.925292969 0.226196289
vt 0.92578125 0.227050781
vt 0.924804688 0.227783203
vt 0.926757812 0.229370117
vt 0.92578125 0.229614258
vt 0.927246094 0.230224609
vt 0.926269531 0.23034668
vt 0.927734375 0.230712891
vt 0.927246094 0.230957031
vt 0.928222656 0.231323242
vt 0.926269531 0.235595703
vt 0.927246094 0.236206055
vt 0.926269531 0.23046875
vt 0.925292969 0.23425293
vt 0.925292969 0.230102539
vt 0.926757812 0.238891602
vt 0.923339844 0.230102539
vt 0.926269531 0.238647461
vt 0.92578125 0.238647461
vt 0.92578125 0.239624023
vt 0.926757812 0.239868164
vt 0.926269531 0.240478516
vt 0.925292969 0.239501953
vt 0.925292969 0.240722656
vt 0.926269531 0.241821289
vt 0.92578125 0.244140625
vt 0.924804688 0.244140625
vt 0.924316406 0.239990234
vt 0.923828125 0.234985352
vt 0.921875 0.23034668
vt 0.920898438 0.231567383
vt 0.922363281 0.236694336
vt 0.921386719 0.239624023
vt 0.919921875 0.23840332
vt 0.920898438 0.234130859
vt 0.919433594 0.232299805
vt 0.919921875 0.235595703
vt 0.917480469 0.237426758
vt 0.913574219 0.234863281
vt 0.916015625 0.237060547
vt 0.9140625 0.237304688
vt 0.912109375 0.238037109
vt 0.91015625 0.235717773
vt 0.910644531 0.238891602
vt 0.907714844 0.238769531
vt 0.917480469 0.235107422
vt 0.916992188 0.232788086
vt 0.915039062 0.232543945
vt 0.913085938 0.231689453
vt 0.910644531 0.234008789
vt 0.911132812 0.23046875
vt 0.911621094 0.234985352
vt 0.907714844 0.235473633
vt 0.909179688 0.233520508
vt 0.907226562 0.234985352
vt 0.906738281 0.23828125
vt 0.90625 0.237182617
vt 0.909667969 0.229125977
vt 0.910644531 0.229492188
vt 0.908203125 0.232543945
vt 0.907226562 0.228759766
vt 0.907226562 0.231567383
vt 0.90625 0.228881836
vt 0.90625 0.233276367
vt 0.905761719 0.232177734
vt 0.905273438 0.229370117
vt 0.26171875 0.341308594
vt 0.261230469 0.349121094
vt 0.261474609 0.341552734
vt 0.261474609 0.359863281
vt 0.260986328 0.352294922
vt 0.261230469 0.363769531
vt 0.26171875 0.368652344
vt 0.26171875 0.366943359
vt 0.261474609 0.368408203
vt 0.261474609 0.371582031
vt 0.26171875 0.371582031
vt 0.26171875 0.373291016
vt 0.745117188 0.0859375
vt 0.745117188 0.0859375
vt 0.745117188 0.0859375
vt 0.745117188 0.0859375
vt 0.745117188 0.0859375
vt 0.745117188 0.0859375
vt 0.745117188 0.0859375
vt 0.745117188 0.0859375
vt 0.745117188 0.0859375
vt 0.745117188 0.0859375
vt 0.745117188 0.0859375
vt 0.745117188 0.0859375
vt 0.745117188 0.0859375
vt 0.745117188 0.0859375
vt 0.745117188 0.0859375
vt 0.745117188 0.0859375
vt 0.745117188 0.0859375
vt 0.745117188 0.0859375
vt 0.745117188 0.0859375
vt 0.745117188 0.0859985352
vt 0.745117188 0.0859985352
vt 0.745117188 0.0859985352
vt 0.745117188 0.0859985352
vt 0.745117188 0.0860595703
vt 0.745117188 0.0859985352
vt 0.745117188 0.0860595703
vt 0.745117188 0.0860595703
vt 0.745117188 0.0860595703
vt 0.745117188 0.0860595703
vt 0.745117188 0.0861206055
vt 0.745117188 0.0860595703
vt 0.745117188 0.0861206055
vt 0.745117188 0.0861206055
vt 0.744628906 0.0863037109
vt 0.744628906 0.0863037109
vt 0.744628906 0.0863037109
vt 0.744628906 0.0864868164
vt 0.744628906 0.0864868164
vt 0.744628906 0.0864868164
vt 0.744628906 0.0865478516
vt 0.744628906 0.0865478516
vt 0.744628906 0.0866699219
vt 0.744628906 0.0866699219
vt 0.744628906 0.0869140625
vt 0.744628906 0.0873413086
vt 0.744628906 0.0877685547
vt 0.745117188 0.0872802734
vt 0.744628906 0.0888061523
vt 0.745117188 0.0885620117
vt 0.745117188 0.0889282227
vt 0.745117188 0.0892944336
vt 0.745117188 0.0892333984
vt 0.745605469 0.0899047852
vt 0.745117188 0.08984375
vt 0.745605469 0.08984375
vt 0.745117188 0.0905761719
vt 0.747558594 0.0939941406
vt 0.747070312 0.0941162109
vt 0.747070312 0.094543457
vt 0.75 0.0997314453
vt 0.749023438 0.0994873047
vt 0.75 0.0999755859
vt 0.750488281 0.102783203
vt 0.749511719 0.100891113
vt 0.75 0.102966309
vt 0.749511719 0.102478027
vt 0.749511719 0.105834961
vt 0.749023438 0.106750488
vt 0.748535156 0.108276367
vt 0.749511719 0.103393555
vt 0.749023438 0.104797363
vt 0.747558594 0.106994629
vt 0.745605469 0.110046387
vt 0.746582031 0.111022949
vt 0.74609375 0.111022949
vt 0.745117188 0.111206055
vt 0.744628906 0.113220215
vt 0.744628906 0.113647461
vt 0.745117188 0.113891602
vt 0.745605469 0.123657227
vt 0.745117188 0.126831055
vt 0.74609375 0.137695312
vt 0.74609375 0.139892578
vt 0.745605469 0.140380859
vt 0.746582031 0.153686523
vt 0.747070312 0.154418945
vt 0.747070312 0.161987305
vt 0.748046875 0.161865234
vt 0.411376953 0.0648803711
vt 0.411376953 0.0665893555
vt 0.410644531 0.0610351562
vt 0.411132812 0.0617980957
vt 0.410888672 0.0569763184
vt 0.410400391 0.0504455566
vt 0.410888672 0.0456542969
vt 0.410644531 0.0438842773
vt 0.411376953 0.0347290039
vt 0.411132812 0.0356445312
vt 0.038482666 0.7890625
vt 0.0366516113 0.783691406
vt 0.037109375 0.784667969
vt 0.0368041992 0.792480469
vt 0.0335388184 0.791015625
vt 0.0359802246 0.783203125
vt 0.0348510742 0.782714844
vt 0.0395202637 0.793945312
vt 0.0323181152 0.782714844
vt 0.0366821289 0.796386719
vt 0.0398864746 0.794921875
vt 0.0343017578 0.795410156
vt 0.0307769775 0.791992188
vt 0.0296630859 0.782714844
vt 0.0286712646 0.783203125
vt 0.0368041992 0.801757812
vt 0.0355529785 0.812988281
vt 0.0319213867 0.795898438
vt 0.029006958 0.791992188
vt 0.0280303955 0.783691406
vt 0.0398254395 0.805664062
vt 0.0404968262 0.795898438
vt 0.0409240723 0.8046875
vt 0.0408630371 0.795898438
vt 0.0415039062 0.796386719
vt 0.0319213867 0.801757812
vt 0.0381774902 0.811035156
vt 0.0403747559 0.817382812
vt 0.0262908936 0.790039062
vt 0.0276184082 0.784667969
vt 0.0293121338 0.797851562
vt 0.0275726318 0.794433594
vt 0.0255279541 0.794433594
vt 0.0251617432 0.795410156
vt 0.0397644043 0.82421875
vt 0.0267791748 0.800292969
vt 0.0301055908 0.812988281
vt 0.0272827148 0.811035156
vt 0.0255584717 0.805175781
vt 0.0245666504 0.805664062
vt 0.0247344971 0.795898438
vt 0.0242919922 0.796386719
vt 0.0253295898 0.816894531
vt 0.0328063965 0.814941406
vt 0.0274353027 0.82421875
vt 0.0303649902 0.824707031
vt 0.0333251953 0.82421875
vt 0.0327148438 0.836425781
vt 0.0268249512 0.841308594
vt 0.035949707 0.82421875
vt 0.0367126465 0.836425781
vt 0.0255889893 0.836425781
vt 0.0257110596 0.82421875
vt 0.0247192383 0.833984375
vt 0.0245666504 0.824707031
vt 0.0238800049 0.833007812
vt 0.0294647217 0.848632812
vt 0.0284729004 0.847167969
vt 0.0307922363 0.848632812
vt 0.0340270996 0.848632812
vt 0.0366821289 0.848632812
vt 0.0377807617 0.847167969
vt 0.0387573242 0.844238281
vt 0.0401611328 0.837402344
vt 0.0410766602 0.82421875
vt 0.0411376953 0.834472656
vt 0.0419616699 0.833007812
vt 0.0413818359 0.816894531
vt 0.0422363281 0.82421875
vt 0.0432739258 0.831542969
vt 0.0437927246 0.82421875
vt 0.0447692871 0.830566406
vt 0.04296875 0.82421875
vt 0.0420227051 0.8125
vt 0.0450439453 0.82421875
vt 0.0455322266 0.825195312
vt 0.0460510254 0.81640625
vt 0.0433349609 0.8125
vt 0.0455322266 0.815917969
vt 0.0417480469 0.80078125
vt 0.0426330566 0.797363281
vt 0.0429077148 0.801269531
vt 0.044342041 0.798339844
vt 0.0445251465 0.805175781
vt 0.0454406738 0.807128906
vt 0.0460205078 0.80859375
vt 0.0449523926 0.798828125
vt 0.0455627441 0.799804688
vt 0.470214844 0.059173584
vt 0.471191406 0.0578613281
vt 0.469970703 0.0603942871
vt 0.470947266 0.0591125488
vt 0.470458984 0.0604858398
vt 0.470214844 0.0619812012
vt 0.469726562 0.0614013672
vt 0.471679688 0.058013916
vt 0.470703125 0.0641479492
vt 0.471435547 0.0577697754
vt 0.471435547 0.0571899414
vt 0.471679688 0.0574951172
vt 0.471679688 0.0572509766
vt 0.470458984 0.0643920898
vt 0.469726562 0.0628051758
vt 0.470703125 0.0661621094
vt 0.471435547 0.0677490234
vt 0.472167969 0.0687866211
vt 0.47265625 0.0712280273
vt 0.474365234 0.0742797852
vt 0.473876953 0.0744628906
vt 0.473876953 0.0749511719
vt 0.474609375 0.0758666992
vt 0.474121094 0.0756225586
vt 0.473876953 0.0764160156
vt 0.474121094 0.0767211914
vt 0.474365234 0.077331543
vt 0.473632812 0.0791625977
vt 0.474121094 0.0807495117
vt 0.473388672 0.0822143555
vt 0.473876953 0.0835571289
vt 0.473632812 0.0838623047
vt 0.473388672 0.0838623047
vt 0.473632812 0.0850219727
vt 0.473144531 0.085144043
vt 0.473388672 0.0852050781
vt 0.472900391 0.0883178711
vt 0.472412109 0.088684082
vt 0.471435547 0.091003418
vt 0.470947266 0.0946044922
vt 0.470703125 0.094543457
vt 0.469970703 0.0960693359
vt 0.470458984 0.0978393555
vt 0.469970703 0.098449707
vt 0.469726562 0.0980834961
vt 0.470458984 0.0997314453
vt 0.469970703 0.100097656
vt 0.470458984 0.101013184
vt 0.471191406 0.101623535
vt 0.470703125 0.10168457
vt 0.471679688 0.102661133
vt 0.472412109 0.102966309
vt 0.471923828 0.103271484
vt 0.0211791992 0.831054688
vt 0.0213165283 0.829101562
vt 0.0215911865 0.831542969
vt 0.0213928223 0.824707031
vt 0.020904541 0.826171875
vt 0.0207977295 0.824707031
vt 0.0225830078 0.824707031
vt 0.0227508545 0.83203125
vt 0.0222930908 0.812988281
vt 0.0236663818 0.824707031
vt 0.0235443115 0.8125
vt 0.024307251 0.81640625
vt 0.0209655762 0.8125
vt 0.0202178955 0.817382812
vt 0.0238189697 0.803222656
vt 0.0237426758 0.796875
vt 0.0224914551 0.797363281
vt 0.0225830078 0.803710938
vt 0.0208587646 0.804199219
vt 0.0202178955 0.799316406
vt 0.0208740234 0.798828125
vt 0.0149536133 0.854003906
vt 0.0196838379 0.850585938
vt 0.021270752 0.854003906
vt 0.0162658691 0.856445312
vt 0.0176696777 0.859375
vt 0.0228729248 0.857421875
vt 0.0188446045 0.862304688
vt 0.0244750977 0.860839844
vt 0.0199584961 0.864257812
vt 0.0260925293 0.864257812
vt 0.0213775635 0.8671875
vt 0.0226287842 0.870117188
vt 0.0277099609 0.867675781
vt 0.0237731934 0.872558594
vt 0.0293426514 0.87109375
vt 0.0254364014 0.874023438
vt 0.0306243896 0.874511719
vt 0.022644043 0.872070312
vt 0.0221252441 0.87109375
vt 0.0246276855 0.874023438
vt 0.0255737305 0.875
vt 0.0255737305 0.875
vt 0.0204315186 0.870117188
vt 0.0202789307 0.869140625
vt 0.0185241699 0.8671875
vt 0.0185699463 0.866699219
vt 0.0172119141 0.864746094
vt 0.0176086426 0.864257812
vt 0.0169372559 0.861816406
vt 0.0164337158 0.861328125
vt 0.0162963867 0.858398438
vt 0.016708374 0.858886719
vt 0.0165710449 0.856445312
vt 0.0169677734 0.855957031
vt 0.0199432373 0.871582031
vt 0.0220184326 0.873046875
vt 0.0246276855 0.874023438
vt 0.0238189697 0.875
vt 0.0244598389 0.876464844
vt 0.0249938965 0.879394531
vt 0.0173492432 0.87109375
vt 0.0172576904 0.869628906
vt 0.0144882202 0.870117188
vt 0.0148925781 0.872070312
vt 0.0119628906 0.872070312
vt 0.012802124 0.873535156
vt 0.0101318359 0.874511719
vt 0.0313720703 0.878417969
vt 0.0110397339 0.875976562
vt 0.00956726074 0.875976562
vt 0.00926971436 0.876953125
vt 0.0247650146 0.883300781
vt 0.00372123718 0.879882812
vt 0.00415420532 0.876464844
vt 0.010559082 0.880371094
vt 0.00384521484 0.884277344
vt 0.0110015869 0.883300781
vt 0.0096282959 0.884765625
vt 0.0116043091 0.885253906
vt 0.010887146 0.88671875
vt 0.0138015747 0.887207031
vt 0.0133209229 0.888671875
vt 0.0159606934 0.890136719
vt 0.0161590576 0.888671875
vt 0.0188598633 0.890136719
vt 0.0187072754 0.888671875
vt 0.0216522217 0.889160156
vt 0.0211486816 0.887695312
vt 0.0240325928 0.887695312
vt 0.0231781006 0.886230469
vt 0.0257873535 0.884765625
vt 0.026184082 0.883300781
vt 0.0264129639 0.882324219
vt 0.0313415527 0.881835938
vt 0.0313415527 0.885253906
vt 0.0264282227 0.885253906
vt 0.0313110352 0.889160156
vt 0.0264129639 0.888183594
vt 0.0313110352 0.892089844
vt 0.0264129639 0.890625
vt 0.0264129639 0.893066406
vt 0.0313110352 0.895996094
vt 0.0263977051 0.895996094
vt 0.0313110352 0.899414062
vt 0.0264129639 0.898925781
vt 0.0313415527 0.902832031
vt 0.0264129639 0.901367188
vt 0.0264282227 0.903320312
vt 0.0313720703 0.90625
vt 0.0263366699 0.904785156
vt 0.0456237793 0.192871094
vt 0.0456542969 0.19152832
vt 0.0487365723 0.192626953
vt 0.0488586426 0.190917969
vt 0.0456542969 0.190307617
vt 0.0489501953 0.189331055
vt 0.0456848145 0.188964844
vt 0.0489807129 0.187744141
vt 0.0456848145 0.187744141
vt 0.0456848145 0.186401367
vt 0.0488891602 0.186157227
vt 0.045715332 0.185180664
vt 0.0487365723 0.184448242
vt 0.045715332 0.183837891
vt 0.048614502 0.182739258
vt 0.0456848145 0.182617188
vt 0.0456848145 0.181396484
vt 0.0485534668 0.181274414
vt 0.0456848145 0.180053711
vt 0.0485839844 0.180053711
vt 0.0456542969 0.178833008
vt 0.048614502 0.178833008
vt 0.0456237793 0.177490234
vt 0.0487060547 0.177246094
vt 0.80859375 0.506835938
vt 0.810058594 0.494384766
vt 0.812011719 0.506835938
vt 0.811523438 0.479003906
vt 0.810546875 0.480224609
vt 0.810058594 0.479003906
vt 0.811035156 0.475585938
vt 0.810058594 0.478515625
vt 0.807617188 0.476806641
vt 0.811523438 0.475585938
vt 0.812011719 0.475341797
vt 0.812011719 0.472167969
vt 0.812011719 0.472167969
vt 0.811523438 0.465332031
vt 0.812011719 0.464355469
vt 0.811035156 0.467041016
vt 0.811523438 0.472167969
vt 0.810058594 0.468505859
vt 0.808105469 0.469482422
vt 0.808105469 0.472167969
vt 0.807617188 0.475341797
vt 0.807617188 0.471923828
vt 0.807617188 0.469482422
vt 0.807128906 0.471923828
vt 0.807128906 0.469726562
vt 0.807128906 0.474609375
vt 0.807128906 0.475830078
vt 0.806640625 0.475097656
vt 0.806640625 0.471191406
vt 0.806640625 0.469726562
vt 0.806152344 0.473632812
vt 0.734863281 0.0314941406
vt 0.736328125 0.0431213379
vt 0.732910156 0.0430603027
vt 0.733398438 0.0152511597
vt 0.734375 0.0166931152
vt 0.734863281 0.0152206421
vt 0.733886719 0.0119476318
vt 0.737304688 0.0131988525
vt 0.733398438 0.0119171143
vt 0.733398438 0.0118255615
vt 0.733398438 0.00847625732
vt 0.732910156 0.00839233398
vt 0.733398438 0.000905036926
vt 0.733886719 0.00339126587
vt 0.733398438 0.00849151611
vt 0.735351562 0.00500488281
vt 0.737304688 0.00575256348
vt 0.737304688 0.00811767578
vt 0.737304688 0.0122528076
vt 0.737792969 0.0120315552
vt 0.737792969 0.0124969482
vt 0.73828125 0.0118331909
vt 0.737792969 0.00807189941
vt 0.737792969 0.00591278076
vt 0.73828125 0.00770950317
vt 0.738769531 0.0106430054
vt 0.738769531 0.00597763062
vt 0.322753906 0.323486328
vt 0.322753906 0.306152344
vt 0.326416016 0.323486328
vt 0.326416016 0.306152344
vt 0.552734375 0.227783203
vt 0.553222656 0.228759766
vt 0.552246094 0.227539062
vt 0.553222656 0.227783203
vt 0.553710938 0.228515625
vt 0.555664062 0.234130859
vt 0.559082031 0.224365234
vt 0.560058594 0.225219727
vt 0.561523438 0.223266602
vt 0.5625 0.221191406
vt 0.564453125 0.220825195
vt 0.563476562 0.219970703
vt 0.563964844 0.219238281
vt 0.565429688 0.220703125
vt 0.567871094 0.225463867
vt 0.568847656 0.227783203
vt 0.564453125 0.218994141
vt 0.569824219 0.229736328
vt 0.563476562 0.218017578
vt 0.557128906 0.236816406
vt 0.563964844 0.217773438
vt 0.563964844 0.217529297
vt 0.562988281 0.216430664
vt 0.563476562 0.216064453
vt 0.5625 0.21472168
vt 0.562988281 0.214355469
vt 0.5625 0.212158203
vt 0.5625 0.213867188
vt 0.562011719 0.211791992
vt 0.562011719 0.209106445
vt 0.562011719 0.208740234
vt 0.561523438 0.202026367
vt 0.562011719 0.20300293
vt 0.561523438 0.19921875
vt 0.561035156 0.194946289
vt 0.562011719 0.197998047
vt 0.562011719 0.193359375
vt 0.561523438 0.194946289
vt 0.561523438 0.188232422
vt 0.562011719 0.189086914
vt 0.561035156 0.185058594
vt 0.561035156 0.18359375
vt 0.559082031 0.179321289
vt 0.560058594 0.180786133
vt 0.560546875 0.180908203
vt 0.560058594 0.17980957
vt 0.559082031 0.179321289
vt 0.559570312 0.178588867
vt 0.559570312 0.178222656
vt 0.559082031 0.177978516
vt 0.559082031 0.177246094
vt 0.559082031 0.177246094
vt 0.558105469 0.173706055
vt 0.557617188 0.172973633
vt 0.556640625 0.169189453
vt 0.556152344 0.16796875
vt 0.555664062 0.164672852
vt 0.555175781 0.162719727
vt 0.555175781 0.1640625
vt 0.5546875 0.159912109
vt 0.5546875 0.159912109
vt 0.553710938 0.154296875
vt 0.553710938 0.153320312
vt 0.556640625 0.166870117
vt 0.555664062 0.161376953
vt 0.553710938 0.153442383
vt 0.552734375 0.142822266
vt 0.552246094 0.142822266
vt 0.552246094 0.14050293
vt 0.552734375 0.139282227
vt 0.552246094 0.138793945
vt 0.553222656 0.138183594
vt 0.553222656 0.137573242
vt 0.5546875 0.137207031
vt 0.554199219 0.136962891
vt 0.5546875 0.13684082
vt 0.556152344 0.137207031
vt 0.555664062 0.13659668
vt 0.556640625 0.13684082
vt 0.557128906 0.137329102
vt 0.556640625 0.137695312
vt 0.558105469 0.138793945
vt 0.558105469 0.138427734
vt 0.558105469 0.138061523
vt 0.55859375 0.139282227
vt 0.55859375 0.139160156
vt 0.559082031 0.140258789
vt 0.55859375 0.140136719
vt 0.55859375 0.143432617
vt 0.558105469 0.144287109
vt 0.558105469 0.143432617
vt 0.55859375 0.14453125
vt 0.559082031 0.14465332
vt 0.561035156 0.149414062
vt 0.561523438 0.149169922
vt 0.564453125 0.16003418
vt 0.557617188 0.14074707
vt 0.557128906 0.139282227
vt 0.557128906 0.142211914
vt 0.556152344 0.138183594
vt 0.5546875 0.138061523
vt 0.553710938 0.139038086
vt 0.553222656 0.140380859
vt 0.553222656 0.141601562
vt 0.554199219 0.142456055
vt 0.555664062 0.142822266
vt 0.557128906 0.160766602
vt 0.561035156 0.149658203
vt 0.564453125 0.160644531
vt 0.565917969 0.165039062
vt 0.56640625 0.166259766
vt 0.56640625 0.168457031
vt 0.567382812 0.172119141
vt 0.557617188 0.171386719
vt 0.567382812 0.17199707
vt 0.567382812 0.173217773
vt 0.556640625 0.169189453
vt 0.555664062 0.162597656
vt 0.557128906 0.173950195
vt 0.55859375 0.176391602
vt 0.557617188 0.177612305
vt 0.557617188 0.178710938
vt 0.567382812 0.173217773
vt 0.568359375 0.174804688
vt 0.569824219 0.180664062
vt 0.568847656 0.17590332
vt 0.5703125 0.177124023
vt 0.571289062 0.177490234
vt 0.564941406 0.181152344
vt 0.569335938 0.18371582
vt 0.559082031 0.181152344
vt 0.558105469 0.180297852
vt 0.558105469 0.181396484
vt 0.559570312 0.183349609
vt 0.558105469 0.184204102
vt 0.559082031 0.18762207
vt 0.557128906 0.189697266
vt 0.572265625 0.181518555
vt 0.572265625 0.177734375
vt 0.557617188 0.192871094
vt 0.556152344 0.193725586
vt 0.555175781 0.198120117
vt 0.558105469 0.200561523
vt 0.554199219 0.203125
vt 0.553710938 0.208984375
vt 0.553710938 0.212036133
vt 0.5546875 0.214233398
vt 0.570800781 0.19128418
vt 0.561523438 0.200195312
vt 0.570800781 0.188964844
vt 0.570800781 0.187988281
vt 0.572265625 0.185668945
vt 0.573730469 0.184692383
vt 0.573242188 0.203979492
vt 0.57421875 0.183837891
vt 0.5625 0.212158203
vt 0.577148438 0.218505859
vt 0.56640625 0.216674805
vt 0.559570312 0.217773438
vt 0.573242188 0.177978516
vt 0.574707031 0.183105469
vt 0.573730469 0.177734375
vt 0.556152344 0.216796875
vt 0.557617188 0.217529297
vt 0.555175781 0.215698242
vt 0.575195312 0.180175781
vt 0.57421875 0.177612305
vt 0.575195312 0.182495117
vt 0.575195312 0.181762695
vt 0.831542969 0.622070312
vt 0.828125 0.620605469
vt 0.828613281 0.620117188
vt 0.831542969 0.624023438
vt 0.832519531 0.623046875
vt 0.833007812 0.623535156
vt 0.832519531 0.624511719
vt 0.833496094 0.624511719
vt 0.833984375 0.624023438
vt 0.833007812 0.625
vt 0.833984375 0.625
vt 0.833496094 0.625976562
vt 0.834472656 0.626464844
vt 0.833496094 0.629394531
vt 0.834960938 0.628417969
vt 0.834960938 0.629882812
vt 0.833496094 0.630859375
vt 0.834960938 0.630859375
vt 0.835449219 0.633300781
vt 0.835449219 0.643554688
vt 0.833496094 0.645996094
vt 0.835449219 0.655761719
vt 0.833496094 0.657714844
vt 0.835449219 0.662109375
vt 0.834472656 0.662597656
vt 0.830078125 0.662597656
vt 0.827636719 0.661621094
vt 0.827636719 0.659667969
vt 0.823730469 0.659667969
vt 0.817871094 0.657714844
vt 0.815917969 0.661621094
vt 0.823730469 0.661621094
vt 0.815917969 0.661132812
vt 0.815429688 0.645996094
vt 0.817382812 0.645019531
vt 0.815429688 0.633300781
vt 0.817382812 0.630859375
vt 0.815917969 0.630859375
vt 0.817382812 0.629882812
vt 0.815917969 0.629882812
vt 0.817382812 0.62890625
vt 0.815917969 0.626953125
vt 0.817382812 0.625976562
vt 0.81640625 0.625488281
vt 0.817871094 0.625
vt 0.816894531 0.624511719
vt 0.817382812 0.623535156
vt 0.818847656 0.624511719
vt 0.817871094 0.623046875
vt 0.818359375 0.623046875
vt 0.819824219 0.623535156
vt 0.819824219 0.622070312
vt 0.821289062 0.622070312
vt 0.822265625 0.62109375
vt 0.821777344 0.620117188
vt 0.71484375 0.204467773
vt 0.713867188 0.208374023
vt 0.713867188 0.204467773
vt 0.715820312 0.203125
vt 0.71484375 0.20324707
vt 0.716308594 0.209106445
vt 0.715820312 0.202636719
vt 0.71484375 0.202514648
vt 0.715820312 0.201782227
vt 0.71484375 0.201782227
vt 0.713867188 0.212402344
vt 0.717285156 0.212280273
vt 0.719726562 0.218261719
vt 0.713867188 0.238891602
vt 0.72265625 0.238525391
vt 0.722167969 0.224731445
vt 0.723632812 0.231323242
vt 0.723632812 0.234375
vt 0.723632812 0.236328125
vt 0.720214844 0.240234375
vt 0.721679688 0.239501953
vt 0.713867188 0.240112305
vt 0.713867188 0.241455078
vt 0.719726562 0.241577148
vt 0.71875 0.24609375
vt 0.713867188 0.249755859
vt 0.71875 0.250488281
vt 0.713867188 0.252685547
vt 0.719238281 0.252685547
vt 0.713867188 0.256103516
vt 0.720703125 0.254394531
vt 0.721679688 0.255126953
vt 0.72265625 0.255859375
vt 0.724121094 0.255859375
vt 0.713867188 0.256835938
vt 0.724121094 0.256347656
vt 0.724121094 0.257080078
vt 0.713867188 0.258056641
vt 0.724121094 0.2578125
vt 0.724121094 0.258544922
vt 0.713867188 0.259033203
vt 0.724121094 0.259521484
vt 0.713867188 0.260009766
vt 0.724121094 0.260253906
vt 0.713867188 0.260742188
vt 0.724121094 0.260742188
vt 0.723632812 0.261230469
vt 0.713867188 0.261230469
vt 0.713867188 0.264160156
vt 0.723632812 0.263183594
vt 0.723632812 0.265380859
vt 0.713867188 0.269042969
vt 0.723144531 0.267578125
vt 0.723144531 0.269042969
vt 0.721679688 0.274169922
vt 0.716796875 0.287353516
vt 0.713867188 0.284667969
vt 0.713867188 0.288574219
vt 0.715820312 0.291992188
vt 0.713867188 0.293701172
vt 0.71484375 0.293701172
vt 0.715820312 0.294921875
vt 0.71484375 0.294921875
vt 0.715820312 0.295410156
vt 0.71484375 0.295654297
vt 0.166992188 0.169799805
vt 0.166992188 0.170776367
vt 0.166503906 0.170166016
vt 0.167602539 0.169921875
vt 0.167724609 0.170043945
vt 0.167236328 0.168823242
vt 0.16784668 0.16796875
vt 0.166748047 0.166625977
vt 0.167724609 0.166259766
vt 0.167358398 0.164672852
vt 0.166625977 0.164428711
vt 0.167114258 0.163452148
vt 0.166870117 0.161743164
vt 0.166503906 0.161865234
vt 0.166748047 0.160522461
vt 0.0196228027 0.205322266
vt 0.0190429688 0.206054688
vt 0.0185394287 0.205322266
vt 0.0191497803 0.204956055
vt 0.0189056396 0.204589844
vt 0.0182647705 0.203857422
vt 0.0188446045 0.203979492
vt 0.0194091797 0.201660156
vt 0.0183105469 0.202758789
vt 0.0184783936 0.201782227
vt 0.0187683105 0.199707031
vt 0.0194702148 0.199584961
vt 0.0189056396 0.198486328
vt 0.0194549561 0.197998047
vt 0.0191040039 0.196899414
vt 0.0196228027 0.196777344
vt 0.0191802979 0.195800781
vt 0.575683594 0.0844726562
vt 0.575195312 0.088684082
vt 0.575683594 0.085144043
vt 0.576171875 0.0833740234
vt 0.576171875 0.0779418945
vt 0.576660156 0.0799560547
vt 0.577148438 0.0743408203
vt 0.577636719 0.0704345703
vt 0.577636719 0.0821533203
vt 0.576171875 0.0868530273
vt 0.575683594 0.0896606445
vt 0.578125 0.0912475586
vt 0.577148438 0.0763549805
vt 0.574707031 0.0963745117
vt 0.57421875 0.0955200195
vt 0.578125 0.0693359375
vt 0.578125 0.0703125
vt 0.587890625 0.0794067383
vt 0.579101562 0.0721435547
vt 0.586914062 0.0838623047
vt 0.578125 0.0692138672
vt 0.573730469 0.108703613
vt 0.573242188 0.108398438
vt 0.57421875 0.0971069336
vt 0.573730469 0.101867676
vt 0.573242188 0.102661133
vt 0.572753906 0.108703613
vt 0.573730469 0.110961914
vt 0.573242188 0.110473633
vt 0.572753906 0.110717773
vt 0.57421875 0.111999512
vt 0.573730469 0.111938477
vt 0.57421875 0.112670898
vt 0.574707031 0.112609863
vt 0.574707031 0.113220215
vt 0.575683594 0.113037109
vt 0.575683594 0.113586426
vt 0.577148438 0.11340332
vt 0.577148438 0.112792969
vt 0.578125 0.112487793
vt 0.578613281 0.112670898
vt 0.579101562 0.111755371
vt 0.579589844 0.111755371
vt 0.579101562 0.110656738
vt 0.579589844 0.110900879
vt 0.579589844 0.109680176
vt 0.580078125 0.109741211
vt 0.580078125 0.107055664
vt 0.579589844 0.106445312
vt 0.579589844 0.10546875
vt 0.579101562 0.105712891
vt 0.580078125 0.106079102
vt 0.580078125 0.105285645
vt 0.581542969 0.102294922
vt 0.582519531 0.100280762
vt 0.58203125 0.100036621
vt 0.583007812 0.0988769531
vt 0.5859375 0.0882568359
vt 0.585449219 0.0902099609
vt 0.587402344 0.0812988281
vt 0.585449219 0.0881958008
vt 0.588378906 0.0761108398
vt 0.588378906 0.0751342773
vt 0.588867188 0.0747680664
vt 0.589355469 0.0731201172
vt 0.589355469 0.0678100586
vt 0.579589844 0.0665283203
vt 0.589355469 0.0728149414
vt 0.58984375 0.0719604492
vt 0.591308594 0.0708618164
vt 0.591796875 0.0663452148
vt 0.592773438 0.0702514648
vt 0.590332031 0.063659668
vt 0.578613281 0.0630493164
vt 0.59375 0.0622558594
vt 0.59375 0.0659790039
vt 0.594726562 0.0631713867
vt 0.592285156 0.060760498
vt 0.595214844 0.0638427734
vt 0.591796875 0.0596008301
vt 0.594726562 0.0699462891
vt 0.591796875 0.0586242676
vt 0.596191406 0.0646972656
vt 0.591796875 0.0558776855
vt 0.578613281 0.0544128418
vt 0.59375 0.0457763672
vt 0.596191406 0.0665283203
vt 0.595703125 0.0703125
vt 0.596191406 0.0655517578
vt 0.580078125 0.059753418
vt 0.577636719 0.0569763184
vt 0.577148438 0.0541992188
vt 0.578125 0.0604858398
vt 0.576171875 0.0504760742
vt 0.578613281 0.0640869141
vt 0.578125 0.0650634766
vt 0.577636719 0.0455627441
vt 0.575195312 0.0452270508
vt 0.578125 0.0679321289
vt 0.577636719 0.0679931641
vt 0.577636719 0.0687866211
vt 0.578613281 0.0673828125
vt 0.577636719 0.0695800781
vt 0.577636719 0.0686035156
vt 0.577636719 0.0704345703
vt 0.576171875 0.0776367188
vt 0.576171875 0.0772094727
vt 0.575683594 0.0838623047
vt 0.576171875 0.083984375
vt 0.575683594 0.0846557617
vt 0.575683594 0.0848388672
vt 0.575683594 0.0882568359
vt 0.575195312 0.0952758789
vt 0.575195312 0.0953979492
vt 0.575195312 0.0961303711
vt 0.575195312 0.0962524414
vt 0.678710938 0.3984375
vt 0.679199219 0.399169922
vt 0.679199219 0.408447266
vt 0.679199219 0.403320312
vt 0.6796875 0.404296875
vt 0.6796875 0.409912109
vt 0.679199219 0.410644531
vt 0.6796875 0.411132812
vt 0.679199219 0.412353516
vt 0.681640625 0.41015625
vt 0.681640625 0.411865234
vt 0.681640625 0.406738281
vt 0.681640625 0.412841797
vt 0.682128906 0.404785156
vt 0.682128906 0.406738281
vt 0.687988281 0.403808594
vt 0.685546875 0.404541016
vt 0.6796875 0.412841797
vt 0.679199219 0.413818359
vt 0.681640625 0.4140625
vt 0.679199219 0.414794922
vt 0.681640625 0.414794922
vt 0.678710938 0.415771484
vt 0.681640625 0.416259766
vt 0.679199219 0.416748047
vt 0.681640625 0.41796875
vt 0.678710938 0.417724609
vt 0.678710938 0.418457031
vt 0.681640625 0.419677734
vt 0.678710938 0.419677734
vt 0.678710938 0.420898438
vt 0.681640625 0.421142578
vt 0.681640625 0.421875
vt 0.678710938 0.422363281
vt 0.681640625 0.423095703
vt 0.678710938 0.425292969
vt 0.681640625 0.425292969
vt 0.682617188 0.426269531
vt 0.682617188 0.425292969
vt 0.678710938 0.426513672
vt 0.682617188 0.427490234
vt 0.678710938 0.431884766
vt 0.685058594 0.427490234
vt 0.688964844 0.429931641
vt 0.688964844 0.426757812
vt 0.688964844 0.432128906
vt 0.688964844 0.43359375
vt 0.688964844 0.442382812
vt 0.678222656 0.443359375
vt 0.689941406 0.450683594
vt 0.685058594 0.426513672
vt 0.677734375 0.449707031
vt 0.688964844 0.42578125
vt 0.690917969 0.455566406
vt 0.686035156 0.425292969
vt 0.685058594 0.425292969
vt 0.688964844 0.425048828
vt 0.686035156 0.422363281
vt 0.688964844 0.422119141
vt 0.686035156 0.421142578
vt 0.688964844 0.421142578
vt 0.686035156 0.420166016
vt 0.688964844 0.420166016
vt 0.686035156 0.418701172
vt 0.688964844 0.418945312
vt 0.68359375 0.473388672
vt 0.690429688 0.456787109
vt 0.676757812 0.455566406
vt 0.690429688 0.464355469
vt 0.677246094 0.456542969
vt 0.69140625 0.467773438
vt 0.677246094 0.464355469
vt 0.676269531 0.467529297
vt 0.67578125 0.471191406
vt 0.691894531 0.471191406
vt 0.67578125 0.499511719
vt 0.691894531 0.499511719
vt 0.688964844 0.418457031
vt 0.686035156 0.417236328
vt 0.688964844 0.417236328
vt 0.686035156 0.416015625
vt 0.688476562 0.416015625
vt 0.688476562 0.414794922
vt 0.686035156 0.414794922
vt 0.688476562 0.4140625
vt 0.686035156 0.413574219
vt 0.688476562 0.413085938
vt 0.686035156 0.412353516
vt 0.688476562 0.411621094
vt 0.686035156 0.411132812
vt 0.688476562 0.409667969
vt 0.686035156 0.409179688
vt 0.686035156 0.406738281
vt 0.685546875 0.406738281
vt 0.684570312 0.405029297
vt 0.684570312 0.406738281
vt 0.0343017578 0.0101165771
vt 0.0341796875 0.0108337402
vt 0.0340270996 0.0108032227
vt 0.0341491699 0.010093689
vt 0.0341186523 0.00556564331
vt 0.033996582 0.00436019897
vt 0.0343017578 0.000329256058
vt 0.000395774841 0.0912475586
vt 7.80820847e-06 0.0915527344
vt 0.000295639038 0.0908813477
vt 0.000550270081 0.0906982422
vt 7.80820847e-06 0.0888671875
vt 0.57421875 0.0313110352
vt 0.573730469 0.0314331055
vt 0.574707031 0.0310058594
vt 0.575683594 0.0262451172
vt 0.575683594 0.0312194824
vt 0.572753906 0.0302124023
vt 0.573242188 0.0313415527
vt 0.572753906 0.0227966309
vt 0.576660156 0.0316772461
vt 0.575195312 0.0230560303
vt 0.576171875 0.0321044922
vt 0.572753906 0.0196533203
vt 0.577636719 0.0361633301
vt 0.576171875 0.0327758789
vt 0.575683594 0.0334777832
vt 0.576171875 0.035369873
vt 0.577148438 0.0376281738
vt 0.577636719 0.0413818359
vt 0.578125 0.0399475098
vt 0.578613281 0.0459289551
vt 0.578125 0.0468139648
vt 0.578125 0.0494689941
vt 0.579101562 0.0513916016
vt 0.579101562 0.0552978516
vt 0.577636719 0.0469055176
vt 0.579101562 0.0617675781
vt 0.579589844 0.061920166
vt 0.579101562 0.0665893555
vt 0.579101562 0.0665283203
vt 0.578613281 0.0695800781
vt 0.578613281 0.0695800781
vt 0.578613281 0.0702514648
vt 0.579101562 0.0703735352
vt 0.103027344 0.0692138672
vt 0.103271484 0.069152832
vt 0.103149414 0.0709838867
vt 0.102478027 0.0638427734
vt 0.101928711 0.0614624023
vt 0.102233887 0.0612182617
vt 0.102355957 0.0589904785
vt 0.103027344 0.0498962402
vt 0.103271484 0.0497131348
vt 0.140991211 0.101013184
vt 0.141235352 0.101135254
vt 0.141479492 0.103271484
vt 0.141113281 0.0989990234
vt 0.140869141 0.0973510742
vt 0.140991211 0.0975341797
vt 0.141479492 0.0922241211
vt 0.270507812 0.109191895
vt 0.267089844 0.109191895
vt 0.267822266 0.108520508
vt 0.270019531 0.108337402
vt 0.267822266 0.102111816
vt 0.270019531 0.102111816
vt 0.891601562 0.630859375
vt 0.891601562 0.631835938
vt 0.891113281 0.631835938
vt 0.891113281 0.6328125
vt 0.888183594 0.638671875
vt 0.888183594 0.639648438
vt 0.890625 0.634765625
vt 0.888183594 0.640625
vt 0.88671875 0.642089844
vt 0.887207031 0.641113281
vt 0.886230469 0.643066406
vt 0.885742188 0.644042969
vt 0.886230469 0.643554688
vt 0.886230469 0.64453125
vt 0.884277344 0.647460938
vt 0.884277344 0.646972656
vt 0.884277344 0.646484375
vt 0.8828125 0.648925781
vt 0.883300781 0.650390625
vt 0.883300781 0.649414062
vt 0.881835938 0.651855469
vt 0.882324219 0.651855469
vt 0.881835938 0.653808594
vt 0.881347656 0.654296875
vt 0.881347656 0.653808594
vt 0.881347656 0.656738281
vt 0.880859375 0.656738281
vt 0.880859375 0.656738281
vt 0.880859375 0.66015625
vt 0.880371094 0.659179688
vt 0.880371094 0.658691406
vt 0.879882812 0.661621094
vt 0.880371094 0.661621094
vt 0.880371094 0.663574219
vt 0.880371094 0.6640625
vt 0.879882812 0.6640625
vt 0.880371094 0.666992188
vt 0.879882812 0.666992188
vt 0.880371094 0.666503906
vt 0.880859375 0.669921875
vt 0.880371094 0.668945312
vt 0.880371094 0.669433594
vt 0.880859375 0.671875
vt 0.880371094 0.671386719
vt 0.881347656 0.672851562
vt 0.881347656 0.674316406
vt 0.881347656 0.673828125
vt 0.8828125 0.676269531
vt 0.882324219 0.676269531
vt 0.882324219 0.676269531
vt 0.883300781 0.678710938
vt 0.883789062 0.678710938
vt 0.883300781 0.678710938
vt 0.884277344 0.680175781
vt 0.884765625 0.681152344
vt 0.884765625 0.681640625
vt 0.885253906 0.681152344
vt 0.886230469 0.68359375
vt 0.88671875 0.68359375
vt 0.887207031 0.684570312
vt 0.887207031 0.684082031
vt 0.890136719 0.6875
vt 0.891601562 0.688964844
vt 0.12109375 0.0181732178
vt 0.12109375 0.0115356445
vt 0.122375488 0.0181732178
vt 0.122314453 0.0124816895
vt 0.122070312 0.0119628906
vt 0.121643066 0.0115509033
vt 0.0572814941 0.151611328
vt 0.0565185547 0.151733398
vt 0.0577697754 0.150878906
vt 0.0565185547 0.145141602
vt 0.057800293 0.145019531
vt 0.201049805 0.270507812
vt 0.203125 0.270019531
vt 0.20300293 0.270507812
vt 0.201049805 0.26953125
vt 0.203125 0.269287109
vt 0.203125 0.263671875
vt 0.202148438 0.263671875
vt 0.201049805 0.263183594
vt 0.242431641 0.333007812
vt 0.241699219 0.333984375
vt 0.242675781 0.332275391
vt 0.241455078 0.33203125
vt 0.242675781 0.330810547
vt 0.240722656 0.333007812
vt 0.241455078 0.330810547
vt 0.240844727 0.334716797
vt 0.2421875 0.329101562
vt 0.239624023 0.333740234
vt 0.240966797 0.329589844
vt 0.239135742 0.335205078
vt 0.240966797 0.327880859
vt 0.238525391 0.333496094
vt 0.239990234 0.328857422
vt 0.239746094 0.327636719
vt 0.238769531 0.328857422
vt 0.235839844 0.335205078
vt 0.237548828 0.332763672
vt 0.236938477 0.331787109
vt 0.239013672 0.327392578
vt 0.235839844 0.328613281
vt 0.237060547 0.330566406
vt 0.237670898 0.329345703
vt 0.237915039 0.327636719
vt 0.00774383545 0.154296875
vt 0.00788879395 0.154296875
vt 0.00782012939 0.157592773
vt 0.00765228271 0.153320312
vt 0.00780105591 0.153564453
vt 0.00788116455 0.149414062
vt 0.00788879395 0.143676758
vt 0.265380859 0.0823974609
vt 0.264404297 0.0814208984
vt 0.266113281 0.0827636719
vt 0.263916016 0.0813598633
vt 0.263671875 0.0802001953
vt 0.262939453 0.080078125
vt 0.263183594 0.0793457031
vt 0.262451172 0.0788574219
vt 0.263427734 0.078125
vt 0.262451172 0.0780639648
vt 0.262695312 0.0767822266
vt 0.262451172 0.0764770508
vt 0.262695312 0.0720825195
vt 0.262451172 0.0711669922
vt 0.262695312 0.0676269531
vt 0.262451172 0.0640869141
vt 0.263183594 0.0656738281
vt 0.263427734 0.0654296875
vt 0.264648438 0.0635375977
vt 0.263183594 0.0637817383
vt 0.262451172 0.0635986328
vt 0.262695312 0.0630493164
vt 0.264404297 0.063293457
vt 0.265380859 0.0628662109
vt 0.265136719 0.0624389648
vt 0.266113281 0.0621948242
vt 0.446777344 0.0628662109
vt 0.446533203 0.0634765625
vt 0.445800781 0.0629272461
vt 0.445800781 0.0635375977
vt 0.446533203 0.0684204102
vt 0.445800781 0.068359375
vt 0.445800781 0.069152832
vt 0.446533203 0.0692138672
vt 0.445800781 0.0700683594
vt 0.446777344 0.0701293945
vt 0.446533203 0.0797729492
vt 0.445800781 0.0798339844
vt 0.446533203 0.0806884766
vt 0.445800781 0.0806884766
vt 0.446533203 0.083984375
vt 0.446533203 0.0880737305
vt 0.445556641 0.087890625
vt 0.446533203 0.0938110352
vt 0.445556641 0.0938110352
vt 0.446777344 0.0944824219
vt 0.445556641 0.0944213867
vt 0.000550270081 0.0643310547
vt 0.000391721725 0.0650634766
vt 0.000403881073 0.0642700195
vt 0.000550270081 0.0651245117
vt 0.142944336 0.0717163086
vt 0.142700195 0.072265625
vt 0.142700195 0.0717163086
vt 0.142822266 0.0723876953
vt 0.142944336 0.0739135742
vt 0.142822266 0.0870361328
vt 0.142700195 0.0871582031
vt 0.142822266 0.0863647461
vt 0.142944336 0.0862426758
vt 0.142578125 0.0816650391
vt 0.142822266 0.0815429688
vt 0.142944336 0.0807495117
vt 0.000345230103 0.0745239258
vt 0.000437736511 0.0754394531
vt 0.000279188156 0.075378418
vt 0.000205755234 0.0745849609
vt 0.000550270081 0.0698852539
vt 0.000369548798 0.0696411133
vt 0.000403165817 0.0690307617
vt 0.000205755234 0.0690307617
vt 0.0935058594 0.186157227
vt 0.0936279297 0.186279297
vt 0.0935058594 0.195678711
vt 0.0944824219 0.195800781
vt 0.0944824219 0.186279297
vt 0.142700195 0.116516113
vt 0.142578125 0.114929199
vt 0.142822266 0.114257812
vt 0.142456055 0.113952637
vt 0.142944336 0.113586426
vt 0.142333984 0.112854004
vt 0.142944336 0.111816406
vt 0.142089844 0.111938477
vt 0.559570312 0.248901367
vt 0.556640625 0.252929688
vt 0.559082031 0.249023438
vt 0.560546875 0.246948242
vt 0.560058594 0.246826172
vt 0.561035156 0.245483398
vt 0.560058594 0.244628906
vt 0.561523438 0.244628906
vt 0.560546875 0.243530273
vt 0.559082031 0.241333008
vt 0.561035156 0.242553711
vt 0.5625 0.243896484
vt 0.562988281 0.243286133
vt 0.5625 0.2421875
vt 0.559570312 0.241210938
vt 0.55859375 0.240234375
vt 0.5625 0.241210938
vt 0.558105469 0.238769531
vt 0.565917969 0.240112305
vt 0.573730469 0.237915039
vt 0.566894531 0.241821289
vt 0.0471191406 0.0916748047
vt 0.0489501953 0.0959472656
vt 0.0471801758 0.0959472656
vt 0.0489807129 0.0916137695
vt 0.233886719 0.208984375
vt 0.23425293 0.206176758
vt 0.234741211 0.207397461
vt 0.235229492 0.20690918
vt 0.234863281 0.206298828
vt 0.235351562 0.206542969
vt 0.234130859 0.201782227
vt 0.234863281 0.201538086
vt 0.23449707 0.201416016
vt 0.233886719 0.200439453
vt 0.234863281 0.201049805
vt 0.234985352 0.200683594
vt 0.0739135742 0.193969727
vt 0.0731201172 0.195556641
vt 0.0721435547 0.194824219
vt 0.0739135742 0.195800781
vt 0.437011719 0.00625610352
vt 0.437011719 0.00550079346
vt 0.437988281 0.00553894043
vt 0.437988281 0.00635910034
vt 0.437011719 0.0109863281
vt 0.437988281 0.0110702515
vt 0.437255859 0.0117340088
vt 0.437988281 0.011932373
vt 0.437011719 0.0125198364
vt 0.437988281 0.0126266479
vt 0.437011719 0.0224914551
vt 0.437988281 0.0227050781
vt 0.437988281 0.0234375
vt 0.437011719 0.0234222412
vt 0.437988281 0.0291442871
vt 0.437011719 0.0297088623
vt 0.437744141 0.0363464355
vt 0.437011719 0.0362548828
vt 0.437011719 0.037109375
vt 0.437744141 0.0372619629
vt 0.00201797485 0.0255126953
vt 0.00128078461 0.0245513916
vt 0.00185394287 0.0245056152
vt 0.00120639801 0.0255126953
vt 0.168212891 0.0944824219
vt 0.168212891 0.0923461914
vt 0.169311523 0.0944824219
vt 0.169311523 0.0923461914
vt 0.168212891 0.0902099609
vt 0.169311523 0.0894165039
vt 0.168334961 0.0874023438
vt 0.169311523 0.0864868164
vt 0.168334961 0.0842285156
vt 0.169311523 0.083984375
vt 0.168334961 0.0816040039
vt 0.169311523 0.0811157227
vt 0.168212891 0.078918457
vt 0.169311523 0.0788574219
vt 0.178588867 0.192871094
vt 0.178588867 0.191040039
vt 0.17956543 0.192871094
vt 0.17956543 0.191040039
vt 0.169311523 0.191040039
vt 0.169311523 0.192871094
vt 0.168334961 0.191040039
vt 0.168334961 0.192871094
vt 0.346191406 0.953125
vt 0.346435547 0.953613281
vt 0.337402344 0.953125
vt 0.346435547 0.958496094
vt 0.336914062 0.953613281
vt 0.336914062 0.958496094
vt 0.346679688 0.959472656
vt 0.346679688 0.959960938
vt 0.336669922 0.959472656
vt 0.336914062 0.959960938
vt 0.346923828 0.969726562
vt 0.336669922 0.970214844
vt 0.336425781 0.970703125
vt 0.346923828 0.970703125
vt 0.3359375 0.9765625
vt 0.34765625 0.978027344
vt 0.349121094 0.983886719
vt 0.334228516 0.983398438
vt 0.341064453 0.983886719
vt 0.338623047 0.984375
vt 0.343994141 0.983886719
vt 0.334228516 0.984375
vt 0.349121094 0.984375
vt 0.336669922 0.985351562
vt 0.333984375 0.984863281
vt 0.333984375 0.985839844
vt 0.335205078 0.986816406
vt 0.333740234 0.986816406
vt 0.346191406 0.984863281
vt 0.349365234 0.984863281
vt 0.349609375 0.985839844
vt 0.348144531 0.986816406
vt 0.349853516 0.986816406
vt 0.347900391 0.279541016
vt 0.348388672 0.294921875
vt 0.347167969 0.290771484
vt 0.344238281 0.287597656
vt 0.345947266 0.281982422
vt 0.343261719 0.283691406
vt 0.340332031 0.286376953
vt 0.340332031 0.284179688
vt 0.336425781 0.287597656
vt 0.337402344 0.283691406
vt 0.333496094 0.290771484
vt 0.330810547 0.293457031
vt 0.334716797 0.281982422
vt 0.332763672 0.279541016
vt 0.332519531 0.294921875
vt 0.331787109 0.276611328
vt 0.331298828 0.297607422
vt 0.330810547 0.267089844
vt 0.333496094 0.299316406
vt 0.331787109 0.2734375
vt 0.332275391 0.301269531
vt 0.333984375 0.301269531
vt 0.335449219 0.302734375
vt 0.336425781 0.302246094
vt 0.337890625 0.303955078
vt 0.332763672 0.270263672
vt 0.340332031 0.303466797
vt 0.340087891 0.304443359
vt 0.342773438 0.303955078
vt 0.344238281 0.302246094
vt 0.345458984 0.302734375
vt 0.347167969 0.299316406
vt 0.346923828 0.301269531
vt 0.348388672 0.294921875
vt 0.334716797 0.267822266
vt 0.332519531 0.265380859
vt 0.331542969 0.265869141
vt 0.337402344 0.266357422
vt 0.340332031 0.265136719
vt 0.340332031 0.265625
vt 0.343017578 0.265625
vt 0.343261719 0.266113281
vt 0.345703125 0.267089844
vt 0.345458984 0.267578125
vt 0.347900391 0.269287109
vt 0.34765625 0.270263672
vt 0.348876953 0.271972656
vt 0.348876953 0.273193359
vt 0.349853516 0.276611328
vt 0.347900391 0.268798828
vt 0.346435547 0.267089844
vt 0.347412109 0.266845703
vt 0.348388672 0.268066406
vt 0.348388672 0.267333984
vt 0.348876953 0.276611328
vt 0.349853516 0.292480469
vt 0.346923828 0.301269531
vt 0.349609375 0.296386719
vt 0.348388672 0.301269531
vt 0.165405273 0.0559387207
vt 0.166381836 0.0501098633
vt 0.166381836 0.0559387207
vt 0.164428711 0.0563354492
vt 0.164428711 0.0498962402
vt 0.326171875 0.00790405273
vt 0.324951172 0.00784301758
vt 0.322509766 0.00685882568
vt 0.325439453 0.00657653809
vt 0.326416016 0.00650024414
vt 0.327148438 0.0076713562
vt 0.327392578 0.00579452515
vt 0.328369141 0.00687026978
vt 0.32421875 0.00600814819
vt 0.323486328 0.00494766235
vt 0.323486328 0.00367355347
vt 0.322509766 0.000219106674
vt 0.323974609 0.00253105164
vt 0.324951172 0.000254631042
vt 0.324951172 0.00182628632
vt 0.326660156 0.000510692596
vt 0.326171875 0.00174808502
vt 0.327880859 0.00106143951
vt 0.328125 0.00465393066
vt 0.329101562 0.00554656982
vt 0.329345703 0.00430297852
vt 0.327880859 0.00337982178
vt 0.329101562 0.00304985046
vt 0.327392578 0.00231552124
vt 0.328613281 0.00192832947
vt 0.178955078 0.388183594
vt 0.176513672 0.386474609
vt 0.174560547 0.384033203
vt 0.173339844 0.381103516
vt 0.172973633 0.377929688
vt 0.173339844 0.374755859
vt 0.173706055 0.370849609
vt 0.173339844 0.364257812
vt 0.179077148 0.362548828
vt 0.184692383 0.362060547
vt 0.18762207 0.362304688
vt 0.189575195 0.362792969
vt 0.190917969 0.36328125
vt 0.191894531 0.364013672
vt 0.194458008 0.366210938
vt 0.195556641 0.367919922
vt 0.195800781 0.375976562
vt 0.19519043 0.379882812
vt 0.194213867 0.382568359
vt 0.192626953 0.385253906
vt 0.190429688 0.387451172
vt 0.187744141 0.388916016
vt 0.184814453 0.389404297
vt 0.181762695 0.389404297
vt 0.00610733032 0.306884766
vt 0.00548171997 0.307373047
vt 0.0069732666 0.305175781
vt 0.00704193115 0.305908203
vt 0.00817108154 0.302490234
vt 0.0083694458 0.303222656
vt 0.00913238525 0.300537109
vt 0.00872039795 0.300292969
vt 0.00894927979 0.298095703
vt 0.0093536377 0.297607422
vt 0.00873565674 0.295410156
vt 0.00904083252 0.294677734
vt 0.00806427002 0.292724609
vt 0.00820159912 0.291992188
vt 0.00724029541 0.291015625
vt 0.00679397583 0.289306641
vt 0.00616455078 0.289306641
vt 0.00548171997 0.288330078
vt 0.541015625 0.909179688
vt 0.543457031 0.912109375
vt 0.541015625 0.912109375
vt 0.543457031 0.909179688
vt 0.543457031 0.90625
vt 0.541015625 0.90625
vt 0.543457031 0.903320312
vt 0.541015625 0.903320312
vt 0.543457031 0.900878906
vt 0.541015625 0.900878906
vt 0.543457031 0.897949219
vt 0.541015625 0.897949219
vt 0.543457031 0.895019531
vt 0.541015625 0.895019531
vt 0.543457031 0.892089844
vt 0.541015625 0.892089844
vt 0.543457031 0.889160156
vt 0.541015625 0.889160156
vt 0.543457031 0.88671875
vt 0.541015625 0.88671875
vt 0.543457031 0.883789062
vt 0.541015625 0.883789062
vt 0.543457031 0.880859375
vt 0.541015625 0.880859375
vt 0.543457031 0.877929688
vt 0.541015625 0.877929688
vt 0.543457031 0.875
vt 0.541015625 0.875
vt 0.543457031 0.872558594
vt 0.541015625 0.872558594
vt 0.543457031 0.869628906
vt 0.541015625 0.869628906
vt 0.543457031 0.866699219
vt 0.541015625 0.866699219
vt 0.543457031 0.863769531
vt 0.541015625 0.863769531
vt 0.044708252 0.344238281
vt 0.0429077148 0.342285156
vt 0.0419311523 0.339599609
vt 0.0419311523 0.336914062
vt 0.0429077148 0.334228516
vt 0.044708252 0.33203125
vt 0.047088623 0.330566406
vt 0.0497436523 0.330322266
vt 0.0523071289 0.330810547
vt 0.0544128418 0.332519531
vt 0.0558166504 0.334716797
vt 0.0563049316 0.337646484
vt 0.0558166504 0.340332031
vt 0.0544128418 0.342773438
vt 0.0523071289 0.344482422
vt 0.0497436523 0.345458984
vt 0.047088623 0.345214844
vt 0.575195312 0.0196990967
vt 0.575195312 0.0172729492
vt 0.572753906 0.0177154541
vt 0.572753906 0.0164031982
vt 0.572753906 0.0135955811
vt 0.575683594 0.0147399902
vt 0.575683594 0.0130233765
vt 0.573730469 0.0107955933
vt 0.575683594 0.0111846924
vt 0.574707031 0.00797271729
vt 0.576660156 0.00861358643
vt 0.576171875 0.00559997559
vt 0.576660156 0.0111694336
vt 0.578613281 0.00618743896
vt 0.577636719 0.00368118286
vt 0.580078125 0.00212287903
vt 0.577636719 0.00900268555
vt 0.581054688 0.00522994995
vt 0.579101562 0.00712966919
vt 0.58203125 0.00361824036
vt 0.582519531 0.000728607178
vt 0.584472656 0.00269508362
vt 0.585449219 0.000349998474
vt 0.583007812 0.00448608398
vt 0.587402344 0.00275421143
vt 0.588378906 0.000405550003
vt 0.590820312 0.000719547272
vt 0.58984375 0.00406265259
vt 0.592773438 0.00183010101
vt 0.585449219 0.00389671326
vt 0.592285156 0.0041885376
vt 0.595703125 0.0034198761
vt 0.59375 0.00645065308
vt 0.59765625 0.00540161133
vt 0.587402344 0.00382995605
vt 0.591796875 0.00520324707
vt 0.596191406 0.00748825073
vt 0.599121094 0.00797271729
vt 0.597167969 0.00977325439
vt 0.600097656 0.00993347168
vt 0.595214844 0.00828552246
vt 0.598632812 0.0121078491
vt 0.600585938 0.0115203857
vt 0.6015625 0.0146789551
vt 0.599121094 0.0160217285
vt 0.6015625 0.0165252686
vt 0.602050781 0.0231628418
vt 0.602050781 0.0214996338
vt 0.602539062 0.0238952637
vt 0.603027344 0.0236968994
vt 0.603515625 0.0257720947
vt 0.603515625 0.0255279541
vt 0.598144531 0.0237579346
vt 0.598144531 0.026184082
vt 0.598632812 0.0264282227
vt 0.598144531 0.0265960693
vt 0.59765625 0.0260620117
vt 0.59765625 0.0266723633
vt 0.597167969 0.0261383057
vt 0.59765625 0.0229949951
vt 0.598144531 0.0196228027
vt 0.59765625 0.0155181885
vt 0.597167969 0.0182342529
vt 0.59765625 0.0270080566
vt 0.598632812 0.0275878906
vt 0.597167969 0.02734375
vt 0.596679688 0.0337219238
vt 0.596191406 0.0266876221
vt 0.597167969 0.021774292
vt 0.596679688 0.0205535889
vt 0.597167969 0.0127334595
vt 0.596191406 0.0105361938
vt 0.596679688 0.0129318237
vt 0.597167969 0.015625
vt 0.596679688 0.0168151855
vt 0.595703125 0.0131149292
vt 0.594726562 0.00887298584
vt 0.595703125 0.0157470703
vt 0.594726562 0.0109786987
vt 0.593261719 0.00729751587
vt 0.594238281 0.0119628906
vt 0.593261719 0.00856018066
vt 0.591308594 0.00602340698
vt 0.594238281 0.0232543945
vt 0.578613281 0.0142822266
vt 0.591308594 0.00816345215
vt 0.583496094 0.0238647461
vt 0.586425781 0.00638198853
vt 0.589355469 0.0338745117
vt 0.590820312 0.00679016113
vt 0.589355469 0.00514984131
vt 0.581542969 0.0401306152
vt 0.588378906 0.00567245483
vt 0.587402344 0.00475692749
vt 0.585449219 0.00482559204
vt 0.581542969 0.0327758789
vt 0.577636719 0.0379638672
vt 0.584472656 0.00588226318
vt 0.583496094 0.00537109375
vt 0.581542969 0.00637435913
vt 0.574707031 0.0383300781
vt 0.574707031 0.0395202637
vt 0.57421875 0.0359191895
vt 0.578613281 0.03125
vt 0.574707031 0.0315246582
vt 0.579101562 0.024597168
vt 0.577148438 0.0267944336
vt 0.574707031 0.0261535645
vt 0.576660156 0.0237884521
vt 0.575195312 0.0230255127
vt 0.579589844 0.00778198242
vt 0.581054688 0.00777435303
vt 0.578613281 0.00950622559
vt 0.580566406 0.00917816162
vt 0.579101562 0.00997924805
vt 0.577636719 0.0115127563
vt 0.578125 0.0128097534
vt 0.577148438 0.013168335
vt 0.577636719 0.0144805908
vt 0.576660156 0.0149459839
vt 0.577636719 0.0165557861
vt 0.576660156 0.0166931152
vt 0.576171875 0.016708374
vt 0.576660156 0.0190124512
vt 0.578125 0.01902771
vt 0.579589844 0.0197296143
vt 0.578125 0.0215148926
vt 0.576660156 0.0210266113
vt 0.581054688 0.0225219727
vt 0.575195312 0.0217132568
vt 0.579589844 0.0221862793
vt 0.581542969 0.0254058838
vt 0.177612305 0.362548828
vt 0.17590332 0.362060547
vt 0.173217773 0.362304688
vt 0.175292969 0.361083984
vt 0.174560547 0.360839844
vt 0.173095703 0.361083984
vt 0.174438477 0.360351562
vt 0.172973633 0.360351562
vt 0.576660156 0.107116699
vt 0.575195312 0.107543945
vt 0.577636719 0.10760498
vt 0.574707031 0.108459473
vt 0.578613281 0.109008789
vt 0.57421875 0.109680176
vt 0.578613281 0.110656738
vt 0.577636719 0.111633301
vt 0.576660156 0.112060547
vt 0.575195312 0.111755371
vt 0.574707031 0.110717773
vt 0.364257812 0.369873047
vt 0.36328125 0.371826172
vt 0.360595703 0.371826172
vt 0.365966797 0.370849609
vt 0.361572266 0.370117188
vt 0.366455078 0.368408203
vt 0.357910156 0.370849609
vt 0.358886719 0.369384766
vt 0.35546875 0.369140625
vt 0.356689453 0.367919922
vt 0.353759766 0.366455078
vt 0.355224609 0.365478516
vt 0.353515625 0.364013672
vt 0.354736328 0.362792969
vt 0.353515625 0.360839844
vt 0.354980469 0.359863281
vt 0.368896484 0.368408203
vt 0.368164062 0.366210938
vt 0.354980469 0.356445312
vt 0.356445312 0.357421875
vt 0.368896484 0.363525391
vt 0.370361328 0.364257812
vt 0.370361328 0.360839844
vt 0.368896484 0.360595703
vt 0.358398438 0.355712891
vt 0.357666016 0.354003906
vt 0.360351562 0.353027344
vt 0.360839844 0.354736328
vt 0.36328125 0.353027344
vt 0.363525391 0.354980469
vt 0.365966797 0.354003906
vt 0.370117188 0.358642578
vt 0.367919922 0.358154297
vt 0.365966797 0.356201172
vt 0.368164062 0.355712891
vt 0.627441406 0.000773429871
vt 0.625488281 0.00741577148
vt 0.625 0.000600337982
vt 0.628417969 0.00185966492
vt 0.623535156 0.00830841064
vt 0.621582031 0.000623226166
vt 0.627929688 0.0104141235
vt 0.629882812 0.0072479248
vt 0.630859375 0.0124282837
vt 0.621582031 0.00737762451
vt 0.620117188 0.000870704651
vt 0.619140625 0.0017414093
vt 0.619140625 0.0101928711
vt 0.617675781 0.00672149658
vt 0.616699219 0.0121307373
vt 0.622070312 0.0126419067
vt 0.623535156 0.0127563477
vt 0.625488281 0.0127258301
vt 0.628417969 0.0149002075
vt 0.619140625 0.0137786865
vt 0.620605469 0.0250549316
vt 0.625976562 0.0254058838
vt 0.615722656 0.0200500488
vt 0.615234375 0.013633728
vt 0.631347656 0.0208435059
vt 0.632324219 0.0139541626
vt 0.632324219 0.020980835
vt 0.633300781 0.014793396
vt 0.631347656 0.0309295654
vt 0.633300781 0.0186920166
vt 0.634765625 0.015586853
vt 0.635253906 0.021194458
vt 0.63671875 0.0166625977
vt 0.637207031 0.0178833008
vt 0.637695312 0.0253448486
vt 0.632324219 0.0308532715
vt 0.614746094 0.0188598633
vt 0.613769531 0.0145111084
vt 0.62890625 0.0317382812
vt 0.626953125 0.0489807129
vt 0.631347656 0.0438842773
vt 0.636230469 0.0301055908
vt 0.637207031 0.0330505371
vt 0.636230469 0.0446472168
vt 0.634765625 0.0416564941
vt 0.635742188 0.0484924316
vt 0.635253906 0.0490112305
vt 0.633789062 0.0496826172
vt 0.634765625 0.0301818848
vt 0.633300781 0.0307159424
vt 0.633300781 0.0419616699
vt 0.6328125 0.0505371094
vt 0.631835938 0.0380249023
vt 0.631835938 0.0512695312
vt 0.631347656 0.0524902344
vt 0.630371094 0.0557861328
vt 0.62890625 0.0612792969
vt 0.627441406 0.0653076172
vt 0.626464844 0.0662841797
vt 0.624023438 0.0539245605
vt 0.623535156 0.0665893555
vt 0.620605469 0.0665283203
vt 0.620117188 0.0545654297
vt 0.619140625 0.0659790039
vt 0.618652344 0.0649414062
vt 0.616699219 0.0588378906
vt 0.624023438 0.0414428711
vt 0.623535156 0.0290985107
vt 0.620117188 0.0392456055
vt 0.617675781 0.0381164551
vt 0.615722656 0.0383605957
vt 0.615722656 0.0537719727
vt 0.614746094 0.0519714355
vt 0.617675781 0.0238342285
vt 0.615722656 0.0278625488
vt 0.614746094 0.0382995605
vt 0.613769531 0.0504150391
vt 0.614746094 0.0276031494
vt 0.613769531 0.0398254395
vt 0.612792969 0.0494689941
vt 0.613769531 0.0188598633
vt 0.612304688 0.0152893066
vt 0.611816406 0.0390014648
vt 0.610839844 0.0484924316
vt 0.610351562 0.0437316895
vt 0.613769531 0.0303955078
vt 0.611816406 0.0199279785
vt 0.610839844 0.0162200928
vt 0.609863281 0.0176849365
vt 0.609375 0.0244140625
vt 0.611816406 0.0299224854
vt 0.609375 0.0328674316
vt 0.189208984 0.182128906
vt 0.189453125 0.180419922
vt 0.189819336 0.180541992
vt 0.189331055 0.182373047
vt 0.188842773 0.182006836
vt 0.188964844 0.180297852
vt 0.188232422 0.180297852
vt 0.188354492 0.182373047
vt 0.188842773 0.182373047
vt 0.188842773 0.182495117
vt 0.321533203 0.175170898
vt 0.320800781 0.171020508
vt 0.321289062 0.170776367
vt 0.3203125 0.171020508
vt 0.323730469 0.173706055
vt 0.318359375 0.174560547
vt 0.321533203 0.170410156
vt 0.319824219 0.170654297
vt 0.324951172 0.171508789
vt 0.31640625 0.171875
vt 0.321533203 0.169799805
vt 0.319580078 0.170166016
vt 0.324951172 0.169189453
vt 0.31640625 0.168701172
vt 0.321533203 0.169433594
vt 0.319824219 0.169677734
vt 0.323974609 0.167358398
vt 0.317382812 0.166748047
vt 0.321044922 0.169067383
vt 0.320068359 0.169189453
vt 0.322021484 0.165771484
vt 0.319091797 0.165649414
vt 0.320556641 0.168945312
f 3/3 2/2 1/1
f 6/6 5/5 4/4
f 9/9 8/8 7/7
f 12/12 11/11 10/10
f 15/15 14/14 13/13
f 18/18 17/17 16/16
f 21/21 20/20 19/19
f 24/24 23/23 22/22
f 27/27 26/26 25/25
f 30/30 29/29 28/28
f 33/33 32/32 31/31
f 33/33 31/31 34/34
f 35/35 33/33 34/34
f 38/38 37/37 36/36
f 38/38 39/39 37/37
f 42/42 41/41 40/40
f 43/43 40/40 41/41
f 43/43 44/44 40/40
f 44/44 43/43 45/45
f 44/44 45/45 46/46
f 46/46 47/47 44/44
f 48/48 44/44 47/47
f 49/49 44/44 48/48
f 50/50 49/49 48/48
f 49/49 51/51 44/44
f 51/51 40/40 44/44
f 51/51 52/52 40/40
f 51/51 53/53 52/52
f 54/54 52/52 53/53
f 54/54 53/53 55/55
f 55/55 56/56 54/54
f 57/57 54/54 56/56
f 58/58 52/52 54/54
f 58/58 54/54 59/59
f 58/58 60/60 52/52
f 52/52 60/60 61/61
f 61/61 60/60 62/62
f 61/61 62/62 63/63
f 66/66 65/65 64/64
f 66/66 64/64 67/67
f 64/64 68/68 67/67
f 68/68 69/69 67/67
f 68/68 70/70 69/69
f 73/73 72/72 71/71
f 73/73 74/74 72/72
f 77/77 76/76 75/75
f 77/77 78/78 76/76
f 81/81 80/80 79/79
f 81/81 82/82 80/80
f 85/85 84/84 83/83
f 85/85 86/86 84/84
f 89/89 88/88 87/87
f 89/89 90/90 88/88
f 93/93 92/92 91/91
f 93/93 94/94 92/92
f 97/97 96/96 95/95
f 98/98 97/97 95/95
f 97/97 98/98 99/99
f 102/102 101/101 100/100
f 103/103 102/102 100/100
f 102/102 103/103 104/104
f 107/107 106/106 105/105
f 107/107 108/108 106/106
f 108/108 109/109 106/106
f 112/112 111/111 110/110
f 112/112 113/113 111/111
f 113/113 114/114 111/111
f 117/117 116/116 115/115
f 116/116 118/118 115/115
f 116/116 119/119 118/118
f 122/122 121/121 120/120
f 122/122 123/123 121/121
f 126/126 125/125 124/124
f 126/126 127/127 125/125
f 130/130 129/129 128/128
f 130/130 131/131 129/129
f 134/134 133/133 132/132
f 134/134 132/132 135/135
f 132/132 136/136 135/135
f 139/139 138/138 137/137
f 140/140 139/139 137/137
f 140/140 137/137 141/141
f 142/142 139/139 140/140
f 143/143 140/140 141/141
f 140/140 143/143 142/142
f 146/146 145/145 144/144
f 146/146 144/144 147/147
f 148/148 146/146 147/147
f 149/149 148/148 147/147
f 150/150 146/146 148/148
f 150/150 148/148 149/149
f 153/153 152/152 151/151
f 151/151 154/154 153/153
f 155/155 153/153 154/154
f 155/155 154/154 156/156
f 156/156 157/157 155/155
f 156/156 158/158 157/157
f 159/159 157/157 158/158
f 157/157 160/160 155/155
f 155/155 160/160 161/161
f 162/162 161/161 160/160
f 160/160 163/163 162/162
f 163/163 160/160 164/164
f 162/162 165/165 161/161
f 165/165 166/166 161/161
f 166/166 165/165 167/167
f 168/168 166/166 167/167
f 171/171 170/170 169/169
f 171/171 172/172 170/170
f 172/172 173/173 170/170
f 173/173 174/174 170/170
f 173/173 175/175 174/174
f 174/174 175/175 176/176
f 177/177 174/174 176/176
f 177/177 176/176 178/178
f 177/177 178/178 179/179
f 179/179 178/178 180/180
f 179/179 180/180 181/181
f 178/178 182/182 180/180
f 178/178 183/183 182/182
f 184/184 183/183 178/178
f 184/184 178/178 185/185
f 188/188 187/187 186/186
f 186/186 187/187 189/189
f 189/189 190/190 186/186
f 191/191 190/190 189/189
f 191/191 192/192 190/190
f 192/192 193/193 190/190
f 192/192 194/194 193/193
f 195/195 193/193 194/194
f 196/196 193/193 195/195
f 197/197 196/196 195/195
f 197/197 195/195 198/198
f 195/195 199/199 198/198
f 199/199 200/200 198/198
f 201/201 198/198 200/200
f 204/204 203/203 202/202
f 205/205 204/204 202/202
f 208/208 207/207 206/206
f 208/208 206/206 209/209
f 210/210 208/208 209/209
f 213/213 212/212 211/211
f 213/213 211/211 214/214
f 217/217 216/216 215/215
f 217/217 215/215 218/218
f 221/221 220/220 219/219
f 221/221 222/222 220/220
f 225/225 224/224 223/223
f 224/224 226/226 223/223
f 224/224 227/227 226/226
f 227/227 228/228 226/226
f 227/227 229/229 228/228
f 229/229 230/230 228/228
f 229/229 231/231 230/230
f 231/231 232/232 230/230
f 231/231 233/233 232/232
f 233/233 234/234 232/232
f 233/233 235/235 234/234
f 235/235 236/236 234/234
f 235/235 237/237 236/236
f 237/237 238/238 236/236
f 237/237 239/239 238/238
f 239/239 240/240 238/238
f 239/239 241/241 240/240
f 241/241 242/242 240/240
f 241/241 243/243 242/242
f 243/243 244/244 242/242
f 243/243 245/245 244/244
f 245/245 246/246 244/244
f 245/245 247/247 246/246
f 247/247 248/248 246/246
f 247/247 249/249 248/248
f 249/249 250/250 248/248
f 249/249 251/251 250/250
f 249/249 252/252 251/251
f 252/252 253/253 251/251
f 252/252 254/254 253/253
f 255/255 253/253 254/254
f 255/255 256/256 253/253
f 259/259 258/258 257/257
f 260/260 259/259 257/257
f 260/260 257/257 261/261
f 261/261 257/257 262/262
f 263/263 261/261 262/262
f 264/264 263/263 262/262
f 262/262 265/265 264/264
f 262/262 266/266 265/265
f 267/267 264/264 265/265
f 267/267 265/265 268/268
f 269/269 268/268 265/265
f 269/269 265/265 270/270
f 269/269 270/270 271/271
f 271/271 270/270 272/272
f 273/273 272/272 270/270
f 273/273 270/270 274/274
f 270/270 275/275 274/274
f 276/276 270/270 265/265
f 266/266 276/276 265/265
f 277/277 276/276 266/266
f 277/277 266/266 278/278
f 279/279 277/277 278/278
f 278/278 266/266 280/280
f 280/280 266/266 281/281
f 282/282 281/281 266/266
f 282/282 266/266 262/262
f 283/283 282/282 262/262
f 283/283 262/262 257/257
f 284/284 283/283 257/257
f 284/284 257/257 285/285
f 278/278 280/280 286/286
f 278/278 286/286 287/287
f 278/278 287/287 279/279
f 287/287 286/286 288/288
f 287/287 289/289 279/279
f 287/287 288/288 290/290
f 289/289 287/287 290/290
f 279/279 289/289 291/291
f 279/279 291/291 292/292
f 289/289 293/293 291/291
f 293/293 294/294 291/291
f 290/290 295/295 289/289
f 295/295 293/293 289/289
f 296/296 293/293 295/295
f 290/290 288/288 297/297
f 298/298 297/297 288/288
f 299/299 290/290 297/297
f 297/297 298/298 299/299
f 300/300 290/290 299/299
f 299/299 296/296 300/300
f 301/301 299/299 298/298
f 302/302 299/299 301/301
f 302/302 296/296 299/299
f 302/302 293/293 296/296
f 302/302 303/303 293/293
f 306/306 305/305 304/304
f 305/305 307/307 304/304
f 305/305 308/308 307/307
f 308/308 309/309 307/307
f 308/308 310/310 309/309
f 310/310 311/311 309/309
f 311/311 312/312 309/309
f 313/313 312/312 311/311
f 313/313 311/311 314/314
f 315/315 313/313 314/314
f 314/314 316/316 315/315
f 316/316 317/317 315/315
f 316/316 318/318 317/317
f 318/318 319/319 317/317
f 319/319 320/320 317/317
f 319/319 321/321 320/320
f 319/319 322/322 321/321
f 322/322 323/323 321/321
f 324/324 321/321 323/323
f 323/323 325/325 324/324
f 325/325 326/326 324/324
f 327/327 326/326 325/325
f 327/327 325/325 328/328
f 327/327 328/328 329/329
f 332/332 331/331 330/330
f 332/332 333/333 331/331
f 334/334 331/331 333/333
f 334/334 333/333 335/335
f 336/336 334/334 335/335
f 335/335 337/337 336/336
f 337/337 338/338 336/336
f 338/338 339/339 336/336
f 342/342 341/341 340/340
f 340/340 343/343 342/342
f 342/342 343/343 344/344
f 340/340 345/345 343/343
f 346/346 344/344 343/343
f 345/345 347/347 343/343
f 348/348 346/346 343/343
f 347/347 348/348 343/343
f 346/346 348/348 349/349
f 347/347 350/350 348/348
f 351/351 349/349 348/348
f 348/348 350/350 351/351
f 351/351 352/352 349/349
f 352/352 351/351 353/353
f 351/351 350/350 354/354
f 353/353 351/351 354/354
f 354/354 350/350 355/355
f 353/353 354/354 356/356
f 357/357 353/353 356/356
f 356/356 358/358 357/357
f 361/361 360/360 359/359
f 362/362 360/360 361/361
f 362/362 361/361 363/363
f 363/363 364/364 362/362
f 365/365 364/364 363/363
f 361/361 366/366 363/363
f 361/361 367/367 366/366
f 365/365 363/363 368/368
f 366/366 368/368 363/363
f 365/365 368/368 369/369
f 370/370 369/369 368/368
f 370/370 371/371 369/369
f 368/368 366/366 372/372
f 368/368 372/372 370/370
f 366/366 373/373 372/372
f 367/367 373/373 366/366
f 367/367 374/374 373/373
f 375/375 374/374 367/367
f 370/370 372/372 376/376
f 371/371 370/370 376/376
f 377/377 371/371 376/376
f 377/377 376/376 378/378
f 378/378 379/379 377/377
f 382/382 381/381 380/380
f 382/382 383/383 381/381
f 384/384 383/383 382/382
f 387/387 386/386 385/385
f 385/385 386/386 388/388
f 385/385 388/388 389/389
f 390/390 389/389 388/388
f 391/391 389/389 390/390
f 391/391 390/390 392/392
f 393/393 391/391 392/392
f 389/389 394/394 385/385
f 389/389 391/391 394/394
f 391/391 393/393 395/395
f 393/393 396/396 395/395
f 385/385 394/394 397/397
f 385/385 397/397 398/398
f 398/398 397/397 399/399
f 400/400 394/394 391/391
f 395/395 400/400 391/391
f 401/401 397/397 394/394
f 400/400 401/401 394/394
f 400/400 402/402 401/401
f 402/402 403/403 401/401
f 404/404 401/401 403/403
f 404/404 397/397 401/401
f 397/397 404/404 399/399
f 405/405 399/399 404/404
f 405/405 404/404 403/403
f 405/405 406/406 399/399
f 405/405 407/407 406/406
f 407/407 405/405 403/403
f 400/400 395/395 408/408
f 408/408 402/402 400/400
f 409/409 408/408 395/395
f 409/409 402/402 408/408
f 395/395 396/396 409/409
f 407/407 403/403 410/410
f 410/410 411/411 407/407
f 411/411 410/410 412/412
f 413/413 412/412 410/410
f 413/413 410/410 403/403
f 413/413 403/403 414/414
f 415/415 413/413 414/414
f 416/416 415/415 414/414
f 414/414 417/417 416/416
f 414/414 403/403 418/418
f 414/414 418/418 417/417
f 418/418 403/403 402/402
f 417/417 418/418 402/402
f 417/417 402/402 419/419
f 420/420 419/419 402/402
f 409/409 420/420 402/402
f 420/420 421/421 419/419
f 420/420 409/409 422/422
f 420/420 422/422 421/421
f 423/423 422/422 409/409
f 396/396 423/423 409/409
f 396/396 424/424 423/423
f 422/422 425/425 421/421
f 423/423 425/425 422/422
f 423/423 424/424 425/425
f 421/421 425/425 426/426
f 427/427 425/425 424/424
f 426/426 425/425 428/428
f 427/427 428/428 425/425
f 431/431 430/430 429/429
f 430/430 432/432 429/429
f 435/435 434/434 433/433
f 435/435 436/436 434/434
f 439/439 438/438 437/437
f 439/439 440/440 438/438
f 443/443 442/442 441/441
f 443/443 444/444 442/442
f 447/447 446/446 445/445
f 447/447 445/445 448/448
f 449/449 447/447 448/448
f 449/449 448/448 450/450
f 453/453 452/452 451/451
f 453/453 454/454 452/452
f 457/457 456/456 455/455
f 457/457 458/458 456/456
f 458/458 459/459 456/456
f 458/458 460/460 459/459
f 460/460 461/461 459/459
f 460/460 462/462 461/461
f 465/465 464/464 463/463
f 464/464 466/466 463/463
f 464/464 467/467 466/466
f 467/467 468/468 466/466
f 467/467 469/469 468/468
f 469/469 470/470 468/468
f 470/470 471/471 468/468
f 470/470 472/472 471/471
f 472/472 473/473 471/471
f 472/472 474/474 473/473
f 474/474 475/475 473/473
f 474/474 476/476 475/475
f 476/476 477/477 475/475
f 476/476 478/478 477/477
f 478/478 479/479 477/477
f 478/478 480/480 479/479
f 480/480 481/481 479/479
f 480/480 482/482 481/481
f 482/482 483/483 481/481
f 482/482 484/484 483/483
f 484/484 485/485 483/483
f 484/484 486/486 485/485
f 486/486 487/487 485/485
f 486/486 488/488 487/487
f 488/488 489/489 487/487
f 492/492 491/491 490/490
f 492/492 493/493 491/491
f 493/493 494/494 491/491
f 495/495 494/494 493/493
f 493/493 496/496 495/495
f 493/493 497/497 496/496
f 498/498 496/496 497/497
f 498/498 499/499 496/496
f 499/499 500/500 496/496
f 501/501 496/496 500/500
f 501/501 502/502 496/496
f 502/502 501/501 503/503
f 506/506 505/505 504/504
f 504/504 505/505 507/507
f 508/508 504/504 507/507
f 508/508 507/507 509/509
f 505/505 510/510 507/507
f 508/508 509/509 511/511
f 512/512 510/510 505/505
f 513/513 510/510 512/512
f 512/512 505/505 514/514
f 513/513 512/512 515/515
f 512/512 514/514 516/516
f 517/517 516/516 514/514
f 517/517 514/514 518/518
f 519/519 515/515 512/512
f 519/519 520/520 515/515
f 520/520 521/521 515/515
f 520/520 522/522 521/521
f 520/520 523/523 522/522
f 523/523 524/524 522/522
f 523/523 525/525 524/524
f 524/524 525/525 526/526
f 527/527 524/524 526/526
f 527/527 526/526 528/528
f 529/529 527/527 528/528
f 529/529 528/528 530/530
f 531/531 529/529 530/530
f 531/531 530/530 532/532
f 533/533 531/531 532/532
f 533/533 532/532 534/534
f 533/533 534/534 535/535
f 535/535 534/534 536/536
f 535/535 536/536 537/537
f 538/538 537/537 536/536
f 539/539 536/536 534/534
f 539/539 540/540 536/536
f 539/539 541/541 540/540
f 541/541 542/542 540/540
f 541/541 543/543 542/542
f 544/544 542/542 543/543
f 544/544 545/545 542/542
f 545/545 546/546 542/542
f 545/545 547/547 546/546
f 547/547 509/509 546/546
f 547/547 548/548 509/509
f 548/548 511/511 509/509
f 548/548 549/549 511/511
f 552/552 551/551 550/550
f 553/553 550/550 551/551
f 553/553 554/554 550/550
f 554/554 555/555 550/550
f 550/550 555/555 556/556
f 555/555 554/554 557/557
f 556/556 555/555 558/558
f 558/558 559/559 556/556
f 559/559 560/560 556/556
f 559/559 561/561 560/560
f 562/562 561/561 559/559
f 562/562 559/559 563/563
f 564/564 562/562 563/563
f 564/564 563/563 565/565
f 566/566 564/564 565/565
f 566/566 565/565 567/567
f 566/566 567/567 568/568
f 569/569 566/566 568/568
f 569/569 568/568 570/570
f 571/571 569/569 570/570
f 571/571 570/570 572/572
f 573/573 571/571 572/572
f 573/573 572/572 574/574
f 575/575 573/573 574/574
f 575/575 574/574 576/576
f 577/577 575/575 576/576
f 578/578 577/577 576/576
f 578/578 579/579 577/577
f 579/579 580/580 577/577
f 579/579 581/581 580/580
f 582/582 580/580 581/581
f 582/582 581/581 583/583
f 584/584 582/582 583/583
f 584/584 583/583 585/585
f 586/586 584/584 585/585
f 586/586 585/585 587/587
f 588/588 586/586 587/587
f 588/588 587/587 589/589
f 588/588 589/589 590/590
f 591/591 588/588 590/590
f 591/591 590/590 592/592
f 593/593 591/591 592/592
f 593/593 592/592 594/594
f 594/594 595/595 593/593
f 595/595 594/594 596/596
f 595/595 596/596 597/597
f 597/597 596/596 598/598
f 596/596 599/599 598/598
f 599/599 596/596 600/600
f 602/602 557/557 601/601
f 602/602 603/603 557/557
f 603/603 555/555 557/557
f 603/603 604/604 555/555
f 607/607 606/606 605/605
f 606/606 608/608 605/605
f 609/609 605/605 608/608
f 608/608 610/610 609/609
f 610/610 611/611 609/609
f 610/610 612/612 611/611
f 612/612 613/613 611/611
f 612/612 614/614 613/613
f 614/614 615/615 613/613
f 616/616 615/615 614/614
f 616/616 614/614 617/617
f 618/618 616/616 617/617
f 619/619 616/616 618/618
f 620/620 619/619 618/618
f 620/620 621/621 619/619
f 620/620 622/622 621/621
f 625/625 624/624 623/623
f 626/626 625/625 623/623
f 627/627 626/626 623/623
f 627/627 623/623 628/628
f 629/629 627/627 628/628
f 629/629 628/628 630/630
f 631/631 629/629 630/630
f 631/631 630/630 632/632
f 633/633 631/631 632/632
f 633/633 632/632 634/634
f 634/634 635/635 633/633
f 634/634 636/636 635/635
f 636/636 634/634 637/637
f 636/636 637/637 638/638
f 638/638 637/637 639/639
f 638/638 639/639 640/640
f 640/640 639/639 641/641
f 640/640 641/641 642/642
f 642/642 641/641 643/643
f 644/644 642/642 643/643
f 645/645 644/644 643/643
f 645/645 643/643 646/646
f 647/647 645/645 646/646
f 647/647 646/646 648/648
f 649/649 647/647 648/648
f 649/649 648/648 650/650
f 651/651 649/649 650/650
f 652/652 651/651 650/650
f 652/652 650/650 653/653
f 653/653 654/654 652/652
f 653/653 655/655 654/654
f 655/655 653/653 656/656
f 655/655 656/656 657/657
f 657/657 656/656 658/658
f 657/657 658/658 659/659
f 659/659 658/658 660/660
f 659/659 660/660 661/661
f 664/664 663/663 662/662
f 663/663 665/665 662/662
f 666/666 662/662 665/665
f 665/665 667/667 666/666
f 667/667 668/668 666/666
f 667/667 669/669 668/668
f 669/669 670/670 668/668
f 669/669 671/671 670/670
f 671/671 672/672 670/670
f 673/673 672/672 671/671
f 673/673 674/674 672/672
f 673/673 675/675 674/674
f 675/675 676/676 674/674
f 675/675 677/677 676/676
f 677/677 678/678 676/676
f 677/677 679/679 678/678
f 680/680 678/678 679/679
f 683/683 682/682 681/681
f 683/683 684/684 682/682
f 684/684 685/685 682/682
f 686/686 684/684 683/683
f 684/684 687/687 685/685
f 686/686 687/687 684/684
f 690/690 689/689 688/688
f 689/689 691/691 688/688
f 689/689 692/692 691/691
f 688/688 691/691 693/693
f 688/688 693/693 694/694
f 694/694 693/693 695/695
f 692/692 696/696 691/691
f 693/693 691/691 696/696
f 696/696 695/695 693/693
f 696/696 692/692 697/697
f 697/697 695/695 696/696
f 700/700 699/699 698/698
f 700/700 701/701 699/699
f 701/701 702/702 699/699
f 702/702 703/703 699/699
f 702/702 704/704 703/703
f 703/703 704/704 705/705
f 706/706 703/703 705/705
f 707/707 705/705 704/704
f 706/706 705/705 708/708
f 709/709 705/705 707/707
f 710/710 708/708 705/705
f 709/709 711/711 705/705
f 712/712 710/710 705/705
f 713/713 705/705 711/711
f 712/712 705/705 714/714
f 713/713 715/715 705/705
f 715/715 714/714 705/705
f 718/718 717/717 716/716
f 716/716 717/717 719/719
f 720/720 716/716 719/719
f 720/720 719/719 721/721
f 722/722 720/720 721/721
f 722/722 723/723 720/720
f 720/720 723/723 724/724
f 723/723 725/725 724/724
f 722/722 726/726 723/723
f 727/727 726/726 722/722
f 726/726 728/728 723/723
f 728/728 729/729 723/723
f 730/730 723/723 729/729
f 730/730 731/731 723/723
f 731/731 725/725 723/723
f 732/732 725/725 731/731
f 733/733 725/725 732/732
f 736/736 735/735 734/734
f 737/737 735/735 736/736
f 740/740 739/739 738/738
f 741/741 740/740 738/738
f 744/744 743/743 742/742
f 742/742 745/745 744/744
f 748/748 747/747 746/746
f 748/748 746/746 749/749
f 752/752 751/751 750/750
f 751/751 753/753 750/750
f 756/756 755/755 754/754
f 756/756 754/754 757/757
f 760/760 759/759 758/758
f 760/760 761/761 759/759
f 764/764 763/763 762/762
f 763/763 765/765 762/762
f 763/763 766/766 765/765
f 766/766 767/767 765/765
f 766/766 768/768 767/767
f 768/768 769/769 767/767
f 768/768 770/770 769/769
f 768/768 771/771 770/770
f 771/771 772/772 770/770
f 771/771 773/773 772/772
f 773/773 774/774 772/772
f 773/773 775/775 774/774
f 775/775 776/776 774/774
f 775/775 777/777 776/776
f 777/777 778/778 776/776
f 778/778 779/779 776/776
f 778/778 780/780 779/779
f 780/780 781/781 779/779
f 780/780 782/782 781/781
f 782/782 783/783 781/781
f 782/782 784/784 783/783
f 784/784 785/785 783/783
f 784/784 786/786 785/785
f 786/786 787/787 785/785
f 786/786 788/788 787/787
f 788/788 789/789 787/787
f 788/788 790/790 789/789
f 788/788 791/791 790/790
f 791/791 792/792 790/790
f 791/791 793/793 792/792
f 794/794 792/792 793/793
f 794/794 795/795 792/792
f 798/798 797/797 796/796
f 797/797 799/799 796/796
f 799/799 797/797 800/800
f 797/797 801/801 800/800
f 802/802 800/800 801/801
f 803/803 796/796 799/799
f 802/802 804/804 800/800
f 803/803 799/799 805/805
f 806/806 803/803 805/805
f 807/807 806/806 805/805
f 808/808 807/807 805/805
f 809/809 808/808 805/805
f 810/810 805/805 799/799
f 810/810 809/809 805/805
f 800/800 810/810 799/799
f 811/811 809/809 810/810
f 810/810 800/800 811/811
f 812/812 809/809 811/811
f 804/804 813/813 800/800
f 813/813 811/811 800/800
f 804/804 814/814 813/813
f 813/813 814/814 815/815
f 813/813 815/815 811/811
f 811/811 815/815 816/816
f 811/811 816/816 812/812
f 817/817 812/812 816/816
f 818/818 817/817 816/816
f 819/819 817/817 818/818
f 819/819 820/820 817/817
f 819/819 821/821 820/820
f 821/821 822/822 820/820
f 820/820 822/822 823/823
f 824/824 823/823 822/822
f 822/822 825/825 824/824
f 826/826 824/824 825/825
f 824/824 826/826 827/827
f 824/824 827/827 828/828
f 824/824 828/828 829/829
f 824/824 830/830 823/823
f 824/824 829/829 831/831
f 832/832 830/830 824/824
f 832/832 824/824 831/831
f 832/832 833/833 830/830
f 832/832 834/834 833/833
f 832/832 835/835 834/834
f 832/832 831/831 835/835
f 835/835 831/831 836/836
f 835/835 836/836 837/837
f 837/837 836/836 838/838
f 841/841 840/840 839/839
f 841/841 842/842 840/840
f 842/842 843/843 840/840
f 842/842 844/844 843/843
f 844/844 845/845 843/843
f 845/845 846/846 843/843
f 845/845 847/847 846/846
f 847/847 848/848 846/846
f 849/849 848/848 847/847
f 849/849 847/847 850/850
f 851/851 849/849 850/850
f 851/851 850/850 852/852
f 853/853 851/851 852/852
f 853/853 852/852 854/854
f 855/855 853/853 854/854
f 856/856 855/855 854/854
f 856/856 854/854 857/857
f 858/858 856/856 857/857
f 861/861 860/860 859/859
f 862/862 861/861 859/859
f 862/862 859/859 863/863
f 864/864 862/862 863/863
f 865/865 864/864 863/863
f 865/865 863/863 866/866
f 869/869 868/868 867/867
f 870/870 869/869 867/867
f 871/871 869/869 870/870
f 870/870 872/872 871/871
f 871/871 872/872 873/873
f 874/874 871/871 873/873
f 875/875 874/874 873/873
f 875/875 873/873 876/876
f 876/876 877/877 875/875
f 876/876 878/878 877/877
f 878/878 879/879 877/877
f 879/879 880/880 877/877
f 881/881 880/880 879/879
f 881/881 879/879 882/882
f 883/883 881/881 882/882
f 883/883 882/882 884/884
f 883/883 884/884 885/885
f 886/886 883/883 885/885
f 886/886 885/885 887/887
f 888/888 886/886 887/887
f 887/887 889/889 888/888
f 889/889 890/890 888/888
f 891/891 890/890 889/889
f 891/891 889/889 892/892
f 893/893 891/891 892/892
f 893/893 892/892 894/894
f 895/895 893/893 894/894
f 894/894 896/896 895/895
f 896/896 897/897 895/895
f 896/896 898/898 897/897
f 898/898 899/899 897/897
f 898/898 900/900 899/899
f 900/900 901/901 899/899
f 900/900 898/898 902/902
f 903/903 900/900 902/902
f 903/903 902/902 904/904
f 900/900 905/905 901/901
f 903/903 904/904 906/906
f 900/900 907/907 905/905
f 903/903 908/908 900/900
f 905/905 907/907 909/909
f 910/910 905/905 909/909
f 909/909 911/911 910/910
f 903/903 912/912 908/908
f 909/909 913/913 911/911
f 914/914 911/911 913/913
f 915/915 914/914 913/913
f 915/915 913/913 916/916
f 903/903 917/917 912/912
f 906/906 918/918 903/903
f 917/917 903/903 918/918
f 919/919 918/918 906/906
f 918/918 919/919 920/920
f 921/921 917/917 918/918
f 920/920 921/921 918/918
f 917/917 921/921 922/922
f 921/921 923/923 922/922
f 924/924 921/921 920/920
f 920/920 925/925 924/924
f 923/923 921/921 926/926
f 921/921 924/924 926/926
f 924/924 925/925 926/926
f 927/927 923/923 926/926
f 927/927 926/926 928/928
f 929/929 927/927 928/928
f 930/930 929/929 928/928
f 931/931 930/930 928/928
f 928/928 932/932 931/931
f 931/931 932/932 933/933
f 934/934 933/933 932/932
f 925/925 935/935 926/926
f 935/935 928/928 926/926
f 925/925 936/936 935/935
f 936/936 937/937 935/935
f 928/928 935/935 937/937
f 938/938 928/928 937/937
f 928/928 938/938 939/939
f 939/939 938/938 940/940
f 932/932 939/939 940/940
f 941/941 928/928 939/939
f 941/941 932/932 928/928
f 932/932 941/941 939/939
f 942/942 934/934 932/932
f 932/932 940/940 943/943
f 943/943 942/942 932/932
f 934/934 942/942 944/944
f 945/945 934/934 944/944
f 944/944 946/946 945/945
f 943/943 940/940 947/947
f 940/940 948/948 947/947
f 942/942 943/943 949/949
f 943/943 947/947 949/949
f 942/942 949/949 944/944
f 949/949 947/947 950/950
f 950/950 951/951 949/949
f 944/944 949/949 951/951
f 950/950 952/952 951/951
f 953/953 946/946 944/944
f 951/951 953/953 944/944
f 952/952 953/953 951/951
f 954/954 946/946 953/953
f 952/952 955/955 953/953
f 955/955 954/954 953/953
f 958/958 957/957 956/956
f 959/959 956/956 957/957
f 960/960 959/959 957/957
f 960/960 961/961 959/959
f 961/961 962/962 959/959
f 959/959 962/962 963/963
f 961/961 964/964 962/962
f 962/962 964/964 965/965
f 966/966 962/962 965/965
f 966/966 965/965 967/967
f 970/970 969/969 968/968
f 969/969 970/970 971/971
f 969/969 971/971 972/972
f 970/970 973/973 971/971
f 970/970 974/974 973/973
f 970/970 975/975 974/974
f 976/976 973/973 974/974
f 976/976 974/974 977/977
f 976/976 977/977 978/978
f 978/978 977/977 979/979
f 979/979 980/980 978/978
f 978/978 980/980 981/981
f 982/982 980/980 979/979
f 982/982 983/983 980/980
f 980/980 984/984 981/981
f 980/980 983/983 984/984
f 982/982 985/985 983/983
f 983/983 985/985 986/986
f 987/987 984/984 983/983
f 983/983 986/986 988/988
f 987/987 983/983 989/989
f 989/989 983/983 988/988
f 990/990 987/987 989/989
f 988/988 991/991 989/989
f 990/990 989/989 991/991
f 988/988 992/992 991/991
f 990/990 991/991 993/993
f 992/992 994/994 991/991
f 993/993 991/991 995/995
f 991/991 994/994 995/995
f 995/995 994/994 996/996
f 997/997 993/993 995/995
f 995/995 996/996 998/998
f 999/999 997/997 995/995
f 999/999 995/995 998/998
f 999/999 998/998 1000/1000
f 1001/1001 997/997 999/999
f 1002/1002 999/999 1000/1000
f 1001/1001 999/999 1002/1002
f 1002/1002 1000/1000 1003/1003
f 1001/1001 1002/1002 1004/1004
f 1004/1004 1002/1002 1003/1003
f 1001/1001 1004/1004 1005/1005
f 1004/1004 1003/1003 1006/1006
f 1007/1007 1005/1005 1004/1004
f 1007/1007 1004/1004 1006/1006
f 1007/1007 1006/1006 1008/1008
f 1008/1008 1009/1009 1007/1007
f 1010/1010 1005/1005 1007/1007
f 1009/1009 1010/1010 1007/1007
f 1010/1010 1009/1009 1011/1011
f 1012/1012 1010/1010 1011/1011
f 1012/1012 1011/1011 1013/1013
f 1014/1014 1010/1010 1012/1012
f 1013/1013 1015/1015 1012/1012
f 1016/1016 1014/1014 1012/1012
f 1015/1015 1017/1017 1012/1012
f 1016/1016 1012/1012 1017/1017
f 1017/1017 1015/1015 1018/1018
f 1016/1016 1017/1017 1019/1019
f 1017/1017 1018/1018 1019/1019
f 1019/1019 1018/1018 1020/1020
f 1021/1021 1020/1020 1018/1018
f 1020/1020 1022/1022 1019/1019
f 1020/1020 1021/1021 1023/1023
f 1020/1020 1024/1024 1022/1022
f 1025/1025 1020/1020 1023/1023
f 1020/1020 1025/1025 1024/1024
f 1025/1025 1023/1023 1026/1026
f 1025/1025 1027/1027 1024/1024
f 1025/1025 1026/1026 1028/1028
f 1025/1025 1029/1029 1027/1027
f 1029/1029 1025/1025 1028/1028
f 1029/1029 1030/1030 1027/1027
f 1029/1029 1028/1028 1031/1031
f 1029/1029 1032/1032 1030/1030
f 1029/1029 1031/1031 1032/1032
f 1032/1032 1031/1031 1033/1033
f 1034/1034 1030/1030 1032/1032
f 1034/1034 1032/1032 1035/1035
f 1035/1035 1036/1036 1034/1034
f 1032/1032 1033/1033 1037/1037
f 1035/1035 1032/1032 1037/1037
f 1035/1035 1037/1037 1038/1038
f 1039/1039 1035/1035 1038/1038
f 1039/1039 1040/1040 1035/1035
f 1035/1035 1041/1041 1036/1036
f 1040/1040 1042/1042 1035/1035
f 1041/1041 1035/1035 1042/1042
f 1042/1042 1040/1040 1043/1043
f 1043/1043 1044/1044 1042/1042
f 1042/1042 1045/1045 1041/1041
f 1044/1044 1045/1045 1042/1042
f 1045/1045 1046/1046 1041/1041
f 1047/1047 1046/1046 1045/1045
f 1044/1044 1048/1048 1045/1045
f 1047/1047 1045/1045 1048/1048
f 1049/1049 1047/1047 1048/1048
f 1049/1049 1048/1048 1050/1050
f 1051/1051 1050/1050 1048/1048
f 1052/1052 1050/1050 1051/1051
f 1050/1050 1053/1053 1049/1049
f 1050/1050 1052/1052 1053/1053
f 1053/1053 1052/1052 1054/1054
f 1055/1055 1053/1053 1054/1054
f 1058/1058 1057/1057 1056/1056
f 1058/1058 1056/1056 1059/1059
f 1058/1058 1059/1059 1060/1060
f 1061/1061 1058/1058 1060/1060
f 1061/1061 1060/1060 1062/1062
f 1062/1062 1063/1063 1061/1061
f 1062/1062 1064/1064 1063/1063
f 1065/1065 1063/1063 1064/1064
f 1068/1068 1067/1067 1066/1066
f 1069/1069 1066/1066 1067/1067
f 1069/1069 1067/1067 1070/1070
f 1071/1071 1070/1070 1067/1067
f 1071/1071 1072/1072 1070/1070
f 1069/1069 1073/1073 1066/1066
f 1072/1072 1074/1074 1070/1070
f 1075/1075 1073/1073 1069/1069
f 1075/1075 1076/1076 1073/1073
f 1075/1075 1069/1069 1077/1077
f 1069/1069 1070/1070 1077/1077
f 1078/1078 1070/1070 1074/1074
f 1078/1078 1074/1074 1079/1079
f 1079/1079 1080/1080 1078/1078
f 1075/1075 1081/1081 1076/1076
f 1075/1075 1077/1077 1081/1081
f 1082/1082 1081/1081 1077/1077
f 1077/1077 1070/1070 1083/1083
f 1070/1070 1078/1078 1083/1083
f 1078/1078 1080/1080 1084/1084
f 1084/1084 1083/1083 1078/1078
f 1084/1084 1080/1080 1085/1085
f 1081/1081 1086/1086 1076/1076
f 1087/1087 1076/1076 1086/1086
f 1088/1088 1087/1087 1086/1086
f 1087/1087 1088/1088 1089/1089
f 1088/1088 1090/1090 1089/1089
f 1077/1077 1083/1083 1091/1091
f 1091/1091 1082/1082 1077/1077
f 1092/1092 1086/1086 1081/1081
f 1092/1092 1081/1081 1082/1082
f 1092/1092 1093/1093 1086/1086
f 1093/1093 1088/1088 1086/1086
f 1085/1085 1094/1094 1084/1084
f 1094/1094 1085/1085 1095/1095
f 1084/1084 1096/1096 1083/1083
f 1096/1096 1091/1091 1083/1083
f 1097/1097 1084/1084 1094/1094
f 1084/1084 1097/1097 1096/1096
f 1098/1098 1097/1097 1094/1094
f 1098/1098 1099/1099 1097/1097
f 1092/1092 1082/1082 1100/1100
f 1093/1093 1092/1092 1100/1100
f 1096/1096 1097/1097 1101/1101
f 1099/1099 1101/1101 1097/1097
f 1091/1091 1096/1096 1102/1102
f 1096/1096 1101/1101 1103/1103
f 1102/1102 1096/1096 1103/1103
f 1099/1099 1104/1104 1101/1101
f 1101/1101 1104/1104 1103/1103
f 1104/1104 1099/1099 1105/1105
f 1106/1106 1105/1105 1099/1099
f 1106/1106 1107/1107 1105/1105
f 1104/1104 1108/1108 1103/1103
f 1108/1108 1104/1104 1105/1105
f 1091/1091 1109/1109 1082/1082
f 1109/1109 1091/1091 1102/1102
f 1110/1110 1102/1102 1103/1103
f 1108/1108 1110/1110 1103/1103
f 1111/1111 1109/1109 1102/1102
f 1111/1111 1102/1102 1110/1110
f 1082/1082 1109/1109 1112/1112
f 1109/1109 1111/1111 1112/1112
f 1113/1113 1112/1112 1111/1111
f 1111/1111 1114/1114 1113/1113
f 1111/1111 1110/1110 1114/1114
f 1082/1082 1112/1112 1115/1115
f 1113/1113 1115/1115 1112/1112
f 1082/1082 1115/1115 1100/1100
f 1113/1113 1116/1116 1115/1115
f 1100/1100 1115/1115 1116/1116
f 1110/1110 1117/1117 1114/1114
f 1118/1118 1117/1117 1110/1110
f 1108/1108 1118/1118 1110/1110
f 1119/1119 1117/1117 1118/1118
f 1119/1119 1118/1118 1120/1120
f 1118/1118 1108/1108 1120/1120
f 1120/1120 1121/1121 1119/1119
f 1114/1114 1122/1122 1113/1113
f 1114/1114 1123/1123 1122/1122
f 1124/1124 1113/1113 1122/1122
f 1124/1124 1125/1125 1113/1113
f 1125/1125 1126/1126 1113/1113
f 1126/1126 1116/1116 1113/1113
f 1127/1127 1116/1116 1126/1126
f 1127/1127 1128/1128 1116/1116
f 1128/1128 1129/1129 1116/1116
f 1100/1100 1116/1116 1129/1129
f 1130/1130 1100/1100 1129/1129
f 1130/1130 1129/1129 1131/1131
f 1093/1093 1100/1100 1130/1130
f 1130/1130 1131/1131 1132/1132
f 1093/1093 1130/1130 1133/1133
f 1093/1093 1133/1133 1088/1088
f 1134/1134 1130/1130 1132/1132
f 1134/1134 1133/1133 1130/1130
f 1134/1134 1132/1132 1135/1135
f 1136/1136 1134/1134 1135/1135
f 1137/1137 1136/1136 1135/1135
f 1138/1138 1133/1133 1134/1134
f 1134/1134 1136/1136 1138/1138
f 1133/1133 1139/1139 1088/1088
f 1138/1138 1139/1139 1133/1133
f 1140/1140 1136/1136 1137/1137
f 1137/1137 1141/1141 1140/1140
f 1141/1141 1142/1142 1140/1140
f 1138/1138 1136/1136 1143/1143
f 1138/1138 1143/1143 1139/1139
f 1136/1136 1140/1140 1144/1144
f 1142/1142 1144/1144 1140/1140
f 1143/1143 1136/1136 1144/1144
f 1139/1139 1145/1145 1088/1088
f 1090/1090 1088/1088 1145/1145
f 1090/1090 1145/1145 1146/1146
f 1145/1145 1139/1139 1147/1147
f 1146/1146 1145/1145 1147/1147
f 1143/1143 1147/1147 1139/1139
f 1146/1146 1147/1147 1148/1148
f 1143/1143 1149/1149 1147/1147
f 1143/1143 1144/1144 1149/1149
f 1149/1149 1148/1148 1147/1147
f 1142/1142 1150/1150 1144/1144
f 1144/1144 1150/1150 1149/1149
f 1150/1150 1148/1148 1149/1149
f 1142/1142 1151/1151 1150/1150
f 1150/1150 1152/1152 1148/1148
f 1151/1151 1153/1153 1150/1150
f 1153/1153 1152/1152 1150/1150
f 1156/1156 1155/1155 1154/1154
f 1157/1157 1155/1155 1156/1156
f 1158/1158 1157/1157 1156/1156
f 1159/1159 1158/1158 1156/1156
f 1159/1159 1156/1156 1160/1160
f 1157/1157 1161/1161 1155/1155
f 1162/1162 1159/1159 1160/1160
f 1161/1161 1163/1163 1155/1155
f 1163/1163 1164/1164 1155/1155
f 1161/1161 1165/1165 1163/1163
f 1163/1163 1166/1166 1164/1164
f 1166/1166 1163/1163 1165/1165
f 1162/1162 1160/1160 1167/1167
f 1168/1168 1167/1167 1160/1160
f 1168/1168 1169/1169 1167/1167
f 1162/1162 1167/1167 1170/1170
f 1170/1170 1167/1167 1169/1169
f 1171/1171 1162/1162 1170/1170
f 1169/1169 1172/1172 1170/1170
f 1170/1170 1173/1173 1171/1171
f 1172/1172 1174/1174 1170/1170
f 1170/1170 1174/1174 1173/1173
f 1172/1172 1175/1175 1174/1174
f 1176/1176 1173/1173 1174/1174
f 1175/1175 1177/1177 1174/1174
f 1176/1176 1174/1174 1177/1177
f 1175/1175 1178/1178 1177/1177
f 1176/1176 1177/1177 1179/1179
f 1178/1178 1179/1179 1177/1177
f 1180/1180 1176/1176 1179/1179
f 1178/1178 1181/1181 1179/1179
f 1180/1180 1179/1179 1181/1181
f 1182/1182 1180/1180 1181/1181
f 1182/1182 1181/1181 1183/1183
f 1183/1183 1184/1184 1182/1182
f 1183/1183 1185/1185 1184/1184
f 1183/1183 1186/1186 1185/1185
f 1185/1185 1187/1187 1184/1184
f 1186/1186 1188/1188 1185/1185
f 1185/1185 1189/1189 1187/1187
f 1188/1188 1189/1189 1185/1185
f 1190/1190 1187/1187 1189/1189
f 1188/1188 1191/1191 1189/1189
f 1190/1190 1189/1189 1191/1191
f 1188/1188 1192/1192 1191/1191
f 1193/1193 1190/1190 1191/1191
f 1192/1192 1194/1194 1191/1191
f 1193/1193 1191/1191 1194/1194
f 1192/1192 1195/1195 1194/1194
f 1194/1194 1196/1196 1193/1193
f 1197/1197 1194/1194 1195/1195
f 1194/1194 1197/1197 1196/1196
f 1197/1197 1195/1195 1198/1198
f 1197/1197 1199/1199 1196/1196
f 1198/1198 1200/1200 1197/1197
f 1197/1197 1201/1201 1199/1199
f 1201/1201 1197/1197 1200/1200
f 1202/1202 1199/1199 1201/1201
f 1201/1201 1200/1200 1203/1203
f 1202/1202 1201/1201 1204/1204
f 1204/1204 1201/1201 1203/1203
f 1205/1205 1202/1202 1204/1204
f 1204/1204 1203/1203 1206/1206
f 1206/1206 1205/1205 1204/1204
f 1209/1209 1208/1208 1207/1207
f 1209/1209 1210/1210 1208/1208
f 1210/1210 1211/1211 1208/1208
f 1212/1212 1211/1211 1210/1210
f 1210/1210 1209/1209 1213/1213
f 1209/1209 1214/1214 1213/1213
f 1210/1210 1215/1215 1212/1212
f 1215/1215 1210/1210 1213/1213
f 1213/1213 1214/1214 1216/1216
f 1216/1216 1214/1214 1121/1121
f 1121/1121 1120/1120 1216/1216
f 1217/1217 1213/1213 1216/1216
f 1217/1217 1215/1215 1213/1213
f 1216/1216 1120/1120 1218/1218
f 1217/1217 1216/1216 1218/1218
f 1218/1218 1120/1120 1108/1108
f 1108/1108 1105/1105 1218/1218
f 1217/1217 1218/1218 1105/1105
f 1219/1219 1212/1212 1215/1215
f 1220/1220 1212/1212 1219/1219
f 1221/1221 1217/1217 1105/1105
f 1221/1221 1105/1105 1107/1107
f 1221/1221 1107/1107 1222/1222
f 1221/1221 1222/1222 1223/1223
f 1215/1215 1217/1217 1224/1224
f 1217/1217 1221/1221 1224/1224
f 1219/1219 1215/1215 1224/1224
f 1224/1224 1221/1221 1223/1223
f 1219/1219 1225/1225 1220/1220
f 1225/1225 1219/1219 1224/1224
f 1225/1225 1224/1224 1223/1223
f 1226/1226 1220/1220 1225/1225
f 1227/1227 1225/1225 1223/1223
f 1225/1225 1227/1227 1226/1226
f 1230/1230 1229/1229 1228/1228
f 1230/1230 1228/1228 1231/1231
f 1231/1231 1232/1232 1230/1230
f 1232/1232 1233/1233 1230/1230
f 1232/1232 1234/1234 1233/1233
f 1234/1234 1235/1235 1233/1233
f 1234/1234 1236/1236 1235/1235
f 1236/1236 1237/1237 1235/1235
f 1236/1236 1238/1238 1237/1237
f 1237/1237 1238/1238 1239/1239
f 1240/1240 1237/1237 1239/1239
f 1239/1239 1241/1241 1240/1240
f 1241/1241 1242/1242 1240/1240
f 1241/1241 1243/1243 1242/1242
f 1244/1244 1242/1242 1243/1243
f 1245/1245 1243/1243 1241/1241
f 1245/1245 1241/1241 1246/1246
f 1247/1247 1243/1243 1245/1245
f 1247/1247 1248/1248 1243/1243
f 1244/1244 1243/1243 1249/1249
f 1250/1250 1245/1245 1246/1246
f 1250/1250 1246/1246 1251/1251
f 1252/1252 1250/1250 1251/1251
f 1252/1252 1251/1251 1253/1253
f 1254/1254 1252/1252 1253/1253
f 1254/1254 1253/1253 1255/1255
f 1254/1254 1255/1255 1256/1256
f 1257/1257 1254/1254 1256/1256
f 1257/1257 1256/1256 1258/1258
f 1258/1258 1256/1256 1259/1259
f 1258/1258 1259/1259 1260/1260
f 1261/1261 1260/1260 1259/1259
f 1262/1262 1245/1245 1250/1250
f 1262/1262 1263/1263 1245/1245
f 1263/1263 1264/1264 1245/1245
f 1263/1263 1265/1265 1264/1264
f 1265/1265 1249/1249 1264/1264
f 1265/1265 1266/1266 1249/1249
f 1244/1244 1249/1249 1266/1266
f 1244/1244 1266/1266 1267/1267
f 1268/1268 1262/1262 1250/1250
f 1268/1268 1250/1250 1269/1269
f 1268/1268 1269/1269 1270/1270
f 1271/1271 1268/1268 1270/1270
f 1271/1271 1270/1270 1272/1272
f 1273/1273 1271/1271 1272/1272
f 1273/1273 1272/1272 1274/1274
f 1275/1275 1244/1244 1267/1267
f 1276/1276 1273/1273 1274/1274
f 1276/1276 1274/1274 1277/1277
f 1278/1278 1276/1276 1277/1277
f 1275/1275 1267/1267 1279/1279
f 1280/1280 1276/1276 1278/1278
f 1281/1281 1280/1280 1278/1278
f 1280/1280 1282/1282 1276/1276
f 1280/1280 1283/1283 1282/1282
f 1283/1283 1284/1284 1282/1282
f 1284/1284 1283/1283 1285/1285
f 1284/1284 1285/1285 1286/1286
f 1285/1285 1287/1287 1286/1286
f 1288/1288 1286/1286 1287/1287
f 1288/1288 1287/1287 1289/1289
f 1288/1288 1289/1289 1290/1290
f 1291/1291 1288/1288 1290/1290
f 1291/1291 1290/1290 1292/1292
f 1293/1293 1291/1291 1292/1292
f 1293/1293 1292/1292 1294/1294
f 1295/1295 1293/1293 1294/1294
f 1295/1295 1294/1294 1296/1296
f 1297/1297 1295/1295 1296/1296
f 1297/1297 1296/1296 1298/1298
f 1279/1279 1297/1297 1298/1298
f 1279/1279 1298/1298 1299/1299
f 1300/1300 1279/1279 1299/1299
f 1300/1300 1275/1275 1279/1279
f 1300/1300 1301/1301 1275/1275
f 1300/1300 1302/1302 1301/1301
f 1300/1300 1303/1303 1302/1302
f 1302/1302 1303/1303 1304/1304
f 1305/1305 1304/1304 1303/1303
f 1305/1305 1306/1306 1304/1304
f 1305/1305 1307/1307 1306/1306
f 1307/1307 1308/1308 1306/1306
f 1308/1308 1309/1309 1306/1306
f 1308/1308 1310/1310 1309/1309
f 1310/1310 1311/1311 1309/1309
f 1310/1310 1312/1312 1311/1311
f 1313/1313 1311/1311 1312/1312
f 1313/1313 1312/1312 1314/1314
f 1313/1313 1314/1314 1315/1315
f 1316/1316 1313/1313 1315/1315
f 1316/1316 1315/1315 1317/1317
f 1320/1320 1319/1319 1318/1318
f 1320/1320 1321/1321 1319/1319
f 1321/1321 1322/1322 1319/1319
f 1322/1322 1321/1321 1323/1323
f 1324/1324 1322/1322 1323/1323
f 1323/1323 1325/1325 1324/1324
f 1325/1325 1326/1326 1324/1324
f 1325/1325 1327/1327 1326/1326
f 1325/1325 1328/1328 1327/1327
f 1328/1328 1329/1329 1327/1327
f 1328/1328 1330/1330 1329/1329
f 1331/1331 1329/1329 1330/1330
f 1330/1330 1332/1332 1331/1331
f 1332/1332 1333/1333 1331/1331
f 1332/1332 1334/1334 1333/1333
f 1332/1332 1335/1335 1334/1334
f 1335/1335 1336/1336 1334/1334
f 1337/1337 1336/1336 1335/1335
f 1337/1337 1338/1338 1336/1336
f 1337/1337 1339/1339 1338/1338
f 1340/1340 1338/1338 1339/1339
f 1340/1340 1339/1339 1341/1341
f 1344/1344 1343/1343 1342/1342
f 1343/1343 1344/1344 1345/1345
f 1346/1346 1343/1343 1345/1345
f 1347/1347 1346/1346 1345/1345
f 1348/1348 1347/1347 1345/1345
f 1347/1347 1348/1348 1349/1349
f 1348/1348 1350/1350 1349/1349
f 1351/1351 1348/1348 1345/1345
f 1352/1352 1351/1351 1345/1345
f 1351/1351 1352/1352 1353/1353
f 1352/1352 1354/1354 1353/1353
f 1353/1353 1354/1354 1355/1355
f 1354/1354 1356/1356 1355/1355
f 1355/1355 1357/1357 1353/1353
f 1351/1351 1353/1353 1358/1358
f 1357/1357 1358/1358 1353/1353
f 1348/1348 1351/1351 1358/1358
f 1359/1359 1358/1358 1357/1357
f 1360/1360 1358/1358 1359/1359
f 1348/1348 1358/1358 1361/1361
f 1360/1360 1361/1361 1358/1358
f 1362/1362 1350/1350 1348/1348
f 1348/1348 1361/1361 1362/1362
f 1360/1360 1363/1363 1361/1361
f 1362/1362 1361/1361 1363/1363
f 1360/1360 1364/1364 1363/1363
f 1365/1365 1363/1363 1364/1364
f 1362/1362 1363/1363 1365/1365
f 1365/1365 1364/1364 1366/1366
f 1350/1350 1362/1362 1367/1367
f 1367/1367 1362/1362 1365/1365
f 1368/1368 1350/1350 1367/1367
f 1368/1368 1367/1367 1369/1369
f 1370/1370 1365/1365 1366/1366
f 1367/1367 1365/1365 1370/1370
f 1369/1369 1367/1367 1370/1370
f 1366/1366 1371/1371 1370/1370
f 1369/1369 1370/1370 1372/1372
f 1375/1375 1374/1374 1373/1373
f 1373/1373 1376/1376 1375/1375
f 1373/1373 1377/1377 1376/1376
f 1377/1377 1378/1378 1376/1376
f 1376/1376 1378/1378 1379/1379
f 1379/1379 1378/1378 1380/1380
f 1379/1379 1381/1381 1376/1376
f 1381/1381 1382/1382 1376/1376
f 1381/1381 1383/1383 1382/1382
f 1381/1381 1379/1379 1383/1383
f 1384/1384 1382/1382 1383/1383
f 1383/1383 1385/1385 1384/1384
f 1386/1386 1385/1385 1383/1383
f 1386/1386 1383/1383 1387/1387
f 1379/1379 1387/1387 1383/1383
f 1388/1388 1386/1386 1387/1387
f 1389/1389 1388/1388 1387/1387
f 1390/1390 1387/1387 1379/1379
f 1389/1389 1387/1387 1390/1390
f 1391/1391 1379/1379 1380/1380
f 1391/1391 1390/1390 1379/1379
f 1392/1392 1391/1391 1380/1380
f 1390/1390 1391/1391 1392/1392
f 1392/1392 1380/1380 1393/1393
f 1394/1394 1392/1392 1393/1393
f 1389/1389 1390/1390 1395/1395
f 1395/1395 1390/1390 1392/1392
f 1392/1392 1394/1394 1395/1395
f 1396/1396 1389/1389 1395/1395
f 1397/1397 1395/1395 1394/1394
f 1396/1396 1395/1395 1397/1397
f 1397/1397 1394/1394 1398/1398
f 1399/1399 1396/1396 1397/1397
f 1399/1399 1397/1397 1398/1398
f 1402/1402 1401/1401 1400/1400
f 1402/1402 1403/1403 1401/1401
f 1406/1406 1405/1405 1404/1404
f 1405/1405 1407/1407 1404/1404
f 1408/1408 1407/1407 1405/1405
f 1408/1408 1405/1405 1409/1409
f 1408/1408 1410/1410 1407/1407
f 1408/1408 1411/1411 1410/1410
f 1411/1411 1408/1408 1409/1409
f 1411/1411 1412/1412 1410/1410
f 1413/1413 1410/1410 1412/1412
f 1413/1413 1412/1412 1414/1414
f 1415/1415 1413/1413 1414/1414
f 1415/1415 1414/1414 1416/1416
f 1412/1412 1417/1417 1414/1414
f 1412/1412 1411/1411 1417/1417
f 1414/1414 1417/1417 1416/1416
f 1411/1411 1418/1418 1417/1417
f 1411/1411 1409/1409 1418/1418
f 1409/1409 1419/1419 1418/1418
f 1417/1417 1420/1420 1416/1416
f 1421/1421 1419/1419 1409/1409
f 1420/1420 1422/1422 1416/1416
f 1421/1421 1409/1409 1423/1423
f 1420/1420 1424/1424 1422/1422
f 1424/1424 1420/1420 1425/1425
f 1424/1424 1426/1426 1422/1422
f 1427/1427 1424/1424 1425/1425
f 1424/1424 1427/1427 1426/1426
f 1427/1427 1428/1428 1426/1426
f 1428/1428 1427/1427 1429/1429
f 1430/1430 1428/1428 1429/1429
f 1428/1428 1430/1430 1431/1431
f 1430/1430 1432/1432 1431/1431
f 1430/1430 1433/1433 1432/1432
f 1433/1433 1434/1434 1432/1432
f 1434/1434 1433/1433 1435/1435
f 1433/1433 1436/1436 1435/1435
f 1435/1435 1436/1436 1437/1437
f 1438/1438 1435/1435 1437/1437
f 1436/1436 1439/1439 1437/1437
f 1437/1437 1439/1439 1440/1440
f 1441/1441 1437/1437 1440/1440
f 1442/1442 1441/1441 1440/1440
f 1443/1443 1442/1442 1440/1440
f 1443/1443 1444/1444 1442/1442
f 1443/1443 1445/1445 1444/1444
f 1446/1446 1444/1444 1445/1445
f 1446/1446 1445/1445 1447/1447
f 1445/1445 1448/1448 1447/1447
f 1448/1448 1449/1449 1447/1447
f 1447/1447 1449/1449 1450/1450
f 1450/1450 1449/1449 1451/1451
f 1452/1452 1451/1451 1449/1449
f 1453/1453 1451/1451 1452/1452
f 1454/1454 1453/1453 1452/1452
f 1452/1452 1455/1455 1454/1454
f 1454/1454 1455/1455 1456/1456
f 1457/1457 1454/1454 1456/1456
f 1456/1456 1458/1458 1457/1457
f 1458/1458 1459/1459 1457/1457
f 1460/1460 1459/1459 1458/1458
f 1458/1458 1461/1461 1460/1460
f 1461/1461 1462/1462 1460/1460
f 1461/1461 1463/1463 1462/1462
f 1461/1461 1464/1464 1463/1463
f 1463/1463 1464/1464 1465/1465
f 1465/1465 1464/1464 1466/1466
f 1467/1467 1464/1464 1461/1461
f 1467/1467 1468/1468 1464/1464
f 1468/1468 1469/1469 1464/1464
f 1468/1468 1470/1470 1469/1469
f 1471/1471 1469/1469 1470/1470
f 1472/1472 1471/1471 1470/1470
f 1472/1472 1470/1470 1473/1473
f 1473/1473 1474/1474 1472/1472
f 1474/1474 1473/1473 1475/1475
f 1476/1476 1474/1474 1475/1475
f 1477/1477 1476/1476 1475/1475
f 1478/1478 1476/1476 1477/1477
f 1479/1479 1478/1478 1477/1477
f 1477/1477 1480/1480 1479/1479
f 1481/1481 1479/1479 1480/1480
f 1482/1482 1481/1481 1480/1480
f 1483/1483 1482/1482 1480/1480
f 1477/1477 1484/1484 1480/1480
f 1483/1483 1480/1480 1484/1484
f 1485/1485 1483/1483 1484/1484
f 1486/1486 1483/1483 1485/1485
f 1483/1483 1486/1486 1487/1487
f 1487/1487 1486/1486 1488/1488
f 1488/1488 1486/1486 1485/1485
f 1487/1487 1488/1488 1489/1489
f 1489/1489 1488/1488 1490/1490
f 1488/1488 1491/1491 1490/1490
f 1488/1488 1485/1485 1491/1491
f 1490/1490 1491/1491 1492/1492
f 1485/1485 1493/1493 1491/1491
f 1494/1494 1491/1491 1493/1493
f 1491/1491 1494/1494 1492/1492
f 1494/1494 1493/1493 1495/1495
f 1492/1492 1494/1494 1495/1495
f 1496/1496 1492/1492 1495/1495
f 1496/1496 1495/1495 1497/1497
f 1497/1497 1495/1495 1493/1493
f 1496/1496 1497/1497 1498/1498
f 1497/1497 1499/1499 1498/1498
f 1500/1500 1493/1493 1485/1485
f 1500/1500 1485/1485 1501/1501
f 1502/1502 1493/1493 1500/1500
f 1501/1501 1485/1485 1484/1484
f 1503/1503 1501/1501 1484/1484
f 1504/1504 1503/1503 1484/1484
f 1504/1504 1484/1484 1477/1477
f 1504/1504 1477/1477 1505/1505
f 1505/1505 1477/1477 1475/1475
f 1506/1506 1505/1505 1475/1475
f 1506/1506 1475/1475 1473/1473
f 1506/1506 1473/1473 1507/1507
f 1507/1507 1473/1473 1470/1470
f 1507/1507 1470/1470 1508/1508
f 1508/1508 1470/1470 1468/1468
f 1508/1508 1468/1468 1509/1509
f 1502/1502 1509/1509 1493/1493
f 1509/1509 1468/1468 1510/1510
f 1493/1493 1509/1509 1510/1510
f 1468/1468 1467/1467 1510/1510
f 1493/1493 1510/1510 1511/1511
f 1511/1511 1497/1497 1493/1493
f 1497/1497 1511/1511 1512/1512
f 1512/1512 1511/1511 1510/1510
f 1497/1497 1512/1512 1499/1499
f 1512/1512 1510/1510 1513/1513
f 1499/1499 1512/1512 1513/1513
f 1467/1467 1513/1513 1510/1510
f 1514/1514 1499/1499 1513/1513
f 1514/1514 1513/1513 1515/1515
f 1514/1514 1515/1515 1516/1516
f 1467/1467 1517/1517 1513/1513
f 1517/1517 1515/1515 1513/1513
f 1518/1518 1516/1516 1515/1515
f 1517/1517 1518/1518 1515/1515
f 1516/1516 1518/1518 1519/1519
f 1467/1467 1520/1520 1517/1517
f 1467/1467 1521/1521 1520/1520
f 1522/1522 1517/1517 1520/1520
f 1522/1522 1523/1523 1517/1517
f 1517/1517 1523/1523 1518/1518
f 1522/1522 1524/1524 1523/1523
f 1524/1524 1525/1525 1523/1523
f 1526/1526 1519/1519 1518/1518
f 1527/1527 1519/1519 1526/1526
f 1527/1527 1526/1526 1528/1528
f 1527/1527 1528/1528 1529/1529
f 1528/1528 1530/1530 1529/1529
f 1530/1530 1528/1528 1531/1531
f 1526/1526 1518/1518 1532/1532
f 1523/1523 1532/1532 1518/1518
f 1526/1526 1532/1532 1528/1528
f 1532/1532 1533/1533 1528/1528
f 1523/1523 1525/1525 1534/1534
f 1523/1523 1534/1534 1532/1532
f 1535/1535 1534/1534 1525/1525
f 1535/1535 1536/1536 1534/1534
f 1534/1534 1537/1537 1532/1532
f 1537/1537 1534/1534 1536/1536
f 1533/1533 1532/1532 1537/1537
f 1537/1537 1536/1536 1538/1538
f 1539/1539 1537/1537 1538/1538
f 1533/1533 1537/1537 1539/1539
f 1538/1538 1540/1540 1539/1539
f 1528/1528 1541/1541 1531/1531
f 1542/1542 1531/1531 1541/1541
f 1540/1540 1543/1543 1539/1539
f 1543/1543 1540/1540 1544/1544
f 1543/1543 1544/1544 1545/1545
f 1543/1543 1545/1545 1546/1546
f 1545/1545 1547/1547 1546/1546
f 1547/1547 1548/1548 1546/1546
f 1549/1549 1546/1546 1548/1548
f 1550/1550 1546/1546 1549/1549
f 1539/1539 1543/1543 1551/1551
f 1551/1551 1533/1533 1539/1539
f 1543/1543 1552/1552 1551/1551
f 1552/1552 1543/1543 1546/1546
f 1533/1533 1551/1551 1553/1553
f 1533/1533 1553/1553 1554/1554
f 1533/1533 1554/1554 1555/1555
f 1528/1528 1533/1533 1555/1555
f 1528/1528 1555/1555 1541/1541
f 1555/1555 1556/1556 1541/1541
f 1557/1557 1551/1551 1552/1552
f 1541/1541 1556/1556 1558/1558
f 1559/1559 1557/1557 1552/1552
f 1552/1552 1546/1546 1559/1559
f 1559/1559 1560/1560 1557/1557
f 1559/1559 1561/1561 1560/1560
f 1562/1562 1561/1561 1559/1559
f 1559/1559 1546/1546 1562/1562
f 1541/1541 1558/1558 1563/1563
f 1542/1542 1541/1541 1563/1563
f 1558/1558 1564/1564 1563/1563
f 1542/1542 1563/1563 1565/1565
f 1563/1563 1564/1564 1565/1565
f 1546/1546 1566/1566 1562/1562
f 1566/1566 1567/1567 1562/1562
f 1550/1550 1566/1566 1546/1546
f 1566/1566 1550/1550 1568/1568
f 1564/1564 1569/1569 1565/1565
f 1570/1570 1565/1565 1569/1569
f 1564/1564 1571/1571 1569/1569
f 1571/1571 1572/1572 1569/1569
f 1575/1575 1574/1574 1573/1573
f 1573/1573 1574/1574 1576/1576
f 1576/1576 1577/1577 1573/1573
f 1576/1576 1578/1578 1577/1577
f 1576/1576 1579/1579 1578/1578
f 1579/1579 1580/1580 1578/1578
f 1581/1581 1578/1578 1580/1580
f 1579/1579 1582/1582 1580/1580
f 1582/1582 1581/1581 1580/1580
f 1582/1582 1583/1583 1581/1581
f 1582/1582 1584/1584 1583/1583
f 1584/1584 1585/1585 1583/1583
f 1584/1584 1586/1586 1585/1585
f 1586/1586 1587/1587 1585/1585
f 1586/1586 1588/1588 1587/1587
f 1586/1586 1589/1589 1588/1588
f 1590/1590 1588/1588 1589/1589
f 1591/1591 1590/1590 1589/1589
f 1589/1589 1592/1592 1591/1591
f 1589/1589 1593/1593 1592/1592
f 1593/1593 1594/1594 1592/1592
f 1593/1593 1595/1595 1594/1594
f 1595/1595 1596/1596 1594/1594
f 1596/1596 1595/1595 1597/1597
f 1597/1597 1595/1595 1598/1598
f 1595/1595 1599/1599 1598/1598
f 1595/1595 1600/1600 1599/1599
f 1595/1595 1601/1601 1600/1600
f 1595/1595 1602/1602 1601/1601
f 1601/1601 1602/1602 1603/1603
f 1604/1604 1601/1601 1603/1603
f 1602/1602 1605/1605 1603/1603
f 1606/1606 1605/1605 1602/1602
f 1606/1606 1602/1602 1607/1607
f 1608/1608 1606/1606 1607/1607
f 1608/1608 1607/1607 1609/1609
f 1610/1610 1608/1608 1609/1609
f 1611/1611 1610/1610 1609/1609
f 1611/1611 1612/1612 1610/1610
f 1611/1611 1613/1613 1612/1612
f 1613/1613 1614/1614 1612/1612
f 1613/1613 1615/1615 1614/1614
f 1615/1615 1616/1616 1614/1614
f 1615/1615 1617/1617 1616/1616
f 1618/1618 1616/1616 1617/1617
f 1617/1617 1619/1619 1618/1618
f 1617/1617 1620/1620 1619/1619
f 1620/1620 1621/1621 1619/1619
f 1620/1620 1622/1622 1621/1621
f 1623/1623 1622/1622 1620/1620
f 1623/1623 1624/1624 1622/1622
f 1623/1623 1625/1625 1624/1624
f 1625/1625 1626/1626 1624/1624
f 1624/1624 1626/1626 1627/1627
f 1630/1630 1629/1629 1628/1628
f 1628/1628 1629/1629 1631/1631
f 1631/1631 1632/1632 1628/1628
f 1629/1629 1633/1633 1631/1631
f 1632/1632 1631/1631 1634/1634
f 1635/1635 1632/1632 1634/1634
f 1636/1636 1635/1635 1634/1634
f 1636/1636 1637/1637 1635/1635
f 1633/1633 1629/1629 1638/1638
f 1639/1639 1633/1633 1638/1638
f 1638/1638 1640/1640 1639/1639
f 1638/1638 1641/1641 1640/1640
f 1641/1641 1642/1642 1640/1640
f 1640/1640 1642/1642 1643/1643
f 1643/1643 1642/1642 1644/1644
f 1645/1645 1644/1644 1642/1642
f 1645/1645 1642/1642 1646/1646
f 1647/1647 1642/1642 1641/1641
f 1647/1647 1648/1648 1642/1642
f 1647/1647 1641/1641 1649/1649
f 1649/1649 1650/1650 1647/1647
f 1650/1650 1651/1651 1647/1647
f 1652/1652 1651/1651 1650/1650
f 1652/1652 1650/1650 1653/1653
f 1652/1652 1653/1653 1654/1654
f 1654/1654 1653/1653 1655/1655
f 1656/1656 1654/1654 1655/1655
f 1656/1656 1655/1655 1657/1657
f 1658/1658 1656/1656 1657/1657
f 1659/1659 1658/1658 1657/1657
f 1659/1659 1657/1657 1660/1660
f 1657/1657 1661/1661 1660/1660
f 1657/1657 1662/1662 1661/1661
f 1662/1662 1663/1663 1661/1661
f 1663/1663 1662/1662 1664/1664
f 1664/1664 1662/1662 1665/1665
f 1666/1666 1664/1664 1665/1665
f 1667/1667 1666/1666 1665/1665
f 1667/1667 1665/1665 1668/1668
f 1669/1669 1667/1667 1668/1668
f 1669/1669 1668/1668 1670/1670
f 1671/1671 1669/1669 1670/1670
f 1671/1671 1670/1670 1672/1672
f 1671/1671 1672/1672 1673/1673
f 1672/1672 1674/1674 1673/1673
f 1672/1672 1675/1675 1674/1674
f 1675/1675 1676/1676 1674/1674
f 1676/1676 1677/1677 1674/1674
f 1676/1676 1678/1678 1677/1677
f 1676/1676 1679/1679 1678/1678
f 1679/1679 1680/1680 1678/1678
f 1679/1679 1681/1681 1680/1680
f 1682/1682 1681/1681 1679/1679
f 1683/1683 1682/1682 1679/1679
f 1683/1683 1679/1679 1684/1684
f 1683/1683 1684/1684 1685/1685
f 1686/1686 1683/1683 1685/1685
f 1687/1687 1686/1686 1685/1685
f 1687/1687 1688/1688 1686/1686
f 1689/1689 1686/1686 1688/1688
f 1689/1689 1688/1688 1690/1690
f 1691/1691 1689/1689 1690/1690
f 1692/1692 1691/1691 1690/1690
f 1695/1695 1694/1694 1693/1693
f 1694/1694 1696/1696 1693/1693
f 1694/1694 1697/1697 1696/1696
f 1696/1696 1698/1698 1693/1693
f 1697/1697 1699/1699 1696/1696
f 1698/1698 1696/1696 1699/1699
f 1698/1698 1699/1699 1700/1700
f 1699/1699 1701/1701 1700/1700
f 1700/1700 1701/1701 1702/1702
f 1700/1700 1702/1702 1703/1703
f 1704/1704 1703/1703 1702/1702
f 1704/1704 1705/1705 1703/1703
f 1705/1705 1706/1706 1703/1703
f 1706/1706 1705/1705 1707/1707
f 1710/1710 1709/1709 1708/1708
f 1711/1711 1710/1710 1708/1708
f 1711/1711 1712/1712 1710/1710
f 1712/1712 1713/1713 1710/1710
f 1712/1712 1714/1714 1713/1713
f 1713/1713 1714/1714 1715/1715
f 1716/1716 1713/1713 1715/1715
f 1717/1717 1716/1716 1715/1715
f 1718/1718 1717/1717 1715/1715
f 1718/1718 1715/1715 1719/1719
f 1720/1720 1718/1718 1719/1719
f 1720/1720 1719/1719 1721/1721
f 1722/1722 1720/1720 1721/1721
f 1721/1721 1723/1723 1722/1722
f 1722/1722 1723/1723 1724/1724
f 1727/1727 1726/1726 1725/1725
f 1728/1728 1725/1725 1726/1726
f 1728/1728 1729/1729 1725/1725
f 1728/1728 1730/1730 1729/1729
f 1729/1729 1730/1730 1731/1731
f 1732/1732 1729/1729 1731/1731
f 1728/1728 1733/1733 1730/1730
f 1734/1734 1728/1728 1726/1726
f 1728/1728 1734/1734 1733/1733
f 1726/1726 1735/1735 1734/1734
f 1734/1734 1736/1736 1733/1733
f 1735/1735 1736/1736 1734/1734
f 1731/1731 1730/1730 1737/1737
f 1737/1737 1730/1730 1733/1733
f 1738/1738 1735/1735 1726/1726
f 1738/1738 1726/1726 1739/1739
f 1732/1732 1731/1731 1740/1740
f 1741/1741 1731/1731 1737/1737
f 1731/1731 1741/1741 1740/1740
f 1737/1737 1733/1733 1742/1742
f 1741/1741 1737/1737 1743/1743
f 1737/1737 1742/1742 1743/1743
f 1744/1744 1733/1733 1736/1736
f 1733/1733 1744/1744 1742/1742
f 1745/1745 1740/1740 1741/1741
f 1745/1745 1741/1741 1743/1743
f 1735/1735 1738/1738 1746/1746
f 1738/1738 1747/1747 1746/1746
f 1747/1747 1738/1738 1748/1748
f 1749/1749 1747/1747 1748/1748
f 1749/1749 1750/1750 1747/1747
f 1750/1750 1751/1751 1747/1747
f 1746/1746 1747/1747 1752/1752
f 1752/1752 1747/1747 1753/1753
f 1753/1753 1747/1747 1751/1751
f 1753/1753 1751/1751 1754/1754
f 1755/1755 1753/1753 1754/1754
f 1752/1752 1753/1753 1755/1755
f 1755/1755 1754/1754 1756/1756
f 1755/1755 1756/1756 1757/1757
f 1758/1758 1755/1755 1757/1757
f 1758/1758 1752/1752 1755/1755
f 1758/1758 1757/1757 1759/1759
f 1760/1760 1758/1758 1759/1759
f 1760/1760 1759/1759 1761/1761
f 1762/1762 1760/1760 1761/1761
f 1758/1758 1760/1760 1763/1763
f 1763/1763 1760/1760 1762/1762
f 1758/1758 1763/1763 1752/1752
f 1764/1764 1763/1763 1762/1762
f 1764/1764 1762/1762 1765/1765
f 1764/1764 1765/1765 1766/1766
f 1766/1766 1765/1765 1767/1767
f 1768/1768 1764/1764 1766/1766
f 1766/1766 1769/1769 1768/1768
f 1766/1766 1767/1767 1769/1769
f 1770/1770 1768/1768 1769/1769
f 1770/1770 1769/1769 1771/1771
f 1772/1772 1770/1770 1771/1771
f 1772/1772 1773/1773 1770/1770
f 1768/1768 1770/1770 1773/1773
f 1773/1773 1772/1772 1774/1774
f 1768/1768 1773/1773 1775/1775
f 1773/1773 1774/1774 1775/1775
f 1772/1772 1776/1776 1774/1774
f 1774/1774 1776/1776 1777/1777
f 1778/1778 1774/1774 1777/1777
f 1774/1774 1778/1778 1779/1779
f 1774/1774 1779/1779 1780/1780
f 1775/1775 1774/1774 1780/1780
f 1781/1781 1780/1780 1779/1779
f 1782/1782 1780/1780 1781/1781
f 1783/1783 1782/1782 1781/1781
f 1783/1783 1784/1784 1782/1782
f 1782/1782 1785/1785 1780/1780
f 1784/1784 1744/1744 1782/1782
f 1744/1744 1785/1785 1782/1782
f 1780/1780 1785/1785 1736/1736
f 1744/1744 1736/1736 1785/1785
f 1775/1775 1780/1780 1736/1736
f 1744/1744 1784/1784 1742/1742
f 1742/1742 1784/1784 1786/1786
f 1742/1742 1786/1786 1787/1787
f 1788/1788 1787/1787 1786/1786
f 1789/1789 1787/1787 1788/1788
f 1787/1787 1743/1743 1742/1742
f 1787/1787 1790/1790 1743/1743
f 1790/1790 1791/1791 1743/1743
f 1743/1743 1791/1791 1745/1745
f 1792/1792 1787/1787 1789/1789
f 1790/1790 1787/1787 1792/1792
f 1793/1793 1792/1792 1789/1789
f 1793/1793 1790/1790 1792/1792
f 1793/1793 1794/1794 1790/1790
f 1794/1794 1795/1795 1790/1790
f 1796/1796 1795/1795 1794/1794
f 1795/1795 1797/1797 1790/1790
f 1797/1797 1798/1798 1790/1790
f 1790/1790 1798/1798 1791/1791
f 1795/1795 1799/1799 1797/1797
f 1800/1800 1795/1795 1796/1796
f 1800/1800 1799/1799 1795/1795
f 1801/1801 1799/1799 1800/1800
f 1799/1799 1802/1802 1797/1797
f 1801/1801 1800/1800 1803/1803
f 1803/1803 1800/1800 1796/1796
f 1802/1802 1804/1804 1797/1797
f 1803/1803 1796/1796 1805/1805
f 1806/1806 1797/1797 1804/1804
f 1807/1807 1803/1803 1805/1805
f 1806/1806 1808/1808 1797/1797
f 1808/1808 1809/1809 1797/1797
f 1808/1808 1810/1810 1809/1809
f 1811/1811 1807/1807 1805/1805
f 1811/1811 1805/1805 1812/1812
f 1811/1811 1813/1813 1807/1807
f 1809/1809 1814/1814 1797/1797
f 1797/1797 1814/1814 1798/1798
f 1814/1814 1809/1809 1815/1815
f 1814/1814 1815/1815 1798/1798
f 1809/1809 1816/1816 1815/1815
f 1816/1816 1817/1817 1815/1815
f 1817/1817 1798/1798 1815/1815
f 1809/1809 1818/1818 1816/1816
f 1819/1819 1798/1798 1817/1817
f 1820/1820 1819/1819 1817/1817
f 1791/1791 1798/1798 1819/1819
f 1809/1809 1821/1821 1818/1818
f 1821/1821 1822/1822 1818/1818
f 1819/1819 1820/1820 1823/1823
f 1823/1823 1820/1820 1824/1824
f 1824/1824 1825/1825 1823/1823
f 1791/1791 1819/1819 1826/1826
f 1819/1819 1823/1823 1826/1826
f 1745/1745 1791/1791 1826/1826
f 1745/1745 1826/1826 1823/1823
f 1745/1745 1823/1823 1740/1740
f 1740/1740 1823/1823 1825/1825
f 1825/1825 1827/1827 1740/1740
f 1828/1828 1827/1827 1825/1825
f 1740/1740 1827/1827 1732/1732
f 1829/1829 1732/1732 1827/1827
f 1829/1829 1830/1830 1732/1732
f 1829/1829 1831/1831 1830/1830
f 1830/1830 1831/1831 1832/1832
f 1833/1833 1830/1830 1832/1832
f 1833/1833 1832/1832 1834/1834
f 1832/1832 1835/1835 1834/1834
f 1836/1836 1834/1834 1835/1835
f 1835/1835 1837/1837 1836/1836
f 1835/1835 1838/1838 1837/1837
f 1839/1839 1837/1837 1838/1838
f 1838/1838 1840/1840 1839/1839
f 1843/1843 1842/1842 1841/1841
f 1844/1844 1842/1842 1843/1843
f 1844/1844 1843/1843 1845/1845
f 1846/1846 1845/1845 1843/1843
f 1846/1846 1843/1843 1847/1847
f 1848/1848 1846/1846 1847/1847
f 1849/1849 1848/1848 1847/1847
f 1850/1850 1846/1846 1848/1848
f 1851/1851 1850/1850 1848/1848
f 1851/1851 1848/1848 1849/1849
f 1846/1846 1850/1850 1852/1852
f 1845/1845 1846/1846 1852/1852
f 1853/1853 1851/1851 1849/1849
f 1845/1845 1852/1852 1854/1854
f 1855/1855 1854/1854 1852/1852
f 1856/1856 1845/1845 1854/1854
f 1856/1856 1854/1854 1857/1857
f 1853/1853 1849/1849 1858/1858
f 1859/1859 1858/1858 1849/1849
f 1853/1853 1858/1858 1860/1860
f 1860/1860 1858/1858 1859/1859
f 1859/1859 1861/1861 1860/1860
f 1860/1860 1861/1861 1862/1862
f 1861/1861 1863/1863 1862/1862
f 1863/1863 1864/1864 1862/1862
f 1863/1863 1865/1865 1864/1864
f 1866/1866 1864/1864 1865/1865
f 1866/1866 1865/1865 1867/1867
f 1866/1866 1867/1867 1868/1868
f 1869/1869 1866/1866 1868/1868
f 1869/1869 1868/1868 1870/1870
f 1869/1869 1870/1870 1871/1871
f 1871/1871 1872/1872 1869/1869
f 1873/1873 1872/1872 1871/1871
f 1871/1871 1874/1874 1873/1873
f 1874/1874 1875/1875 1873/1873
f 1874/1874 1876/1876 1875/1875
f 1876/1876 1877/1877 1875/1875
f 1878/1878 1877/1877 1876/1876
f 1878/1878 1879/1879 1877/1877
f 1878/1878 1876/1876 1880/1880
f 1880/1880 1881/1881 1878/1878
f 1880/1880 1882/1882 1881/1881
f 1882/1882 1883/1883 1881/1881
f 1882/1882 1884/1884 1883/1883
f 1883/1883 1884/1884 1885/1885
f 1886/1886 1884/1884 1882/1882
f 1887/1887 1886/1886 1882/1882
f 1888/1888 1887/1887 1882/1882
f 1888/1888 1882/1882 1889/1889
f 1888/1888 1889/1889 1890/1890
f 1891/1891 1883/1883 1885/1885
f 1889/1889 1892/1892 1890/1890
f 1885/1885 1893/1893 1891/1891
f 1892/1892 1894/1894 1890/1890
f 1891/1891 1893/1893 1895/1895
f 1891/1891 1895/1895 1896/1896
f 1893/1893 1897/1897 1895/1895
f 1897/1897 1898/1898 1895/1895
f 1899/1899 1898/1898 1897/1897
f 1899/1899 1900/1900 1898/1898
f 1899/1899 1901/1901 1900/1900
f 1901/1901 1902/1902 1900/1900
f 1901/1901 1903/1903 1902/1902
f 1903/1903 1904/1904 1902/1902
f 1903/1903 1905/1905 1904/1904
f 1892/1892 1906/1906 1894/1894
f 1907/1907 1894/1894 1906/1906
f 1908/1908 1906/1906 1892/1892
f 1906/1906 1909/1909 1907/1907
f 1906/1906 1908/1908 1910/1910
f 1906/1906 1911/1911 1909/1909
f 1906/1906 1910/1910 1912/1912
f 1906/1906 1912/1912 1913/1913
f 1906/1906 1913/1913 1914/1914
f 1915/1915 1911/1911 1906/1906
f 1916/1916 1906/1906 1914/1914
f 1916/1916 1915/1915 1906/1906
f 1916/1916 1917/1917 1915/1915
f 1905/1905 1918/1918 1904/1904
f 1918/1918 1919/1919 1904/1904
f 1918/1918 1905/1905 1920/1920
f 1918/1918 1920/1920 1919/1919
f 1920/1920 1921/1921 1919/1919
f 1920/1920 1922/1922 1921/1921
f 1922/1922 1923/1923 1921/1921
f 1923/1923 1924/1924 1921/1921
f 1923/1923 1925/1925 1924/1924
f 1925/1925 1926/1926 1924/1924
f 1925/1925 1927/1927 1926/1926
f 1927/1927 1928/1928 1926/1926
f 1927/1927 1929/1929 1928/1928
f 1929/1929 1930/1930 1928/1928
f 1930/1930 1929/1929 1931/1931
f 1930/1930 1931/1931 1932/1932
f 1933/1933 1932/1932 1931/1931
f 1933/1933 1931/1931 1856/1856
f 1933/1933 1856/1856 1857/1857
f 1857/1857 1934/1934 1933/1933
f 1857/1857 1935/1935 1934/1934
f 1936/1936 1934/1934 1935/1935
f 1939/1939 1938/1938 1937/1937
f 1939/1939 1937/1937 1940/1940
f 1940/1940 1937/1937 1941/1941
f 1942/1942 1940/1940 1941/1941
f 1942/1942 1941/1941 1943/1943
f 1946/1946 1945/1945 1944/1944
f 1944/1944 1947/1947 1946/1946
f 1947/1947 1948/1948 1946/1946
f 1951/1951 1950/1950 1949/1949
f 1951/1951 1952/1952 1950/1950
f 1951/1951 1953/1953 1952/1952
f 1954/1954 1950/1950 1952/1952
f 1954/1954 1955/1955 1950/1950
f 1956/1956 1954/1954 1952/1952
f 1953/1953 1957/1957 1952/1952
f 1956/1956 1952/1952 1958/1958
f 1953/1953 1959/1959 1957/1957
f 1956/1956 1958/1958 1960/1960
f 1959/1959 1961/1961 1957/1957
f 1962/1962 1961/1961 1959/1959
f 1963/1963 1961/1961 1962/1962
f 1963/1963 1964/1964 1961/1961
f 1961/1961 1964/1964 1965/1965
f 1966/1966 1961/1961 1965/1965
f 1966/1966 1967/1967 1961/1961
f 1967/1967 1966/1966 1968/1968
f 1969/1969 1968/1968 1966/1966
f 1969/1969 1970/1970 1968/1968
f 1968/1968 1970/1970 1971/1971
f 1970/1970 1972/1972 1971/1971
f 1973/1973 1972/1972 1970/1970
f 1972/1972 1973/1973 1974/1974
f 1974/1974 1975/1975 1972/1972
f 1974/1974 1976/1976 1975/1975
f 1974/1974 1977/1977 1976/1976
f 1978/1978 1976/1976 1977/1977
f 1978/1978 1977/1977 1979/1979
f 1980/1980 1978/1978 1979/1979
f 1980/1980 1981/1981 1978/1978
f 1984/1984 1983/1983 1982/1982
f 1985/1985 1982/1982 1983/1983
f 1985/1985 1986/1986 1982/1982
f 1985/1985 1987/1987 1986/1986
f 1988/1988 1986/1986 1987/1987
f 1989/1989 1986/1986 1988/1988
f 1989/1989 1988/1988 1990/1990
f 1993/1993 1992/1992 1991/1991
f 1992/1992 1994/1994 1991/1991
f 1995/1995 1991/1991 1994/1994
f 1996/1996 1995/1995 1994/1994
f 1996/1996 1997/1997 1995/1995
f 2000/2000 1999/1999 1998/1998
f 1998/1998 2001/2001 2000/2000
f 2001/2001 2002/2002 2000/2000
f 2003/2003 2002/2002 2001/2001
f 2006/2006 2005/2005 2004/2004
f 2007/2007 2005/2005 2006/2006
f 2007/2007 2006/2006 2008/2008
f 2009/2009 2007/2007 2008/2008
f 2010/2010 2007/2007 2009/2009
f 2010/2010 2009/2009 2011/2011
f 2012/2012 2009/2009 2008/2008
f 2013/2013 2012/2012 2008/2008
f 2013/2013 2014/2014 2012/2012
f 2012/2012 2014/2014 2015/2015
f 2011/2011 2009/2009 2016/2016
f 2009/2009 2012/2012 2016/2016
f 2012/2012 2015/2015 2016/2016
f 2017/2017 2011/2011 2016/2016
f 2018/2018 2017/2017 2016/2016
f 2015/2015 2019/2019 2016/2016
f 2018/2018 2016/2016 2019/2019
f 2020/2020 2019/2019 2015/2015
f 2020/2020 2021/2021 2019/2019
f 2022/2022 2018/2018 2019/2019
f 2021/2021 2023/2023 2019/2019
f 2022/2022 2019/2019 2023/2023
f 2021/2021 2024/2024 2023/2023
f 2023/2023 2025/2025 2022/2022
f 2024/2024 2025/2025 2023/2023
f 2025/2025 2026/2026 2022/2022
f 2024/2024 2027/2027 2025/2025
f 2025/2025 2028/2028 2026/2026
f 2025/2025 2027/2027 2028/2028
f 2028/2028 2029/2029 2026/2026
f 2027/2027 2030/2030 2028/2028
f 2028/2028 2031/2031 2029/2029
f 2030/2030 2031/2031 2028/2028
f 2031/2031 2032/2032 2029/2029
f 2030/2030 2033/2033 2031/2031
f 2031/2031 2033/2033 2032/2032
f 2034/2034 2033/2033 2030/2030
f 2034/2034 2035/2035 2033/2033
f 2032/2032 2033/2033 2036/2036
f 2035/2035 2036/2036 2033/2033
f 2037/2037 2032/2032 2036/2036
f 2035/2035 2038/2038 2036/2036
f 2037/2037 2036/2036 2038/2038
f 2039/2039 2038/2038 2035/2035
f 2038/2038 2040/2040 2037/2037
f 2039/2039 2041/2041 2038/2038
f 2038/2038 2042/2042 2040/2040
f 2041/2041 2042/2042 2038/2038
f 2042/2042 2043/2043 2040/2040
f 2041/2041 2044/2044 2042/2042
f 2042/2042 2045/2045 2043/2043
f 2045/2045 2042/2042 2044/2044
f 2043/2043 2045/2045 2046/2046
f 2045/2045 2044/2044 2046/2046
f 2047/2047 2046/2046 2044/2044
f 2048/2048 2043/2043 2046/2046
f 2047/2047 2049/2049 2046/2046
f 2048/2048 2046/2046 2050/2050
f 2050/2050 2046/2046 2049/2049
f 2051/2051 2048/2048 2050/2050
f 2050/2050 2049/2049 2052/2052
f 2051/2051 2050/2050 2053/2053
f 2053/2053 2050/2050 2052/2052
f 2053/2053 2052/2052 2054/2054
f 2055/2055 2051/2051 2053/2053
f 2056/2056 2053/2053 2054/2054
f 2055/2055 2053/2053 2056/2056
f 2057/2057 2056/2056 2054/2054
f 2055/2055 2056/2056 2058/2058
f 2057/2057 2058/2058 2056/2056
f 2059/2059 2058/2058 2057/2057
f 2060/2060 2055/2055 2058/2058
f 2058/2058 2059/2059 2061/2061
f 2060/2060 2058/2058 2062/2062
f 2058/2058 2061/2061 2062/2062
f 2061/2061 2063/2063 2062/2062
f 2060/2060 2062/2062 2064/2064
f 2065/2065 2062/2062 2063/2063
f 2064/2064 2062/2062 2065/2065
f 2066/2066 2064/2064 2065/2065
f 2069/2069 2068/2068 2067/2067
f 2069/2069 2070/2070 2068/2068
f 2070/2070 2071/2071 2068/2068
f 2071/2071 2072/2072 2068/2068
f 2075/2075 2074/2074 2073/2073
f 2076/2076 2074/2074 2075/2075
f 2076/2076 2075/2075 2077/2077
f 2080/2080 2079/2079 2078/2078
f 2079/2079 2081/2081 2078/2078
f 2079/2079 2082/2082 2081/2081
f 2083/2083 2081/2081 2082/2082
f 2083/2083 2084/2084 2081/2081
f 2084/2084 2085/2085 2081/2081
f 2088/2088 2087/2087 2086/2086
f 2087/2087 2088/2088 2089/2089
f 2089/2089 2088/2088 2090/2090
f 2087/2087 2089/2089 2091/2091
f 2092/2092 2089/2089 2090/2090
f 2093/2093 2087/2087 2091/2091
f 2094/2094 2092/2092 2090/2090
f 2093/2093 2091/2091 2095/2095
f 2094/2094 2096/2096 2092/2092
f 2093/2093 2095/2095 2097/2097
f 2094/2094 2098/2098 2096/2096
f 2095/2095 2099/2099 2097/2097
f 2098/2098 2100/2100 2096/2096
f 2098/2098 2101/2101 2100/2100
f 2101/2101 2102/2102 2100/2100
f 2099/2099 2103/2103 2097/2097
f 2099/2099 2104/2104 2103/2103
f 2104/2104 2105/2105 2103/2103
f 2101/2101 2106/2106 2102/2102
f 2105/2105 2107/2107 2103/2103
f 2105/2105 2108/2108 2107/2107
f 2109/2109 2102/2102 2106/2106
f 2108/2108 2109/2109 2107/2107
f 2109/2109 2106/2106 2107/2107
f 2107/2107 2106/2106 2110/2110
f 2113/2113 2112/2112 2111/2111
f 2114/2114 2111/2111 2112/2112
f 2114/2114 2112/2112 2115/2115
f 2114/2114 2115/2115 2116/2116
f 2117/2117 2114/2114 2116/2116
f 2120/2120 2119/2119 2118/2118
f 2119/2119 2121/2121 2118/2118
f 2121/2121 2119/2119 2122/2122
f 2123/2123 2121/2121 2122/2122
f 2122/2122 2124/2124 2123/2123
f 2124/2124 2125/2125 2123/2123
f 2124/2124 2122/2122 2126/2126
f 2124/2124 2126/2126 2125/2125
f 2126/2126 2127/2127 2125/2125
f 2126/2126 2128/2128 2127/2127
f 2128/2128 2129/2129 2127/2127
f 2128/2128 2130/2130 2129/2129
f 2131/2131 2129/2129 2130/2130
f 2131/2131 2130/2130 2132/2132
f 2132/2132 2133/2133 2131/2131
f 2132/2132 2134/2134 2133/2133
f 2132/2132 2135/2135 2134/2134
f 2135/2135 2136/2136 2134/2134
f 2137/2137 2133/2133 2134/2134
f 2134/2134 2136/2136 2137/2137
f 2138/2138 2133/2133 2137/2137
f 2138/2138 2137/2137 2139/2139
f 2140/2140 2137/2137 2136/2136
f 2140/2140 2139/2139 2137/2137
f 2140/2140 2136/2136 2141/2141
f 2140/2140 2142/2142 2139/2139
f 2141/2141 2142/2142 2140/2140
f 2143/2143 2142/2142 2141/2141
f 2146/2146 2145/2145 2144/2144
f 2146/2146 2147/2147 2145/2145
f 2147/2147 2148/2148 2145/2145
f 2147/2147 2149/2149 2148/2148
f 2148/2148 2149/2149 2150/2150
f 2150/2150 2151/2151 2148/2148
f 2150/2150 2152/2152 2151/2151
f 2153/2153 2151/2151 2152/2152
f 2152/2152 2154/2154 2153/2153
f 2152/2152 2155/2155 2154/2154
f 2155/2155 2156/2156 2154/2154
f 2155/2155 2157/2157 2156/2156
f 2157/2157 2158/2158 2156/2156
f 2157/2157 2159/2159 2158/2158
f 2157/2157 2160/2160 2159/2159
f 2160/2160 2161/2161 2159/2159
f 2160/2160 2162/2162 2161/2161
f 2163/2163 2161/2161 2162/2162
f 2163/2163 2162/2162 2164/2164
f 2167/2167 2166/2166 2165/2165
f 2166/2166 2168/2168 2165/2165
f 2171/2171 2170/2170 2169/2169
f 2170/2170 2172/2172 2169/2169
f 2173/2173 2172/2172 2170/2170
f 2176/2176 2175/2175 2174/2174
f 2177/2177 2176/2176 2174/2174
f 2177/2177 2178/2178 2176/2176
f 2177/2177 2179/2179 2178/2178
f 2179/2179 2180/2180 2178/2178
f 2183/2183 2182/2182 2181/2181
f 2184/2184 2183/2183 2181/2181
f 2184/2184 2181/2181 2185/2185
f 2186/2186 2184/2184 2185/2185
f 2185/2185 2187/2187 2186/2186
f 2187/2187 2188/2188 2186/2186
f 2191/2191 2190/2190 2189/2189
f 2190/2190 2191/2191 2192/2192
f 2193/2193 2190/2190 2192/2192
f 2196/2196 2195/2195 2194/2194
f 2196/2196 2197/2197 2195/2195
f 2196/2196 2198/2198 2197/2197
f 2198/2198 2199/2199 2197/2197
f 2198/2198 2200/2200 2199/2199
f 2199/2199 2200/2200 2201/2201
f 2204/2204 2203/2203 2202/2202
f 2205/2205 2204/2204 2202/2202
f 2206/2206 2204/2204 2205/2205
f 2206/2206 2205/2205 2207/2207
f 2206/2206 2207/2207 2208/2208
f 2207/2207 2209/2209 2208/2208
f 2209/2209 2210/2210 2208/2208
f 2211/2211 2208/2208 2210/2210
f 2209/2209 2212/2212 2210/2210
f 2209/2209 2213/2213 2212/2212
f 2214/2214 2212/2212 2213/2213
f 2214/2214 2215/2215 2212/2212
f 2216/2216 2211/2211 2210/2210
f 2216/2216 2210/2210 2212/2212
f 2216/2216 2212/2212 2215/2215
f 2216/2216 2217/2217 2211/2211
f 2217/2217 2216/2216 2215/2215
f 2217/2217 2215/2215 2218/2218
f 2217/2217 2218/2218 2219/2219
f 2218/2218 1423/1423 2219/2219
f 1421/1421 1423/1423 2218/2218
f 2220/2220 2218/2218 2215/2215
f 1421/1421 2218/2218 2220/2220
f 2220/2220 2221/2221 1421/1421
f 2220/2220 2222/2222 2221/2221
f 2225/2225 2224/2224 2223/2223
f 2223/2223 2224/2224 2226/2226
f 2229/2229 2228/2228 2227/2227
f 2230/2230 2228/2228 2229/2229
f 2228/2228 2230/2230 2231/2231
f 2230/2230 2232/2232 2231/2231
f 2231/2231 2233/2233 2228/2228
f 2231/2231 2232/2232 2234/2234
f 2231/2231 2234/2234 2233/2233
f 2234/2234 2235/2235 2233/2233
f 2233/2233 2235/2235 2236/2236
f 2235/2235 2234/2234 2237/2237
f 2235/2235 2238/2238 2236/2236
f 2235/2235 2237/2237 2238/2238
f 2241/2241 2240/2240 2239/2239
f 2240/2240 2242/2242 2239/2239
f 2245/2245 2244/2244 2243/2243
f 2246/2246 2245/2245 2243/2243
f 2246/2246 2243/2243 2247/2247
f 2248/2248 2246/2246 2247/2247
f 2247/2247 2249/2249 2248/2248
f 2250/2250 2248/2248 2249/2249
f 2250/2250 2249/2249 2251/2251
f 2252/2252 2250/2250 2251/2251
f 2252/2252 2251/2251 2253/2253
f 2254/2254 2252/2252 2253/2253
f 2253/2253 2255/2255 2254/2254
f 2253/2253 2256/2256 2255/2255
f 2256/2256 2257/2257 2255/2255
f 2256/2256 2258/2258 2257/2257
f 2258/2258 2259/2259 2257/2257
f 2258/2258 2260/2260 2259/2259
f 2260/2260 2261/2261 2259/2259
f 2261/2261 2262/2262 2259/2259
f 2265/2265 2264/2264 2263/2263
f 2264/2264 2266/2266 2263/2263
f 2269/2269 2268/2268 2267/2267
f 2269/2269 2270/2270 2268/2268
f 2270/2270 2271/2271 2268/2268
f 2270/2270 2272/2272 2271/2271
f 2273/2273 2271/2271 2272/2272
f 2273/2273 2272/2272 2274/2274
f 2275/2275 2273/2273 2274/2274
f 2275/2275 2274/2274 2276/2276
f 2276/2276 2277/2277 2275/2275
f 2276/2276 2278/2278 2277/2277
f 2279/2279 2277/2277 2278/2278
f 2279/2279 2278/2278 2280/2280
f 2283/2283 2282/2282 2281/2281
f 2283/2283 2284/2284 2282/2282
f 2287/2287 2286/2286 2285/2285
f 2287/2287 2288/2288 2286/2286
f 2291/2291 2290/2290 2289/2289
f 2291/2291 2292/2292 2290/2290
f 2291/2291 2293/2293 2292/2292
f 2292/2292 2293/2293 2294/2294
f 2292/2292 2294/2294 2295/2295
f 2295/2295 2294/2294 2296/2296
f 2294/2294 2297/2297 2296/2296
f 2297/2297 2298/2298 2296/2296
f 2298/2298 2299/2299 2296/2296
f 2300/2300 2299/2299 2298/2298
f 2300/2300 2301/2301 2299/2299
f 2302/2302 2299/2299 2301/2301
f 2302/2302 2301/2301 2303/2303
f 2303/2303 2304/2304 2302/2302
f 2303/2303 2305/2305 2304/2304
f 2303/2303 2306/2306 2305/2305
f 2307/2307 2305/2305 2306/2306
f 2306/2306 2308/2308 2307/2307
f 2305/2305 2307/2307 2309/2309
f 2306/2306 2310/2310 2308/2308
f 2311/2311 2305/2305 2309/2309
f 2310/2310 2312/2312 2308/2308
f 2310/2310 2313/2313 2312/2312
f 2313/2313 2314/2314 2312/2312
f 2314/2314 2315/2315 2312/2312
f 2314/2314 2316/2316 2315/2315
f 2311/2311 2309/2309 2317/2317
f 2318/2318 2311/2311 2317/2317
f 2318/2318 2317/2317 2319/2319
f 2317/2317 2320/2320 2319/2319
f 2320/2320 2321/2321 2319/2319
f 2324/2324 2323/2323 2322/2322
f 2324/2324 2322/2322 2325/2325
f 2325/2325 2322/2322 2326/2326
f 2325/2325 2326/2326 2327/2327
f 2328/2328 2325/2325 2327/2327
f 2328/2328 2327/2327 2329/2329
f 2330/2330 2328/2328 2329/2329
f 2331/2331 2330/2330 2329/2329
f 2330/2330 2331/2331 2332/2332
f 2331/2331 2333/2333 2332/2332
f 2334/2334 2333/2333 2331/2331
f 2335/2335 2333/2333 2334/2334
f 2336/2336 2332/2332 2333/2333
f 2335/2335 2337/2337 2333/2333
f 2338/2338 2336/2336 2333/2333
f 2337/2337 2339/2339 2333/2333
f 2338/2338 2340/2340 2336/2336
f 2341/2341 2339/2339 2337/2337
f 2342/2342 2340/2340 2338/2338
f 2342/2342 2343/2343 2340/2340
f 2343/2343 2344/2344 2340/2340
f 2344/2344 2345/2345 2340/2340
f 2344/2344 2346/2346 2345/2345
f 2341/2341 2347/2347 2339/2339
f 2346/2346 2348/2348 2345/2345
f 2348/2348 2346/2346 2349/2349
f 2348/2348 2349/2349 2350/2350
f 2351/2351 2348/2348 2350/2350
f 2351/2351 2350/2350 2352/2352
f 2353/2353 2351/2351 2352/2352
f 2353/2353 2352/2352 2354/2354
f 2355/2355 2353/2353 2354/2354
f 2347/2347 2356/2356 2339/2339
f 2339/2339 2356/2356 2357/2357
f 2339/2339 2357/2357 2358/2358
f 2356/2356 2359/2359 2357/2357
f 2359/2359 2360/2360 2357/2357
f 2359/2359 2361/2361 2360/2360
f 2361/2361 2362/2362 2360/2360
f 2361/2361 2363/2363 2362/2362
f 2363/2363 2364/2364 2362/2362
f 2363/2363 2365/2365 2364/2364
f 2365/2365 2366/2366 2364/2364
f 2366/2366 2365/2365 2367/2367
f 2368/2368 2366/2366 2367/2367
f 2368/2368 2367/2367 2369/2369
f 2370/2370 2368/2368 2369/2369
f 2366/2366 2371/2371 2364/2364
f 2372/2372 2364/2364 2371/2371
f 2373/2373 2372/2372 2371/2371
f 2374/2374 2373/2373 2371/2371
f 2375/2375 2373/2373 2374/2374
f 2376/2376 2370/2370 2369/2369
f 2377/2377 2370/2370 2376/2376
f 2377/2377 2376/2376 2378/2378
f 2376/2376 2322/2322 2378/2378
f 2379/2379 2377/2377 2378/2378
f 2379/2379 2378/2378 2380/2380
f 2383/2383 2382/2382 2381/2381
f 2381/2381 2382/2382 2384/2384
f 2382/2382 2385/2385 2384/2384
f 2388/2388 2387/2387 2386/2386
f 2388/2388 2386/2386 2389/2389
f 2386/2386 2390/2390 2389/2389
f 2386/2386 2391/2391 2390/2390
f 2391/2391 2392/2392 2390/2390
f 2391/2391 2393/2393 2392/2392
f 2388/2388 2389/2389 2394/2394
f 2388/2388 2394/2394 2395/2395
f 2388/2388 2395/2395 2396/2396
f 2397/2397 2388/2388 2396/2396
f 2397/2397 2396/2396 2398/2398
f 2399/2399 2397/2397 2398/2398
f 2399/2399 2398/2398 2400/2400
f 2401/2401 2399/2399 2400/2400
f 2401/2401 2400/2400 2402/2402
f 2403/2403 2401/2401 2402/2402
f 2393/2393 2404/2404 2392/2392
f 2393/2393 2405/2405 2404/2404
f 2405/2405 2406/2406 2404/2404
f 2406/2406 2407/2407 2404/2404
f 2406/2406 2408/2408 2407/2407
f 2403/2403 2402/2402 2409/2409
f 2408/2408 2409/2409 2407/2407
f 2410/2410 2403/2403 2409/2409
f 2408/2408 2410/2410 2409/2409
f 2413/2413 2412/2412 2411/2411
f 2414/2414 2413/2413 2411/2411
f 2415/2415 2414/2414 2411/2411
f 2415/2415 2411/2411 2416/2416
f 2411/2411 2417/2417 2416/2416
f 2418/2418 2417/2417 2411/2411
f 2419/2419 2418/2418 2411/2411
f 2420/2420 2419/2419 2411/2411
f 2420/2420 2411/2411 2421/2421
f 2411/2411 2422/2422 2421/2421
f 2423/2423 2422/2422 2411/2411
f 2423/2423 2411/2411 2424/2424
f 2425/2425 2424/2424 2411/2411
f 2426/2426 2425/2425 2411/2411
f 2427/2427 2426/2426 2411/2411
f 2411/2411 2428/2428 2427/2427
f 2411/2411 2429/2429 2428/2428
f 2411/2411 2430/2430 2429/2429
f 2411/2411 2431/2431 2430/2430
f 2432/2432 2431/2431 2411/2411
f 2433/2433 2432/2432 2411/2411
f 2434/2434 2433/2433 2411/2411
f 2437/2437 2436/2436 2435/2435
f 2437/2437 2435/2435 2438/2438
f 2438/2438 2439/2439 2437/2437
f 2438/2438 2440/2440 2439/2439
f 2440/2440 2441/2441 2439/2439
f 2441/2441 2442/2442 2439/2439
f 2441/2441 2443/2443 2442/2442
f 2441/2441 2444/2444 2443/2443
f 2444/2444 2445/2445 2443/2443
f 2444/2444 2446/2446 2445/2445
f 2446/2446 2447/2447 2445/2445
f 2446/2446 2448/2448 2447/2447
f 2449/2449 2447/2447 2448/2448
f 2449/2449 2448/2448 2450/2450
f 2451/2451 2449/2449 2450/2450
f 2451/2451 2450/2450 2452/2452
f 2455/2455 2454/2454 2453/2453
f 2453/2453 2454/2454 2456/2456
f 2453/2453 2456/2456 2457/2457
f 2458/2458 2453/2453 2457/2457
f 2458/2458 2457/2457 2459/2459
f 2460/2460 2458/2458 2459/2459
f 2460/2460 2459/2459 2461/2461
f 2462/2462 2460/2460 2461/2461
f 2462/2462 2461/2461 2463/2463
f 2464/2464 2462/2462 2463/2463
f 2464/2464 2463/2463 2465/2465
f 2466/2466 2464/2464 2465/2465
f 2466/2466 2465/2465 2467/2467
f 2468/2468 2466/2466 2467/2467
f 2468/2468 2467/2467 2469/2469
f 2470/2470 2468/2468 2469/2469
f 2470/2470 2469/2469 2471/2471
f 2472/2472 2470/2470 2471/2471
f 2472/2472 2471/2471 2473/2473
f 2474/2474 2472/2472 2473/2473
f 2474/2474 2473/2473 2475/2475
f 2476/2476 2474/2474 2475/2475
f 2476/2476 2475/2475 2477/2477
f 2478/2478 2476/2476 2477/2477
f 2478/2478 2477/2477 2479/2479
f 2480/2480 2478/2478 2479/2479
f 2480/2480 2479/2479 2481/2481
f 2482/2482 2480/2480 2481/2481
f 2482/2482 2481/2481 2483/2483
f 2484/2484 2482/2482 2483/2483
f 2484/2484 2483/2483 2485/2485
f 2486/2486 2484/2484 2485/2485
f 2486/2486 2485/2485 2487/2487
f 2488/2488 2486/2486 2487/2487
f 2491/2491 2490/2490 2489/2489
f 2492/2492 2491/2491 2489/2489
f 2492/2492 2489/2489 2493/2493
f 2494/2494 2493/2493 2489/2489
f 2495/2495 2494/2494 2489/2489
f 2495/2495 2489/2489 2496/2496
f 2497/2497 2496/2496 2489/2489
f 2498/2498 2497/2497 2489/2489
f 2498/2498 2489/2489 2499/2499
f 2500/2500 2499/2499 2489/2489
f 2501/2501 2500/2500 2489/2489
f 2501/2501 2489/2489 2502/2502
f 2503/2503 2502/2502 2489/2489
f 2504/2504 2503/2503 2489/2489
f 2504/2504 2489/2489 2505/2505
f 1958/1958 2506/2506 1960/1960
f 1960/1960 2506/2506 2507/2507
f 1960/1960 2507/2507 2508/2508
f 2507/2507 2509/2509 2508/2508
f 2507/2507 2510/2510 2509/2509
f 2507/2507 2511/2511 2510/2510
f 2511/2511 2512/2512 2510/2510
f 2512/2512 2513/2513 2510/2510
f 2512/2512 2514/2514 2513/2513
f 2514/2514 2515/2515 2513/2513
f 2514/2514 2516/2516 2515/2515
f 2516/2516 2517/2517 2515/2515
f 2512/2512 2518/2518 2514/2514
f 2516/2516 2514/2514 2518/2518
f 2516/2516 2519/2519 2517/2517
f 2519/2519 2520/2520 2517/2517
f 2519/2519 2521/2521 2520/2520
f 2516/2516 2518/2518 2522/2522
f 2519/2519 2516/2516 2522/2522
f 2519/2519 2523/2523 2521/2521
f 2519/2519 2522/2522 2524/2524
f 2523/2523 2519/2519 2524/2524
f 2523/2523 2525/2525 2521/2521
f 2525/2525 2526/2526 2521/2521
f 2525/2525 2527/2527 2526/2526
f 2527/2527 2528/2528 2526/2526
f 2525/2525 2523/2523 2529/2529
f 2527/2527 2525/2525 2529/2529
f 2527/2527 2530/2530 2528/2528
f 2530/2530 2531/2531 2528/2528
f 2530/2530 2532/2532 2531/2531
f 2530/2530 2533/2533 2532/2532
f 2533/2533 2534/2534 2532/2532
f 2530/2530 2527/2527 2535/2535
f 2527/2527 2529/2529 2535/2535
f 2533/2533 2536/2536 2534/2534
f 2537/2537 2534/2534 2536/2536
f 2537/2537 2536/2536 2538/2538
f 2537/2537 2538/2538 2539/2539
f 2530/2530 2535/2535 2540/2540
f 2533/2533 2530/2530 2540/2540
f 2536/2536 2533/2533 2541/2541
f 2538/2538 2536/2536 2541/2541
f 2542/2542 2539/2539 2538/2538
f 2542/2542 2543/2543 2539/2539
f 2542/2542 2544/2544 2543/2543
f 2544/2544 2545/2545 2543/2543
f 2542/2542 2538/2538 2546/2546
f 2542/2542 2546/2546 2544/2544
f 2544/2544 2547/2547 2545/2545
f 2547/2547 2548/2548 2545/2545
f 2549/2549 2548/2548 2547/2547
f 2549/2549 2547/2547 2550/2550
f 2550/2550 2551/2551 2549/2549
f 2550/2550 2552/2552 2551/2551
f 2551/2551 2552/2552 2553/2553
f 2553/2553 2552/2552 2554/2554
f 2553/2553 2554/2554 2555/2555
f 2556/2556 2555/2555 2554/2554
f 2557/2557 2556/2556 2554/2554
f 2554/2554 2552/2552 2558/2558
f 2558/2558 2552/2552 2550/2550
f 2557/2557 2554/2554 2559/2559
f 2554/2554 2558/2558 2559/2559
f 2557/2557 2559/2559 2560/2560
f 2560/2560 2559/2559 2561/2561
f 2561/2561 2559/2559 2562/2562
f 2562/2562 2559/2559 2558/2558
f 2561/2561 2562/2562 2563/2563
f 2564/2564 2563/2563 2562/2562
f 2562/2562 2558/2558 2565/2565
f 2564/2564 2562/2562 2565/2565
f 2550/2550 2566/2566 2558/2558
f 2566/2566 2565/2565 2558/2558
f 2566/2566 2550/2550 2567/2567
f 2547/2547 2567/2567 2550/2550
f 2568/2568 2565/2565 2566/2566
f 2568/2568 2566/2566 2567/2567
f 2564/2564 2569/2569 2563/2563
f 2569/2569 2570/2570 2563/2563
f 2571/2571 2570/2570 2569/2569
f 2571/2571 2569/2569 2564/2564
f 2570/2570 2571/2571 2572/2572
f 2571/2571 2573/2573 2572/2572
f 2573/2573 2571/2571 2564/2564
f 2572/2572 2573/2573 1810/1810
f 2574/2574 2564/2564 2565/2565
f 2568/2568 2574/2574 2565/2565
f 2575/2575 2564/2564 2574/2574
f 2564/2564 2575/2575 2573/2573
f 2568/2568 2575/2575 2574/2574
f 2547/2547 2576/2576 2567/2567
f 2576/2576 2547/2547 2544/2544
f 2576/2576 2544/2544 2577/2577
f 2546/2546 2577/2577 2544/2544
f 2576/2576 2578/2578 2567/2567
f 2578/2578 2576/2576 2577/2577
f 2568/2568 2567/2567 2579/2579
f 2578/2578 2579/2579 2567/2567
f 2579/2579 2580/2580 2568/2568
f 2580/2580 2575/2575 2568/2568
f 2578/2578 2581/2581 2579/2579
f 2581/2581 2580/2580 2579/2579
f 2581/2581 2578/2578 2577/2577
f 2546/2546 2582/2582 2577/2577
f 2546/2546 2538/2538 2582/2582
f 2583/2583 2575/2575 2580/2580
f 2581/2581 2583/2583 2580/2580
f 2581/2581 2577/2577 2584/2584
f 2577/2577 2582/2582 2584/2584
f 2538/2538 2585/2585 2582/2582
f 2538/2538 2541/2541 2585/2585
f 2586/2586 2581/2581 2584/2584
f 2581/2581 2586/2586 2583/2583
f 2582/2582 2587/2587 2584/2584
f 2582/2582 2585/2585 2587/2587
f 2586/2586 2584/2584 2587/2587
f 2541/2541 2588/2588 2585/2585
f 2585/2585 2588/2588 2587/2587
f 2541/2541 2533/2533 2588/2588
f 2575/2575 2583/2583 2589/2589
f 2575/2575 2589/2589 2573/2573
f 2583/2583 2586/2586 2590/2590
f 2583/2583 2590/2590 2589/2589
f 2591/2591 2590/2590 2586/2586
f 2591/2591 2586/2586 2587/2587
f 2590/2590 2592/2592 2589/2589
f 2591/2591 2593/2593 2590/2590
f 2589/2589 2594/2594 2573/2573
f 2589/2589 2592/2592 2594/2594
f 2573/2573 2594/2594 1810/1810
f 2591/2591 2587/2587 2595/2595
f 2588/2588 2595/2595 2587/2587
f 2591/2591 2595/2595 2593/2593
f 2533/2533 2596/2596 2588/2588
f 2588/2588 2596/2596 2595/2595
f 2533/2533 2540/2540 2596/2596
f 2597/2597 1810/1810 2594/2594
f 1810/1810 2597/2597 1809/1809
f 1821/1821 1809/1809 2597/2597
f 2596/2596 2598/2598 2595/2595
f 2598/2598 2593/2593 2595/2595
f 2540/2540 2599/2599 2596/2596
f 2596/2596 2599/2599 2598/2598
f 2540/2540 2535/2535 2599/2599
f 2535/2535 2600/2600 2599/2599
f 2599/2599 2600/2600 2598/2598
f 2535/2535 2529/2529 2600/2600
f 2597/2597 2594/2594 2601/2601
f 2601/2601 2594/2594 2592/2592
f 2602/2602 1821/1821 2597/2597
f 2601/2601 2602/2602 2597/2597
f 2602/2602 1822/1822 1821/1821
f 2598/2598 2603/2603 2593/2593
f 2600/2600 2603/2603 2598/2598
f 2529/2529 2604/2604 2600/2600
f 2600/2600 2604/2604 2603/2603
f 2529/2529 2523/2523 2604/2604
f 2523/2523 2605/2605 2604/2604
f 2604/2604 2605/2605 2603/2603
f 2523/2523 2524/2524 2605/2605
f 2606/2606 1822/1822 2602/2602
f 2606/2606 2607/2607 1822/1822
f 2607/2607 2606/2606 2608/2608
f 2606/2606 2602/2602 2609/2609
f 2606/2606 2609/2609 2608/2608
f 2609/2609 2610/2610 2608/2608
f 2601/2601 2609/2609 2602/2602
f 2609/2609 2601/2601 2611/2611
f 2609/2609 2612/2612 2610/2610
f 2609/2609 2611/2611 2612/2612
f 2612/2612 2613/2613 2610/2610
f 2612/2612 2614/2614 2613/2613
f 2611/2611 2614/2614 2612/2612
f 2614/2614 2615/2615 2613/2613
f 2524/2524 2616/2616 2605/2605
f 2524/2524 2522/2522 2616/2616
f 2605/2605 2616/2616 2617/2617
f 2605/2605 2617/2617 2603/2603
f 2522/2522 2618/2618 2616/2616
f 2616/2616 2618/2618 2617/2617
f 2522/2522 2518/2518 2618/2618
f 2619/2619 2603/2603 2617/2617
f 2619/2619 2593/2593 2603/2603
f 2590/2590 2593/2593 2619/2619
f 2618/2618 2620/2620 2617/2617
f 2617/2617 2620/2620 2619/2619
f 2518/2518 2621/2621 2618/2618
f 2618/2618 2621/2621 2620/2620
f 2619/2619 2620/2620 2622/2622
f 2621/2621 2622/2622 2620/2620
f 2590/2590 2619/2619 2622/2622
f 2518/2518 2623/2623 2621/2621
f 2623/2623 2622/2622 2621/2621
f 2512/2512 2623/2623 2518/2518
f 2622/2622 2623/2623 2624/2624
f 2590/2590 2622/2622 2624/2624
f 2623/2623 2512/2512 2625/2625
f 2623/2623 2625/2625 2624/2624
f 2512/2512 2511/2511 2625/2625
f 2624/2624 2625/2625 2626/2626
f 2624/2624 2626/2626 2590/2590
f 2625/2625 2511/2511 2627/2627
f 2625/2625 2627/2627 2626/2626
f 2511/2511 2628/2628 2627/2627
f 2511/2511 2507/2507 2628/2628
f 2629/2629 2628/2628 2507/2507
f 2629/2629 2627/2627 2628/2628
f 2506/2506 2629/2629 2507/2507
f 2630/2630 2626/2626 2627/2627
f 2629/2629 2630/2630 2627/2627
f 2626/2626 2631/2631 2590/2590
f 2630/2630 2631/2631 2626/2626
f 2630/2630 2629/2629 2632/2632
f 2631/2631 2630/2630 2632/2632
f 2629/2629 2506/2506 2633/2633
f 2629/2629 2633/2633 2632/2632
f 2634/2634 2590/2590 2631/2631
f 2634/2634 2592/2592 2590/2590
f 2633/2633 2506/2506 2635/2635
f 2615/2615 2635/2635 2506/2506
f 2614/2614 2635/2635 2615/2615
f 2633/2633 2635/2635 2614/2614
f 2633/2633 2614/2614 2632/2632
f 2611/2611 2632/2632 2614/2614
f 2631/2631 2632/2632 2636/2636
f 2631/2631 2636/2636 2634/2634
f 2611/2611 2636/2636 2632/2632
f 2636/2636 2611/2611 2634/2634
f 2637/2637 2592/2592 2634/2634
f 2611/2611 2637/2637 2634/2634
f 2637/2637 2601/2601 2592/2592
f 2611/2611 2601/2601 2637/2637
f 2638/2638 2418/2418 2419/2419
f 2638/2638 2639/2639 2418/2418
f 2640/2640 2418/2418 2639/2639
f 2639/2639 2638/2638 2641/2641
f 2641/2641 2640/2640 2639/2639
f 2641/2641 2642/2642 2640/2640
f 2643/2643 2640/2640 2642/2642
f 2642/2642 2641/2641 2644/2644
f 2645/2645 2643/2643 2642/2642
f 2645/2645 2642/2642 2644/2644
f 1736/1736 1735/1735 2646/2646
f 1775/1775 1736/1736 2646/2646
f 2646/2646 1735/1735 2647/2647
f 1775/1775 2646/2646 2648/2648
f 1735/1735 2649/2649 2647/2647
f 2648/2648 2650/2650 1775/1775
f 1735/1735 1746/1746 2649/2649
f 2651/2651 2649/2649 1746/1746
f 2650/2650 1768/1768 1775/1775
f 2650/2650 2652/2652 1768/1768
f 2652/2652 2653/2653 1768/1768
f 2653/2653 1764/1764 1768/1768
f 2653/2653 2654/2654 1764/1764
f 2654/2654 1763/1763 1764/1764
f 2654/2654 2655/2655 1763/1763
f 2651/2651 1746/1746 1752/1752
f 2655/2655 1752/1752 1763/1763
f 2656/2656 2651/2651 1752/1752
f 2655/2655 2656/2656 1752/1752
f 2659/2659 2658/2658 2657/2657
f 2658/2658 2660/2660 2657/2657
f 2659/2659 2657/2657 2661/2661
f 2660/2660 2662/2662 2657/2657
f 2663/2663 2659/2659 2661/2661
f 2663/2663 2661/2661 2664/2664
f 2665/2665 2663/2663 2664/2664
f 2665/2665 2664/2664 2666/2666
f 2667/2667 2665/2665 2666/2666
f 2667/2667 2666/2666 2668/2668
f 2669/2669 2667/2667 2668/2668
f 2669/2669 2668/2668 2670/2670
f 2671/2671 2669/2669 2670/2670
f 2671/2671 2670/2670 2672/2672
f 2660/2660 2673/2673 2662/2662
f 2673/2673 2674/2674 2662/2662
f 2675/2675 2671/2671 2672/2672
f 2675/2675 2672/2672 2676/2676
f 2673/2673 2677/2677 2674/2674
f 2673/2673 2678/2678 2677/2677
f 2678/2678 2679/2679 2677/2677
f 2680/2680 2677/2677 2679/2679
f 2676/2676 2681/2681 2675/2675
f 2682/2682 2675/2675 2681/2681
f 2683/2683 2682/2682 2681/2681
f 2683/2683 2681/2681 2684/2684
f 2685/2685 2683/2683 2684/2684
f 2685/2685 2684/2684 2686/2686
f 2687/2687 2685/2685 2686/2686
f 2679/2679 2688/2688 2680/2680
f 2688/2688 2689/2689 2680/2680
f 2687/2687 2686/2686 2690/2690
f 2688/2688 2690/2690 2689/2689
f 2691/2691 2687/2687 2690/2690
f 2688/2688 2691/2691 2690/2690
f 2694/2694 2693/2693 2692/2692
f 2692/2692 2693/2693 2695/2695
f 2696/2696 2693/2693 2694/2694
f 2696/2696 2694/2694 2697/2697
f 2695/2695 2693/2693 2698/2698
f 2698/2698 2699/2699 2695/2695
f 2698/2698 2700/2700 2699/2699
f 2701/2701 2696/2696 2697/2697
f 2697/2697 2702/2702 2701/2701
f 2703/2703 2701/2701 2702/2702
f 2703/2703 2704/2704 2701/2701
f 2703/2703 2705/2705 2704/2704
f 2704/2704 2705/2705 2706/2706
f 2696/2696 2701/2701 2707/2707
f 2701/2701 2704/2704 2707/2707
f 2696/2696 2708/2708 2693/2693
f 2696/2696 2707/2707 2708/2708
f 2709/2709 2698/2698 2693/2693
f 2709/2709 2693/2693 2708/2708
f 2698/2698 2710/2710 2700/2700
f 2710/2710 2698/2698 2709/2709
f 2711/2711 2704/2704 2706/2706
f 2711/2711 2707/2707 2704/2704
f 2712/2712 2708/2708 2707/2707
f 2712/2712 2707/2707 2711/2711
f 2708/2708 2713/2713 2709/2709
f 2713/2713 2710/2710 2709/2709
f 2711/2711 2706/2706 2714/2714
f 2715/2715 2714/2714 2706/2706
f 2716/2716 2700/2700 2710/2710
f 2716/2716 2717/2717 2700/2700
f 2716/2716 2718/2718 2717/2717
f 2719/2719 2717/2717 2718/2718
f 2716/2716 2710/2710 2720/2720
f 2718/2718 2716/2716 2720/2720
f 2719/2719 2718/2718 2721/2721
f 2722/2722 2719/2719 2721/2721
f 2723/2723 2722/2722 2721/2721
f 2723/2723 2724/2724 2722/2722
f 2725/2725 2724/2724 2723/2723
f 2726/2726 2725/2725 2723/2723
f 2721/2721 2718/2718 2727/2727
f 2718/2718 2720/2720 2727/2727
f 2715/2715 2728/2728 2714/2714
f 2729/2729 2728/2728 2715/2715
f 2730/2730 2720/2720 2710/2710
f 2713/2713 2730/2730 2710/2710
f 2730/2730 2713/2713 2731/2731
f 2730/2730 2731/2731 2732/2732
f 2730/2730 2732/2732 2720/2720
f 2726/2726 2723/2723 2733/2733
f 2734/2734 2726/2726 2733/2733
f 2733/2733 2735/2735 2734/2734
f 2736/2736 2735/2735 2733/2733
f 2737/2737 2735/2735 2736/2736
f 2738/2738 2737/2737 2736/2736
f 2739/2739 2738/2738 2736/2736
f 2723/2723 2740/2740 2733/2733
f 2740/2740 2736/2736 2733/2733
f 2723/2723 2741/2741 2740/2740
f 2741/2741 2736/2736 2740/2740
f 2723/2723 2721/2721 2741/2741
f 2721/2721 2727/2727 2741/2741
f 2739/2739 2736/2736 2742/2742
f 2741/2741 2742/2742 2736/2736
f 2741/2741 2727/2727 2742/2742
f 2743/2743 2739/2739 2742/2742
f 2727/2727 2744/2744 2742/2742
f 2743/2743 2742/2742 2744/2744
f 2720/2720 2744/2744 2727/2727
f 2745/2745 2743/2743 2744/2744
f 2744/2744 2720/2720 2732/2732
f 2745/2745 2744/2744 2732/2732
f 2745/2745 2732/2732 2746/2746
f 2732/2732 2747/2747 2746/2746
f 2731/2731 2747/2747 2732/2732
f 2748/2748 2747/2747 2731/2731
f 2749/2749 2748/2748 2731/2731
f 2750/2750 2749/2749 2731/2731
f 2750/2750 2731/2731 2751/2751
f 2752/2752 2750/2750 2751/2751
f 2753/2753 2752/2752 2751/2751
f 2753/2753 2751/2751 2754/2754
f 2755/2755 2753/2753 2754/2754
f 2756/2756 2755/2755 2754/2754
f 2756/2756 2754/2754 2757/2757
f 2731/2731 2758/2758 2751/2751
f 2751/2751 2758/2758 2754/2754
f 2758/2758 2731/2731 2713/2713
f 2713/2713 2759/2759 2758/2758
f 2713/2713 2708/2708 2759/2759
f 2759/2759 2708/2708 2712/2712
f 2759/2759 2760/2760 2758/2758
f 2760/2760 2754/2754 2758/2758
f 2759/2759 2712/2712 2760/2760
f 2760/2760 2761/2761 2754/2754
f 2761/2761 2757/2757 2754/2754
f 2712/2712 2761/2761 2760/2760
f 2761/2761 2762/2762 2757/2757
f 2762/2762 2763/2763 2757/2757
f 2763/2763 2762/2762 2764/2764
f 2712/2712 2765/2765 2761/2761
f 2712/2712 2711/2711 2765/2765
f 2765/2765 2711/2711 2714/2714
f 2765/2765 2766/2766 2761/2761
f 2765/2765 2714/2714 2766/2766
f 2762/2762 2761/2761 2766/2766
f 2714/2714 2728/2728 2766/2766
f 2762/2762 2767/2767 2764/2764
f 2767/2767 2768/2768 2764/2764
f 2766/2766 2769/2769 2762/2762
f 2728/2728 2769/2769 2766/2766
f 2769/2769 2767/2767 2762/2762
f 2767/2767 2770/2770 2768/2768
f 2769/2769 2770/2770 2767/2767
f 2771/2771 2768/2768 2770/2770
f 2728/2728 2772/2772 2769/2769
f 2729/2729 2772/2772 2728/2728
f 2772/2772 2729/2729 2773/2773
f 2770/2770 2774/2774 2771/2771
f 2775/2775 2771/2771 2774/2774
f 2776/2776 2775/2775 2774/2774
f 2769/2769 2777/2777 2770/2770
f 2772/2772 2777/2777 2769/2769
f 2777/2777 2774/2774 2770/2770
f 2773/2773 2778/2778 2772/2772
f 2772/2772 2778/2778 2777/2777
f 2779/2779 2778/2778 2773/2773
f 2780/2780 2778/2778 2779/2779
f 2780/2780 2781/2781 2778/2778
f 2782/2782 2776/2776 2774/2774
f 2782/2782 2774/2774 2777/2777
f 2778/2778 2782/2782 2777/2777
f 2781/2781 2782/2782 2778/2778
f 2783/2783 2776/2776 2782/2782
f 2781/2781 2783/2783 2782/2782
f 2786/2786 2785/2785 2784/2784
f 2786/2786 2784/2784 2787/2787
f 2788/2788 2784/2784 2785/2785
f 2788/2788 2785/2785 2789/2789
f 2789/2789 2790/2790 2788/2788
f 2790/2790 2791/2791 2788/2788
f 2787/2787 2784/2784 2792/2792
f 2788/2788 2792/2792 2784/2784
f 2791/2791 2792/2792 2788/2788
f 2787/2787 2792/2792 2793/2793
f 2793/2793 2792/2792 2791/2791
f 2796/2796 2795/2795 2794/2794
f 2795/2795 2797/2797 2794/2794
f 2796/2796 2794/2794 2798/2798
f 2797/2797 2799/2799 2794/2794
f 2800/2800 2796/2796 2798/2798
f 2799/2799 2797/2797 2801/2801
f 2800/2800 2798/2798 2802/2802
f 2803/2803 2799/2799 2801/2801
f 2802/2802 2804/2804 2800/2800
f 2801/2801 2805/2805 2803/2803
f 2802/2802 2806/2806 2804/2804
f 2805/2805 2807/2807 2803/2803
f 2806/2806 2808/2808 2804/2804
f 2805/2805 2809/2809 2807/2807
f 2810/2810 2808/2808 2806/2806
f 2811/2811 2807/2807 2809/2809
f 2810/2810 2812/2812 2808/2808
f 2811/2811 2809/2809 2813/2813
f 2810/2810 2814/2814 2812/2812
f 2815/2815 2811/2811 2813/2813
f 2814/2814 2816/2816 2812/2812
f 2815/2815 2813/2813 2816/2816
f 2815/2815 2816/2816 2814/2814
