v -0.0044965743 -0.0319143092 0.0292996468
v -0.00856863219 -0.0299291693 0.0315838144
v -0.000895363443 -0.0310381584 0.0315864367
v -0.00995689209 -0.0308470256 0.0292570592
v -0.0108676455 -0.0307450459 0.0164809826
v -0.00610279945 -0.0316310417 0.0165215431
v -0.0133573548 -0.028285461 0.0315839046
v -0.00649346639 -0.0311782356 0.0028452574
v -0.0147877425 -0.0290362818 0.0292882905
v -0.0177391142 -0.025897885 0.0315839337
v -0.0199859896 -0.0259506068 0.029190749
v -0.0217079791 -0.0227510817 0.0315839949
v -0.0235448863 -0.0227463118 0.029283762
v -0.025049706 -0.0190245752 0.031584024
v -0.0263230102 -0.0193682391 0.0292934768
v -0.0279575777 -0.0143617445 0.0315840822
v -0.023375237 -0.0240638436 0.00458779905
v -0.0290366983 -0.0149702446 0.0293102552
v -0.0300140927 -0.00938187703 0.0315841433
v -0.0314717348 -0.00878043631 0.0292359589
v -0.0312343149 -0.00443752742 0.0315841724
v -0.0188542651 -0.0275213841 0.00611355863
v -0.0154655372 -0.0290543757 0.0163230899
v -0.0204432543 -0.02648603 0.00247445696
v -0.0241811323 -0.0231995909 -0.00236505257
v -0.016613711 -0.028551578 0.00170463318
v -0.0254687281 -0.0218074209 0.00446009617
v -0.0274468401 -0.0182449056 0.0161321761
v -0.02974267 -0.0138034823 0.0159167641
v -0.0274661475 -0.0192026253 0.00233656156
v -0.0121582491 -0.0300544703 0.00214537977
v -0.0116219485 -0.0298305163 -0.00428333879
v -0.00565296786 -0.0302433041 -0.00833481536
v -0.0298308865 -0.0149284443 0.00304064142
v -0.0165022812 -0.0282383276 -0.00414907918
v -0.0170331308 -0.0270976205 -0.0122082522
v -0.0124599658 -0.0286082399 -0.0122733705
v -0.00619055992 -0.0268565293 -0.0291723904
v -0.020274586 -0.0263522455 -0.00337654346
v -0.0121513512 -0.0260110198 -0.0286137161
v -0.0122435529 -0.0254296243 -0.0364364678
v -0.00564485115 -0.0262378516 -0.0361492333
v -0.0150383326 -0.0252116601 -0.028651327
v -0.017793655 -0.0236376495 -0.0363556435
v -0.0178856027 -0.0240712195 -0.0286003633
v -0.0212815991 -0.0246640372 -0.011834949
v -0.0237619252 -0.0225941424 -0.0116548836
v -0.0205469109 -0.0225607586 -0.0285570306
v -0.0114817899 -0.0254529044 -0.0440038129
v -0.00544084459 -0.0260840233 -0.044587403
v -0.0111009444 -0.02616683 -0.0598039303
v -0.00310533312 -0.026254784 -0.0547639444
v -0.00680051078 -0.0262123713 -0.0579284737
v -0.0146347673 -0.0250021445 -0.0525404525
v -0.0157206325 -0.0262175555 -0.0688270607
v -0.0172859808 -0.0240424023 -0.0517271459
v -0.0175435379 -0.0262037255 -0.0752706837
v -0.0202169766 -0.0244603656 -0.0723639387
v -0.0177148503 -0.0262190109 -0.0838533917
v -0.0198707605 -0.0225924744 -0.0484828051
v -0.022299647 -0.0208189629 -0.0485028926
v -0.0222417479 -0.0208072718 -0.0365661661
v -0.0229985784 -0.0206677947 -0.0284653594
v -0.025890792 -0.0202321572 -0.0117303425
v -0.0248478826 -0.0185157558 -0.0316228572
v -0.0271562124 -0.0154025906 -0.0484317832
v -0.0244747249 -0.0187290577 -0.0485339464
v -0.0277975936 -0.0185949621 -0.00323849927
v -0.0277676721 -0.0176103504 -0.0120363533
v -0.0223517209 -0.022323043 -0.0676551135
v -0.0298585584 -0.0147042022 -0.0028672217
v -0.026987675 -0.0159384663 -0.0312947319
v -0.0300224804 -0.00998812219 -0.0483402313
v -0.0293465638 -0.0147587878 -0.0125345876
v -0.0287668419 -0.0131995602 -0.0308751158
v -0.030558989 -0.0115304055 -0.014944881
v -0.031455291 -0.00997000154 0.0030097066
v -0.0301645914 -0.0103411757 -0.0303194218
v -0.0316166752 -0.00413175243 -0.0486034434
v -0.0311906996 -0.00756780628 -0.027444333
v -0.0315509786 -0.00973627524 -0.00248455999
v -0.0317397055 -0.00737667128 0.0163907112
v -0.0318340313 -0.00402106949 -0.0301046064
v -0.0323155221 -0.00494767874 0.00174158813
v -0.032557346 -0.00356143785 0.0292911514
v -0.0322099484 0.000194424641 -0.0238552981
v -0.0325971748 -0.000847634995 0.0162185432
v -0.0328124414 0.000243238079 0.0292937446
v -0.0316365654 0.00289403939 0.0315853948
v -0.0327719376 0.00060230991 0.0273185666
v -0.0321113161 0.00696263097 0.015953093
v -0.032522774 0.00143333798 0.00293388948
v -0.0325278006 0.00571049465 0.0293388963
v -0.0295948219 0.0128430478 0.0315838144
v -0.0313593259 0.0113922319 0.0292873068
v -0.0296934667 0.0158185142 0.0293636316
v -0.0261217839 0.0199113251 0.0315841724
v -0.030985496 0.0122387182 0.0170322353
v -0.0314872081 0.0108757735 -0.00179743765
v -0.0321340928 0.00754004151 0.000846952207
v -0.0321892296 0.00225511677 -0.022035747
v -0.0319172659 0.00182135439 -0.0495115237
v -0.0317116476 0.00529058284 -0.0285368849
v -0.0298893501 0.0159341292 0.00381422033
v -0.0282005394 0.0189004965 0.0293175282
v -0.0273520261 0.0205579626 0.00393068767
v -0.0254263831 0.0231008183 0.029293893
v -0.023054907 0.0239069626 0.0315848272
v -0.0256360732 0.02285804 0.00372532013
v -0.021401718 0.0271315318 0.0293166318
v -0.0194324204 0.0270822651 0.0315841142
v -0.0238904576 0.0247298486 0.0038734077
v -0.0180389263 0.0293428877 0.029359071
v -0.0153387588 0.0294441897 0.0315840822
v -0.0217606817 0.0265238584 0.00393512819
v -0.0156626525 0.0305744282 0.0292918674
v -0.0111250314 0.0309156186 0.031584024
v -0.0111732725 0.0321049786 0.0293261692
v -0.00451297262 0.0319496492 0.0315838755
v -0.0261252474 0.0216308289 -0.00618341583
v -0.0239567605 0.0240830698 -0.00628191192
v -0.0214390698 0.0261642398 -0.00635337783
v -0.0284437106 0.0180872482 -0.00659161815
v -0.0233079968 0.0234615503 -0.0137099327
v -0.0302415354 0.0144179622 -0.00589466072
v -0.0301089264 0.0110652286 -0.0249076169
v -0.0263001496 0.0195903986 -0.0161437085
v -0.0274305187 0.0155822685 -0.0268572854
v -0.030724152 0.008534788 -0.0311438722
v -0.0244794663 0.0190543601 -0.0270714459
v -0.0222052364 0.0210783367 -0.0271086377
v -0.0208064208 0.0254960887 -0.0134424263
v -0.0309659842 0.00560218962 -0.060062675
v -0.0175692632 0.0284623398 -0.00637915728
v -0.0175991688 0.029006529 0.0040444731
v -0.0125789998 0.0304811827 -0.00434553622
v -0.0156248378 0.0301285721 0.0160395794
v -0.0104085446 0.0313870512 0.0059275626
v -0.00620894712 0.0328540593 0.0293553749
v -0.00610760605 0.0318942033 0.000845611066
v 0.00292043098 0.033109161 0.0292636745
v 0.00798045455 0.0315302233 0.0315847399
v 0.00152793645 0.0323454647 0.00340294828
v 0.0101594721 0.0321777314 0.0293233083
v 0.0142253531 0.0298442011 0.0315839046
v -0.00580058059 0.031249894 -0.00837534681
v 0.00648106592 0.0318102981 0.00193893902
v 0.00210378616 0.0317989065 -0.00411006804
v 0.00650333771 0.0308834837 -0.00768670434
v 0.0099164523 0.0310696961 0.00128841393
v 0.0148885245 0.0307445398 0.0292858778
v 0.0195826685 0.0283011223 0.0292887387
v 0.0186929251 0.0275064654 0.0315835758
v 0.0224499563 0.024485721 0.0315850979
v -1.29364934e-07 0.0312128046 -0.00932767944
v 0.0238604051 0.0246181145 0.0293518591
v 0.0263737556 0.0195145965 0.0315837562
v 0.0275910873 0.0197553173 0.0292991695
v 0.0288042896 0.0147771698 0.0315839337
v 0.0303117342 0.0141182126 0.0292843266
v 0.0308541661 0.00792392945 0.0315837853
v 0.0127997849 0.0301695498 0.00105345243
v 0.0110436306 0.0301083239 -0.00531154874
v 0.0160504122 0.0288385213 0.00133013718
v 0.0260275712 0.0207596161 0.00397920594
v 0.02369792 0.0234877217 0.0040674804
v 0.0317684105 0.0091111519 0.0293083198
v 0.0326819338 0.00232169763 0.029298244
v 0.0314754695 0.000985589054 0.0315836078
v 0.0310379958 -0.00507416136 0.0315840822
v 0.0111306141 0.0293885426 -0.00915053461
v 0.016194226 0.0275716316 -0.00701498939
v 0.018574733 0.0276033055 0.00393971786
v 0.0219195521 0.0253764961 0.00724986166
v 0.018046046 0.0270587903 -0.00414273127
v 0.0180292489 0.0247479723 -0.0116589959
v 0.0214848123 0.0240374317 -0.00578749168
v 0.0207296419 0.0257826807 -9.01818282e-05
v 0.0230652725 0.0234705285 -0.00162991873
v 0.026116888 0.0198822972 -0.00167083745
v 0.0150374725 0.0262612024 -0.0136438903
v 0.0276589983 0.0182329774 0.00330051771
v 0.0294698186 0.0146946284 0.00328075876
v 0.0309273388 0.0105353405 0.00339826947
v 0.0291396124 0.0143099631 -0.00165918464
v 0.0316103768 0.00767007645 0.00344249602
v 0.0305747925 0.00980710514 -0.00157815211
v 0.0321285329 0.00493099168 0.00721526158
v 0.0269423777 0.0168438384 -0.00565379851
v 0.0291416412 0.0110767094 -0.00558644533
v 0.0244068327 0.0207949058 -0.00566393137
v 0.0237509999 0.0195507781 -0.00931194372
v 0.0262045754 0.0147081032 -0.00929915914
v 0.0204411271 0.0235774136 -0.00928878799
v 0.0321039666 0.00201252613 0.00242245187
v 0.0310277473 0.00669557538 -0.00235867501
v 0.029921598 0.00666390158 -0.00556901068
v 0.0275444464 0.00904015419 -0.00964614737
v 0.0323665619 0.000886809095 0.00707119689
v 0.0304537767 0.000413993145 -0.0047740934
v 0.0315970681 0.00200978396 -0.00114244222
v 0.0318263952 -0.00411056475 0.00294840338
v 0.0320076568 -0.00476047291 0.00743746714
v 0.0307799267 -0.00939586556 0.00403955564
v 0.0307665328 -0.00544697127 -0.00247517219
v 0.0324210592 -0.003680429 0.0293238147
v 0.0312456462 -0.00950046396 0.0293050689
v 0.029188902 -0.0119520922 0.0315839628
v 0.0293493283 -0.0143558125 0.0292993791
v 0.0259429639 -0.017885163 0.0315839628
v 0.0264878169 -0.0191963211 0.0292684126
v 0.0226280409 -0.0218241092 0.0315835467
v 0.0229288218 -0.0232304892 0.0292902288
v 0.0184496247 -0.0253251825 0.0315838435
v 0.0184149694 -0.0268040878 0.0292857294
v 0.0127018993 -0.0284917962 0.0315842015
v 0.0211150611 -0.0245032843 0.00733295092
v 0.0271008511 -0.0176392486 0.00710520108
v 0.0293891569 -0.0134116231 0.0072953997
v 0.0292953115 -0.0130203745 0.002744019
v 0.0242955405 -0.0213128391 0.00724786514
v 0.0261267838 -0.0185689459 0.00277668223
v 0.029871474 -0.00997566342 -0.00147953624
v 0.0280074118 -0.0142319729 -0.00157564882
v 0.0218740219 -0.0233977781 0.00286048653
v 0.0287310956 -0.00974762191 -0.00577327592
v 0.0255798035 -0.0182191106 -0.0016160011
v 0.029756918 -0.005344623 -0.00556606028
v 0.0281685356 -0.00445673549 -0.00916555509
v 0.0268784422 -0.0137737769 -0.00628292546
v 0.0281137468 0.00509858464 -0.00931859031
v 0.0270301921 -0.00993398117 -0.00932404364
v 0.0201558485 0.00626764407 -0.0231440354
v 0.0196348237 -0.00181686493 -0.0241396119
v 0.0228027845 0.0135366257 -0.0161755379
v 0.0187354852 0.00996069157 -0.0253007107
v 0.0219498049 0.0159493026 -0.0161861477
v 0.0183996687 0.0157157383 -0.0231805141
v 0.0188798945 0.00518661419 -0.0261561567
v 0.0195551617 0.0204431405 -0.0162062934
v 0.0184247323 0.0227126484 -0.0149828484
v 0.0159956004 0.0188778969 -0.025276572
v 0.0147315874 0.0208795986 -0.0252826518
v 0.0173983515 0.0148182954 -0.0261199777
v 0.012411718 0.022338732 -0.02759239
v 0.0144261515 0.0192003395 -0.0295458129
v 0.0119125919 0.0198675432 -0.0367794913
v 0.0166425498 0.0143650366 -0.029380052
v 0.0105476823 0.0236165996 -0.0282596651
v 0.0176657521 0.00989403061 -0.0293928664
v 0.014391054 0.0166081967 -0.0367340748
v 0.0128477148 0.0274542323 -0.0140049757
v 0.00869566834 0.0285735158 -0.0164642028
v 0.00872928143 0.0246637887 -0.0283564033
v 0.0163888039 0.0117890391 -0.0365914981
v 0.00936346941 0.0219436909 -0.0361630024
v 0.00393327456 0.0300711286 -0.0146319566
v 0.0035614657 0.0275780654 -0.024056941
v -0.000309630264 0.0296519749 -0.0175617635
v 0.00700221626 0.0270785886 -0.0233246974
v 0.00632844817 0.0254582328 -0.028760641
v 0.00736215244 0.0227659874 -0.0368790323
v 0.00410334551 0.0239470351 -0.0359894912
v 0.00871830953 0.0218577647 -0.0388825225
v 0.00389277062 0.0232787224 -0.0392164278
v 0.00147164299 0.0262427203 -0.0291028322
v -0.00516544963 0.0242484874 -0.0354584161
v -0.00547528876 0.0296740584 -0.0164934099
v 5.6822468e-05 0.024104453 -0.0367996981
v 0.00954772799 0.0213946224 -0.0409074128
v -0.0121215115 0.0291848341 -0.0140843083
v 3.9712232e-05 0.0230667327 -0.0425718725
v 0.0118728892 0.0196680321 -0.0390284345
v 0.0146303006 0.0162137874 -0.0388182088
v -0.0108893336 0.025842137 -0.0269242213
v -0.0149441006 0.0283849704 -0.0137492709
v -0.0153586392 0.0246167606 -0.027202873
v -0.0179456381 0.0271232754 -0.0136192743
v -0.0196530664 0.0227279114 -0.0271128112
v -0.0105771657 0.0235039484 -0.0361933402
v -0.0137171786 0.0228913285 -0.036148756
v -0.0050014047 0.0231762631 -0.0410801469
v -0.0161189823 0.0216581539 -0.0399592216
v -0.0107365877 0.0226007299 -0.0414220965
v -0.00453673508 0.0225609135 -0.0475169712
v -0.0102032141 0.0220203312 -0.0509621168
v 0.0025701773 0.0226392238 -0.0463303615
v -0.00217180292 0.022471354 -0.0521580281
v -0.0109274608 0.0224788693 -0.0599534775
v 0.00799688736 0.0224433337 -0.0477831054
v 0.00598184655 0.0224776993 -0.0434061571
v -0.0156223982 0.0212883694 -0.0576336693
v -0.0174811901 0.0224886112 -0.0751433079
v -0.0159145177 0.0210570507 -0.0481432973
v 0.00924881267 0.0221612202 -0.0458680675
v 0.00945093008 0.0217253554 -0.0434845977
v -0.0192469833 0.0204561392 -0.0401907862
v -0.02000345 0.019524268 -0.0476677698
v -0.0183131054 0.0203303395 -0.0570388744
v 0.0125911373 0.0217844365 -0.0459682051
v 0.0150675997 0.0224418355 -0.04741624
v 0.0122612049 0.0197016441 -0.0409115833
v 0.0119922453 0.020871295 -0.0437259354
v -0.0205885971 0.0204469147 -0.0739984796
v -0.0178829132 0.022445619 -0.0814451254
v -0.0208622938 0.0189869661 -0.0555242004
v -0.0201628169 0.0207168673 -0.0804721378
v -0.0170790013 0.0224054572 -0.0881766959
v 0.0152838883 0.0157822213 -0.0403912942
v 0.0136042623 0.0189984069 -0.0421211997
v 0.0144200863 0.019694038 -0.0437932293
v 0.0164327856 0.0120798671 -0.0390547211
v 0.0160082564 0.0162715892 -0.0420309603
v 0.0153920202 0.0208992524 -0.0455034053
v 0.0171350847 0.00793472722 -0.0373747054
v 0.0175214581 0.0115424686 -0.0415532268
v 0.0164976094 0.0188842387 -0.0443685945
v 0.0195497642 0.0218123651 -0.0472901738
v 0.022107371 0.0224607827 -0.0481772702
v 0.0217269914 0.0204381727 -0.0472225249
v 0.0175137553 0.016351053 -0.0435349037
v 0.0247277564 0.0195966517 -0.0481618335
v 0.0244774487 0.0224599098 -0.0487730198
v 0.020692899 0.0181511586 -0.0459588453
v 0.0293058995 0.0200838953 -0.0504683529
v 0.0286425881 0.0224642437 -0.0502667739
v 0.0332247184 0.0224684089 -0.0528090866
v 0.0253479448 0.0161378565 -0.0479973853
v 0.0196118025 0.0151500821 -0.0445610582
v 0.0204836154 0.0110559765 -0.0444122852
v 0.0197519078 0.0052443821 -0.043073803
v 0.0257201019 0.00918714438 -0.0478793663
v 0.0179629461 0.00732581841 -0.0409236236
v 0.033189212 -0.013109007 -0.0527580094
v 0.0257487102 -0.0149190258 -0.0480361283
v 0.0389592586 0.0224785855 -0.0573921483
v 0.0216925613 0.00584989001 -0.0449385348
v 0.0217040209 -0.00934907395 -0.0451156782
v 0.035613178 -0.0262123996 -0.0544748618
v 0.0405220745 -0.0262124225 -0.0591797521
v 0.0436258366 0.0224782396 -0.063411321
v 0.0443657796 -0.0262124251 -0.0647885492
v 0.0465782427 0.0224805623 -0.0696718984
v 0.0469820364 -0.0262124277 -0.0710645574
v 0.0481281963 0.02247824 -0.0761475821
v 0.048260396 -0.0262124247 -0.0777427864
v 0.0483447317 0.0224782429 -0.0829341705
v 0.0481468939 -0.0262124364 -0.0845412898
v 0.0471734306 0.0224782413 -0.0896222889
v 0.0466463121 -0.0262124307 -0.0911731971
v 0.0446634406 0.0224782469 -0.0959314406
v 0.0438220036 -0.0262124222 -0.0973583141
v 0.0409202136 0.0224782466 -0.101596385
v 0.0397932011 -0.0262124109 -0.102835684
v 0.0373482976 0.0224782478 -0.105262303
v 0.0332607387 -0.0262125104 -0.108487927
v 0.0318758956 0.0224783128 -0.10922947
v 0.0268777318 0.0224783211 -0.111590768
v 0.0268776284 -0.0262123829 -0.11159071
v 0.0206961335 0.0224783409 -0.113241165
v 0.0206960286 -0.0262123718 -0.113241165
v 0.0153629021 0.000888142655 -0.113678898
v 0.0153887532 0.0224770351 -0.113677885
v 0.0131006289 0.0224723114 -0.113608153
v 0.0143511705 -0.0216899398 -0.113715674
v 0.0131171845 -0.0262124103 -0.113642425
v 0.00851311062 -0.0262109002 -0.112999592
v 0.00197404732 0.000133236531 -0.112389715
v 0.00562993602 -0.0262112439 -0.112277479
v 0.00874886903 -0.000258086547 -0.113421469
v 0.00474359121 0.0115143125 -0.112622941
v 0.00916276062 0.022478289 -0.113142282
v 0.00557558546 0.0224724504 -0.112233125
v 0.00138416678 0.0190921231 -0.111136399
v 0.00170185671 0.0224789679 -0.11076763
v -0.00121594681 0.0224523886 -0.109252357
v -0.00479981427 0.00417196455 -0.110310339
v -0.00649927558 0.0111315183 -0.108763541
v -0.000186107714 -0.0181268988 -0.110942451
v 0.00066955924 -0.0262098677 -0.110296695
v -0.00495403101 -0.0135637708 -0.109435944
v -0.00245648342 -0.02620912 -0.108546042
v -0.00326787132 -0.00716359747 -0.110688887
v -0.00744615545 -0.0155634937 -0.107833534
v -0.00528039916 -0.0262085091 -0.106548273
v -0.00438170974 0.000140755586 -0.110602053
v -0.00947136742 -0.00609188147 -0.107985584
v -0.0100538208 -0.0161304977 -0.106067443
v -0.00786745139 -0.0262078341 -0.104278594
v -0.0100380982 0.00045313594 -0.10801038
v -0.00985286792 0.00467065097 -0.107886398
v -0.0145304342 0.00606386402 -0.10467472
v -0.0135997071 -0.00737031197 -0.105258671
v -0.0130441957 0.000165868115 -0.106195419
v -0.0122512149 -0.0201533123 -0.10298267
v -0.0100395336 -0.0262086929 -0.101930706
v -0.0144532985 -0.0144186108 -0.103011273
v -0.014916203 -0.0221688575 -0.0988875283
v -0.0131729429 -0.0262111233 -0.0975814124
v -0.0160486583 -0.00011143972 -0.103937357
v -0.0171358457 -0.0084087937 -0.10201016
v -0.0163255574 -0.0227630749 -0.0963378814
v -0.0158882182 -0.026213286 -0.0918379112
v -0.0184478312 -0.0155511547 -0.0981853227
v -0.0185292447 0.000501720587 -0.101695501
v -0.0176871945 -0.0243203162 -0.0916033692
v -0.0202773276 -0.00942573856 -0.0982423662
v -0.0192400907 -0.0220128818 -0.0917012978
v -0.0192146829 -0.0247004866 -0.0856018916
v -0.0198344479 -0.0192406285 -0.09350201
v -0.0214044732 -0.0169960175 -0.0925539411
v -0.0206219653 -0.0224063206 -0.0872164033
v -0.0199947426 -0.0246116531 -0.0807509699
v -0.0225788999 -0.0190100318 -0.087490346
v -0.0216721435 -0.0226456531 -0.0820365211
v -0.0223795165 -0.0225733359 -0.0743889483
v -0.0240302104 -0.0194476094 -0.0809459947
v -0.0241885351 -0.0203139461 -0.074509054
v -0.0243532454 -0.0201392067 -0.0679940858
v -0.0263305104 -0.0167159721 -0.0748463557
v -0.0267460756 -0.0132186289 -0.0812782324
v -0.0287725435 -0.0104791241 -0.0746137172
v -0.0260979766 -0.0176581039 -0.0677376695
v -0.0276540509 -0.0148658767 -0.0673283008
v -0.0251641399 -0.012579676 -0.0874452875
v -0.0290467481 -0.0117147178 -0.0664595049
v -0.0300459993 -0.00874274527 -0.0659347454
v -0.0308252343 -0.00533643121 -0.0656165183
v -0.0283206982 -0.00678709141 -0.0814973377
v -0.0234862591 -0.0103796322 -0.0927487272
v -0.0315597571 -0.000533277883 -0.0614583783
v -0.0297801011 -0.00535810256 -0.0749904779
v -0.0266146026 -0.00596644801 -0.0875966856
v -0.0214623503 -0.00298510737 -0.0980317243
v -0.0311721963 0.00309649277 -0.0654346019
v -0.0310235104 0.000601525851 -0.0684660976
v -0.0290618192 0.000861151608 -0.0813126855
v -0.0302942821 0.00177712562 -0.0745485711
v -0.0247396147 -0.00375173766 -0.0925976899
v -0.0303902465 0.00589379913 -0.0681534701
v -0.0273279148 0.000898169558 -0.0870945747
v -0.0243477917 0.00107080301 -0.0937850156
v -0.0295995742 0.0087190721 -0.0665383646
v -0.0293435332 0.00728265621 -0.0745834375
v -0.0282115367 0.00704679814 -0.0811133068
v -0.0293036554 0.0105164272 -0.043297201
v -0.0285389988 0.0111400234 -0.0646077096
v -0.02093292 0.00167638153 -0.0988809159
v -0.0267286295 0.00503367176 -0.0875146652
v -0.018947367 0.00748413784 -0.100202346
v -0.0239064966 0.00571868377 -0.0936101947
v -0.0256329492 0.00939624727 -0.0875166908
v -0.0269994267 0.0128356178 -0.0745261612
v -0.0222183788 0.0113780634 -0.0935159624
v -0.0260515528 0.0127556565 -0.0810243189
v -0.0232108503 0.0150014262 -0.0872103265
v -0.0143109411 0.0135549055 -0.102649303
v -0.0188946863 0.00980100284 -0.0993226422
v -0.0172261162 0.0154282941 -0.0983840553
v -0.019585072 0.0167987103 -0.0933543721
v -0.0102911193 0.0144378695 -0.105682458
v -0.0154271666 0.0193139758 -0.0977446674
v -0.00353516516 0.0208328882 -0.1083593
v -0.00452964829 0.0224772327 -0.107109034
v -0.0082087468 0.0224804979 -0.103953981
v -0.0118993545 0.0186875714 -0.102497125
v -0.0120462215 0.0224765249 -0.0992691843
v -0.0145276664 0.0224894104 -0.0950352231
v -0.0177818558 0.0204597089 -0.0917324098
v -0.0208258281 0.0183159729 -0.0880983775
v -0.0191688294 0.0206495458 -0.0868902483
v -0.0220936114 0.0187552209 -0.0806394499
v -0.0238290842 0.0164970284 -0.0808080717
v -0.022684 0.018613248 -0.074162212
v -0.0244017269 0.0167970204 -0.073202519
v -0.0234287916 0.017025554 -0.051643519
v -0.0271621085 0.0133420361 -0.0647355628
v -0.0254124795 0.0151981374 -0.0523176452
v -0.0216796574 0.0191955095 -0.0393074442
v -0.0237571891 0.0177303148 -0.0384339975
v -0.0260876476 0.0154980465 -0.03782454
v -0.028005651 0.01325846 -0.0361461338
v -0.0111250314 0.0309156186 0.031584024
v -0.00451297262 0.0319496492 0.0315838755
v -0.0153387588 0.0294441897 0.0315840822
v -0.0194324204 0.0270822651 0.0315841142
v -0.023054907 0.0239069626 0.0315848272
v -0.0261217839 0.0199113251 0.0315841724
v -0.0295948219 0.0128430478 0.0315838144
v -0.0316365654 0.00289403939 0.0315853948
v -0.0312343149 -0.00443752742 0.0315841724
v -0.0300140927 -0.00938187703 0.0315841433
v -0.0279575777 -0.0143617445 0.0315840822
v -0.025049706 -0.0190245752 0.031584024
v -0.0217079791 -0.0227510817 0.0315839949
v -0.0177391142 -0.025897885 0.0315839337
v -0.0133573548 -0.028285461 0.0315839046
v -0.00856863219 -0.0299291693 0.0315838144
v -0.000895363443 -0.0310381584 0.0315864367
v 0.00608432904 -0.0304126437 0.0315837271
v 0.0127018993 -0.0284917962 0.0315842015
v 0.0184496247 -0.0253251825 0.0315838435
v 0.0226280409 -0.0218241092 0.0315835467
v 0.0259429639 -0.017885163 0.0315839628
v 0.029188902 -0.0119520922 0.0315839628
v 0.0310379958 -0.00507416136 0.0315840822
v 0.0314754695 0.000985589054 0.0315836078
v 0.0308541661 0.00792392945 0.0315837853
v 0.0288042896 0.0147771698 0.0315839337
v 0.0263737556 0.0195145965 0.0315837562
v 0.0224499563 0.024485721 0.0315850979
v 0.0186929251 0.0275064654 0.0315835758
v 0.0142253531 0.0298442011 0.0315839046
v 0.00798045455 0.0315302233 0.0315847399
v -0.00544084459 -0.0260840233 -0.044587403
v 0.00195066124 -0.0262173037 -0.0517400797
v -0.00310533312 -0.026254784 -0.0547639444
v -2.2861154e-06 -0.0262105517 -0.0422935787
v -1.9960276e-06 -0.0262839778 -0.0383629493
v 0.00326914679 -0.0260412486 -0.0381436636
v 0.00315843255 -0.0261345323 -0.0445922313
v 0.00690796744 -0.0262315816 -0.0498354144
v -0.00564485115 -0.0262378516 -0.0361492333
v 0.00788146291 -0.0262047099 -0.0480770163
v 5.3460905e-06 -0.0264107744 -0.0361471466
v 0.00860261724 -0.0258252454 -0.0459425151
v 0.0113670934 -0.026190603 -0.047591835
v -0.000148647278 -0.027194072 -0.0287142087
v -0.00619055992 -0.0268565293 -0.0291723904
v 0.00244561252 -0.0270735936 -0.0288117822
v 0.00123449111 -0.0294656783 -0.0160689058
v -0.00565296786 -0.0302433041 -0.00833481536
v 0.00615605538 -0.0257415837 -0.0431295339
v 0.00837999324 -0.0250322737 -0.0424223836
v 0.0112357549 -0.0249035909 -0.0445936603
v 0.00036594832 -0.0307717651 -0.00701457247
v -0.00649346639 -0.0311782356 0.0028452574
v 0.0130535606 -0.0251368928 -0.045764356
v 0.0153647671 -0.0261796625 -0.047433225
v 9.5880449e-05 -0.0317932689 0.0081456601
v -0.00610279945 -0.0316310417 0.0165215431
v 0.00159986275 -0.0321595579 0.0292579818
v -0.0044965743 -0.0319143092 0.0292996468
v -0.000895363443 -0.0310381584 0.0315864367
v 0.00608432904 -0.0304126437 0.0315837271
v 0.0050481047 -0.0314002648 0.00693178154
v 0.00807124289 -0.0312428449 0.0292718702
v 0.012173026 -0.0296355069 0.00671604284
v 0.0141340202 -0.0291197548 0.0292886776
v 0.00258914056 -0.0306902014 -0.0065706372
v 0.00585501524 -0.0305659831 -0.00215768814
v 0.00533015993 -0.0294009801 -0.0131877357
v 0.0163254716 -0.0276066698 0.00495389104
v 0.00901018035 -0.0298232123 -0.00154906502
v 0.0048852469 -0.0267086517 -0.0287947943
v 0.0122880341 -0.0290578104 0.00141024584
v 0.00797248389 -0.0285547278 -0.0139868556
v 0.0182661076 -0.0259579056 0.00135216114
v 0.0102166773 -0.0274910175 -0.0151183311
v 0.0146991903 -0.0273535597 -0.00238999728
v 0.00525243092 -0.0256889204 -0.0371536909
v 0.0127066502 -0.0258512114 -0.0165472928
v 0.00689728704 -0.0260489405 -0.0294263649
v 0.0201058813 -0.0237387165 -0.00252559767
v 0.0110000837 -0.0241487292 -0.0278203777
v 0.0223655665 -0.0214705835 -0.00328841816
v 0.0192148716 -0.0200191801 -0.0152982771
v 0.00880895826 -0.0253238242 -0.0288147625
v 0.00810121926 -0.0246802716 -0.0365224172
v 0.00939264782 -0.0239152075 -0.0378020108
v 0.0236663678 -0.0189979176 -0.00589698539
v 0.0254153201 -0.0164554127 -0.00611868454
v 0.0192839929 -0.0167332049 -0.0195750297
v 0.0128593374 -0.0226313033 -0.0271966157
v 0.0198024423 -0.011974129 -0.0218290981
v 0.020081667 -0.00748743666 -0.0228212768
v 0.0187225908 -0.00765926288 -0.0262472313
v 0.0176776155 -0.0143802142 -0.0256522588
v 0.0167504843 -0.0190395047 -0.0230263162
v 0.0148378608 -0.0211062799 -0.0248279859
v 0.0153980147 -0.0185849903 -0.028273373
v 0.014081295 -0.0204472092 -0.0297034072
v 0.0121047506 -0.0216806442 -0.0361494109
v 0.0128063886 -0.0207709603 -0.0376290962
v 0.0101619333 -0.0236408936 -0.0398721982
v 0.0111532738 -0.023529714 -0.0416639145
v 0.0135740095 -0.0217967538 -0.0420823373
v 0.0130184071 -0.0210517555 -0.0399253651
v 0.0149275599 -0.0171155627 -0.0377664866
v 0.0168762327 -0.0139239913 -0.0295295409
v 0.0177569419 -0.00917251954 -0.0294353667
v 0.0181319225 -0.00430232818 -0.0294108089
v 0.0170456443 -0.00920699527 -0.0361475628
v 0.0163072964 -0.0129543405 -0.0366545602
v 0.0155284841 -0.0168157189 -0.0399864599
v 0.0181262741 0.00426539677 -0.0297848863
v 0.017411175 -0.00565761359 -0.0370382942
v 0.0165663336 -0.0124746381 -0.0387702283
v 0.0149556833 -0.0218684263 -0.0434876973
v 0.0175899052 0.00271482467 -0.0362968742
v 0.0164512443 -0.0166210797 -0.0416678493
v 0.0155659603 -0.0246164259 -0.0459496077
v 0.0206003876 -0.0261899357 -0.0479311042
v 0.0178127139 0.00332563587 -0.0394071045
v 0.0174463153 -0.0102283396 -0.040281564
v 0.0177721931 -0.00176491912 -0.0391757174
v 0.0185619106 0.0026853875 -0.0413451489
v 0.0185934089 -0.00545554195 -0.0416111638
v 0.0204935297 -0.0232923773 -0.0466684985
v 0.0241977986 -0.026201347 -0.0487363024
v 0.0180251881 -0.0154025313 -0.0429449952
v 0.0199346753 -0.0094214546 -0.0436424889
v 0.0197910135 -0.0157372136 -0.0445008569
v 0.0167976008 -0.0224784977 -0.0449543295
v 0.0208518355 -0.0211830873 -0.0462065625
v 0.0245137421 -0.0214904453 -0.0479421898
v 0.0284498842 -0.0262026243 -0.0502137817
v 0.0282342593 -0.0212248477 -0.0497923174
v 0.0325774942 -0.026212493 -0.0523590716
v 0.0389592586 0.0224785855 -0.0573921483
v 0.0465782427 0.0224805623 -0.0696718984
v 0.0436258366 0.0224782396 -0.063411321
v 0.0332247184 0.0224684089 -0.0528090866
v 0.0286425881 0.0224642437 -0.0502667739
v 0.0244774487 0.0224599098 -0.0487730198
v 0.022107371 0.0224607827 -0.0481772702
v 0.0150675997 0.0224418355 -0.04741624
v 0.00799688736 0.0224433337 -0.0477831054
v -0.00217180292 0.022471354 -0.0521580281
v -0.0109274608 0.0224788693 -0.0599534775
v -0.0174811901 0.0224886112 -0.0751433079
v -0.0178829132 0.022445619 -0.0814451254
v -0.0170790013 0.0224054572 -0.0881766959
v -0.0145276664 0.0224894104 -0.0950352231
v -0.0120462215 0.0224765249 -0.0992691843
v -0.0082087468 0.0224804979 -0.103953981
v -0.00452964829 0.0224772327 -0.107109034
v -0.00121594681 0.0224523886 -0.109252357
v 0.00170185671 0.0224789679 -0.11076763
v 0.00557558546 0.0224724504 -0.112233125
v 0.00916276062 0.022478289 -0.113142282
v 0.0131006289 0.0224723114 -0.113608153
v 0.0153887532 0.0224770351 -0.113677885
v 0.0206961335 0.0224783409 -0.113241165
v 0.0268777318 0.0224783211 -0.111590768
v 0.0318758956 0.0224783128 -0.10922947
v 0.0373482976 0.0224782478 -0.105262303
v 0.0409202136 0.0224782466 -0.101596385
v 0.0446634406 0.0224782469 -0.0959314406
v 0.0471734306 0.0224782413 -0.0896222889
v 0.0483447317 0.0224782429 -0.0829341705
v 0.0481281963 0.02247824 -0.0761475821
v 0.010797547 -0.0297124022 -0.0520256464
v 0.0109398312 -0.0297124837 -0.0539602945
v 0.00917089242 -0.0297127866 -0.0556185551
v 0.00735533509 -0.0297123967 -0.0554385479
v 0.00579085759 -0.0297123707 -0.0541746325
v 0.00662158314 -0.0297123997 -0.0499175454
v 0.00457580541 -0.0297123999 -0.0539209519
v 0.0123784438 -0.0297124079 -0.0487750454
v 0.00200691889 -0.0297123885 -0.0517131994
v 0.0154212318 -0.0297124135 -0.0515949389
v -0.00266039855 -0.0297123801 -0.0544473238
v 0.0177863051 -0.0297124191 -0.0486549427
v -0.000487782376 -0.02971238 -0.0565920142
v 0.0200543739 -0.0297124189 -0.0519078632
v -0.00711873831 -0.0297123281 -0.0582132605
v -0.00446444896 -0.0297123745 -0.0598380866
v 0.0230069735 -0.0297124943 -0.049447146
v 0.0245781816 -0.0297124272 -0.0529561948
v 0.0288766515 -0.0297124327 -0.0547132164
v 0.0304078971 -0.0297124384 -0.0526897609
v 0.0332587163 -0.0297121878 -0.0575002108
v 0.0347974358 -0.0297124584 -0.0554734783
v 0.0336699243 -0.0297124323 -0.0587244926
v -0.00780648729 -0.029712366 -0.0637343794
v -0.0102951427 -0.0297123633 -0.0620573468
v -0.0130444172 -0.0297123549 -0.0667156884
v -0.0104091832 -0.0297123575 -0.0681589532
v -0.014969784 -0.0297123492 -0.0717706338
v -0.0121909844 -0.0297123519 -0.0729730993
v -0.0160162326 -0.0297123435 -0.0770776533
v -0.0130960619 -0.029712349 -0.0780259666
v -0.0161538573 -0.0297123377 -0.08248511
v -0.0130960634 -0.0297123461 -0.0831592944
v -0.0153787306 -0.0297123376 -0.0878384395
v -0.012190983 -0.0297123461 -0.0882121618
v -0.0137129991 -0.0297123375 -0.0929847651
v -0.010409181 -0.029712343 -0.0930263079
v -0.0112042547 -0.0297123547 -0.0977769727
v -0.00780648801 -0.0297123631 -0.0974508177
v -0.00874447537 -0.0297134139 -0.10108134
v -0.00446444896 -0.0297123628 -0.101347174
v -0.00314581588 -0.0297123627 -0.105765671
v -0.000487782558 -0.0297123712 -0.104593241
v 0.00125161083 -0.029712374 -0.108536868
v 0.00449780424 -0.0297121641 -0.107255904
v 0.00604489729 -0.0297123765 -0.110547268
v 0.00583886545 -0.0297125075 -0.106976123
v 0.0112406986 -0.0297123906 -0.108473271
v 0.0073182619 -0.0297123822 -0.105763588
v 0.0111035272 -0.0297124022 -0.11174205
v 0.0101594091 -0.029712251 -0.106094324
v 0.0084906144 -0.029712385 -0.105522654
v 0.0122241425 -0.0297123294 -0.109332881
v 0.0162897672 -0.0297124105 -0.112088653
v 0.0191517477 -0.0297124044 -0.109473849
v 0.0214624012 -0.0297124188 -0.111577718
v 0.0264805942 -0.0297124271 -0.110223086
v 0.0273148701 -0.0297124124 -0.107288151
v 0.0312077024 -0.0297124383 -0.108061638
v 0.0355150111 -0.0297124467 -0.105152337
v 0.0332373541 -0.0297123479 -0.103700848
v 0.0376583365 -0.0297124406 -0.0984723796
v 0.0392852493 -0.0297124551 -0.101574266
v 0.0336632711 -0.0297125661 -0.102402421
v 0.0350612969 -0.0297123303 -0.098220259
v 0.0333528846 -0.0297124468 -0.10051498
v 0.033730405 -0.0297124468 -0.0993792084
v 0.0388854064 -0.0297124464 -0.0980594428
v 0.0424157592 -0.0297124635 -0.0974249502
v 0.0448213014 -0.029712472 -0.0928172143
v 0.0419168235 -0.0297124665 -0.0931781193
v 0.0464363661 -0.0297124748 -0.0878767052
v 0.0437445382 -0.0297124721 -0.0883095548
v 0.0472170007 -0.0297124776 -0.0827378884
v 0.0446733259 -0.029712475 -0.083192793
v 0.0471419273 -0.0297124835 -0.0775406021
v 0.0446733288 -0.0297124779 -0.0779924099
v 0.0462132037 -0.029712469 -0.0724264653
v 0.0437445353 -0.0297124634 -0.0728757062
v 0.0444561065 -0.0297124662 -0.0675346528
v 0.0419168177 -0.0297124636 -0.0680070778
v 0.0419184912 -0.0297124665 -0.062998326
v 0.0388934157 -0.029712458 -0.0631426286
v 0.0386694472 -0.0297124638 -0.0589410949
v 0.0375998931 -0.0297126415 -0.0627194939
v 0.0357124631 -0.0297124583 -0.0630298513
v 0.0345767094 -0.0297124526 -0.0626523804
v 0.033417498 -0.029712313 -0.0613215263
v -0.00382455931 -0.0392257181 -0.0998600968
v -0.00506296188 -0.0347314582 -0.100762933
v -0.00561244515 -0.0384245335 -0.100162707
v -0.00103581118 -0.0381435123 -0.0998332165
v 0.0106686659 -0.0392855427 -0.098506303
v 0.00994902626 -0.0380994074 -0.0989252003
v -0.000965169672 -0.037689574 -0.100510207
v 0.0108348479 -0.0377363778 -0.0993812922
v 0.00307485099 -0.0376547131 -0.103403709
v 0.00832182889 -0.037705656 -0.105502747
v 0.00986440248 -0.0376977134 -0.105919864
v 0.0103837916 -0.0376437636 -0.106153754
v 0.0180240768 -0.0376506227 -0.10661491
v 0.0132492922 -0.0377381238 -0.0978107098
v 0.025128169 -0.0376857475 -0.104913919
v 0.0305928439 -0.0376518294 -0.10205945
v 0.0111390521 -0.0381168405 -0.098583661
v 0.012096483 -0.0381558657 -0.0979588949
v 0.0124192584 -0.0393506187 -0.0973319111
v 0.0129104014 -0.0380981324 -0.0970861583
v 0.0134590974 -0.0382271642 -0.0956467644
v 0.013623377 -0.0392682868 -0.0943277148
v 0.0138645515 -0.0378445768 -0.0955670781
v 0.0141264162 -0.0381107633 -0.0940568745
v 0.0146287717 -0.0393339362 -0.0929696253
v 0.0148890631 -0.0377281003 -0.0940358324
v 0.0148790849 -0.0381171836 -0.0932050636
v 0.0160791144 -0.0377706558 -0.0929634261
v 0.0159501233 -0.0382749757 -0.0924830732
v 0.0160125482 -0.0392732196 -0.0922132982
v 0.0191318472 -0.038220269 -0.0918829697
v 0.0199436346 -0.0392457191 -0.0914048229
v 0.0216763587 -0.0377108178 -0.0920284656
v 0.0338176589 -0.0377239543 -0.0992015237
v 0.0265868792 -0.0377099181 -0.0873140991
v 0.0364859534 -0.0376538749 -0.096427172
v 0.0393450613 -0.0376539125 -0.0918332022
v 0.04149013 -0.0376541742 -0.0852306141
v 0.0286407656 -0.037715305 -0.0806947006
v 0.0417657113 -0.0376807111 -0.0784012373
v 0.0403812363 -0.0376469828 -0.0717543066
v 0.0262321443 -0.0377610739 -0.0739457319
v 0.0370984726 -0.0376709966 -0.0656097836
v 0.0343973403 -0.0377255607 -0.0625641027
v 0.0332530388 -0.0376444717 -0.0611733471
v 0.0191331961 -0.0378220122 -0.092329469
v 0.0221411556 -0.0378209438 -0.0910176896
v 0.0247217806 -0.0378209523 -0.088913826
v 0.0220197621 -0.0382084555 -0.0905929483
v 0.0230564654 -0.0392474651 -0.0895578531
v 0.0240155937 -0.0382023755 -0.088996737
v 0.0254661111 -0.0382035716 -0.0873239944
v 0.0248067901 -0.0392428199 -0.0877685205
v 0.0262248684 -0.0392398949 -0.0855343009
v 0.0270162655 -0.0378227769 -0.0854984217
v 0.0269351444 -0.0382145639 -0.0844003225
v 0.0271467963 -0.0392503663 -0.0826748903
v 0.0279707751 -0.0378209578 -0.0813979772
v 0.0275492818 -0.0382158794 -0.0812427665
v 0.02724563 -0.0392398453 -0.0789443555
v 0.027281806 -0.0382208911 -0.0780288246
v 0.0261976213 -0.0382075675 -0.0750669511
v 0.0264038803 -0.0392403489 -0.0760676572
v 0.0249452341 -0.0392443071 -0.0735609792
v 0.024327869 -0.0382015519 -0.0724746846
v 0.0218517138 -0.0392667173 -0.0706657476
v 0.0219090773 -0.0382808629 -0.0704326318
v 0.0209844109 -0.0393339152 -0.0693254755
v 0.0223617277 -0.0378569248 -0.0703096099
v 0.0212951364 -0.0381172121 -0.0691803405
v 0.0220715232 -0.0377270752 -0.0694484392
v 0.0285951192 -0.0376520246 -0.0578650506
v 0.0215543147 -0.0377575208 -0.067504734
v 0.0245064967 -0.0377691068 -0.0561894441
v 0.0239211794 -0.0382386273 -0.0565246621
v 0.0210279574 -0.038179634 -0.067832676
v 0.0207675452 -0.0392774771 -0.0676316908
v 0.0242326108 -0.0392884519 -0.0543729926
v 0.0246946674 -0.0364318934 -0.054780097
v 0.0247008955 -0.0353753167 -0.0536926091
v 0.0239300722 -0.0397283097 -0.0534479332
v 0.0240405193 -0.034767914 -0.052848307
v 0.0228355965 -0.0408649541 -0.0524550385
v 0.0353388405 -0.037514782 -0.098114938
v 0.0338176589 -0.0377239543 -0.0992015237
v 0.0364859534 -0.0376538749 -0.096427172
v 0.0380430721 -0.0351425751 -0.0985167339
v 0.039479352 -0.0346884679 -0.0974101713
v 0.0393450613 -0.0376539125 -0.0918332022
v 0.042381161 -0.034711416 -0.0922336883
v 0.0439027093 -0.0347115061 -0.0877888466
v 0.04149013 -0.0376541742 -0.0852306141
v 0.0447401487 -0.0347114507 -0.0829576515
v 0.0417657113 -0.0376807111 -0.0784012373
v 0.0446591353 -0.0347022976 -0.0775517488
v 0.0438941266 -0.0346970066 -0.0733612454
v 0.0403812363 -0.0376469828 -0.0717543066
v 0.0420382713 -0.0347047338 -0.0681312988
v 0.0370984726 -0.0376709966 -0.0656097836
v 0.0389243914 -0.0347285265 -0.063115207
v 0.037496706 -0.0355914115 -0.0627081667
v 0.0358917666 -0.0370573687 -0.0630854629
v 0.0343973403 -0.0377255607 -0.0625641027
v 0.0332373541 -0.0297123479 -0.103700848
v 0.0333386038 -0.0347888883 -0.10359236
v 0.0336632711 -0.0297125661 -0.102402421
v 0.0336733998 -0.0355923519 -0.10229107
v 0.0333528846 -0.0297124468 -0.10051498
v 0.0332972387 -0.037057366 -0.100694271
v 0.033730405 -0.0297124468 -0.0993792084
v 0.0338176589 -0.0377239543 -0.0992015237
v 0.0350612969 -0.0297123303 -0.098220259
v 0.0353388405 -0.037514782 -0.098114938
v 0.0376583365 -0.0297124406 -0.0984723796
v 0.0380430721 -0.0351425751 -0.0985167339
v 0.0388854064 -0.0297124464 -0.0980594428
v 0.039479352 -0.0346884679 -0.0974101713
v 0.0419168235 -0.0297124665 -0.0931781193
v 0.042381161 -0.034711416 -0.0922336883
v 0.0437445382 -0.0297124721 -0.0883095548
v 0.0439027093 -0.0347115061 -0.0877888466
v 0.0446733259 -0.029712475 -0.083192793
v 0.0447401487 -0.0347114507 -0.0829576515
v 0.0446591353 -0.0347022976 -0.0775517488
v 0.0446733288 -0.0297124779 -0.0779924099
v 0.0438941266 -0.0346970066 -0.0733612454
v 0.0437445353 -0.0297124634 -0.0728757062
v 0.0420382713 -0.0347047338 -0.0681312988
v 0.0419168177 -0.0297124636 -0.0680070778
v 0.0389243914 -0.0347285265 -0.063115207
v 0.0388934157 -0.029712458 -0.0631426286
v 0.0375998931 -0.0297126415 -0.0627194939
v 0.037496706 -0.0355914115 -0.0627081667
v 0.0357124631 -0.0297124583 -0.0630298513
v 0.0358917666 -0.0370573687 -0.0630854629
v 0.0345767094 -0.0297124526 -0.0626523804
v 0.0343973403 -0.0377255607 -0.0625641027
v 0.033417498 -0.029712313 -0.0613215263
v 0.0332530388 -0.0376444717 -0.0611733471
v 0.0103837916 -0.0376437636 -0.106153754
v 0.0120109116 -0.0348131686 -0.109249086
v 0.0111720534 -0.0355691377 -0.108355132
v 0.0159736899 -0.0347171954 -0.109611358
v 0.0180240768 -0.0376506227 -0.10661491
v 0.0201250049 -0.0347211066 -0.1092855
v 0.0252368919 -0.0347118191 -0.1080713
v 0.025128169 -0.0376857475 -0.104913919
v 0.0301720925 -0.0346973803 -0.105796603
v 0.0305928439 -0.0376518294 -0.10205945
v 0.0333386038 -0.0347888883 -0.10359236
v 0.0336733998 -0.0355923519 -0.10229107
v 0.0332972387 -0.037057366 -0.100694271
v 0.0338176589 -0.0377239543 -0.0992015237
v 0.0245064967 -0.0377691068 -0.0561894441
v 0.0239211794 -0.0382386273 -0.0565246621
v 0.0246946674 -0.0364318934 -0.054780097
v 0.0267484721 -0.0346997118 -0.053659291
v 0.0247008955 -0.0353753167 -0.0536926091
v 0.0240405193 -0.034767914 -0.052848307
v 0.0285951192 -0.0376520246 -0.0578650506
v 0.0326247538 -0.0346817863 -0.0569281285
v 0.0332530388 -0.0376444717 -0.0611733471
v 0.0337130712 -0.0351286842 -0.0583208515
v 0.00832182889 -0.037705656 -0.105502747
v 0.00713023215 -0.0370577699 -0.105807628
v 0.00307485099 -0.0376547131 -0.103403709
v 0.00593737152 -0.035590934 -0.106931594
v 0.00437991706 -0.0347069403 -0.107293099
v -0.00131829116 -0.0347259106 -0.104036601
v -0.000965169672 -0.037689574 -0.100510207
v -0.00506296188 -0.0347314582 -0.100762933
v -0.00103581118 -0.0381435123 -0.0998332165
v 0.0110186323 -0.0409164398 -0.0529269862
v 0.010797547 -0.0297124022 -0.0520256464
v 0.0109045242 -0.0412827901 -0.052003056
v 0.0109398312 -0.0297124837 -0.0539602945
v 0.0107543819 -0.0409073915 -0.0542912167
v 0.00950854951 -0.0410814034 -0.0554923085
v 0.00917089242 -0.0297127866 -0.0556185551
v 0.00784989385 -0.0411992828 -0.0556689803
v 0.00735533509 -0.0297123967 -0.0554385479
v 0.00711875465 -0.0407164008 -0.055341929
v 0.00579085759 -0.0297123707 -0.0541746325
v 0.00546437271 -0.0388292096 -0.0539352593
v 0.00457580541 -0.0297123999 -0.0539209519
v 0.00358573133 -0.0383951873 -0.0542309543
v -0.000487782376 -0.02971238 -0.0565920142
v -0.00131734015 -0.0384068991 -0.0571473502
v -0.00446444896 -0.0297123745 -0.0598380866
v -0.00494904808 -0.03841685 -0.0602652726
v -0.00780648729 -0.029712366 -0.0637343794
v -0.00780650544 -0.0384123624 -0.0637344434
v -0.0104091832 -0.0297123575 -0.0681589532
v -0.0101372864 -0.0384009976 -0.0675297691
v -0.0121909844 -0.0297123519 -0.0729730993
v -0.0122599256 -0.0383979273 -0.0729513471
v -0.0130960619 -0.029712349 -0.0780259666
v -0.0131894495 -0.038409793 -0.0788954785
v -0.0130960634 -0.0297123461 -0.0831592944
v -0.0130634881 -0.0384079449 -0.0837008061
v -0.012190983 -0.0297123461 -0.0882121618
v -0.0123556903 -0.0384039111 -0.0876834092
v -0.010409181 -0.029712343 -0.0930263079
v -0.0104747155 -0.0383975197 -0.0930567039
v -0.00780648801 -0.0297123631 -0.0974508177
v -0.0079140099 -0.0384122926 -0.0973069924
v -0.00561244515 -0.0384245335 -0.100162707
v -0.00506296188 -0.0347314582 -0.100762933
v -0.00446444896 -0.0297123628 -0.101347174
v -0.00131829116 -0.0347259106 -0.104036601
v -0.000487782558 -0.0297123712 -0.104593241
v 0.00437991706 -0.0347069403 -0.107293099
v 0.00449780424 -0.0297121641 -0.107255904
v 0.00583886545 -0.0297125075 -0.106976123
v 0.00593737152 -0.035590934 -0.106931594
v 0.0073182619 -0.0297123822 -0.105763588
v 0.00713023215 -0.0370577699 -0.105807628
v 0.0084906144 -0.029712385 -0.105522654
v 0.00832182889 -0.037705656 -0.105502747
v 0.0101594091 -0.029712251 -0.106094324
v 0.00986440248 -0.0376977134 -0.105919864
v 0.0103837916 -0.0376437636 -0.106153754
v 0.0112406986 -0.0297123906 -0.108473271
v 0.0111720534 -0.0355691377 -0.108355132
v 0.0120109116 -0.0348131686 -0.109249086
v 0.0122241425 -0.0297123294 -0.109332881
v 0.0159736899 -0.0347171954 -0.109611358
v 0.0191517477 -0.0297124044 -0.109473849
v 0.0201250049 -0.0347211066 -0.1092855
v 0.0252368919 -0.0347118191 -0.1080713
v 0.0273148701 -0.0297124124 -0.107288151
v 0.0301720925 -0.0346973803 -0.105796603
v 0.0332373541 -0.0297123479 -0.103700848
v 0.0333386038 -0.0347888883 -0.10359236
v 0.0332530388 -0.0376444717 -0.0611733471
v 0.0336699243 -0.0297124323 -0.0587244926
v 0.033417498 -0.029712313 -0.0613215263
v 0.0337130712 -0.0351286842 -0.0583208515
v 0.0332587163 -0.0297121878 -0.0575002108
v 0.0326247538 -0.0346817863 -0.0569281285
v 0.0288766515 -0.0297124327 -0.0547132164
v 0.0267484721 -0.0346997118 -0.053659291
v 0.0245781816 -0.0297124272 -0.0529561948
v 0.0200543739 -0.0297124189 -0.0519078632
v 0.0240405193 -0.034767914 -0.052848307
v 0.0228355965 -0.0408649541 -0.0524550385
v 0.0219519374 -0.0413847922 -0.0522518472
v 0.0154212066 -0.0414124153 -0.0515949389
v 0.0154212318 -0.0297124135 -0.0515949389
v 0.010797547 -0.0297124022 -0.0520256464
v 0.0109045242 -0.0412827901 -0.052003056
v -0.00680051078 -0.0262123713 -0.0579284737
v -0.010295135 -0.0262123629 -0.0620573468
v -0.0111009444 -0.02616683 -0.0598039303
v -0.0157206325 -0.0262175555 -0.0688270607
v -0.0130444087 -0.0262123544 -0.0667157467
v -0.0149697785 -0.0262123487 -0.0717706338
v -0.0175435379 -0.0262037255 -0.0752706837
v -0.0160162241 -0.0262123459 -0.0770776533
v -0.0161538503 -0.0262123401 -0.082485046
v -0.0177148503 -0.0262190109 -0.0838533917
v -0.0153787251 -0.0262123401 -0.0878384395
v -0.0158882182 -0.026213286 -0.0918379112
v -0.0137129907 -0.0262123399 -0.0929847651
v -0.0131729429 -0.0262111233 -0.0975814124
v -0.011204247 -0.0262123542 -0.0977769727
v -0.0100395336 -0.0262086929 -0.101930706
v -0.00821884594 -0.0262126305 -0.10168209
v -0.00786745139 -0.0262078341 -0.104278594
v -0.00528039916 -0.0262085091 -0.106548273
v -0.00314580891 -0.0262123652 -0.105765613
v -0.00245648342 -0.02620912 -0.108546042
v 0.00125161834 -0.0262123735 -0.108536868
v 0.00066955924 -0.0262098677 -0.110296695
v 0.00562993602 -0.0262112439 -0.112277479
v 0.00604490462 -0.0262123789 -0.11054721
v 0.00851311062 -0.0262109002 -0.112999592
v 0.0111035349 -0.0262124018 -0.11174205
v 0.0131171845 -0.0262124103 -0.113642425
v 0.0162897742 -0.02621241 -0.112088711
v 0.0206960286 -0.0262123718 -0.113241165
v 0.0214624111 -0.0262124183 -0.111577718
v 0.0268776284 -0.0262123829 -0.11159071
v 0.0264805997 -0.0262124295 -0.110223086
v 0.0332607387 -0.0262125104 -0.108487927
v 0.0312077079 -0.0262124408 -0.108061696
v 0.0355150195 -0.0262124491 -0.105152337
v 0.0397932011 -0.0262124109 -0.102835684
v 0.0392852549 -0.0262124546 -0.101574266
v 0.0424157705 -0.0262124631 -0.097424892
v 0.0438220036 -0.0262124222 -0.0973583141
v 0.044821304 -0.0262124716 -0.0928172725
v 0.0466463121 -0.0262124307 -0.0911731971
v 0.0464363745 -0.0262124743 -0.0878767052
v 0.0481468939 -0.0262124364 -0.0845412898
v 0.0472170062 -0.0262124801 -0.0827378884
v 0.048260396 -0.0262124247 -0.0777427864
v 0.0471419358 -0.026212483 -0.0775406021
v 0.0462132122 -0.0262124685 -0.0724264071
v 0.0469820364 -0.0262124277 -0.0710645574
v 0.044456115 -0.0262124687 -0.0675346528
v 0.0443657796 -0.0262124251 -0.0647885492
v 0.0419184938 -0.0262124689 -0.062998326
v 0.0405220745 -0.0262124225 -0.0591797521
v 0.0386694527 -0.0262124634 -0.0589411531
v 0.035613178 -0.0262123996 -0.0544748618
v 0.0347974413 -0.0262124608 -0.0554734142
v 0.0325774942 -0.026212493 -0.0523590716
v 0.0304079026 -0.0262124379 -0.0526897609
v 0.0284498842 -0.0262026243 -0.0502137817
v 0.0230978761 -0.026212424 -0.0494653883
v 0.0241977986 -0.026201347 -0.0487363024
v 0.0206003876 -0.0261899357 -0.0479311042
v 0.0184896774 -0.0262124477 -0.0486888574
v 0.0153647671 -0.0261796625 -0.047433225
v 0.0125396205 -0.0262132864 -0.0486921956
v 0.0113670934 -0.026190603 -0.047591835
v 0.00788146291 -0.0262047099 -0.0480770163
v 0.00690796744 -0.0262315816 -0.0498354144
v -0.00874447537 -0.0297134139 -0.10108134
v -0.00314581588 -0.0297123627 -0.105765671
v -0.00314580891 -0.0262123652 -0.105765613
v 0.00125161083 -0.029712374 -0.108536868
v -0.00821884594 -0.0262126305 -0.10168209
v 0.00125161834 -0.0262123735 -0.108536868
v -0.011204247 -0.0262123542 -0.0977769727
v 0.00604489729 -0.0297123765 -0.110547268
v -0.0112042547 -0.0297123547 -0.0977769727
v 0.00604490462 -0.0262123789 -0.11054721
v -0.0137129907 -0.0262123399 -0.0929847651
v 0.0111035272 -0.0297124022 -0.11174205
v -0.0137129991 -0.0297123375 -0.0929847651
v 0.0111035349 -0.0262124018 -0.11174205
v -0.0153787251 -0.0262123401 -0.0878384395
v 0.0162897672 -0.0297124105 -0.112088653
v -0.0153787306 -0.0297123376 -0.0878384395
v 0.0162897742 -0.02621241 -0.112088711
v -0.0161538503 -0.0262123401 -0.082485046
v 0.0214624012 -0.0297124188 -0.111577718
v -0.0161538573 -0.0297123377 -0.08248511
v 0.0214624111 -0.0262124183 -0.111577718
v -0.0160162241 -0.0262123459 -0.0770776533
v 0.0264805942 -0.0297124271 -0.110223086
v -0.0160162326 -0.0297123435 -0.0770776533
v 0.0264805997 -0.0262124295 -0.110223086
v -0.0149697785 -0.0262123487 -0.0717706338
v 0.0312077024 -0.0297124383 -0.108061638
v -0.014969784 -0.0297123492 -0.0717706338
v 0.0312077079 -0.0262124408 -0.108061696
v -0.0130444087 -0.0262123544 -0.0667157467
v 0.0355150111 -0.0297124467 -0.105152337
v -0.0130444172 -0.0297123549 -0.0667156884
v 0.0355150195 -0.0262124491 -0.105152337
v 0.0392852493 -0.0297124551 -0.101574266
v 0.0392852549 -0.0262124546 -0.101574266
v 0.0424157592 -0.0297124635 -0.0974249502
v 0.0424157705 -0.0262124631 -0.097424892
v 0.0448213014 -0.029712472 -0.0928172143
v 0.044821304 -0.0262124716 -0.0928172725
v 0.0464363661 -0.0297124748 -0.0878767052
v 0.0464363745 -0.0262124743 -0.0878767052
v 0.0472170007 -0.0297124776 -0.0827378884
v 0.0472170062 -0.0262124801 -0.0827378884
v 0.0471419273 -0.0297124835 -0.0775406021
v 0.0471419358 -0.026212483 -0.0775406021
v 0.0462132037 -0.029712469 -0.0724264653
v 0.0462132122 -0.0262124685 -0.0724264071
v 0.0444561065 -0.0297124662 -0.0675346528
v 0.044456115 -0.0262124687 -0.0675346528
v 0.0419184912 -0.0297124665 -0.062998326
v 0.0419184938 -0.0262124689 -0.062998326
v 0.0386694472 -0.0297124638 -0.0589410949
v 0.0386694527 -0.0262124634 -0.0589411531
v 0.0347974358 -0.0297124584 -0.0554734783
v 0.0347974413 -0.0262124608 -0.0554734142
v 0.0304078971 -0.0297124384 -0.0526897609
v 0.0304079026 -0.0262124379 -0.0526897609
v 0.0230069735 -0.0297124943 -0.049447146
v 0.0230978761 -0.026212424 -0.0494653883
v 0.0184896774 -0.0262124477 -0.0486888574
v 0.0177863051 -0.0297124191 -0.0486549427
v 0.0125396205 -0.0262132864 -0.0486921956
v 0.0123784438 -0.0297124079 -0.0487750454
v 0.00690796744 -0.0262315816 -0.0498354144
v 0.00662158314 -0.0297123997 -0.0499175454
v 0.00195066124 -0.0262173037 -0.0517400797
v 0.00200691889 -0.0297123885 -0.0517131994
v -0.00266039855 -0.0297123801 -0.0544473238
v -0.00310533312 -0.026254784 -0.0547639444
v -0.00711873831 -0.0297123281 -0.0582132605
v -0.00680051078 -0.0262123713 -0.0579284737
v -0.010295135 -0.0262123629 -0.0620573468
v -0.0102951427 -0.0297123633 -0.0620573468
v 0.0124192584 -0.0393506187 -0.0973319111
v 0.0106686659 -0.0392855427 -0.098506303
v 0.00995844309 -0.0412899381 -0.0961566868
v 0.0104331127 -0.0414145315 -0.0955641561
v -0.00363973524 -0.0413891106 -0.0971288362
v -0.00382455931 -0.0392257181 -0.0998600968
v -0.00561244515 -0.0384245335 -0.100162707
v 0.013623377 -0.0392682868 -0.0943277148
v -0.00475624258 -0.0413634062 -0.096537557
v -0.0079140099 -0.0384122926 -0.0973069924
v -0.00769161345 -0.0413382753 -0.0919722021
v -0.0104747155 -0.0383975197 -0.0930567039
v -0.00921508256 -0.0413625713 -0.073323102
v -0.00953514248 -0.0412634873 -0.0871764729
v -0.0123556903 -0.0384039111 -0.0876834092
v -0.0101125828 -0.041321567 -0.0837663072
v -0.0130634881 -0.0384079449 -0.0837008061
v -0.0102537532 -0.0413164826 -0.0785562093
v -0.0131894495 -0.038409793 -0.0788954785
v -0.0122599256 -0.0383979273 -0.0729513471
v -0.00733254713 -0.0413241832 -0.0684558414
v -0.0101372864 -0.0384009976 -0.0675297691
v -0.00780650544 -0.0384123624 -0.0637344434
v -0.00378276748 -0.0413577891 -0.0633796153
v -0.00494904808 -0.03841685 -0.0602652726
v -1.67384836e-05 -0.041358106 -0.0599052582
v 0.00445066942 -0.0413576341 -0.0571140321
v -0.00131734015 -0.0384068991 -0.0571473502
v 0.00358573133 -0.0383951873 -0.0542309543
v 0.00546437271 -0.0388292096 -0.0539352593
v 0.00711875465 -0.0407164008 -0.055341929
v 0.00814367084 -0.0414173897 -0.0561189314
v 0.00784989385 -0.0411992828 -0.0556689803
v 0.00950854951 -0.0410814034 -0.0554923085
v 0.0110981003 -0.0413750638 -0.0937051431
v 0.0117369571 -0.0413877064 -0.0923249987
v 0.0146287717 -0.0393339362 -0.0929696253
v 0.013575935 -0.0413687306 -0.0905763765
v 0.0160125482 -0.0392732196 -0.0922132982
v 0.0153745604 -0.0413965828 -0.089690293
v 0.0199436346 -0.0392457191 -0.0914048229
v 0.00993642532 -0.0413783002 -0.0556388171
v 0.0191327686 -0.0413894811 -0.0888799084
v 0.0220600988 -0.0413619428 -0.0871302793
v 0.0230564654 -0.0392474651 -0.0895578531
v 0.0248067901 -0.0392428199 -0.0877685205
v 0.0108001695 -0.0413743304 -0.0547266915
v 0.0180846946 -0.0413874934 -0.0677692005
v 0.0187869409 -0.0413762709 -0.0707213592
v 0.0107543819 -0.0409073915 -0.0542912167
v 0.0200326693 -0.0413860963 -0.0725028221
v 0.0112594462 -0.0413514722 -0.0532370468
v 0.0110186323 -0.0409164398 -0.0529269862
v 0.0109045242 -0.0412827901 -0.052003056
v 0.0154212066 -0.0414124153 -0.0515949389
v 0.0219519374 -0.0413847922 -0.0522518472
v 0.0228355965 -0.0408649541 -0.0524550385
v 0.0239300722 -0.0397283097 -0.0534479332
v 0.0242326108 -0.0392884519 -0.0543729926
v 0.0207675452 -0.0392774771 -0.0676316908
v 0.0209844109 -0.0393339152 -0.0693254755
v 0.0218517138 -0.0392667173 -0.0706657476
v 0.0249452341 -0.0392443071 -0.0735609792
v 0.02364506 -0.0413265088 -0.0759842689
v 0.0264038803 -0.0392403489 -0.0760676572
v 0.02724563 -0.0392398453 -0.0789443555
v 0.0247589174 -0.0413839625 -0.0798275752
v 0.0271467963 -0.0392503663 -0.0826748903
v 0.0241913098 -0.0413563547 -0.083905668
v 0.0262248684 -0.0392398949 -0.0855343009
vt 0.438476562 0.440185547
vt 0.434814453 0.441894531
vt 0.440917969 0.442382812
vt 0.434082031 0.439941406
vt 0.43359375 0.430664062
vt 0.437255859 0.430664062
vt 0.431152344 0.441894531
vt 0.437011719 0.420410156
vt 0.430419922 0.439941406
vt 0.427246094 0.441650391
vt 0.42578125 0.439697266
vt 0.423339844 0.441650391
vt 0.422363281 0.439697266
vt 0.419433594 0.441650391
vt 0.419189453 0.439697266
vt 0.415283203 0.441894531
vt 0.423095703 0.421875
vt 0.415283203 0.439941406
vt 0.411132812 0.441894531
vt 0.410400391 0.439941406
vt 0.407226562 0.441894531
vt 0.427246094 0.422851562
vt 0.429931641 0.430419922
vt 0.42578125 0.420410156
vt 0.422119141 0.416748047
vt 0.428955078 0.419677734
vt 0.420654297 0.421875
vt 0.417724609 0.430419922
vt 0.4140625 0.430175781
vt 0.418212891 0.420410156
vt 0.432617188 0.419921875
vt 0.432861328 0.415039062
vt 0.437255859 0.411865234
vt 0.414794922 0.420898438
vt 0.428955078 0.415283203
vt 0.427978516 0.409423828
vt 0.431640625 0.409179688
vt 0.435058594 0.395751953
vt 0.42578125 0.416015625
vt 0.430419922 0.396484375
vt 0.4296875 0.390380859
vt 0.435058594 0.390136719
vt 0.427978516 0.396728516
vt 0.425048828 0.390625
vt 0.425537109 0.396728516
vt 0.424316406 0.409912109
vt 0.421875 0.409912109
vt 0.423095703 0.396972656
vt 0.429931641 0.384277344
vt 0.434814453 0.383544922
vt 0.429443359 0.371582031
vt 0.436279297 0.375244141
vt 0.433105469 0.372802734
vt 0.426757812 0.377685547
vt 0.425048828 0.364257812
vt 0.424560547 0.378417969
vt 0.423095703 0.358886719
vt 0.420898438 0.362060547
vt 0.420898438 0.350341797
vt 0.422363281 0.381347656
vt 0.419921875 0.381591797
vt 0.420898438 0.390869141
vt 0.420654297 0.397216797
vt 0.419433594 0.409912109
vt 0.418212891 0.394775391
vt 0.414306641 0.382080078
vt 0.417724609 0.381591797
vt 0.417724609 0.416259766
vt 0.416992188 0.409912109
vt 0.418701172 0.366455078
vt 0.414550781 0.416503906
vt 0.415771484 0.395263672
vt 0.409667969 0.382568359
vt 0.414550781 0.409423828
vt 0.413085938 0.395751953
vt 0.411865234 0.407714844
vt 0.410888672 0.420898438
vt 0.410644531 0.396240234
vt 0.405029297 0.3828125
vt 0.408447266 0.3984375
vt 0.410644531 0.416992188
vt 0.409179688 0.430664062
vt 0.405517578 0.396728516
vt 0.407226562 0.420166016
vt 0.406494141 0.439941406
vt 0.402587891 0.401367188
vt 0.404296875 0.430664062
vt 0.403564453 0.439941406
vt 0.401611328 0.441894531
vt 0.403320312 0.438476562
vt 0.398681641 0.430419922
vt 0.40234375 0.421142578
vt 0.399658203 0.439941406
vt 0.394042969 0.441894531
vt 0.395507812 0.439941406
vt 0.392089844 0.439941406
vt 0.388183594 0.441894531
vt 0.394775391 0.431396484
vt 0.395263672 0.417724609
vt 0.397949219 0.419677734
vt 0.401123047 0.402832031
vt 0.400390625 0.382568359
vt 0.3984375 0.397949219
vt 0.391601562 0.421875
vt 0.389648438 0.439941406
vt 0.387939453 0.422119141
vt 0.385986328 0.440185547
vt 0.384521484 0.442138672
vt 0.385742188 0.422119141
vt 0.381835938 0.440185547
vt 0.380859375 0.442138672
vt 0.384033203 0.422363281
vt 0.379150391 0.440429688
vt 0.377197266 0.442138672
vt 0.381835938 0.422363281
vt 0.377197266 0.440429688
vt 0.374023438 0.442138672
vt 0.373779297 0.440429688
vt 0.368896484 0.442138672
vt 0.386474609 0.415039062
vt 0.384033203 0.415039062
vt 0.381591797 0.415039062
vt 0.389404297 0.414550781
vt 0.383789062 0.409667969
vt 0.392578125 0.415039062
vt 0.394042969 0.400878906
vt 0.387451172 0.407714844
vt 0.389892578 0.399658203
vt 0.395751953 0.396240234
vt 0.386474609 0.399414062
vt 0.384033203 0.399414062
vt 0.381347656 0.409912109
vt 0.396972656 0.375244141
vt 0.378417969 0.415039062
vt 0.378417969 0.422607422
vt 0.374511719 0.416748047
vt 0.376953125 0.430908203
vt 0.373046875 0.423828125
vt 0.370117188 0.440429688
vt 0.369873047 0.420410156
vt 0.363525391 0.440429688
vt 0.359863281 0.442382812
vt 0.364501953 0.422363281
vt 0.358398438 0.440429688
vt 0.354980469 0.442382812
vt 0.369628906 0.413818359
vt 0.360839844 0.421386719
vt 0.363769531 0.416992188
vt 0.360595703 0.414306641
vt 0.358154297 0.420898438
vt 0.354980469 0.440429688
vt 0.351074219 0.440429688
vt 0.351318359 0.442382812
vt 0.34765625 0.442382812
vt 0.365234375 0.413085938
vt 0.347167969 0.440429688
vt 0.343017578 0.442382812
vt 0.342773438 0.440429688
vt 0.339111328 0.442382812
vt 0.338134766 0.440429688
vt 0.333740234 0.442138672
vt 0.355957031 0.420654297
vt 0.357177734 0.416259766
vt 0.353515625 0.420898438
vt 0.344238281 0.422851562
vt 0.346923828 0.422851562
vt 0.334472656 0.440429688
vt 0.329345703 0.440185547
vt 0.328369141 0.442138672
vt 0.323730469 0.442138672
vt 0.356933594 0.413330078
vt 0.353027344 0.415039062
vt 0.3515625 0.422851562
vt 0.348632812 0.425048828
vt 0.3515625 0.416992188
vt 0.350585938 0.411376953
vt 0.348388672 0.415771484
vt 0.349609375 0.419921875
vt 0.347167969 0.418945312
vt 0.34375 0.418701172
vt 0.353271484 0.409912109
vt 0.342285156 0.422363281
vt 0.339355469 0.422119141
vt 0.336181641 0.422119141
vt 0.339355469 0.418701172
vt 0.334228516 0.422119141
vt 0.3359375 0.418701172
vt 0.33203125 0.424560547
vt 0.341796875 0.415771484
vt 0.337158203 0.415771484
vt 0.345214844 0.416015625
vt 0.344726562 0.413085938
vt 0.340576172 0.413085938
vt 0.348632812 0.413330078
vt 0.330078125 0.421142578
vt 0.333740234 0.41796875
vt 0.333984375 0.415527344
vt 0.336181641 0.412353516
vt 0.329101562 0.424316406
vt 0.329345703 0.415771484
vt 0.330322266 0.418701172
vt 0.325683594 0.421142578
vt 0.324951172 0.424316406
vt 0.321533203 0.421630859
vt 0.324951172 0.417236328
vt 0.324951172 0.440185547
vt 0.320556641 0.439941406
vt 0.318115234 0.441894531
vt 0.316650391 0.439941406
vt 0.312988281 0.441650391
vt 0.3125 0.439697266
vt 0.308837891 0.441650391
vt 0.308349609 0.439453125
vt 0.304443359 0.44140625
vt 0.303710938 0.439208984
vt 0.299072266 0.441162109
vt 0.307861328 0.422851562
vt 0.314697266 0.423339844
vt 0.318359375 0.423828125
vt 0.318847656 0.420654297
vt 0.311279297 0.423095703
vt 0.313964844 0.420166016
vt 0.321289062 0.417724609
vt 0.317871094 0.417236328
vt 0.309082031 0.419677734
vt 0.321533203 0.414306641
vt 0.314453125 0.416748047
vt 0.324951172 0.414794922
vt 0.325683594 0.411865234
vt 0.318359375 0.413574219
vt 0.333251953 0.412353516
vt 0.321289062 0.411376953
vt 0.336181641 0.399414062
vt 0.328613281 0.397460938
vt 0.341064453 0.406982422
vt 0.340087891 0.397705078
vt 0.343261719 0.406982422
vt 0.344970703 0.400634766
vt 0.335693359 0.396240234
vt 0.347412109 0.407470703
vt 0.349365234 0.408691406
vt 0.348876953 0.399169922
vt 0.351074219 0.399414062
vt 0.344970703 0.397705078
vt 0.353759766 0.397460938
vt 0.350585938 0.395263672
vt 0.353759766 0.388427734
vt 0.345458984 0.39453125
vt 0.355712891 0.397216797
vt 0.340820312 0.393798828
vt 0.349609375 0.387695312
vt 0.355224609 0.409667969
vt 0.358642578 0.407714844
vt 0.357666016 0.397216797
vt 0.344238281 0.387207031
vt 0.356933594 0.389648438
vt 0.362304688 0.409179688
vt 0.362548828 0.401367188
vt 0.365478516 0.406738281
vt 0.359619141 0.401855469
vt 0.359863281 0.396972656
vt 0.359130859 0.389160156
vt 0.362304688 0.390625
vt 0.357910156 0.386962891
vt 0.362792969 0.387695312
vt 0.364257812 0.396972656
vt 0.370117188 0.391845703
vt 0.369384766 0.407714844
vt 0.365966797 0.390136719
vt 0.357421875 0.384765625
vt 0.374511719 0.409667969
vt 0.366699219 0.385253906
vt 0.354248047 0.386230469
vt 0.349609375 0.385498047
vt 0.374267578 0.399414062
vt 0.376708984 0.409912109
vt 0.377929688 0.399414062
vt 0.379150391 0.409912109
vt 0.381591797 0.399414062
vt 0.374755859 0.391845703
vt 0.377441406 0.392089844
vt 0.370849609 0.387207031
vt 0.379882812 0.389160156
vt 0.375488281 0.387451172
vt 0.37109375 0.381835938
vt 0.376220703 0.380126953
vt 0.364990234 0.381591797
vt 0.370117188 0.377685547
vt 0.377685547 0.373535156
vt 0.360839844 0.379150391
vt 0.361572266 0.383300781
vt 0.381103516 0.375976562
vt 0.383300781 0.365722656
vt 0.380371094 0.3828125
vt 0.359130859 0.380371094
vt 0.358154297 0.382324219
vt 0.382568359 0.389160156
vt 0.383789062 0.383544922
vt 0.383056641 0.376708984
vt 0.356445312 0.379150391
vt 0.355224609 0.377197266
vt 0.354248047 0.384277344
vt 0.355957031 0.381591797
vt 0.385498047 0.366455078
vt 0.384033203 0.362304688
vt 0.385009766 0.377929688
vt 0.385498047 0.363037109
vt 0.383789062 0.359130859
vt 0.349121094 0.383789062
vt 0.353027344 0.382568359
vt 0.353271484 0.380615234
vt 0.344970703 0.384765625
vt 0.349365234 0.382080078
vt 0.353759766 0.378662109
vt 0.340332031 0.385742188
vt 0.344482422 0.382080078
vt 0.3515625 0.379394531
vt 0.352539062 0.375244141
vt 0.351806641 0.373779297
vt 0.350585938 0.374755859
vt 0.349121094 0.379882812
vt 0.349365234 0.373046875
vt 0.351074219 0.372558594
vt 0.349365234 0.376464844
vt 0.348876953 0.370117188
vt 0.350341797 0.370117188
vt 0.349609375 0.367675781
vt 0.346923828 0.373291016
vt 0.347412109 0.378173828
vt 0.34375 0.378417969
vt 0.338378906 0.379394531
vt 0.342041016 0.373291016
vt 0.340087891 0.382080078
vt 0.32421875 0.360107422
vt 0.3203125 0.367431641
vt 0.349121094 0.36328125
vt 0.339111328 0.376953125
vt 0.32421875 0.373535156
vt 0.313720703 0.353759766
vt 0.315673828 0.347412109
vt 0.348876953 0.358886719
vt 0.318359375 0.341552734
vt 0.349365234 0.35546875
vt 0.321533203 0.335693359
vt 0.350341797 0.352783203
vt 0.325195312 0.330322266
vt 0.351806641 0.350097656
vt 0.329833984 0.325439453
vt 0.353759766 0.348144531
vt 0.334960938 0.321044922
vt 0.355957031 0.346679688
vt 0.340576172 0.317138672
vt 0.358398438 0.345458984
vt 0.346923828 0.314208984
vt 0.360595703 0.344726562
vt 0.355957031 0.310791016
vt 0.363525391 0.344238281
vt 0.366210938 0.344238281
vt 0.36328125 0.309570312
vt 0.369140625 0.344482422
vt 0.369873047 0.309326172
vt 0.372802734 0.334960938
vt 0.37109375 0.345214844
vt 0.372070312 0.345458984
vt 0.376953125 0.315429688
vt 0.379394531 0.310302734
vt 0.385498047 0.311767578
vt 0.381591797 0.337402344
vt 0.388671875 0.312988281
vt 0.377197266 0.335205078
vt 0.377197266 0.342529297
vt 0.373535156 0.346191406
vt 0.374755859 0.346923828
vt 0.377197266 0.346679688
vt 0.376220703 0.347900391
vt 0.377441406 0.348876953
vt 0.384033203 0.342041016
vt 0.382568359 0.345947266
vt 0.390380859 0.324951172
vt 0.395263672 0.31640625
vt 0.392089844 0.331787109
vt 0.399169922 0.319091797
vt 0.387695312 0.335205078
vt 0.395507812 0.33203125
vt 0.402832031 0.321777344
vt 0.385253906 0.33984375
vt 0.391113281 0.339111328
vt 0.398193359 0.333740234
vt 0.40625 0.324707031
vt 0.388183594 0.342529297
vt 0.386474609 0.344482422
vt 0.388183594 0.347412109
vt 0.394287109 0.341064453
vt 0.389892578 0.343994141
vt 0.403808594 0.333984375
vt 0.409423828 0.327880859
vt 0.400146484 0.338623047
vt 0.408935547 0.336914062
vt 0.413818359 0.333984375
vt 0.391601562 0.345703125
vt 0.397216797 0.343505859
vt 0.411132812 0.339355469
vt 0.417480469 0.341552734
vt 0.404052734 0.342773438
vt 0.392578125 0.34765625
vt 0.415283203 0.34375
vt 0.399902344 0.346191406
vt 0.412597656 0.345214844
vt 0.417724609 0.349609375
vt 0.409179688 0.344970703
vt 0.407714844 0.347167969
vt 0.414550781 0.349609375
vt 0.418945312 0.354492188
vt 0.411132812 0.350830078
vt 0.416259766 0.354248047
vt 0.41796875 0.360839844
vt 0.413330078 0.356445312
vt 0.415527344 0.361328125
vt 0.416259766 0.366699219
vt 0.412109375 0.362060547
vt 0.407958984 0.357910156
vt 0.407226562 0.363525391
vt 0.4140625 0.3671875
vt 0.411621094 0.368164062
vt 0.406005859 0.353515625
vt 0.409179688 0.369140625
vt 0.406982422 0.369873047
vt 0.404296875 0.370605469
vt 0.403320312 0.359375
vt 0.402832031 0.350097656
vt 0.401367188 0.374023438
vt 0.403320312 0.364013672
vt 0.401367188 0.35546875
vt 0.396240234 0.349121094
vt 0.3984375 0.371582031
vt 0.399902344 0.369384766
vt 0.3984375 0.361083984
vt 0.398681641 0.365478516
vt 0.398681641 0.352539062
vt 0.396484375 0.369873047
vt 0.397216797 0.357421875
vt 0.395507812 0.353271484
vt 0.39453125 0.37109375
vt 0.395019531 0.365966797
vt 0.39453125 0.361816406
vt 0.393798828 0.386962891
vt 0.392822266 0.372314453
vt 0.393310547 0.350097656
vt 0.39453125 0.357910156
vt 0.389648438 0.350830078
vt 0.392822266 0.354248047
vt 0.392089844 0.358398438
vt 0.391357422 0.366210938
vt 0.389648438 0.35546875
vt 0.390869141 0.362548828
vt 0.388671875 0.359130859
vt 0.385253906 0.350585938
vt 0.388671875 0.351806641
vt 0.385986328 0.353271484
vt 0.386474609 0.356201172
vt 0.383300781 0.348876953
vt 0.384033203 0.354248047
vt 0.378662109 0.348876953
vt 0.378662109 0.349853516
vt 0.380126953 0.3515625
vt 0.382568359 0.3515625
vt 0.381835938 0.353759766
vt 0.3828125 0.355712891
vt 0.384521484 0.357177734
vt 0.386474609 0.358886719
vt 0.385009766 0.359619141
vt 0.386962891 0.362792969
vt 0.388427734 0.362792969
vt 0.386962891 0.366455078
vt 0.388427734 0.366943359
vt 0.386962891 0.380859375
vt 0.391113281 0.372314453
vt 0.388916016 0.380371094
vt 0.384765625 0.389892578
vt 0.38671875 0.390625
vt 0.389160156 0.391113281
vt 0.391601562 0.392333984
vt 0.955566406 0.314697266
vt 0.954589844 0.318847656
vt 0.956542969 0.312011719
vt 0.958007812 0.309326172
vt 0.959960938 0.307128906
vt 0.962890625 0.305175781
vt 0.967285156 0.302978516
vt 0.973632812 0.302001953
vt 0.978515625 0.302246094
vt 0.981445312 0.303222656
vt 0.984863281 0.3046875
vt 0.987792969 0.306640625
vt 0.989746094 0.308837891
vt 0.991699219 0.311523438
vt 0.993164062 0.314453125
vt 0.994140625 0.317626953
vt 0.994628906 0.322753906
vt 0.994140625 0.327148438
vt 0.992675781 0.331542969
vt 0.990722656 0.335205078
vt 0.98828125 0.337890625
vt 0.985839844 0.33984375
vt 0.981933594 0.341796875
vt 0.977539062 0.342773438
vt 0.973632812 0.343017578
vt 0.969238281 0.342529297
vt 0.96484375 0.341064453
vt 0.961914062 0.339355469
vt 0.958984375 0.336669922
vt 0.95703125 0.334228516
vt 0.955566406 0.331298828
vt 0.954589844 0.327148438
vt 0.289550781 0.376708984
vt 0.295166016 0.370605469
vt 0.291015625 0.368408203
vt 0.294433594 0.378417969
vt 0.294433594 0.381591797
vt 0.297363281 0.381835938
vt 0.296875 0.376220703
vt 0.299316406 0.371582031
vt 0.289306641 0.383544922
vt 0.300292969 0.372802734
vt 0.294189453 0.383789062
vt 0.301269531 0.374511719
vt 0.302978516 0.372558594
vt 0.293701172 0.390380859
vt 0.288330078 0.389404297
vt 0.295898438 0.390380859
vt 0.293212891 0.401855469
vt 0.286132812 0.407470703
vt 0.299804688 0.377197266
vt 0.302001953 0.377685547
vt 0.304199219 0.375
vt 0.291259766 0.409423828
vt 0.284423828 0.416992188
vt 0.305175781 0.373291016
vt 0.305908203 0.370849609
vt 0.289550781 0.421875
vt 0.283935547 0.428222656
vt 0.289550781 0.438720703
vt 0.284667969 0.438476562
vt 0.287597656 0.440673828
vt 0.293457031 0.440917969
vt 0.293701172 0.421142578
vt 0.294921875 0.438720703
vt 0.299560547 0.421630859
vt 0.300048828 0.439208984
vt 0.29296875 0.409912109
vt 0.295410156 0.4140625
vt 0.296386719 0.404785156
vt 0.303466797 0.420654297
vt 0.297851562 0.414794922
vt 0.298339844 0.390625
vt 0.300292969 0.417480469
vt 0.298828125 0.404296875
vt 0.305908203 0.418212891
vt 0.301025391 0.403564453
vt 0.303222656 0.414794922
vt 0.299316406 0.3828125
vt 0.303710938 0.402587891
vt 0.300292969 0.390136719
vt 0.308349609 0.415283203
vt 0.304443359 0.392089844
vt 0.311035156 0.415039062
vt 0.311523438 0.405029297
vt 0.302246094 0.390869141
vt 0.302246094 0.383544922
vt 0.303710938 0.382080078
vt 0.313476562 0.413330078
vt 0.315917969 0.413330078
vt 0.314453125 0.401123047
vt 0.306884766 0.393066406
vt 0.319091797 0.399169922
vt 0.323242188 0.3984375
vt 0.323242188 0.394775391
vt 0.31640625 0.395019531
vt 0.311523438 0.397460938
vt 0.309082031 0.395507812
vt 0.311767578 0.392089844
vt 0.309570312 0.390625
vt 0.307373047 0.383789062
vt 0.308837891 0.382324219
vt 0.304443359 0.379882812
vt 0.305175781 0.377929688
vt 0.308349609 0.377197266
vt 0.30859375 0.379638672
vt 0.313476562 0.382080078
vt 0.316894531 0.391113281
vt 0.321777344 0.391601562
vt 0.326904297 0.392089844
vt 0.322265625 0.384521484
vt 0.318115234 0.383789062
vt 0.314208984 0.379638672
vt 0.335449219 0.392578125
vt 0.326171875 0.384033203
vt 0.319091797 0.381347656
vt 0.309082031 0.375244141
vt 0.334716797 0.385986328
vt 0.314941406 0.377685547
vt 0.307128906 0.372070312
vt 0.30859375 0.367431641
vt 0.3359375 0.383056641
vt 0.321777344 0.380126953
vt 0.330566406 0.382568359
vt 0.335449219 0.380859375
vt 0.327148438 0.379150391
vt 0.310791016 0.369140625
vt 0.310058594 0.364746094
vt 0.316894531 0.376220703
vt 0.323730469 0.375732422
vt 0.317382812 0.373779297
vt 0.309570312 0.372802734
vt 0.312744141 0.369873047
vt 0.313964844 0.366210938
vt 0.311279297 0.361083984
vt 0.315673828 0.362792969
vt 0.312744141 0.356933594
vt 0.846679688 0.954101562
vt 0.837890625 0.947753906
vt 0.841308594 0.951171875
vt 0.8515625 0.955566406
vt 0.85546875 0.956054688
vt 0.858886719 0.955566406
vt 0.860839844 0.955566406
vt 0.865722656 0.954101562
vt 0.870117188 0.951660156
vt 0.875976562 0.9453125
vt 0.879882812 0.9375
vt 0.879882812 0.924804688
vt 0.877929688 0.920410156
vt 0.875488281 0.916015625
vt 0.871582031 0.912109375
vt 0.868652344 0.909667969
vt 0.864746094 0.907714844
vt 0.861328125 0.906738281
vt 0.858398438 0.90625
vt 0.855957031 0.90625
vt 0.853027344 0.90625
vt 0.850585938 0.906738281
vt 0.84765625 0.907714844
vt 0.846191406 0.908203125
vt 0.842285156 0.91015625
vt 0.838867188 0.913085938
vt 0.8359375 0.916015625
vt 0.833496094 0.920410156
vt 0.83203125 0.924316406
vt 0.831542969 0.929199219
vt 0.831542969 0.934082031
vt 0.832519531 0.939453125
vt 0.834960938 0.943847656
vt 0.927246094 0.929199219
vt 0.928222656 0.930175781
vt 0.930175781 0.9296875
vt 0.930664062 0.928710938
vt 0.930175781 0.926757812
vt 0.927246094 0.92578125
vt 0.930664062 0.926269531
vt 0.924316406 0.929199219
vt 0.930175781 0.923339844
vt 0.924804688 0.932128906
vt 0.934082031 0.921875
vt 0.922363281 0.932617188
vt 0.934570312 0.923828125
vt 0.923339844 0.935058594
vt 0.937988281 0.920410156
vt 0.937988281 0.922851562
vt 0.920410156 0.936035156
vt 0.922363281 0.938476562
vt 0.921386719 0.941894531
vt 0.919921875 0.941894531
vt 0.921875 0.945800781
vt 0.919921875 0.945800781
vt 0.922363281 0.946777344
vt 0.941894531 0.922363281
vt 0.941894531 0.919921875
vt 0.945800781 0.919921875
vt 0.9453125 0.922363281
vt 0.949707031 0.920898438
vt 0.94921875 0.922851562
vt 0.953125 0.922363281
vt 0.952636719 0.924316406
vt 0.95703125 0.924316406
vt 0.956054688 0.926757812
vt 0.959960938 0.926757812
vt 0.958984375 0.929199219
vt 0.962402344 0.930175781
vt 0.9609375 0.932128906
vt 0.964355469 0.93359375
vt 0.962890625 0.935546875
vt 0.965332031 0.936523438
vt 0.963867188 0.939453125
vt 0.966308594 0.941894531
vt 0.964355469 0.943359375
vt 0.966308594 0.945800781
vt 0.964355469 0.947265625
vt 0.965820312 0.949707031
vt 0.963378906 0.948242188
vt 0.962402344 0.952148438
vt 0.961914062 0.948730469
vt 0.964355469 0.953613281
vt 0.961425781 0.950683594
vt 0.961425781 0.94921875
vt 0.962402344 0.953125
vt 0.962402344 0.95703125
vt 0.959960938 0.957519531
vt 0.959960938 0.959960938
vt 0.957519531 0.962890625
vt 0.955078125 0.961914062
vt 0.954101562 0.96484375
vt 0.950683594 0.966308594
vt 0.950683594 0.964355469
vt 0.945800781 0.965332031
vt 0.946777344 0.967285156
vt 0.949707031 0.964355469
vt 0.946289062 0.963378906
vt 0.948730469 0.963378906
vt 0.947753906 0.962890625
vt 0.944824219 0.965820312
vt 0.942871094 0.967773438
vt 0.938964844 0.967285156
vt 0.940429688 0.965820312
vt 0.935546875 0.966308594
vt 0.937011719 0.96484375
vt 0.932128906 0.96484375
vt 0.933105469 0.963378906
vt 0.928710938 0.962890625
vt 0.930175781 0.961425781
vt 0.92578125 0.959960938
vt 0.927246094 0.958496094
vt 0.923339844 0.95703125
vt 0.924804688 0.955566406
vt 0.921875 0.953613281
vt 0.922851562 0.951660156
vt 0.920410156 0.949707031
vt 0.923339844 0.950683594
vt 0.924316406 0.949707031
vt 0.924316406 0.948730469
vt 0.923828125 0.947265625
vt 0.00162220001 0.891113281
vt 0.00354957581 0.888183594
vt 0.00115299225 0.889648438
vt 0.00368881226 0.892089844
vt 0.00910186768 0.899414062
vt 0.0094909668 0.8984375
vt 0.00415420532 0.891601562
vt 0.010307312 0.8984375
vt 0.00787353516 0.892089844
vt 0.0118560791 0.893554688
vt 0.0129776001 0.894042969
vt 0.0134048462 0.894042969
vt 0.0181884766 0.896972656
vt 0.0112075806 0.900390625
vt 0.0218048096 0.900878906
vt 0.0240020752 0.904785156
vt 0.0100402832 0.898925781
vt 0.0103912354 0.899902344
vt 0.00959777832 0.900878906
vt 0.010635376 0.900878906
vt 0.0105285645 0.90234375
vt 0.00970458984 0.903320312
vt 0.0109176636 0.90234375
vt 0.0106048584 0.903320312
vt 0.0099105835 0.904296875
vt 0.0111618042 0.903808594
vt 0.0107879639 0.904296875
vt 0.0114440918 0.904785156
vt 0.0110473633 0.904785156
vt 0.0104904175 0.905273438
vt 0.0125808716 0.906738281
vt 0.0123138428 0.907714844
vt 0.014251709 0.907714844
vt 0.0248413086 0.907714844
vt 0.0153884888 0.912597656
vt 0.0254364014 0.910644531
vt 0.0254974365 0.914550781
vt 0.0244598389 0.919433594
vt 0.0141601562 0.91796875
vt 0.0223846436 0.923828125
vt 0.0194244385 0.927734375
vt 0.0103759766 0.922363281
vt 0.0154953003 0.931152344
vt 0.0128173828 0.932617188
vt 0.0116424561 0.933105469
vt 0.0128860474 0.90625
vt 0.0140991211 0.908691406
vt 0.0148391724 0.911132812
vt 0.0137329102 0.908691406
vt 0.0133743286 0.91015625
vt 0.0143051147 0.910644531
vt 0.0145187378 0.912109375
vt 0.0136489868 0.911621094
vt 0.0136413574 0.913574219
vt 0.0149307251 0.9140625
vt 0.0143051147 0.915039062
vt 0.0131835938 0.916015625
vt 0.0139846802 0.917480469
vt 0.0135269165 0.917480469
vt 0.012008667 0.918457031
vt 0.0122451782 0.919433594
vt 0.0105667114 0.921386719
vt 0.0105133057 0.920410156
vt 0.00885772705 0.921875
vt 0.00856018066 0.922851562
vt 0.00607681274 0.923339844
vt 0.00645446777 0.923828125
vt 0.00510787964 0.924316406
vt 0.00682830811 0.924316406
vt 0.00584793091 0.924804688
vt 0.00648498535 0.924804688
vt 0.00752639771 0.934082031
vt 0.00565719604 0.92578125
vt 0.00419235229 0.934082031
vt 0.00377655029 0.93359375
vt 0.0053062439 0.92578125
vt 0.00450134277 0.925292969
vt 0.00274658203 0.935058594
vt 0.00482177734 0.935058594
vt 0.00537490845 0.936035156
vt 0.00226020813 0.935546875
vt 0.00554275513 0.937011719
vt 0.00115299225 0.936523438
vt 0.161499023 0.436279297
vt 0.160522461 0.435302734
vt 0.162109375 0.437744141
vt 0.16418457 0.436035156
vt 0.165161133 0.437011719
vt 0.163574219 0.44140625
vt 0.166748047 0.441162109
vt 0.167480469 0.444580078
vt 0.164672852 0.446533203
vt 0.16784668 0.448242188
vt 0.164672852 0.451660156
vt 0.167724609 0.452392578
vt 0.167358398 0.455566406
vt 0.16394043 0.456787109
vt 0.166259766 0.459716797
vt 0.162109375 0.461669922
vt 0.164550781 0.463623047
vt 0.163330078 0.464111328
vt 0.161743164 0.463867188
vt 0.160522461 0.464355469
vt 0.86328125 0.0504760742
vt 0.8671875 0.0504455566
vt 0.86328125 0.0494384766
vt 0.867675781 0.0494384766
vt 0.86328125 0.048034668
vt 0.868652344 0.048248291
vt 0.86328125 0.0471496582
vt 0.869140625 0.047088623
vt 0.86328125 0.0458374023
vt 0.869140625 0.045715332
vt 0.86328125 0.0439147949
vt 0.867675781 0.0436706543
vt 0.86328125 0.0429382324
vt 0.8671875 0.0423278809
vt 0.86328125 0.0386962891
vt 0.8671875 0.0379333496
vt 0.86328125 0.0348510742
vt 0.8671875 0.0344543457
vt 0.86328125 0.0309906006
vt 0.8671875 0.0308227539
vt 0.8671875 0.0268096924
vt 0.86328125 0.0271453857
vt 0.8671875 0.0236663818
vt 0.86328125 0.0233001709
vt 0.8671875 0.0195465088
vt 0.86328125 0.0194396973
vt 0.8671875 0.0151824951
vt 0.86328125 0.0152053833
vt 0.86328125 0.0141906738
vt 0.867675781 0.0140762329
vt 0.86328125 0.0127792358
vt 0.868652344 0.012840271
vt 0.86328125 0.0118942261
vt 0.869140625 0.0116653442
vt 0.86328125 0.0105819702
vt 0.869140625 0.0106506348
vt 0.251220703 0.276855469
vt 0.254394531 0.27734375
vt 0.253417969 0.276855469
vt 0.255371094 0.280273438
vt 0.252441406 0.282470703
vt 0.255859375 0.283203125
vt 0.255859375 0.287353516
vt 0.252685547 0.287841797
vt 0.255615234 0.291259766
vt 0.252197266 0.292480469
vt 0.254882812 0.294189453
vt 0.25390625 0.294677734
vt 0.252197266 0.294677734
vt 0.251220703 0.295654297
vt 0.265625 0.0193786621
vt 0.266113281 0.0190734863
vt 0.264160156 0.0191040039
vt 0.262451172 0.0201873779
vt 0.263183594 0.0187683105
vt 0.262695312 0.0180664062
vt 0.265625 0.0227203369
vt 0.262695312 0.0252532959
vt 0.266113281 0.0269775391
vt 0.263427734 0.0264282227
vt 0.162719727 0.194335938
vt 0.163452148 0.193603516
vt 0.163330078 0.190063477
vt 0.165161133 0.193359375
vt 0.166137695 0.192504883
vt 0.166381836 0.18762207
vt 0.163208008 0.186279297
vt 0.166015625 0.183837891
vt 0.162719727 0.186035156
vt 0.772949219 0.257080078
vt 0.78125 0.256591797
vt 0.772460938 0.256347656
vt 0.78125 0.258056641
vt 0.772949219 0.258056641
vt 0.772460938 0.259521484
vt 0.78125 0.259765625
vt 0.772460938 0.260742188
vt 0.78125 0.261230469
vt 0.772949219 0.261230469
vt 0.78125 0.262695312
vt 0.774414062 0.262939453
vt 0.78125 0.263671875
vt 0.774414062 0.264404297
vt 0.78125 0.267822266
vt 0.774414062 0.268554688
vt 0.78125 0.271728516
vt 0.774414062 0.272216797
vt 0.78125 0.275390625
vt 0.774414062 0.275390625
vt 0.78125 0.279296875
vt 0.774414062 0.278808594
vt 0.780761719 0.282958984
vt 0.774414062 0.282958984
vt 0.780761719 0.286865234
vt 0.774414062 0.287597656
vt 0.780761719 0.290771484
vt 0.774414062 0.291015625
vt 0.780761719 0.294433594
vt 0.774414062 0.293945312
vt 0.780761719 0.298339844
vt 0.774414062 0.298339844
vt 0.780761719 0.302001953
vt 0.774414062 0.302001953
vt 0.774414062 0.3046875
vt 0.776855469 0.305175781
vt 0.780761719 0.305908203
vt 0.776855469 0.308837891
vt 0.780761719 0.309570312
vt 0.776855469 0.313720703
vt 0.780761719 0.313964844
vt 0.780761719 0.314941406
vt 0.776367188 0.314941406
vt 0.780761719 0.31640625
vt 0.775390625 0.316162109
vt 0.780761719 0.317138672
vt 0.774902344 0.317138672
vt 0.780761719 0.318603516
vt 0.774902344 0.318359375
vt 0.774902344 0.318847656
vt 0.780761719 0.3203125
vt 0.776367188 0.3203125
vt 0.776855469 0.321289062
vt 0.780761719 0.321289062
vt 0.77734375 0.32421875
vt 0.78125 0.326416016
vt 0.77734375 0.327392578
vt 0.77734375 0.331298828
vt 0.78125 0.332763672
vt 0.77734375 0.335205078
vt 0.78125 0.337890625
vt 0.77734375 0.338134766
vt 0.107788086 0.280761719
vt 0.101806641 0.279052734
vt 0.101806641 0.280761719
vt 0.105895996 0.278564453
vt 0.101806641 0.278076172
vt 0.105529785 0.27734375
vt 0.101806641 0.274169922
vt 0.10559082 0.272460938
vt 0.101806641 0.270751953
vt 0.101806641 0.267333984
vt 0.10559082 0.270263672
vt 0.110229492 0.269287109
vt 0.110595703 0.268798828
vt 0.110595703 0.263916016
vt 0.101806641 0.263916016
vt 0.101806641 0.260498047
vt 0.110534668 0.260498047
vt 0.682617188 0.928710938
vt 0.68359375 0.924804688
vt 0.682128906 0.925292969
vt 0.686035156 0.918945312
vt 0.685546875 0.921386719
vt 0.687988281 0.91796875
vt 0.689453125 0.915039062
vt 0.690917969 0.915527344
vt 0.694335938 0.913085938
vt 0.694824219 0.911621094
vt 0.698242188 0.911621094
vt 0.700195312 0.909667969
vt 0.702148438 0.910644531
vt 0.705078125 0.909179688
vt 0.706054688 0.91015625
vt 0.708984375 0.909179688
vt 0.709472656 0.910644531
vt 0.711425781 0.909667969
vt 0.713867188 0.910644531
vt 0.713867188 0.912109375
vt 0.716308594 0.911621094
vt 0.717773438 0.9140625
vt 0.718261719 0.912597656
vt 0.721679688 0.915039062
vt 0.720703125 0.916015625
vt 0.723144531 0.916992188
vt 0.723144531 0.918945312
vt 0.725585938 0.919433594
vt 0.725585938 0.922363281
vt 0.728027344 0.924316406
vt 0.727539062 0.92578125
vt 0.729492188 0.929199219
vt 0.728515625 0.929199219
vt 0.729980469 0.934570312
vt 0.729003906 0.933105469
vt 0.728515625 0.937011719
vt 0.729003906 0.940917969
vt 0.728027344 0.940917969
vt 0.7265625 0.944824219
vt 0.727050781 0.945800781
vt 0.724609375 0.948242188
vt 0.724121094 0.949707031
vt 0.722167969 0.951171875
vt 0.720703125 0.953613281
vt 0.719238281 0.953613281
vt 0.716308594 0.956054688
vt 0.715820312 0.955566406
vt 0.712402344 0.95703125
vt 0.711914062 0.958007812
vt 0.708496094 0.958007812
vt 0.706542969 0.958984375
vt 0.704589844 0.958007812
vt 0.701660156 0.958496094
vt 0.700683594 0.957519531
vt 0.696777344 0.957519531
vt 0.697265625 0.956542969
vt 0.694335938 0.956054688
vt 0.693847656 0.954589844
vt 0.69140625 0.954589844
vt 0.688964844 0.951171875
vt 0.688964844 0.952148438
vt 0.687011719 0.950195312
vt 0.686523438 0.948730469
vt 0.684570312 0.947265625
vt 0.684082031 0.944824219
vt 0.683105469 0.944335938
vt 0.682128906 0.941894531
vt 0.682617188 0.940917969
vt 0.222290039 0.922363281
vt 0.222412109 0.916992188
vt 0.219604492 0.916992188
vt 0.223144531 0.913085938
vt 0.219604492 0.922363281
vt 0.220336914 0.912597656
vt 0.220336914 0.926269531
vt 0.224365234 0.909179688
vt 0.222900391 0.925292969
vt 0.221801758 0.908203125
vt 0.221801758 0.930664062
vt 0.226196289 0.905761719
vt 0.224365234 0.929199219
vt 0.223876953 0.904296875
vt 0.223999023 0.934570312
vt 0.228515625 0.902832031
vt 0.226318359 0.932617188
vt 0.2265625 0.900878906
vt 0.226928711 0.937988281
vt 0.231323242 0.900390625
vt 0.228881836 0.936035156
vt 0.229736328 0.897949219
vt 0.230224609 0.940917969
vt 0.234619141 0.897949219
vt 0.231933594 0.938476562
vt 0.233276367 0.895507812
vt 0.234130859 0.943359375
vt 0.238037109 0.896484375
vt 0.235351562 0.940429688
vt 0.237182617 0.894042969
vt 0.23828125 0.944824219
vt 0.241821289 0.895507812
vt 0.239013672 0.941894531
vt 0.241333008 0.892578125
vt 0.245605469 0.895019531
vt 0.245605469 0.892578125
vt 0.249389648 0.895507812
vt 0.24987793 0.893066406
vt 0.252929688 0.896484375
vt 0.25390625 0.894042969
vt 0.256347656 0.897949219
vt 0.2578125 0.895996094
vt 0.259521484 0.900390625
vt 0.261230469 0.897949219
vt 0.262207031 0.902832031
vt 0.264404297 0.901367188
vt 0.264648438 0.90625
vt 0.266845703 0.904785156
vt 0.266357422 0.909667969
vt 0.268798828 0.908691406
vt 0.267333984 0.913085938
vt 0.270019531 0.912597656
vt 0.267822266 0.916992188
vt 0.270507812 0.916992188
vt 0.267822266 0.920898438
vt 0.270507812 0.920898438
vt 0.267333984 0.924804688
vt 0.270019531 0.925292969
vt 0.265625 0.930175781
vt 0.268066406 0.931152344
vt 0.266357422 0.934570312
vt 0.263916016 0.93359375
vt 0.263183594 0.938476562
vt 0.261230469 0.936523438
vt 0.259521484 0.94140625
vt 0.2578125 0.939453125
vt 0.255615234 0.943847656
vt 0.254638672 0.940917969
vt 0.250976562 0.942382812
vt 0.250976562 0.9453125
vt 0.246582031 0.942871094
vt 0.247070312 0.945800781
vt 0.242675781 0.945800781
vt 0.243041992 0.942871094
vt 0.3359375 0.909179688
vt 0.334716797 0.908691406
vt 0.333984375 0.910644531
vt 0.334472656 0.911132812
vt 0.324462891 0.911132812
vt 0.323730469 0.908691406
vt 0.322265625 0.908203125
vt 0.337402344 0.911621094
vt 0.323486328 0.911621094
vt 0.320556641 0.910644531
vt 0.321777344 0.915039062
vt 0.318603516 0.9140625
vt 0.321533203 0.929199219
vt 0.320556641 0.918945312
vt 0.317626953 0.918457031
vt 0.3203125 0.921386719
vt 0.317138672 0.921386719
vt 0.320556641 0.925292969
vt 0.317382812 0.925292969
vt 0.318359375 0.930175781
vt 0.323242188 0.932617188
vt 0.320556641 0.934082031
vt 0.322509766 0.937011719
vt 0.326171875 0.936523438
vt 0.324951172 0.939453125
vt 0.329345703 0.938964844
vt 0.333007812 0.940429688
vt 0.328125 0.941894531
vt 0.33203125 0.943847656
vt 0.333496094 0.943847656
vt 0.334960938 0.941894531
vt 0.335693359 0.94140625
vt 0.335449219 0.94140625
vt 0.336914062 0.941894531
vt 0.334960938 0.912597656
vt 0.335693359 0.913574219
vt 0.338134766 0.912597656
vt 0.337158203 0.914550781
vt 0.339111328 0.913085938
vt 0.338623047 0.915527344
vt 0.342041016 0.913574219
vt 0.337158203 0.94140625
vt 0.341308594 0.916015625
vt 0.343505859 0.916992188
vt 0.344238281 0.914550781
vt 0.345703125 0.915527344
vt 0.337890625 0.942382812
vt 0.342285156 0.931152344
vt 0.342529297 0.928710938
vt 0.337646484 0.942871094
vt 0.343261719 0.927246094
vt 0.338378906 0.943359375
vt 0.338134766 0.943359375
vt 0.338378906 0.944335938
vt 0.341796875 0.943847656
vt 0.346435547 0.942382812
vt 0.347167969 0.942382812
vt 0.348144531 0.94140625
vt 0.348388672 0.940429688
vt 0.344970703 0.931152344
vt 0.344970703 0.9296875
vt 0.345458984 0.928710938
vt 0.347167969 0.926269531
vt 0.345458984 0.924316406
vt 0.347900391 0.924316406
vt 0.348388672 0.921875
vt 0.345947266 0.921875
vt 0.347900391 0.919433594
vt 0.345214844 0.918945312
vt 0.346923828 0.916992188
f 3/3 2/2 1/1
f 1/1 2/2 4/4
f 4/4 5/5 1/1
f 5/5 6/6 1/1
f 2/2 7/7 4/4
f 6/6 5/5 8/8
f 7/7 9/9 4/4
f 9/9 5/5 4/4
f 10/10 9/9 7/7
f 11/11 9/9 10/10
f 12/12 11/11 10/10
f 13/13 11/11 12/12
f 14/14 13/13 12/12
f 15/15 13/13 14/14
f 16/16 15/15 14/14
f 17/17 11/11 13/13
f 13/13 15/15 17/17
f 18/18 15/15 16/16
f 16/16 19/19 18/18
f 18/18 19/19 20/20
f 19/19 21/21 20/20
f 11/11 22/22 9/9
f 23/23 5/5 9/9
f 22/22 23/23 9/9
f 22/22 11/11 24/24
f 24/24 11/11 17/17
f 24/24 17/17 25/25
f 26/26 23/23 22/22
f 5/5 23/23 26/26
f 22/22 24/24 26/26
f 17/17 15/15 27/27
f 17/17 27/27 25/25
f 15/15 18/18 28/28
f 15/15 28/28 27/27
f 18/18 20/20 29/29
f 28/28 18/18 29/29
f 27/27 28/28 30/30
f 25/25 27/27 30/30
f 31/31 5/5 26/26
f 8/8 5/5 31/31
f 31/31 32/32 8/8
f 26/26 32/32 31/31
f 32/32 33/33 8/8
f 28/28 29/29 34/34
f 30/30 28/28 34/34
f 35/35 32/32 26/26
f 32/32 35/35 36/36
f 26/26 24/24 35/35
f 33/33 32/32 37/37
f 37/37 32/32 36/36
f 37/37 38/38 33/33
f 24/24 39/39 35/35
f 35/35 39/39 36/36
f 25/25 39/39 24/24
f 40/40 38/38 37/37
f 36/36 40/40 37/37
f 38/38 40/40 41/41
f 42/42 38/38 41/41
f 43/43 40/40 36/36
f 40/40 43/43 41/41
f 41/41 43/43 44/44
f 45/45 43/43 36/36
f 43/43 45/45 44/44
f 36/36 39/39 46/46
f 46/46 45/45 36/36
f 46/46 39/39 47/47
f 39/39 25/25 47/47
f 48/48 45/45 46/46
f 45/45 48/48 44/44
f 47/47 48/48 46/46
f 49/49 42/42 41/41
f 50/50 42/42 49/49
f 51/51 50/50 49/49
f 52/52 50/50 51/51
f 53/53 52/52 51/51
f 54/54 51/51 49/49
f 49/49 41/41 54/54
f 51/51 54/54 55/55
f 54/54 41/41 56/56
f 54/54 56/56 55/55
f 41/41 44/44 56/56
f 55/55 56/56 57/57
f 57/57 56/56 58/58
f 59/59 57/57 58/58
f 56/56 44/44 60/60
f 58/58 56/56 60/60
f 44/44 61/61 60/60
f 60/60 61/61 58/58
f 44/44 62/62 61/61
f 44/44 48/48 62/62
f 48/48 63/63 62/62
f 63/63 48/48 47/47
f 64/64 63/63 47/47
f 47/47 25/25 64/64
f 63/63 65/65 62/62
f 65/65 63/63 64/64
f 66/66 62/62 65/65
f 61/61 62/62 67/67
f 67/67 62/62 66/66
f 25/25 68/68 64/64
f 30/30 68/68 25/25
f 69/69 65/65 64/64
f 64/64 68/68 69/69
f 70/70 61/61 67/67
f 61/61 70/70 58/58
f 71/71 68/68 30/30
f 30/30 34/34 71/71
f 72/72 65/65 69/69
f 72/72 66/66 65/65
f 66/66 72/72 73/73
f 69/69 68/68 74/74
f 74/74 72/72 69/69
f 68/68 71/71 74/74
f 75/75 72/72 74/74
f 73/73 72/72 75/75
f 76/76 75/75 74/74
f 74/74 71/71 76/76
f 71/71 34/34 77/77
f 34/34 29/29 77/77
f 73/73 75/75 78/78
f 78/78 75/75 76/76
f 73/73 78/78 79/79
f 79/79 78/78 80/80
f 80/80 78/78 76/76
f 71/71 81/81 76/76
f 81/81 80/80 76/76
f 77/77 81/81 71/71
f 29/29 82/82 77/77
f 29/29 20/20 82/82
f 83/83 80/80 81/81
f 79/79 80/80 83/83
f 77/77 84/84 81/81
f 84/84 83/83 81/81
f 77/77 82/82 84/84
f 20/20 85/85 82/82
f 21/21 85/85 20/20
f 79/79 83/83 86/86
f 86/86 83/83 84/84
f 82/82 87/87 84/84
f 82/82 85/85 87/87
f 85/85 21/21 88/88
f 21/21 89/89 88/88
f 88/88 90/90 85/85
f 90/90 87/87 85/85
f 90/90 91/91 87/87
f 84/84 87/87 92/92
f 92/92 86/86 84/84
f 91/91 92/92 87/87
f 88/88 89/89 93/93
f 90/90 88/88 93/93
f 90/90 93/93 91/91
f 94/94 93/93 89/89
f 95/95 93/93 94/94
f 93/93 95/95 91/91
f 95/95 94/94 96/96
f 94/94 97/97 96/96
f 91/91 95/95 98/98
f 96/96 98/98 95/95
f 98/98 99/99 91/91
f 91/91 100/100 92/92
f 99/99 100/100 91/91
f 86/86 92/92 101/101
f 92/92 100/100 101/101
f 86/86 101/101 102/102
f 79/79 86/86 102/102
f 103/103 101/101 100/100
f 99/99 103/103 100/100
f 101/101 103/103 102/102
f 96/96 104/104 98/98
f 104/104 99/99 98/98
f 96/96 97/97 105/105
f 106/106 104/104 96/96
f 105/105 106/106 96/96
f 97/97 107/107 105/105
f 108/108 107/107 97/97
f 109/109 106/106 105/105
f 107/107 109/109 105/105
f 110/110 107/107 108/108
f 111/111 110/110 108/108
f 112/112 109/109 107/107
f 110/110 112/112 107/107
f 113/113 110/110 111/111
f 114/114 113/113 111/111
f 110/110 115/115 112/112
f 113/113 115/115 110/110
f 116/116 113/113 114/114
f 117/117 116/116 114/114
f 118/118 116/116 117/117
f 117/117 119/119 118/118
f 109/109 120/120 106/106
f 112/112 121/121 109/109
f 121/121 120/120 109/109
f 122/122 121/121 112/112
f 115/115 122/122 112/112
f 120/120 123/123 106/106
f 106/106 123/123 104/104
f 120/120 121/121 124/124
f 122/122 124/124 121/121
f 123/123 125/125 104/104
f 104/104 125/125 99/99
f 99/99 125/125 126/126
f 126/126 125/125 123/123
f 127/127 123/123 120/120
f 127/127 120/120 124/124
f 127/127 128/128 123/123
f 128/128 126/126 123/123
f 126/126 129/129 99/99
f 129/129 103/103 99/99
f 127/127 124/124 130/130
f 128/128 127/127 130/130
f 130/130 124/124 131/131
f 124/124 122/122 132/132
f 124/124 132/132 131/131
f 103/103 129/129 133/133
f 102/102 103/103 133/133
f 132/132 122/122 134/134
f 122/122 115/115 134/134
f 134/134 115/115 135/135
f 136/136 134/134 135/135
f 115/115 113/113 135/135
f 113/113 137/137 135/135
f 136/136 135/135 137/137
f 116/116 137/137 113/113
f 116/116 138/138 137/137
f 138/138 136/136 137/137
f 116/116 118/118 138/138
f 138/138 118/118 139/139
f 118/118 119/119 139/139
f 140/140 136/136 138/138
f 138/138 139/139 140/140
f 139/139 119/119 141/141
f 142/142 141/141 119/119
f 139/139 143/143 140/140
f 139/139 141/141 143/143
f 144/144 141/141 142/142
f 145/145 144/144 142/142
f 140/140 146/146 136/136
f 140/140 143/143 146/146
f 143/143 141/141 147/147
f 147/147 141/141 144/144
f 146/146 143/143 148/148
f 143/143 147/147 148/148
f 149/149 148/148 147/147
f 147/147 144/144 150/150
f 150/150 149/149 147/147
f 151/151 144/144 145/145
f 150/150 144/144 151/151
f 152/152 151/151 145/145
f 153/153 152/152 145/145
f 154/154 152/152 153/153
f 155/155 146/146 148/148
f 149/149 155/155 148/148
f 156/156 152/152 154/154
f 157/157 156/156 154/154
f 157/157 158/158 156/156
f 159/159 158/158 157/157
f 160/160 158/158 159/159
f 161/161 160/160 159/159
f 150/150 151/151 162/162
f 162/162 163/163 150/150
f 163/163 149/149 150/150
f 162/162 151/151 164/164
f 151/151 152/152 164/164
f 164/164 163/163 162/162
f 165/165 156/156 158/158
f 152/152 156/156 166/166
f 166/166 156/156 165/165
f 167/167 160/160 161/161
f 168/168 167/167 161/161
f 169/169 168/168 161/161
f 168/168 169/169 170/170
f 171/171 149/149 163/163
f 172/172 163/163 164/164
f 171/171 163/163 172/172
f 164/164 152/152 173/173
f 174/174 152/152 166/166
f 173/173 152/152 174/174
f 164/164 173/173 175/175
f 175/175 172/172 164/164
f 172/172 175/175 176/176
f 175/175 177/177 176/176
f 173/173 174/174 178/178
f 173/173 178/178 175/175
f 174/174 166/166 178/178
f 177/177 175/175 178/178
f 178/178 166/166 179/179
f 179/179 177/177 178/178
f 180/180 177/177 179/179
f 166/166 165/165 179/179
f 179/179 165/165 180/180
f 172/172 181/181 171/171
f 176/176 181/181 172/172
f 165/165 182/182 180/180
f 165/165 158/158 182/182
f 182/182 158/158 183/183
f 182/182 183/183 180/180
f 158/158 160/160 183/183
f 183/183 160/160 184/184
f 180/180 183/183 185/185
f 183/183 184/184 185/185
f 184/184 160/160 186/186
f 160/160 167/167 186/186
f 185/185 184/184 187/187
f 184/184 186/186 187/187
f 186/186 167/167 188/188
f 188/188 167/167 168/168
f 185/185 189/189 180/180
f 187/187 190/190 185/185
f 190/190 189/189 185/185
f 189/189 191/191 180/180
f 191/191 189/189 192/192
f 191/191 177/177 180/180
f 177/177 191/191 192/192
f 189/189 190/190 193/193
f 192/192 189/189 193/193
f 194/194 177/177 192/192
f 176/176 177/177 194/194
f 186/186 188/188 195/195
f 187/187 186/186 196/196
f 186/186 195/195 196/196
f 197/197 190/190 187/187
f 187/187 196/196 197/197
f 193/193 190/190 198/198
f 198/198 190/190 197/197
f 195/195 188/188 199/199
f 188/188 168/168 199/199
f 197/197 196/196 200/200
f 196/196 195/195 201/201
f 196/196 201/201 200/200
f 202/202 195/195 199/199
f 201/201 195/195 202/202
f 199/199 168/168 203/203
f 202/202 199/199 203/203
f 204/204 202/202 203/203
f 202/202 205/205 201/201
f 205/205 200/200 201/201
f 204/204 205/205 202/202
f 168/168 206/206 203/203
f 170/170 206/206 168/168
f 203/203 206/206 207/207
f 207/207 206/206 170/170
f 204/204 203/203 207/207
f 208/208 207/207 170/170
f 209/209 207/207 208/208
f 209/209 204/204 207/207
f 210/210 209/209 208/208
f 211/211 209/209 210/210
f 212/212 211/211 210/210
f 213/213 211/211 212/212
f 214/214 213/213 212/212
f 215/215 213/213 214/214
f 216/216 215/215 214/214
f 211/211 213/213 217/217
f 213/213 215/215 217/217
f 209/209 211/211 218/218
f 204/204 209/209 219/219
f 219/219 209/209 218/218
f 219/219 220/220 204/204
f 218/218 220/220 219/219
f 218/218 211/211 221/221
f 221/221 211/211 217/217
f 221/221 222/222 218/218
f 222/222 220/220 218/218
f 220/220 223/223 204/204
f 223/223 205/205 204/204
f 224/224 223/223 220/220
f 222/222 224/224 220/220
f 225/225 222/222 221/221
f 217/217 225/225 221/221
f 226/226 205/205 223/223
f 224/224 226/226 223/223
f 227/227 224/224 222/222
f 225/225 227/227 222/222
f 226/226 228/228 205/205
f 229/229 228/228 226/226
f 228/228 200/200 205/205
f 228/228 229/229 200/200
f 230/230 226/226 224/224
f 227/227 230/230 224/224
f 231/231 200/200 229/229
f 197/197 200/200 231/231
f 231/231 198/198 197/197
f 232/232 226/226 230/230
f 232/232 229/229 226/226
f 231/231 233/233 198/198
f 229/229 234/234 231/231
f 231/231 234/234 233/233
f 198/198 233/233 235/235
f 233/233 236/236 235/235
f 193/193 198/198 235/235
f 235/235 237/237 193/193
f 235/235 236/236 237/237
f 193/193 237/237 192/192
f 238/238 192/192 237/237
f 236/236 238/238 237/237
f 239/239 233/233 234/234
f 233/233 239/239 236/236
f 240/240 192/192 238/238
f 192/192 240/240 194/194
f 240/240 241/241 194/194
f 194/194 241/241 176/176
f 242/242 240/240 238/238
f 241/241 240/240 242/242
f 176/176 241/241 243/243
f 243/243 241/241 242/242
f 244/244 242/242 238/238
f 236/236 244/244 238/238
f 245/245 176/176 243/243
f 181/181 176/176 245/245
f 242/242 246/246 243/243
f 244/244 246/246 242/242
f 246/246 245/245 243/243
f 245/245 246/246 247/247
f 236/236 248/248 244/244
f 248/248 246/246 244/244
f 249/249 181/181 245/245
f 249/249 245/245 247/247
f 250/250 248/248 236/236
f 239/239 250/250 236/236
f 251/251 246/246 248/248
f 247/247 246/246 251/251
f 252/252 181/181 249/249
f 181/181 252/252 171/171
f 252/252 253/253 171/171
f 171/171 253/253 149/149
f 254/254 252/252 249/249
f 253/253 252/252 254/254
f 250/250 255/255 248/248
f 255/255 251/251 248/248
f 256/256 249/249 247/247
f 254/254 249/249 256/256
f 253/253 257/257 149/149
f 149/149 257/257 155/155
f 258/258 257/257 253/253
f 259/259 155/155 257/257
f 259/259 257/257 258/258
f 260/260 253/253 254/254
f 258/258 253/253 260/260
f 254/254 261/261 260/260
f 261/261 258/258 260/260
f 262/262 254/254 256/256
f 261/261 254/254 262/262
f 261/261 263/263 258/258
f 263/263 261/261 262/262
f 256/256 264/264 262/262
f 247/247 264/264 256/256
f 262/262 264/264 265/265
f 263/263 262/262 265/265
f 258/258 263/263 266/266
f 258/258 266/266 259/259
f 259/259 266/266 267/267
f 268/268 155/155 259/259
f 268/268 259/259 267/267
f 146/146 155/155 268/268
f 266/266 263/263 269/269
f 269/269 263/263 265/265
f 267/267 266/266 269/269
f 264/264 247/247 270/270
f 265/265 264/264 270/270
f 271/271 146/146 268/268
f 136/136 146/146 271/271
f 272/272 269/269 265/265
f 269/269 272/272 267/267
f 270/270 247/247 273/273
f 273/273 247/247 251/251
f 273/273 251/251 274/274
f 251/251 255/255 274/274
f 268/268 267/267 275/275
f 271/271 268/268 275/275
f 276/276 136/136 271/271
f 134/134 136/136 276/276
f 277/277 271/271 275/275
f 276/276 271/271 277/277
f 278/278 134/134 276/276
f 278/278 276/276 277/277
f 132/132 134/134 278/278
f 132/132 278/278 279/279
f 279/279 278/278 277/277
f 131/131 132/132 279/279
f 267/267 280/280 275/275
f 277/277 275/275 280/280
f 279/279 277/277 281/281
f 281/281 277/277 280/280
f 267/267 282/282 280/280
f 267/267 272/272 282/282
f 283/283 279/279 281/281
f 131/131 279/279 283/283
f 280/280 284/284 281/281
f 282/282 284/284 280/280
f 284/284 283/283 281/281
f 282/282 285/285 284/284
f 272/272 285/285 282/282
f 284/284 286/286 283/283
f 285/285 286/286 284/284
f 272/272 287/287 285/285
f 285/285 288/288 286/286
f 287/287 288/288 285/285
f 286/286 288/288 289/289
f 290/290 288/288 287/287
f 272/272 291/291 287/287
f 291/291 272/272 265/265
f 270/270 291/291 265/265
f 286/286 289/289 292/292
f 293/293 292/292 289/289
f 286/286 294/294 283/283
f 286/286 292/292 294/294
f 290/290 287/287 295/295
f 287/287 291/291 295/295
f 291/291 270/270 296/296
f 291/291 296/296 295/295
f 283/283 294/294 297/297
f 297/297 131/131 283/283
f 294/294 292/292 298/298
f 294/294 298/298 297/297
f 299/299 292/292 293/293
f 292/292 299/299 298/298
f 295/295 300/300 290/290
f 290/290 300/300 301/301
f 296/296 270/270 302/302
f 270/270 273/273 302/302
f 273/273 274/274 302/302
f 303/303 295/295 296/296
f 303/303 300/300 295/295
f 302/302 303/303 296/296
f 304/304 299/299 293/293
f 293/293 305/305 304/304
f 299/299 306/306 298/298
f 304/304 306/306 299/299
f 305/305 307/307 304/304
f 305/305 308/308 307/307
f 302/302 274/274 309/309
f 310/310 303/303 302/302
f 309/309 310/310 302/302
f 311/311 300/300 303/303
f 310/310 311/311 303/303
f 274/274 312/312 309/309
f 274/274 255/255 312/312
f 313/313 310/310 309/309
f 313/313 311/311 310/310
f 300/300 311/311 314/314
f 301/301 300/300 314/314
f 255/255 315/315 312/312
f 315/315 255/255 250/250
f 309/309 312/312 316/316
f 309/309 316/316 313/313
f 317/317 311/311 313/313
f 314/314 311/311 317/317
f 301/301 314/314 318/318
f 318/318 319/319 301/301
f 318/318 314/314 320/320
f 320/320 319/319 318/318
f 314/314 317/317 320/320
f 321/321 317/317 313/313
f 313/313 316/316 321/321
f 322/322 319/319 320/320
f 322/322 323/323 319/319
f 320/320 317/317 324/324
f 317/317 321/321 324/324
f 322/322 320/320 324/324
f 325/325 323/323 322/322
f 325/325 326/326 323/323
f 327/327 326/326 325/325
f 328/328 322/322 324/324
f 328/328 325/325 322/322
f 321/321 329/329 324/324
f 329/329 328/328 324/324
f 330/330 329/329 321/321
f 329/329 330/330 328/328
f 321/321 316/316 330/330
f 316/316 331/331 330/330
f 328/328 332/332 325/325
f 332/332 327/327 325/325
f 330/330 332/332 328/328
f 331/331 316/316 333/333
f 312/312 333/333 316/316
f 312/312 315/315 333/333
f 334/334 327/327 332/332
f 335/335 334/334 332/332
f 327/327 334/334 336/336
f 332/332 330/330 337/337
f 330/330 331/331 337/337
f 332/332 337/337 335/335
f 337/337 331/331 338/338
f 335/335 337/337 338/338
f 339/339 336/336 334/334
f 340/340 336/336 339/339
f 341/341 336/336 340/340
f 342/342 341/341 340/340
f 343/343 341/341 342/342
f 344/344 343/343 342/342
f 345/345 343/343 344/344
f 346/346 345/345 344/344
f 347/347 345/345 346/346
f 348/348 347/347 346/346
f 349/349 347/347 348/348
f 350/350 349/349 348/348
f 351/351 349/349 350/350
f 352/352 351/351 350/350
f 353/353 351/351 352/352
f 354/354 353/353 352/352
f 355/355 353/353 354/354
f 356/356 355/355 354/354
f 357/357 355/355 356/356
f 358/358 357/357 356/356
f 359/359 358/358 356/356
f 360/360 358/358 359/359
f 361/361 360/360 359/359
f 361/361 362/362 360/360
f 362/362 363/363 360/360
f 364/364 363/363 362/362
f 365/365 362/362 361/361
f 366/366 365/365 361/361
f 367/367 365/365 366/366
f 365/365 367/367 368/368
f 367/367 369/369 368/368
f 362/362 365/365 370/370
f 364/364 362/362 370/370
f 370/370 365/365 368/368
f 371/371 364/364 370/370
f 371/371 370/370 368/368
f 372/372 364/364 371/371
f 373/373 372/372 371/371
f 371/371 374/374 373/373
f 374/374 375/375 373/373
f 376/376 375/375 374/374
f 374/374 371/371 377/377
f 377/377 371/371 368/368
f 374/374 378/378 376/376
f 378/378 374/374 377/377
f 368/368 369/369 379/379
f 380/380 379/379 369/369
f 380/380 381/381 379/379
f 380/380 382/382 381/381
f 368/368 379/379 383/383
f 383/383 379/379 381/381
f 382/382 384/384 381/381
f 385/385 384/384 382/382
f 383/383 386/386 368/368
f 377/377 368/368 386/386
f 381/381 387/387 383/383
f 381/381 384/384 387/387
f 387/387 386/386 383/383
f 388/388 384/384 385/385
f 384/384 388/388 387/387
f 389/389 388/388 385/385
f 386/386 390/390 377/377
f 390/390 386/386 387/387
f 391/391 378/378 377/377
f 377/377 390/390 391/391
f 392/392 378/378 391/391
f 393/393 390/390 387/387
f 387/387 388/388 393/393
f 391/391 390/390 394/394
f 394/394 392/392 391/391
f 394/394 390/390 393/393
f 395/395 388/388 389/389
f 396/396 395/395 389/389
f 397/397 388/388 395/395
f 388/388 397/397 393/393
f 398/398 395/395 396/396
f 398/398 397/397 395/395
f 396/396 399/399 398/398
f 400/400 394/394 393/393
f 400/400 392/392 394/394
f 393/393 397/397 401/401
f 401/401 400/400 393/393
f 398/398 399/399 402/402
f 399/399 403/403 402/402
f 404/404 397/397 398/398
f 397/397 404/404 401/401
f 402/402 404/404 398/398
f 405/405 400/400 401/401
f 400/400 405/405 392/392
f 402/402 403/403 406/406
f 403/403 59/59 406/406
f 401/401 404/404 407/407
f 407/407 405/405 401/401
f 408/408 402/402 406/406
f 406/406 59/59 409/409
f 406/406 409/409 408/408
f 410/410 404/404 402/402
f 402/402 408/408 410/410
f 404/404 411/411 407/407
f 411/411 404/404 410/410
f 408/408 412/412 410/410
f 409/409 412/412 408/408
f 409/409 59/59 413/413
f 413/413 59/59 58/58
f 412/412 414/414 410/410
f 410/410 414/414 411/411
f 409/409 415/415 412/412
f 415/415 409/409 413/413
f 412/412 415/415 414/414
f 58/58 416/416 413/413
f 416/416 415/415 413/413
f 70/70 416/416 58/58
f 415/415 416/416 417/417
f 414/414 415/415 417/417
f 416/416 70/70 418/418
f 417/417 416/416 418/418
f 418/418 70/70 419/419
f 70/70 67/67 419/419
f 419/419 67/67 66/66
f 418/418 420/420 417/417
f 419/419 420/420 418/418
f 414/414 417/417 421/421
f 417/417 420/420 421/421
f 421/421 420/420 422/422
f 66/66 423/423 419/419
f 423/423 420/420 419/419
f 423/423 66/66 424/424
f 420/420 423/423 424/424
f 420/420 424/424 422/422
f 424/424 66/66 73/73
f 414/414 421/421 425/425
f 411/411 414/414 425/425
f 424/424 73/73 426/426
f 422/422 424/424 426/426
f 426/426 73/73 427/427
f 422/422 426/426 427/427
f 427/427 73/73 79/79
f 427/427 79/79 428/428
f 422/422 427/427 428/428
f 421/421 422/422 429/429
f 425/425 421/421 429/429
f 411/411 425/425 430/430
f 407/407 411/411 430/430
f 428/428 79/79 431/431
f 431/431 79/79 102/102
f 422/422 428/428 432/432
f 429/429 422/422 432/432
f 425/425 429/429 433/433
f 430/430 425/425 433/433
f 430/430 434/434 407/407
f 434/434 405/405 407/407
f 435/435 431/431 102/102
f 133/133 435/435 102/102
f 428/428 431/431 436/436
f 432/432 428/428 436/436
f 435/435 436/436 431/431
f 429/429 432/432 437/437
f 433/433 429/429 437/437
f 436/436 438/438 432/432
f 438/438 436/436 435/435
f 432/432 438/438 437/437
f 433/433 439/439 430/430
f 439/439 434/434 430/430
f 435/435 133/133 440/440
f 438/438 435/435 440/440
f 441/441 439/439 433/433
f 437/437 441/441 433/433
f 434/434 439/439 442/442
f 442/442 439/439 441/441
f 440/440 133/133 443/443
f 133/133 129/129 443/443
f 438/438 440/440 444/444
f 437/437 438/438 444/444
f 444/444 440/440 443/443
f 445/445 441/441 437/437
f 444/444 445/445 437/437
f 443/443 129/129 446/446
f 129/129 126/126 446/446
f 447/447 444/444 443/443
f 443/443 446/446 447/447
f 448/448 434/434 442/442
f 405/405 434/434 448/448
f 449/449 442/442 441/441
f 445/445 449/449 441/441
f 450/450 405/405 448/448
f 405/405 450/450 392/392
f 448/448 442/442 451/451
f 449/449 451/451 442/442
f 450/450 448/448 451/451
f 452/452 451/451 449/449
f 445/445 452/452 449/449
f 453/453 445/445 444/444
f 447/447 453/453 444/444
f 454/454 450/450 451/451
f 451/451 452/452 454/454
f 455/455 452/452 445/445
f 453/453 455/455 445/445
f 452/452 456/456 454/454
f 455/455 456/456 452/452
f 450/450 457/457 392/392
f 458/458 450/450 454/454
f 458/458 457/457 450/450
f 459/459 458/458 454/454
f 457/457 458/458 459/459
f 459/459 454/454 460/460
f 460/460 454/454 456/456
f 457/457 461/461 392/392
f 461/461 378/378 392/392
f 462/462 457/457 459/459
f 462/462 459/459 460/460
f 461/461 463/463 378/378
f 378/378 463/463 376/376
f 463/463 464/464 376/376
f 463/463 461/461 464/464
f 461/461 465/465 464/464
f 466/466 461/461 457/457
f 466/466 465/465 461/461
f 462/462 466/466 457/457
f 465/465 466/466 467/467
f 467/467 466/466 462/462
f 468/468 467/467 462/462
f 469/469 468/468 462/462
f 469/469 462/462 460/460
f 308/308 468/468 469/469
f 470/470 469/469 460/460
f 456/456 470/470 460/460
f 471/471 308/308 469/469
f 471/471 469/469 470/470
f 308/308 471/471 307/307
f 307/307 471/471 470/470
f 307/307 470/470 472/472
f 472/472 470/470 456/456
f 304/304 307/307 472/472
f 456/456 473/473 472/472
f 456/456 455/455 473/473
f 472/472 474/474 304/304
f 473/473 474/474 472/472
f 474/474 306/306 304/304
f 473/473 455/455 475/475
f 473/473 475/475 474/474
f 475/475 455/455 453/453
f 306/306 474/474 476/476
f 476/476 474/474 475/475
f 298/298 306/306 476/476
f 475/475 453/453 477/477
f 477/477 453/453 447/447
f 478/478 475/475 477/477
f 478/478 477/477 447/447
f 476/476 475/475 478/478
f 447/447 446/446 478/478
f 479/479 298/298 476/476
f 297/297 298/298 479/479
f 297/297 479/479 131/131
f 476/476 480/480 479/479
f 479/479 480/480 131/131
f 478/478 480/480 476/476
f 131/131 480/480 130/130
f 478/478 481/481 480/480
f 480/480 481/481 130/130
f 446/446 481/481 478/478
f 130/130 481/481 128/128
f 446/446 482/482 481/481
f 128/128 481/481 482/482
f 446/446 126/126 482/482
f 126/126 128/128 482/482
f 485/485 484/484 483/483
f 486/486 484/484 485/485
f 486/486 487/487 484/484
f 488/488 484/484 487/487
f 489/489 484/484 488/488
f 490/490 484/484 489/489
f 491/491 484/484 490/490
f 492/492 484/484 491/491
f 493/493 484/484 492/492
f 494/494 484/484 493/493
f 495/495 484/484 494/494
f 496/496 484/484 495/495
f 497/497 484/484 496/496
f 498/498 484/484 497/497
f 499/499 484/484 498/498
f 499/499 500/500 484/484
f 484/484 500/500 501/501
f 502/502 484/484 501/501
f 503/503 484/484 502/502
f 504/504 484/484 503/503
f 505/505 484/484 504/504
f 506/506 484/484 505/505
f 506/506 507/507 484/484
f 484/484 507/507 508/508
f 508/508 509/509 484/484
f 509/509 510/510 484/484
f 511/511 484/484 510/510
f 512/512 484/484 511/511
f 484/484 512/512 513/513
f 513/513 514/514 484/484
f 517/517 516/516 515/515
f 516/516 518/518 515/515
f 515/515 518/518 519/519
f 519/519 518/518 520/520
f 518/518 521/521 520/520
f 516/516 521/521 518/518
f 522/522 521/521 516/516
f 515/515 519/519 523/523
f 521/521 522/522 524/524
f 519/519 525/525 523/523
f 525/525 519/519 520/520
f 526/526 521/521 524/524
f 527/527 526/526 524/524
f 525/525 528/528 523/523
f 528/528 529/529 523/523
f 525/525 530/530 528/528
f 520/520 530/530 525/525
f 529/529 528/528 531/531
f 530/530 531/531 528/528
f 529/529 531/531 532/532
f 520/520 521/521 533/533
f 533/533 521/521 526/526
f 534/534 533/533 526/526
f 520/520 533/533 534/534
f 526/526 527/527 535/535
f 534/534 526/526 535/535
f 532/532 531/531 536/536
f 537/537 532/532 536/536
f 535/535 527/527 538/538
f 538/538 527/527 539/539
f 540/540 537/537 536/536
f 540/540 541/541 537/537
f 541/541 540/540 542/542
f 541/541 542/542 543/543
f 542/542 544/544 543/543
f 545/545 544/544 542/542
f 540/540 536/536 546/546
f 546/546 542/542 540/540
f 542/542 547/547 545/545
f 547/547 542/542 546/546
f 548/548 547/547 546/546
f 545/545 547/547 216/216
f 547/547 549/549 216/216
f 549/549 547/547 548/548
f 549/549 215/215 216/216
f 215/215 549/549 548/548
f 546/546 536/536 550/550
f 536/536 531/531 550/550
f 546/546 550/550 551/551
f 548/548 546/546 551/551
f 550/550 531/531 552/552
f 550/550 552/552 551/551
f 552/552 531/531 530/530
f 553/553 215/215 548/548
f 217/217 215/215 553/553
f 551/551 554/554 548/548
f 552/552 554/554 551/551
f 555/555 552/552 530/530
f 520/520 555/555 530/530
f 554/554 556/556 548/548
f 556/556 553/553 548/548
f 557/557 554/554 552/552
f 555/555 557/557 552/552
f 556/556 554/554 557/557
f 553/553 558/558 217/217
f 558/558 225/225 217/217
f 559/559 556/556 557/557
f 559/559 557/557 555/555
f 556/556 560/560 553/553
f 560/560 558/558 553/553
f 560/560 556/556 559/559
f 520/520 561/561 555/555
f 561/561 520/520 534/534
f 558/558 560/560 562/562
f 562/562 560/560 559/559
f 563/563 559/559 555/555
f 561/561 563/563 555/555
f 559/559 563/563 562/562
f 558/558 564/564 225/225
f 564/564 558/558 562/562
f 562/562 565/565 564/564
f 564/564 566/566 225/225
f 564/564 565/565 566/566
f 565/565 567/567 566/566
f 566/566 227/227 225/225
f 562/562 563/563 568/568
f 568/568 565/565 562/562
f 569/569 568/568 563/563
f 561/561 569/569 563/563
f 568/568 569/569 565/565
f 569/569 561/561 570/570
f 569/569 570/570 565/565
f 561/561 534/534 570/570
f 566/566 571/571 227/227
f 566/566 567/567 571/571
f 571/571 572/572 227/227
f 571/571 567/567 572/572
f 572/572 230/230 227/227
f 572/572 573/573 230/230
f 567/567 573/573 572/572
f 230/230 573/573 232/232
f 565/565 570/570 574/574
f 565/565 574/574 567/567
f 573/573 575/575 232/232
f 232/232 575/575 229/229
f 229/229 575/575 576/576
f 229/229 576/576 234/234
f 576/576 577/577 234/234
f 575/575 577/577 576/576
f 577/577 239/239 234/234
f 578/578 575/575 573/573
f 578/578 577/577 575/575
f 579/579 573/573 567/567
f 578/578 573/573 579/579
f 580/580 579/579 567/567
f 574/574 580/580 567/567
f 580/580 581/581 579/579
f 579/579 581/581 578/578
f 574/574 582/582 580/580
f 582/582 581/581 580/580
f 574/574 583/583 582/582
f 570/570 583/583 574/574
f 583/583 584/584 582/582
f 582/582 584/584 581/581
f 585/585 583/583 570/570
f 584/584 583/583 585/585
f 570/570 534/534 585/585
f 585/585 534/534 586/586
f 586/586 584/584 585/585
f 534/534 535/535 586/586
f 535/535 587/587 586/586
f 535/535 538/538 587/587
f 588/588 584/584 586/586
f 586/586 587/587 588/588
f 589/589 584/584 588/588
f 584/584 589/589 581/581
f 588/588 587/587 589/589
f 581/581 589/589 590/590
f 581/581 590/590 578/578
f 590/590 591/591 578/578
f 578/578 591/591 577/577
f 591/591 592/592 577/577
f 592/592 239/239 577/577
f 593/593 591/591 590/590
f 592/592 591/591 593/593
f 589/589 594/594 590/590
f 590/590 594/594 593/593
f 587/587 595/595 589/589
f 589/589 595/595 594/594
f 592/592 596/596 239/239
f 596/596 250/250 239/239
f 250/250 596/596 315/315
f 597/597 592/592 593/593
f 596/596 592/592 597/597
f 594/594 598/598 593/593
f 595/595 598/598 594/594
f 598/598 597/597 593/593
f 587/587 599/599 595/595
f 538/538 599/599 587/587
f 315/315 596/596 600/600
f 600/600 596/596 597/597
f 595/595 601/601 598/598
f 599/599 601/601 595/595
f 538/538 602/602 599/599
f 538/538 539/539 602/602
f 602/602 539/539 603/603
f 600/600 604/604 315/315
f 315/315 604/604 333/333
f 598/598 605/605 597/597
f 601/601 605/605 598/598
f 597/597 606/606 600/600
f 606/606 604/604 600/600
f 605/605 606/606 597/597
f 333/333 604/604 607/607
f 607/607 604/604 606/606
f 333/333 607/607 331/331
f 608/608 607/607 606/606
f 608/608 606/606 605/605
f 331/331 607/607 608/608
f 609/609 602/602 603/603
f 603/603 610/610 609/609
f 601/601 611/611 605/605
f 611/611 608/608 605/605
f 612/612 331/331 608/608
f 612/612 608/608 611/611
f 338/338 331/331 612/612
f 612/612 613/613 338/338
f 613/613 612/612 611/611
f 613/613 335/335 338/338
f 614/614 611/611 601/601
f 614/614 602/602 609/609
f 599/599 614/614 601/601
f 602/602 614/614 599/599
f 615/615 613/613 611/611
f 611/611 614/614 615/615
f 615/615 614/614 609/609
f 335/335 613/613 615/615
f 609/609 610/610 616/616
f 609/609 616/616 615/615
f 616/616 335/335 615/615
f 610/610 617/617 616/616
f 618/618 335/335 616/616
f 617/617 618/618 616/616
f 335/335 618/618 334/334
f 618/618 617/617 619/619
f 334/334 618/618 619/619
f 334/334 619/619 339/339
f 622/622 621/621 620/620
f 620/620 621/621 623/623
f 623/623 621/621 624/624
f 624/624 621/621 625/625
f 625/625 621/621 626/626
f 626/626 621/621 627/627
f 627/627 621/621 628/628
f 621/621 629/629 628/628
f 629/629 621/621 630/630
f 631/631 630/630 621/621
f 632/632 631/631 621/621
f 621/621 633/633 632/632
f 634/634 633/633 621/621
f 635/635 634/634 621/621
f 636/636 635/635 621/621
f 637/637 636/636 621/621
f 638/638 637/637 621/621
f 639/639 638/638 621/621
f 621/621 640/640 639/639
f 641/641 640/640 621/621
f 642/642 641/641 621/621
f 643/643 642/642 621/621
f 644/644 643/643 621/621
f 645/645 644/644 621/621
f 646/646 645/645 621/621
f 647/647 646/646 621/621
f 647/647 621/621 648/648
f 648/648 621/621 649/649
f 649/649 621/621 650/650
f 650/650 621/621 651/651
f 651/651 621/621 652/652
f 655/655 654/654 653/653
f 655/655 653/653 656/656
f 656/656 653/653 657/657
f 653/653 658/658 657/657
f 657/657 658/658 659/659
f 658/658 653/653 660/660
f 658/658 661/661 659/659
f 653/653 662/662 660/660
f 661/661 663/663 659/659
f 660/660 662/662 664/664
f 659/659 663/663 665/665
f 662/662 666/666 664/664
f 663/663 667/667 665/665
f 665/665 667/667 668/668
f 664/664 666/666 669/669
f 666/666 670/670 669/669
f 670/670 671/671 669/669
f 669/669 671/671 672/672
f 671/671 673/673 672/672
f 672/672 673/673 674/674
f 674/674 673/673 675/675
f 668/668 667/667 676/676
f 667/667 677/677 676/676
f 677/677 678/678 676/676
f 676/676 678/678 679/679
f 678/678 680/680 679/679
f 679/679 680/680 681/681
f 680/680 682/682 681/681
f 681/681 682/682 683/683
f 682/682 684/684 683/683
f 683/683 684/684 685/685
f 684/684 686/686 685/685
f 685/685 686/686 687/687
f 686/686 688/688 687/687
f 687/687 688/688 689/689
f 688/688 690/690 689/689
f 689/689 690/690 691/691
f 690/690 692/692 691/691
f 691/691 692/692 693/693
f 693/693 692/692 694/694
f 693/693 694/694 695/695
f 694/694 696/696 695/695
f 695/695 696/696 697/697
f 696/696 698/698 697/697
f 697/697 698/698 699/699
f 698/698 700/700 699/699
f 699/699 700/700 701/701
f 700/700 698/698 702/702
f 700/700 703/703 701/701
f 703/703 704/704 701/701
f 700/700 702/702 705/705
f 702/702 706/706 705/705
f 705/705 706/706 707/707
f 706/706 708/708 707/707
f 708/708 709/709 707/707
f 707/707 709/709 710/710
f 709/709 711/711 710/710
f 711/711 712/712 710/710
f 710/710 712/712 713/713
f 714/714 713/713 712/712
f 715/715 714/714 712/712
f 714/714 716/716 713/713
f 714/714 717/717 716/716
f 716/716 717/717 718/718
f 718/718 717/717 719/719
f 720/720 714/714 715/715
f 721/721 720/720 715/715
f 722/722 720/720 721/721
f 723/723 720/720 722/722
f 724/724 723/723 722/722
f 725/725 723/723 724/724
f 726/726 725/725 724/724
f 727/727 725/725 726/726
f 728/728 727/727 726/726
f 729/729 727/727 728/728
f 730/730 729/729 728/728
f 731/731 729/729 730/730
f 732/732 731/731 730/730
f 733/733 731/731 732/732
f 734/734 733/733 732/732
f 735/735 733/733 734/734
f 736/736 735/735 734/734
f 737/737 735/735 736/736
f 736/736 738/738 737/737
f 739/739 738/738 736/736
f 740/740 739/739 736/736
f 675/675 740/740 736/736
f 675/675 736/736 674/674
f 743/743 742/742 741/741
f 742/742 744/744 741/741
f 741/741 744/744 745/745
f 744/744 746/746 745/745
f 744/744 747/747 746/746
f 746/746 747/747 748/748
f 747/747 749/749 748/748
f 748/748 749/749 750/750
f 750/750 751/751 748/748
f 748/748 751/751 752/752
f 753/753 748/748 752/752
f 754/754 748/748 753/753
f 755/755 754/754 753/753
f 756/756 754/754 755/755
f 748/748 757/757 746/746
f 745/745 746/746 757/757
f 748/748 754/754 757/757
f 758/758 745/745 757/757
f 757/757 754/754 758/758
f 758/758 759/759 745/745
f 760/760 759/759 758/758
f 754/754 760/760 758/758
f 761/761 759/759 760/760
f 762/762 759/759 761/761
f 760/760 754/754 763/763
f 763/763 761/761 760/760
f 761/761 764/764 762/762
f 763/763 764/764 761/761
f 765/765 762/762 764/764
f 766/766 763/763 754/754
f 763/763 766/766 764/764
f 766/766 754/754 756/756
f 767/767 765/765 764/764
f 764/764 766/766 767/767
f 756/756 768/768 766/766
f 766/766 768/768 767/767
f 767/767 769/769 765/765
f 767/767 768/768 769/769
f 765/765 769/769 770/770
f 771/771 770/770 769/769
f 771/771 769/769 768/768
f 772/772 770/770 771/771
f 756/756 773/773 768/768
f 774/774 773/773 756/756
f 775/775 773/773 774/774
f 774/774 776/776 775/775
f 776/776 777/777 775/775
f 777/777 778/778 775/775
f 775/775 778/778 779/779
f 778/778 780/780 779/779
f 780/780 781/781 779/779
f 779/779 781/781 782/782
f 781/781 783/783 782/782
f 783/783 784/784 782/782
f 782/782 784/784 785/785
f 768/768 773/773 786/786
f 771/771 768/768 786/786
f 786/786 773/773 787/787
f 787/787 771/771 786/786
f 773/773 775/775 788/788
f 787/787 773/773 788/788
f 789/789 771/771 787/787
f 788/788 789/789 787/787
f 789/789 772/772 771/771
f 790/790 772/772 789/789
f 791/791 790/790 789/789
f 791/791 789/789 788/788
f 792/792 790/790 791/791
f 792/792 791/791 788/788
f 793/793 790/790 792/792
f 794/794 793/793 792/792
f 788/788 775/775 795/795
f 795/795 792/792 788/788
f 775/775 779/779 795/795
f 796/796 794/794 792/792
f 796/796 792/792 795/795
f 797/797 794/794 796/796
f 798/798 796/796 795/795
f 795/795 779/779 798/798
f 799/799 797/797 796/796
f 799/799 796/796 798/798
f 779/779 799/799 798/798
f 800/800 797/797 799/799
f 801/801 799/799 779/779
f 801/801 800/800 799/799
f 782/782 801/801 779/779
f 802/802 800/800 801/801
f 802/802 801/801 782/782
f 803/803 800/800 802/802
f 803/803 802/802 804/804
f 802/802 805/805 804/804
f 805/805 802/802 782/782
f 804/804 805/805 806/806
f 805/805 807/807 806/806
f 808/808 806/806 807/807
f 809/809 805/805 782/782
f 807/807 805/805 809/809
f 810/810 808/808 807/807
f 809/809 810/810 807/807
f 782/782 811/811 809/809
f 809/809 811/811 810/810
f 782/782 785/785 811/811
f 785/785 812/812 811/811
f 813/813 811/811 812/812
f 811/811 813/813 810/810
f 812/812 814/814 813/813
f 814/814 815/815 813/813
f 810/810 816/816 808/808
f 810/810 813/813 816/816
f 813/813 815/815 816/816
f 808/808 816/816 817/817
f 815/815 817/817 816/816
f 818/818 817/817 815/815
f 819/819 818/818 815/815
f 820/820 818/818 819/819
f 821/821 818/818 820/820
f 822/822 821/821 820/820
f 823/823 821/821 822/822
f 826/826 825/825 824/824
f 824/824 827/827 826/826
f 827/827 828/828 826/826
f 826/826 828/828 829/829
f 828/828 830/830 829/829
f 829/829 830/830 831/831
f 832/832 829/829 831/831
f 833/833 832/832 831/831
f 834/834 832/832 833/833
f 835/835 834/834 833/833
f 836/836 834/834 835/835
f 836/836 837/837 834/834
f 838/838 837/837 836/836
f 839/839 837/837 838/838
f 840/840 839/839 838/838
f 840/840 841/841 839/839
f 841/841 842/842 839/839
f 839/839 842/842 843/843
f 846/846 845/845 844/844
f 847/847 845/845 846/846
f 848/848 847/847 846/846
f 849/849 847/847 848/848
f 850/850 849/849 848/848
f 851/851 849/849 850/850
f 852/852 851/851 850/850
f 853/853 851/851 852/852
f 852/852 854/854 853/853
f 853/853 854/854 855/855
f 856/856 855/855 854/854
f 855/855 856/856 857/857
f 858/858 857/857 856/856
f 859/859 857/857 858/858
f 860/860 859/859 858/858
f 860/860 861/861 859/859
f 862/862 861/861 860/860
f 862/862 863/863 861/861
f 863/863 862/862 864/864
f 862/862 865/865 864/864
f 866/866 864/864 865/865
f 867/867 866/866 865/865
f 868/868 866/866 867/867
f 869/869 868/868 867/867
f 868/868 869/869 870/870
f 869/869 871/871 870/870
f 872/872 870/870 871/871
f 873/873 870/870 872/872
f 874/874 873/873 872/872
f 875/875 873/873 874/874
f 876/876 875/875 874/874
f 877/877 875/875 876/876
f 878/878 877/877 876/876
f 879/879 877/877 878/878
f 882/882 881/881 880/880
f 881/881 883/883 880/880
f 880/880 883/883 884/884
f 883/883 885/885 884/884
f 885/885 886/886 884/884
f 884/884 886/886 887/887
f 886/886 888/888 887/887
f 887/887 888/888 889/889
f 888/888 890/890 889/889
f 889/889 890/890 891/891
f 891/891 892/892 889/889
f 889/889 892/892 893/893
f 896/896 895/895 894/894
f 897/897 896/896 894/894
f 897/897 898/898 896/896
f 899/899 898/898 897/897
f 900/900 897/897 894/894
f 901/901 897/897 900/900
f 902/902 901/901 900/900
f 902/902 903/903 901/901
f 906/906 905/905 904/904
f 907/907 905/905 906/906
f 906/906 908/908 907/907
f 909/909 908/908 906/906
f 910/910 909/909 906/906
f 911/911 909/909 910/910
f 910/910 912/912 911/911
f 915/915 914/914 913/913
f 914/914 916/916 913/913
f 913/913 916/916 917/917
f 917/917 916/916 918/918
f 916/916 919/919 918/918
f 918/918 919/919 920/920
f 919/919 921/921 920/920
f 920/920 921/921 922/922
f 921/921 923/923 922/922
f 922/922 923/923 924/924
f 925/925 924/924 923/923
f 924/924 925/925 926/926
f 927/927 926/926 925/925
f 926/926 927/927 928/928
f 927/927 929/929 928/928
f 928/928 929/929 930/930
f 931/931 930/930 929/929
f 932/932 930/930 931/931
f 933/933 932/932 931/931
f 933/933 934/934 932/932
f 935/935 934/934 933/933
f 936/936 934/934 935/935
f 935/935 937/937 936/936
f 936/936 937/937 938/938
f 939/939 938/938 937/937
f 939/939 940/940 938/938
f 941/941 940/940 939/939
f 941/941 942/942 940/940
f 943/943 942/942 941/941
f 944/944 942/942 943/943
f 945/945 944/944 943/943
f 946/946 944/944 945/945
f 945/945 947/947 946/946
f 948/948 947/947 945/945
f 949/949 948/948 945/945
f 949/949 950/950 948/948
f 951/951 950/950 949/949
f 952/952 950/950 951/951
f 951/951 953/953 952/952
f 954/954 952/952 953/953
f 955/955 952/952 954/954
f 956/956 955/955 954/954
f 957/957 955/955 956/956
f 958/958 957/957 956/956
f 959/959 957/957 958/958
f 960/960 959/959 958/958
f 961/961 959/959 960/960
f 962/962 961/961 960/960
f 960/960 963/963 962/962
f 962/962 963/963 964/964
f 963/963 965/965 964/964
f 966/966 965/965 963/963
f 966/966 967/967 965/965
f 968/968 967/967 966/966
f 967/967 968/968 969/969
f 969/969 968/968 970/970
f 968/968 971/971 970/970
f 970/970 971/971 972/972
f 971/971 973/973 972/972
f 972/972 973/973 974/974
f 977/977 976/976 975/975
f 975/975 976/976 978/978
f 979/979 978/978 976/976
f 978/978 979/979 980/980
f 979/979 981/981 980/980
f 980/980 981/981 982/982
f 983/983 982/982 981/981
f 982/982 983/983 984/984
f 984/984 985/985 982/982
f 986/986 985/985 984/984
f 987/987 986/986 984/984
f 988/988 987/987 984/984
f 984/984 989/989 988/988
f 989/989 990/990 988/988
f 988/988 990/990 991/991
f 994/994 993/993 992/992
f 994/994 995/995 993/993
f 995/995 996/996 993/993
f 995/995 997/997 996/996
f 995/995 998/998 997/997
f 998/998 999/999 997/997
f 998/998 1000/1000 999/999
f 998/998 1001/1001 1000/1000
f 1000/1000 1001/1001 1002/1002
f 1001/1001 1003/1003 1002/1002
f 1003/1003 1004/1004 1002/1002
f 1003/1003 1005/1005 1004/1004
f 1005/1005 1006/1006 1004/1004
f 1007/1007 1006/1006 1005/1005
f 1007/1007 1008/1008 1006/1006
f 1007/1007 1009/1009 1008/1008
f 1009/1009 1010/1010 1008/1008
f 1010/1010 1011/1011 1008/1008
f 1010/1010 1012/1012 1011/1011
f 1012/1012 1013/1013 1011/1011
f 1012/1012 1014/1014 1013/1013
f 1015/1015 1013/1013 1014/1014
f 1015/1015 1016/1016 1013/1013
f 1016/1016 1015/1015 1017/1017
f 1017/1017 1018/1018 1016/1016
f 1019/1019 1018/1018 1017/1017
f 1019/1019 1020/1020 1018/1018
f 1021/1021 1020/1020 1019/1019
f 1021/1021 1022/1022 1020/1020
f 1022/1022 1021/1021 1023/1023
f 1022/1022 1023/1023 1024/1024
f 1024/1024 1023/1023 1025/1025
f 1024/1024 1025/1025 1026/1026
f 1025/1025 1027/1027 1026/1026
f 1028/1028 1027/1027 1025/1025
f 1028/1028 1029/1029 1027/1027
f 1028/1028 1030/1030 1029/1029
f 1031/1031 1030/1030 1028/1028
f 1031/1031 1032/1032 1030/1030
f 1031/1031 1033/1033 1032/1032
f 1033/1033 1034/1034 1032/1032
f 1033/1033 1035/1035 1034/1034
f 1035/1035 1036/1036 1034/1034
f 1035/1035 1037/1037 1036/1036
f 1037/1037 1038/1038 1036/1036
f 1038/1038 1037/1037 1039/1039
f 1037/1037 1040/1040 1039/1039
f 1039/1039 1040/1040 1041/1041
f 1040/1040 1042/1042 1041/1041
f 1041/1041 1042/1042 1043/1043
f 1042/1042 1044/1044 1043/1043
f 1044/1044 1045/1045 1043/1043
f 1044/1044 1046/1046 1045/1045
f 1046/1046 1047/1047 1045/1045
f 1046/1046 1048/1048 1047/1047
f 1048/1048 1049/1049 1047/1047
f 1048/1048 1050/1050 1049/1049
f 1049/1049 1050/1050 1051/1051
f 1050/1050 1052/1052 1051/1051
f 1052/1052 1053/1053 1051/1051
f 1053/1053 1054/1054 1051/1051
f 1053/1053 1055/1055 1054/1054
f 1055/1055 1056/1056 1054/1054
f 1055/1055 1057/1057 1056/1056
f 1057/1057 1058/1058 1056/1056
f 1058/1058 1059/1059 1056/1056
f 1062/1062 1061/1061 1060/1060
f 1063/1063 1061/1061 1062/1062
f 1060/1060 1064/1064 1062/1062
f 1065/1065 1063/1063 1062/1062
f 1064/1064 1060/1060 1066/1066
f 1067/1067 1063/1063 1065/1065
f 1060/1060 1068/1068 1066/1066
f 1069/1069 1067/1067 1065/1065
f 1066/1066 1068/1068 1070/1070
f 1071/1071 1067/1067 1069/1069
f 1068/1068 1072/1072 1070/1070
f 1073/1073 1071/1071 1069/1069
f 1070/1070 1072/1072 1074/1074
f 1075/1075 1071/1071 1073/1073
f 1072/1072 1076/1076 1074/1074
f 1077/1077 1075/1075 1073/1073
f 1074/1074 1076/1076 1078/1078
f 1079/1079 1075/1075 1077/1077
f 1076/1076 1080/1080 1078/1078
f 1081/1081 1079/1079 1077/1077
f 1078/1078 1080/1080 1082/1082
f 1083/1083 1079/1079 1081/1081
f 1080/1080 1084/1084 1082/1082
f 1085/1085 1083/1083 1081/1081
f 1082/1082 1084/1084 1086/1086
f 1087/1087 1083/1083 1085/1085
f 1084/1084 1088/1088 1086/1086
f 1089/1089 1087/1087 1085/1085
f 1086/1086 1088/1088 1090/1090
f 1091/1091 1087/1087 1089/1089
f 1088/1088 1092/1092 1090/1090
f 1093/1093 1091/1091 1089/1089
f 1094/1094 1091/1091 1093/1093
f 1095/1095 1094/1094 1093/1093
f 1096/1096 1094/1094 1095/1095
f 1097/1097 1096/1096 1095/1095
f 1098/1098 1096/1096 1097/1097
f 1099/1099 1098/1098 1097/1097
f 1100/1100 1098/1098 1099/1099
f 1101/1101 1100/1100 1099/1099
f 1102/1102 1100/1100 1101/1101
f 1103/1103 1102/1102 1101/1101
f 1104/1104 1102/1102 1103/1103
f 1105/1105 1104/1104 1103/1103
f 1106/1106 1104/1104 1105/1105
f 1107/1107 1106/1106 1105/1105
f 1108/1108 1106/1106 1107/1107
f 1109/1109 1108/1108 1107/1107
f 1110/1110 1108/1108 1109/1109
f 1111/1111 1110/1110 1109/1109
f 1112/1112 1110/1110 1111/1111
f 1113/1113 1112/1112 1111/1111
f 1114/1114 1112/1112 1113/1113
f 1115/1115 1114/1114 1113/1113
f 1116/1116 1114/1114 1115/1115
f 1117/1117 1116/1116 1115/1115
f 1118/1118 1116/1116 1117/1117
f 1119/1119 1118/1118 1117/1117
f 1120/1120 1118/1118 1119/1119
f 1121/1121 1118/1118 1120/1120
f 1120/1120 1122/1122 1121/1121
f 1121/1121 1122/1122 1123/1123
f 1124/1124 1123/1123 1122/1122
f 1125/1125 1123/1123 1124/1124
f 1126/1126 1125/1125 1124/1124
f 1126/1126 1127/1127 1125/1125
f 1128/1128 1127/1127 1126/1126
f 1129/1129 1128/1128 1126/1126
f 1130/1130 1128/1128 1129/1129
f 1131/1131 1130/1130 1129/1129
f 1132/1132 1130/1130 1131/1131
f 1132/1132 1133/1133 1130/1130
f 1092/1092 1133/1133 1132/1132
f 1090/1090 1092/1092 1132/1132
f 1136/1136 1135/1135 1134/1134
f 1136/1136 1134/1134 1137/1137
f 1137/1137 1138/1138 1136/1136
f 1135/1135 1136/1136 1139/1139
f 1139/1139 1136/1136 1138/1138
f 1140/1140 1139/1139 1138/1138
f 1134/1134 1141/1141 1137/1137
f 1138/1138 1142/1142 1140/1140
f 1140/1140 1142/1142 1143/1143
f 1142/1142 1144/1144 1143/1143
f 1143/1143 1144/1144 1145/1145
f 1142/1142 1138/1138 1146/1146
f 1144/1144 1142/1142 1146/1146
f 1144/1144 1147/1147 1145/1145
f 1145/1145 1147/1147 1148/1148
f 1147/1147 1149/1149 1148/1148
f 1147/1147 1144/1144 1149/1149
f 1148/1148 1149/1149 1150/1150
f 1149/1149 1144/1144 1151/1151
f 1150/1150 1149/1149 1151/1151
f 1144/1144 1146/1146 1151/1151
f 1150/1150 1151/1151 1152/1152
f 1152/1152 1151/1151 1153/1153
f 1151/1151 1146/1146 1153/1153
f 1146/1146 1154/1154 1153/1153
f 1146/1146 1138/1138 1154/1154
f 1153/1153 1154/1154 1155/1155
f 1155/1155 1154/1154 1156/1156
f 1157/1157 1154/1154 1138/1138
f 1154/1154 1157/1157 1156/1156
f 1156/1156 1157/1157 1158/1158
f 1137/1137 1157/1157 1138/1138
f 1157/1157 1159/1159 1158/1158
f 1159/1159 1157/1157 1137/1137
f 1159/1159 1137/1137 1160/1160
f 1158/1158 1159/1159 1161/1161
f 1161/1161 1159/1159 1160/1160
f 1160/1160 1162/1162 1161/1161
f 1160/1160 1163/1163 1162/1162
f 1164/1164 1163/1163 1160/1160
f 1137/1137 1165/1165 1160/1160
f 1166/1166 1160/1160 1165/1165
f 1164/1164 1160/1160 1166/1166
f 1166/1166 1165/1165 1167/1167
f 1165/1165 1137/1137 1168/1168
f 1137/1137 1141/1141 1168/1168
f 1169/1169 1168/1168 1141/1141
f 1169/1169 1165/1165 1168/1168
f 1170/1170 1169/1169 1141/1141
f 1169/1169 1170/1170 1171/1171
f 1169/1169 1171/1171 1165/1165
f 1170/1170 1172/1172 1171/1171
f 1171/1171 1172/1172 1173/1173
f 1165/1165 1171/1171 1173/1173
f 1173/1173 1172/1172 1174/1174
f 1165/1165 1175/1175 1167/1167
f 1175/1175 1165/1165 1173/1173
f 1173/1173 1174/1174 1176/1176
f 1173/1173 1176/1176 1175/1175
f 1176/1176 1174/1174 1177/1177
f 1174/1174 1178/1178 1177/1177
f 1178/1178 1179/1179 1177/1177
f 1167/1167 1175/1175 1180/1180
f 1175/1175 1181/1181 1180/1180
f 1182/1182 1181/1181 1175/1175
f 1175/1175 1176/1176 1182/1182
f 1167/1167 1180/1180 1183/1183
f 1184/1184 1182/1182 1176/1176
f 1177/1177 1184/1184 1176/1176
f 1180/1180 1185/1185 1183/1183
f 1183/1183 1185/1185 1186/1186
f 1186/1186 1185/1185 1187/1187
f 1185/1185 1188/1188 1187/1187
f 1189/1189 1188/1188 1185/1185
f 1180/1180 1189/1189 1185/1185
f 1181/1181 1189/1189 1180/1180
f 1190/1190 1189/1189 1181/1181
f 1190/1190 1181/1181 1191/1191
f 1192/1192 1191/1191 1181/1181
f 1193/1193 1192/1192 1181/1181
f 1194/1194 1193/1193 1181/1181
f 1182/1182 1194/1194 1181/1181
f 1184/1184 1194/1194 1182/1182
f 1194/1194 1184/1184 1195/1195
f 1195/1195 1184/1184 1196/1196
f 1184/1184 1197/1197 1196/1196
f 1196/1196 1197/1197 1198/1198
f 1199/1199 1198/1198 1197/1197
f 1177/1177 1197/1197 1184/1184
f 1200/1200 1199/1199 1197/1197
f 1200/1200 1197/1197 1177/1177
f 1201/1201 1199/1199 1200/1200
f 1202/1202 1200/1200 1177/1177
f 1202/1202 1201/1201 1200/1200
f 1202/1202 1177/1177 1179/1179
f 1203/1203 1201/1201 1202/1202
f 1203/1203 1202/1202 1179/1179
