v 0.0586739475 0.00441693413 0.0310616131
v 0.0457426176 0.00917113539 0.0249733886
v 0.0475006921 -0.00979424315 0.0262069021
v 0.0475006921 -0.00979424315 0.0262069021
v 0.0457426176 0.00917113539 0.0249733886
v 0.0431941707 -0.00727348438 0.0275813945
v 0.0461250083 0.0151368495 -0.0210154132
v 0.0464323201 0.0144822098 -0.0229958241
v 0.0409999993 0.017101784 -0.0160550757
v 0.0409999993 0.017101784 -0.0160550757
v 0.0464323201 0.0144822098 -0.0229958241
v 0.0409999995 0.0144558107 -0.0226454358
v 0.0409999995 0.0144558107 -0.0226454358
v 0.0464323201 0.0144822098 -0.0229958241
v 0.0409999997 0.0122573132 -0.0245621282
v 0.0409999997 0.0122573132 -0.0245621282
v 0.0464323201 0.0144822098 -0.0229958241
v 0.0409999998 0.0111386434 -0.0252750528
v 0.0410000007 0.00132453673 -0.0268352276
v 0.0417707249 -0.00902640312 -0.0282327848
v 0.0410000018 -0.0113642208 -0.0263352937
v 0.0410000025 -0.0193730892 -0.0128148502
v 0.0447082058 -0.0176794555 -0.0166702754
v 0.0410000027 -0.0214782959 -0.00736187867
v 0.0410000028 -0.0235074251 -0.000819315392
v 0.0410000027 -0.0214782959 -0.00736187867
v 0.0498896178 -0.0217076551 0.000426338966
v 0.0410000027 -0.0214782959 -0.00736187867
v 0.0447082058 -0.0176794555 -0.0166702754
v 0.0498896178 -0.0217076551 0.000426338966
v 0.0410000028 -0.0235074251 -0.000819315392
v 0.0498896178 -0.0217076551 0.000426338966
v 0.0410000028 -0.0229700782 0.00368822257
v 0.0498896178 -0.0217076551 0.000426338966
v 0.0508675179 -0.01882442 0.023088677
v 0.0410000028 -0.0229700782 0.00368822257
v 0.0410000028 -0.0229700782 0.00368822257
v 0.0508675179 -0.01882442 0.023088677
v 0.0410000028 -0.0231775478 0.0150729931
v 0.132874188 -0.0128512882 -0.0400921621
v 0.125029803 -0.00925120838 -0.036780315
v 0.12767317 -0.00382078381 -0.0369679095
v 0.132874188 -0.0128512882 -0.0400921621
v 0.12767317 -0.00382078381 -0.0369679095
v 0.137793806 -0.0122365232 -0.040371975
v 0.12767317 -0.00382078381 -0.0369679095
v 0.132066264 0.00652895023 -0.0399796088
v 0.13850427 0.00591279069 -0.0414267386
v 0.12767317 -0.00382078381 -0.0369679095
v 0.13850427 0.00591279069 -0.0414267386
v 0.137793806 -0.0122365232 -0.040371975
v 0.132066264 0.00652895023 -0.0399796088
v 0.12767317 -0.00382078381 -0.0369679095
v 0.125029803 -0.00925120838 -0.036780315
v 0.123314224 0.00736657881 -0.0380123354
v 0.125029803 -0.00925120838 -0.036780315
v 0.1115192 -0.00646385859 -0.0311035139
v 0.123314224 0.00736657881 -0.0380123354
v 0.1115192 -0.00646385859 -0.0311035139
v 0.117582335 0.00520812764 -0.0376104319
v 0.116106873 -0.0206640354 -0.0339334016
v 0.107759801 -0.0226056735 -0.0307413371
v 0.102347244 -0.00721983248 -0.0282891648
v 0.116106873 -0.0206640354 -0.0339334016
v 0.102347244 -0.00721983248 -0.0282891648
v 0.1115192 -0.00646385859 -0.0311035139
v 0.0422523999 -0.00667321177 -0.030136414
v 0.042825506 0.000140430453 -0.0324218825
v 0.0423626285 -0.00620429121 -0.0305681344
v 0.0410000001 0.00809348852 0.0259948545
v 0.0457426176 0.00917113539 0.0249733886
v 0.041 0.00870764265 0.0253564125
v 0.0423626285 -0.00620429121 -0.0305681344
v 0.042825506 0.000140430453 -0.0324218825
v 0.0427753701 -0.00597902971 -0.0307061913
v 0.0518230071 0.020020301 -0.000305985645
v 0.0412110976 0.0213740648 -0.00023985051
v 0.040999999 0.0203239986 0.00267245214
v 0.0409999993 0.0169726212 0.0117308198
v 0.0518230071 0.020020301 -0.000305985645
v 0.0437483202 0.0149400856 0.0162597382
v 0.0409999994 0.0163937664 0.0132953879
v 0.0409999994 0.0153905428 0.0160590003
v 0.040999999 0.0203239986 0.00267245214
v 0.0412110976 0.0213740648 -0.00023985051
v 0.0409999991 0.0193956897 -0.000612701933
v 0.0422523999 -0.00667321177 -0.030136414
v 0.0427753701 -0.00597902971 -0.0307061913
v 0.0417707249 -0.00902640312 -0.0282327848
v 0.0409999996 0.0137551258 0.0178453382
v 0.0437483202 0.0149400856 0.0162597382
v 0.0409999994 0.0153905428 0.0160590003
v 0.0423626285 -0.00620429121 -0.0305681344
v 0.0427753701 -0.00597902971 -0.0307061913
v 0.0422523999 -0.00667321177 -0.030136414
v 0.0409999991 0.0193956897 -0.000612701933
v 0.0412110976 0.0213740648 -0.00023985051
v 0.0409999989 0.0210026955 -0.00171011307
v 0.0410000024 -0.0183711171 0.0246972195
v 0.0508675179 -0.01882442 0.023088677
v 0.0410000021 -0.0145074861 0.0258157059
v 0.0508675179 -0.01882442 0.023088677
v 0.0475006921 -0.00979424315 0.0262069021
v 0.0410000021 -0.0145074861 0.0258157059
v 0.0410000027 -0.0218178765 0.0205100805
v 0.0508675179 -0.01882442 0.023088677
v 0.0410000024 -0.0183711171 0.0246972195
v 0.0428977102 0.00463155313 -0.0316518883
v 0.0489077316 0.0045054846 -0.032705249
v 0.042825506 0.000140430453 -0.0324218825
v 0.102347244 -0.00721983248 -0.0282891648
v 0.117582335 0.00520812764 -0.0376104319
v 0.1115192 -0.00646385859 -0.0311035139
v 0.11529645 0.008725767 0.0419109158
v 0.115108766 0.00760528043 0.043357964
v 0.118449741 -0.0018186966 0.0350037386
v 0.121259861 -0.00100402571 0.0357799028
v 0.11529645 0.008725767 0.0419109158
v 0.118449741 -0.0018186966 0.0350037386
v 0.121259861 -0.00100402571 0.0357799028
v 0.131103731 -0.000195647406 0.0373258401
v 0.12680879 0.0121155544 0.0373417919
v 0.111152605 -0.0412657993 0.039537804
v 0.110217749 -0.0413692023 0.0355307799
v 0.117674925 -0.0427860082 0.0366133143
v 0.110217749 -0.0413692023 0.0355307799
v 0.122370961 -0.0329905024 0.0128918153
v 0.117674925 -0.0427860082 0.0366133143
v 0.0945566341 -0.0356669397 0.0317531027
v 0.110217749 -0.0413692023 0.0355307799
v 0.111152605 -0.0412657993 0.039537804
v 0.102907156 -0.013938634 0.0149719141
v 0.116804416 -0.0250892015 0.01344099
v 0.110217749 -0.0413692023 0.0355307799
v 0.110217749 -0.0413692023 0.0355307799
v 0.116804416 -0.0250892015 0.01344099
v 0.122370961 -0.0329905024 0.0128918153
v 0.102907156 -0.013938634 0.0149719141
v 0.110217749 -0.0413692023 0.0355307799
v 0.10060938 -0.0281643878 0.0278464518
v 0.122370961 -0.0329905024 0.0128918153
v 0.116804416 -0.0250892015 0.01344099
v 0.121202209 -0.0271690234 0.0135685885
v 0.110900023 -0.0233287884 0.00253875169
v 0.102907156 -0.013938634 0.0149719141
v 0.106409407 -0.0243205761 0.00313990131
v 0.102907156 -0.013938634 0.0149719141
v 0.10060938 -0.0281643878 0.0278464518
v 0.0826395135 -0.0203448945 -0.00292494769
v 0.10060938 -0.0281643878 0.0278464518
v 0.110217749 -0.0413692023 0.0355307799
v 0.0945566341 -0.0356669397 0.0317531027
v 0.102907156 -0.013938634 0.0149719141
v 0.0826395135 -0.0203448945 -0.00292494769
v 0.0908747998 -0.0152315458 0.00258165146
v 0.111152605 -0.0412657993 0.039537804
v 0.120695651 -0.0276713119 0.0422993471
v 0.112227857 -0.0384583244 0.0442513032
v 0.097535434 -0.031779535 0.0471484265
v 0.111152605 -0.0412657993 0.039537804
v 0.112227857 -0.0384583244 0.0442513032
v 0.112227857 -0.0384583244 0.0442513032
v 0.120695651 -0.0276713119 0.0422993471
v 0.118298351 -0.0271239244 0.0469020306
v 0.097535434 -0.031779535 0.0471484265
v 0.0945566341 -0.0356669397 0.0317531027
v 0.111152605 -0.0412657993 0.039537804
v 0.12726445 -0.0305955274 0.0391794776
v 0.111152605 -0.0412657993 0.039537804
v 0.117674925 -0.0427860082 0.0366133143
v 0.111152605 -0.0412657993 0.039537804
v 0.12726445 -0.0305955274 0.0391794776
v 0.120695651 -0.0276713119 0.0422993471
v 0.0867889846 -0.0344977726 0.0285786373
v 0.0718207819 -0.0247940708 0.00223337975
v 0.0945566341 -0.0356669397 0.0317531027
v 0.0657007587 -0.0264134826 0.0096912212
v 0.0718207819 -0.0247940708 0.00223337975
v 0.0867889846 -0.0344977726 0.0285786373
v 0.0945566341 -0.0356669397 0.0317531027
v 0.0826395135 -0.0203448945 -0.00292494769
v 0.10060938 -0.0281643878 0.0278464518
v 0.0718207819 -0.0247940708 0.00223337975
v 0.0826395135 -0.0203448945 -0.00292494769
v 0.0945566341 -0.0356669397 0.0317531027
v 0.0922972453 -0.0338729769 0.0352267642
v 0.097535434 -0.031779535 0.0471484265
v 0.0882580379 -0.0299604096 0.0410316017
v 0.113117211 -0.0280399533 0.000303139245
v 0.111842312 -0.0291160297 -0.0132018366
v 0.117543893 -0.0316607401 -0.00752404885
v 0.0922972453 -0.0338729769 0.0352267642
v 0.0882580379 -0.0299604096 0.0410316017
v 0.0713917306 -0.0285815618 0.0257869775
v 0.0867889846 -0.0344977726 0.0285786373
v 0.0922972453 -0.0338729769 0.0352267642
v 0.0713917306 -0.0285815618 0.0257869775
v 0.113117211 -0.0280399533 0.000303139245
v 0.117543893 -0.0316607401 -0.00752404885
v 0.140660389 -0.0213644621 -0.00247752341
v 0.11065267 -0.0270602633 -0.0280867651
v 0.117782037 -0.0288664639 -0.0244479626
v 0.11459451 -0.0299837864 -0.0190413251
v 0.127740617 -0.0238951519 -0.0216613873
v 0.11459451 -0.0299837864 -0.0190413251
v 0.117782037 -0.0288664639 -0.0244479626
v 0.115963601 -0.0256724758 -0.0161125747
v 0.11459451 -0.0299837864 -0.0190413251
v 0.127740617 -0.0238951519 -0.0216613873
v 0.0713917306 -0.0285815618 0.0257869775
v 0.0657007587 -0.0264134826 0.0096912212
v 0.0867889846 -0.0344977726 0.0285786373
v 0.121202209 -0.0271690234 0.0135685885
v 0.12917515 -0.0247206994 0.0167229766
v 0.122370961 -0.0329905024 0.0128918153
v 0.0882580379 -0.0299604096 0.0410316017
v 0.097535434 -0.031779535 0.0471484265
v 0.0869780452 -0.025299571 0.0502005161
v 0.081731323 -0.0244763608 0.0490595412
v 0.0713917306 -0.0285815618 0.0257869775
v 0.0882580379 -0.0299604096 0.0410316017
v 0.117886252 -0.0303826774 0.00751130137
v 0.12932227 -0.0258827149 0.00544302675
v 0.124507018 -0.026775778 0.0119478762
v 0.117886252 -0.0303826774 0.00751130137
v 0.122255732 -0.0224386119 0.00136862636
v 0.12932227 -0.0258827149 0.00544302675
v 0.117886252 -0.0303826774 0.00751130137
v 0.121202209 -0.0271690234 0.0135685885
v 0.116804416 -0.0250892015 0.01344099
v 0.121202209 -0.0271690234 0.0135685885
v 0.117886252 -0.0303826774 0.00751130137
v 0.124507018 -0.026775778 0.0119478762
v 0.111842312 -0.0291160297 -0.0132018366
v 0.115963601 -0.0256724758 -0.0161125747
v 0.13333123 -0.0237235494 -0.0159500487
v 0.111842312 -0.0291160297 -0.0132018366
v 0.108388176 -0.0244158618 -0.0141195109
v 0.115963601 -0.0256724758 -0.0161125747
v 0.0869780452 -0.025299571 0.0502005161
v 0.0855791228 -0.0232832752 0.0495824497
v 0.0882580379 -0.0299604096 0.0410316017
v 0.12917515 -0.0247206994 0.0167229766
v 0.127859145 -0.0235255521 0.0205872755
v 0.12726445 -0.0305955274 0.0391794776
v 0.111842312 -0.0291160297 -0.0132018366
v 0.13333123 -0.0237235494 -0.0159500487
v 0.117543893 -0.0316607401 -0.00752404885
v 0.108388176 -0.0244158618 -0.0141195109
v 0.11459451 -0.0299837864 -0.0190413251
v 0.115963601 -0.0256724758 -0.0161125747
v 0.110263115 -0.0241827996 0.00119248889
v 0.111842312 -0.0291160297 -0.0132018366
v 0.113117211 -0.0280399533 0.000303139245
v 0.11065267 -0.0270602633 -0.0280867651
v 0.11459451 -0.0299837864 -0.0190413251
v 0.108388176 -0.0244158618 -0.0141195109
v 0.12043949 -0.0221836857 0.0330076553
v 0.12726445 -0.0305955274 0.0391794776
v 0.127859145 -0.0235255521 0.0205872755
v 0.108388176 -0.0244158618 -0.0141195109
v 0.111842312 -0.0291160297 -0.0132018366
v 0.110263115 -0.0241827996 0.00119248889
v 0.121202209 -0.0271690234 0.0135685885
v 0.127988808 -0.0228762777 0.0155899776
v 0.12917515 -0.0247206994 0.0167229766
v 0.124507018 -0.026775778 0.0119478762
v 0.127988808 -0.0228762777 0.0155899776
v 0.121202209 -0.0271690234 0.0135685885
v 0.117782037 -0.0288664639 -0.0244479626
v 0.11065267 -0.0270602633 -0.0280867651
v 0.12810059 -0.0221970263 -0.0325908477
v 0.113117211 -0.0280399533 0.000303139245
v 0.122255732 -0.0224386119 0.00136862636
v 0.113013118 -0.0249957029 0.00240152676
v 0.110263115 -0.0241827996 0.00119248889
v 0.113117211 -0.0280399533 0.000303139245
v 0.113013118 -0.0249957029 0.00240152676
v 0.11065267 -0.0270602633 -0.0280867651
v 0.108388176 -0.0244158618 -0.0141195109
v 0.108254659 -0.0244067873 -0.030049574
v 0.108388176 -0.0244158618 -0.0141195109
v 0.103332294 -0.0259972495 -0.0146437989
v 0.10228579 -0.0262630359 -0.0266596529
v 0.0882580379 -0.0299604096 0.0410316017
v 0.0855791228 -0.0232832752 0.0495824497
v 0.081731323 -0.0244763608 0.0490595412
v 0.124507018 -0.026775778 0.0119478762
v 0.136069126 -0.0222553278 0.0155095389
v 0.127988808 -0.0228762777 0.0155899776
v 0.124507018 -0.026775778 0.0119478762
v 0.12932227 -0.0258827149 0.00544302675
v 0.136069126 -0.0222553278 0.0155095389
v 0.12043949 -0.0221836857 0.0330076553
v 0.120695651 -0.0276713119 0.0422993471
v 0.12726445 -0.0305955274 0.0391794776
v 0.113013118 -0.0249957029 0.00240152676
v 0.122255732 -0.0224386119 0.00136862636
v 0.117886252 -0.0303826774 0.00751130137
v 0.117886252 -0.0303826774 0.00751130137
v 0.116804416 -0.0250892015 0.01344099
v 0.113013118 -0.0249957029 0.00240152676
v 0.104157702 -0.0253311995 -0.0130087865
v 0.110263115 -0.0241827996 0.00119248889
v 0.106207013 -0.0256371359 0.00107368915
v 0.0718207819 -0.0247940708 0.00223337975
v 0.0657007587 -0.0264134826 0.0096912212
v 0.0498896178 -0.0217076551 0.000426338966
v 0.12043949 -0.0221836857 0.0330076553
v 0.118298351 -0.0271239244 0.0469020306
v 0.120695651 -0.0276713119 0.0422993471
v 0.110263115 -0.0241827996 0.00119248889
v 0.104157702 -0.0253311995 -0.0130087865
v 0.108388176 -0.0244158618 -0.0141195109
v 0.108388176 -0.0244158618 -0.0141195109
v 0.10228579 -0.0262630359 -0.0266596529
v 0.108254659 -0.0244067873 -0.030049574
v 0.103332294 -0.0259972495 -0.0146437989
v 0.108388176 -0.0244158618 -0.0141195109
v 0.104157702 -0.0253311995 -0.0130087865
v 0.13333123 -0.0237235494 -0.0159500487
v 0.115963601 -0.0256724758 -0.0161125747
v 0.125851499 -0.022028038 -0.0184103352
v 0.110900023 -0.0233287884 0.00253875169
v 0.110263115 -0.0241827996 0.00119248889
v 0.113013118 -0.0249957029 0.00240152676
v 0.106207013 -0.0256371359 0.00107368915
v 0.0967538896 -0.0112546327 0.0019992016
v 0.104157702 -0.0253311995 -0.0130087865
v 0.046102042 -0.0170213785 0.0224942647
v 0.0657007587 -0.0264134826 0.0096912212
v 0.0713917306 -0.0285815618 0.0257869775
v 0.046102042 -0.0170213785 0.0224942647
v 0.0498896178 -0.0217076551 0.000426338966
v 0.0657007587 -0.0264134826 0.0096912212
v 0.115963601 -0.0256724758 -0.0161125747
v 0.127740617 -0.0238951519 -0.0216613873
v 0.125851499 -0.022028038 -0.0184103352
v 0.110900023 -0.0233287884 0.00253875169
v 0.106409407 -0.0243205761 0.00313990131
v 0.106207013 -0.0256371359 0.00107368915
v 0.106207013 -0.0256371359 0.00107368915
v 0.110263115 -0.0241827996 0.00119248889
v 0.110900023 -0.0233287884 0.00253875169
v 0.104471353 -0.0186070316 0.00294327674
v 0.106207013 -0.0256371359 0.00107368915
v 0.106409407 -0.0243205761 0.00313990131
v 0.104471353 -0.0186070316 0.00294327674
v 0.0967538896 -0.0112546327 0.0019992016
v 0.106207013 -0.0256371359 0.00107368915
v 0.147800094 -0.0173669267 -0.0205135395
v 0.13333123 -0.0237235494 -0.0159500487
v 0.141340207 -0.0167918996 -0.0210651866
v 0.116106873 -0.0206640354 -0.0339334016
v 0.12810059 -0.0221970263 -0.0325908477
v 0.11065267 -0.0270602633 -0.0280867651
v 0.118298351 -0.0271239244 0.0469020306
v 0.103358847 -0.0161041226 0.0531867438
v 0.112227857 -0.0384583244 0.0442513032
v 0.10228579 -0.0262630359 -0.0266596529
v 0.107759801 -0.0226056735 -0.0307413371
v 0.108254659 -0.0244067873 -0.030049574
v 0.125851499 -0.022028038 -0.0184103352
v 0.13411471 -0.0188495847 -0.0196258377
v 0.13333123 -0.0237235494 -0.0159500487
v 0.108254659 -0.0244067873 -0.030049574
v 0.116106873 -0.0206640354 -0.0339334016
v 0.11065267 -0.0270602633 -0.0280867651
v 0.13411471 -0.0188495847 -0.0196258377
v 0.141340207 -0.0167918996 -0.0210651866
v 0.13333123 -0.0237235494 -0.0159500487
v 0.127740617 -0.0238951519 -0.0216613873
v 0.138734169 -0.0161486746 -0.0366073626
v 0.14484425 -0.0158248619 -0.0243844363
v 0.132486025 -0.0198052105 0.000567826419
v 0.122255732 -0.0224386119 0.00136862636
v 0.113117211 -0.0280399533 0.000303139245
v 0.108254659 -0.0244067873 -0.030049574
v 0.107759801 -0.0226056735 -0.0307413371
v 0.116106873 -0.0206640354 -0.0339334016
v 0.122255732 -0.0224386119 0.00136862636
v 0.132486025 -0.0198052105 0.000567826419
v 0.12932227 -0.0258827149 0.00544302675
v 0.12043949 -0.0221836857 0.0330076553
v 0.122435314 -0.0212272347 0.0280965614
v 0.140112329 -0.0169337998 0.0384923915
v 0.0567582929 -0.0150877074 0.0315759477
v 0.0713917306 -0.0285815618 0.0257869775
v 0.081731323 -0.0244763608 0.0490595412
v 0.13411471 -0.0188495847 -0.0196258377
v 0.125851499 -0.022028038 -0.0184103352
v 0.127740617 -0.0238951519 -0.0216613873
v 0.123868899 -0.0178143492 0.0191884916
v 0.124136602 -0.0195517969 0.0225418407
v 0.127859145 -0.0235255521 0.0205872755
v 0.103332294 -0.0259972495 -0.0146437989
v 0.104157702 -0.0253311995 -0.0130087865
v 0.0989900538 -0.0166587969 -0.0131186491
v 0.0979845161 -0.0125006585 0.0550568802
v 0.0869780452 -0.025299571 0.0502005161
v 0.103358847 -0.0161041226 0.0531867438
v 0.13411471 -0.0188495847 -0.0196258377
v 0.127740617 -0.0238951519 -0.0216613873
v 0.14484425 -0.0158248619 -0.0243844363
v 0.132486025 -0.0198052105 0.000567826419
v 0.113117211 -0.0280399533 0.000303139245
v 0.140660389 -0.0213644621 -0.00247752341
v 0.104471353 -0.0186070316 0.00294327674
v 0.106409407 -0.0243205761 0.00313990131
v 0.102907156 -0.013938634 0.0149719141
v 0.147800094 -0.0173669267 -0.0205135395
v 0.15029584 -0.0167721009 -0.000346685988
v 0.140660389 -0.0213644621 -0.00247752341
v 0.122435314 -0.0212272347 0.0280965614
v 0.134797544 -0.0190449717 0.0225429379
v 0.140112329 -0.0169337998 0.0384923915
v 0.0498896178 -0.0217076551 0.000426338966
v 0.046102042 -0.0170213785 0.0224942647
v 0.0508675179 -0.01882442 0.023088677
v 0.141801515 -0.0180883864 0.000626401834
v 0.132486025 -0.0198052105 0.000567826419
v 0.140660389 -0.0213644621 -0.00247752341
v 0.140112329 -0.0169337998 0.0384923915
v 0.134797544 -0.0190449717 0.0225429379
v 0.146703671 -0.0159840873 0.0221241135
v 0.124136602 -0.0195517969 0.0225418407
v 0.134797544 -0.0190449717 0.0225429379
v 0.122435314 -0.0212272347 0.0280965614
v 0.132874188 -0.0128512882 -0.0400921621
v 0.12810059 -0.0221970263 -0.0325908477
v 0.116106873 -0.0206640354 -0.0339334016
v 0.0652388833 -0.0206823215 -0.00185602348
v 0.0635876452 -0.0172981689 -0.0157352741
v 0.0826395135 -0.0203448945 -0.00292494769
v 0.136069126 -0.0222553278 0.0155095389
v 0.151293403 -0.0163619391 0.0192268519
v 0.148248188 -0.0153531002 0.0209425751
v 0.136050429 -0.0144307506 -0.0393458118
v 0.138734169 -0.0161486746 -0.0366073626
v 0.12810059 -0.0221970263 -0.0325908477
v 0.0869780452 -0.025299571 0.0502005161
v 0.0979845161 -0.0125006585 0.0550568802
v 0.090990575 -0.0170634587 0.0522745715
v 0.0855791228 -0.0232832752 0.0495824497
v 0.0869780452 -0.025299571 0.0502005161
v 0.090990575 -0.0170634587 0.0522745715
v 0.0864995543 -0.0182520071 -0.00744113568
v 0.095904279 -0.0114113845 -0.00379078629
v 0.0826395135 -0.0203448945 -0.00292494769
v 0.0635876452 -0.0172981689 -0.0157352741
v 0.0850045136 -0.015986146 -0.0264407485
v 0.0826395135 -0.0203448945 -0.00292494769
v 0.140660389 -0.0213644621 -0.00247752341
v 0.15029584 -0.0167721009 -0.000346685988
v 0.141801515 -0.0180883864 0.000626401834
v 0.13411471 -0.0188495847 -0.0196258377
v 0.14484425 -0.0158248619 -0.0243844363
v 0.141340207 -0.0167918996 -0.0210651866
v 0.124136602 -0.0195517969 0.0225418407
v 0.130715429 -0.0170484726 0.0197987145
v 0.134797544 -0.0190449717 0.0225429379
v 0.117560813 -0.0207598742 0.0338838028
v 0.12043949 -0.0221836857 0.0330076553
v 0.124919256 -0.0136277486 0.0380833284
v 0.10228579 -0.0262630359 -0.0266596529
v 0.0943380099 -0.0124235213 -0.0265143142
v 0.107759801 -0.0226056735 -0.0307413371
v 0.081731323 -0.0244763608 0.0490595412
v 0.0855791228 -0.0232832752 0.0495824497
v 0.090990575 -0.0170634587 0.0522745715
v 0.0567582929 -0.0150877074 0.0315759477
v 0.081731323 -0.0244763608 0.0490595412
v 0.0659236314 -0.00916765499 0.0403997896
v 0.151293403 -0.0163619391 0.0192268519
v 0.136036134 -0.0232571544 0.00440325166
v 0.151506827 -0.0164306867 0.00172626405
v 0.136036134 -0.0232571544 0.00440325166
v 0.141801515 -0.0180883864 0.000626401834
v 0.151506827 -0.0164306867 0.00172626405
v 0.123868899 -0.0178143492 0.0191884916
v 0.130715429 -0.0170484726 0.0197987145
v 0.124136602 -0.0195517969 0.0225418407
v 0.124919256 -0.0136277486 0.0380833284
v 0.112276127 -0.0155677353 0.0350995775
v 0.117560813 -0.0207598742 0.0338838028
v 0.112276127 -0.0155677353 0.0350995775
v 0.112261965 -0.0177145226 0.0343254535
v 0.117560813 -0.0207598742 0.0338838028
v 0.0864995543 -0.0182520071 -0.00744113568
v 0.0826395135 -0.0203448945 -0.00292494769
v 0.0850045136 -0.015986146 -0.0264407485
v 0.08756914 -0.0134407313 -0.0350335147
v 0.0943380099 -0.0124235213 -0.0265143142
v 0.0508675179 -0.01882442 0.023088677
v 0.046102042 -0.0170213785 0.0224942647
v 0.0713917306 -0.0285815618 0.0257869775
v 0.0508675179 -0.01882442 0.023088677
v 0.0713917306 -0.0285815618 0.0257869775
v 0.0567582929 -0.0150877074 0.0315759477
v 0.0475006921 -0.00979424315 0.0262069021
v 0.0508675179 -0.01882442 0.023088677
v 0.0567582929 -0.0150877074 0.0315759477
v 0.15029584 -0.0167721009 -0.000346685988
v 0.151506827 -0.0164306867 0.00172626405
v 0.141801515 -0.0180883864 0.000626401834
v 0.140112329 -0.0169337998 0.0384923915
v 0.146703671 -0.0159840873 0.0221241135
v 0.144429672 -0.0151256759 0.0388866058
v 0.132874188 -0.0128512882 -0.0400921621
v 0.136050429 -0.0144307506 -0.0393458118
v 0.12810059 -0.0221970263 -0.0325908477
v 0.0989900538 -0.0166587969 -0.0131186491
v 0.0944515906 -0.0133612714 -0.015106074
v 0.103332294 -0.0259972495 -0.0146437989
v 0.0957513791 -0.0117950087 -0.0123633625
v 0.095904279 -0.0114113845 -0.00379078629
v 0.0864995543 -0.0182520071 -0.00744113568
v 0.145327583 -0.0144291004 -0.0213360618
v 0.147800094 -0.0173669267 -0.0205135395
v 0.141340207 -0.0167918996 -0.0210651866
v 0.137382669 -0.0163861358 0.0203212156
v 0.148248188 -0.0153531002 0.0209425751
v 0.146703671 -0.0159840873 0.0221241135
v 0.104157702 -0.0253311995 -0.0130087865
v 0.0967538896 -0.0112546327 0.0019992016
v 0.095904279 -0.0114113845 -0.00379078629
v 0.0989900538 -0.0166587969 -0.0131186491
v 0.104157702 -0.0253311995 -0.0130087865
v 0.095904279 -0.0114113845 -0.00379078629
v 0.0943380099 -0.0124235213 -0.0265143142
v 0.10228579 -0.0262630359 -0.0266596529
v 0.0934492139 -0.0134778702 -0.0252302008
v 0.145327583 -0.0144291004 -0.0213360618
v 0.141340207 -0.0167918996 -0.0210651866
v 0.14484425 -0.0158248619 -0.0243844363
v 0.140112329 -0.0169337998 0.0384923915
v 0.124919256 -0.0136277486 0.0380833284
v 0.12043949 -0.0221836857 0.0330076553
v 0.0967538896 -0.0112546327 0.0019992016
v 0.104471353 -0.0186070316 0.00294327674
v 0.103208014 -0.0137817461 0.00270306409
v 0.0934492139 -0.0134778702 -0.0252302008
v 0.0864995543 -0.0182520071 -0.00744113568
v 0.0850045136 -0.015986146 -0.0264407485
v 0.0635876452 -0.0172981689 -0.0157352741
v 0.08756914 -0.0134407313 -0.0350335147
v 0.0850045136 -0.015986146 -0.0264407485
v 0.124919256 -0.0136277486 0.0380833284
v 0.140112329 -0.0169337998 0.0384923915
v 0.138380091 -0.0110285869 0.0402230973
v 0.0943380099 -0.0124235213 -0.0265143142
v 0.102347244 -0.00721983248 -0.0282891648
v 0.107759801 -0.0226056735 -0.0307413371
v 0.0864995543 -0.0182520071 -0.00744113568
v 0.0934492139 -0.0134778702 -0.0252302008
v 0.0944515906 -0.0133612714 -0.015106074
v 0.0864995543 -0.0182520071 -0.00744113568
v 0.0944515906 -0.0133612714 -0.015106074
v 0.0957513791 -0.0117950087 -0.0123633625
v 0.148248188 -0.0153531002 0.0209425751
v 0.151293403 -0.0163619391 0.0192268519
v 0.149152804 -0.0125468636 0.0186067278
v 0.151293403 -0.0163619391 0.0192268519
v 0.149816535 -0.012968987 0.00533206367
v 0.149152804 -0.0125468636 0.0186067278
v 0.146703671 -0.0159840873 0.0221241135
v 0.148248188 -0.0153531002 0.0209425751
v 0.145923071 -0.0120926994 0.0308383169
v 0.146657605 -0.0137497113 -0.0130481116
v 0.147800094 -0.0173669267 -0.0205135395
v 0.145327583 -0.0144291004 -0.0213360618
v 0.138734169 -0.0161486746 -0.0366073626
v 0.139501404 -0.0133208503 -0.0312384014
v 0.14484425 -0.0158248619 -0.0243844363
v 0.106077907 -0.0148120345 0.0419040385
v 0.112261965 -0.0177145226 0.0343254535
v 0.112276127 -0.0155677353 0.0350995775
v 0.0944515906 -0.0133612714 -0.015106074
v 0.0989900538 -0.0166587969 -0.0131186491
v 0.0957513791 -0.0117950087 -0.0123633625
v 0.0551345582 -0.0147436945 -0.0283821108
v 0.0495769442 -0.00238175367 -0.0326114765
v 0.0626740945 -0.012701681 -0.0329044909
v 0.047697182 -0.0144747423 -0.0271617959
v 0.0495769442 -0.00238175367 -0.0326114765
v 0.0551345582 -0.0147436945 -0.0283821108
v 0.151506827 -0.0164306867 0.00172626405
v 0.149816535 -0.012968987 0.00533206367
v 0.151293403 -0.0163619391 0.0192268519
v 0.149816535 -0.012968987 0.00533206367
v 0.151506827 -0.0164306867 0.00172626405
v 0.15029584 -0.0167721009 -0.000346685988
v 0.142071016 -0.0130044609 -0.0219255278
v 0.145327583 -0.0144291004 -0.0213360618
v 0.14484425 -0.0158248619 -0.0243844363
v 0.139501404 -0.0133208503 -0.0312384014
v 0.142071016 -0.0130044609 -0.0219255278
v 0.14484425 -0.0158248619 -0.0243844363
v 0.136050429 -0.0144307506 -0.0393458118
v 0.139501404 -0.0133208503 -0.0312384014
v 0.138734169 -0.0161486746 -0.0366073626
v 0.101777036 -0.00803342174 0.00895601406
v 0.102907156 -0.013938634 0.0149719141
v 0.0908747998 -0.0152315458 0.00258165146
v 0.0989900538 -0.0166587969 -0.0131186491
v 0.095904279 -0.0114113845 -0.00379078629
v 0.0957513791 -0.0117950087 -0.0123633625
v 0.0850045136 -0.015986146 -0.0264407485
v 0.0943380099 -0.0124235213 -0.0265143142
v 0.0934492139 -0.0134778702 -0.0252302008
v 0.0626740945 -0.012701681 -0.0329044909
v 0.0638589305 -0.0143505817 -0.031990523
v 0.0551345582 -0.0147436945 -0.0283821108
v 0.148164741 -0.0132833136 -0.00109729835
v 0.149816535 -0.012968987 0.00533206367
v 0.15029584 -0.0167721009 -0.000346685988
v 0.149152804 -0.0125468636 0.0186067278
v 0.147382651 -0.0120717991 0.0202193274
v 0.148248188 -0.0153531002 0.0209425751
v 0.144429672 -0.0151256759 0.0388866058
v 0.138380091 -0.0110285869 0.0402230973
v 0.140112329 -0.0169337998 0.0384923915
v 0.0427753701 -0.00597902971 -0.0307061913
v 0.0462395433 -0.00761720472 -0.0306105707
v 0.047697182 -0.0144747423 -0.0271617959
v 0.151070956 -0.0119843519 0.000490139109
v 0.149816535 -0.012968987 0.00533206367
v 0.148164741 -0.0132833136 -0.00109729835
v 0.156034964 -0.00944403746 -0.00855447361
v 0.148164741 -0.0132833136 -0.00109729835
v 0.146657605 -0.0137497113 -0.0130481116
v 0.146657605 -0.0137497113 -0.0130481116
v 0.155433807 -0.00901764966 -0.0168505358
v 0.156034964 -0.00944403746 -0.00855447361
v 0.147382651 -0.0120717991 0.0202193274
v 0.145923071 -0.0120926994 0.0308383169
v 0.148248188 -0.0153531002 0.0209425751
v 0.08756914 -0.0134407313 -0.0350335147
v 0.097009223 -0.007198657 -0.0402165984
v 0.0943380099 -0.0124235213 -0.0265143142
v 0.149152804 -0.0125468636 0.0186067278
v 0.149816535 -0.012968987 0.00533206367
v 0.158071766 -0.00872766323 0.00507727673
v 0.149816535 -0.012968987 0.00533206367
v 0.151070956 -0.0119843519 0.000490139109
v 0.158071766 -0.00872766323 0.00507727673
v 0.146657605 -0.0137497113 -0.0130481116
v 0.145327583 -0.0144291004 -0.0213360618
v 0.155433807 -0.00901764966 -0.0168505358
v 0.136050429 -0.0144307506 -0.0393458118
v 0.137793806 -0.0122365232 -0.040371975
v 0.146151047 -0.00957260013 -0.0343689957
v 0.137793806 -0.0122365232 -0.040371975
v 0.136050429 -0.0144307506 -0.0393458118
v 0.132874188 -0.0128512882 -0.0400921621
v 0.0970897129 -0.0116462138 0.0530041172
v 0.0979845161 -0.0125006585 0.0550568802
v 0.103358847 -0.0161041226 0.0531867438
v 0.0626740945 -0.012701681 -0.0329044909
v 0.0759937231 -0.0139861279 -0.0342137966
v 0.0638589305 -0.0143505817 -0.031990523
v 0.152677767 -0.010048763 0.0315082143
v 0.147382651 -0.0120717991 0.0202193274
v 0.151905433 -0.00865602542 0.0242347378
v 0.145923071 -0.0120926994 0.0308383169
v 0.152677767 -0.010048763 0.0315082143
v 0.144753237 -0.0117609122 0.0385616906
v 0.145923071 -0.0120926994 0.0308383169
v 0.147382651 -0.0120717991 0.0202193274
v 0.152677767 -0.010048763 0.0315082143
v 0.138808546 -0.00896306179 0.0390000409
v 0.138380091 -0.0110285869 0.0402230973
v 0.144429672 -0.0151256759 0.0388866058
v 0.106077907 -0.0148120345 0.0419040385
v 0.0970897129 -0.0116462138 0.0530041172
v 0.103358847 -0.0161041226 0.0531867438
v 0.148004553 -0.00709512403 0.0199671515
v 0.147382651 -0.0120717991 0.0202193274
v 0.149152804 -0.0125468636 0.0186067278
v 0.138808546 -0.00896306179 0.0390000409
v 0.144429672 -0.0151256759 0.0388866058
v 0.144753237 -0.0117609122 0.0385616906
v 0.158071766 -0.00872766323 0.00507727673
v 0.158209648 -0.00854739991 0.0124141399
v 0.149152804 -0.0125468636 0.0186067278
v 0.148004553 -0.00709512403 0.0199671515
v 0.151905433 -0.00865602542 0.0242347378
v 0.147382651 -0.0120717991 0.0202193274
v 0.101777036 -0.00803342174 0.00895601406
v 0.101717501 -0.00762298425 0.00282983874
v 0.102907156 -0.013938634 0.0149719141
v 0.0821299479 -0.00787721993 0.0481596013
v 0.0979845161 -0.0125006585 0.0550568802
v 0.0970897129 -0.0116462138 0.0530041172
v 0.0626740945 -0.012701681 -0.0329044909
v 0.0841094277 -0.0095722745 -0.0377551274
v 0.0759937231 -0.0139861279 -0.0342137966
v 0.0821299479 -0.00787721993 0.0481596013
v 0.0659236314 -0.00916765499 0.0403997896
v 0.081731323 -0.0244763608 0.0490595412
v 0.0462395433 -0.00761720472 -0.0306105707
v 0.0495769442 -0.00238175367 -0.0326114765
v 0.047697182 -0.0144747423 -0.0271617959
v 0.151175729 0.000346513781 0.0197695641
v 0.149152804 -0.0125468636 0.0186067278
v 0.158209648 -0.00854739991 0.0124141399
v 0.148889914 -0.00248681104 0.0208791913
v 0.15101979 0.00671056415 0.0211211911
v 0.148004553 -0.00709512403 0.0199671515
v 0.149152804 -0.0125468636 0.0186067278
v 0.151175729 0.000346513781 0.0197695641
v 0.142071016 -0.0130044609 -0.0219255278
v 0.146151047 -0.00957260013 -0.0343689957
v 0.14688806 -0.00895893707 -0.0271529978
v 0.0475006921 -0.00979424315 0.0262069021
v 0.0567582929 -0.0150877074 0.0315759477
v 0.0659236314 -0.00916765499 0.0403997896
v 0.144753237 -0.0117609122 0.0385616906
v 0.152677767 -0.010048763 0.0315082143
v 0.146201244 -0.000641148787 0.0386280997
v 0.148671287 -0.0068758117 -0.00119176084
v 0.148164741 -0.0132833136 -0.00109729835
v 0.156034964 -0.00944403746 -0.00855447361
v 0.148889914 -0.00248681104 0.0208791913
v 0.151905433 -0.00865602542 0.0242347378
v 0.148004553 -0.00709512403 0.0199671515
v 0.143082606 -0.00730563574 -0.0224542091
v 0.142071016 -0.0130044609 -0.0219255278
v 0.14688806 -0.00895893707 -0.0271529978
v 0.118449741 -0.0018186966 0.0350037386
v 0.112276127 -0.0155677353 0.0350995775
v 0.124919256 -0.0136277486 0.0380833284
v 0.101717501 -0.00762298425 0.00282983874
v 0.0967538896 -0.0112546327 0.0019992016
v 0.103208014 -0.0137817461 0.00270306409
v 0.101717501 -0.00762298425 0.00282983874
v 0.101777036 -0.00803342174 0.00895601406
v 0.0967538896 -0.0112546327 0.0019992016
v 0.148164741 -0.0132833136 -0.00109729835
v 0.148671287 -0.0068758117 -0.00119176084
v 0.151070956 -0.0119843519 0.000490139109
v 0.142071016 -0.0130044609 -0.0219255278
v 0.143082606 -0.00730563574 -0.0224542091
v 0.145327583 -0.0144291004 -0.0213360618
v 0.143563587 -0.00127681105 -0.0227539611
v 0.149219497 0.00502550242 -0.0227600132
v 0.131103731 -0.000195647406 0.0373258401
v 0.124919256 -0.0136277486 0.0380833284
v 0.138380091 -0.0110285869 0.0402230973
v 0.152677767 -0.010048763 0.0315082143
v 0.153407609 0.00184760097 0.0318272185
v 0.146201244 -0.000641148787 0.0386280997
v 0.138808546 -0.00896306179 0.0390000409
v 0.144753237 -0.0117609122 0.0385616906
v 0.146201244 -0.000641148787 0.0386280997
v 0.151905433 -0.00865602542 0.0242347378
v 0.153407609 0.00184760097 0.0318272185
v 0.152677767 -0.010048763 0.0315082143
v 0.153407609 0.00184760097 0.0318272185
v 0.151905433 -0.00865602542 0.0242347378
v 0.153774037 0.00223163877 0.0248841534
v 0.147465689 0.00230781459 -0.0282828347
v 0.14688806 -0.00895893707 -0.0271529978
v 0.146151047 -0.00957260013 -0.0343689957
v 0.158071766 -0.00872766323 0.00507727673
v 0.158225468 0.00257181346 0.00428486419
v 0.158209648 -0.00854739991 0.0124141399
v 0.145327583 -0.0144291004 -0.0213360618
v 0.154803649 0.00256218926 -0.0183054217
v 0.155433807 -0.00901764966 -0.0168505358
v 0.146243573 0.00289329005 -0.0348392496
v 0.147465689 0.00230781459 -0.0282828347
v 0.146151047 -0.00957260013 -0.0343689957
v 0.153774037 0.00223163877 0.0248841534
v 0.151905433 -0.00865602542 0.0242347378
v 0.148889914 -0.00248681104 0.0208791913
v 0.143563587 -0.00127681105 -0.0227539611
v 0.145327583 -0.0144291004 -0.0213360618
v 0.143082606 -0.00730563574 -0.0224542091
v 0.137793806 -0.0122365232 -0.040371975
v 0.13850427 0.00591279069 -0.0414267386
v 0.146151047 -0.00957260013 -0.0343689957
v 0.158225468 0.00257181346 0.00428486419
v 0.158194676 0.00262378854 0.0130078639
v 0.158209648 -0.00854739991 0.0124141399
v 0.138380091 -0.0110285869 0.0402230973
v 0.138808546 -0.00896306179 0.0390000409
v 0.131103731 -0.000195647406 0.0373258401
v 0.148889914 -0.00248681104 0.0208791913
v 0.148004553 -0.00709512403 0.0199671515
v 0.151175729 0.000346513781 0.0197695641
v 0.13850427 0.00591279069 -0.0414267386
v 0.146243573 0.00289329005 -0.0348392496
v 0.146151047 -0.00957260013 -0.0343689957
v 0.143082606 -0.00730563574 -0.0224542091
v 0.14688806 -0.00895893707 -0.0271529978
v 0.143563587 -0.00127681105 -0.0227539611
v 0.0475006921 -0.00979424315 0.0262069021
v 0.0659236314 -0.00916765499 0.0403997896
v 0.0586739475 0.00441693413 0.0310616131
v 0.131103731 -0.000195647406 0.0373258401
v 0.138808546 -0.00896306179 0.0390000409
v 0.146132896 0.0067019017 0.0391647656
v 0.155433807 -0.00901764966 -0.0168505358
v 0.156158305 0.00207351423 -0.00762992277
v 0.156034964 -0.00944403746 -0.00855447361
v 0.146132896 0.0067019017 0.0391647656
v 0.138808546 -0.00896306179 0.0390000409
v 0.146201244 -0.000641148787 0.0386280997
v 0.148671287 -0.0068758117 -0.00119176084
v 0.152428625 0.00692643976 -0.00113896094
v 0.151070956 -0.0119843519 0.000490139109
v 0.147465689 0.00230781459 -0.0282828347
v 0.143563587 -0.00127681105 -0.0227539611
v 0.14688806 -0.00895893707 -0.0271529978
v 0.150650603 0.00421617668 -0.00178369864
v 0.152428625 0.00692643976 -0.00113896094
v 0.148671287 -0.0068758117 -0.00119176084
v 0.154803649 0.00256218926 -0.0183054217
v 0.156158305 0.00207351423 -0.00762992277
v 0.155433807 -0.00901764966 -0.0168505358
v 0.121259861 -0.00100402571 0.0357799028
v 0.118449741 -0.0018186966 0.0350037386
v 0.124919256 -0.0136277486 0.0380833284
v 0.152428625 0.00692643976 -0.00113896094
v 0.158071766 -0.00872766323 0.00507727673
v 0.151070956 -0.0119843519 0.000490139109
v 0.153407609 0.00184760097 0.0318272185
v 0.1494527 0.00496692661 0.035446629
v 0.146201244 -0.000641148787 0.0386280997
v 0.0505212952 0.00547664754 -0.0324534834
v 0.0705958669 -0.00588405966 -0.0360027683
v 0.0495769442 -0.00238175367 -0.0326114765
v 0.0489077316 0.0045054846 -0.032705249
v 0.0505212952 0.00547664754 -0.0324534834
v 0.0495769442 -0.00238175367 -0.0326114765
v 0.121259861 -0.00100402571 0.0357799028
v 0.124919256 -0.0136277486 0.0380833284
v 0.131103731 -0.000195647406 0.0373258401
v 0.148889914 -0.00248681104 0.0208791913
v 0.15101979 0.00671056415 0.0211211911
v 0.153774037 0.00223163877 0.0248841534
v 0.143563587 -0.00127681105 -0.0227539611
v 0.147465689 0.00230781459 -0.0282828347
v 0.144138038 0.0055129402 -0.0237288346
v 0.042825506 0.000140430453 -0.0324218825
v 0.0489077316 0.0045054846 -0.032705249
v 0.0495769442 -0.00238175367 -0.0326114765
v 0.103355265 0.00871765618 -0.043087735
v 0.117582335 0.00520812764 -0.0376104319
v 0.097009223 -0.007198657 -0.0402165984
v 0.0809286047 0.00546028221 -0.0389988971
v 0.0705958669 -0.00588405966 -0.0360027683
v 0.0505212952 0.00547664754 -0.0324534834
v 0.151175729 0.000346513781 0.0197695641
v 0.158209648 -0.00854739991 0.0124141399
v 0.158194676 0.00262378854 0.0130078639
v 0.158071766 -0.00872766323 0.00507727673
v 0.152428625 0.00692643976 -0.00113896094
v 0.158225468 0.00257181346 0.00428486419
v 0.149219497 0.00502550242 -0.0227600132
v 0.154803649 0.00256218926 -0.0183054217
v 0.145327583 -0.0144291004 -0.0213360618
v 0.143563587 -0.00127681105 -0.0227539611
v 0.144138038 0.0055129402 -0.0237288346
v 0.149219497 0.00502550242 -0.0227600132
v 0.154803649 0.00256218926 -0.0183054217
v 0.15170082 0.00477676384 -0.0152896377
v 0.156158305 0.00207351423 -0.00762992277
v 0.159050887 0.00685658896 0.012685977
v 0.151175729 0.000346513781 0.0197695641
v 0.158194676 0.00262378854 0.0130078639
v 0.115108766 0.00760528043 0.043357964
v 0.106057138 -0.00126402047 0.0481773372
v 0.112276127 -0.0155677353 0.0350995775
v 0.154430352 0.00493076408 0.00159055162
v 0.158225468 0.00257181346 0.00428486419
v 0.152428625 0.00692643976 -0.00113896094
v 0.146132896 0.0067019017 0.0391647656
v 0.146201244 -0.000641148787 0.0386280997
v 0.1494527 0.00496692661 0.035446629
v 0.143945709 0.00495936496 -0.0311943993
v 0.144138038 0.0055129402 -0.0237288346
v 0.147465689 0.00230781459 -0.0282828347
v 0.146243573 0.00289329005 -0.0348392496
v 0.143945709 0.00495936496 -0.0311943993
v 0.147465689 0.00230781459 -0.0282828347
v 0.158225468 0.00257181346 0.00428486419
v 0.15448849 0.00496128964 0.0113589638
v 0.158194676 0.00262378854 0.0130078639
v 0.154430352 0.00493076408 0.00159055162
v 0.15448849 0.00496128964 0.0113589638
v 0.158225468 0.00257181346 0.00428486419
v 0.153118188 0.00505107702 -0.00660458609
v 0.150650603 0.00421617668 -0.00178369864
v 0.156158305 0.00207351423 -0.00762992277
v 0.151528968 0.00470938918 0.0260160508
v 0.153407609 0.00184760097 0.0318272185
v 0.153774037 0.00223163877 0.0248841534
v 0.149219497 0.00502550242 -0.0227600132
v 0.15170082 0.00477676384 -0.0152896377
v 0.154803649 0.00256218926 -0.0183054217
v 0.151528968 0.00470938918 0.0260160508
v 0.1494527 0.00496692661 0.035446629
v 0.153407609 0.00184760097 0.0318272185
v 0.13850427 0.00591279069 -0.0414267386
v 0.143142 0.0048723277 -0.0355334894
v 0.146243573 0.00289329005 -0.0348392496
v 0.158194676 0.00262378854 0.0130078639
v 0.15448849 0.00496128964 0.0113589638
v 0.159050887 0.00685658896 0.012685977
v 0.15170082 0.00477676384 -0.0152896377
v 0.153118188 0.00505107702 -0.00660458609
v 0.156158305 0.00207351423 -0.00762992277
v 0.15101979 0.00671056415 0.0211211911
v 0.151175729 0.000346513781 0.0197695641
v 0.159050887 0.00685658896 0.012685977
v 0.153774037 0.00223163877 0.0248841534
v 0.15101979 0.00671056415 0.0211211911
v 0.151528968 0.00470938918 0.0260160508
v 0.143142 0.0048723277 -0.0355334894
v 0.143945709 0.00495936496 -0.0311943993
v 0.146243573 0.00289329005 -0.0348392496
v 0.115108766 0.00760528043 0.043357964
v 0.112276127 -0.0155677353 0.0350995775
v 0.118449741 -0.0018186966 0.0350037386
v 0.102453541 0.013995456 0.0405341299
v 0.106057138 -0.00126402047 0.0481773372
v 0.115108766 0.00760528043 0.043357964
v 0.160162991 0.00620937662 0.004047127
v 0.159050887 0.00685658896 0.012685977
v 0.15448849 0.00496128964 0.0113589638
v 0.15448849 0.00496128964 0.0113589638
v 0.154430352 0.00493076408 0.00159055162
v 0.160162991 0.00620937662 0.004047127
v 0.15170082 0.00477676384 -0.0152896377
v 0.157295833 0.00650101494 -0.00764628567
v 0.153118188 0.00505107702 -0.00660458609
v 0.153118188 0.00505107702 -0.00660458609
v 0.152428625 0.00692643976 -0.00113896094
v 0.150650603 0.00421617668 -0.00178369864
v 0.148118942 0.00571973927 -0.0347845256
v 0.148824453 0.00664593963 -0.025856102
v 0.143945709 0.00495936496 -0.0311943993
v 0.148824453 0.00664593963 -0.025856102
v 0.144138038 0.0055129402 -0.0237288346
v 0.143945709 0.00495936496 -0.0311943993
v 0.143945709 0.00495936496 -0.0311943993
v 0.143142 0.0048723277 -0.0355334894
v 0.148118942 0.00571973927 -0.0347845256
v 0.13850427 0.00591279069 -0.0414267386
v 0.148118942 0.00571973927 -0.0347845256
v 0.143142 0.0048723277 -0.0355334894
v 0.0604093316 0.00755729726 0.0302355125
v 0.0586739475 0.00441693413 0.0310616131
v 0.0638648468 0.00797942242 0.0321327359
v 0.157295833 0.00650101494 -0.00764628567
v 0.15170082 0.00477676384 -0.0152896377
v 0.156647656 0.00693235184 -0.0158751121
v 0.149219497 0.00502550242 -0.0227600132
v 0.156647656 0.00693235184 -0.0158751121
v 0.15170082 0.00477676384 -0.0152896377
v 0.15101979 0.00671056415 0.0211211911
v 0.155274596 0.00644986405 0.0253898761
v 0.151528968 0.00470938918 0.0260160508
v 0.146132896 0.0067019017 0.0391647656
v 0.1494527 0.00496692661 0.035446629
v 0.153404861 0.00675745209 0.0344255532
v 0.152428625 0.00692643976 -0.00113896094
v 0.160162991 0.00620937662 0.004047127
v 0.154430352 0.00493076408 0.00159055162
v 0.152428625 0.00692643976 -0.00113896094
v 0.153118188 0.00505107702 -0.00660458609
v 0.157295833 0.00650101494 -0.00764628567
v 0.0604093316 0.00755729726 0.0302355125
v 0.0457426176 0.00917113539 0.0249733886
v 0.0586739475 0.00441693413 0.0310616131
v 0.148824453 0.00664593963 -0.025856102
v 0.149219497 0.00502550242 -0.0227600132
v 0.144138038 0.0055129402 -0.0237288346
v 0.0489077316 0.0045054846 -0.032705249
v 0.0464323201 0.0144822098 -0.0229958241
v 0.0505212952 0.00547664754 -0.0324534834
v 0.152371267 0.00861287721 0.0193654516
v 0.15101979 0.00671056415 0.0211211911
v 0.159050887 0.00685658896 0.012685977
v 0.148824453 0.00664593963 -0.025856102
v 0.144122228 0.0130608673 -0.0232577615
v 0.149219497 0.00502550242 -0.0227600132
v 0.142195158 0.0285624767 -0.0371987466
v 0.148118942 0.00571973927 -0.0347845256
v 0.13850427 0.00591279069 -0.0414267386
v 0.124911686 0.0149810549 -0.0402159087
v 0.117582335 0.00520812764 -0.0376104319
v 0.103355265 0.00871765618 -0.043087735
v 0.15101979 0.00671056415 0.0211211911
v 0.148255764 0.0131740277 0.021091626
v 0.155274596 0.00644986405 0.0253898761
v 0.153404861 0.00675745209 0.0344255532
v 0.145461224 0.0301247561 0.0343570748
v 0.146132896 0.0067019017 0.0391647656
v 0.117582335 0.00520812764 -0.0376104319
v 0.124911686 0.0149810549 -0.0402159087
v 0.123314224 0.00736657881 -0.0380123354
v 0.152428625 0.00692643976 -0.00113896094
v 0.149563946 0.0143860932 -0.00136432373
v 0.160162991 0.00620937662 0.004047127
v 0.148255764 0.0131740277 0.021091626
v 0.15101979 0.00671056415 0.0211211911
v 0.152371267 0.00861287721 0.0193654516
v 0.151071768 0.0312456557 0.0125422899
v 0.144693011 0.0353159306 0.0158499883
v 0.142144156 0.0260555804 0.0203632895
v 0.1450817 0.0202783801 0.020117854
v 0.106429491 0.0133401342 0.0398350763
v 0.115108766 0.00760528043 0.043357964
v 0.11529645 0.008725767 0.0419109158
v 0.0908061931 0.0206032964 0.0369006913
v 0.0638648468 0.00797942242 0.0321327359
v 0.0821299479 -0.00787721993 0.0481596013
v 0.14362915 0.0285935568 -0.0287409872
v 0.148824453 0.00664593963 -0.025856102
v 0.148118942 0.00571973927 -0.0347845256
v 0.14362915 0.0285935568 -0.0287409872
v 0.144122228 0.0130608673 -0.0232577615
v 0.148824453 0.00664593963 -0.025856102
v 0.102453541 0.013995456 0.0405341299
v 0.115108766 0.00760528043 0.043357964
v 0.106429491 0.0133401342 0.0398350763
v 0.147241703 0.0303827064 0.0260696746
v 0.155274596 0.00644986405 0.0253898761
v 0.148255764 0.0131740277 0.021091626
v 0.0437483202 0.0149400856 0.0162597382
v 0.0457426176 0.00917113539 0.0249733886
v 0.0754534857 0.0241495618 0.0210400671
v 0.0754534857 0.0241495618 0.0210400671
v 0.0457426176 0.00917113539 0.0249733886
v 0.0604093316 0.00755729726 0.0302355125
v 0.151057041 0.0304139148 -0.00982593629
v 0.157295833 0.00650101494 -0.00764628567
v 0.156647656 0.00693235184 -0.0158751121
v 0.149563946 0.0143860932 -0.00136432373
v 0.152428625 0.00692643976 -0.00113896094
v 0.157295833 0.00650101494 -0.00764628567
v 0.148255764 0.0131740277 0.021091626
v 0.152371267 0.00861287721 0.0193654516
v 0.1450817 0.0202783801 0.020117854
v 0.0908061931 0.0206032964 0.0369006913
v 0.0821299479 -0.00787721993 0.0481596013
v 0.0970897129 -0.0116462138 0.0530041172
v 0.0604093316 0.00755729726 0.0302355125
v 0.0638648468 0.00797942242 0.0321327359
v 0.0908061931 0.0206032964 0.0369006913
v 0.160162991 0.00620937662 0.004047127
v 0.151071768 0.0312456557 0.0125422899
v 0.159050887 0.00685658896 0.012685977
v 0.147241703 0.0303827064 0.0260696746
v 0.153404861 0.00675745209 0.0344255532
v 0.155274596 0.00644986405 0.0253898761
v 0.151071768 0.0312456557 0.0125422899
v 0.152371267 0.00861287721 0.0193654516
v 0.159050887 0.00685658896 0.012685977
v 0.149563946 0.0143860932 -0.00136432373
v 0.157295833 0.00650101494 -0.00764628567
v 0.151057041 0.0304139148 -0.00982593629
v 0.117421116 0.0302838468 0.0386655011
v 0.106429491 0.0133401342 0.0398350763
v 0.11529645 0.008725767 0.0419109158
v 0.0980356663 0.0186367715 0.0375679811
v 0.102453541 0.013995456 0.0405341299
v 0.106429491 0.0133401342 0.0398350763
v 0.149219497 0.00502550242 -0.0227600132
v 0.149698404 0.0309369658 -0.0177257229
v 0.156647656 0.00693235184 -0.0158751121
v 0.142195158 0.0285624767 -0.0371987466
v 0.13850427 0.00591279069 -0.0414267386
v 0.130075921 0.0325411817 -0.0405226718
v 0.0754534857 0.0241495618 0.0210400671
v 0.0604093316 0.00755729726 0.0302355125
v 0.0908061931 0.0206032964 0.0369006913
v 0.15098115 0.0321185057 0.00446471422
v 0.151071768 0.0312456557 0.0125422899
v 0.160162991 0.00620937662 0.004047127
v 0.144693011 0.0353159306 0.0158499883
v 0.1450817 0.0202783801 0.020117854
v 0.152371267 0.00861287721 0.0193654516
v 0.103355265 0.00871765618 -0.043087735
v 0.12603968 0.0290763762 -0.0405558938
v 0.124911686 0.0149810549 -0.0402159087
v 0.144122228 0.0130608673 -0.0232577615
v 0.13938438 0.0229582545 -0.0227558892
v 0.145856397 0.0210740949 -0.0211491992
v 0.142758374 0.0352499316 -0.0196756097
v 0.134336779 0.0350764022 -0.0226201752
v 0.145856397 0.0210740949 -0.0211491992
v 0.149698404 0.0309369658 -0.0177257229
v 0.149219497 0.00502550242 -0.0227600132
v 0.144122228 0.0130608673 -0.0232577615
v 0.0980356663 0.0186367715 0.0375679811
v 0.0908061931 0.0206032964 0.0369006913
v 0.102453541 0.013995456 0.0405341299
v 0.1450817 0.0202783801 0.020117854
v 0.142144156 0.0260555804 0.0203632895
v 0.148255764 0.0131740277 0.021091626
v 0.144122228 0.0130608673 -0.0232577615
v 0.14362915 0.0285935568 -0.0287409872
v 0.13938438 0.0229582545 -0.0227558892
v 0.149563946 0.0143860932 -0.00136432373
v 0.15098115 0.0321185057 0.00446471422
v 0.160162991 0.00620937662 0.004047127
v 0.128640556 0.021577482 -0.0403239857
v 0.130075921 0.0325411817 -0.0405226718
v 0.13850427 0.00591279069 -0.0414267386
v 0.143015233 0.0354245547 -0.00597772305
v 0.149563946 0.0143860932 -0.00136432373
v 0.151057041 0.0304139148 -0.00982593629
v 0.0908061931 0.0206032964 0.0369006913
v 0.0980356663 0.0186367715 0.0375679811
v 0.0950074996 0.0232938964 0.036203154
v 0.0950074996 0.0232938964 0.036203154
v 0.0754534857 0.0241495618 0.0210400671
v 0.0908061931 0.0206032964 0.0369006913
v 0.143015233 0.0354245547 -0.00597772305
v 0.139361573 0.0338048068 -0.00133393587
v 0.149563946 0.0143860932 -0.00136432373
v 0.153404861 0.00675745209 0.0344255532
v 0.147241703 0.0303827064 0.0260696746
v 0.145461224 0.0301247561 0.0343570748
v 0.149698404 0.0309369658 -0.0177257229
v 0.151057041 0.0304139148 -0.00982593629
v 0.156647656 0.00693235184 -0.0158751121
v 0.148118942 0.00571973927 -0.0347845256
v 0.142195158 0.0285624767 -0.0371987466
v 0.14362915 0.0285935568 -0.0287409872
v 0.13107885 0.0338620068 0.0402647624
v 0.11529645 0.008725767 0.0419109158
v 0.133548357 0.0322098087 0.0396896037
v 0.12603968 0.0290763762 -0.0405558938
v 0.103355265 0.00871765618 -0.043087735
v 0.102256775 0.0239475691 -0.0387850887
v 0.119769066 0.0403766188 0.00100466386
v 0.0863879049 0.0296620698 -0.011133973
v 0.0518230071 0.020020301 -0.000305985645
v 0.117421116 0.0302838468 0.0386655011
v 0.11529645 0.008725767 0.0419109158
v 0.13107885 0.0338620068 0.0402647624
v 0.0980356663 0.0186367715 0.0375679811
v 0.106429491 0.0133401342 0.0398350763
v 0.0950074996 0.0232938964 0.036203154
v 0.121700251 0.0393233659 0.0213457271
v 0.0950074996 0.0232938964 0.036203154
v 0.117421116 0.0302838468 0.0386655011
v 0.121700251 0.0393233659 0.0213457271
v 0.13107885 0.0338620068 0.0402647624
v 0.0950074996 0.0232938964 0.036203154
v 0.080887907 0.0263074862 0.0197120899
v 0.0754534857 0.0241495618 0.0210400671
v 0.13938438 0.0229582545 -0.0227558892
v 0.134336779 0.0350764022 -0.0226201752
v 0.145856397 0.0210740949 -0.0211491992
v 0.0518230071 0.020020301 -0.000305985645
v 0.080887907 0.0263074862 0.0197120899
v 0.119769066 0.0403766188 0.00100466386
v 0.142195158 0.0285624767 -0.0371987466
v 0.133506418 0.0362415798 -0.0251005345
v 0.14362915 0.0285935568 -0.0287409872
v 0.130075921 0.0325411817 -0.0405226718
v 0.133506418 0.0362415798 -0.0251005345
v 0.142195158 0.0285624767 -0.0371987466
v 0.127451407 0.0336272637 -0.040861679
v 0.130075921 0.0325411817 -0.0405226718
v 0.12603968 0.0290763762 -0.0405558938
v 0.102256775 0.0239475691 -0.0387850887
v 0.122373999 0.0339469834 -0.0395835523
v 0.12603968 0.0290763762 -0.0405558938
v 0.122373999 0.0339469834 -0.0395835523
v 0.127451407 0.0336272637 -0.040861679
v 0.12603968 0.0290763762 -0.0405558938
v 0.136967026 0.0359636938 0.019645541
v 0.139037787 0.0340419914 0.0209091653
v 0.142144156 0.0260555804 0.0203632895
v 0.136967026 0.0359636938 0.019645541
v 0.142144156 0.0260555804 0.0203632895
v 0.144693011 0.0353159306 0.0158499883
v 0.134336779 0.0350764022 -0.0226201752
v 0.13938438 0.0229582545 -0.0227558892
v 0.14362915 0.0285935568 -0.0287409872
v 0.145461224 0.0301247561 0.0343570748
v 0.135614845 0.0342562186 0.0271630794
v 0.133548357 0.0322098087 0.0396896037
v 0.15098115 0.0321185057 0.00446471422
v 0.144693011 0.0353159306 0.0158499883
v 0.151071768 0.0312456557 0.0125422899
v 0.14381659 0.0353944439 0.00137660163
v 0.144693011 0.0353159306 0.0158499883
v 0.15098115 0.0321185057 0.00446471422
v 0.145461224 0.0301247561 0.0343570748
v 0.147241703 0.0303827064 0.0260696746
v 0.139037787 0.0340419914 0.0209091653
v 0.134516496 0.035909933 -0.021973651
v 0.142758374 0.0352499316 -0.0196756097
v 0.134336779 0.0350764022 -0.0226201752
v 0.135614845 0.0342562186 0.0271630794
v 0.135056587 0.039011246 0.0206118886
v 0.133548357 0.0322098087 0.0396896037
v 0.135056587 0.039011246 0.0206118886
v 0.13107885 0.0338620068 0.0402647624
v 0.133548357 0.0322098087 0.0396896037
v 0.139037787 0.0340419914 0.0209091653
v 0.135614845 0.0342562186 0.0271630794
v 0.145461224 0.0301247561 0.0343570748
v 0.134336779 0.0350764022 -0.0226201752
v 0.14362915 0.0285935568 -0.0287409872
v 0.133506418 0.0362415798 -0.0251005345
v 0.136967026 0.0359636938 0.019645541
v 0.135614845 0.0342562186 0.0271630794
v 0.139037787 0.0340419914 0.0209091653
v 0.136648008 0.0362052818 -0.000997611096
v 0.139361573 0.0338048068 -0.00133393587
v 0.143015233 0.0354245547 -0.00597772305
v 0.133506418 0.0362415798 -0.0251005345
v 0.134516496 0.035909933 -0.021973651
v 0.134336779 0.0350764022 -0.0226201752
v 0.139361573 0.0338048068 -0.00133393587
v 0.136648008 0.0362052818 -0.000997611096
v 0.14381659 0.0353944439 0.00137660163
v 0.135056587 0.039011246 0.0206118886
v 0.135614845 0.0342562186 0.0271630794
v 0.136967026 0.0359636938 0.019645541
v 0.135056587 0.039011246 0.0206118886
v 0.121700251 0.0393233659 0.0213457271
v 0.13107885 0.0338620068 0.0402647624
v 0.135264621 0.0397254191 -0.000360161266
v 0.136648008 0.0362052818 -0.000997611096
v 0.135559711 0.0361340559 -0.0120180979
v 0.134516496 0.035909933 -0.021973651
v 0.132788124 0.0392719404 -0.0197095738
v 0.135559711 0.0361340559 -0.0120180979
v 0.133506418 0.0362415798 -0.0251005345
v 0.130075921 0.0325411817 -0.0405226718
v 0.127451407 0.0336272637 -0.040861679
v 0.136967026 0.0359636938 0.019645541
v 0.136648008 0.0362052818 -0.000997611096
v 0.135056587 0.039011246 0.0206118886
v 0.135264621 0.0397254191 -0.000360161266
v 0.135559711 0.0361340559 -0.0120180979
v 0.132788124 0.0392719404 -0.0197095738
v 0.134516496 0.035909933 -0.021973651
v 0.133506418 0.0362415798 -0.0251005345
v 0.132788124 0.0392719404 -0.0197095738
v 0.133506418 0.0362415798 -0.0251005345
v 0.127451407 0.0336272637 -0.040861679
v 0.132788124 0.0392719404 -0.0197095738
v 0.136648008 0.0362052818 -0.000997611096
v 0.135264621 0.0397254191 -0.000360161266
v 0.135056587 0.039011246 0.0206118886
v 0.0863879049 0.0296620698 -0.011133973
v 0.119769066 0.0403766188 0.00100466386
v 0.119859533 0.0392036064 -0.0203035728
v 0.080887907 0.0263074862 0.0197120899
v 0.121700251 0.0393233659 0.0213457271
v 0.119769066 0.0403766188 0.00100466386
v 0.119769066 0.0403766188 0.00100466386
v 0.135264621 0.0397254191 -0.000360161266
v 0.132788124 0.0392719404 -0.0197095738
v 0.132788124 0.0392719404 -0.0197095738
v 0.119859533 0.0392036064 -0.0203035728
v 0.119769066 0.0403766188 0.00100466386
v 0.0410000014 -0.00708417543 0.0279646949
v 0.0431941707 -0.00727348438 0.0275813945
v 0.0410000006 0.00218968266 0.0267610827
v 0.0457426176 0.00917113539 0.0249733886
v 0.0410000001 0.00809348852 0.0259948545
v 0.0410000014 -0.00708417543 0.0279646949
v 0.0410000021 -0.0145074861 0.0258157059
v 0.0431941707 -0.00727348438 0.0275813945
v 0.0475006921 -0.00979424315 0.0262069021
v 0.0410000027 -0.0218178765 0.0205100805
v 0.0410000024 -0.0183711171 0.0246972195
v 0.0410000021 -0.0145074861 0.0258157059
v 0.0410000028 -0.0227061123 0.0169581748
v 0.0410000028 -0.0231775478 0.0150729931
v 0.0410000028 -0.0229700782 0.00368822257
v 0.0410000014 -0.00708417543 0.0279646949
v 0.0410000006 0.00218968266 0.0267610827
v 0.0409999996 0.0137551258 0.0178453382
v 0.0410000027 -0.0214782959 -0.00736187867
v 0.0410000028 -0.0235074251 -0.000819315392
v 0.0410000025 -0.0193730892 -0.0128148502
v 0.0409999998 0.0113318463 0.0214513755
v 0.041 0.00870764265 0.0253564125
v 0.0410000001 0.00809348852 0.0259948545
v 0.0409999993 0.0169726212 0.0117308198
v 0.0409999994 0.0163937664 0.0132953879
v 0.0409999994 0.0153905428 0.0160590003
v 0.0409999991 0.0193956897 -0.000612701933
v 0.040999999 0.0203239986 0.00267245214
v 0.0409999992 0.0182290612 -0.0119578057
v 0.0409999989 0.0210026955 -0.00171011307
v 0.0410000007 0.00132453673 -0.0268352276
v 0.0409999993 0.017101784 -0.0160550757
v 0.0410000018 -0.0113642208 -0.0263352937
v 0.0410000024 -0.0181910692 -0.019029867
v 0.0410000023 -0.0174639609 -0.0222570627
v 0.0410000004 0.00448389323 -0.0272041594
v 0.0409999998 0.0111386434 -0.0252750528
v 0.0409999997 0.0122573132 -0.0245621282
v 0.0409999995 0.0144558107 -0.0226454358
v 0.0409999999 0.0102049707 -0.0261476467
v 0.0410000001 0.00778322859 -0.0274653692
v 0.041 0.00907318894 -0.0272053963
v 0.0409999989 0.0210026955 -0.00171011307
v 0.0412110976 0.0213740648 -0.00023985051
v 0.0518230071 0.020020301 -0.000305985645
v 0.0409999992 0.0182290612 -0.0119578057
v 0.0461250083 0.0151368495 -0.0210154132
v 0.0409999993 0.017101784 -0.0160550757
v 0.0409999998 0.0111386434 -0.0252750528
v 0.0464323201 0.0144822098 -0.0229958241
v 0.0409999999 0.0102049707 -0.0261476467
v 0.0489077316 0.0045054846 -0.032705249
v 0.041 0.00907318894 -0.0272053963
v 0.0428977102 0.00463155313 -0.0316518883
v 0.041 0.00907318894 -0.0272053963
v 0.0428977102 0.00463155313 -0.0316518883
v 0.0410000001 0.00778322859 -0.0274653692
v 0.042825506 0.000140430453 -0.0324218825
v 0.0410000001 0.00778322859 -0.0274653692
v 0.042825506 0.000140430453 -0.0324218825
v 0.0410000004 0.00448389323 -0.0272041594
v 0.0422523999 -0.00667321177 -0.030136414
v 0.0410000007 0.00132453673 -0.0268352276
v 0.0417707249 -0.00902640312 -0.0282327848
v 0.0410000023 -0.0174639609 -0.0222570627
v 0.0410000018 -0.0113642208 -0.0263352937
v 0.0435212549 -0.0163386247 -0.0241035217
v 0.0417707249 -0.00902640312 -0.0282327848
v 0.047697182 -0.0144747423 -0.0271617959
v 0.0427753701 -0.00597902971 -0.0307061913
v 0.125029803 -0.00925120838 -0.036780315
v 0.132874188 -0.0128512882 -0.0400921621
v 0.116106873 -0.0206640354 -0.0339334016
v 0.1115192 -0.00646385859 -0.0311035139
v 0.132066264 0.00652895023 -0.0399796088
v 0.125029803 -0.00925120838 -0.036780315
v 0.123314224 0.00736657881 -0.0380123354
v 0.126147679 0.014560442 -0.0391872774
v 0.13850427 0.00591279069 -0.0414267386
v 0.128640556 0.021577482 -0.0403239857
v 0.0410000028 -0.0231775478 0.0150729931
v 0.0508675179 -0.01882442 0.023088677
v 0.0410000028 -0.0227061123 0.0169581748
v 0.0410000027 -0.0218178765 0.0205100805
v 0.11529645 0.008725767 0.0419109158
v 0.121259861 -0.00100402571 0.0357799028
v 0.12680879 0.0121155544 0.0373417919
v 0.133548357 0.0322098087 0.0396896037
v 0.116804416 -0.0250892015 0.01344099
v 0.102907156 -0.013938634 0.0149719141
v 0.110900023 -0.0233287884 0.00253875169
v 0.113013118 -0.0249957029 0.00240152676
v 0.122370961 -0.0329905024 0.0128918153
v 0.12917515 -0.0247206994 0.0167229766
v 0.117674925 -0.0427860082 0.0366133143
v 0.12726445 -0.0305955274 0.0391794776
v 0.0867889846 -0.0344977726 0.0285786373
v 0.0945566341 -0.0356669397 0.0317531027
v 0.0922972453 -0.0338729769 0.0352267642
v 0.097535434 -0.031779535 0.0471484265
v 0.097535434 -0.031779535 0.0471484265
v 0.112227857 -0.0384583244 0.0442513032
v 0.103358847 -0.0161041226 0.0531867438
v 0.0869780452 -0.025299571 0.0502005161
v 0.140660389 -0.0213644621 -0.00247752341
v 0.117543893 -0.0316607401 -0.00752404885
v 0.13333123 -0.0237235494 -0.0159500487
v 0.147800094 -0.0173669267 -0.0205135395
v 0.12932227 -0.0258827149 0.00544302675
v 0.136036134 -0.0232571544 0.00440325166
v 0.136069126 -0.0222553278 0.0155095389
v 0.151293403 -0.0163619391 0.0192268519
v 0.117782037 -0.0288664639 -0.0244479626
v 0.12810059 -0.0221970263 -0.0325908477
v 0.127740617 -0.0238951519 -0.0216613873
v 0.138734169 -0.0161486746 -0.0366073626
v 0.12917515 -0.0247206994 0.0167229766
v 0.127988808 -0.0228762777 0.0155899776
v 0.127859145 -0.0235255521 0.0205872755
v 0.123868899 -0.0178143492 0.0191884916
v 0.122435314 -0.0212272347 0.0280965614
v 0.12043949 -0.0221836857 0.0330076553
v 0.127859145 -0.0235255521 0.0205872755
v 0.124136602 -0.0195517969 0.0225418407
v 0.0652388833 -0.0206823215 -0.00185602348
v 0.0718207819 -0.0247940708 0.00223337975
v 0.0498896178 -0.0217076551 0.000426338966
v 0.0826395135 -0.0203448945 -0.00292494769
v 0.132486025 -0.0198052105 0.000567826419
v 0.136036134 -0.0232571544 0.00440325166
v 0.12932227 -0.0258827149 0.00544302675
v 0.141801515 -0.0180883864 0.000626401834
v 0.117560813 -0.0207598742 0.0338838028
v 0.118298351 -0.0271239244 0.0469020306
v 0.12043949 -0.0221836857 0.0330076553
v 0.112261965 -0.0177145226 0.0343254535
v 0.10228579 -0.0262630359 -0.0266596529
v 0.103332294 -0.0259972495 -0.0146437989
v 0.0934492139 -0.0134778702 -0.0252302008
v 0.0944515906 -0.0133612714 -0.015106074
v 0.123868899 -0.0178143492 0.0191884916
v 0.127988808 -0.0228762777 0.0155899776
v 0.130715429 -0.0170484726 0.0197987145
v 0.137382669 -0.0163861358 0.0203212156
v 0.137382669 -0.0163861358 0.0203212156
v 0.136069126 -0.0222553278 0.0155095389
v 0.148248188 -0.0153531002 0.0209425751
v 0.127988808 -0.0228762777 0.0155899776
v 0.0447082058 -0.0176794555 -0.0166702754
v 0.0652388833 -0.0206823215 -0.00185602348
v 0.0498896178 -0.0217076551 0.000426338966
v 0.0635876452 -0.0172981689 -0.0157352741
v 0.047697182 -0.0144747423 -0.0271617959
v 0.134797544 -0.0190449717 0.0225429379
v 0.137382669 -0.0163861358 0.0203212156
v 0.146703671 -0.0159840873 0.0221241135
v 0.130715429 -0.0170484726 0.0197987145
v 0.112261965 -0.0177145226 0.0343254535
v 0.106077907 -0.0148120345 0.0419040385
v 0.118298351 -0.0271239244 0.0469020306
v 0.103358847 -0.0161041226 0.0531867438
v 0.0826395135 -0.0203448945 -0.00292494769
v 0.095904279 -0.0114113845 -0.00379078629
v 0.0908747998 -0.0152315458 0.00258165146
v 0.0967538896 -0.0112546327 0.0019992016
v 0.101777036 -0.00803342174 0.00895601406
v 0.0447082058 -0.0176794555 -0.0166702754
v 0.0435212549 -0.0163386247 -0.0241035217
v 0.047697182 -0.0144747423 -0.0271617959
v 0.0424196859 -0.0179951973 -0.0181264986
v 0.0410000025 -0.0193730892 -0.0128148502
v 0.0410000023 -0.0174639609 -0.0222570627
v 0.0410000024 -0.0181910692 -0.019029867
v 0.0821299479 -0.00787721993 0.0481596013
v 0.081731323 -0.0244763608 0.0490595412
v 0.090990575 -0.0170634587 0.0522745715
v 0.0979845161 -0.0125006585 0.0550568802
v 0.0635876452 -0.0172981689 -0.0157352741
v 0.047697182 -0.0144747423 -0.0271617959
v 0.0551345582 -0.0147436945 -0.0283821108
v 0.0638589305 -0.0143505817 -0.031990523
v 0.0635876452 -0.0172981689 -0.0157352741
v 0.0759937231 -0.0139861279 -0.0342137966
v 0.08756914 -0.0134407313 -0.0350335147
v 0.15029584 -0.0167721009 -0.000346685988
v 0.146657605 -0.0137497113 -0.0130481116
v 0.148164741 -0.0132833136 -0.00109729835
v 0.147800094 -0.0173669267 -0.0205135395
v 0.146703671 -0.0159840873 0.0221241135
v 0.145923071 -0.0120926994 0.0308383169
v 0.144429672 -0.0151256759 0.0388866058
v 0.144753237 -0.0117609122 0.0385616906
v 0.0759937231 -0.0139861279 -0.0342137966
v 0.0841094277 -0.0095722745 -0.0377551274
v 0.08756914 -0.0134407313 -0.0350335147
v 0.097009223 -0.007198657 -0.0402165984
v 0.103208014 -0.0137817461 0.00270306409
v 0.104471353 -0.0186070316 0.00294327674
v 0.102907156 -0.013938634 0.0149719141
v 0.101717501 -0.00762298425 0.00282983874
v 0.139501404 -0.0133208503 -0.0312384014
v 0.136050429 -0.0144307506 -0.0393458118
v 0.146151047 -0.00957260013 -0.0343689957
v 0.142071016 -0.0130044609 -0.0219255278
v 0.0841094277 -0.0095722745 -0.0377551274
v 0.0626740945 -0.012701681 -0.0329044909
v 0.0705958669 -0.00588405966 -0.0360027683
v 0.0495769442 -0.00238175367 -0.0326114765
v 0.0943380099 -0.0124235213 -0.0265143142
v 0.097009223 -0.007198657 -0.0402165984
v 0.102347244 -0.00721983248 -0.0282891648
v 0.117582335 0.00520812764 -0.0376104319
v 0.0659236314 -0.00916765499 0.0403997896
v 0.0821299479 -0.00787721993 0.0481596013
v 0.0638648468 0.00797942242 0.0321327359
v 0.0586739475 0.00441693413 0.0310616131
v 0.112276127 -0.0155677353 0.0350995775
v 0.106057138 -0.00126402047 0.0481773372
v 0.106077907 -0.0148120345 0.0419040385
v 0.0970897129 -0.0116462138 0.0530041172
v 0.0427753701 -0.00597902971 -0.0307061913
v 0.042825506 0.000140430453 -0.0324218825
v 0.0462395433 -0.00761720472 -0.0306105707
v 0.0495769442 -0.00238175367 -0.0326114765
v 0.150650603 0.00421617668 -0.00178369864
v 0.148671287 -0.0068758117 -0.00119176084
v 0.156034964 -0.00944403746 -0.00855447361
v 0.156158305 0.00207351423 -0.00762992277
v 0.0970897129 -0.0116462138 0.0530041172
v 0.106057138 -0.00126402047 0.0481773372
v 0.102453541 0.013995456 0.0405341299
v 0.0908061931 0.0206032964 0.0369006913
v 0.0705958669 -0.00588405966 -0.0360027683
v 0.0809286047 0.00546028221 -0.0389988971
v 0.0841094277 -0.0095722745 -0.0377551274
v 0.103355265 0.00871765618 -0.043087735
v 0.097009223 -0.007198657 -0.0402165984
v 0.146132896 0.0067019017 0.0391647656
v 0.12680879 0.0121155544 0.0373417919
v 0.131103731 -0.000195647406 0.0373258401
v 0.139254892 0.0202504676 0.0393998867
v 0.133548357 0.0322098087 0.0396896037
v 0.153404861 0.00675745209 0.0344255532
v 0.1494527 0.00496692661 0.035446629
v 0.151528968 0.00470938918 0.0260160508
v 0.155274596 0.00644986405 0.0253898761
v 0.0505212952 0.00547664754 -0.0324534834
v 0.0749357964 0.014265236 -0.0354218355
v 0.0809286047 0.00546028221 -0.0389988971
v 0.102256775 0.0239475691 -0.0387850887
v 0.103355265 0.00871765618 -0.043087735
v 0.139254892 0.0202504676 0.0393998867
v 0.146132896 0.0067019017 0.0391647656
v 0.145461224 0.0301247561 0.0343570748
v 0.133548357 0.0322098087 0.0396896037
v 0.126147679 0.014560442 -0.0391872774
v 0.123314224 0.00736657881 -0.0380123354
v 0.124911686 0.0149810549 -0.0402159087
v 0.128640556 0.021577482 -0.0403239857
v 0.0464323201 0.0144822098 -0.0229958241
v 0.0633970716 0.0186319606 -0.0267150637
v 0.0505212952 0.00547664754 -0.0324534834
v 0.0749357964 0.014265236 -0.0354218355
v 0.0848820062 0.0244927579 -0.0310372357
v 0.102256775 0.0239475691 -0.0387850887
v 0.0409999998 0.0113318463 0.0214513755
v 0.0437483202 0.0149400856 0.0162597382
v 0.0409999996 0.0137551258 0.0178453382
v 0.0457426176 0.00917113539 0.0249733886
v 0.041 0.00870764265 0.0253564125
v 0.0464323201 0.0144822098 -0.0229958241
v 0.0461250083 0.0151368495 -0.0210154132
v 0.0633970716 0.0186319606 -0.0267150637
v 0.0839310558 0.0274209612 -0.0209234218
v 0.148255764 0.0131740277 0.021091626
v 0.142144156 0.0260555804 0.0203632895
v 0.147241703 0.0303827064 0.0260696746
v 0.139037787 0.0340419914 0.0209091653
v 0.124911686 0.0149810549 -0.0402159087
v 0.12603968 0.0290763762 -0.0405558938
v 0.128640556 0.021577482 -0.0403239857
v 0.130075921 0.0325411817 -0.0405226718
v 0.139361573 0.0338048068 -0.00133393587
v 0.14381659 0.0353944439 0.00137660163
v 0.149563946 0.0143860932 -0.00136432373
v 0.15098115 0.0321185057 0.00446471422
v 0.0839310558 0.0274209612 -0.0209234218
v 0.0848820062 0.0244927579 -0.0310372357
v 0.0633970716 0.0186319606 -0.0267150637
v 0.103507896 0.0292151937 -0.0354109769
v 0.119859533 0.0392036064 -0.0203035728
v 0.103507896 0.0292151937 -0.0354109769
v 0.122373999 0.0339469834 -0.0395835523
v 0.0839310558 0.0274209612 -0.0209234218
v 0.0461250083 0.0151368495 -0.0210154132
v 0.0518230071 0.020020301 -0.000305985645
v 0.0863879049 0.0296620698 -0.011133973
v 0.119859533 0.0392036064 -0.0203035728
v 0.0437483202 0.0149400856 0.0162597382
v 0.0754534857 0.0241495618 0.0210400671
v 0.0518230071 0.020020301 -0.000305985645
v 0.080887907 0.0263074862 0.0197120899
v 0.0848820062 0.0244927579 -0.0310372357
v 0.103507896 0.0292151937 -0.0354109769
v 0.102256775 0.0239475691 -0.0387850887
v 0.122373999 0.0339469834 -0.0395835523
v 0.142758374 0.0352499316 -0.0196756097
v 0.151057041 0.0304139148 -0.00982593629
v 0.149698404 0.0309369658 -0.0177257229
v 0.143015233 0.0354245547 -0.00597772305
v 0.119859533 0.0392036064 -0.0203035728
v 0.127451407 0.0336272637 -0.040861679
v 0.122373999 0.0339469834 -0.0395835523
v 0.132788124 0.0392719404 -0.0197095738
v 0.134516496 0.035909933 -0.021973651
v 0.135559711 0.0361340559 -0.0120180979
v 0.142758374 0.0352499316 -0.0196756097
v 0.143015233 0.0354245547 -0.00597772305
v 0.136648008 0.0362052818 -0.000997611096
v 0.136648008 0.0362052818 -0.000997611096
v 0.144693011 0.0353159306 0.0158499883
v 0.14381659 0.0353944439 0.00137660163
v 0.136967026 0.0359636938 0.019645541
v 0.135264621 0.0397254191 -0.000360161266
v 0.119769066 0.0403766188 0.00100466386
v 0.135056587 0.039011246 0.0206118886
v 0.121700251 0.0393233659 0.0213457271
vt 0.526855469 0.750488281
vt 0.465820312 0.726074219
vt 0.469238281 0.808105469
vt 0.469238281 0.808105469
vt 0.465820312 0.726074219
vt 0.449951172 0.796875
vt 0.622070312 0.276611328
vt 0.631347656 0.277832031
vt 0.598144531 0.25390625
vt 0.598144531 0.25390625
vt 0.631347656 0.277832031
vt 0.629394531 0.253662109
vt 0.0308074951 0.79296875
vt 0.0544433594 0.790039062
vt 0.029876709 0.780273438
vt 0.029876709 0.780273438
vt 0.0544433594 0.790039062
vt 0.0294494629 0.774414062
vt 0.389892578 0.92578125
vt 0.395507812 0.970214844
vt 0.406494141 0.977539062
vt 0.400390625 0.231323242
vt 0.389648438 0.207519531
vt 0.391845703 0.257080078
vt 0.378173828 0.282470703
vt 0.391845703 0.257080078
vt 0.350097656 0.276855469
vt 0.391845703 0.257080078
vt 0.389648438 0.207519531
vt 0.350097656 0.276855469
vt 0.378173828 0.282470703
vt 0.350097656 0.276855469
vt 0.367675781 0.291015625
vt 0.350097656 0.276855469
vt 0.309082031 0.336914062
vt 0.367675781 0.291015625
vt 0.367675781 0.291015625
vt 0.309082031 0.336914062
vt 0.357910156 0.313964844
vt 0.583007812 0.14465332
vt 0.593261719 0.100585938
vt 0.56640625 0.0986938477
vt 0.583007812 0.14465332
vt 0.56640625 0.0986938477
vt 0.564453125 0.157226562
vt 0.56640625 0.0986938477
vt 0.515136719 0.0827636719
vt 0.495605469 0.110107422
vt 0.56640625 0.0986938477
vt 0.495605469 0.110107422
vt 0.564453125 0.157226562
vt 0.515136719 0.0827636719
vt 0.56640625 0.0986938477
vt 0.593261719 0.100585938
vt 0.537597656 0.048248291
vt 0.593261719 0.100585938
vt 0.625976562 0.040802002
vt 0.00205039978 0.00217437744
vt 0.0651245117 0.0795898438
vt 0.032043457 0.0118942261
vt 0.65625 0.0983886719
vt 0.688476562 0.0765380859
vt 0.658203125 0.0116043091
vt 0.65625 0.0983886719
vt 0.658203125 0.0116043091
vt 0.625976562 0.040802002
vt 0.384521484 0.962890625
vt 0.366943359 0.9375
vt 0.382324219 0.961425781
vt 0.444580078 0.729980469
vt 0.465820312 0.726074219
vt 0.445068359 0.726074219
vt 0.0236968994 0.686523438
vt 0.031829834 0.714355469
vt 0.0257263184 0.6875
vt 0.525878906 0.301757812
vt 0.526855469 0.253173828
vt 0.513183594 0.252441406
vt 0.471191406 0.251708984
vt 0.525878906 0.301757812
vt 0.448486328 0.262451172
vt 0.463867188 0.251220703
vt 0.451171875 0.250244141
vt 0.488769531 0.813964844
vt 0.475585938 0.812988281
vt 0.476318359 0.821777344
vt 0.0225524902 0.684082031
vt 0.0257263184 0.6875
vt 0.0172576904 0.671875
vt 0.440429688 0.249511719
vt 0.448486328 0.262451172
vt 0.451171875 0.250244141
vt 0.0236968994 0.686523438
vt 0.0257263184 0.6875
vt 0.0225524902 0.684082031
vt 0.476318359 0.821777344
vt 0.475585938 0.812988281
vt 0.469970703 0.81640625
vt 0.352294922 0.339355469
vt 0.309082031 0.336914062
vt 0.353271484 0.348144531
vt 0.309082031 0.336914062
vt 0.343017578 0.362060547
vt 0.353271484 0.348144531
vt 0.353515625 0.327148438
vt 0.309082031 0.336914062
vt 0.352294922 0.339355469
vt 0.0350952148 0.733886719
vt 0.0610961914 0.728515625
vt 0.031829834 0.714355469
vt 0.113830566 0.0880737305
vt 0.032043457 0.0118942261
vt 0.0651245117 0.0795898438
vt 0.778320312 0.719726562
vt 0.775878906 0.727050781
vt 0.822265625 0.752929688
vt 0.827636719 0.743164062
vt 0.778320312 0.719726562
vt 0.822265625 0.752929688
vt 0.843261719 0.264404297
vt 0.803222656 0.286621094
vt 0.844238281 0.329589844
vt 0.106079102 0.492675781
vt 0.101501465 0.476074219
vt 0.0756835938 0.497070312
vt 0.101501465 0.476074219
vt 0.00205039978 0.405761719
vt 0.0756835938 0.497070312
vt 0.162109375 0.427978516
vt 0.101501465 0.476074219
vt 0.106079102 0.492675781
vt 0.0883789062 0.316162109
vt 0.0283050537 0.371337891
vt 0.101501465 0.476074219
vt 0.101501465 0.476074219
vt 0.0283050537 0.371337891
vt 0.00205039978 0.405761719
vt 0.0883789062 0.316162109
vt 0.101501465 0.476074219
vt 0.124694824 0.397949219
vt 0.1953125 0.00286102295
vt 0.154907227 0.0105743408
vt 0.174438477 0.0173492432
vt 0.912109375 0.211791992
vt 0.859863281 0.268798828
vt 0.919921875 0.230712891
vt 0.0883789062 0.316162109
vt 0.124694824 0.397949219
vt 0.201660156 0.239990234
vt 0.124694824 0.397949219
vt 0.101501465 0.476074219
vt 0.162109375 0.427978516
vt 0.0883789062 0.316162109
vt 0.201660156 0.239990234
vt 0.149169922 0.257568359
vt 0.106079102 0.492675781
vt 0.09765625 0.562011719
vt 0.119750977 0.51171875
vt 0.1796875 0.493896484
vt 0.106079102 0.492675781
vt 0.119750977 0.51171875
vt 0.119750977 0.51171875
vt 0.09765625 0.562011719
vt 0.121398926 0.562988281
vt 0.1796875 0.493896484
vt 0.162109375 0.427978516
vt 0.106079102 0.492675781
vt 0.0650024414 0.562011719
vt 0.106079102 0.492675781
vt 0.0756835938 0.497070312
vt 0.106079102 0.492675781
vt 0.0650024414 0.562011719
vt 0.09765625 0.562011719
vt 0.193481445 0.408935547
vt 0.247924805 0.274169922
vt 0.162109375 0.427978516
vt 0.272460938 0.306884766
vt 0.247924805 0.274169922
vt 0.193481445 0.408935547
vt 0.162109375 0.427978516
vt 0.201660156 0.239990234
vt 0.124694824 0.397949219
vt 0.247924805 0.274169922
vt 0.201660156 0.239990234
vt 0.162109375 0.427978516
vt 0.178344727 0.440185547
vt 0.1796875 0.493896484
vt 0.206298828 0.458007812
vt 0.920898438 0.453369141
vt 0.87109375 0.450927734
vt 0.891601562 0.47265625
vt 0.178344727 0.440185547
vt 0.206298828 0.458007812
vt 0.253173828 0.390380859
vt 0.193481445 0.408935547
vt 0.178344727 0.440185547
vt 0.253173828 0.390380859
vt 0.920898438 0.453369141
vt 0.891601562 0.47265625
vt 0.920898438 0.575683594
vt 0.696777344 0.100158691
vt 0.693847656 0.130493164
vt 0.715820312 0.131591797
vt 0.678222656 0.173461914
vt 0.715820312 0.131591797
vt 0.693847656 0.130493164
vt 0.729492188 0.148193359
vt 0.715820312 0.131591797
vt 0.678222656 0.173461914
vt 0.253173828 0.390380859
vt 0.272460938 0.306884766
vt 0.193481445 0.408935547
vt 0.174438477 0.0173492432
vt 0.191772461 0.0511169434
vt 0.1953125 0.00286102295
vt 0.206298828 0.458007812
vt 0.1796875 0.493896484
vt 0.227539062 0.489257812
vt 0.243408203 0.474609375
vt 0.253173828 0.390380859
vt 0.206298828 0.458007812
vt 0.888183594 0.174072266
vt 0.895507812 0.126464844
vt 0.866210938 0.149291992
vt 0.888183594 0.174072266
vt 0.927734375 0.155273438
vt 0.895507812 0.126464844
vt 0.888183594 0.174072266
vt 0.859863281 0.165771484
vt 0.861328125 0.189941406
vt 0.859863281 0.165771484
vt 0.888183594 0.174072266
vt 0.866210938 0.149291992
vt 0.87109375 0.450927734
vt 0.853027344 0.465087891
vt 0.854003906 0.5390625
vt 0.87109375 0.450927734
vt 0.859863281 0.4296875
vt 0.853027344 0.465087891
vt 0.227539062 0.489257812
vt 0.236938477 0.487304688
vt 0.206298828 0.458007812
vt 0.0210418701 0.0598754883
vt 0.02784729 0.0766601562
vt 0.103088379 0.115356445
vt 0.87109375 0.450927734
vt 0.854003906 0.5390625
vt 0.891601562 0.47265625
vt 0.753417969 0.117980957
vt 0.715820312 0.131591797
vt 0.729492188 0.148193359
vt 0.930175781 0.433105469
vt 0.87109375 0.450927734
vt 0.920898438 0.453369141
vt 0.696777344 0.100158691
vt 0.715820312 0.131591797
vt 0.753417969 0.117980957
vt 0.0531005859 0.133056641
vt 0.103088379 0.115356445
vt 0.02784729 0.0766601562
vt 0.859863281 0.4296875
vt 0.87109375 0.450927734
vt 0.930175781 0.433105469
vt 0.174438477 0.0173492432
vt 0.181274414 0.0519104004
vt 0.191772461 0.0511169434
vt 0.866210938 0.149291992
vt 0.84375 0.129882812
vt 0.859863281 0.165771484
vt 0.693847656 0.130493164
vt 0.696777344 0.100158691
vt 0.638671875 0.144775391
vt 0.920898438 0.453369141
vt 0.938964844 0.493164062
vt 0.936035156 0.44921875
vt 0.930175781 0.433105469
vt 0.920898438 0.453369141
vt 0.936035156 0.44921875
vt 0.696777344 0.100158691
vt 0.753417969 0.117980957
vt 0.694824219 0.0829467773
vt 0.759765625 0.0885620117
vt 0.755371094 0.0663452148
vt 0.715332031 0.0643310547
vt 0.206298828 0.458007812
vt 0.236938477 0.487304688
vt 0.243408203 0.474609375
vt 0.866210938 0.149291992
vt 0.84765625 0.0941162109
vt 0.84375 0.129882812
vt 0.866210938 0.149291992
vt 0.895507812 0.126464844
vt 0.84765625 0.0941162109
vt 0.0531005859 0.133056641
vt 0.096496582 0.148071289
vt 0.103088379 0.115356445
vt 0.911621094 0.199951172
vt 0.927734375 0.155273438
vt 0.888183594 0.174072266
vt 0.888183594 0.174072266
vt 0.861328125 0.189941406
vt 0.911621094 0.199951172
vt 0.348876953 0.548828125
vt 0.286376953 0.531738281
vt 0.291015625 0.548828125
vt 0.247924805 0.274169922
vt 0.272460938 0.306884766
vt 0.350097656 0.276855469
vt 0.0531005859 0.133056641
vt 0.105834961 0.168212891
vt 0.096496582 0.148071289
vt 0.286376953 0.531738281
vt 0.348876953 0.548828125
vt 0.350830078 0.530273438
vt 0.759765625 0.0885620117
vt 0.715332031 0.0643310547
vt 0.694824219 0.0829467773
vt 0.755371094 0.0663452148
vt 0.759765625 0.0885620117
vt 0.762695312 0.0682983398
vt 0.854003906 0.5390625
vt 0.853027344 0.465087891
vt 0.838378906 0.510253906
vt 0.939941406 0.434814453
vt 0.930175781 0.433105469
vt 0.936035156 0.44921875
vt 0.291015625 0.548828125
vt 0.285644531 0.62109375
vt 0.348876953 0.548828125
vt 0.313232422 0.330810547
vt 0.272460938 0.306884766
vt 0.253173828 0.390380859
vt 0.313232422 0.330810547
vt 0.350097656 0.276855469
vt 0.272460938 0.306884766
vt 0.729492188 0.148193359
vt 0.678222656 0.173461914
vt 0.694335938 0.181274414
vt 0.278808594 0.529785156
vt 0.281494141 0.550292969
vt 0.291015625 0.548828125
vt 0.291015625 0.548828125
vt 0.286376953 0.531738281
vt 0.278808594 0.529785156
vt 0.276367188 0.575195312
vt 0.291015625 0.548828125
vt 0.281494141 0.550292969
vt 0.276367188 0.575195312
vt 0.285644531 0.62109375
vt 0.291015625 0.548828125
vt 0.84765625 0.602539062
vt 0.854003906 0.5390625
vt 0.831542969 0.5859375
vt 0.65625 0.0983886719
vt 0.638671875 0.144775391
vt 0.696777344 0.100158691
vt 0.121398926 0.562988281
vt 0.208496094 0.563964844
vt 0.119750977 0.51171875
vt 0.715332031 0.0643310547
vt 0.688476562 0.0765380859
vt 0.694824219 0.0829467773
vt 0.838378906 0.510253906
vt 0.830078125 0.550292969
vt 0.854003906 0.5390625
vt 0.694824219 0.0829467773
vt 0.65625 0.0983886719
vt 0.696777344 0.100158691
vt 0.830078125 0.550292969
vt 0.831542969 0.5859375
vt 0.854003906 0.5390625
vt 0.678222656 0.173461914
vt 0.595703125 0.171386719
vt 0.61328125 0.222167969
vt 0.94140625 0.539550781
vt 0.938964844 0.493164062
vt 0.920898438 0.453369141
vt 0.694824219 0.0829467773
vt 0.688476562 0.0765380859
vt 0.65625 0.0983886719
vt 0.927734375 0.155273438
vt 0.927734375 0.101318359
vt 0.895507812 0.126464844
vt 0.804199219 0.174560547
vt 0.78515625 0.161865234
vt 0.747558594 0.232666016
vt 0.3125 0.384765625
vt 0.253173828 0.390380859
vt 0.243408203 0.474609375
vt 0.662109375 0.206665039
vt 0.694335938 0.181274414
vt 0.678222656 0.173461914
vt 0.00305175781 0.0939331055
vt 0.0182342529 0.0993041992
vt 0.02784729 0.0766601562
vt 0.755371094 0.0663452148
vt 0.762695312 0.0682983398
vt 0.767578125 0.027557373
vt 0.239013672 0.55859375
vt 0.227539062 0.489257812
vt 0.208496094 0.563964844
vt 0.662109375 0.206665039
vt 0.678222656 0.173461914
vt 0.61328125 0.222167969
vt 0.94140625 0.539550781
vt 0.920898438 0.453369141
vt 0.920898438 0.575683594
vt 0.916015625 0.257080078
vt 0.919921875 0.230712891
vt 0.859863281 0.268798828
vt 0.84765625 0.602539062
vt 0.926269531 0.634277344
vt 0.920898438 0.575683594
vt 0.78515625 0.161865234
vt 0.728515625 0.17578125
vt 0.747558594 0.232666016
vt 0.350097656 0.276855469
vt 0.313232422 0.330810547
vt 0.309082031 0.336914062
vt 0.94140625 0.587402344
vt 0.94140625 0.539550781
vt 0.920898438 0.575683594
vt 0.747558594 0.232666016
vt 0.728515625 0.17578125
vt 0.687988281 0.207397461
vt 0.763183594 0.146972656
vt 0.728515625 0.17578125
vt 0.78515625 0.161865234
vt 0.583984375 0.140869141
vt 0.638671875 0.144775391
vt 0.65625 0.0983886719
vt 0.281005859 0.254150391
vt 0.30078125 0.19140625
vt 0.201660156 0.239990234
vt 0.84765625 0.0941162109
vt 0.840332031 0.0327758789
vt 0.828613281 0.0367126465
vt 0.584960938 0.157104492
vt 0.595703125 0.171386719
vt 0.638671875 0.144775391
vt 0.227539062 0.489257812
vt 0.239013672 0.55859375
vt 0.242553711 0.520996094
vt 0.236938477 0.487304688
vt 0.227539062 0.489257812
vt 0.242553711 0.520996094
vt 0.184936523 0.214111328
vt 0.125 0.220825195
vt 0.201660156 0.239990234
vt 0.30078125 0.19140625
vt 0.206665039 0.12298584
vt 0.201660156 0.239990234
vt 0.920898438 0.575683594
vt 0.926269531 0.634277344
vt 0.94140625 0.587402344
vt 0.662109375 0.206665039
vt 0.61328125 0.222167969
vt 0.6328125 0.223510742
vt 0.763183594 0.146972656
vt 0.730957031 0.154052734
vt 0.728515625 0.17578125
vt 0.818847656 0.176147461
vt 0.804199219 0.174560547
vt 0.803710938 0.221191406
vt 0.715332031 0.0643310547
vt 0.701660156 0.00271987915
vt 0.688476562 0.0765380859
vt 0.243408203 0.474609375
vt 0.236938477 0.487304688
vt 0.242553711 0.520996094
vt 0.3125 0.384765625
vt 0.243408203 0.474609375
vt 0.316162109 0.437744141
vt 0.840332031 0.0327758789
vt 0.898925781 0.0934448242
vt 0.89453125 0.0198364258
vt 0.898925781 0.0934448242
vt 0.9140625 0.0560302734
vt 0.89453125 0.0198364258
vt 0.752929688 0.133666992
vt 0.730957031 0.154052734
vt 0.763183594 0.146972656
vt 0.803710938 0.221191406
vt 0.849609375 0.187988281
vt 0.818847656 0.176147461
vt 0.849609375 0.187988281
vt 0.845703125 0.178710938
vt 0.818847656 0.176147461
vt 0.184936523 0.214111328
vt 0.201660156 0.239990234
vt 0.206665039 0.12298584
vt 0.202026367 0.0765991211
vt 0.158203125 0.110778809
vt 0.309082031 0.336914062
vt 0.313232422 0.330810547
vt 0.253173828 0.390380859
vt 0.309082031 0.336914062
vt 0.253173828 0.390380859
vt 0.3125 0.384765625
vt 0.343017578 0.362060547
vt 0.309082031 0.336914062
vt 0.3125 0.384765625
vt 0.903808594 0.0189361572
vt 0.89453125 0.0198364258
vt 0.9140625 0.0560302734
vt 0.747558594 0.232666016
vt 0.687988281 0.207397461
vt 0.737304688 0.243530273
vt 0.583984375 0.140869141
vt 0.584960938 0.157104492
vt 0.638671875 0.144775391
vt 0.767578125 0.027557373
vt 0.756835938 0.00431060791
vt 0.755371094 0.0663452148
vt 0.135009766 0.179199219
vt 0.125 0.220825195
vt 0.184936523 0.214111328
vt 0.834960938 0.606445312
vt 0.84765625 0.602539062
vt 0.831542969 0.5859375
vt 0.7109375 0.174072266
vt 0.679199219 0.208251953
vt 0.687988281 0.207397461
vt 0.348876953 0.548828125
vt 0.285644531 0.62109375
vt 0.311523438 0.621582031
vt 0.351318359 0.593261719
vt 0.348876953 0.548828125
vt 0.311523438 0.621582031
vt 0.701660156 0.00271987915
vt 0.715332031 0.0643310547
vt 0.710449219 0.00302696228
vt 0.616210938 0.235473633
vt 0.6328125 0.223510742
vt 0.61328125 0.222167969
vt 0.747558594 0.232666016
vt 0.803710938 0.221191406
vt 0.804199219 0.174560547
vt 0.285644531 0.62109375
vt 0.276367188 0.575195312
vt 0.268798828 0.595703125
vt 0.162597656 0.119445801
vt 0.184936523 0.214111328
vt 0.206665039 0.12298584
vt 0.30078125 0.19140625
vt 0.202026367 0.0765991211
vt 0.206665039 0.12298584
vt 0.803710938 0.221191406
vt 0.747558594 0.232666016
vt 0.759765625 0.251220703
vt 0.701660156 0.00271987915
vt 0.658203125 0.0116043091
vt 0.688476562 0.0765380859
vt 0.184936523 0.214111328
vt 0.162597656 0.119445801
vt 0.147583008 0.167724609
vt 0.184936523 0.214111328
vt 0.147583008 0.167724609
vt 0.135009766 0.179199219
vt 0.828613281 0.0367126465
vt 0.840332031 0.0327758789
vt 0.83203125 0.0204925537
vt 0.840332031 0.0327758789
vt 0.880371094 0.00578308105
vt 0.83203125 0.0204925537
vt 0.687988281 0.207397461
vt 0.679199219 0.208251953
vt 0.709960938 0.240600586
vt 0.860839844 0.627929688
vt 0.84765625 0.602539062
vt 0.834960938 0.606445312
vt 0.595703125 0.171386719
vt 0.588378906 0.194824219
vt 0.61328125 0.222167969
vt 0.781738281 0.828613281
vt 0.827636719 0.830078125
vt 0.822753906 0.820800781
vt 0.756835938 0.00431060791
vt 0.767578125 0.027557373
vt 0.771484375 0.00259208679
vt 0.069519043 0.637207031
vt 0.0590820312 0.698242188
vt 0.106933594 0.64453125
vt 0.0379638672 0.644042969
vt 0.0590820312 0.698242188
vt 0.069519043 0.637207031
vt 0.89453125 0.0198364258
vt 0.880371094 0.00578308105
vt 0.840332031 0.0327758789
vt 0.880371094 0.00578308105
vt 0.89453125 0.0198364258
vt 0.903808594 0.0189361572
vt 0.599609375 0.235595703
vt 0.616210938 0.235473633
vt 0.61328125 0.222167969
vt 0.588378906 0.194824219
vt 0.599609375 0.235595703
vt 0.61328125 0.222167969
vt 0.584960938 0.157104492
vt 0.588378906 0.194824219
vt 0.595703125 0.171386719
vt 0.0804443359 0.275634766
vt 0.0883789062 0.316162109
vt 0.149169922 0.257568359
vt 0.351318359 0.593261719
vt 0.311523438 0.621582031
vt 0.349121094 0.619140625
vt 0.206665039 0.12298584
vt 0.158203125 0.110778809
vt 0.162597656 0.119445801
vt 0.106933594 0.64453125
vt 0.109436035 0.635253906
vt 0.069519043 0.637207031
vt 0.90625 0.00282096863
vt 0.880371094 0.00578308105
vt 0.903808594 0.0189361572
vt 0.83203125 0.0204925537
vt 0.821289062 0.023223877
vt 0.828613281 0.0367126465
vt 0.737304688 0.243530273
vt 0.759765625 0.251220703
vt 0.747558594 0.232666016
vt 0.0257263184 0.6875
vt 0.0392150879 0.677734375
vt 0.0379638672 0.644042969
vt 0.663574219 0.936523438
vt 0.658203125 0.917480469
vt 0.651855469 0.943359375
vt 0.296630859 0.935058594
vt 0.3203125 0.969238281
vt 0.335449219 0.918457031
vt 0.335449219 0.918457031
vt 0.296875 0.91015625
vt 0.296630859 0.935058594
vt 0.670410156 0.219604492
vt 0.709960938 0.240600586
vt 0.679199219 0.208251953
vt 0.202026367 0.0765991211
vt 0.154052734 0.034362793
vt 0.158203125 0.110778809
vt 0.675292969 0.866699219
vt 0.658203125 0.917480469
vt 0.689453125 0.922851562
vt 0.658203125 0.917480469
vt 0.663574219 0.936523438
vt 0.689453125 0.922851562
vt 0.335449219 0.918457031
vt 0.331298828 0.87890625
vt 0.296875 0.91015625
vt 0.577148438 0.161621094
vt 0.564453125 0.157226562
vt 0.533203125 0.18371582
vt 0.564453125 0.157226562
vt 0.577148438 0.161621094
vt 0.583007812 0.14465332
vt 0.0562438965 0.271728516
vt 0.0663452148 0.272949219
vt 0.0770263672 0.246459961
vt 0.106933594 0.64453125
vt 0.161254883 0.627441406
vt 0.109436035 0.635253906
vt 0.69140625 0.294921875
vt 0.642089844 0.287353516
vt 0.666015625 0.305175781
vt 0.686523438 0.267578125
vt 0.69140625 0.294921875
vt 0.723144531 0.265136719
vt 0.686523438 0.267578125
vt 0.642089844 0.287353516
vt 0.69140625 0.294921875
vt 0.759765625 0.260986328
vt 0.759765625 0.251220703
vt 0.737304688 0.243530273
vt 0.0421447754 0.21105957
vt 0.0562438965 0.271728516
vt 0.0770263672 0.246459961
vt 0.697265625 0.856933594
vt 0.676269531 0.856445312
vt 0.675292969 0.866699219
vt 0.759765625 0.260986328
vt 0.737304688 0.243530273
vt 0.735351562 0.25390625
vt 0.689453125 0.922851562
vt 0.699707031 0.90234375
vt 0.675292969 0.866699219
vt 0.641601562 0.311279297
vt 0.666015625 0.305175781
vt 0.642089844 0.287353516
vt 0.881347656 0.299560547
vt 0.907226562 0.306396484
vt 0.859863281 0.268798828
vt 0.00305175781 0.315185547
vt 0.0663452148 0.272949219
vt 0.0562438965 0.271728516
vt 0.106933594 0.64453125
vt 0.200927734 0.641113281
vt 0.161254883 0.627441406
vt 0.296142578 0.506835938
vt 0.316162109 0.437744141
vt 0.243408203 0.474609375
vt 0.0392150879 0.677734375
vt 0.0590820312 0.698242188
vt 0.0379638672 0.644042969
vt 0.730957031 0.865722656
vt 0.675292969 0.866699219
vt 0.699707031 0.90234375
vt 0.717773438 0.855957031
vt 0.759277344 0.859375
vt 0.697265625 0.856933594
vt 0.675292969 0.866699219
vt 0.730957031 0.865722656
vt 0.539550781 0.239868164
vt 0.533203125 0.18371582
vt 0.520507812 0.208740234
vt 0.343017578 0.362060547
vt 0.3125 0.384765625
vt 0.316162109 0.437744141
vt 0.723144531 0.265136719
vt 0.69140625 0.294921875
vt 0.739746094 0.313232422
vt 0.292480469 0.973144531
vt 0.3203125 0.969238281
vt 0.296630859 0.935058594
vt 0.648925781 0.332519531
vt 0.666015625 0.305175781
vt 0.641601562 0.311279297
vt 0.510253906 0.233886719
vt 0.539550781 0.239868164
vt 0.520507812 0.208740234
vt 0.853515625 0.255615234
vt 0.849609375 0.187988281
vt 0.803710938 0.221191406
vt 0.258544922 0.621582031
vt 0.285644531 0.62109375
vt 0.268798828 0.595703125
vt 0.0853881836 0.24609375
vt 0.0804443359 0.275634766
vt 0.115600586 0.248046875
vt 0.651855469 0.943359375
vt 0.672851562 0.956542969
vt 0.663574219 0.936523438
vt 0.329833984 0.865234375
vt 0.307373047 0.861816406
vt 0.331298828 0.87890625
vt 0.284179688 0.856445312
vt 0.254150391 0.870117188
vt 0.803222656 0.286621094
vt 0.803710938 0.221191406
vt 0.759765625 0.251220703
vt 0.69140625 0.294921875
vt 0.704101562 0.335449219
vt 0.739746094 0.313232422
vt 0.754394531 0.264892578
vt 0.723144531 0.265136719
vt 0.739746094 0.313232422
vt 0.666015625 0.305175781
vt 0.704101562 0.335449219
vt 0.69140625 0.294921875
vt 0.704101562 0.335449219
vt 0.666015625 0.305175781
vt 0.6796875 0.345947266
vt 0.48046875 0.187866211
vt 0.520507812 0.208740234
vt 0.533203125 0.18371582
vt 0.689453125 0.922851562
vt 0.722167969 0.939941406
vt 0.699707031 0.90234375
vt 0.331298828 0.87890625
vt 0.262939453 0.896972656
vt 0.296875 0.91015625
vt 0.490234375 0.161865234
vt 0.48046875 0.187866211
vt 0.533203125 0.18371582
vt 0.6796875 0.345947266
vt 0.666015625 0.305175781
vt 0.648925781 0.332519531
vt 0.284179688 0.856445312
vt 0.331298828 0.87890625
vt 0.307373047 0.861816406
vt 0.564453125 0.157226562
vt 0.495605469 0.110107422
vt 0.533203125 0.18371582
vt 0.722167969 0.939941406
vt 0.742675781 0.910644531
vt 0.699707031 0.90234375
vt 0.759765625 0.251220703
vt 0.759765625 0.260986328
vt 0.803222656 0.286621094
vt 0.717773438 0.855957031
vt 0.697265625 0.856933594
vt 0.730957031 0.865722656
vt 0.495605469 0.110107422
vt 0.490234375 0.161865234
vt 0.533203125 0.18371582
vt 0.510253906 0.233886719
vt 0.520507812 0.208740234
vt 0.481201172 0.223876953
vt 0.469238281 0.808105469
vt 0.569335938 0.81640625
vt 0.526855469 0.750488281
vt 0.803222656 0.286621094
vt 0.754394531 0.264892578
vt 0.753417969 0.34375
vt 0.296875 0.91015625
vt 0.260009766 0.933105469
vt 0.296630859 0.935058594
vt 0.753417969 0.34375
vt 0.754394531 0.264892578
vt 0.739746094 0.313232422
vt 0.672851562 0.956542969
vt 0.723632812 0.975097656
vt 0.663574219 0.936523438
vt 0.48046875 0.187866211
vt 0.481201172 0.223876953
vt 0.520507812 0.208740234
vt 0.711425781 0.975585938
vt 0.723632812 0.975097656
vt 0.672851562 0.956542969
vt 0.262939453 0.896972656
vt 0.260009766 0.933105469
vt 0.296875 0.91015625
vt 0.843261719 0.264404297
vt 0.853515625 0.255615234
vt 0.803710938 0.221191406
vt 0.723632812 0.975097656
vt 0.689453125 0.922851562
vt 0.663574219 0.936523438
vt 0.704101562 0.335449219
vt 0.728027344 0.343994141
vt 0.739746094 0.313232422
vt 0.0687866211 0.731933594
vt 0.147094727 0.667480469
vt 0.0590820312 0.698242188
vt 0.0610961914 0.728515625
vt 0.0687866211 0.731933594
vt 0.0590820312 0.698242188
vt 0.843261719 0.264404297
vt 0.803710938 0.221191406
vt 0.803222656 0.286621094
vt 0.648925781 0.332519531
vt 0.667480469 0.371337891
vt 0.6796875 0.345947266
vt 0.481201172 0.223876953
vt 0.48046875 0.187866211
vt 0.452880859 0.201171875
vt 0.031829834 0.714355469
vt 0.0610961914 0.728515625
vt 0.0590820312 0.698242188
vt 0.296630859 0.701171875
vt 0.354248047 0.670898438
vt 0.257568359 0.640625
vt 0.200805664 0.706054688
vt 0.147094727 0.667480469
vt 0.0687866211 0.731933594
vt 0.730957031 0.865722656
vt 0.699707031 0.90234375
vt 0.742675781 0.910644531
vt 0.689453125 0.922851562
vt 0.723632812 0.975097656
vt 0.722167969 0.939941406
vt 0.254150391 0.870117188
vt 0.262939453 0.896972656
vt 0.331298828 0.87890625
vt 0.284179688 0.856445312
vt 0.258056641 0.850097656
vt 0.254150391 0.870117188
vt 0.262939453 0.896972656
vt 0.244995117 0.901855469
vt 0.260009766 0.933105469
vt 0.762207031 0.912109375
vt 0.730957031 0.865722656
vt 0.742675781 0.910644531
vt 0.775878906 0.727050781
vt 0.74609375 0.773925781
vt 0.822753906 0.820800781
vt 0.725585938 0.958984375
vt 0.722167969 0.939941406
vt 0.723632812 0.975097656
vt 0.753417969 0.34375
vt 0.739746094 0.313232422
vt 0.728027344 0.343994141
vt 0.468505859 0.165771484
vt 0.452880859 0.201171875
vt 0.48046875 0.187866211
vt 0.490234375 0.161865234
vt 0.468505859 0.165771484
vt 0.48046875 0.187866211
vt 0.722167969 0.939941406
vt 0.751464844 0.930175781
vt 0.742675781 0.910644531
vt 0.725585938 0.958984375
vt 0.751464844 0.930175781
vt 0.722167969 0.939941406
vt 0.244384766 0.938476562
vt 0.245483398 0.963378906
vt 0.260009766 0.933105469
vt 0.688476562 0.358398438
vt 0.704101562 0.335449219
vt 0.6796875 0.345947266
vt 0.254150391 0.870117188
vt 0.244995117 0.901855469
vt 0.262939453 0.896972656
vt 0.688476562 0.358398438
vt 0.728027344 0.343994141
vt 0.704101562 0.335449219
vt 0.495605469 0.110107422
vt 0.482177734 0.146850586
vt 0.490234375 0.161865234
vt 0.742675781 0.910644531
vt 0.751464844 0.930175781
vt 0.762207031 0.912109375
vt 0.244995117 0.901855469
vt 0.244384766 0.938476562
vt 0.260009766 0.933105469
vt 0.759277344 0.859375
vt 0.730957031 0.865722656
vt 0.762207031 0.912109375
vt 0.6796875 0.345947266
vt 0.667480469 0.371337891
vt 0.688476562 0.358398438
vt 0.482177734 0.146850586
vt 0.468505859 0.165771484
vt 0.490234375 0.161865234
vt 0.775878906 0.727050781
vt 0.822753906 0.820800781
vt 0.822265625 0.752929688
vt 0.719726562 0.703125
vt 0.74609375 0.773925781
vt 0.775878906 0.727050781
vt 0.776855469 0.94140625
vt 0.762207031 0.912109375
vt 0.744628906 0.929199219
vt 0.744628906 0.929199219
vt 0.76953125 0.961914062
vt 0.776855469 0.94140625
vt 0.255615234 0.899902344
vt 0.229736328 0.929199219
vt 0.244384766 0.938476562
vt 0.244384766 0.938476562
vt 0.23059082 0.961425781
vt 0.245483398 0.963378906
vt 0.453613281 0.135498047
vt 0.426513672 0.164794922
vt 0.463378906 0.155517578
vt 0.426513672 0.164794922
vt 0.442626953 0.185791016
vt 0.463378906 0.155517578
vt 0.463378906 0.155517578
vt 0.474121094 0.13684082
vt 0.453613281 0.135498047
vt 0.498535156 0.108093262
vt 0.453613281 0.135498047
vt 0.474121094 0.13684082
vt 0.533203125 0.735839844
vt 0.526855469 0.750488281
vt 0.550292969 0.735839844
vt 0.229736328 0.929199219
vt 0.255615234 0.899902344
vt 0.231567383 0.899902344
vt 0.254638672 0.858886719
vt 0.231567383 0.899902344
vt 0.255615234 0.899902344
vt 0.68359375 0.395507812
vt 0.703613281 0.38671875
vt 0.694335938 0.373291016
vt 0.753417969 0.34375
vt 0.729980469 0.353027344
vt 0.727539062 0.370361328
vt 0.780273438 0.975585938
vt 0.776855469 0.94140625
vt 0.76953125 0.961914062
vt 0.23059082 0.961425781
vt 0.244384766 0.938476562
vt 0.229736328 0.929199219
vt 0.533203125 0.735839844
vt 0.465820312 0.726074219
vt 0.526855469 0.750488281
vt 0.426513672 0.164794922
vt 0.418457031 0.180053711
vt 0.442626953 0.185791016
vt 0.0610961914 0.728515625
vt 0.0544433594 0.790039062
vt 0.0687866211 0.731933594
vt 0.768554688 0.869140625
vt 0.759277344 0.859375
vt 0.762207031 0.912109375
vt 0.426513672 0.164794922
vt 0.393310547 0.142089844
vt 0.418457031 0.180053711
vt 0.416259766 0.0586242676
vt 0.453613281 0.135498047
vt 0.498535156 0.108093262
vt 0.390625 0.709472656
vt 0.354248047 0.670898438
vt 0.296630859 0.701171875
vt 0.68359375 0.395507812
vt 0.693847656 0.425292969
vt 0.703613281 0.38671875
vt 0.727539062 0.370361328
vt 0.795898438 0.444335938
vt 0.753417969 0.34375
vt 0.354248047 0.670898438
vt 0.390625 0.709472656
vt 0.379882812 0.676757812
vt 0.780273438 0.975585938
vt 0.817871094 0.979492188
vt 0.776855469 0.94140625
vt 0.789550781 0.849121094
vt 0.759277344 0.859375
vt 0.768554688 0.869140625
vt 0.874023438 0.882324219
vt 0.893066406 0.850585938
vt 0.849609375 0.829101562
vt 0.823242188 0.840820312
vt 0.737792969 0.701171875
vt 0.775878906 0.727050781
vt 0.778320312 0.719726562
vt 0.666503906 0.678710938
vt 0.550292969 0.735839844
vt 0.646972656 0.814941406
vt 0.387451172 0.0765991211
vt 0.426513672 0.164794922
vt 0.453613281 0.135498047
vt 0.387451172 0.0765991211
vt 0.393310547 0.142089844
vt 0.426513672 0.164794922
vt 0.719726562 0.703125
vt 0.775878906 0.727050781
vt 0.737792969 0.701171875
vt 0.762695312 0.469970703
vt 0.703613281 0.38671875
vt 0.693847656 0.425292969
vt 0.448486328 0.262451172
vt 0.401611328 0.265625
vt 0.430419922 0.41015625
vt 0.430419922 0.41015625
vt 0.401611328 0.265625
vt 0.366943359 0.324951172
vt 0.127807617 0.908203125
vt 0.229736328 0.929199219
vt 0.231567383 0.899902344
vt 0.193115234 0.965332031
vt 0.23059082 0.961425781
vt 0.229736328 0.929199219
vt 0.789550781 0.849121094
vt 0.768554688 0.869140625
vt 0.823242188 0.840820312
vt 0.666503906 0.678710938
vt 0.646972656 0.814941406
vt 0.715332031 0.829101562
vt 0.533203125 0.735839844
vt 0.550292969 0.735839844
vt 0.666503906 0.678710938
vt 0.776855469 0.94140625
vt 0.874023438 0.882324219
vt 0.762207031 0.912109375
vt 0.762695312 0.469970703
vt 0.727539062 0.370361328
vt 0.703613281 0.38671875
vt 0.874023438 0.882324219
vt 0.768554688 0.869140625
vt 0.762207031 0.912109375
vt 0.193115234 0.965332031
vt 0.229736328 0.929199219
vt 0.127807617 0.908203125
vt 0.771484375 0.625488281
vt 0.737792969 0.701171875
vt 0.778320312 0.719726562
vt 0.698242188 0.682617188
vt 0.719726562 0.703125
vt 0.737792969 0.701171875
vt 0.254638672 0.858886719
vt 0.131225586 0.868652344
vt 0.231567383 0.899902344
vt 0.416259766 0.0586242676
vt 0.498535156 0.108093262
vt 0.427001953 0.00259208679
vt 0.430419922 0.41015625
vt 0.366943359 0.324951172
vt 0.354736328 0.471191406
vt 0.887695312 0.923828125
vt 0.874023438 0.882324219
vt 0.776855469 0.94140625
vt 0.893066406 0.850585938
vt 0.823242188 0.840820312
vt 0.768554688 0.869140625
vt 0.296630859 0.701171875
vt 0.406738281 0.768066406
vt 0.390625 0.709472656
vt 0.216674805 0.835449219
vt 0.169189453 0.815429688
vt 0.178344727 0.846191406
vt 0.110900879 0.834960938
vt 0.111694336 0.79296875
vt 0.178344727 0.846191406
vt 0.131225586 0.868652344
vt 0.254638672 0.858886719
vt 0.216674805 0.835449219
vt 0.698242188 0.682617188
vt 0.666503906 0.678710938
vt 0.719726562 0.703125
vt 0.823242188 0.840820312
vt 0.849609375 0.829101562
vt 0.789550781 0.849121094
vt 0.393310547 0.142089844
vt 0.387451172 0.0765991211
vt 0.36328125 0.104125977
vt 0.817871094 0.979492188
vt 0.887695312 0.923828125
vt 0.776855469 0.94140625
vt 0.470458984 0.0283050537
vt 0.427001953 0.00259208679
vt 0.498535156 0.108093262
vt 0.0893554688 0.938476562
vt 0.193115234 0.965332031
vt 0.127807617 0.908203125
vt 0.666503906 0.678710938
vt 0.698242188 0.682617188
vt 0.682617188 0.664550781
vt 0.360595703 0.491943359
vt 0.430419922 0.41015625
vt 0.354736328 0.471191406
vt 0.0893554688 0.938476562
vt 0.0886230469 0.967285156
vt 0.193115234 0.965332031
vt 0.727539062 0.370361328
vt 0.762695312 0.469970703
vt 0.795898438 0.444335938
vt 0.131225586 0.868652344
vt 0.127807617 0.908203125
vt 0.231567383 0.899902344
vt 0.453613281 0.135498047
vt 0.416259766 0.0586242676
vt 0.387451172 0.0765991211
vt 0.816894531 0.603027344
vt 0.778320312 0.719726562
vt 0.826660156 0.606445312
vt 0.406738281 0.768066406
vt 0.296630859 0.701171875
vt 0.302734375 0.766601562
vt 0.515625 0.606445312
vt 0.569335938 0.461914062
vt 0.525878906 0.301757812
vt 0.771484375 0.625488281
vt 0.778320312 0.719726562
vt 0.816894531 0.603027344
vt 0.698242188 0.682617188
vt 0.737792969 0.701171875
vt 0.682617188 0.664550781
vt 0.434326172 0.613769531
vt 0.360595703 0.491943359
vt 0.355712891 0.592773438
vt 0.434326172 0.613769531
vt 0.354736328 0.653320312
vt 0.360595703 0.491943359
vt 0.437011719 0.435546875
vt 0.430419922 0.41015625
vt 0.169189453 0.815429688
vt 0.111694336 0.79296875
vt 0.178344727 0.846191406
vt 0.525878906 0.301757812
vt 0.437011719 0.435546875
vt 0.515625 0.606445312
vt 0.416259766 0.0586242676
vt 0.349853516 0.0327148438
vt 0.387451172 0.0765991211
vt 0.427001953 0.00259208679
vt 0.349853516 0.0327148438
vt 0.416259766 0.0586242676
vt 0.416748047 0.786132812
vt 0.426757812 0.779296875
vt 0.406738281 0.768066406
vt 0.302734375 0.766601562
vt 0.395019531 0.791992188
vt 0.406738281 0.768066406
vt 0.395019531 0.791992188
vt 0.416748047 0.786132812
vt 0.406738281 0.768066406
vt 0.747070312 0.529296875
vt 0.747558594 0.515136719
vt 0.724609375 0.482910156
vt 0.897460938 0.811523438
vt 0.849609375 0.829101562
vt 0.893066406 0.850585938
vt 0.341796875 0.0441894531
vt 0.36328125 0.104125977
vt 0.387451172 0.0765991211
vt 0.795898438 0.444335938
vt 0.83984375 0.483398438
vt 0.853515625 0.426513672
vt 0.919433594 0.905273438
vt 0.893066406 0.850585938
vt 0.887207031 0.887695312
vt 0.950683594 0.8828125
vt 0.893066406 0.850585938
vt 0.919433594 0.905273438
vt 0.795898438 0.444335938
vt 0.783691406 0.480957031
vt 0.820800781 0.509765625
vt 0.0196990967 0.887207031
vt 0.0599365234 0.879882812
vt 0.0175018311 0.8828125
vt 0.407958984 0.676757812
vt 0.437744141 0.666015625
vt 0.35546875 0.666015625
vt 0.437744141 0.666015625
vt 0.354736328 0.653320312
vt 0.35546875 0.666015625
vt 0.820800781 0.509765625
vt 0.83984375 0.483398438
vt 0.795898438 0.444335938
vt 0.341796875 0.0441894531
vt 0.387451172 0.0765991211
vt 0.349853516 0.0327148438
vt 0.83203125 0.518554688
vt 0.83984375 0.483398438
vt 0.820800781 0.509765625
vt 0.0721435547 0.973144531
vt 0.0886230469 0.967285156
vt 0.0893554688 0.938476562
vt 0.00409698486 0.885253906
vt 0.0196990967 0.887207031
vt 0.0175018311 0.8828125
vt 0.922363281 0.976074219
vt 0.939453125 0.979492188
vt 0.918457031 0.950195312
vt 0.437744141 0.666015625
vt 0.407958984 0.676757812
vt 0.439453125 0.680175781
vt 0.437744141 0.666015625
vt 0.434326172 0.613769531
vt 0.354736328 0.653320312
vt 0.51953125 0.668945312
vt 0.521972656 0.684570312
vt 0.568359375 0.6796875
vt 0.608398438 0.673828125
vt 0.597167969 0.660644531
vt 0.568359375 0.6796875
vt 0.62109375 0.667480469
vt 0.688476562 0.656738281
vt 0.688964844 0.64453125
vt 0.439453125 0.680175781
vt 0.521972656 0.684570312
vt 0.437744141 0.666015625
vt 0.51953125 0.668945312
vt 0.568359375 0.6796875
vt 0.597167969 0.660644531
vt 0.608398438 0.673828125
vt 0.62109375 0.667480469
vt 0.597167969 0.660644531
vt 0.62109375 0.667480469
vt 0.688964844 0.64453125
vt 0.597167969 0.660644531
vt 0.521972656 0.684570312
vt 0.51953125 0.668945312
vt 0.437744141 0.666015625
vt 0.569335938 0.461914062
vt 0.515625 0.606445312
vt 0.6015625 0.608886719
vt 0.437011719 0.435546875
vt 0.434326172 0.613769531
vt 0.515625 0.606445312
vt 0.515625 0.606445312
vt 0.51953125 0.668945312
vt 0.597167969 0.660644531
vt 0.597167969 0.660644531
vt 0.6015625 0.608886719
vt 0.515625 0.606445312
vt 0.440429688 0.795898438
vt 0.449951172 0.796875
vt 0.443115234 0.755859375
vt 0.465820312 0.726074219
vt 0.444580078 0.729980469
vt 0.358642578 0.364013672
vt 0.353271484 0.348144531
vt 0.353759766 0.364746094
vt 0.343017578 0.362060547
vt 0.610351562 0.966308594
vt 0.623535156 0.947265625
vt 0.623535156 0.930175781
vt 0.596679688 0.974121094
vt 0.58984375 0.978027344
vt 0.54296875 0.990234375
vt 0.624023438 0.897460938
vt 0.608398438 0.860839844
vt 0.55859375 0.823730469
vt 0.495849609 0.997070312
vt 0.524902344 0.997558594
vt 0.471191406 0.994628906
vt 0.575683594 0.829589844
vt 0.594726562 0.835449219
vt 0.598144531 0.837402344
vt 0.529785156 0.817382812
vt 0.536621094 0.817871094
vt 0.549316406 0.818847656
vt 0.476318359 0.821777344
vt 0.488769531 0.813964844
vt 0.431152344 0.83984375
vt 0.469970703 0.81640625
vt 0.389892578 0.92578125
vt 0.415771484 0.849121094
vt 0.406494141 0.977539062
vt 0.444335938 0.997070312
vt 0.430175781 0.997558594
vt 0.384765625 0.913574219
vt 0.384765625 0.884277344
vt 0.386474609 0.87890625
vt 0.391845703 0.867675781
vt 0.382324219 0.888671875
vt 0.379882812 0.900390625
vt 0.379394531 0.895019531
vt 0.533203125 0.252685547
vt 0.526855469 0.253173828
vt 0.525878906 0.301757812
vt 0.579589844 0.254150391
vt 0.622070312 0.276611328
vt 0.598144531 0.25390625
vt 0.0294494629 0.774414062
vt 0.0544433594 0.790039062
vt 0.029083252 0.768554688
vt 0.0610961914 0.728515625
vt 0.0286102295 0.76171875
vt 0.0350952148 0.733886719
vt 0.379394531 0.895019531
vt 0.364501953 0.918457031
vt 0.379882812 0.900390625
vt 0.366943359 0.9375
vt 0.379882812 0.900390625
vt 0.366943359 0.9375
vt 0.384765625 0.913574219
vt 0.384521484 0.962890625
vt 0.389892578 0.92578125
vt 0.395507812 0.970214844
vt 0.00280570984 0.629882812
vt 0.0106506348 0.660644531
vt 0.0160522461 0.635253906
vt 0.0172576904 0.671875
vt 0.0379638672 0.644042969
vt 0.0257263184 0.6875
vt 0.593261719 0.100585938
vt 0.583984375 0.140869141
vt 0.65625 0.0983886719
vt 0.625976562 0.040802002
vt 0.515136719 0.0827636719
vt 0.593261719 0.100585938
vt 0.537597656 0.048248291
vt 0.502929688 0.0386352539
vt 0.498535156 0.108093262
vt 0.470458984 0.0283050537
vt 0.357910156 0.313964844
vt 0.309082031 0.336914062
vt 0.355957031 0.318603516
vt 0.353515625 0.327148438
vt 0.778320312 0.719726562
vt 0.827636719 0.743164062
vt 0.824707031 0.688964844
vt 0.826660156 0.606445312
vt 0.861328125 0.189941406
vt 0.859863281 0.268798828
vt 0.912109375 0.211791992
vt 0.911621094 0.199951172
vt 0.1953125 0.00286102295
vt 0.191772461 0.0511169434
vt 0.306396484 0.00286102295
vt 0.289306641 0.067565918
vt 0.193481445 0.408935547
vt 0.162109375 0.427978516
vt 0.178344727 0.440185547
vt 0.1796875 0.493896484
vt 0.1796875 0.493896484
vt 0.119750977 0.51171875
vt 0.208496094 0.563964844
vt 0.227539062 0.489257812
vt 0.920898438 0.575683594
vt 0.891601562 0.47265625
vt 0.854003906 0.5390625
vt 0.84765625 0.602539062
vt 0.895507812 0.126464844
vt 0.898925781 0.0934448242
vt 0.84765625 0.0941162109
vt 0.840332031 0.0327758789
vt 0.693847656 0.130493164
vt 0.638671875 0.144775391
vt 0.678222656 0.173461914
vt 0.595703125 0.171386719
vt 0.0210418701 0.0598754883
vt 0.011100769 0.063293457
vt 0.02784729 0.0766601562
vt 0.00305175781 0.0939331055
vt 0.0377807617 0.116027832
vt 0.0531005859 0.133056641
vt 0.02784729 0.0766601562
vt 0.0182342529 0.0993041992
vt 0.281005859 0.254150391
vt 0.247924805 0.274169922
vt 0.350097656 0.276855469
vt 0.201660156 0.239990234
vt 0.927734375 0.101318359
vt 0.898925781 0.0934448242
vt 0.895507812 0.126464844
vt 0.9140625 0.0560302734
vt 0.0481262207 0.146362305
vt 0.105834961 0.168212891
vt 0.0531005859 0.133056641
vt 0.0342712402 0.168334961
vt 0.715332031 0.0643310547
vt 0.755371094 0.0663452148
vt 0.710449219 0.00302696228
vt 0.756835938 0.00431060791
vt 0.8125 0.140869141
vt 0.84375 0.129882812
vt 0.815917969 0.110595703
vt 0.819335938 0.0811767578
vt 0.819335938 0.0811767578
vt 0.84765625 0.0941162109
vt 0.828613281 0.0367126465
vt 0.84375 0.129882812
vt 0.389648438 0.207519531
vt 0.281005859 0.254150391
vt 0.350097656 0.276855469
vt 0.30078125 0.19140625
vt 0.387939453 0.15246582
vt 0.728515625 0.17578125
vt 0.7109375 0.174072266
vt 0.687988281 0.207397461
vt 0.730957031 0.154052734
vt 0.0342712402 0.168334961
vt 0.0421447754 0.21105957
vt 0.105834961 0.168212891
vt 0.0770263672 0.246459961
vt 0.201660156 0.239990234
vt 0.125 0.220825195
vt 0.149169922 0.257568359
vt 0.115600586 0.248046875
vt 0.0804443359 0.275634766
vt 0.389648438 0.207519531
vt 0.404541016 0.173828125
vt 0.387939453 0.15246582
vt 0.402099609 0.204589844
vt 0.400390625 0.231323242
vt 0.414306641 0.186889648
vt 0.41015625 0.202636719
vt 0.296142578 0.506835938
vt 0.243408203 0.474609375
vt 0.242553711 0.520996094
vt 0.239013672 0.55859375
vt 0.30078125 0.19140625
vt 0.387939453 0.15246582
vt 0.353759766 0.138793945
vt 0.314697266 0.112548828
vt 0.30078125 0.19140625
vt 0.257324219 0.0908813477
vt 0.202026367 0.0765991211
vt 0.926269531 0.634277344
vt 0.860839844 0.627929688
vt 0.914550781 0.650878906
vt 0.84765625 0.602539062
vt 0.687988281 0.207397461
vt 0.709960938 0.240600586
vt 0.737304688 0.243530273
vt 0.735351562 0.25390625
vt 0.161254883 0.627441406
vt 0.200927734 0.641113281
vt 0.209716797 0.617675781
vt 0.257568359 0.640625
vt 0.913085938 0.278808594
vt 0.916015625 0.257080078
vt 0.859863281 0.268798828
vt 0.907226562 0.306396484
vt 0.561523438 0.199707031
vt 0.577148438 0.161621094
vt 0.533203125 0.18371582
vt 0.539550781 0.239868164
vt 0.200927734 0.641113281
vt 0.106933594 0.64453125
vt 0.147094727 0.667480469
vt 0.0590820312 0.698242188
vt 0.158203125 0.110778809
vt 0.154052734 0.034362793
vt 0.113830566 0.0880737305
vt 0.032043457 0.0118942261
vt 0.569335938 0.81640625
vt 0.646972656 0.814941406
vt 0.550292969 0.735839844
vt 0.526855469 0.750488281
vt 0.822753906 0.820800781
vt 0.74609375 0.773925781
vt 0.781738281 0.828613281
vt 0.715332031 0.829101562
vt 0.0257263184 0.6875
vt 0.031829834 0.714355469
vt 0.0392150879 0.677734375
vt 0.0590820312 0.698242188
vt 0.245483398 0.963378906
vt 0.292480469 0.973144531
vt 0.296630859 0.935058594
vt 0.260009766 0.933105469
vt 0.715332031 0.829101562
vt 0.74609375 0.773925781
vt 0.719726562 0.703125
vt 0.666503906 0.678710938
vt 0.147094727 0.667480469
vt 0.200805664 0.706054688
vt 0.200927734 0.641113281
vt 0.296630859 0.701171875
vt 0.257568359 0.640625
vt 0.753417969 0.34375
vt 0.844238281 0.329589844
vt 0.803222656 0.286621094
vt 0.807617188 0.387451172
vt 0.853515625 0.426513672
vt 0.727539062 0.370361328
vt 0.729980469 0.353027344
vt 0.694335938 0.373291016
vt 0.703613281 0.38671875
vt 0.0687866211 0.731933594
vt 0.181030273 0.749511719
vt 0.200805664 0.706054688
vt 0.302734375 0.766601562
vt 0.296630859 0.701171875
vt 0.807617188 0.387451172
vt 0.753417969 0.34375
vt 0.795898438 0.444335938
vt 0.853515625 0.426513672
vt 0.396484375 0.705566406
vt 0.379882812 0.676757812
vt 0.390625 0.709472656
vt 0.411621094 0.733886719
vt 0.0544433594 0.790039062
vt 0.130859375 0.7890625
vt 0.0687866211 0.731933594
vt 0.181030273 0.749511719
vt 0.226806641 0.792480469
vt 0.302734375 0.766601562
vt 0.421630859 0.247558594
vt 0.448486328 0.262451172
vt 0.440429688 0.249511719
vt 0.401611328 0.265625
vt 0.401611328 0.245117188
vt 0.631347656 0.277832031
vt 0.622070312 0.276611328
vt 0.644042969 0.355224609
vt 0.612304688 0.450683594
vt 0.693847656 0.425292969
vt 0.724609375 0.482910156
vt 0.762695312 0.469970703
vt 0.747558594 0.515136719
vt 0.390625 0.709472656
vt 0.406738281 0.768066406
vt 0.411621094 0.733886719
vt 0.426757812 0.779296875
vt 0.922363281 0.976074219
vt 0.918457031 0.950195312
vt 0.817871094 0.979492188
vt 0.887695312 0.923828125
vt 0.612304688 0.450683594
vt 0.658203125 0.452880859
vt 0.644042969 0.355224609
vt 0.673339844 0.537109375
vt 0.6015625 0.608886719
vt 0.673339844 0.537109375
vt 0.684570312 0.623046875
vt 0.612304688 0.450683594
vt 0.622070312 0.276611328
vt 0.525878906 0.301757812
vt 0.569335938 0.461914062
vt 0.6015625 0.608886719
vt 0.448486328 0.262451172
vt 0.430419922 0.41015625
vt 0.525878906 0.301757812
vt 0.437011719 0.435546875
vt 0.226806641 0.792480469
vt 0.310058594 0.79296875
vt 0.302734375 0.766601562
vt 0.395019531 0.791992188
vt 0.0599365234 0.879882812
vt 0.121704102 0.901855469
vt 0.0989379883 0.87109375
vt 0.0893554688 0.938476562
vt 0.6015625 0.608886719
vt 0.688964844 0.64453125
vt 0.684570312 0.623046875
vt 0.597167969 0.660644531
vt 0.0196990967 0.887207031
vt 0.044708252 0.927734375
vt 0.0599365234 0.879882812
vt 0.0893554688 0.938476562
vt 0.0721435547 0.973144531
vt 0.977539062 0.860839844
vt 0.893066406 0.850585938
vt 0.950683594 0.8828125
vt 0.897460938 0.811523438
vt 0.51953125 0.668945312
vt 0.515625 0.606445312
vt 0.437744141 0.666015625
vt 0.434326172 0.613769531
f 3/3 2/2 1/1
f 6/6 5/5 4/4
f 9/9 8/8 7/7
f 12/12 11/11 10/10
f 15/15 14/14 13/13
f 18/18 17/17 16/16
f 21/21 20/20 19/19
f 24/24 23/23 22/22
f 27/27 26/26 25/25
f 30/30 29/29 28/28
f 33/33 32/32 31/31
f 36/36 35/35 34/34
f 39/39 38/38 37/37
f 42/42 41/41 40/40
f 45/45 44/44 43/43
f 48/48 47/47 46/46
f 51/51 50/50 49/49
f 54/54 53/53 52/52
f 57/57 56/56 55/55
f 60/60 59/59 58/58
f 63/63 62/62 61/61
f 66/66 65/65 64/64
f 69/69 68/68 67/67
f 72/72 71/71 70/70
f 75/75 74/74 73/73
f 78/78 77/77 76/76
f 78/78 80/80 79/79
f 79/79 80/80 81/81
f 79/79 81/81 82/82
f 82/82 81/81 83/83
f 86/86 85/85 84/84
f 89/89 88/88 87/87
f 92/92 91/91 90/90
f 95/95 94/94 93/93
f 98/98 97/97 96/96
f 101/101 100/100 99/99
f 104/104 103/103 102/102
f 107/107 106/106 105/105
f 110/110 109/109 108/108
f 113/113 112/112 111/111
f 116/116 115/115 114/114
f 119/119 118/118 117/117
f 122/122 121/121 120/120
f 125/125 124/124 123/123
f 128/128 127/127 126/126
f 131/131 130/130 129/129
f 134/134 133/133 132/132
f 137/137 136/136 135/135
f 140/140 139/139 138/138
f 143/143 142/142 141/141
f 146/146 145/145 144/144
f 149/149 148/148 147/147
f 152/152 151/151 150/150
f 155/155 154/154 153/153
f 158/158 157/157 156/156
f 161/161 160/160 159/159
f 164/164 163/163 162/162
f 167/167 166/166 165/165
f 170/170 169/169 168/168
f 173/173 172/172 171/171
f 176/176 175/175 174/174
f 179/179 178/178 177/177
f 182/182 181/181 180/180
f 185/185 184/184 183/183
f 188/188 187/187 186/186
f 191/191 190/190 189/189
f 194/194 193/193 192/192
f 197/197 196/196 195/195
f 200/200 199/199 198/198
f 203/203 202/202 201/201
f 206/206 205/205 204/204
f 209/209 208/208 207/207
f 212/212 211/211 210/210
f 215/215 214/214 213/213
f 218/218 217/217 216/216
f 221/221 220/220 219/219
f 224/224 223/223 222/222
f 227/227 226/226 225/225
f 230/230 229/229 228/228
f 233/233 232/232 231/231
f 236/236 235/235 234/234
f 239/239 238/238 237/237
f 242/242 241/241 240/240
f 245/245 244/244 243/243
f 248/248 247/247 246/246
f 251/251 250/250 249/249
f 254/254 253/253 252/252
f 257/257 256/256 255/255
f 260/260 259/259 258/258
f 263/263 262/262 261/261
f 266/266 265/265 264/264
f 269/269 268/268 267/267
f 272/272 271/271 270/270
f 275/275 274/274 273/273
f 278/278 277/277 276/276
f 281/281 280/280 279/279
f 284/284 283/283 282/282
f 287/287 286/286 285/285
f 290/290 289/289 288/288
f 293/293 292/292 291/291
f 296/296 295/295 294/294
f 299/299 298/298 297/297
f 302/302 301/301 300/300
f 305/305 304/304 303/303
f 308/308 307/307 306/306
f 311/311 310/310 309/309
f 314/314 313/313 312/312
f 317/317 316/316 315/315
f 320/320 319/319 318/318
f 323/323 322/322 321/321
f 326/326 325/325 324/324
f 329/329 328/328 327/327
f 332/332 331/331 330/330
f 335/335 334/334 333/333
f 338/338 337/337 336/336
f 341/341 340/340 339/339
f 344/344 343/343 342/342
f 347/347 346/346 345/345
f 350/350 349/349 348/348
f 353/353 352/352 351/351
f 356/356 355/355 354/354
f 359/359 358/358 357/357
f 362/362 361/361 360/360
f 365/365 364/364 363/363
f 368/368 367/367 366/366
f 371/371 370/370 369/369
f 374/374 373/373 372/372
f 377/377 376/376 375/375
f 380/380 379/379 378/378
f 383/383 382/382 381/381
f 386/386 385/385 384/384
f 389/389 388/388 387/387
f 392/392 391/391 390/390
f 395/395 394/394 393/393
f 398/398 397/397 396/396
f 401/401 400/400 399/399
f 404/404 403/403 402/402
f 407/407 406/406 405/405
f 410/410 409/409 408/408
f 413/413 412/412 411/411
f 416/416 415/415 414/414
f 419/419 418/418 417/417
f 422/422 421/421 420/420
f 425/425 424/424 423/423
f 428/428 427/427 426/426
f 431/431 430/430 429/429
f 434/434 433/433 432/432
f 437/437 436/436 435/435
f 440/440 439/439 438/438
f 443/443 442/442 441/441
f 446/446 445/445 444/444
f 449/449 448/448 447/447
f 452/452 451/451 450/450
f 455/455 454/454 453/453
f 458/458 457/457 456/456
f 461/461 460/460 459/459
f 464/464 463/463 462/462
f 467/467 466/466 465/465
f 470/470 469/469 468/468
f 473/473 472/472 471/471
f 476/476 475/475 474/474
f 479/479 478/478 477/477
f 482/482 481/481 480/480
f 485/485 484/484 483/483
f 488/488 487/487 486/486
f 491/491 490/490 489/489
f 491/491 493/493 492/492
f 496/496 495/495 494/494
f 499/499 498/498 497/497
f 502/502 501/501 500/500
f 505/505 504/504 503/503
f 508/508 507/507 506/506
f 511/511 510/510 509/509
f 514/514 513/513 512/512
f 517/517 516/516 515/515
f 520/520 519/519 518/518
f 523/523 522/522 521/521
f 526/526 525/525 524/524
f 529/529 528/528 527/527
f 532/532 531/531 530/530
f 535/535 534/534 533/533
f 538/538 537/537 536/536
f 541/541 540/540 539/539
f 544/544 543/543 542/542
f 547/547 546/546 545/545
f 550/550 549/549 548/548
f 553/553 552/552 551/551
f 556/556 555/555 554/554
f 559/559 558/558 557/557
f 562/562 561/561 560/560
f 565/565 564/564 563/563
f 568/568 567/567 566/566
f 571/571 570/570 569/569
f 574/574 573/573 572/572
f 577/577 576/576 575/575
f 580/580 579/579 578/578
f 583/583 582/582 581/581
f 586/586 585/585 584/584
f 589/589 588/588 587/587
f 592/592 591/591 590/590
f 595/595 594/594 593/593
f 598/598 597/597 596/596
f 601/601 600/600 599/599
f 604/604 603/603 602/602
f 607/607 606/606 605/605
f 610/610 609/609 608/608
f 613/613 612/612 611/611
f 616/616 615/615 614/614
f 619/619 618/618 617/617
f 622/622 621/621 620/620
f 625/625 624/624 623/623
f 628/628 627/627 626/626
f 631/631 630/630 629/629
f 634/634 633/633 632/632
f 637/637 636/636 635/635
f 640/640 639/639 638/638
f 643/643 642/642 641/641
f 646/646 645/645 644/644
f 649/649 648/648 647/647
f 652/652 651/651 650/650
f 655/655 654/654 653/653
f 658/658 657/657 656/656
f 661/661 660/660 659/659
f 664/664 663/663 662/662
f 667/667 666/666 665/665
f 670/670 669/669 668/668
f 673/673 672/672 671/671
f 676/676 675/675 674/674
f 679/679 678/678 677/677
f 682/682 681/681 680/680
f 685/685 684/684 683/683
f 688/688 687/687 686/686
f 691/691 690/690 689/689
f 694/694 693/693 692/692
f 697/697 696/696 695/695
f 700/700 699/699 698/698
f 703/703 702/702 701/701
f 706/706 705/705 704/704
f 708/708 704/704 707/707
f 711/711 710/710 709/709
f 714/714 713/713 712/712
f 717/717 716/716 715/715
f 720/720 719/719 718/718
f 723/723 722/722 721/721
f 726/726 725/725 724/724
f 729/729 728/728 727/727
f 732/732 731/731 730/730
f 735/735 734/734 733/733
f 738/738 737/737 736/736
f 741/741 740/740 739/739
f 744/744 743/743 742/742
f 744/744 746/746 745/745
f 749/749 748/748 747/747
f 752/752 751/751 750/750
f 755/755 754/754 753/753
f 758/758 757/757 756/756
f 761/761 760/760 759/759
f 764/764 763/763 762/762
f 767/767 766/766 765/765
f 770/770 769/769 768/768
f 773/773 772/772 771/771
f 776/776 775/775 774/774
f 779/779 778/778 777/777
f 782/782 781/781 780/780
f 785/785 784/784 783/783
f 788/788 787/787 786/786
f 791/791 790/790 789/789
f 794/794 793/793 792/792
f 797/797 796/796 795/795
f 800/800 799/799 798/798
f 803/803 802/802 801/801
f 806/806 805/805 804/804
f 809/809 808/808 807/807
f 812/812 811/811 810/810
f 815/815 814/814 813/813
f 818/818 817/817 816/816
f 821/821 820/820 819/819
f 824/824 823/823 822/822
f 827/827 826/826 825/825
f 830/830 829/829 828/828
f 833/833 832/832 831/831
f 836/836 835/835 834/834
f 839/839 838/838 837/837
f 842/842 841/841 840/840
f 845/845 844/844 843/843
f 848/848 847/847 846/846
f 851/851 850/850 849/849
f 854/854 853/853 852/852
f 857/857 856/856 855/855
f 860/860 859/859 858/858
f 863/863 862/862 861/861
f 866/866 865/865 864/864
f 869/869 868/868 867/867
f 872/872 871/871 870/870
f 875/875 874/874 873/873
f 878/878 877/877 876/876
f 881/881 880/880 879/879
f 884/884 883/883 882/882
f 887/887 886/886 885/885
f 890/890 889/889 888/888
f 893/893 892/892 891/891
f 896/896 895/895 894/894
f 899/899 898/898 897/897
f 902/902 901/901 900/900
f 905/905 904/904 903/903
f 908/908 907/907 906/906
f 911/911 910/910 909/909
f 914/914 913/913 912/912
f 917/917 916/916 915/915
f 920/920 919/919 918/918
f 923/923 922/922 921/921
f 926/926 925/925 924/924
f 929/929 928/928 927/927
f 932/932 931/931 930/930
f 935/935 934/934 933/933
f 938/938 937/937 936/936
f 941/941 940/940 939/939
f 944/944 943/943 942/942
f 947/947 946/946 945/945
f 950/950 949/949 948/948
f 953/953 952/952 951/951
f 956/956 955/955 954/954
f 959/959 958/958 957/957
f 962/962 961/961 960/960
f 965/965 964/964 963/963
f 968/968 967/967 966/966
f 971/971 970/970 969/969
f 974/974 973/973 972/972
f 977/977 976/976 975/975
f 980/980 979/979 978/978
f 983/983 982/982 981/981
f 986/986 985/985 984/984
f 989/989 988/988 987/987
f 992/992 991/991 990/990
f 995/995 994/994 993/993
f 998/998 997/997 996/996
f 1001/1001 1000/1000 999/999
f 1004/1004 1003/1003 1002/1002
f 1007/1007 1006/1006 1005/1005
f 1010/1010 1009/1009 1008/1008
f 1012/1012 1011/1011 1010/1010
f 1014/1014 1013/1013 1012/1012
f 1017/1017 1016/1016 1015/1015
f 1020/1020 1019/1019 1018/1018
f 1023/1023 1022/1022 1021/1021
f 1026/1026 1025/1025 1024/1024
f 1029/1029 1028/1028 1027/1027
f 1032/1032 1031/1031 1030/1030
f 1035/1035 1034/1034 1033/1033
f 1038/1038 1037/1037 1036/1036
f 1041/1041 1040/1040 1039/1039
f 1044/1044 1043/1043 1042/1042
f 1047/1047 1046/1046 1045/1045
f 1050/1050 1049/1049 1048/1048
f 1053/1053 1052/1052 1051/1051
f 1056/1056 1055/1055 1054/1054
f 1059/1059 1058/1058 1057/1057
f 1062/1062 1061/1061 1060/1060
f 1065/1065 1064/1064 1063/1063
f 1068/1068 1067/1067 1066/1066
f 1071/1071 1070/1070 1069/1069
f 1074/1074 1073/1073 1072/1072
f 1077/1077 1076/1076 1075/1075
f 1080/1080 1079/1079 1078/1078
f 1083/1083 1082/1082 1081/1081
f 1086/1086 1085/1085 1084/1084
f 1089/1089 1088/1088 1087/1087
f 1092/1092 1091/1091 1090/1090
f 1094/1094 1092/1092 1093/1093
f 1096/1096 1093/1093 1095/1095
f 1097/1097 1096/1096 1095/1095
f 1097/1097 1095/1095 1098/1098
f 1101/1101 1100/1100 1099/1099
f 1104/1104 1103/1103 1102/1102
f 1107/1107 1106/1106 1105/1105
f 1110/1110 1109/1109 1108/1108
f 1113/1113 1112/1112 1111/1111
f 1116/1116 1115/1115 1114/1114
f 1119/1119 1118/1118 1117/1117
f 1122/1122 1121/1121 1120/1120
f 1125/1125 1124/1124 1123/1123
f 1128/1128 1127/1127 1126/1126
f 1131/1131 1130/1130 1129/1129
f 1134/1134 1133/1133 1132/1132
f 1137/1137 1136/1136 1135/1135
f 1140/1140 1139/1139 1138/1138
f 1143/1143 1142/1142 1141/1141
f 1146/1146 1145/1145 1144/1144
f 1144/1144 1148/1148 1147/1147
f 1149/1149 1144/1144 1147/1147
f 1152/1152 1151/1151 1150/1150
f 1154/1154 1152/1152 1153/1153
f 1156/1156 1153/1153 1155/1155
f 1155/1155 1157/1157 1156/1156
f 1160/1160 1159/1159 1158/1158
f 1163/1163 1162/1162 1161/1161
f 1166/1166 1165/1165 1164/1164
f 1169/1169 1168/1168 1167/1167
f 1172/1172 1171/1171 1170/1170
f 1175/1175 1174/1174 1173/1173
f 1178/1178 1177/1177 1176/1176
f 1181/1181 1180/1180 1179/1179
f 1184/1184 1183/1183 1182/1182
f 1187/1187 1186/1186 1185/1185
f 1190/1190 1189/1189 1188/1188
f 1193/1193 1192/1192 1191/1191
f 1196/1196 1195/1195 1194/1194
f 1199/1199 1198/1198 1197/1197
f 1202/1202 1201/1201 1200/1200
f 1205/1205 1204/1204 1203/1203
f 1208/1208 1207/1207 1206/1206
f 1211/1211 1210/1210 1209/1209
f 1214/1214 1213/1213 1212/1212
f 1217/1217 1216/1216 1215/1215
f 1220/1220 1219/1219 1218/1218
f 1223/1223 1222/1222 1221/1221
f 1226/1226 1225/1225 1224/1224
f 1229/1229 1228/1228 1227/1227
f 1232/1232 1231/1231 1230/1230
f 1235/1235 1234/1234 1233/1233
f 1238/1238 1237/1237 1236/1236
f 1241/1241 1240/1240 1239/1239
f 1244/1244 1243/1243 1242/1242
f 1247/1247 1246/1246 1245/1245
f 1250/1250 1249/1249 1248/1248
f 1253/1253 1252/1252 1251/1251
f 1256/1256 1255/1255 1254/1254
f 1259/1259 1258/1258 1257/1257
f 1262/1262 1261/1261 1260/1260
f 1265/1265 1264/1264 1263/1263
f 1268/1268 1267/1267 1266/1266
f 1271/1271 1270/1270 1269/1269
f 1271/1271 1272/1272 1270/1270
f 1273/1273 1272/1272 1271/1271
f 1276/1276 1275/1275 1274/1274
f 1276/1276 1277/1277 1275/1275
f 1280/1280 1279/1279 1278/1278
f 1280/1280 1278/1278 1281/1281
f 1280/1280 1281/1281 1282/1282
f 1280/1280 1282/1282 1283/1283
f 1284/1284 1280/1280 1283/1283
f 1284/1284 1283/1283 1285/1285
f 1286/1286 1285/1285 1283/1283
f 1287/1287 1286/1286 1283/1283
f 1287/1287 1283/1283 1288/1288
f 1289/1289 1286/1286 1287/1287
f 1286/1286 1290/1290 1285/1285
f 1290/1290 1291/1291 1285/1285
f 1292/1292 1285/1285 1291/1291
f 1289/1289 1293/1293 1286/1286
f 1293/1293 1294/1294 1286/1286
f 1295/1295 1286/1286 1294/1294
f 1289/1289 1296/1296 1293/1293
f 1297/1297 1293/1293 1296/1296
f 1289/1289 1298/1298 1296/1296
f 1299/1299 1296/1296 1298/1298
f 1289/1289 1300/1300 1298/1298
f 1300/1300 1301/1301 1298/1298
f 1289/1289 1302/1302 1300/1300
f 1289/1289 1303/1303 1302/1302
f 1303/1303 1304/1304 1302/1302
f 1300/1300 1305/1305 1301/1301
f 1305/1305 1306/1306 1301/1301
f 1307/1307 1301/1301 1306/1306
f 1307/1307 1308/1308 1301/1301
f 1305/1305 1309/1309 1306/1306
f 1305/1305 1310/1310 1309/1309
f 1310/1310 1311/1311 1309/1309
f 1314/1314 1313/1313 1312/1312
f 1314/1314 1312/1312 1315/1315
f 1316/1316 1314/1314 1315/1315
f 1316/1316 1315/1315 1317/1317
f 1320/1320 1319/1319 1318/1318
f 1320/1320 1321/1321 1319/1319
f 1322/1322 1321/1321 1320/1320
f 1322/1322 1323/1323 1321/1321
f 1326/1326 1325/1325 1324/1324
f 1326/1326 1327/1327 1325/1325
f 1330/1330 1329/1329 1328/1328
f 1330/1330 1331/1331 1329/1329
f 1332/1332 1331/1331 1330/1330
f 1332/1332 1333/1333 1331/1331
f 1336/1336 1335/1335 1334/1334
f 1336/1336 1337/1337 1335/1335
f 1337/1337 1336/1336 1338/1338
f 1339/1339 1337/1337 1338/1338
f 1342/1342 1341/1341 1340/1340
f 1343/1343 1342/1342 1340/1340
f 1346/1346 1345/1345 1344/1344
f 1344/1344 1347/1347 1346/1346
f 1348/1348 1347/1347 1344/1344
f 1347/1347 1348/1348 1349/1349
f 1352/1352 1351/1351 1350/1350
f 1353/1353 1351/1351 1352/1352
f 1356/1356 1355/1355 1354/1354
f 1356/1356 1354/1354 1357/1357
f 1360/1360 1359/1359 1358/1358
f 1360/1360 1358/1358 1361/1361
f 1364/1364 1363/1363 1362/1362
f 1363/1363 1364/1364 1365/1365
f 1368/1368 1367/1367 1366/1366
f 1369/1369 1367/1367 1368/1368
f 1372/1372 1371/1371 1370/1370
f 1372/1372 1370/1370 1373/1373
f 1376/1376 1375/1375 1374/1374
f 1374/1374 1377/1377 1376/1376
f 1380/1380 1379/1379 1378/1378
f 1379/1379 1380/1380 1381/1381
f 1384/1384 1383/1383 1382/1382
f 1385/1385 1383/1383 1384/1384
f 1388/1388 1387/1387 1386/1386
f 1388/1388 1389/1389 1387/1387
f 1392/1392 1391/1391 1390/1390
f 1390/1390 1393/1393 1392/1392
f 1396/1396 1395/1395 1394/1394
f 1395/1395 1397/1397 1394/1394
f 1400/1400 1399/1399 1398/1398
f 1399/1399 1401/1401 1398/1398
f 1404/1404 1403/1403 1402/1402
f 1402/1402 1403/1403 1405/1405
f 1408/1408 1407/1407 1406/1406
f 1407/1407 1408/1408 1409/1409
f 1412/1412 1411/1411 1410/1410
f 1412/1412 1413/1413 1411/1411
f 1416/1416 1415/1415 1414/1414
f 1414/1414 1415/1415 1417/1417
f 1420/1420 1419/1419 1418/1418
f 1421/1421 1418/1418 1419/1419
f 1418/1418 1421/1421 1422/1422
f 1425/1425 1424/1424 1423/1423
f 1424/1424 1426/1426 1423/1423
f 1429/1429 1428/1428 1427/1427
f 1429/1429 1430/1430 1428/1428
f 1433/1433 1432/1432 1431/1431
f 1433/1433 1434/1434 1432/1432
f 1435/1435 1434/1434 1433/1433
f 1438/1438 1437/1437 1436/1436
f 1437/1437 1439/1439 1436/1436
f 1440/1440 1436/1436 1439/1439
f 1439/1439 1437/1437 1441/1441
f 1440/1440 1439/1439 1442/1442
f 1439/1439 1441/1441 1442/1442
f 1445/1445 1444/1444 1443/1443
f 1445/1445 1443/1443 1446/1446
f 1449/1449 1448/1448 1447/1447
f 1450/1450 1449/1449 1447/1447
f 1452/1452 1450/1450 1451/1451
f 1453/1453 1452/1452 1451/1451
f 1456/1456 1455/1455 1454/1454
f 1455/1455 1457/1457 1454/1454
f 1460/1460 1459/1459 1458/1458
f 1460/1460 1461/1461 1459/1459
f 1464/1464 1463/1463 1462/1462
f 1463/1463 1464/1464 1465/1465
f 1468/1468 1467/1467 1466/1466
f 1469/1469 1468/1468 1466/1466
f 1472/1472 1471/1471 1470/1470
f 1470/1470 1473/1473 1472/1472
f 1476/1476 1475/1475 1474/1474
f 1475/1475 1476/1476 1477/1477
f 1480/1480 1479/1479 1478/1478
f 1479/1479 1480/1480 1481/1481
f 1484/1484 1483/1483 1482/1482
f 1484/1484 1482/1482 1485/1485
f 1488/1488 1487/1487 1486/1486
f 1488/1488 1489/1489 1487/1487
f 1492/1492 1491/1491 1490/1490
f 1492/1492 1493/1493 1491/1491
f 1496/1496 1495/1495 1494/1494
f 1496/1496 1494/1494 1497/1497
f 1500/1500 1499/1499 1498/1498
f 1500/1500 1498/1498 1501/1501
f 1504/1504 1503/1503 1502/1502
f 1504/1504 1505/1505 1503/1503
f 1506/1506 1505/1505 1504/1504
f 1509/1509 1508/1508 1507/1507
f 1507/1507 1508/1508 1510/1510
f 1511/1511 1510/1510 1508/1508
f 1514/1514 1513/1513 1512/1512
f 1515/1515 1514/1514 1512/1512
f 1518/1518 1517/1517 1516/1516
f 1518/1518 1519/1519 1517/1517
f 1518/1518 1520/1520 1519/1519
f 1523/1523 1522/1522 1521/1521
f 1521/1521 1524/1524 1523/1523
f 1527/1527 1526/1526 1525/1525
f 1525/1525 1528/1528 1527/1527
f 1531/1531 1530/1530 1529/1529
f 1532/1532 1530/1530 1531/1531
f 1530/1530 1532/1532 1533/1533
f 1533/1533 1532/1532 1534/1534
f 1537/1537 1536/1536 1535/1535
f 1535/1535 1536/1536 1538/1538
f 1535/1535 1538/1538 1539/1539
f 1542/1542 1541/1541 1540/1540
f 1543/1543 1541/1541 1542/1542
f 1546/1546 1545/1545 1544/1544
f 1547/1547 1545/1545 1546/1546
f 1550/1550 1549/1549 1548/1548
f 1549/1549 1550/1550 1551/1551
f 1554/1554 1553/1553 1552/1552
f 1554/1554 1555/1555 1553/1553
f 1558/1558 1557/1557 1556/1556
f 1557/1557 1559/1559 1556/1556
f 1561/1561 1560/1560 1556/1556
f 1562/1562 1560/1560 1561/1561
f 1565/1565 1564/1564 1563/1563
f 1566/1566 1565/1565 1563/1563
f 1567/1567 1566/1566 1563/1563
f 1570/1570 1569/1569 1568/1568
f 1571/1571 1569/1569 1570/1570
f 1574/1574 1573/1573 1572/1572
f 1574/1574 1575/1575 1573/1573
f 1578/1578 1577/1577 1576/1576
f 1576/1576 1577/1577 1579/1579
f 1582/1582 1581/1581 1580/1580
f 1580/1580 1581/1581 1583/1583
f 1586/1586 1585/1585 1584/1584
f 1586/1586 1587/1587 1585/1585
f 1588/1588 1585/1585 1587/1587
f 1591/1591 1590/1590 1589/1589
f 1589/1589 1590/1590 1592/1592
f 1595/1595 1594/1594 1593/1593
f 1595/1595 1596/1596 1594/1594
