v 0.0322520512 0.0195326195 -0.0260003493
v 0.0325535353 0.015010334 -0.0304148183
v 0.0324821518 0.0202869661 -0.0264906877
v 0.0320558889 0.0144378281 -0.0297616119
v 0.0317451329 0.0133408771 -0.032368541
v 0.0312074018 0.0129245045 -0.0316092366
v 0.0307800557 0.0128322701 -0.0339792372
v 0.0299715397 0.0123234754 -0.0336543308
v 0.0291354332 0.0126834941 -0.0373938383
v 0.0284068596 0.0121638786 -0.0369673071
v 0.0274018722 0.0131918374 -0.0421531789
v 0.0265282742 0.0126568624 -0.0422640122
v 0.0263719633 0.0139798017 -0.0461992313
v 0.0250609085 0.013938317 -0.0478547503
v 0.025638797 0.0148099375 -0.0482614938
v 0.0244710289 0.0161322641 -0.0498740352
v 0.0236713576 0.0155237524 -0.0499032729
v 0.0228659933 0.0178069522 -0.0508469355
v 0.0219705441 0.0172602338 -0.0509019184
v 0.0196902791 0.0204435378 -0.0513843261
v 0.0183182518 0.0202530647 -0.0514407468
v 0.0159171492 0.0228882708 -0.0515195134
v 0.0158202568 0.021759275 -0.0516356202
v 0.0111354602 0.0249588319 -0.0515572436
v 0.00558592424 0.0264557927 -0.0515441876
v 0.00741808909 0.0248879666 -0.051619322
v 0.00316547988 0.0256212169 -0.0516215572
v -0.000361990654 0.0268713105 -0.051520078
v -0.000738338928 0.0258714717 -0.0515844789
v -0.00631632295 0.0263093034 -0.0515394786
v -0.0044956862 0.0254899492 -0.0515924999
v -0.00949185409 0.0243883455 -0.0515982218
v -0.0112121947 0.024933236 -0.0515572727
v -0.0156773302 0.0218638162 -0.0515244901
v -0.0146642828 0.0235026428 -0.0515262189
v -0.0186922526 0.0199537402 -0.0514116895
v -0.0193262302 0.0207032802 -0.0514113286
v -0.0216181012 0.0175729055 -0.0509805046
v -0.0222922945 0.0183093415 -0.0509947538
v -0.0244040522 0.0161997953 -0.0499405549
v -0.0236540784 0.0155405179 -0.0499153743
v -0.0248320122 0.0141961929 -0.0482648291
v -0.025869526 0.0145249774 -0.0477751484
v -0.025569154 0.0133779139 -0.0461293443
v -0.027349118 0.0132182589 -0.042333841
v -0.0265969993 0.0126159334 -0.0419708173
v -0.0283420941 0.0121482238 -0.0370127847
v -0.0291515269 0.0126769974 -0.0372315029
v -0.0299190386 0.0123035006 -0.0337173347
v -0.0307617633 0.0128147587 -0.033912927
v -0.0317599782 0.0133650684 -0.0322588079
v -0.0311000197 0.0128675618 -0.0317140511
v -0.0320653065 0.0144503226 -0.0297545776
v -0.0325346379 0.0149389904 -0.0305042544
v -0.0324738404 0.020290287 -0.026491523
v -0.0322012363 0.0186438047 -0.0266407733
v 0.0324821518 0.0202869661 -0.0264906877
v 0.0324046015 0.0238223161 -0.0221561189
v 0.0322520512 0.0195326195 -0.0260003493
v 0.0324445814 0.0241638699 -0.022675842
v 0.0324459839 0.0278662045 -0.0168724946
v 0.0324424243 0.0294515891 -0.0148922496
v 0.0324455354 0.030378421 -0.0115814502
v 0.0324450987 0.032189759 -0.00699755547
v 0.0324457769 0.0319012877 -0.00640040598
v 0.0324454974 0.0325441534 0.00134950869
v 0.0324780762 0.0327145913 -0.00376859316
v 0.0324463152 0.0328347552 0.00265479084
v 0.0324450813 0.0316663295 0.00736683578
v 0.0324434195 0.0313611351 0.0103853941
v 0.0324448719 0.0300280953 0.0125285384
v 0.0324442609 0.0280873616 0.0174117085
v 0.0324444676 0.0276961887 0.0170469284
v 0.0324448462 0.023899463 0.0221161841
v 0.0324479953 0.0235916624 0.0232487611
v 0.0324444071 0.0204660798 0.026051671
v 0.0324437844 0.0184832111 0.0267762836
v 0.0324462526 0.0170414917 0.0285215065
v 0.0324439945 0.0126272687 0.0300007145
v 0.0324430604 0.0109166699 0.0314400037
v 0.0324437187 0.0048021556 0.0322005159
v 0.0324428514 0.00448749481 0.033069402
v 0.0324432331 -0.000417121538 0.0334170763
v 0.0324434049 -0.00118060196 0.0324793742
v 0.0324429455 -0.0062930071 0.0318757142
v 0.0324429048 -0.00681953177 0.0327932677
v 0.0324351056 -0.0142524878 0.029401778
v 0.0324426114 -0.0129115201 0.0309796917
v 0.0324393579 -0.0171803564 0.0289459509
v 0.0324401382 -0.0205880425 0.0255854422
v 0.0324441663 -0.0222527787 0.0256002531
v 0.0324391258 -0.024595525 0.0221409791
v 0.0324403541 -0.0262897404 0.0218228699
v 0.0324412826 -0.0278990775 0.0182259086
v 0.0324385645 -0.0302087749 0.0165628488
v 0.0324390594 -0.0310087723 0.0131385925
v 0.0324407535 -0.0336745987 0.00978335738
v 0.032443661 -0.0343836088 0.00471881031
v 0.032441004 -0.0362718741 0.0013556778
v 0.0323248069 -0.0360146166 -0.00288271895
v 0.0321583477 -0.037256509 -0.00498744848
v 0.0324459022 -0.0364492561 -0.00681069505
v 0.0310463194 -0.0375297592 -0.0115377006
v 0.029745966 -0.0368695797 -0.0171217907
v 0.028851195 -0.0374778556 -0.0171371401
v 0.0276617185 -0.0371328444 -0.0205043849
v 0.0270699242 -0.0373942667 -0.0196269146
v 0.0257018026 -0.0371402107 -0.0223776689
v 0.0245989915 -0.0373446128 -0.0219412439
v 0.022149472 -0.0373029567 -0.0244617753
v 0.0218178397 -0.0373770464 -0.0234975509
v 0.0176267819 -0.0375075658 -0.0257973355
v 0.0178164675 -0.0374985116 -0.024726658
v 0.0108854813 -0.0378033573 -0.0264843402
v 0.012954888 -0.0377297245 -0.0253332255
v 0.00648490718 -0.0379472471 -0.0255945604
v -0.00491920505 -0.0379470094 -0.0266042945
v -0.0111220444 -0.0377917439 -0.0254772312
v -0.0163695975 -0.0375691263 -0.0260858826
v -0.0178143102 -0.0374967364 -0.024727016
v -0.0217370613 -0.0373900916 -0.0235225249
v -0.0226407439 -0.0374475135 -0.0242898459
v -0.0245713683 -0.0373426206 -0.0219596914
v -0.0257333301 -0.037122133 -0.0223457508
v -0.0270684421 -0.0373917015 -0.0196270339
v -0.0276309115 -0.0370854041 -0.0204991986
v -0.0294085763 -0.0375212982 -0.0161083939
v -0.0298241034 -0.0369617363 -0.0172955086
v -0.0307091683 -0.0375554022 -0.0126667612
v -0.0315854148 -0.0365959304 -0.0110309418
v -0.0321415773 -0.0372776586 -0.0051796138
v -0.0323481739 -0.0359520082 -0.00241485232
v -0.032443681 -0.0362578284 0.00140923257
v -0.0324428633 -0.0349404872 0.00248929846
v -0.0324337744 -0.0327675166 0.00936773431
v -0.032438169 -0.0336137279 0.00982370984
v -0.0324370197 -0.0297184451 0.0173938868
v -0.0324397847 -0.0286435155 0.0172050291
v -0.0324371977 -0.0246014212 0.0221265844
v -0.032440463 -0.025987008 0.0221166003
v -0.0324377132 -0.0205847259 0.0255846069
v -0.0324423871 -0.0220637695 0.0257627369
v -0.032437996 -0.0143889061 0.0304350833
v -0.0324817884 -0.0166392142 0.0281815825
v -0.0325229328 -0.0125938618 0.0300686341
v -0.0324392045 -0.00629375056 0.0318741339
v -0.0324392452 -0.00681621452 0.0327924645
v -0.0324395515 0.000260564213 0.0325565779
v -0.0324389169 -0.000413804281 0.0334162702
v -0.0324386176 0.00504347743 0.0329577015
v -0.0324386236 0.00662330793 0.0318306964
v -0.0324375879 0.0108509995 0.0314615667
v -0.0324382341 0.0125112318 0.030032068
v -0.0324393143 0.0168836866 0.0286293915
v -0.0324374867 0.0189515792 0.0264799892
v -0.0324376731 0.0204694269 0.0260508357
v -0.0324371932 0.0233714208 0.022602707
v -0.0324365442 0.0240735288 0.0227077602
v -0.0324374263 0.0266254124 0.0187077516
v -0.0324351767 0.028905258 0.016100466
v -0.0324370424 0.0295089355 0.0136741102
v -0.0324373161 0.0318259031 0.00689914814
v -0.0324362917 0.0317344181 0.00898534054
v -0.0324377615 0.0329799951 0.000961780552
v -0.0324360938 0.0325432339 -0.000774264299
v -0.0324367689 0.031372704 -0.00874170655
v -0.0324382126 0.0322949229 -0.00651460869
v -0.0324297169 0.0297731342 -0.0142234261
v -0.0324369899 0.0288090728 -0.0151098662
v -0.0324279151 0.0256462838 -0.0200328228
v -0.0324347078 0.0244473428 -0.022332996
v -0.0323494275 0.0215353838 -0.024394154
v -0.0324738404 0.020290287 -0.026491523
v -0.0322012363 0.0186438047 -0.0266407733
v 0.0322520512 0.0195326195 -0.0260003493
v 0.0326775582 0.0162080701 -0.0281999412
v 0.0320558889 0.0144378281 -0.0297616119
v 0.0325809631 0.010371238 -0.0320260529
v 0.0334785048 0.0115280142 -0.0304298999
v 0.0312074018 0.0129245045 -0.0316092366
v 0.0335531334 0.00468597793 -0.0342904328
v 0.0343604299 0.00567911311 -0.0320375548
v 0.0350632385 -0.000114849335 -0.0325781089
v 0.032400712 0.00404086706 -0.0364113133
v 0.0332492346 -0.000748166489 -0.0381931051
v 0.0312064217 0.00516335986 -0.037989259
v 0.0299715397 0.0123234754 -0.0336543308
v 0.0284068596 0.0121638786 -0.0369673071
v 0.032441577 0.000598612194 -0.0394407194
v 0.0323849208 -0.00199835111 -0.0428409869
v 0.0305208606 0.00522640524 -0.040878533
v 0.0337789569 -0.0065915126 -0.0374382129
v 0.0354301889 -0.00660188652 -0.0318444654
v 0.0278387384 0.0104046095 -0.0429041975
v 0.0265282742 0.0126568624 -0.0422640122
v 0.0250609085 0.013938317 -0.0478547503
v 0.0329206906 -0.0051177249 -0.042728422
v 0.030252989 0.00486558939 -0.0468492508
v 0.0302592375 0.00489949317 -0.0559179753
v 0.0273468633 0.0105939284 -0.0518060639
v 0.0272270079 0.0110370873 -0.0612614152
v 0.0236713576 0.0155237524 -0.0499032729
v 0.0293085025 0.00724967651 -0.0603568216
v 0.0240077586 0.0152135274 -0.0610998832
v 0.0219705441 0.0172602338 -0.0509019184
v 0.0291824916 0.00786869023 -0.0672804425
v 0.0252508546 0.0139073069 -0.0672869384
v 0.0204883369 0.0187042274 -0.0672728114
v 0.0201905959 0.0188285051 -0.0614915451
v 0.0183182518 0.0202530647 -0.0514407468
v 0.0157882164 0.0217593391 -0.0594815006
v 0.0154631848 0.0217753825 -0.0676093681
v 0.0158202568 0.021759275 -0.0516356202
v 0.0311742156 0.00232431848 -0.0589651172
v 0.0310946195 0.00296705856 -0.0672636612
v 0.032384659 -0.00300211221 -0.0672577298
v 0.0321347006 -0.00179976388 -0.0586875947
v 0.0325008884 -0.00762063289 -0.0672604714
v 0.0317930797 -8.41771796e-05 -0.0562637113
v 0.0324984785 -0.00586598296 -0.0584143098
v 0.031775274 -0.000308993249 -0.0502311857
v 0.0325858626 -0.00503097041 -0.0466633443
v 0.0322194634 -0.011412627 -0.0586577051
v 0.0319126394 -0.0136460412 -0.0672879221
v 0.0325175824 -0.00824564929 -0.0544601353
v 0.0326478919 -0.00786350143 -0.0478976959
v 0.0317046432 -0.0145980362 -0.0586582988
v 0.0304901902 -0.0189445348 -0.0587709248
v 0.0303020922 -0.0196975295 -0.06723681
v 0.0280155094 -0.0247470865 -0.0671889167
v 0.0319830561 -0.0136620104 -0.050721108
v 0.0324730539 -0.0119406971 -0.0456005015
v 0.0309901183 -0.0184582825 -0.0480865536
v 0.0300028962 -0.0211722366 -0.0482044794
v 0.0289049893 -0.0230000533 -0.0586737704
v 0.0252245805 -0.0288836345 -0.0671633461
v 0.0324225532 -0.015037098 -0.0423113408
v 0.027558722 -0.0254809279 -0.0586760929
v 0.0318638735 -0.0186075792 -0.0411740242
v 0.0305056534 -0.0230003456 -0.0406858628
v 0.0334922936 -0.0155345973 -0.0364358712
v 0.035633628 -0.0114350796 -0.0304796384
v 0.0334321596 -0.0190404578 -0.0343249121
v 0.0358215461 -0.0174260027 -0.0274927617
v 0.0326710424 -0.0232721752 -0.0331116316
v 0.0359057411 -0.0233220589 -0.0227303797
v 0.0257370698 -0.028179185 -0.0585561676
v 0.0221179099 -0.0322156712 -0.0671745511
v 0.0283690453 -0.0244567582 -0.0502175651
v 0.0292192322 -0.0245185078 -0.0433618115
v 0.026468449 -0.0277335994 -0.0474230939
v 0.0227947703 -0.0315966065 -0.0588479335
v 0.0183467158 -0.0350095316 -0.0587402552
v 0.0184385136 -0.0349234832 -0.0671524089
v 0.0282199786 -0.0268935056 -0.0414564594
v 0.0217966167 -0.0323281226 -0.0509461155
v 0.0144466179 -0.036859709 -0.0588071649
v 0.0155404373 -0.0364383524 -0.0671849528
v 0.0110636207 -0.0379714203 -0.0672490569
v 0.0253528702 -0.0294669626 -0.0451553147
v 0.0145074536 -0.0368280702 -0.0558893662
v 0.0100063623 -0.0382119723 -0.0587377523
v 0.0181817975 -0.0348846179 -0.0523900089
v 0.0203859687 -0.0333974266 -0.0467509322
v 0.00543074469 -0.0388017356 -0.058633805
v 0.00644583899 -0.0387092377 -0.0672654773
v 0.00183878341 -0.0389212886 -0.0673267816
v 0.000410083563 -0.0389655586 -0.051643909
v 0.0112113445 -0.0377643844 -0.0527996977
v 0.0146464025 -0.0363782909 -0.0483812095
v 0.00844451613 -0.0382626626 -0.0500613765
v 0.0132262448 -0.0367401971 -0.0431942026
v 0.0241513493 -0.0310854761 -0.042945653
v 0.018052786 -0.0348034706 -0.0440008618
v -0.00100311232 -0.0389433205 -0.0586385431
v -0.00662012488 -0.038697347 -0.057754427
v -0.00282863153 -0.0388748044 -0.0673719624
v -0.00768332929 -0.0385756233 -0.0672457507
v 0.00454555677 -0.0387221513 -0.0458628812
v -3.49478066e-05 -0.0389375229 -0.0398481177
v 0.0231319965 -0.0328770469 -0.0382717233
v -0.00501813145 -0.038699553 -0.0469928957
v -0.0104694048 -0.0381002677 -0.0596980448
v -0.0128709009 -0.0374574022 -0.0671595917
v -0.0144265647 -0.0368860708 -0.057883648
v -0.0184307674 -0.0349373835 -0.0671690679
v -0.0112084944 -0.03776326 -0.0527997618
v -0.00809104198 -0.0381273166 -0.0444616366
v -0.00881879491 -0.03800942 -0.0366520573
v 0.0254048236 -0.0309908769 -0.0387872744
v 0.0245218137 -0.0340441395 -0.0324761553
v 0.0195504721 -0.0349739928 -0.0371397124
v 0.0153609569 -0.0364535242 -0.036530642
v 0.0269535023 -0.0294696138 -0.0388879183
v 0.0269922456 -0.0320921396 -0.0329147879
v 0.0293919898 -0.0262448189 -0.0387879612
v 0.0292520472 -0.0293717752 -0.0336011639
v 0.0308281415 -0.025725458 -0.0352399627
v 0.0320905641 -0.0289764955 -0.0277937943
v 0.0336632156 -0.0269894692 -0.0261566631
v 0.0317806931 -0.0327969 -0.0229436453
v 0.0303021429 -0.0340029076 -0.023795008
v 0.0348698807 -0.026176925 -0.0233238039
v 0.0359087945 -0.0278136574 -0.0169069172
v 0.0334984505 -0.0311521609 -0.0211918654
v 0.0291090257 -0.0356984474 -0.0223509662
v 0.0342827435 -0.0322655483 -0.0160380892
v 0.0357760405 -0.0307790525 -0.010598659
v 0.031034311 -0.0355476283 -0.0188121499
v 0.0325968694 -0.034618436 -0.0166771701
v 0.0342462533 -0.0342250772 -0.00876823033
v 0.035548504 -0.0321992264 -0.00453841676
v 0.0276617185 -0.0371328444 -0.0205043849
v 0.029745966 -0.0368695797 -0.0171217907
v 0.0312847438 -0.0367755218 -0.0140623451
v 0.0322294977 -0.0365529327 -0.0111509558
v 0.0331488848 -0.0361744664 -0.00657340861
v 0.0336135012 -0.0357457698 -0.00333195931
v 0.0352827395 -0.0325391882 0.000196665519
v 0.0334191487 -0.0349358248 0.00227549663
v 0.0348888657 -0.0320919701 0.00524044008
v 0.0334635726 -0.0335648074 0.00669395886
v 0.0344576283 -0.0306432018 0.010962307
v 0.0334468407 -0.0318558916 0.0111092624
v 0.0337090485 -0.02948943 0.0152696666
v 0.0341444853 -0.0275251018 0.0174053013
v 0.0336505642 -0.0270169897 0.018949747
v 0.0338949691 -0.0233937927 0.0226994453
v 0.0330072445 -0.0285774411 0.0173295135
v 0.0334468407 -0.0318558916 0.0111092624
v 0.0330746195 -0.0245599979 0.0221597249
v 0.0331766834 -0.0207672143 0.0254064507
v 0.0338204427 -0.0212237442 0.0246210402
v 0.0324401382 -0.0205880425 0.0255854422
v 0.0324391258 -0.024595525 0.0221409791
v 0.0324412826 -0.0278990775 0.0182259086
v 0.0324390594 -0.0310087723 0.0131385925
v 0.032443661 -0.0343836088 0.00471881031
v 0.0334635726 -0.0335648074 0.00669395886
v 0.0334191487 -0.0349358248 0.00227549663
v 0.0328967146 -0.0358989288 -0.00190302726
v 0.0323248069 -0.0360146166 -0.00288271895
v 0.0336135012 -0.0357457698 -0.00333195931
v 0.0324459022 -0.0364492561 -0.00681069505
v 0.0331488848 -0.0361744664 -0.00657340861
v 0.0312847438 -0.0367755218 -0.0140623451
v 0.0322294977 -0.0365529327 -0.0111509558
v 0.029745966 -0.0368695797 -0.0171217907
v -0.0325229328 -0.0125938618 0.0300686341
v -0.0335118777 -0.0170019514 0.0277214334
v -0.0324817884 -0.0166392142 0.0281815825
v -0.0333837157 -0.020467896 0.0255388615
v -0.0324377132 -0.0205847259 0.0255846069
v -0.0338960215 -0.0228892328 0.0231634665
v -0.0331615455 -0.0240693247 0.0225945114
v -0.0324371977 -0.0246014212 0.0221265844
v -0.0331254274 -0.0275347964 0.0187030731
v -0.0324397847 -0.0286435155 0.0172050291
v -0.0338127871 -0.0269123383 0.0188809325
v -0.034154012 -0.0276660402 0.0171560052
v -0.0335254535 -0.0297545019 0.0151079003
v -0.0324337744 -0.0327675166 0.00936773431
v -0.0337579202 -0.0316687132 0.010979324
v -0.0344591101 -0.0306457719 0.0109118519
v -0.0330244424 -0.0327325891 0.00941532853
v -0.0324428633 -0.0349404872 0.00248929846
v -0.0337965291 -0.0340823841 0.00447246421
v -0.0349902811 -0.0323128131 0.00388979897
v -0.033117394 -0.0351062073 0.00188761951
v -0.0323481739 -0.0359520082 -0.00241485232
v -0.0335985705 -0.0357173092 -0.00315645339
v -0.0355048077 -0.0323989401 -0.00317329177
v -0.0329736472 -0.0359642959 -0.0025127827
v -0.0344799744 -0.0338138315 -0.00889113508
v -0.0357652638 -0.0308039426 -0.0104907747
v -0.0325327853 -0.0364138715 -0.00641965817
v -0.0315854148 -0.0365959304 -0.0110309418
v -0.0331426386 -0.0361642946 -0.00669068104
v -0.03149347 -0.0367305647 -0.0135065915
v -0.0298241034 -0.0369617363 -0.0172955086
v -0.0343375869 -0.032912253 -0.0138051808
v -0.035905303 -0.0276983922 -0.0171184831
v -0.0328174295 -0.0356294156 -0.0120506586
v -0.0325951142 -0.0346147396 -0.0166772894
v -0.0340306842 -0.0316938211 -0.0182947813
v -0.0335175547 -0.0299840613 -0.0228910736
v -0.0310326488 -0.0355442082 -0.0188123275
v -0.0292067763 -0.0361985174 -0.0208341182
v -0.0276309115 -0.0370854041 -0.0204991986
v -0.0320480613 -0.0333693605 -0.0211543142
v -0.026805492 -0.0363205758 -0.0239996909
v -0.0257333301 -0.037122133 -0.0223457508
v -0.018662086 -0.0362148379 -0.0328453782
v -0.0226407439 -0.0374475135 -0.0242898459
v -0.0163695975 -0.0375691263 -0.0260858826
v -0.030327108 -0.0342537821 -0.0232173203
v -0.0347475034 -0.0252697851 -0.024799793
v -0.0358940548 -0.0230461027 -0.0229954123
v -0.0358282253 -0.0177302371 -0.0273007754
v -0.027681171 -0.0350120385 -0.0260724133
v -0.0232743404 -0.0348312073 -0.0320809777
v -0.030355467 -0.0324189457 -0.0264418428
v -0.0270468678 -0.0334241451 -0.0301428139
v -0.0310350882 -0.0296925804 -0.0292186422
v -0.0317439734 -0.0267113674 -0.0315255224
v -0.0287922072 -0.0308766724 -0.031913459
v -0.0262424002 -0.0318640779 -0.0347925728
v -0.0324158851 -0.0234214486 -0.0335510675
v -0.0290381901 -0.0286092134 -0.0353727635
v -0.0195480329 -0.0349719473 -0.0371398026
v -0.0270568246 -0.0290834078 -0.0396801217
v -0.0298121456 -0.0259806515 -0.037816196
v -0.0222395509 -0.0331281966 -0.0394199189
v -0.0334280468 -0.01903659 -0.0343250635
v -0.0333811202 -0.0139239171 -0.0378494558
v -0.0356173249 -0.0113581317 -0.030508815
v -0.0313643987 -0.0219036227 -0.0389258552
v -0.0318594202 -0.0186039366 -0.0411742629
v -0.0345530157 -0.00709185199 -0.0346606656
v -0.0354200247 -0.00636316782 -0.0318958744
v -0.0331235292 -0.00110537775 -0.0387631648
v -0.035161586 -0.00187695294 -0.0324655761
v -0.02907526 -0.0249363013 -0.0431137974
v -0.0335057532 0.00419360293 -0.0346494024
v -0.0346704767 0.00330020509 -0.0323774206
v -0.033614864 0.0105797255 -0.0308117567
v -0.0324183292 0.00353651238 -0.0367510918
v -0.0267371424 -0.0275793014 -0.0468763406
v -0.0301822914 -0.0215362842 -0.0457479648
v -0.0249663982 -0.0300356005 -0.0444530247
v -0.0247840714 -0.0308601353 -0.0410417008
v -0.0203829433 -0.0333952328 -0.0467510807
v -0.0225772879 -0.0316860378 -0.0494560867
v -0.0169067642 -0.0354051197 -0.0432483532
v -0.0132625716 -0.036869921 -0.0384886254
v -0.0309853828 -0.0184547605 -0.0480868504
v -0.0283649083 -0.0244535967 -0.0502178678
v -0.0243302103 -0.0299652507 -0.0527779746
v -0.0322158988 -0.0152626292 -0.0433956971
v -0.0321528368 -0.0136549976 -0.0470952684
v -0.0332183983 -0.00859007413 -0.0406289997
v -0.0326419534 -0.00683109241 -0.0479254115
v -0.0329088008 -0.00482219981 -0.0426120736
v -0.0294962646 -0.0217630612 -0.053229928
v -0.0263818632 -0.027339416 -0.054636359
v -0.0305318665 -0.0188272604 -0.0590017415
v -0.028116475 -0.0244823222 -0.0601585489
v -0.0253934679 -0.0286742427 -0.0671661808
v -0.0279794338 -0.0247471088 -0.0672014314
v -0.0301413366 -0.0201063417 -0.0672492373
v -0.0221944226 -0.032101361 -0.067164388
v -0.0317495769 -0.0143573676 -0.0672660477
v -0.0213562293 -0.0328442042 -0.057422847
v -0.0318096793 -0.0140127259 -0.0611133291
v -0.0324601882 -0.00904426772 -0.067297637
v -0.0174795086 -0.0354730569 -0.0585361384
v -0.0185923097 -0.0347450596 -0.0557561521
v -0.0164716401 -0.0357493423 -0.0521560025
v -0.012013636 -0.0371743266 -0.0456154346
v -0.015380303 -0.0372162568 -0.0318020873
v -0.0071351281 -0.0384084625 -0.0322132692
v -0.00491920505 -0.0379470094 -0.0266042945
v 0.00618903987 -0.0384984998 -0.0304087385
v 0.0108854813 -0.0378033573 -0.0264843402
v 0.00556086279 -0.0385114249 -0.0401963887
v 0.0142415232 -0.0375625141 -0.0312692515
v 0.0176267819 -0.0375075658 -0.0257973355
v 0.022149472 -0.0373029567 -0.0244617753
v 0.00940483117 -0.0377993208 -0.0428509113
v 0.010903522 -0.0376196423 -0.0357712212
v 0.0233338129 -0.035723451 -0.0296075043
v 0.0257018026 -0.0371402107 -0.0223776689
v -0.0322012363 0.0186438047 -0.0266407733
v -0.0320653065 0.0144503226 -0.0297545776
v -0.0327878849 0.0156252674 -0.0285177521
v -0.031809565 0.0101119485 -0.0329740928
v -0.0311000197 0.0128675618 -0.0317140511
v -0.0299190386 0.0123035006 -0.0337173347
v -0.0323266171 0.00221864565 -0.0381397607
v -0.0283420941 0.0121482238 -0.0370127847
v -0.0325018073 -0.00128354497 -0.0412630732
v -0.0307632236 0.0046425443 -0.0408421736
v -0.032496516 -0.00368228823 -0.0446068036
v -0.0315952232 0.00104594452 -0.0432593515
v -0.0279310081 0.0102895608 -0.0428280822
v -0.0265969993 0.0126159334 -0.0419708173
v -0.025569154 0.0133779139 -0.0461293443
v -0.0302748002 0.00485897971 -0.0456744136
v -0.0273388092 0.0105967088 -0.0518067449
v -0.0248320122 0.0141961929 -0.0482648291
v -0.0317684229 -0.000305739153 -0.0502319599
v -0.0301813275 0.0050249203 -0.0549485383
v -0.0317745376 -0.000104178347 -0.0564489339
v -0.0300348392 0.00559707033 -0.0585420115
v -0.0273795662 0.0107945581 -0.0607596594
v -0.0240571956 0.0151460882 -0.0607269409
v -0.0236540784 0.0155405179 -0.0499153743
v -0.0216181012 0.0175729055 -0.0509805046
v -0.0202328783 0.0187765716 -0.0613626209
v -0.0186922526 0.0199537402 -0.0514116895
v -0.015806512 0.0217612353 -0.0673021656
v -0.0156773302 0.0218638162 -0.0515244901
v -0.0199695411 0.0190820804 -0.0672555529
v -0.0245088404 0.0148011321 -0.0672858616
v -0.0279308335 0.0100429888 -0.0672782655
v -0.0305226833 0.00468514578 -0.0673073519
v -0.0313480124 0.00171527971 -0.0592011784
v -0.032321442 -0.0025495684 -0.0672439346
v -0.0323093523 -0.0029056947 -0.0606859627
v -0.0324746967 -0.00557920132 -0.0567327428
v -0.032475657 -0.00784051437 -0.0605053909
v -0.0322971629 -0.0112206674 -0.0528636272
v -0.015806512 0.0217612353 -0.0673021656
v -0.0119814777 0.0216335339 -0.0696362229
v -0.0184956764 0.0178090077 -0.0696360134
v -0.0199695411 0.0190820804 -0.0672555529
v -0.0245088404 0.0148011321 -0.0672858616
v -0.022770729 0.0138718149 -0.069635926
v -0.0264092298 0.00891099686 -0.0696361938
v -0.0279308335 0.0100429888 -0.0672782655
v -0.0305226833 0.00468514578 -0.0673073519
v -0.0290313651 0.00322795641 -0.0696362811
v -0.032321442 -0.0025495684 -0.0672439346
v -0.0304465761 -0.00311395099 -0.069636316
v -0.0324601882 -0.00904426772 -0.067297637
v -0.0304340201 -0.0108411409 -0.0696372066
v -0.0317495769 -0.0143573676 -0.0672660477
v -0.0301413366 -0.0201063417 -0.0672492373
v -0.0280799619 -0.019121334 -0.0696365198
v -0.0279794338 -0.0247471088 -0.0672014314
v -0.0238013736 -0.0262121138 -0.0696368807
v -0.0253934679 -0.0286742427 -0.0671661808
v -0.0221944226 -0.032101361 -0.067164388
v -0.0178415897 -0.0317452258 -0.0696358678
v -0.0184307674 -0.0349373835 -0.0671690679
v -0.0119413357 -0.0349632882 -0.0696358096
v -0.0128709009 -0.0374574022 -0.0671595917
v -0.00768332929 -0.0385756233 -0.0672457507
v -0.00640935221 -0.0366482744 -0.0696333358
v -0.00282863153 -0.0388748044 -0.0673719624
v -0.000427935918 -0.0372618612 -0.0696361647
v 0.00183878341 -0.0389212886 -0.0673267816
v 0.00613723562 -0.0367206109 -0.0696363742
v 0.00644583899 -0.0387092377 -0.0672654773
v 0.0110636207 -0.0379714203 -0.0672490569
v 0.0120100072 -0.0349306345 -0.0696357747
v 0.0155404373 -0.0364383524 -0.0671849528
v 0.0174369196 -0.0320364182 -0.0696354487
v 0.0184385136 -0.0349234832 -0.0671524089
v 0.0221179099 -0.0322156712 -0.0671745511
v 0.0237926267 -0.0262871859 -0.0696360425
v 0.0252245805 -0.0288836345 -0.0671633461
v 0.0280155094 -0.0247470865 -0.0671889167
v 0.0279525952 -0.0193766163 -0.0696358096
v 0.0303020922 -0.0196975295 -0.06723681
v 0.0319126394 -0.0136460412 -0.0672879221
v 0.0299136574 -0.0134296514 -0.0696352392
v 0.0325008884 -0.00762063289 -0.0672604714
v 0.0305878675 -0.00840838935 -0.0696353614
v 0.032384659 -0.00300211221 -0.0672577298
v 0.0304768971 -0.00341108523 -0.0696352392
v 0.0287876432 0.00405739153 -0.0696356583
v 0.0310946195 0.00296705856 -0.0672636612
v 0.0291824916 0.00786869023 -0.0672804425
v 0.0260396299 0.00948995157 -0.0696355361
v 0.0252508546 0.0139073069 -0.0672869384
v 0.0221372729 0.0146310243 -0.069636316
v 0.0204883369 0.0187042274 -0.0672728114
v 0.0177546403 0.0183182318 -0.0696356874
v 0.0154631848 0.0217753825 -0.0676093681
v 0.0129401345 0.0211618823 -0.0696356292
v -0.015806512 0.0217612353 -0.0673021656
v -0.0048313047 0.0217764038 -0.0696356292
v -0.0119814777 0.0216335339 -0.0696362229
v 0.000620391262 0.0217761176 -0.069636316
v 0.0154631848 0.0217753825 -0.0676093681
v 0.00678325187 0.0217758562 -0.0696358096
v 0.0129401345 0.0211618823 -0.0696356292
v -0.00128325878 0.0244504655 -0.0706361199
v 3.23759881e-05 0.0268499367 -0.067619828
v -0.0037787138 0.0266249026 -0.0676289201
v -0.00722794273 0.0236469606 -0.0706360326
v -0.00727189482 0.0260663533 -0.0676228083
v -0.0109814515 0.0250256174 -0.0676254043
v -0.0135893385 0.0213866401 -0.0706362131
v -0.0146309691 0.0235333764 -0.0676185766
v -0.0181761545 0.0215033868 -0.0676386058
v -0.0207242789 0.0167100425 -0.0706374354
v -0.02091261 0.0195422206 -0.0676163123
v -0.0250103752 0.0157431401 -0.0675624004
v -0.0262839728 0.0100460295 -0.0706363877
v -0.0280095333 0.0117615619 -0.067611842
v -0.0296501683 0.00896609959 -0.0676231051
v -0.0291360255 0.00434193316 -0.070636539
v -0.0310273875 0.00599626166 -0.067646947
v -0.0325114322 0.00160868155 -0.0676163123
v -0.0307750246 -0.00194517484 -0.0706364517
v -0.033397655 -0.00367250651 -0.0675422256
v -0.0310661555 -0.00825625665 -0.0706364808
v -0.0334704026 -0.00765906517 -0.0676291878
v -0.0332719666 -0.0107690103 -0.0676340132
v -0.030419823 -0.0131370657 -0.0706364517
v -0.0325271293 -0.0154839159 -0.0676342519
v -0.0288103633 -0.0184587767 -0.0706366263
v -0.0311822526 -0.0200313078 -0.0676304684
v -0.0296458378 -0.0236740304 -0.0676251366
v -0.0246863179 -0.0257464933 -0.0706364226
v -0.0280754239 -0.0264718891 -0.0676473952
v -0.0261750774 -0.0292197067 -0.0676353578
v -0.0237211906 -0.0320101701 -0.0676059979
v -0.0186861101 -0.0315404659 -0.0706361199
v -0.021558121 -0.0338894741 -0.0676445372
v -0.0188231903 -0.0358154955 -0.0676078198
v -0.0130871862 -0.0348648068 -0.0706340652
v -0.0157667306 -0.0373915317 -0.0676102645
v -0.0126909184 -0.0385032105 -0.0676253112
v -0.00942666249 -0.0392902069 -0.0676137512
v -0.0080204413 -0.036717399 -0.0706356775
v -0.00178183579 -0.0377163351 -0.0706395484
v -0.0066882263 -0.0396605383 -0.0676395255
v 0.000131069578 -0.0399201352 -0.0676711497
v 0.00620653261 -0.0371275464 -0.0706344552
v 0.00658768241 -0.0396268175 -0.0677584088
v 0.0103584372 -0.039106103 -0.0676416734
v 0.012301306 -0.0352482563 -0.0706357067
v 0.0134984792 -0.0382423535 -0.0676638447
v 0.0162402157 -0.0371763498 -0.0676492113
v 0.019791741 -0.0308310043 -0.0706351653
v 0.0190449706 -0.0356894494 -0.0676197989
v 0.0216952147 -0.0338132241 -0.0676199212
v 0.0241571279 -0.031605387 -0.0675711315
v 0.0272226748 -0.0278461119 -0.0676403637
v 0.0251856625 -0.024884969 -0.0706354971
v 0.0295364581 -0.0239276447 -0.0675790885
v 0.0285285542 -0.0191019954 -0.0706360326
v 0.0309222338 -0.0207708321 -0.0676013529
v 0.0319923028 -0.017560892 -0.0675986987
v 0.0303622172 -0.0134631223 -0.0706357649
v 0.0327652449 -0.0143019818 -0.0675978663
v 0.0333634272 -0.0097994969 -0.0677172502
v 0.0311057585 -0.00770265561 -0.0706358231
v 0.0334803136 -0.00512300174 -0.0675428484
v 0.0308021498 -0.00234166149 -0.070635404
v 0.0329895266 -0.000718209575 -0.0676872092
v 0.0295695497 0.00308943603 -0.0706361199
v 0.0320380667 0.00328835875 -0.0676025113
v 0.0294053657 0.00944136666 -0.0676363998
v 0.0308945915 0.00640976047 -0.0674175913
v 0.0270138865 0.00876894282 -0.070635468
v 0.0275403949 0.0124647175 -0.0676150317
v 0.0256939895 0.0148608197 -0.0676384545
v 0.0234382768 0.0138057678 -0.0706355262
v 0.0233138139 0.0174459687 -0.0676004856
v 0.0191304366 0.0178780482 -0.0706355844
v 0.0202003136 0.0201401944 -0.0675646937
v 0.0143213543 0.0209635413 -0.0706356426
v 0.017896057 0.0217059876 -0.0676065683
v 0.014468992 0.0236053163 -0.0676337455
v 0.00885336792 0.0231709645 -0.0706357649
v 0.0107751992 0.0251047032 -0.0676018302
v 0.00732268226 0.0260452484 -0.0676315103
v 0.00407453139 0.0266000603 -0.0676293974
v 0.00419267824 0.024216119 -0.0706352002
v 3.23759881e-05 0.0268499367 -0.067619828
v -0.00128325878 0.0244504655 -0.0706361199
v 3.23759881e-05 0.0268499367 -0.067619828
v -0.000302207679 0.0268596079 -0.0596521772
v -0.0037787138 0.0266249026 -0.0676289201
v -0.00548339898 0.0264209341 -0.0606185466
v -0.00727189482 0.0260663533 -0.0676228083
v -0.000361990654 0.0268713105 -0.051520078
v -0.0109814515 0.0250256174 -0.0676254043
v -0.00646354977 0.0262581679 -0.0566327886
v -0.00631632295 0.0263093034 -0.0515394786
v -0.0112121947 0.024933236 -0.0515572727
v -0.0108448658 0.0250671602 -0.0593626755
v -0.0146309691 0.0235333764 -0.0676185766
v -0.0159161273 0.0228703445 -0.0608241244
v -0.0146642828 0.0235026428 -0.0515262189
v -0.0181761545 0.0215033868 -0.0676386058
v -0.0193262302 0.0207032802 -0.0514113286
v -0.0204496496 0.0198598468 -0.0595640508
v -0.02091261 0.0195422206 -0.0676163123
v -0.0222922945 0.0183093415 -0.0509947538
v -0.0250103752 0.0157431401 -0.0675624004
v -0.0245100018 0.0161507422 -0.0610229035
v -0.0244040522 0.0161997953 -0.0499405549
v -0.0278067524 0.0119270929 -0.0594100333
v -0.0280095333 0.0117615619 -0.067611842
v -0.025869526 0.0145249774 -0.0477751484
v -0.03032382 0.00745765891 -0.060716836
v -0.0296501683 0.00896609959 -0.0676231051
v -0.0310273875 0.00599626166 -0.067646947
v -0.0281881463 0.0111245074 -0.0517991197
v -0.0311679095 0.0053179645 -0.0566950417
v -0.0287213489 0.0108601537 -0.0430296961
v -0.027349118 0.0132182589 -0.042333841
v -0.0291515269 0.0126769974 -0.0372315029
v -0.031519152 0.00520439114 -0.04149866
v -0.0307617633 0.0128147587 -0.033912927
v -0.0326714421 0.000509352466 -0.0569550088
v -0.0328555615 -0.000443953339 -0.0456050038
v -0.0325114322 0.00160868155 -0.0676163123
v -0.0311997957 0.00523229919 -0.0460140087
v -0.0319012998 0.00523127831 -0.0393521186
v -0.0317599782 0.0133650684 -0.0322588079
v -0.0332355934 -0.00241209709 -0.0597250473
v -0.033397655 -0.00367250651 -0.0675422256
v -0.0334704026 -0.00765906517 -0.0676291878
v -0.033457114 -0.00534343637 -0.0581868866
v -0.0335320067 -0.00799471238 -0.0513769395
v -0.0332719666 -0.0107690103 -0.0676340132
v -0.0325693285 0.00176980381 -0.0416016264
v -0.0335349494 -0.00435117547 -0.0458290277
v -0.0335526767 -0.002402833 -0.0426624698
v -0.0330517348 -0.0126985353 -0.0564016693
v -0.0325271293 -0.0154839159 -0.0676342519
v -0.0316091273 -0.01893211 -0.0588646508
v -0.0311822526 -0.0200313078 -0.0676304684
v -0.0296458378 -0.0236740304 -0.0676251366
v -0.0338689302 -0.00668454236 -0.0441859942
v -0.0324513604 -0.015886141 -0.054030685
v -0.0296898631 -0.0237001991 -0.0554182217
v -0.0280754239 -0.0264718891 -0.0676473952
v -0.033186407 -0.0131193097 -0.0474344473
v -0.0316325558 -0.0190737307 -0.0516439381
v -0.0323546481 -0.0187527417 -0.0442989753
v -0.0339704294 -0.0116361218 -0.0413420203
v -0.0346457174 -0.00434486768 -0.0379882433
v -0.0263453378 -0.0291362544 -0.0585922273
v -0.0261750774 -0.0292197067 -0.0676353578
v -0.0237211906 -0.0320101701 -0.0676059979
v -0.0309067992 -0.021783351 -0.0479478535
v -0.0235041837 -0.0322602186 -0.0578384672
v -0.021558121 -0.0338894741 -0.0676445372
v -0.0292585966 -0.0247051237 -0.0521601411
v -0.0274256721 -0.0277109439 -0.0517135544
v -0.0299900079 -0.0244440508 -0.0457858434
v -0.0313509031 -0.0236375096 -0.0406879786
v -0.0195242521 -0.0354572682 -0.0587954826
v -0.0188231903 -0.0358154955 -0.0676078198
v -0.0157667306 -0.0373915317 -0.0676102645
v -0.0139878025 -0.0381444855 -0.0581917178
v -0.0126909184 -0.0385032105 -0.0676253112
v -0.00942666249 -0.0392902069 -0.0676137512
v -0.00740738196 -0.0396168739 -0.0550116296
v -0.0066882263 -0.0396605383 -0.0676395255
v 0.000131069578 -0.0399201352 -0.0676711497
v -0.0281430291 -0.0276942413 -0.0448353268
v -0.000258739382 -0.0399533863 -0.0587440445
v 0.00658768241 -0.0396268175 -0.0677584088
v 0.00719402798 -0.0396462035 -0.0562913134
v 0.0103584372 -0.039106103 -0.0676416734
v -0.000124285871 -0.0399500918 -0.0480650051
v 0.0112776511 -0.0389303216 -0.058929564
v 0.0134984792 -0.0382423535 -0.0676638447
v 0.0162402157 -0.0371763498 -0.0676492113
v 0.0145098693 -0.0379201681 -0.0583303277
v 0.0190449706 -0.0356894494 -0.0676197989
v 0.0182931489 -0.0361725672 -0.0583341985
v 0.0216952147 -0.0338132241 -0.0676199212
v 0.0150369091 -0.037661956 -0.0545796414
v 0.0204757789 -0.0347523525 -0.0572354475
v 0.0241571279 -0.031605387 -0.0675711315
v 0.0113803461 -0.0386922785 -0.0512224738
v 0.0063766025 -0.0395141391 -0.0467514095
v 0.0134100734 -0.0377784006 -0.0444409234
v -0.000281430662 -0.0399429759 -0.0403696584
v 0.00683462548 -0.0393419171 -0.0379658915
v 0.0175924203 -0.0361962636 -0.0482424191
v 0.0190190696 -0.0354920876 -0.0514233077
v -0.00613072352 -0.0395391549 -0.0459409639
v 0.0210563013 -0.0343635835 -0.0438274728
v -0.0106326765 -0.0389186442 -0.0518043642
v -0.0151080018 -0.0374142472 -0.0498843496
v -0.0140836386 -0.0375267945 -0.0451121916
v -0.0169117248 -0.036868859 -0.0563224836
v -0.0207073855 -0.0344423479 -0.0527379219
v -0.0223965253 -0.0331930195 -0.0466701371
v -0.0222298724 -0.0339175885 -0.0415179122
v -0.0229138198 -0.0327200154 -0.0538187334
v -0.0252127592 -0.0305639951 -0.0493622734
v -0.0248065307 -0.031327211 -0.0455333269
v -0.023243697 -0.034550626 -0.0365614891
v -0.0181163048 -0.03612335 -0.0405272527
v -0.0135454796 -0.0377718779 -0.0393303315
v -0.0268986248 -0.0297067623 -0.0431495311
v -0.0111610959 -0.038547192 -0.0362738967
v -0.0316285012 -0.024646503 -0.0380380137
v -0.0224157641 -0.0363169403 -0.0321116735
v -0.0329192884 -0.020852554 -0.0382619794
v -0.00927914393 -0.0390923386 -0.032788812
v -0.0182499683 -0.0378707236 -0.0308470713
v -0.024475454 -0.035048095 -0.0329954608
v -0.0250889334 -0.037555684 -0.0257490581
v -0.026394194 -0.0328060321 -0.0353646872
v -0.0183685707 -0.0388942006 -0.0257350795
v -0.0238326636 -0.0385454527 -0.0233409999
v -0.0115084173 -0.0393192818 -0.0261186651
v -0.0278993913 -0.0382145076 -0.0203357937
v -0.0285717219 -0.0366798685 -0.0238147375
v -0.00667900695 -0.0394663692 -0.0300579966
v 0.000126986163 -0.0397951546 -0.0316606456
v 0.000699710883 -0.0395554263 -0.0262522401
v 0.00827428575 -0.039453277 -0.0266919727
v 0.0167228679 -0.0390352929 -0.0256249594
v 0.0122144837 -0.0385742478 -0.0339844206
v -0.0305864404 -0.0367125727 -0.0203092684
v -0.0306582685 -0.0379595816 -0.0162475699
v -0.0325179104 -0.0358336401 -0.0180327595
v -0.0329256345 -0.0371879578 -0.0118081567
v -0.0313435767 -0.0344318685 -0.023944139
v 0.0182522727 -0.0378725481 -0.0308466842
v 0.0196374492 -0.0388658094 -0.025057196
v -0.0283320086 -0.0318394213 -0.0338273647
v -0.0279833042 -0.0296613604 -0.0394418515
v -0.0300841527 -0.0280066129 -0.0370126363
v -0.031383403 -0.0276348552 -0.0342027226
v -0.0336729951 -0.0322798093 -0.0222499366
v -0.0344903445 -0.0292821235 -0.0242069364
v -0.0347286957 -0.0344451169 -0.0132991074
v -0.0358127323 -0.0295738983 -0.0195001063
v -0.0358765981 -0.0251296794 -0.0248501892
v -0.0363742147 -0.0327005141 -0.00678387296
v -0.0339292365 -0.0368952053 -0.00585398047
v -0.0364563954 -0.0309427126 -0.0133966794
v -0.0376283956 -0.0240160753 -0.0189546045
v -0.0338395052 -0.0188177117 -0.036819189
v -0.0356210424 -0.0342693211 -0.00321108091
v -0.0376963904 -0.0295322421 0.0013439655
v -0.0342002543 -0.0365775167 -0.00289949767
v -0.0345193284 -0.0352664473 0.0029528439
v -0.038319815 -0.0268775508 -0.00867825729
v -0.0347874407 -0.013306008 -0.0362665945
v -0.0363577917 -0.0296587069 0.0100851357
v -0.0343728549 -0.0331693388 0.009799689
v -0.0342102171 -0.030404114 0.0157359536
v -0.0367872569 -0.0257716663 0.0155666174
v -0.0342483899 -0.0277760178 0.0195583998
v -0.035198524 -0.00791810615 -0.0359545345
v -0.0386058034 0.00114405983 -0.0256153347
v -0.0377958223 -0.0117251894 -0.0268155331
v -0.0361218408 -0.000632552767 -0.0325227069
v -0.038187454 0.00948025366 -0.0244096518
v -0.0340815749 -0.000660180172 -0.0388758781
v -0.0380145362 -0.026756639 0.00785094453
v -0.0368736463 -0.0199802514 -0.0257798441
v -0.0381012636 -0.0171649507 -0.0231254089
v -0.0394783967 -0.00599935428 -0.0220215312
v -0.0401147543 -0.0126519683 -0.0151555243
v -0.0333085511 0.000248270156 -0.0404812075
v -0.033214869 0.00262459253 -0.0383564824
v -0.0345136101 0.00415781349 -0.0350165967
v -0.0327857797 0.00464733825 -0.0374021532
v -0.0340973703 0.00729399683 -0.0339015998
v -0.0330700055 0.0122417492 -0.0318671169
v -0.0325346379 0.0149389904 -0.0305042544
v -0.0344431071 0.0165255434 -0.0279608066
v -0.0337001478 0.0202866256 -0.0260660046
v -0.036709428 0.0140638626 -0.0254122308
v -0.0346503093 0.0205721108 -0.0248064694
v -0.0338380536 0.0227818105 -0.0237744738
v -0.0345224741 0.0253647856 -0.0201202929
v -0.0337208527 0.0250836019 -0.0213228166
v -0.0336749357 0.0271426455 -0.0186381934
v -0.0340302675 0.0287905713 -0.0158082839
v -0.0373069132 0.025771945 -0.0106540916
v -0.0343996447 0.0302137835 -0.0118055345
v -0.034253433 0.0316263059 -0.00804614974
v -0.0373785576 0.0201036684 -0.0192530148
v -0.0372867182 0.0276563482 -0.00307777518
v -0.0340401427 0.0326394103 -0.00357040772
v -0.0342615938 0.0326478416 0.000730931743
v -0.0372993027 0.0274763992 0.00515151005
v -0.0342168495 0.0323224696 0.00490951534
v -0.0341906676 0.031447687 0.00905522684
v -0.0342439566 0.0299636448 0.013144582
v -0.0372963309 0.0235405718 0.0152534543
v -0.0344128925 0.027872133 0.016797542
v -0.0344278779 0.0255215097 0.0202352108
v -0.0342519188 0.0227744923 0.023661404
v -0.0372989903 0.0161541419 0.0230861595
v -0.0342130882 0.0195905216 0.0264391303
v -0.0344289277 0.0159858638 0.0285266346
v -0.0344393931 0.0119633215 0.0304854504
v -0.0372881689 0.00922260189 0.0266250368
v -0.0344185573 0.00794322395 0.0318403821
v -0.0372429001 0.00163577753 0.0284312962
v -0.0344435979 0.00400225644 0.0325999863
v -0.0340351602 -0.000413354902 0.033334241
v -0.0344166992 -0.006658835 0.032326355
v -0.033789663 -0.00678441506 0.0327661342
v -0.0340173621 -0.0128873654 0.030909566
v -0.0388986765 0.0159194746 0.0182724587
v -0.0389212489 0.0102640074 0.0221165115
v -0.0388660149 0.00150845705 0.0246370735
v -0.0373134908 -0.00659993201 0.0276183186
v -0.0372720407 -0.0105350689 0.0265830458
v -0.0389199518 0.0205140221 0.0128002765
v -0.0397556269 0.0124615684 0.0170912434
v -0.0397410567 0.00335664789 0.0213029678
v -0.0389300485 -0.00579117054 0.0238611989
v -0.0389196814 0.0237541792 0.00404202947
v -0.0344556858 -0.0165127874 0.0287135248
v -0.0337929654 -0.0172249377 0.0288853043
v -0.0340264301 -0.0210813582 0.0263603026
v -0.0356751741 -0.0176077871 0.0260103639
v -0.0340519306 -0.0246413256 0.023335575
v -0.037513608 -0.0147036077 0.0239299829
v -0.0389252314 -0.011043294 0.0220578004
v -0.0365776515 -0.021749255 0.0209147925
v -0.038272327 -0.0187950271 0.0187672966
v -0.0384174413 -0.0228087 0.0133740308
v -0.039393287 -0.0219260551 0.00868990974
v -0.0394620802 -0.0157106164 0.0165519712
v -0.0397658813 -0.00750064339 0.0202235271
v -0.040144924 -0.00472230264 0.0185655357
v -0.0401456176 0.00594162024 0.0179578055
v -0.0401542161 -0.0133733358 0.0137326409
v -0.0395216202 -0.0230273674 -0.00300508727
v -0.040143811 -0.0186746917 0.00581642962
v -0.0401508047 -0.018845716 -0.00464835757
v -0.0401480701 -0.00568608726 -0.0181609983
v -0.0394130778 -0.0195183549 -0.0134559275
v -0.0401387052 0.00316049931 -0.0186151854
v -0.0393624365 0.00671506734 -0.0216496584
v -0.0401095641 0.00929251486 -0.0166178041
v -0.0385878007 0.0118434104 -0.0221957263
v -0.0389795765 0.0168679481 -0.0170521133
v -0.0397980109 0.0144706 -0.0149587097
v -0.0401460347 0.0158054006 -0.00972184498
v -0.0389130602 0.022183476 -0.00932574258
v -0.0397909508 0.0199907381 -0.00607776637
v -0.0401475774 0.0185858787 0.00114306804
v -0.0388977692 0.0238783784 -0.0026543139
v -0.0397542713 0.0206580525 0.00339081889
v -0.0397807439 0.0177555508 0.0110684632
v -0.0401450334 0.0146559419 0.0116294621
v -0.0337001478 0.0202866256 -0.0260660046
v -0.0325346379 0.0149389904 -0.0305042544
v -0.0324738404 0.020290287 -0.026491523
v -0.0338380536 0.0227818105 -0.0237744738
v -0.0324347078 0.0244473428 -0.022332996
v -0.0337208527 0.0250836019 -0.0213228166
v -0.0336749357 0.0271426455 -0.0186381934
v -0.0324297169 0.0297731342 -0.0142234261
v -0.0340302675 0.0287905713 -0.0158082839
v -0.0337756178 0.0306833942 -0.0118232369
v -0.0343996447 0.0302137835 -0.0118055345
v -0.034253433 0.0316263059 -0.00804614974
v -0.0334418698 0.0319292449 -0.00795137894
v -0.0324382126 0.0322949229 -0.00651460869
v -0.0340401427 0.0326394103 -0.00357040772
v -0.0324377615 0.0329799951 0.000961780552
v -0.0334203127 0.0329176226 0.000841349356
v -0.0342615938 0.0326478416 0.000730931743
v -0.0342168495 0.0323224696 0.00490951534
v -0.0334202777 0.0325707631 0.00495013592
v -0.0341906676 0.031447687 0.00905522684
v -0.0324362917 0.0317344181 0.00898534054
v -0.0334420385 0.0315925485 0.00942409024
v -0.0342439566 0.0299636448 0.013144582
v -0.0335160611 0.0302065338 0.0132539571
v -0.0324351767 0.028905258 0.016100466
v -0.0337775298 0.0282837427 0.0170023734
v -0.0344128925 0.027872133 0.016797542
v -0.0344278779 0.0255215097 0.0202352108
v -0.0337508151 0.0258244195 0.0206100347
v -0.0342519188 0.0227744923 0.023661404
v -0.0324365442 0.0240735288 0.0227077602
v -0.0333705384 0.0230098201 0.0238312175
v -0.0342130882 0.0195905216 0.0264391303
v -0.0333416729 0.0195508386 0.0268036121
v -0.0324376731 0.0204694269 0.0260508357
v -0.0324393143 0.0168836866 0.0286293915
v -0.0337963472 0.016012066 0.0290523458
v -0.0344289277 0.0159858638 0.0285266346
v -0.0344393931 0.0119633215 0.0304854504
v -0.033726422 0.0120785313 0.030982701
v -0.0324375879 0.0108509995 0.0314615667
v -0.0344185573 0.00794322395 0.0318403821
v -0.0337384153 0.00806063468 0.0323036307
v -0.0324386176 0.00504347743 0.0329577015
v -0.0344435979 0.00400225644 0.0325999863
v -0.0337648616 0.00371108759 0.0331350398
v -0.0340351602 -0.000413354902 0.033334241
v -0.0324389169 -0.000413804281 0.0334162702
v -0.033789663 -0.00678441506 0.0327661342
v -0.0324392452 -0.00681621452 0.0327924645
v -0.032437996 -0.0143889061 0.0304350833
v -0.0340173621 -0.0128873654 0.030909566
v -0.0337929654 -0.0172249377 0.0288853043
v -0.0324423871 -0.0220637695 0.0257627369
v -0.0340264301 -0.0210813582 0.0263603026
v -0.0340519306 -0.0246413256 0.023335575
v -0.032440463 -0.025987008 0.0221166003
v -0.0334749352 -0.0278715365 0.019860953
v -0.0342483899 -0.0277760178 0.0195583998
v -0.0324370197 -0.0297184451 0.0173938868
v -0.0342102171 -0.030404114 0.0157359536
v -0.0334429935 -0.0304780755 0.0161094067
v -0.0337800681 -0.0327894377 0.011619299
v -0.032438169 -0.0336137279 0.00982370984
v -0.0343728549 -0.0331693388 0.009799689
v -0.0337946111 -0.0345411362 0.00715303395
v -0.032443681 -0.0362578284 0.00140923257
v -0.0345193284 -0.0352664473 0.0029528439
v -0.0337960225 -0.0358572638 0.00278091429
v -0.0335434012 -0.037041062 -0.00301566706
v -0.0321415773 -0.0372776586 -0.0051796138
v -0.0342002543 -0.0365775167 -0.00289949767
v -0.03335576 -0.037348966 -0.00559917062
v -0.0339292365 -0.0368952053 -0.00585398047
v -0.0307091683 -0.0375554022 -0.0126667612
v -0.0320753748 -0.0377415998 -0.0125994382
v -0.0329256345 -0.0371879578 -0.0118081567
v -0.0306582685 -0.0379595816 -0.0162475699
v -0.0318463335 -0.0378149851 -0.0118454693
v -0.0290230815 -0.0378950262 -0.0175039764
v -0.0294085763 -0.0375212982 -0.0161083939
v -0.0270684421 -0.0373917015 -0.0196270339
v -0.02698852 -0.0380961859 -0.0202795563
v -0.0278993913 -0.0382145076 -0.0203357937
v -0.0245713683 -0.0373426206 -0.0219596914
v -0.0238326636 -0.0385454527 -0.0233409999
v -0.024360754 -0.0380881821 -0.0223019117
v -0.0217370613 -0.0373900916 -0.0235225249
v -0.0214140421 -0.0386197022 -0.0240977402
v -0.0183685707 -0.0388942006 -0.0257350795
v -0.0180776343 -0.0384093715 -0.0247409334
v -0.0178143102 -0.0374967364 -0.024727016
v -0.0152439209 -0.0390546177 -0.0255883031
v -0.0115084173 -0.0393192818 -0.0261186651
v -0.0126743248 -0.0386975455 -0.0254054961
v -0.0111220444 -0.0377917439 -0.0254772312
v 1.78330303e-05 -0.0389231398 -0.0256220985
v 0.00648490718 -0.0379472471 -0.0255945604
v 1.41479219e-05 -0.0393211521 -0.0258072308
v 0.000699710883 -0.0395554263 -0.0262522401
v 0.0167228679 -0.0390352929 -0.0256249594
v 0.0115511209 -0.0388922946 -0.0254883169
v 0.012954888 -0.0377297245 -0.0253332255
v 0.0181932371 -0.0387789549 -0.0249778619
v 0.0196374492 -0.0388658094 -0.025057196
v 0.0181916742 -0.0384160156 -0.024720488
v 0.0178164675 -0.0374985116 -0.024726658
v 0.0218178397 -0.0373770464 -0.0234975509
v 0.0221358646 -0.0383952992 -0.0235795073
v 0.0242173633 -0.0385317988 -0.0232806196
v 0.0244042535 -0.0382124949 -0.0223227136
v 0.0245989915 -0.0373446128 -0.0219412439
v 0.0274133669 -0.0383172422 -0.0205895296
v 0.0264931474 -0.0379544456 -0.0206160534
v 0.0270699242 -0.0373942667 -0.0196269146
v 0.0290698609 -0.0380286456 -0.0177309514
v 0.0296060291 -0.0380339919 -0.0182790754
v 0.028851195 -0.0374778556 -0.0171371401
v 0.0313228873 -0.0378507308 -0.0148247185
v 0.0317121074 -0.037829741 -0.0119614298
v 0.0323767254 -0.0376522571 -0.0117741525
v 0.0310463194 -0.0375297592 -0.0115377006
v 0.0331055318 -0.0374112278 -0.00593054283
v 0.0321583477 -0.037256509 -0.00498744848
v 0.033551711 -0.0370636931 -0.00316733131
v 0.032441004 -0.0362718741 0.0013556778
v 0.0337632259 -0.0358647405 0.00279667966
v 0.033787737 -0.0345218024 0.00722074474
v 0.0324407535 -0.0336745987 0.00978335738
v 0.0340396945 -0.0328033842 0.0114814931
v 0.0334548063 -0.0304731628 0.0161266915
v 0.0342119162 -0.030407618 0.015736818
v 0.0324385645 -0.0302087749 0.0165628488
v 0.0339347108 -0.0279597326 0.0196683701
v 0.0324403541 -0.0262897404 0.0218228699
v 0.0340314604 -0.0247683725 0.0232244725
v 0.0324441663 -0.0222527787 0.0256002531
v 0.0340420655 -0.0210017416 0.0264179689
v 0.0324393579 -0.0171803564 0.0289459509
v 0.0337967053 -0.0171723222 0.0289174
v 0.0324426114 -0.0129115201 0.0309796917
v 0.0340294308 -0.0128414147 0.0309218769
v 0.0340531848 -0.00679487269 0.032721131
v 0.0324429048 -0.00681953177 0.0327932677
v 0.0324432331 -0.000417121538 0.0334170763
v 0.0340572617 -0.000455059604 0.0333301577
v 0.0337990958 0.00378150839 0.0331176212
v 0.0344438388 0.00392927114 0.0326131878
v 0.0324428514 0.00448749481 0.033069402
v 0.033744063 0.00799628983 0.0323153567
v 0.0344243185 0.00814193418 0.0317885278
v 0.0324430604 0.0109166699 0.0314400037
v 0.0342524396 0.0121334066 0.0306757982
v 0.0333946828 0.0121074525 0.0309915835
v 0.033759563 0.0158797732 0.0291411561
v 0.0344312183 0.0159325108 0.0285589689
v 0.0324462526 0.0170414917 0.0285215065
v 0.0340438605 0.0196556139 0.0266031013
v 0.0324444071 0.0204660798 0.026051671
v 0.0324479953 0.0235916624 0.0232487611
v 0.0341588524 0.022782416 0.0238072564
v 0.0337551238 0.0257874781 0.0206627243
v 0.0344321371 0.0254903746 0.0202747877
v 0.0324442609 0.0280873616 0.0174117085
v 0.0337861628 0.0282513124 0.017049849
v 0.0344230391 0.0278970519 0.0167387727
v 0.0342520859 0.0299601496 0.0131454173
v 0.0335199499 0.0301558495 0.0133500696
v 0.0324434195 0.0313611351 0.0103853941
v 0.0334485727 0.0315970829 0.00939419842
v 0.0341990848 0.0314441801 0.00905609122
v 0.0334289944 0.0325673347 0.00495099994
v 0.0324463152 0.0328347552 0.00265479084
v 0.0342254528 0.0323189656 0.00491043902
v 0.0333428412 0.0329300121 0.000728964778
v 0.0342703949 0.0326443144 0.000731825821
v 0.0324780762 0.0327145913 -0.00376859316
v 0.0341138774 0.0325759379 -0.00357761965
v 0.0335428981 0.0319489103 -0.00784391159
v 0.0342623769 0.0316227962 -0.00804528609
v 0.0324450987 0.032189759 -0.00699755547
v 0.0340421133 0.0306139934 -0.01187405
v 0.0324424243 0.0294515891 -0.0148922496
v 0.034039337 0.0287824224 -0.0158201758
v 0.0337342039 0.0270597579 -0.0187257232
v 0.0324445814 0.0241638699 -0.022675842
v 0.0337295765 0.0250800833 -0.021322041
v 0.0338563705 0.022638093 -0.0239184796
v 0.0334445632 0.0198968614 -0.0265304145
v 0.0324821518 0.0202869661 -0.0264906877
v 0.0325535353 0.015010334 -0.0304148183
v 0.00885336792 0.0231709645 -0.0706357649
v 0.0191304366 0.0178780482 -0.0706355844
v 0.0143213543 0.0209635413 -0.0706356426
v 0.0234382768 0.0138057678 -0.0706355262
v 0.0270138865 0.00876894282 -0.070635468
v 0.0295695497 0.00308943603 -0.0706361199
v 0.0308021498 -0.00234166149 -0.070635404
v 0.0311057585 -0.00770265561 -0.0706358231
v 0.0303622172 -0.0134631223 -0.0706357649
v 0.0285285542 -0.0191019954 -0.0706360326
v 0.0251856625 -0.024884969 -0.0706354971
v 0.019791741 -0.0308310043 -0.0706351653
v 0.012301306 -0.0352482563 -0.0706357067
v 0.00620653261 -0.0371275464 -0.0706344552
v -0.00178183579 -0.0377163351 -0.0706395484
v -0.0080204413 -0.036717399 -0.0706356775
v -0.0130871862 -0.0348648068 -0.0706340652
v -0.0186861101 -0.0315404659 -0.0706361199
v -0.0246863179 -0.0257464933 -0.0706364226
v -0.0288103633 -0.0184587767 -0.0706366263
v -0.030419823 -0.0131370657 -0.0706364517
v -0.0310661555 -0.00825625665 -0.0706364808
v -0.0307750246 -0.00194517484 -0.0706364517
v -0.0291360255 0.00434193316 -0.070636539
v -0.0262839728 0.0100460295 -0.0706363877
v -0.0207242789 0.0167100425 -0.0706374354
v -0.0135893385 0.0213866401 -0.0706362131
v -0.00722794273 0.0236469606 -0.0706360326
v -0.00128325878 0.0244504655 -0.0706361199
v 0.00419267824 0.024216119 -0.0706352002
v -0.035161586 -0.00187695294 -0.0324655761
v -0.0306597847 -0.00643857106 -0.0319076178
v -0.0306594795 -0.00163682011 -0.0324790773
v -0.0354200247 -0.00636316782 -0.0318958744
v -0.0356173249 -0.0113581317 -0.030508815
v -0.0306599065 -0.011147621 -0.0305591529
v -0.0306603804 -0.0170343248 -0.0277594925
v -0.0358282253 -0.0177302371 -0.0273007754
v -0.0306617973 -0.0224857953 -0.023529082
v -0.0358940548 -0.0230461027 -0.0229954123
v -0.0306623731 -0.0273264215 -0.0177245427
v -0.035905303 -0.0276983922 -0.0171184831
v -0.030651165 -0.0304682731 -0.0114589333
v -0.0357652638 -0.0308039426 -0.0104907747
v -0.0306614821 -0.0323275422 -0.003850758
v -0.0355048077 -0.0323989401 -0.00317329177
v -0.0306746225 -0.0323754558 0.00331455449
v -0.0349902811 -0.0323128131 0.00388979897
v -0.0306691744 -0.0309920693 0.00990936169
v -0.0344591101 -0.0306457719 0.0109118519
v -0.0306625097 -0.0291181871 0.0144521298
v -0.034154012 -0.0276660402 0.0171560052
v -0.0306613982 -0.0262515151 0.019217818
v -0.0338960215 -0.0228892328 0.0231634665
v -0.030661323 -0.0207127041 0.0251389749
v -0.0335118777 -0.0170019514 0.0277214334
v -0.0306612857 -0.0151990052 0.0287564093
v -0.0325229328 -0.0125938618 0.0300686341
v -0.0306637136 -0.00793743943 0.0315893587
v -0.0324392045 -0.00629375056 0.0318741339
v -0.0324395515 0.000260564213 0.0325565779
v -0.0307112612 -0.000347468883 0.0325216504
v -0.0307799934 0.00629555238 0.0319271086
v -0.0324386236 0.00662330793 0.0318306964
v -0.0324382341 0.0125112318 0.030032068
v -0.0308376689 0.0121828826 0.0301369728
v -0.0308714559 0.0163951818 0.0280804321
v -0.0324374867 0.0189515792 0.0264799892
v -0.0308890641 0.0205837527 0.0251699093
v -0.0308918614 0.0246491082 0.0212480125
v -0.0324371932 0.0233714208 0.022602707
v -0.0324374263 0.0266254124 0.0187077516
v -0.030869347 0.0288301499 0.0151187473
v -0.0324370424 0.0295089355 0.0136741102
v -0.0308121844 0.0309916186 0.00978174794
v -0.0324373161 0.0318259031 0.00689914814
v -0.0307155976 0.0320770373 0.00541654226
v -0.0303285952 0.0325357515 -0.00148537756
v -0.0324360938 0.0325432339 -0.000774264299
v -0.0324367689 0.031372704 -0.00874170655
v -0.0299700098 0.0312943858 -0.00894737241
v -0.0304749319 0.0287570469 -0.0152485663
v -0.0324369899 0.0288090728 -0.0151098662
v -0.0306346155 0.0249932028 -0.020868986
v -0.0324279151 0.0256462838 -0.0200328228
v -0.0323494275 0.0215353838 -0.024394154
v -0.0306583492 0.0192583337 -0.0262551592
v -0.0322012363 0.0186438047 -0.0266407733
v -0.0327878849 0.0156252674 -0.0285177521
v -0.0306583516 0.0136156496 -0.0295695645
v -0.033614864 0.0105797255 -0.0308117567
v -0.0306589129 0.00870231038 -0.0313304947
v -0.0306590376 0.00405219348 -0.0322984444
v -0.0346704767 0.00330020509 -0.0323774206
v -0.0306594795 -0.00163682011 -0.0324790773
v -0.035161586 -0.00187695294 -0.0324655761
v -0.0307799934 0.00629555238 0.0319271086
v -0.0306637136 -0.00793743943 0.0315893587
v -0.0307112612 -0.000347468883 0.0325216504
v -0.0308376689 0.0121828826 0.0301369728
v -0.0306612857 -0.0151990052 0.0287564093
v -0.0308714559 0.0163951818 0.0280804321
v -0.030661323 -0.0207127041 0.0251389749
v -0.0308890641 0.0205837527 0.0251699093
v -0.0308918614 0.0246491082 0.0212480125
v -0.0306613982 -0.0262515151 0.019217818
v -0.030869347 0.0288301499 0.0151187473
v -0.0306625097 -0.0291181871 0.0144521298
v -0.0306691744 -0.0309920693 0.00990936169
v -0.0308121844 0.0309916186 0.00978174794
v -0.0307155976 0.0320770373 0.00541654226
v -0.0306746225 -0.0323754558 0.00331455449
v -0.0303285952 0.0325357515 -0.00148537756
v -0.0306614821 -0.0323275422 -0.003850758
v -0.0299700098 0.0312943858 -0.00894737241
v -0.030651165 -0.0304682731 -0.0114589333
v -0.0304749319 0.0287570469 -0.0152485663
v -0.0306623731 -0.0273264215 -0.0177245427
v -0.0306346155 0.0249932028 -0.020868986
v -0.0306617973 -0.0224857953 -0.023529082
v -0.0306583492 0.0192583337 -0.0262551592
v -0.0306603804 -0.0170343248 -0.0277594925
v -0.0306583516 0.0136156496 -0.0295695645
v -0.0306599065 -0.011147621 -0.0305591529
v -0.0306589129 0.00870231038 -0.0313304947
v -0.0306597847 -0.00643857106 -0.0319076178
v -0.0306590376 0.00405219348 -0.0322984444
v -0.0306594795 -0.00163682011 -0.0324790773
v 0.0350632385 -0.000114849335 -0.0325781089
v 0.0306833305 -0.00244402986 -0.0324541033
v 0.0354301889 -0.00660188652 -0.0318444654
v 0.0306837985 0.00432761749 -0.0322799082
v 0.0343604299 0.00567911311 -0.0320375548
v 0.0306841006 0.0108173879 -0.0306791655
v 0.0334785048 0.0115280142 -0.0304298999
v 0.0306841031 0.0155229687 -0.0286024209
v 0.0326775582 0.0162080701 -0.0281999412
v 0.0306851126 0.0198093357 -0.0257986772
v 0.0322520512 0.0195326195 -0.0260003493
v 0.0306737647 0.0236379242 -0.0223403869
v 0.0324046015 0.0238223161 -0.0221561189
v 0.0306036096 0.0268601286 -0.0183620446
v 0.0324459839 0.0278662045 -0.0168724946
v 0.0304080782 0.029288884 -0.0141277007
v 0.0324455354 0.030378421 -0.0115814502
v 0.029985179 0.0314376751 -0.00844874958
v 0.0324457769 0.0319012877 -0.00640040598
v 0.0303912996 0.0325187718 -0.00138828154
v 0.0324454974 0.0325441534 0.00134950869
v 0.0307536481 0.0321136756 0.00528612727
v 0.0324450813 0.0316663295 0.00736683578
v 0.0308735444 0.0301752296 0.0121689736
v 0.0324448719 0.0300280953 0.0125285384
v 0.0309070868 0.0277216573 0.016951382
v 0.0324444676 0.0276961887 0.0170469284
v 0.0309144445 0.0246169888 0.0212856525
v 0.0324448462 0.023899463 0.0221161841
v 0.0309048174 0.0195534228 0.0260026747
v 0.0324437844 0.0184832111 0.0267762836
v 0.0308674574 0.0131981867 0.0297437306
v 0.0324439945 0.0126272687 0.0300007145
v 0.0308006531 0.00604060493 0.0319768937
v 0.0324437187 0.0048021556 0.0322005159
v 0.0307276322 -0.00100783559 0.0325229601
v 0.0324434049 -0.00118060196 0.0324793742
v 0.0306850277 -0.00743205333 0.0316588732
v 0.0324429455 -0.0062930071 0.0318757142
v 0.0324351056 -0.0142524878 0.029401778
v 0.0306819838 -0.0119795909 0.0302026572
v 0.0306837944 -0.0162497005 0.0281824759
v 0.0324401382 -0.0205880425 0.0255854422
v 0.0306829683 -0.0210561821 0.0247656688
v 0.0338204427 -0.0212237442 0.0246210402
v 0.0306802241 -0.0243421923 0.0215710403
v 0.0338949691 -0.0233937927 0.0226994453
v 0.0341444853 -0.0275251018 0.0174053013
v 0.0306866098 -0.0280476119 0.0165370991
v 0.0306817497 -0.0306197619 0.0109636487
v 0.0344576283 -0.0306432018 0.010962307
v 0.0306843895 -0.032099747 0.00531691294
v 0.0348888657 -0.0320919701 0.00524044008
v 0.0352827395 -0.0325391882 0.000196665519
v 0.0306876608 -0.0325154952 -0.000502556532
v 0.0306785076 -0.0320560214 -0.00580716114
v 0.035548504 -0.0321992264 -0.00453841676
v 0.0357760405 -0.0307790525 -0.010598659
v 0.030676901 -0.0303225449 -0.0117543932
v 0.0306920464 -0.0284153185 -0.0158787661
v 0.0359087945 -0.0278136574 -0.0169069172
v 0.0306803959 -0.0252556204 -0.020483433
v 0.0359057411 -0.0233220589 -0.0227303797
v 0.0306827035 -0.021978724 -0.0240028196
v 0.0358215461 -0.0174260027 -0.0274927617
v 0.0306826273 -0.015849159 -0.0284602342
v 0.035633628 -0.0114350796 -0.0304796384
v 0.0306829469 -0.00905109287 -0.0312816206
v 0.0354301889 -0.00660188652 -0.0318444654
v 0.0306833305 -0.00244402986 -0.0324541033
v 0.00603083724 -0.0298524736 -0.045635819
v -0.000392763468 -0.0306934904 -0.0696358387
v -0.000296085182 -0.030685094 -0.0456358772
v 0.00603120104 -0.0298524736 -0.0696358096
v 0.0119266757 -0.0274107024 -0.0456356996
v 0.0119270388 -0.0274106995 -0.0696356874
v 0.0169896381 -0.0235261774 -0.0456356094
v 0.0169900034 -0.0235261745 -0.0696356001
v 0.0208746993 -0.0184636225 -0.0456355512
v 0.0208750645 -0.018463621 -0.0696355361
v 0.0233170922 -0.0125680433 -0.0456355512
v 0.0233174575 -0.0125680448 -0.0696355361
v 0.0241503736 -0.00624121247 -0.0456354901
v 0.0241507389 -0.00624121319 -0.069635507
v 0.023317759 8.57076976e-05 -0.0456355512
v 0.0233181243 8.57076635e-05 -0.0696355361
v 0.0208759879 0.00598154002 -0.0456355803
v 0.0208763531 0.00598154002 -0.069635571
v 0.0169914628 0.0110445057 -0.0456356385
v 0.0169918281 0.0110445042 -0.0696356292
v 0.0119289086 0.0149295647 -0.0456356996
v 0.011929271 0.0149295647 -0.0696356874
v 0.00603332804 0.0173719663 -0.045635819
v 0.00603369147 0.0173719663 -0.0696358096
v -0.000293502626 0.0182052434 -0.0456359092
v -0.000390980268 0.0182114832 -0.0696358678
v -0.00662005775 0.0173726332 -0.0696358096
v -0.00662042082 0.0173726332 -0.0456359965
v -0.0125162578 0.0149308547 -0.0456360867
v -0.0125158955 0.0149308533 -0.0696358969
v -0.0175792239 0.0110463289 -0.0456361449
v -0.0175788601 0.0110463275 -0.0696359843
v -0.021464285 0.00598377295 -0.0456362061
v -0.0214639198 0.00598377295 -0.0696360134
v -0.023906678 8.81980402e-05 -0.0456362643
v -0.0239063127 8.81980289e-05 -0.0696360774
v -0.0247399608 -0.0062386345 -0.0456362352
v -0.024739597 -0.00623863523 -0.0696360774
v -0.0239073448 -0.0125655532 -0.0456362643
v -0.0239069795 -0.0125655547 -0.0696360774
v -0.0214655737 -0.0184613895 -0.0456362061
v -0.0214652084 -0.0184613866 -0.0696360425
v -0.0175810486 -0.0235243527 -0.0456361449
v -0.0175806833 -0.0235243512 -0.0696359843
v -0.0125184908 -0.0274094124 -0.0456360576
v -0.012518127 -0.0274094095 -0.0696358969
v -0.00662291162 -0.0298518082 -0.0456359965
v -0.00662254854 -0.0298518053 -0.0696358096
v -0.000392763468 -0.0306934904 -0.0696358387
v -0.000296085182 -0.030685094 -0.0456358772
v -0.00662291162 -0.0298518082 -0.0456359965
v -0.0125184908 -0.0274094124 -0.0456360576
v -0.000296085182 -0.030685094 -0.0456358772
v -0.0175810486 -0.0235243527 -0.0456361449
v -0.0214655737 -0.0184613895 -0.0456362061
v -0.0239073448 -0.0125655532 -0.0456362643
v -0.0247399608 -0.0062386345 -0.0456362352
v -0.023906678 8.81980402e-05 -0.0456362643
v -0.021464285 0.00598377295 -0.0456362061
v -0.0175792239 0.0110463289 -0.0456361449
v -0.0125162578 0.0149308547 -0.0456360867
v -0.00662042082 0.0173726332 -0.0456359965
v -0.000293502626 0.0182052434 -0.0456359092
v 0.00603332804 0.0173719663 -0.045635819
v 0.0119289086 0.0149295647 -0.0456356996
v 0.0169914628 0.0110445057 -0.0456356385
v 0.0208759879 0.00598154002 -0.0456355803
v 0.023317759 8.57076976e-05 -0.0456355512
v 0.0241503736 -0.00624121247 -0.0456354901
v 0.0233170922 -0.0125680433 -0.0456355512
v 0.0208746993 -0.0184636225 -0.0456355512
v 0.0169896381 -0.0235261774 -0.0456356094
v 0.0119266757 -0.0274107024 -0.0456356996
v 0.00603083724 -0.0298524736 -0.045635819
v -0.0156773302 0.0218638162 -0.0515244901
v 0.0158202568 0.021759275 -0.0516356202
v -0.015806512 0.0217612353 -0.0673021656
v 0.0157882164 0.0217593391 -0.0594815006
v 0.0154631848 0.0217753825 -0.0676093681
v 0.0306829469 -0.00905109287 -0.0312816206
v 0.0306833305 -0.00244402986 -0.0324541033
v 0.0306837985 0.00432761749 -0.0322799082
v 0.0306841006 0.0108173879 -0.0306791655
v 0.0306826273 -0.015849159 -0.0284602342
v 0.0306841031 0.0155229687 -0.0286024209
v 0.0306851126 0.0198093357 -0.0257986772
v 0.0306827035 -0.021978724 -0.0240028196
v 0.0306737647 0.0236379242 -0.0223403869
v 0.0306803959 -0.0252556204 -0.020483433
v 0.0306036096 0.0268601286 -0.0183620446
v 0.0306920464 -0.0284153185 -0.0158787661
v 0.0304080782 0.029288884 -0.0141277007
v 0.030676901 -0.0303225449 -0.0117543932
v 0.029985179 0.0314376751 -0.00844874958
v 0.0306785076 -0.0320560214 -0.00580716114
v 0.0303912996 0.0325187718 -0.00138828154
v 0.0306876608 -0.0325154952 -0.000502556532
v 0.0306843895 -0.032099747 0.00531691294
v 0.0307536481 0.0321136756 0.00528612727
v 0.0308735444 0.0301752296 0.0121689736
v 0.0306817497 -0.0306197619 0.0109636487
v 0.0306866098 -0.0280476119 0.0165370991
v 0.0309070868 0.0277216573 0.016951382
v 0.0309144445 0.0246169888 0.0212856525
v 0.0306802241 -0.0243421923 0.0215710403
v 0.0306829683 -0.0210561821 0.0247656688
v 0.0309048174 0.0195534228 0.0260026747
v 0.0306837944 -0.0162497005 0.0281824759
v 0.0308674574 0.0131981867 0.0297437306
v 0.0306819838 -0.0119795909 0.0302026572
v 0.0306850277 -0.00743205333 0.0316588732
v 0.0308006531 0.00604060493 0.0319768937
v 0.0307276322 -0.00100783559 0.0325229601
v 0.0242173633 -0.0385317988 -0.0232806196
v 0.0250078771 -0.0376007905 -0.0257919135
v 0.0285828693 -0.036980899 -0.0230099555
v 0.0274133669 -0.0383172422 -0.0205895296
v 0.0308514663 -0.036292631 -0.0208437734
v 0.0296060291 -0.0380339919 -0.0182790754
v 0.032531546 -0.0358518738 -0.0180486735
v 0.0313228873 -0.0378507308 -0.0148247185
v 0.0339750436 -0.0358899618 -0.011998236
v 0.0323767254 -0.0376522571 -0.0117741525
v 0.0336175264 -0.0371521455 -0.00697848154
v 0.0331055318 -0.0374112278 -0.00593054283
v 0.033551711 -0.0370636931 -0.00316733131
v 0.0320329215 -0.0339367806 -0.0232967432
v 0.0299299661 -0.0348838282 -0.0255252409
v 0.0338787096 -0.0326568871 -0.0209111269
v 0.0354196147 -0.0310391681 -0.0183649361
v 0.0351997409 -0.0290379887 -0.0225183059
v 0.0349546725 -0.0334565497 -0.0150393244
v 0.0369639073 -0.02806987 -0.0165305435
v 0.0374177235 -0.0296719601 -0.009134024
v 0.0363714876 -0.0326612962 -0.00689849257
v 0.0388966372 -0.0260559866 -0.000568509085
v 0.0330012261 -0.0311016455 -0.0256470143
v 0.0386119959 -0.0251603483 -0.0101372301
v 0.0349378128 -0.0355199909 -0.0041280091
v 0.0371040483 -0.0306289785 0.00230094793
v 0.0341288312 -0.036679671 -0.00302383305
v 0.0343645983 -0.0355420459 0.00249883524
v 0.0337632259 -0.0358647405 0.00279667966
v 0.033787737 -0.0345218024 0.00722074474
v 0.0345532929 -0.0343494233 0.00591191638
v 0.0340396945 -0.0328033842 0.0114814931
v 0.0363597265 -0.0296624346 0.0100860889
v 0.0342119162 -0.030407618 0.015736818
v 0.0380168372 -0.0267605439 0.00785195807
v 0.0394181804 -0.021829962 0.00873750396
v 0.0367894384 -0.0257754404 0.0155675705
v 0.0384200006 -0.0228126543 0.0133750436
v 0.0346224634 -0.0277657526 0.0187852085
v 0.0339347108 -0.0279597326 0.0196683701
v 0.0340314604 -0.0247683725 0.0232244725
v 0.0365800854 -0.0217530146 0.0209157457
v 0.0340420655 -0.0210017416 0.0264179689
v 0.0382751417 -0.0187989655 0.0187683108
v 0.0356778925 -0.0176114465 0.0260112865
v 0.0344585904 -0.0165154283 0.0287147763
v 0.0337967053 -0.0171723222 0.0289174
v 0.0340294308 -0.0128414147 0.0309218769
v 0.0375167014 -0.0147074676 0.023930936
v 0.0366332485 -0.0114591382 0.0273849349
v 0.0340531848 -0.00679487269 0.032721131
v 0.0394652931 -0.0157146811 0.016552984
v 0.0388406924 -0.00987838381 0.0229768746
v 0.0373513764 -0.00685057422 0.0275138911
v 0.0340572617 -0.000455059604 0.0333301577
v 0.0389600208 -0.00665985377 0.0236103238
v 0.0373413988 0.00175858585 0.0282385939
v 0.0344438388 0.00392927114 0.0326131878
v 0.0344243185 0.00814193418 0.0317885278
v 0.0372937087 0.00921877325 0.0266259914
v 0.0342524396 0.0121334066 0.0306757982
v 0.0373053729 0.016150474 0.0230869948
v 0.0344312183 0.0159325108 0.0285589689
v 0.0340438605 0.0196556139 0.0266031013
v 0.0341588524 0.022782416 0.0238072564
v 0.0373037046 0.0235367759 0.0152544075
v 0.0344321371 0.0254903746 0.0202747877
v 0.0344230391 0.0278970519 0.0167387727
v 0.0342520859 0.0299601496 0.0131454173
v 0.0373074033 0.0274725728 0.00515252323
v 0.0341990848 0.0314441801 0.00905609122
v 0.0342254528 0.0323189656 0.00491043902
v 0.0342703949 0.0326443144 0.000731825821
v 0.0389264924 0.0016505211 0.0244594208
v 0.0389270214 0.0102599789 0.0221174952
v 0.0389051726 0.0159154622 0.0182734424
v 0.0397852395 -0.00613075333 0.0204786353
v 0.0389271078 0.0205100257 0.0128012296
v 0.037295104 0.0276525188 -0.00307682167
v 0.0341138774 0.0325759379 -0.00357761965
v 0.0342623769 0.0316227962 -0.00804528609
v 0.0373154099 0.0257682292 -0.0106522733
v 0.0340421133 0.0306139934 -0.01187405
v 0.034039337 0.0287824224 -0.0158201758
v 0.0389274451 0.0237501522 0.00404301281
v 0.0397653075 0.0125302444 0.017016202
v 0.0345385 0.0253637293 -0.0201037823
v 0.0337342039 0.0270597579 -0.0187257232
v 0.0337295765 0.0250800833 -0.021322041
v 0.0338563705 0.022638093 -0.0239184796
v 0.0345958263 0.0203692588 -0.0250732002
v 0.0334445632 0.0198968614 -0.0265304145
v 0.0389057365 0.0238743805 -0.00265330073
v 0.0397695794 0.0189509045 0.00927174042
v 0.0398018831 0.00373001406 0.020962923
v 0.0373534171 0.0201435559 -0.0193044238
v 0.0343071893 0.0173279987 -0.02766916
v 0.0325535353 0.015010334 -0.0304148183
v 0.0397869426 0.020816607 -0.000525772566
v 0.0389210598 0.0221794054 -0.00932484836
v 0.0368231401 0.013554325 -0.0254895072
v 0.0386952616 0.012278956 -0.0216292145
v 0.0330800471 0.0126220795 -0.0316282501
v 0.0317451329 0.0133408771 -0.032368541
v 0.0389567154 0.0172230405 -0.0167827908
v 0.0340474823 0.00583144363 -0.0348434725
v 0.0327168872 0.00491283094 -0.0373154267
v 0.0307800557 0.0128322701 -0.0339792372
v 0.0397620182 0.0191859819 -0.00825661409
v 0.0316371613 0.00532191647 -0.0402331643
v 0.0291354332 0.0126834941 -0.0373938383
v 0.0397616257 0.014960097 -0.014689684
v 0.0403003142 0.0164473959 -0.00578340878
v 0.0350882064 0.00290861424 -0.034169195
v 0.0386243015 0.00139670666 -0.0255292049
v 0.0331991641 0.00281504689 -0.0382056838
v 0.0341576961 -0.000235566123 -0.0383115403
v 0.0286428365 0.0109860968 -0.043165058
v 0.0274018722 0.0131918374 -0.0421531789
v 0.0263719633 0.0139798017 -0.0461992313
v 0.0333172153 -7.45428733e-06 -0.0407187326
v 0.0316799469 0.00426060382 -0.0438030344
v 0.0281962585 0.0111216238 -0.0517984328
v 0.025638797 0.0148099375 -0.0482614938
v 0.0361281244 -0.000636266102 -0.0325217843
v 0.0350640888 -0.00624143416 -0.036659895
v 0.0338251736 -0.00540408869 -0.0438007119
v 0.0334382379 -0.00200709909 -0.0428141357
v 0.0311778155 0.00525269042 -0.0546876166
v 0.032791993 -0.000122234153 -0.0455507339
v 0.0336349889 -0.00642987067 -0.0487800222
v 0.033164494 -0.012335807 -0.0507566612
v 0.0338994963 -0.00810053383 -0.0434792018
v 0.0298840336 0.0083747979 -0.0604090106
v 0.0326811103 0.00049311224 -0.0568213756
v 0.0339758243 -0.0116396084 -0.0413411559
v 0.0308945915 0.00640976047 -0.0674175913
v 0.0294053657 0.00944136666 -0.0676363998
v 0.0320380667 0.00328835875 -0.0676025113
v 0.0273470261 0.0125800211 -0.0591555494
v 0.023961965 0.0167395213 -0.0609033101
v 0.0275403949 0.0124647175 -0.0676150317
v 0.0256939895 0.0148608197 -0.0676384545
v 0.0244710289 0.0161322641 -0.0498740352
v 0.0233138139 0.0174459687 -0.0676004856
v 0.0228659933 0.0178069522 -0.0508469355
v 0.0202003136 0.0201401944 -0.0675646937
v 0.0199341794 0.0202764207 -0.0588607159
v 0.0151725349 0.0232468343 -0.0609453884
v 0.0196902791 0.0204435378 -0.0513843261
v 0.0159171492 0.0228882708 -0.0515195134
v 0.017896057 0.0217059876 -0.0676065683
v 0.014468992 0.0236053163 -0.0676337455
v 0.0107751992 0.0251047032 -0.0676018302
v 0.0111354602 0.0249588319 -0.0515572436
v 0.0101288373 0.0253036627 -0.0613130629
v 0.00732268226 0.0260452484 -0.0676315103
v 0.00642079019 0.026265707 -0.0566738832
v 0.00558592424 0.0264557927 -0.0515441876
v -0.000361990654 0.0268713105 -0.051520078
v 0.00463411984 0.0265451792 -0.0608173315
v 0.00407453139 0.0266000603 -0.0676293974
v -0.000302207679 0.0268596079 -0.0596521772
v 3.23759881e-05 0.0268499367 -0.067619828
v 0.0333207429 -0.00287351431 -0.0608647475
v 0.0329895266 -0.000718209575 -0.0676872092
v 0.0334803136 -0.00512300174 -0.0675428484
v 0.0334837947 -0.00835896061 -0.0582657172
v 0.0333634272 -0.0097994969 -0.0677172502
v 0.0334846064 -0.00559745129 -0.0568087969
v 0.0327652449 -0.0143019818 -0.0675978663
v 0.0323834756 -0.0161318182 -0.0546772149
v 0.0319923028 -0.017560892 -0.0675986987
v 0.0328962734 -0.0153394722 -0.0465768564
v 0.0315509928 -0.0191835586 -0.0524297648
v 0.0304969833 -0.0218555537 -0.0580246444
v 0.0309222338 -0.0207708321 -0.0676013529
v 0.0288985895 -0.0252312664 -0.0547603355
v 0.0295364581 -0.0239276447 -0.0675790885
v 0.0299564787 -0.0234854847 -0.0504971133
v 0.031844927 -0.0199270276 -0.0454240129
v 0.0339454926 -0.0152490698 -0.0391939277
v 0.0356021262 -0.0140561284 -0.0332676456
v 0.0265993669 -0.0288062356 -0.0596667232
v 0.0272226748 -0.0278461119 -0.0676403637
v 0.0235705024 -0.032204501 -0.0576481805
v 0.0256752389 -0.0299088518 -0.053874345
v 0.022009261 -0.0334798485 -0.0535563508
v 0.0257798933 -0.0301462401 -0.0478502217
v 0.027430741 -0.027879459 -0.0500203052
v 0.0290972844 -0.0261231038 -0.0455549656
v 0.0239703105 -0.0320882981 -0.0459997333
v 0.0309972113 -0.0231892411 -0.0431563851
v 0.0317032121 -0.0245284989 -0.0380729442
v 0.033346673 -0.0196067791 -0.0379499485
v 0.0284093603 -0.0284820887 -0.0412032008
v 0.0334331815 -0.0224894655 -0.0348311063
v 0.035097184 -0.0202727532 -0.0314759905
v 0.031172213 -0.0275838132 -0.0348814705
v 0.0273406939 -0.0301307829 -0.0401218218
v 0.0326595206 -0.0273387705 -0.0315066573
v 0.0249696196 -0.0324746776 -0.0395976298
v 0.0379192945 -0.0128258205 -0.0261164008
v 0.0291180766 -0.0310131527 -0.0338574639
v 0.0232584208 -0.0343007976 -0.037163138
v 0.0276101374 -0.0327027088 -0.0334801356
v 0.0288166601 -0.0334547749 -0.0300187472
v 0.0328394493 -0.0286004768 -0.0295045058
v 0.0353062052 -0.0246580747 -0.0271343597
v 0.0375614637 -0.0217741846 -0.0219085807
v 0.0181190905 -0.0361251658 -0.0405268656
v 0.0156693601 -0.0373000207 -0.0377206801
v 0.0207425127 -0.0362416886 -0.0346122077
v 0.0255728696 -0.0357054472 -0.0300468499
v 0.027641628 -0.0355515197 -0.0276243372
v 0.0310903385 -0.0322834008 -0.0279464119
v 0.0393279962 -0.0200357414 -0.0134864444
v 0.0396743197 -0.0145726657 -0.0166482627
v 0.0401433224 -0.0188062238 -0.00461474046
v 0.0401481621 -0.0156726886 -0.0108602639
v 0.0406660703 -0.0117610893 -0.00777745227
v 0.0401503743 -0.0191911903 0.00301170348
v 0.0406711374 -0.0132608527 0.00513675805
v 0.0394973851 -0.00625267294 -0.0219339723
v 0.0401535224 -0.00800909196 -0.0171600273
v 0.0401513463 -0.0176586365 0.00762096024
v 0.0401500653 -0.0135302931 0.0135546914
v 0.0401338773 -0.00775209277 0.0178733462
v 0.0401398603 0.00116480702 -0.0188608159
v 0.0401548375 -0.00388333623 0.0185856217
v 0.0406794021 -0.00488327832 0.0126628875
v 0.0393691729 0.00671100478 -0.0216486456
v 0.0401090154 0.0087578394 -0.0169634222
v 0.0405631233 -0.00133964049 -0.0148290696
v 0.0403227014 0.0101805241 -0.0140425851
v 0.0409342407 -0.000427854834 -0.00889021103
v 0.0409175242 -0.00919963065 -0.00134748216
v 0.0409201595 0.00845242387 -0.00122398133
v 0.0409262403 -0.00350781126 0.0087336899
v 0.0410357374 -0.000417537381 9.16719443e-05
v 0.0404178773 0.00341714466 0.0162329961
v 0.0409145311 0.00559430694 0.0064030588
v 0.040423508 0.0141050804 0.00848802883
v 0.0401487453 0.00490013795 0.0180999938
v 0.0401490007 0.0130286082 0.0135108232
v 0.0401585696 0.0181175163 0.00404053935
v 0.0260396299 0.00948995157 -0.0696355361
v 0.0208763531 0.00598154002 -0.069635571
v 0.0221372729 0.0146310243 -0.069636316
v 0.0287876432 0.00405739153 -0.0696356583
v 0.0169918281 0.0110445042 -0.0696356292
v 0.0233181243 8.57076635e-05 -0.0696355361
v 0.0304768971 -0.00341108523 -0.0696352392
v 0.011929271 0.0149295647 -0.0696356874
v 0.0177546403 0.0183182318 -0.0696356874
v 0.0129401345 0.0211618823 -0.0696356292
v 0.00603369147 0.0173719663 -0.0696358096
v 0.00678325187 0.0217758562 -0.0696358096
v 0.0241507389 -0.00624121319 -0.069635507
v 0.0305878675 -0.00840838935 -0.0696353614
v -0.000390980268 0.0182114832 -0.0696358678
v 0.000620391262 0.0217761176 -0.069636316
v -0.0048313047 0.0217764038 -0.0696356292
v -0.00662005775 0.0173726332 -0.0696358096
v -0.0119814777 0.0216335339 -0.0696362229
v -0.0125158955 0.0149308533 -0.0696358969
v -0.0184956764 0.0178090077 -0.0696360134
v 0.0299136574 -0.0134296514 -0.0696352392
v 0.0233174575 -0.0125680448 -0.0696355361
v -0.0175788601 0.0110463275 -0.0696359843
v -0.022770729 0.0138718149 -0.069635926
v -0.0264092298 0.00891099686 -0.0696361938
v -0.0214639198 0.00598377295 -0.0696360134
v -0.0290313651 0.00322795641 -0.0696362811
v -0.0239063127 8.81980289e-05 -0.0696360774
v -0.0304465761 -0.00311395099 -0.069636316
v -0.024739597 -0.00623863523 -0.0696360774
v -0.0304340201 -0.0108411409 -0.0696372066
v -0.0239069795 -0.0125655547 -0.0696360774
v -0.0280799619 -0.019121334 -0.0696365198
v -0.0214652084 -0.0184613866 -0.0696360425
v -0.0238013736 -0.0262121138 -0.0696368807
v -0.0175806833 -0.0235243512 -0.0696359843
v -0.0178415897 -0.0317452258 -0.0696358678
v -0.012518127 -0.0274094095 -0.0696358969
v -0.0119413357 -0.0349632882 -0.0696358096
v -0.00662254854 -0.0298518053 -0.0696358096
v -0.00640935221 -0.0366482744 -0.0696333358
v -0.000427935918 -0.0372618612 -0.0696361647
v -0.000392763468 -0.0306934904 -0.0696358387
v 0.00603120104 -0.0298524736 -0.0696358096
v 0.00613723562 -0.0367206109 -0.0696363742
v 0.0120100072 -0.0349306345 -0.0696357747
v 0.0119270388 -0.0274106995 -0.0696356874
v 0.0174369196 -0.0320364182 -0.0696354487
v 0.0169900034 -0.0235261745 -0.0696356001
v 0.0237926267 -0.0262871859 -0.0696360425
v 0.0208750645 -0.018463621 -0.0696355361
v 0.0279525952 -0.0193766163 -0.0696358096
vt 0.683105469 0.848632812
vt 0.684570312 0.844726562
vt 0.68359375 0.848632812
vt 0.684082031 0.844238281
vt 0.684570312 0.842773438
vt 0.684082031 0.842773438
vt 0.685058594 0.841796875
vt 0.684570312 0.841308594
vt 0.686035156 0.839355469
vt 0.685546875 0.839355469
vt 0.687988281 0.836914062
vt 0.6875 0.836425781
vt 0.689453125 0.834960938
vt 0.689941406 0.833984375
vt 0.690429688 0.833984375
vt 0.69140625 0.833007812
vt 0.69140625 0.832519531
vt 0.692871094 0.83203125
vt 0.692382812 0.831542969
vt 0.694335938 0.829589844
vt 0.693847656 0.829101562
vt 0.6953125 0.827148438
vt 0.694824219 0.827148438
vt 0.696777344 0.82421875
vt 0.697265625 0.820800781
vt 0.696777344 0.821777344
vt 0.696777344 0.818847656
vt 0.697753906 0.816894531
vt 0.697265625 0.81640625
vt 0.697265625 0.812988281
vt 0.696777344 0.813964844
vt 0.696289062 0.810546875
vt 0.696777344 0.809570312
vt 0.694824219 0.806640625
vt 0.695800781 0.807128906
vt 0.693847656 0.8046875
vt 0.694335938 0.804199219
vt 0.692382812 0.802734375
vt 0.692871094 0.802246094
vt 0.691894531 0.80078125
vt 0.69140625 0.801269531
vt 0.690429688 0.800292969
vt 0.690429688 0.799804688
vt 0.689453125 0.799316406
vt 0.687988281 0.796875
vt 0.6875 0.797363281
vt 0.685546875 0.794921875
vt 0.686035156 0.794433594
vt 0.684570312 0.792480469
vt 0.685058594 0.792480469
vt 0.684570312 0.791015625
vt 0.684082031 0.791015625
vt 0.68359375 0.789550781
vt 0.684570312 0.789550781
vt 0.68359375 0.78515625
vt 0.683105469 0.786132812
vt 0.489257812 0.279052734
vt 0.487304688 0.281982422
vt 0.488769531 0.278564453
vt 0.487548828 0.282226562
vt 0.484863281 0.285644531
vt 0.483886719 0.287109375
vt 0.482177734 0.288330078
vt 0.479736328 0.290283203
vt 0.479492188 0.290039062
vt 0.475097656 0.291992188
vt 0.478027344 0.291259766
vt 0.474365234 0.292236328
vt 0.471435547 0.292236328
vt 0.469726562 0.292724609
vt 0.468261719 0.291992188
vt 0.465332031 0.291503906
vt 0.465576172 0.291259766
vt 0.461914062 0.289550781
vt 0.461425781 0.289550781
vt 0.459228516 0.288085938
vt 0.458496094 0.286865234
vt 0.457275391 0.286132812
vt 0.455810547 0.283447266
vt 0.454833984 0.282470703
vt 0.453613281 0.278564453
vt 0.452880859 0.278564453
vt 0.452148438 0.275146484
vt 0.452636719 0.274658203
vt 0.452148438 0.270996094
vt 0.451416016 0.270751953
vt 0.452392578 0.265380859
vt 0.451660156 0.266357422
vt 0.452148438 0.263183594
vt 0.453613281 0.260498047
vt 0.453369141 0.259277344
vt 0.455078125 0.257080078
vt 0.455078125 0.256103516
vt 0.456787109 0.254394531
vt 0.457519531 0.252441406
vt 0.459228516 0.251464844
vt 0.460693359 0.249023438
vt 0.463623047 0.247680664
vt 0.465332031 0.245849609
vt 0.467773438 0.245361328
vt 0.46875 0.244140625
vt 0.469970703 0.244384766
vt 0.472412109 0.242553711
vt 0.475585938 0.241577148
vt 0.475585938 0.240844727
vt 0.477539062 0.239990234
vt 0.477050781 0.239624023
vt 0.478759766 0.238647461
vt 0.478271484 0.237915039
vt 0.479980469 0.236206055
vt 0.479248047 0.235961914
vt 0.480712891 0.233032227
vt 0.479980469 0.233154297
vt 0.480957031 0.228393555
vt 0.480224609 0.229858398
vt 0.48046875 0.225341797
vt 0.480957031 0.217529297
vt 0.48046875 0.213256836
vt 0.480712891 0.209594727
vt 0.479980469 0.208618164
vt 0.479248047 0.205932617
vt 0.479736328 0.205322266
vt 0.478271484 0.203979492
vt 0.478515625 0.203125
vt 0.476806641 0.202270508
vt 0.477294922 0.201782227
vt 0.474853516 0.200683594
vt 0.475585938 0.200317383
vt 0.47265625 0.199707031
vt 0.471923828 0.198608398
vt 0.468505859 0.197998047
vt 0.467041016 0.196655273
vt 0.46484375 0.196166992
vt 0.464599609 0.195068359
vt 0.4609375 0.192382812
vt 0.460449219 0.192871094
vt 0.456787109 0.188964844
vt 0.45703125 0.188354492
vt 0.454833984 0.184692383
vt 0.454833984 0.185668945
vt 0.453613281 0.181396484
vt 0.453125 0.182373047
vt 0.451660156 0.176513672
vt 0.452636719 0.178344727
vt 0.452148438 0.175292969
vt 0.452148438 0.170776367
vt 0.451416016 0.171020508
vt 0.452636719 0.166259766
vt 0.452148438 0.166625977
vt 0.453125 0.163085938
vt 0.454101562 0.162231445
vt 0.454833984 0.159423828
vt 0.456054688 0.158569336
vt 0.457519531 0.155883789
vt 0.458984375 0.154907227
vt 0.459472656 0.153930664
vt 0.461914062 0.152587891
vt 0.461914062 0.152099609
vt 0.464599609 0.151123047
vt 0.466308594 0.150146484
vt 0.467773438 0.150146484
vt 0.471923828 0.149780273
vt 0.470703125 0.149414062
vt 0.475585938 0.150024414
vt 0.4765625 0.150634766
vt 0.480712891 0.152832031
vt 0.479736328 0.151733398
vt 0.483642578 0.154785156
vt 0.484130859 0.155639648
vt 0.486328125 0.158569336
vt 0.487548828 0.159790039
vt 0.48828125 0.162109375
vt 0.489257812 0.163330078
vt 0.489013672 0.164428711
vt 0.583984375 0.252929688
vt 0.583007812 0.255126953
vt 0.58203125 0.256347656
vt 0.581054688 0.259277344
vt 0.582519531 0.258544922
vt 0.581054688 0.257324219
vt 0.580566406 0.262939453
vt 0.58203125 0.262451172
vt 0.58203125 0.266113281
vt 0.579101562 0.263427734
vt 0.578613281 0.266845703
vt 0.578125 0.262695312
vt 0.579589844 0.257568359
vt 0.577636719 0.2578125
vt 0.577636719 0.266113281
vt 0.576171875 0.268066406
vt 0.576660156 0.262939453
vt 0.579589844 0.270751953
vt 0.583007812 0.270019531
vt 0.574707031 0.259521484
vt 0.574707031 0.2578125
vt 0.571289062 0.257324219
vt 0.576660156 0.270263672
vt 0.573242188 0.263916016
vt 0.568359375 0.264892578
vt 0.569824219 0.260253906
vt 0.564453125 0.261230469
vt 0.5703125 0.256103516
vt 0.565429688 0.263916016
vt 0.563964844 0.2578125
vt 0.569335938 0.254882812
vt 0.561523438 0.264160156
vt 0.561035156 0.259765625
vt 0.560058594 0.255371094
vt 0.563476562 0.254394531
vt 0.568847656 0.251953125
vt 0.563964844 0.250976562
vt 0.559570312 0.251708984
vt 0.568359375 0.25
vt 0.566894531 0.267089844
vt 0.562011719 0.267578125
vt 0.5625 0.271484375
vt 0.567382812 0.269775391
vt 0.562988281 0.274414062
vt 0.568359375 0.268310547
vt 0.567871094 0.272460938
vt 0.571777344 0.267822266
vt 0.57421875 0.270507812
vt 0.567871094 0.276123047
vt 0.563476562 0.278076172
vt 0.5703125 0.2734375
vt 0.573730469 0.272705078
vt 0.568359375 0.278076172
vt 0.568359375 0.281005859
vt 0.563964844 0.282226562
vt 0.564453125 0.285644531
vt 0.572753906 0.276855469
vt 0.575683594 0.275146484
vt 0.574707031 0.279785156
vt 0.574707031 0.281738281
vt 0.568847656 0.283935547
vt 0.564453125 0.288818359
vt 0.577636719 0.276855469
vt 0.568847656 0.285888672
vt 0.578613281 0.279052734
vt 0.579101562 0.282226562
vt 0.581054688 0.276367188
vt 0.583984375 0.272949219
vt 0.582519531 0.278564453
vt 0.586425781 0.276367188
vt 0.583496094 0.281005859
vt 0.589355469 0.279296875
vt 0.569335938 0.287841797
vt 0.564941406 0.291748047
vt 0.573730469 0.284423828
vt 0.577636719 0.283691406
vt 0.575683594 0.286865234
vt 0.569335938 0.291015625
vt 0.569335938 0.294433594
vt 0.564941406 0.294677734
vt 0.579101562 0.285400391
vt 0.573730469 0.291503906
vt 0.569335938 0.297363281
vt 0.564941406 0.296875
vt 0.564941406 0.299804688
vt 0.577148438 0.288085938
vt 0.571289062 0.297363281
vt 0.569335938 0.300292969
vt 0.573242188 0.294433594
vt 0.576171875 0.292480469
vt 0.569824219 0.303222656
vt 0.564941406 0.302734375
vt 0.564941406 0.305664062
vt 0.573730469 0.306640625
vt 0.572753906 0.299560547
vt 0.575195312 0.296875
vt 0.57421875 0.301269531
vt 0.578125 0.297851562
vt 0.578613281 0.289550781
vt 0.577636719 0.294433594
vt 0.569824219 0.307373047
vt 0.5703125 0.311035156
vt 0.564941406 0.30859375
vt 0.564941406 0.311767578
vt 0.576660156 0.303955078
vt 0.580078125 0.306884766
vt 0.581054688 0.290771484
vt 0.576171875 0.310058594
vt 0.568847656 0.313476562
vt 0.564941406 0.314941406
vt 0.569824219 0.316162109
vt 0.564941406 0.318847656
vt 0.572753906 0.314208984
vt 0.577636719 0.312255859
vt 0.58203125 0.312744141
vt 0.581054688 0.288574219
vt 0.584960938 0.290283203
vt 0.58203125 0.293457031
vt 0.58203125 0.296630859
vt 0.580566406 0.287109375
vt 0.584472656 0.288085938
vt 0.580566406 0.284423828
vt 0.583984375 0.285888672
vt 0.582519531 0.283203125
vt 0.587402344 0.284179688
vt 0.587890625 0.282470703
vt 0.590332031 0.285888672
vt 0.58984375 0.287109375
vt 0.589355469 0.28125
vt 0.593261719 0.28125
vt 0.591308594 0.284179688
vt 0.590820312 0.288330078
vt 0.594238281 0.284179688
vt 0.596679688 0.282470703
vt 0.592773438 0.287353516
vt 0.59375 0.286132812
vt 0.598144531 0.284667969
vt 0.600097656 0.282958984
vt 0.591796875 0.289794922
vt 0.59375 0.288574219
vt 0.595214844 0.287597656
vt 0.597167969 0.286865234
vt 0.599609375 0.285888672
vt 0.601074219 0.285400391
vt 0.603027344 0.282714844
vt 0.604492188 0.284423828
vt 0.60546875 0.282226562
vt 0.606445312 0.283447266
vt 0.608886719 0.28125
vt 0.608886719 0.282226562
vt 0.611328125 0.280517578
vt 0.612304688 0.279052734
vt 0.61328125 0.278808594
vt 0.615234375 0.276855469
vt 0.612304688 0.280029297
vt 0.608886719 0.282226562
vt 0.615234375 0.277587891
vt 0.616699219 0.276123047
vt 0.616210938 0.275878906
vt 0.6171875 0.275878906
vt 0.615234375 0.278076172
vt 0.61328125 0.280029297
vt 0.610351562 0.281982422
vt 0.605957031 0.285400391
vt 0.606933594 0.283935547
vt 0.604492188 0.285644531
vt 0.602539062 0.287597656
vt 0.602539062 0.288085938
vt 0.602050781 0.287597656
vt 0.600585938 0.289550781
vt 0.600585938 0.2890625
vt 0.597167969 0.292724609
vt 0.598144531 0.291259766
vt 0.596191406 0.294677734
vt 0.621582031 0.335449219
vt 0.618652344 0.334472656
vt 0.619140625 0.333984375
vt 0.616699219 0.333007812
vt 0.6171875 0.332519531
vt 0.615234375 0.332519531
vt 0.614746094 0.331787109
vt 0.614257812 0.331054688
vt 0.612304688 0.330566406
vt 0.611328125 0.329833984
vt 0.612304688 0.331054688
vt 0.611328125 0.331054688
vt 0.609863281 0.330078125
vt 0.606933594 0.328369141
vt 0.607910156 0.329589844
vt 0.607910156 0.330322266
vt 0.606933594 0.328857422
vt 0.603027344 0.327636719
vt 0.604003906 0.328857422
vt 0.604003906 0.330078125
vt 0.603027344 0.328125
vt 0.600585938 0.327392578
vt 0.600097656 0.328125
vt 0.600097656 0.330322266
vt 0.600585938 0.327636719
vt 0.597167969 0.329345703
vt 0.596191406 0.331054688
vt 0.598632812 0.327392578
vt 0.596191406 0.326660156
vt 0.598632812 0.327636719
vt 0.595214844 0.326416016
vt 0.593261719 0.325439453
vt 0.594726562 0.329345703
vt 0.592773438 0.332275391
vt 0.595703125 0.327636719
vt 0.593261719 0.327636719
vt 0.592285156 0.329589844
vt 0.58984375 0.329833984
vt 0.592285156 0.326416016
vt 0.591308594 0.325195312
vt 0.591308594 0.32421875
vt 0.590820312 0.327880859
vt 0.589355469 0.323974609
vt 0.590332031 0.322998047
vt 0.583984375 0.319335938
vt 0.589355469 0.321289062
vt 0.587890625 0.317382812
vt 0.58984375 0.326416016
vt 0.588378906 0.332519531
vt 0.588867188 0.334472656
vt 0.5859375 0.336914062
vt 0.588378906 0.324951172
vt 0.584960938 0.322509766
vt 0.587890625 0.327148438
vt 0.5859375 0.324951172
vt 0.586425781 0.328613281
vt 0.584472656 0.330322266
vt 0.584960938 0.326904297
vt 0.583007812 0.325195312
vt 0.583007812 0.332275391
vt 0.582519531 0.327880859
vt 0.581542969 0.320068359
vt 0.580078125 0.326660156
vt 0.581054688 0.329589844
vt 0.580566406 0.322265625
vt 0.582519531 0.334960938
vt 0.579589844 0.337890625
vt 0.583496094 0.340576172
vt 0.580078125 0.332275391
vt 0.578125 0.334228516
vt 0.581054688 0.342773438
vt 0.582519531 0.343505859
vt 0.578125 0.346191406
vt 0.58203125 0.346191406
vt 0.577636719 0.329589844
vt 0.580078125 0.349853516
vt 0.581542969 0.349365234
vt 0.58203125 0.354248047
vt 0.578613281 0.349365234
vt 0.575683594 0.326904297
vt 0.576171875 0.331787109
vt 0.577148438 0.324951172
vt 0.579101562 0.324707031
vt 0.576171875 0.321044922
vt 0.574707031 0.322753906
vt 0.578125 0.318359375
vt 0.581054688 0.315673828
vt 0.57421875 0.333496094
vt 0.573730469 0.329101562
vt 0.572265625 0.324462891
vt 0.576660156 0.336425781
vt 0.574707031 0.336914062
vt 0.577636719 0.341064453
vt 0.573730469 0.341308594
vt 0.576171875 0.343261719
vt 0.571777344 0.330810547
vt 0.571289062 0.326416016
vt 0.568359375 0.332275391
vt 0.567871094 0.328369141
vt 0.564453125 0.324707031
vt 0.564453125 0.327636719
vt 0.563964844 0.331054688
vt 0.564453125 0.321777344
vt 0.563476562 0.334716797
vt 0.569824219 0.321533203
vt 0.566894531 0.335449219
vt 0.562988281 0.338134766
vt 0.569335938 0.318359375
vt 0.570800781 0.319335938
vt 0.573242188 0.317871094
vt 0.576660156 0.314941406
vt 0.584472656 0.316894531
vt 0.584472656 0.311523438
vt 0.587402344 0.310058594
vt 0.585449219 0.302978516
vt 0.587890625 0.300048828
vt 0.580078125 0.303222656
vt 0.584960938 0.297607422
vt 0.588378906 0.295654297
vt 0.589355469 0.29296875
vt 0.578613281 0.300537109
vt 0.582519531 0.299560547
vt 0.586425781 0.291503906
vt 0.590820312 0.290771484
vt 0.583007812 0.359863281
vt 0.581542969 0.356933594
vt 0.582519531 0.357666016
vt 0.580078125 0.354003906
vt 0.580566406 0.355957031
vt 0.579101562 0.355712891
vt 0.578125 0.348388672
vt 0.577148438 0.35546875
vt 0.576660156 0.345703125
vt 0.576171875 0.349853516
vt 0.575195312 0.34375
vt 0.575195312 0.347167969
vt 0.57421875 0.353515625
vt 0.574707031 0.35546875
vt 0.572265625 0.35546875
vt 0.573730469 0.349365234
vt 0.569335938 0.352783203
vt 0.570800781 0.355957031
vt 0.571777344 0.345458984
vt 0.568359375 0.348388672
vt 0.568359375 0.344726562
vt 0.56640625 0.348388672
vt 0.564453125 0.351806641
vt 0.563964844 0.355224609
vt 0.569824219 0.356933594
vt 0.568847656 0.358642578
vt 0.563476562 0.358398438
vt 0.568359375 0.360839844
vt 0.559570312 0.361083984
vt 0.567871094 0.363037109
vt 0.560058594 0.357910156
vt 0.560546875 0.354003906
vt 0.561523438 0.350341797
vt 0.562011719 0.346679688
vt 0.56640625 0.345703125
vt 0.5625 0.342041016
vt 0.565917969 0.342529297
vt 0.568359375 0.341308594
vt 0.566894531 0.339355469
vt 0.571289062 0.338134766
vt 0.583007812 0.845703125
vt 0.584472656 0.848144531
vt 0.580566406 0.847167969
vt 0.580566406 0.845214844
vt 0.576660156 0.844726562
vt 0.577148438 0.846679688
vt 0.573730469 0.846191406
vt 0.573730469 0.844238281
vt 0.5703125 0.844726562
vt 0.5703125 0.846679688
vt 0.56640625 0.845703125
vt 0.566894531 0.84765625
vt 0.562988281 0.847167969
vt 0.562988281 0.849609375
vt 0.560546875 0.849121094
vt 0.557617188 0.851074219
vt 0.559082031 0.852539062
vt 0.555664062 0.853027344
vt 0.555664062 0.856445312
vt 0.553710938 0.854980469
vt 0.552246094 0.857421875
vt 0.553710938 0.860351562
vt 0.551269531 0.859863281
vt 0.552246094 0.864257812
vt 0.550292969 0.863769531
vt 0.549804688 0.8671875
vt 0.551757812 0.868164062
vt 0.549804688 0.870117188
vt 0.551757812 0.872070312
vt 0.549804688 0.873046875
vt 0.551757812 0.875976562
vt 0.549804688 0.875976562
vt 0.550292969 0.879394531
vt 0.552246094 0.879882812
vt 0.55078125 0.882324219
vt 0.553710938 0.883789062
vt 0.551269531 0.884277344
vt 0.552734375 0.887207031
vt 0.556152344 0.888671875
vt 0.554199219 0.889648438
vt 0.556152344 0.892089844
vt 0.559082031 0.893066406
vt 0.55859375 0.89453125
vt 0.561035156 0.897460938
vt 0.562011719 0.895507812
vt 0.564453125 0.899414062
vt 0.564453125 0.897460938
vt 0.56640625 0.900878906
vt 0.567382812 0.899414062
vt 0.571289062 0.901367188
vt 0.569824219 0.902832031
vt 0.572753906 0.903808594
vt 0.574707031 0.901855469
vt 0.576660156 0.904296875
vt 0.578125 0.902832031
vt 0.580566406 0.904785156
vt 0.581542969 0.90234375
vt 0.583984375 0.903808594
vt 0.584472656 0.90234375
vt 0.283691406 0.393798828
vt 0.28515625 0.387695312
vt 0.28515625 0.391845703
vt 0.28515625 0.384765625
vt 0.283691406 0.376464844
vt 0.28515625 0.381347656
vt 0.28515625 0.377929688
vt 0.942382812 0.547363281
vt 0.944335938 0.548828125
vt 0.941894531 0.549804688
vt 0.938476562 0.548339844
vt 0.939941406 0.550292969
vt 0.9375 0.551269531
vt 0.934570312 0.549804688
vt 0.935058594 0.551757812
vt 0.932617188 0.552246094
vt 0.929199219 0.550292969
vt 0.930175781 0.552246094
vt 0.926757812 0.552246094
vt 0.923339844 0.549804688
vt 0.923339844 0.552246094
vt 0.921386719 0.551757812
vt 0.919433594 0.549316406
vt 0.919433594 0.551269531
vt 0.916503906 0.55078125
vt 0.915039062 0.548339844
vt 0.913085938 0.549804688
vt 0.911621094 0.546386719
vt 0.910644531 0.548828125
vt 0.908691406 0.547851562
vt 0.908691406 0.544921875
vt 0.90625 0.546386719
vt 0.905761719 0.54296875
vt 0.903808594 0.544433594
vt 0.901855469 0.54296875
vt 0.901855469 0.539550781
vt 0.900390625 0.541992188
vt 0.898925781 0.540527344
vt 0.897460938 0.538574219
vt 0.898925781 0.535644531
vt 0.896484375 0.537109375
vt 0.895507812 0.535644531
vt 0.897460938 0.532226562
vt 0.895019531 0.533691406
vt 0.89453125 0.531738281
vt 0.894042969 0.530273438
vt 0.896972656 0.529296875
vt 0.896484375 0.525878906
vt 0.894042969 0.528320312
vt 0.894042969 0.524902344
vt 0.896484375 0.521484375
vt 0.894042969 0.520996094
vt 0.89453125 0.519042969
vt 0.897460938 0.518066406
vt 0.89453125 0.517089844
vt 0.895019531 0.515625
vt 0.899414062 0.513671875
vt 0.895996094 0.514160156
vt 0.896484375 0.512207031
vt 0.897949219 0.510742188
vt 0.899902344 0.508789062
vt 0.90234375 0.509765625
vt 0.901855469 0.506835938
vt 0.905273438 0.507324219
vt 0.903320312 0.505859375
vt 0.905273438 0.504394531
vt 0.908691406 0.505371094
vt 0.906738281 0.503417969
vt 0.909667969 0.502441406
vt 0.911621094 0.503417969
vt 0.912109375 0.500976562
vt 0.915039062 0.502441406
vt 0.915039062 0.5
vt 0.918457031 0.501464844
vt 0.917480469 0.499511719
vt 0.921875 0.498779297
vt 0.919433594 0.499023438
vt 0.922363281 0.500976562
vt 0.923828125 0.498779297
vt 0.92578125 0.498779297
vt 0.926269531 0.500976562
vt 0.928222656 0.498779297
vt 0.930175781 0.500976562
vt 0.931152344 0.499023438
vt 0.934082031 0.501464844
vt 0.932617188 0.499267578
vt 0.935058594 0.499755859
vt 0.9375 0.502929688
vt 0.937988281 0.500488281
vt 0.939941406 0.500976562
vt 0.941894531 0.501953125
vt 0.940429688 0.50390625
vt 0.944335938 0.502929688
vt 0.943847656 0.505371094
vt 0.541992188 0.211303711
vt 0.537597656 0.212280273
vt 0.541503906 0.208862305
vt 0.537597656 0.208740234
vt 0.541015625 0.206542969
vt 0.533203125 0.213378906
vt 0.540527344 0.204101562
vt 0.53515625 0.208618164
vt 0.532226562 0.209472656
vt 0.531738281 0.206176758
vt 0.536132812 0.205322266
vt 0.540527344 0.201538086
vt 0.536132812 0.201538086
vt 0.53125 0.203735352
vt 0.540039062 0.198852539
vt 0.530761719 0.200195312
vt 0.53515625 0.198120117
vt 0.539550781 0.196655273
vt 0.529785156 0.197875977
vt 0.538574219 0.193115234
vt 0.53515625 0.194335938
vt 0.528808594 0.196044922
vt 0.533691406 0.191162109
vt 0.538085938 0.189819336
vt 0.52734375 0.194946289
vt 0.533691406 0.18762207
vt 0.537597656 0.187744141
vt 0.537597656 0.185546875
vt 0.529296875 0.191650391
vt 0.53125 0.186645508
vt 0.524414062 0.192626953
vt 0.524414062 0.194580078
vt 0.521484375 0.194580078
vt 0.522460938 0.188720703
vt 0.519042969 0.194824219
vt 0.530761719 0.183227539
vt 0.523925781 0.184082031
vt 0.537109375 0.182617188
vt 0.525390625 0.188110352
vt 0.521484375 0.188964844
vt 0.518066406 0.19519043
vt 0.532226562 0.180908203
vt 0.536132812 0.179199219
vt 0.536132812 0.176513672
vt 0.530761719 0.179199219
vt 0.526855469 0.178222656
vt 0.535644531 0.174560547
vt 0.521972656 0.186279297
vt 0.523925781 0.181396484
vt 0.521972656 0.183105469
vt 0.529296875 0.174438477
vt 0.53515625 0.171386719
vt 0.529785156 0.169921875
vt 0.534667969 0.168334961
vt 0.534667969 0.165893555
vt 0.522460938 0.179931641
vt 0.52734375 0.172485352
vt 0.527832031 0.166748047
vt 0.534179688 0.163696289
vt 0.523925781 0.175170898
vt 0.525878906 0.170410156
vt 0.521484375 0.171508789
vt 0.520507812 0.176879883
vt 0.519042969 0.182373047
vt 0.529296875 0.162109375
vt 0.534179688 0.161621094
vt 0.534179688 0.159179688
vt 0.5234375 0.168823242
vt 0.528808594 0.159423828
vt 0.534179688 0.157348633
vt 0.525878906 0.166137695
vt 0.525390625 0.163818359
vt 0.521972656 0.166992188
vt 0.519042969 0.168334961
vt 0.528808594 0.155883789
vt 0.533691406 0.155151367
vt 0.533691406 0.152954102
vt 0.528320312 0.151855469
vt 0.533691406 0.150756836
vt 0.533691406 0.148681641
vt 0.526855469 0.147338867
vt 0.533691406 0.146850586
vt 0.533691406 0.142456055
vt 0.520996094 0.164428711
vt 0.528808594 0.142578125
vt 0.533691406 0.138305664
vt 0.52734375 0.137695312
vt 0.533691406 0.135864258
vt 0.522949219 0.142456055
vt 0.529296875 0.135009766
vt 0.534179688 0.133666992
vt 0.534179688 0.131835938
vt 0.528808594 0.13269043
vt 0.534179688 0.129760742
vt 0.528808594 0.130004883
vt 0.534179688 0.127685547
vt 0.526855469 0.132202148
vt 0.528320312 0.128173828
vt 0.534179688 0.125488281
vt 0.524902344 0.134643555
vt 0.521972656 0.138061523
vt 0.520996094 0.133056641
vt 0.518554688 0.142456055
vt 0.517089844 0.137695312
vt 0.522949219 0.130126953
vt 0.524902344 0.12902832
vt 0.521484375 0.146484375
vt 0.520507812 0.127319336
vt 0.524902344 0.149536133
vt 0.523925781 0.152832031
vt 0.520996094 0.152099609
vt 0.52734375 0.153930664
vt 0.525390625 0.157104492
vt 0.521972656 0.158691406
vt 0.519042969 0.158447266
vt 0.526367188 0.159057617
vt 0.523925781 0.161376953
vt 0.521484375 0.160888672
vt 0.515625 0.158813477
vt 0.518066406 0.155151367
vt 0.517578125 0.151733398
vt 0.520019531 0.162841797
vt 0.515625 0.149902344
vt 0.517089844 0.16809082
vt 0.513183594 0.157714844
vt 0.517578125 0.170776367
vt 0.513671875 0.14855957
vt 0.512207031 0.154663086
vt 0.513671875 0.159423828
vt 0.509277344 0.158813477
vt 0.515136719 0.161376953
vt 0.509277344 0.154296875
vt 0.5078125 0.157714844
vt 0.509765625 0.149780273
vt 0.505859375 0.16015625
vt 0.5078125 0.161132812
vt 0.512207031 0.146728516
vt 0.513183594 0.142089844
vt 0.510253906 0.141723633
vt 0.510253906 0.13671875
vt 0.509765625 0.131103516
vt 0.514648438 0.133911133
vt 0.505859375 0.162231445
vt 0.503417969 0.161743164
vt 0.504394531 0.163574219
vt 0.500976562 0.163452148
vt 0.5078125 0.163452148
vt 0.512695312 0.129882812
vt 0.509277344 0.129272461
vt 0.514160156 0.162841797
vt 0.517578125 0.163574219
vt 0.516113281 0.165527344
vt 0.514648438 0.166503906
vt 0.507324219 0.165649414
vt 0.508789062 0.167358398
vt 0.501953125 0.165527344
vt 0.505859375 0.16809082
vt 0.509277344 0.170166016
vt 0.498535156 0.167602539
vt 0.497558594 0.164550781
vt 0.502441406 0.16796875
vt 0.505859375 0.171875
vt 0.517089844 0.172485352
vt 0.496582031 0.166870117
vt 0.494384766 0.170776367
vt 0.49609375 0.165161133
vt 0.492919922 0.166748047
vt 0.5 0.171386719
vt 0.517089844 0.176391602
vt 0.489746094 0.171508789
vt 0.489257812 0.168823242
vt 0.486083984 0.171386719
vt 0.487060547 0.174682617
vt 0.484375 0.173583984
vt 0.517578125 0.180175781
vt 0.512207031 0.18737793
vt 0.51171875 0.178833008
vt 0.516113281 0.185546875
vt 0.512207031 0.192871094
vt 0.520019531 0.184814453
vt 0.491210938 0.173339844
vt 0.510253906 0.173583984
vt 0.509277344 0.17578125
vt 0.509277344 0.183227539
vt 0.504882812 0.17980957
vt 0.520996094 0.185302734
vt 0.520019531 0.187255859
vt 0.518066406 0.188476562
vt 0.520019531 0.188720703
vt 0.518066406 0.190795898
vt 0.517578125 0.194335938
vt 0.517089844 0.196289062
vt 0.515136719 0.197387695
vt 0.514648438 0.200073242
vt 0.513183594 0.195800781
vt 0.513671875 0.200195312
vt 0.513671875 0.201782227
vt 0.51171875 0.203735352
vt 0.512695312 0.203613281
vt 0.511230469 0.205200195
vt 0.509765625 0.206542969
vt 0.506347656 0.204711914
vt 0.5078125 0.207885742
vt 0.505859375 0.209350586
vt 0.510253906 0.200195312
vt 0.502441406 0.206787109
vt 0.503417969 0.210571289
vt 0.500976562 0.21105957
vt 0.498046875 0.207641602
vt 0.498535156 0.211303711
vt 0.49609375 0.211181641
vt 0.493652344 0.210693359
vt 0.4921875 0.206176758
vt 0.491455078 0.209716797
vt 0.489257812 0.208496094
vt 0.487060547 0.20715332
vt 0.487060547 0.202392578
vt 0.485351562 0.205444336
vt 0.483886719 0.20324707
vt 0.482177734 0.200927734
vt 0.484619141 0.198364258
vt 0.481201172 0.198364258
vt 0.482910156 0.193725586
vt 0.480224609 0.195800781
vt 0.479492188 0.192993164
vt 0.479492188 0.188842773
vt 0.479003906 0.188842773
vt 0.479492188 0.184692383
vt 0.489746094 0.201538086
vt 0.487304688 0.198364258
vt 0.485107422 0.193115234
vt 0.482421875 0.188354492
vt 0.482666016 0.185791016
vt 0.493164062 0.203857422
vt 0.490234375 0.19921875
vt 0.487060547 0.193969727
vt 0.484863281 0.188476562
vt 0.498291016 0.204833984
vt 0.48046875 0.182006836
vt 0.480224609 0.181518555
vt 0.481201172 0.178710938
vt 0.481933594 0.181152344
vt 0.482421875 0.176025391
vt 0.483642578 0.182861328
vt 0.485351562 0.184936523
vt 0.484619141 0.177978516
vt 0.486083984 0.1796875
vt 0.488769531 0.176513672
vt 0.491455078 0.176635742
vt 0.487792969 0.181396484
vt 0.486572266 0.187011719
vt 0.487792969 0.188598633
vt 0.489013672 0.19519043
vt 0.489501953 0.182617188
vt 0.497558594 0.174560547
vt 0.493164062 0.178344727
vt 0.498779297 0.177001953
vt 0.507324219 0.183837891
vt 0.503417969 0.175537109
vt 0.508300781 0.189453125
vt 0.510253906 0.19140625
vt 0.5078125 0.193481445
vt 0.511230469 0.194580078
vt 0.508789062 0.198242188
vt 0.507324219 0.196899414
vt 0.504882812 0.198242188
vt 0.505371094 0.202392578
vt 0.503417969 0.201293945
vt 0.499267578 0.201171875
vt 0.501953125 0.204223633
vt 0.498291016 0.202758789
vt 0.493896484 0.201782227
vt 0.493408203 0.199951172
vt 0.518066406 0.268310547
vt 0.521484375 0.266113281
vt 0.518554688 0.268798828
vt 0.516601562 0.269287109
vt 0.516113281 0.270996094
vt 0.515136719 0.270751953
vt 0.513671875 0.271972656
vt 0.512207031 0.274414062
vt 0.512207031 0.272949219
vt 0.510253906 0.274658203
vt 0.510253906 0.274169922
vt 0.508789062 0.275634766
vt 0.508789062 0.276123047
vt 0.508300781 0.277099609
vt 0.506835938 0.27734375
vt 0.505371094 0.279785156
vt 0.504882812 0.279052734
vt 0.504882812 0.278564453
vt 0.502929688 0.280029297
vt 0.502929688 0.280517578
vt 0.500976562 0.281494141
vt 0.501464844 0.282470703
vt 0.500976562 0.281982422
vt 0.499023438 0.282714844
vt 0.499267578 0.283203125
vt 0.498046875 0.284912109
vt 0.497314453 0.284423828
vt 0.497070312 0.283935547
vt 0.495117188 0.28515625
vt 0.495361328 0.285644531
vt 0.493164062 0.286621094
vt 0.494384766 0.287353516
vt 0.493408203 0.287109375
vt 0.491210938 0.288085938
vt 0.491210938 0.288574219
vt 0.4921875 0.288574219
vt 0.489990234 0.290039062
vt 0.489257812 0.289550781
vt 0.489257812 0.2890625
vt 0.487060547 0.290283203
vt 0.487304688 0.290771484
vt 0.487060547 0.291748047
vt 0.485107422 0.291259766
vt 0.485351562 0.291748047
vt 0.484130859 0.293212891
vt 0.483154297 0.292236328
vt 0.483154297 0.292724609
vt 0.481201172 0.293701172
vt 0.481445312 0.294433594
vt 0.478027344 0.295166016
vt 0.478271484 0.295898438
vt 0.474365234 0.297851562
vt 0.474853516 0.296630859
vt 0.47265625 0.297607422
vt 0.469970703 0.299804688
vt 0.470214844 0.298583984
vt 0.468017578 0.299560547
vt 0.467285156 0.30078125
vt 0.465576172 0.30078125
vt 0.465332031 0.300537109
vt 0.464355469 0.302246094
vt 0.463134766 0.301513672
vt 0.463378906 0.301757812
vt 0.4609375 0.302734375
vt 0.459960938 0.303710938
vt 0.459716797 0.302490234
vt 0.458496094 0.303466797
vt 0.455566406 0.305175781
vt 0.456054688 0.303466797
vt 0.456054688 0.304199219
vt 0.453125 0.305175781
vt 0.452148438 0.306396484
vt 0.453125 0.3046875
vt 0.451904297 0.305664062
vt 0.451660156 0.305175781
vt 0.448486328 0.308105469
vt 0.448242188 0.307128906
vt 0.448730469 0.306640625
vt 0.446533203 0.30859375
vt 0.448730469 0.307373047
vt 0.446044922 0.309814453
vt 0.446777344 0.309326172
vt 0.445068359 0.311523438
vt 0.444580078 0.311279297
vt 0.444335938 0.310791016
vt 0.443847656 0.313476562
vt 0.442626953 0.313720703
vt 0.443359375 0.313476562
vt 0.443115234 0.315429688
vt 0.442138672 0.315429688
vt 0.441162109 0.317626953
vt 0.441894531 0.317871094
vt 0.442382812 0.318359375
vt 0.441162109 0.320068359
vt 0.440673828 0.322753906
vt 0.44140625 0.322021484
vt 0.441894531 0.322998047
vt 0.440673828 0.330810547
vt 0.441162109 0.335449219
vt 0.440429688 0.330810547
vt 0.440185547 0.331298828
vt 0.439941406 0.342529297
vt 0.440429688 0.338867188
vt 0.440917969 0.33984375
vt 0.440429688 0.343505859
vt 0.440185547 0.344482422
vt 0.440673828 0.343505859
vt 0.441162109 0.343261719
vt 0.441650391 0.346191406
vt 0.440917969 0.346435547
vt 0.440917969 0.347900391
vt 0.441650391 0.348144531
vt 0.442138672 0.348388672
vt 0.442138672 0.350585938
vt 0.442382812 0.349853516
vt 0.442871094 0.350341797
vt 0.443359375 0.352294922
vt 0.443115234 0.352539062
vt 0.443847656 0.352294922
vt 0.444580078 0.354492188
vt 0.446044922 0.35546875
vt 0.446044922 0.355957031
vt 0.446289062 0.354980469
vt 0.448974609 0.357666016
vt 0.449707031 0.357421875
vt 0.450195312 0.358642578
vt 0.452880859 0.359130859
vt 0.453613281 0.360351562
vt 0.456054688 0.361572266
vt 0.457763672 0.361328125
vt 0.458251953 0.362792969
vt 0.461181641 0.363769531
vt 0.4609375 0.364257812
vt 0.461669922 0.36328125
vt 0.463378906 0.365234375
vt 0.465087891 0.364990234
vt 0.465820312 0.366699219
vt 0.468017578 0.366699219
vt 0.468505859 0.367919922
vt 0.471191406 0.368408203
vt 0.470703125 0.369140625
vt 0.473632812 0.369628906
vt 0.473144531 0.370605469
vt 0.4765625 0.372558594
vt 0.476806641 0.371337891
vt 0.480224609 0.373291016
vt 0.479736328 0.374267578
vt 0.481933594 0.375488281
vt 0.481933594 0.375976562
vt 0.482666016 0.374755859
vt 0.484130859 0.376708984
vt 0.483886719 0.377197266
vt 0.485839844 0.376953125
vt 0.486083984 0.378417969
vt 0.486328125 0.377929688
vt 0.48828125 0.379394531
vt 0.48828125 0.380126953
vt 0.489257812 0.379150391
vt 0.490478516 0.381103516
vt 0.491455078 0.380615234
vt 0.493408203 0.382080078
vt 0.492431641 0.3828125
vt 0.494628906 0.384033203
vt 0.494384766 0.384521484
vt 0.496826172 0.384765625
vt 0.496582031 0.385742188
vt 0.496582031 0.385986328
vt 0.498535156 0.387451172
vt 0.498779297 0.386962891
vt 0.500488281 0.387695312
vt 0.500488281 0.388671875
vt 0.500488281 0.389160156
vt 0.502929688 0.390380859
vt 0.50390625 0.390869141
vt 0.502441406 0.390869141
vt 0.504882812 0.392089844
vt 0.504394531 0.392578125
vt 0.506835938 0.393310547
vt 0.506347656 0.394042969
vt 0.508789062 0.395507812
vt 0.508300781 0.395996094
vt 0.508300781 0.39453125
vt 0.510253906 0.397460938
vt 0.512207031 0.397949219
vt 0.512207031 0.399414062
vt 0.513671875 0.400634766
vt 0.516601562 0.401855469
vt 0.515136719 0.401855469
vt 0.516601562 0.403320312
vt 0.518554688 0.404785156
vt 0.518554688 0.404296875
vt 0.521484375 0.406982422
vt 0.895996094 0.924804688
vt 0.90234375 0.926757812
vt 0.898925781 0.92578125
vt 0.905761719 0.926757812
vt 0.908691406 0.92578125
vt 0.912109375 0.923828125
vt 0.914550781 0.921875
vt 0.916992188 0.919433594
vt 0.918457031 0.916503906
vt 0.919921875 0.913085938
vt 0.920898438 0.908691406
vt 0.920898438 0.903320312
vt 0.919433594 0.897949219
vt 0.917480469 0.89453125
vt 0.914550781 0.890625
vt 0.911621094 0.888183594
vt 0.908691406 0.887207031
vt 0.905273438 0.886230469
vt 0.900390625 0.886230469
vt 0.895996094 0.888183594
vt 0.893554688 0.889648438
vt 0.891601562 0.892089844
vt 0.889160156 0.895019531
vt 0.887207031 0.898925781
vt 0.88671875 0.902832031
vt 0.886230469 0.908691406
vt 0.887695312 0.9140625
vt 0.889160156 0.91796875
vt 0.891601562 0.920898438
vt 0.893554688 0.923339844
vt 0.161376953 0.0499267578
vt 0.158447266 0.0524902344
vt 0.158447266 0.0498046875
vt 0.161621094 0.0524291992
vt 0.161743164 0.0553283691
vt 0.158447266 0.0552062988
vt 0.158447266 0.0588378906
vt 0.161865234 0.0592956543
vt 0.158569336 0.0626831055
vt 0.161987305 0.0631103516
vt 0.158569336 0.0668945312
vt 0.161987305 0.0672607422
vt 0.158569336 0.0708007812
vt 0.161987305 0.0713500977
vt 0.158569336 0.0751342773
vt 0.161743164 0.0755004883
vt 0.158691406 0.0791015625
vt 0.161499023 0.0794067383
vt 0.158691406 0.0828857422
vt 0.161132812 0.0834350586
vt 0.158691406 0.0855712891
vt 0.161010742 0.0872802734
vt 0.158691406 0.088684082
vt 0.160888672 0.0915527344
vt 0.158813477 0.0932006836
vt 0.160644531 0.095703125
vt 0.158813477 0.096862793
vt 0.16003418 0.0985107422
vt 0.158813477 0.101196289
vt 0.16003418 0.102111816
vt 0.16003418 0.105773926
vt 0.158813477 0.10546875
vt 0.158935547 0.109191895
vt 0.16003418 0.109375
vt 0.16003418 0.112792969
vt 0.158935547 0.112609863
vt 0.158935547 0.11517334
vt 0.16003418 0.116882324
vt 0.159057617 0.118041992
vt 0.159057617 0.121154785
vt 0.16003418 0.120117188
vt 0.16003418 0.12298584
vt 0.159057617 0.125366211
vt 0.16003418 0.126220703
vt 0.158935547 0.128540039
vt 0.16003418 0.130126953
vt 0.158935547 0.130981445
vt 0.158691406 0.134887695
vt 0.16003418 0.134521484
vt 0.16003418 0.138916016
vt 0.158447266 0.139038086
vt 0.158813477 0.142822266
vt 0.16003418 0.142822266
vt 0.158935547 0.146606445
vt 0.16003418 0.145996094
vt 0.16003418 0.149291992
vt 0.158935547 0.151000977
vt 0.159912109 0.151367188
vt 0.16027832 0.153320312
vt 0.158935547 0.154663086
vt 0.160888672 0.156494141
vt 0.158935547 0.157470703
vt 0.158935547 0.16015625
vt 0.161499023 0.160644531
vt 0.158935547 0.163330078
vt 0.161865234 0.163452148
vt 0.997070312 0.589355469
vt 1 0.581054688
vt 0.999023438 0.585449219
vt 0.995117188 0.592773438
vt 1 0.575683594
vt 0.993164062 0.594726562
vt 0.999023438 0.571777344
vt 0.990722656 0.596679688
vt 0.98828125 0.598144531
vt 0.997070312 0.566894531
vt 0.983886719 0.599121094
vt 0.995605469 0.563964844
vt 0.993652344 0.561523438
vt 0.980957031 0.599121094
vt 0.978515625 0.599121094
vt 0.990234375 0.559082031
vt 0.974609375 0.59765625
vt 0.986328125 0.557617188
vt 0.971191406 0.595214844
vt 0.982421875 0.557128906
vt 0.968261719 0.591796875
vt 0.978515625 0.557128906
vt 0.966308594 0.588378906
vt 0.974609375 0.559082031
vt 0.964355469 0.583496094
vt 0.971191406 0.561035156
vt 0.963867188 0.579589844
vt 0.968261719 0.563964844
vt 0.963867188 0.576171875
vt 0.966796875 0.566894531
vt 0.964355469 0.572753906
vt 0.965332031 0.569335938
vt 0.153198242 0.0409240723
vt 0.150268555 0.0397033691
vt 0.153198242 0.0372924805
vt 0.150390625 0.0434875488
vt 0.152832031 0.0441894531
vt 0.150512695 0.0472106934
vt 0.15234375 0.0475769043
vt 0.150634766 0.0500488281
vt 0.151977539 0.0504760742
vt 0.150756836 0.0529174805
vt 0.151733398 0.0527038574
vt 0.150756836 0.0557861328
vt 0.151977539 0.0558776855
vt 0.150878906 0.0586242676
vt 0.152099609 0.0596008301
vt 0.150878906 0.061340332
vt 0.15222168 0.0628662109
vt 0.150634766 0.0646972656
vt 0.15234375 0.0658569336
vt 0.151123047 0.0686645508
vt 0.15246582 0.0701904297
vt 0.151489258 0.0723876953
vt 0.152587891 0.0735473633
vt 0.151611328 0.0763549805
vt 0.152709961 0.0765380859
vt 0.151733398 0.0793457031
vt 0.152832031 0.0794067383
vt 0.151855469 0.0823364258
vt 0.152954102 0.0828857422
vt 0.151977539 0.0861816406
vt 0.152954102 0.0869140625
vt 0.152099609 0.0902709961
vt 0.153076172 0.0905761719
vt 0.152099609 0.0944213867
vt 0.153198242 0.0950927734
vt 0.15222168 0.0983886719
vt 0.153320312 0.098449707
vt 0.15222168 0.101989746
vt 0.153442383 0.101318359
vt 0.153564453 0.105957031
vt 0.15234375 0.104614258
vt 0.15234375 0.10723877
vt 0.153564453 0.110046387
vt 0.15246582 0.110534668
vt 0.154418945 0.110717773
vt 0.15234375 0.113098145
vt 0.154418945 0.112365723
vt 0.154418945 0.116088867
vt 0.152099609 0.116577148
vt 0.151977539 0.119995117
vt 0.154418945 0.120056152
vt 0.151733398 0.12322998
vt 0.154541016 0.123352051
vt 0.154663086 0.126220703
vt 0.151611328 0.126464844
vt 0.151489258 0.129394531
vt 0.154663086 0.12878418
vt 0.154663086 0.132324219
vt 0.151245117 0.1328125
vt 0.151123047 0.135375977
vt 0.154541016 0.136230469
vt 0.151000977 0.138549805
vt 0.154296875 0.140258789
vt 0.150878906 0.141113281
vt 0.154052734 0.14453125
vt 0.150634766 0.145385742
vt 0.153686523 0.148193359
vt 0.150390625 0.149414062
vt 0.153442383 0.151000977
vt 0.150268555 0.153198242
vt 0.738769531 0.583984375
vt 0.723144531 0.580078125
vt 0.738769531 0.580078125
vt 0.723144531 0.583984375
vt 0.738769531 0.587402344
vt 0.723144531 0.587402344
vt 0.738769531 0.590820312
vt 0.723144531 0.590820312
vt 0.738769531 0.594238281
vt 0.723144531 0.594238281
vt 0.738769531 0.598144531
vt 0.723144531 0.598144531
vt 0.738769531 0.6015625
vt 0.723144531 0.6015625
vt 0.738769531 0.604980469
vt 0.723144531 0.604980469
vt 0.738769531 0.608398438
vt 0.723144531 0.608398438
vt 0.738769531 0.612304688
vt 0.723144531 0.612304688
vt 0.738769531 0.615722656
vt 0.723144531 0.615722656
vt 0.738769531 0.619140625
vt 0.723144531 0.619140625
vt 0.738769531 0.622558594
vt 0.723144531 0.623046875
vt 0.723144531 0.626464844
vt 0.738769531 0.626464844
vt 0.738769531 0.629882812
vt 0.723144531 0.629882812
vt 0.738769531 0.633300781
vt 0.723144531 0.633300781
vt 0.738769531 0.637207031
vt 0.723144531 0.637207031
vt 0.738769531 0.640625
vt 0.723144531 0.640625
vt 0.738769531 0.644042969
vt 0.723144531 0.644042969
vt 0.738769531 0.647460938
vt 0.723144531 0.647460938
vt 0.738769531 0.651367188
vt 0.723144531 0.651367188
vt 0.738769531 0.654785156
vt 0.723144531 0.654785156
vt 0.738769531 0.658203125
vt 0.723144531 0.658203125
vt 0.738769531 0.661621094
vt 0.723144531 0.661621094
vt 0.723144531 0.665527344
vt 0.738769531 0.665527344
vt 0.457763672 0.276123047
vt 0.455810547 0.272705078
vt 0.460205078 0.279296875
vt 0.455078125 0.268554688
vt 0.455078125 0.264404297
vt 0.455810547 0.260498047
vt 0.457763672 0.256835938
vt 0.460205078 0.25390625
vt 0.463134766 0.251708984
vt 0.466552734 0.250732422
vt 0.470214844 0.250732422
vt 0.473632812 0.251708984
vt 0.476806641 0.25390625
vt 0.479248047 0.256835938
vt 0.480957031 0.260498047
vt 0.481933594 0.264404297
vt 0.481933594 0.268554688
vt 0.480957031 0.272705078
vt 0.479248047 0.276123047
vt 0.476806641 0.279296875
vt 0.473632812 0.28125
vt 0.470214844 0.282226562
vt 0.466552734 0.282226562
vt 0.463134766 0.28125
vt 0.173706055 0.219238281
vt 0.173706055 0.239746094
vt 0.164916992 0.219238281
vt 0.169311523 0.239746094
vt 0.164794922 0.239624023
vt 0.720214844 0.970703125
vt 0.722167969 0.974121094
vt 0.723144531 0.978027344
vt 0.723144531 0.981445312
vt 0.717285156 0.967773438
vt 0.72265625 0.984375
vt 0.721679688 0.987304688
vt 0.713378906 0.96484375
vt 0.720214844 0.989746094
vt 0.710449219 0.963867188
vt 0.718261719 0.9921875
vt 0.70703125 0.962890625
vt 0.716308594 0.994140625
vt 0.704101562 0.962402344
vt 0.712890625 0.99609375
vt 0.700195312 0.962402344
vt 0.708496094 0.997558594
vt 0.696777344 0.962890625
vt 0.692871094 0.963867188
vt 0.704589844 0.998535156
vt 0.699707031 0.998535156
vt 0.689941406 0.965820312
vt 0.686523438 0.967773438
vt 0.696289062 0.997558594
vt 0.692871094 0.996582031
vt 0.684082031 0.970703125
vt 0.682617188 0.97265625
vt 0.688964844 0.994628906
vt 0.681640625 0.976074219
vt 0.685546875 0.991699219
vt 0.681152344 0.978515625
vt 0.680664062 0.980957031
vt 0.683105469 0.98828125
vt 0.681152344 0.984863281
vt 0.508300781 0.126342773
vt 0.509765625 0.125610352
vt 0.5078125 0.123413086
vt 0.506835938 0.124450684
vt 0.506835938 0.121948242
vt 0.505371094 0.12310791
vt 0.505371094 0.120788574
vt 0.503417969 0.122009277
vt 0.501953125 0.119689941
vt 0.501953125 0.121154785
vt 0.499511719 0.119873047
vt 0.498779297 0.120117188
vt 0.497558594 0.119506836
vt 0.508300781 0.120483398
vt 0.509765625 0.122009277
vt 0.507324219 0.11895752
vt 0.505859375 0.117370605
vt 0.508300781 0.116760254
vt 0.50390625 0.118408203
vt 0.505371094 0.115112305
vt 0.501464844 0.11505127
vt 0.5 0.116699219
vt 0.497314453 0.111755371
vt 0.509765625 0.118896484
vt 0.502441406 0.112365723
vt 0.498291016 0.118286133
vt 0.495361328 0.114379883
vt 0.497558594 0.11907959
vt 0.494628906 0.117736816
vt 0.494384766 0.118103027
vt 0.4921875 0.116821289
vt 0.493164062 0.116638184
vt 0.490234375 0.115234375
vt 0.491455078 0.113037109
vt 0.488037109 0.113220215
vt 0.492919922 0.111328125
vt 0.492919922 0.108093262
vt 0.489013672 0.109985352
vt 0.490478516 0.108276367
vt 0.486816406 0.11114502
vt 0.486083984 0.11126709
vt 0.484619141 0.108825684
vt 0.486572266 0.106933594
vt 0.483154297 0.106079102
vt 0.488037109 0.105224609
vt 0.484130859 0.103881836
vt 0.482666016 0.102966309
vt 0.482177734 0.103393555
vt 0.481689453 0.100463867
vt 0.485595703 0.102233887
vt 0.484130859 0.0998535156
vt 0.481201172 0.0964355469
vt 0.489501953 0.10357666
vt 0.486816406 0.0993041992
vt 0.484619141 0.0969848633
vt 0.481445312 0.0923461914
vt 0.486816406 0.0972900391
vt 0.485107422 0.0916137695
vt 0.482421875 0.0896606445
vt 0.483398438 0.0870361328
vt 0.486572266 0.0872192383
vt 0.484375 0.0846557617
vt 0.489013672 0.0833740234
vt 0.485839844 0.0825195312
vt 0.487304688 0.0803833008
vt 0.489013672 0.0787353516
vt 0.493896484 0.0797729492
vt 0.491210938 0.0775146484
vt 0.493408203 0.0764160156
vt 0.495361328 0.0754394531
vt 0.499511719 0.0784912109
vt 0.497802734 0.075012207
vt 0.5 0.0748901367
vt 0.502441406 0.0751953125
vt 0.487060547 0.0921630859
vt 0.489257812 0.0872192383
vt 0.491699219 0.0842285156
vt 0.488525391 0.0973510742
vt 0.494873047 0.08203125
vt 0.50390625 0.079284668
vt 0.504882812 0.0756835938
vt 0.506835938 0.0768432617
vt 0.5078125 0.081237793
vt 0.508789062 0.0778808594
vt 0.510742188 0.0795288086
vt 0.499755859 0.0810546875
vt 0.491943359 0.0864868164
vt 0.512695312 0.0822143555
vt 0.512207031 0.080871582
vt 0.513671875 0.0823364258
vt 0.514648438 0.0841674805
vt 0.515136719 0.0858154297
vt 0.516113281 0.0860595703
vt 0.503417969 0.0817260742
vt 0.496582031 0.0834350586
vt 0.489257812 0.0913085938
vt 0.51171875 0.0856323242
vt 0.516113281 0.087890625
vt 0.518066406 0.0893554688
vt 0.501953125 0.0833740234
vt 0.506347656 0.0834960938
vt 0.514160156 0.0902099609
vt 0.51171875 0.0907592773
vt 0.518066406 0.0910644531
vt 0.519042969 0.0905151367
vt 0.509765625 0.0872802734
vt 0.519042969 0.0958251953
vt 0.520507812 0.0965576172
vt 0.520019531 0.0908813477
vt 0.505859375 0.0852050781
vt 0.522460938 0.0965576172
vt 0.521972656 0.0911865234
vt 0.508300781 0.0884399414
vt 0.50390625 0.0866088867
vt 0.518554688 0.0977172852
vt 0.513183594 0.0978393555
vt 0.520996094 0.0980834961
vt 0.520507812 0.100219727
vt 0.524902344 0.0928955078
vt 0.524902344 0.0911865234
vt 0.526855469 0.091003418
vt 0.521972656 0.100280762
vt 0.524414062 0.0977783203
vt 0.529785156 0.0939331055
vt 0.528320312 0.090637207
vt 0.517089844 0.0998535156
vt 0.519042969 0.104003906
vt 0.522949219 0.104370117
vt 0.522949219 0.101928711
vt 0.530273438 0.0985717773
vt 0.524902344 0.101013184
vt 0.525878906 0.105651855
vt 0.526367188 0.109863281
vt 0.522460938 0.106140137
vt 0.534179688 0.0971679688
vt 0.53125 0.102111816
vt 0.520996094 0.108215332
vt 0.537597656 0.0994873047
vt 0.538085938 0.0974121094
vt 0.537109375 0.101623535
vt 0.533691406 0.0938720703
vt 0.535644531 0.0906982422
vt 0.538574219 0.0951538086
vt 0.538574219 0.0932006836
vt 0.529296875 0.0897216797
vt 0.5390625 0.091003418
vt 0.530273438 0.0883789062
vt 0.539550781 0.0883789062
vt 0.53515625 0.0870361328
vt 0.536621094 0.0837402344
vt 0.530761719 0.0858154297
vt 0.531738281 0.0830078125
vt 0.540039062 0.0866088867
vt 0.540527344 0.0841674805
vt 0.541015625 0.0816040039
vt 0.532226562 0.0797119141
vt 0.537597656 0.0803222656
vt 0.541503906 0.0793457031
vt 0.535644531 0.0772705078
vt 0.532714844 0.0760498047
vt 0.533691406 0.072265625
vt 0.538085938 0.0767211914
vt 0.541503906 0.0772705078
vt 0.537597656 0.073425293
vt 0.541992188 0.0747070312
vt 0.533203125 0.104797363
vt 0.537109375 0.104248047
vt 0.536621094 0.107055664
vt 0.530761719 0.108093262
vt 0.536132812 0.110046387
vt 0.530273438 0.106079102
vt 0.535644531 0.112915039
vt 0.528320312 0.112915039
vt 0.53515625 0.115112305
vt 0.5234375 0.111450195
vt 0.526855469 0.114807129
vt 0.529785156 0.117248535
vt 0.53515625 0.117248535
vt 0.52734375 0.119445801
vt 0.534667969 0.119506836
vt 0.525390625 0.117736816
vt 0.522460938 0.114501953
vt 0.51953125 0.110412598
vt 0.516113281 0.108703613
vt 0.530273438 0.122619629
vt 0.534667969 0.122436523
vt 0.528808594 0.125610352
vt 0.526855469 0.12322998
vt 0.526367188 0.126708984
vt 0.522949219 0.12298584
vt 0.524414062 0.12121582
vt 0.521972656 0.11920166
vt 0.521972656 0.124755859
vt 0.520996094 0.116577148
vt 0.517578125 0.116760254
vt 0.518066406 0.113220215
vt 0.51953125 0.120544434
vt 0.516113281 0.114685059
vt 0.514160156 0.112548828
vt 0.515625 0.118469238
vt 0.518554688 0.121826172
vt 0.513671875 0.117492676
vt 0.518066406 0.124145508
vt 0.512207031 0.106872559
vt 0.514648438 0.121032715
vt 0.516601562 0.125732422
vt 0.514648438 0.122558594
vt 0.512207031 0.122131348
vt 0.512207031 0.117919922
vt 0.511230469 0.114685059
vt 0.508789062 0.111938477
vt 0.518554688 0.129638672
vt 0.517089844 0.131469727
vt 0.515136719 0.127929688
vt 0.512207031 0.124755859
vt 0.510742188 0.123535156
vt 0.511230469 0.120422363
vt 0.504394531 0.109619141
vt 0.506835938 0.106689453
vt 0.5 0.107788086
vt 0.50390625 0.106628418
vt 0.502441406 0.103881836
vt 0.49609375 0.107116699
vt 0.495605469 0.10333252
vt 0.510253906 0.102172852
vt 0.5078125 0.102722168
vt 0.493896484 0.105712891
vt 0.491455078 0.102539062
vt 0.489746094 0.0985717773
vt 0.509277344 0.0972900391
vt 0.489746094 0.0961914062
vt 0.492675781 0.0974731445
vt 0.511230469 0.0941772461
vt 0.509277344 0.0924682617
vt 0.507324219 0.0983886719
vt 0.5078125 0.0913085938
vt 0.50390625 0.0971679688
vt 0.499511719 0.101623535
vt 0.500976562 0.0909423828
vt 0.494873047 0.0970458984
vt 0.499511719 0.0961303711
vt 0.491699219 0.0920410156
vt 0.496826172 0.0918579102
vt 0.496582031 0.0864868164
vt 0.490722656 0.0909423828
vt 0.493896484 0.0865478516
vt 0.499267578 0.0845336914
vt 0.419189453 0.897460938
vt 0.416259766 0.899902344
vt 0.416992188 0.894042969
vt 0.420654297 0.901367188
vt 0.414306641 0.896484375
vt 0.417724609 0.903808594
vt 0.421630859 0.90625
vt 0.411376953 0.894042969
vt 0.414550781 0.891601562
vt 0.411865234 0.890136719
vt 0.408203125 0.892578125
vt 0.408447266 0.889648438
vt 0.418212891 0.907714844
vt 0.421875 0.909179688
vt 0.404541016 0.892089844
vt 0.405029297 0.889648438
vt 0.402099609 0.889648438
vt 0.401123047 0.892578125
vt 0.398193359 0.889648438
vt 0.397705078 0.894042969
vt 0.39453125 0.892089844
vt 0.421386719 0.912597656
vt 0.417724609 0.912109375
vt 0.395019531 0.896484375
vt 0.392089844 0.89453125
vt 0.390136719 0.897949219
vt 0.392822266 0.899902344
vt 0.388671875 0.901855469
vt 0.391357422 0.903808594
vt 0.387695312 0.905761719
vt 0.390869141 0.907714844
vt 0.387695312 0.910644531
vt 0.391357422 0.912109375
vt 0.389160156 0.916015625
vt 0.392822266 0.916015625
vt 0.391601562 0.920898438
vt 0.395019531 0.918945312
vt 0.394775391 0.924316406
vt 0.397705078 0.921875
vt 0.398193359 0.926757812
vt 0.401123047 0.923339844
vt 0.401123047 0.927734375
vt 0.404541016 0.928222656
vt 0.404541016 0.923828125
vt 0.407958984 0.923339844
vt 0.408203125 0.927734375
vt 0.411376953 0.926757812
vt 0.411376953 0.921875
vt 0.414306641 0.924804688
vt 0.4140625 0.918945312
vt 0.41796875 0.920898438
vt 0.416259766 0.916015625
vt 0.420166016 0.916503906
f 3/3 2/2 1/1
f 1/1 2/2 4/4
f 5/5 4/4 2/2
f 6/6 4/4 5/5
f 7/7 6/6 5/5
f 8/8 6/6 7/7
f 9/9 8/8 7/7
f 8/8 9/9 10/10
f 9/9 11/11 10/10
f 10/10 11/11 12/12
f 11/11 13/13 12/12
f 12/12 13/13 14/14
f 13/13 15/15 14/14
f 15/15 16/16 14/14
f 14/14 16/16 17/17
f 18/18 17/17 16/16
f 19/19 17/17 18/18
f 20/20 19/19 18/18
f 21/21 19/19 20/20
f 22/22 21/21 20/20
f 23/23 21/21 22/22
f 22/22 24/24 23/23
f 23/23 24/24 25/25
f 23/23 25/25 26/26
f 26/26 25/25 27/27
f 26/26 27/27 23/23
f 25/25 28/28 27/27
f 27/27 28/28 29/29
f 23/23 27/27 29/29
f 28/28 30/30 29/29
f 29/29 31/31 23/23
f 29/29 30/30 31/31
f 23/23 31/31 32/32
f 31/31 30/30 32/32
f 30/30 33/33 32/32
f 32/32 34/34 23/23
f 33/33 35/35 32/32
f 32/32 35/35 34/34
f 34/34 35/35 36/36
f 35/35 37/37 36/36
f 36/36 37/37 38/38
f 37/37 39/39 38/38
f 38/38 39/39 40/40
f 40/40 41/41 38/38
f 42/42 41/41 40/40
f 43/43 42/42 40/40
f 44/44 42/42 43/43
f 45/45 44/44 43/43
f 46/46 44/44 45/45
f 47/47 46/46 45/45
f 48/48 47/47 45/45
f 49/49 47/47 48/48
f 48/48 50/50 49/49
f 49/49 50/50 51/51
f 51/51 52/52 49/49
f 53/53 52/52 51/51
f 54/54 53/53 51/51
f 55/55 53/53 54/54
f 56/56 53/53 55/55
f 59/59 58/58 57/57
f 57/57 58/58 60/60
f 60/60 58/58 61/61
f 60/60 61/61 62/62
f 62/62 61/61 63/63
f 64/64 62/62 63/63
f 65/65 64/64 63/63
f 64/64 65/65 66/66
f 66/66 67/67 64/64
f 67/67 66/66 68/68
f 69/69 68/68 66/66
f 70/70 68/68 69/69
f 69/69 71/71 70/70
f 70/70 71/71 72/72
f 71/71 73/73 72/72
f 74/74 72/72 73/73
f 75/75 72/72 74/74
f 75/75 74/74 76/76
f 74/74 77/77 76/76
f 76/76 77/77 78/78
f 79/79 78/78 77/77
f 78/78 79/79 80/80
f 79/79 81/81 80/80
f 80/80 81/81 82/82
f 83/83 82/82 81/81
f 84/84 83/83 81/81
f 84/84 85/85 83/83
f 83/83 85/85 86/86
f 86/86 85/85 87/87
f 87/87 88/88 86/86
f 89/89 88/88 87/87
f 90/90 89/89 87/87
f 90/90 91/91 89/89
f 92/92 91/91 90/90
f 93/93 91/91 92/92
f 94/94 93/93 92/92
f 95/95 93/93 94/94
f 96/96 95/95 94/94
f 97/97 95/95 96/96
f 98/98 97/97 96/96
f 97/97 98/98 99/99
f 100/100 99/99 98/98
f 101/101 99/99 100/100
f 101/101 100/100 102/102
f 101/101 102/102 103/103
f 102/102 104/104 103/103
f 103/103 104/104 105/105
f 104/104 106/106 105/105
f 105/105 106/106 107/107
f 106/106 108/108 107/107
f 107/107 108/108 109/109
f 108/108 110/110 109/109
f 109/109 110/110 111/111
f 110/110 112/112 111/111
f 111/111 112/112 113/113
f 114/114 113/113 112/112
f 114/114 115/115 113/113
f 116/116 115/115 114/114
f 117/117 116/116 114/114
f 118/118 116/116 117/117
f 119/119 118/118 117/117
f 120/120 118/118 119/119
f 120/120 119/119 121/121
f 119/119 122/122 121/121
f 121/121 122/122 123/123
f 122/122 124/124 123/123
f 123/123 124/124 125/125
f 124/124 126/126 125/125
f 125/125 126/126 127/127
f 126/126 128/128 127/127
f 127/127 128/128 129/129
f 128/128 130/130 129/129
f 129/129 130/130 131/131
f 130/130 132/132 131/131
f 133/133 131/131 132/132
f 134/134 133/133 132/132
f 135/135 133/133 134/134
f 136/136 133/133 135/135
f 137/137 136/136 135/135
f 138/138 137/137 135/135
f 138/138 139/139 137/137
f 137/137 139/139 140/140
f 139/139 141/141 140/140
f 140/140 141/141 142/142
f 143/143 142/142 141/141
f 144/144 143/143 141/141
f 145/145 143/143 144/144
f 146/146 143/143 145/145
f 147/147 143/143 146/146
f 148/148 147/147 146/146
f 149/149 147/147 148/148
f 149/149 148/148 150/150
f 148/148 151/151 150/150
f 150/150 151/151 152/152
f 151/151 153/153 152/152
f 152/152 153/153 154/154
f 154/154 153/153 155/155
f 156/156 154/154 155/155
f 155/155 157/157 156/156
f 156/156 157/157 158/158
f 157/157 159/159 158/158
f 160/160 158/158 159/159
f 161/161 160/160 159/159
f 161/161 162/162 160/160
f 160/160 162/162 163/163
f 163/163 162/162 164/164
f 162/162 165/165 164/164
f 165/165 166/166 164/164
f 164/164 166/166 167/167
f 167/167 166/166 168/168
f 168/168 166/166 169/169
f 170/170 168/168 169/169
f 171/171 168/168 170/170
f 172/172 171/171 170/170
f 173/173 171/171 172/172
f 173/173 172/172 174/174
f 177/177 176/176 175/175
f 176/176 177/177 178/178
f 176/176 178/178 179/179
f 178/178 177/177 180/180
f 178/178 181/181 179/179
f 181/181 182/182 179/179
f 183/183 182/182 181/181
f 184/184 178/178 180/180
f 184/184 181/181 178/178
f 185/185 183/183 181/181
f 181/181 184/184 185/185
f 180/180 186/186 184/184
f 187/187 186/186 180/180
f 188/188 186/186 187/187
f 186/186 189/189 184/184
f 184/184 189/189 185/185
f 189/189 190/190 185/185
f 186/186 191/191 189/189
f 188/188 191/191 186/186
f 190/190 189/189 191/191
f 192/192 183/183 185/185
f 193/193 183/183 192/192
f 194/194 191/191 188/188
f 188/188 195/195 194/194
f 195/195 196/196 194/194
f 185/185 190/190 197/197
f 192/192 185/185 197/197
f 198/198 191/191 194/194
f 191/191 198/198 190/190
f 199/199 198/198 194/194
f 190/190 198/198 199/199
f 200/200 199/199 194/194
f 196/196 200/200 194/194
f 200/200 196/196 201/201
f 196/196 202/202 201/201
f 203/203 199/199 200/200
f 203/203 200/200 201/201
f 201/201 202/202 204/204
f 202/202 205/205 204/204
f 203/203 201/201 206/206
f 203/203 206/206 199/199
f 206/206 201/201 207/207
f 201/201 204/204 207/207
f 207/207 204/204 208/208
f 204/204 205/205 209/209
f 204/204 209/209 208/208
f 205/205 210/210 209/209
f 209/209 211/211 208/208
f 209/209 210/210 211/211
f 208/208 211/211 212/212
f 211/211 210/210 213/213
f 199/199 206/206 214/214
f 206/206 215/215 214/214
f 216/216 214/214 215/215
f 214/214 216/216 217/217
f 214/214 217/217 199/199
f 216/216 218/218 217/217
f 199/199 217/217 219/219
f 217/217 218/218 220/220
f 219/219 217/217 220/220
f 221/221 199/199 219/219
f 219/219 220/220 221/221
f 199/199 221/221 190/190
f 190/190 221/221 222/222
f 221/221 220/220 222/222
f 197/197 190/190 222/222
f 218/218 223/223 220/220
f 224/224 223/223 218/218
f 222/222 220/220 225/225
f 220/220 223/223 225/225
f 197/197 222/222 226/226
f 226/226 222/222 225/225
f 224/224 227/227 223/223
f 223/223 227/227 225/225
f 228/228 227/227 224/224
f 229/229 228/228 224/224
f 230/230 228/228 229/229
f 225/225 227/227 231/231
f 231/231 226/226 225/225
f 227/227 228/228 231/231
f 232/232 197/197 226/226
f 232/232 226/226 231/231
f 192/192 197/197 232/232
f 233/233 232/232 231/231
f 231/231 228/228 233/233
f 228/228 234/234 233/233
f 230/230 235/235 228/228
f 228/228 235/235 234/234
f 236/236 235/235 230/230
f 237/237 192/192 232/232
f 237/237 232/232 233/233
f 193/193 192/192 237/237
f 238/238 235/235 236/236
f 234/234 235/235 238/238
f 239/239 237/237 233/233
f 233/233 234/234 239/239
f 234/234 240/240 239/239
f 193/193 237/237 241/241
f 241/241 237/237 239/239
f 242/242 193/193 241/241
f 243/243 241/241 239/239
f 242/242 241/241 243/243
f 239/239 240/240 243/243
f 244/244 242/242 243/243
f 243/243 245/245 244/244
f 240/240 245/245 243/243
f 245/245 246/246 244/244
f 247/247 238/238 236/236
f 236/236 248/248 247/247
f 249/249 234/234 238/238
f 238/238 247/247 249/249
f 250/250 234/234 249/249
f 240/240 234/234 250/250
f 249/249 247/247 251/251
f 250/250 249/249 251/251
f 248/248 252/252 247/247
f 247/247 252/252 251/251
f 253/253 252/252 248/248
f 254/254 253/253 248/248
f 255/255 240/240 250/250
f 251/251 255/255 250/250
f 252/252 256/256 251/251
f 253/253 256/256 252/252
f 257/257 253/253 254/254
f 254/254 258/258 257/257
f 258/258 259/259 257/257
f 260/260 255/255 251/251
f 256/256 260/260 251/251
f 261/261 253/253 257/257
f 259/259 262/262 257/257
f 257/257 262/262 261/261
f 263/263 256/256 253/253
f 261/261 263/263 253/253
f 264/264 260/260 256/256
f 264/264 256/256 263/263
f 265/265 262/262 259/259
f 259/259 266/266 265/265
f 265/265 266/266 267/267
f 265/265 267/267 268/268
f 261/261 262/262 269/269
f 269/269 263/263 261/261
f 265/265 269/269 262/262
f 270/270 263/263 269/269
f 270/270 264/264 263/263
f 271/271 269/269 265/265
f 268/268 271/271 265/265
f 271/271 270/270 269/269
f 272/272 270/270 271/271
f 264/264 273/273 260/260
f 273/273 255/255 260/260
f 274/274 264/264 270/270
f 272/272 274/274 270/270
f 274/274 273/273 264/264
f 268/268 267/267 275/275
f 276/276 268/268 275/275
f 267/267 277/277 275/275
f 276/276 275/275 277/277
f 277/277 278/278 276/276
f 279/279 271/271 268/268
f 279/279 272/272 271/271
f 280/280 279/279 268/268
f 281/281 273/273 274/274
f 272/272 281/281 274/274
f 268/268 276/276 282/282
f 280/280 268/268 282/282
f 276/276 278/278 283/283
f 278/278 284/284 283/283
f 283/283 284/284 285/285
f 285/285 284/284 286/286
f 276/276 283/283 287/287
f 283/283 285/285 287/287
f 282/282 276/276 288/288
f 288/288 276/276 287/287
f 289/289 280/280 282/282
f 288/288 289/289 282/282
f 281/281 290/290 273/273
f 290/290 281/281 291/291
f 281/281 292/292 291/291
f 291/291 292/292 293/293
f 272/272 292/292 281/281
f 293/293 292/292 272/272
f 290/290 294/294 273/273
f 273/273 294/294 255/255
f 295/295 290/290 291/291
f 295/295 294/294 290/290
f 294/294 296/296 255/255
f 255/255 296/296 240/240
f 294/294 297/297 296/296
f 297/297 294/294 295/295
f 296/296 298/298 240/240
f 297/297 298/298 296/296
f 298/298 245/245 240/240
f 245/245 298/298 299/299
f 299/299 298/298 297/297
f 245/245 299/299 300/300
f 300/300 246/246 245/245
f 299/299 297/297 301/301
f 299/299 301/301 300/300
f 302/302 297/297 295/295
f 301/301 297/297 302/302
f 303/303 246/246 300/300
f 304/304 246/246 303/303
f 305/305 303/303 300/300
f 305/305 304/304 303/303
f 300/300 301/301 305/305
f 302/302 295/295 306/306
f 306/306 295/295 291/291
f 307/307 304/304 305/305
f 308/308 304/304 307/307
f 301/301 302/302 309/309
f 309/309 302/302 306/306
f 301/301 310/310 305/305
f 305/305 310/310 307/307
f 310/310 301/301 309/309
f 311/311 308/308 307/307
f 308/308 311/311 312/312
f 306/306 313/313 309/309
f 306/306 291/291 313/313
f 313/313 314/314 309/309
f 309/309 314/314 310/310
f 314/314 315/315 310/310
f 310/310 315/315 316/316
f 310/310 316/316 307/307
f 307/307 316/316 311/311
f 311/311 316/316 317/317
f 318/318 311/311 317/317
f 311/311 318/318 312/312
f 318/318 319/319 312/312
f 320/320 319/319 318/318
f 321/321 319/319 320/320
f 322/322 321/321 320/320
f 321/321 322/322 323/323
f 322/322 324/324 323/323
f 325/325 323/323 324/324
f 326/326 323/323 325/325
f 325/325 327/327 326/326
f 328/328 326/326 327/327
f 327/327 325/325 329/329
f 329/329 325/325 330/330
f 328/328 327/327 331/331
f 331/331 327/327 329/329
f 332/332 328/328 331/331
f 328/328 332/332 333/333
f 333/333 332/332 334/334
f 334/334 332/332 335/335
f 332/332 331/331 335/335
f 335/335 331/331 329/329
f 335/335 329/329 336/336
f 336/336 329/329 337/337
f 329/329 330/330 337/337
f 337/337 330/330 338/338
f 330/330 339/339 338/338
f 338/338 339/339 340/340
f 340/340 341/341 338/338
f 338/338 341/341 342/342
f 343/343 341/341 340/340
f 344/344 342/342 341/341
f 344/344 341/341 343/343
f 343/343 345/345 344/344
f 346/346 344/344 345/345
f 346/346 345/345 347/347
f 348/348 344/344 346/346
f 351/351 350/350 349/349
f 352/352 350/350 351/351
f 353/353 352/352 351/351
f 350/350 352/352 354/354
f 355/355 352/352 353/353
f 352/352 355/355 354/354
f 356/356 355/355 353/353
f 355/355 356/356 357/357
f 355/355 357/357 354/354
f 356/356 358/358 357/357
f 354/354 357/357 359/359
f 359/359 360/360 354/354
f 357/357 358/358 361/361
f 359/359 357/357 361/361
f 361/361 360/360 359/359
f 358/358 362/362 361/361
f 361/361 363/363 360/360
f 360/360 363/363 364/364
f 361/361 362/362 365/365
f 361/361 365/365 363/363
f 365/365 362/362 366/366
f 367/367 364/364 363/363
f 363/363 365/365 367/367
f 368/368 364/364 367/367
f 366/366 369/369 365/365
f 367/367 365/365 369/369
f 366/366 370/370 369/369
f 371/371 368/368 367/367
f 372/372 368/368 371/371
f 369/369 373/373 367/367
f 369/369 370/370 373/373
f 373/373 371/371 367/367
f 374/374 372/372 371/371
f 375/375 372/372 374/374
f 373/373 370/370 376/376
f 370/370 377/377 376/376
f 373/373 378/378 371/371
f 376/376 378/378 373/373
f 371/371 378/378 374/374
f 376/376 377/377 379/379
f 378/378 376/376 379/379
f 380/380 379/379 377/377
f 381/381 375/375 374/374
f 375/375 381/381 382/382
f 374/374 378/378 383/383
f 378/378 379/379 383/383
f 374/374 383/383 381/381
f 381/381 383/383 379/379
f 384/384 381/381 379/379
f 384/384 379/379 380/380
f 385/385 381/381 384/384
f 381/381 385/385 382/382
f 386/386 382/382 385/385
f 387/387 384/384 380/380
f 385/385 384/384 387/387
f 388/388 387/387 380/380
f 380/380 389/389 388/388
f 390/390 385/385 387/387
f 386/386 385/385 390/390
f 390/390 387/387 388/388
f 388/388 389/389 391/391
f 389/389 392/392 391/391
f 391/391 392/392 393/393
f 392/392 394/394 393/393
f 394/394 395/395 393/393
f 396/396 390/390 388/388
f 386/386 390/390 396/396
f 388/388 391/391 396/396
f 397/397 382/382 386/386
f 397/397 398/398 382/382
f 399/399 398/398 397/397
f 396/396 391/391 400/400
f 391/391 393/393 401/401
f 400/400 391/391 401/401
f 400/400 402/402 396/396
f 402/402 386/386 396/396
f 403/403 402/402 400/400
f 401/401 403/403 400/400
f 404/404 386/386 402/402
f 403/403 404/404 402/402
f 405/405 397/397 386/386
f 405/405 386/386 404/404
f 406/406 404/404 403/403
f 406/406 405/405 404/404
f 401/401 407/407 403/403
f 407/407 406/406 403/403
f 408/408 397/397 405/405
f 408/408 399/399 397/397
f 409/409 405/405 406/406
f 407/407 409/409 406/406
f 409/409 408/408 405/405
f 401/401 393/393 410/410
f 410/410 407/407 401/401
f 411/411 409/409 407/407
f 412/412 408/408 409/409
f 411/411 412/412 409/409
f 413/413 407/407 410/410
f 413/413 411/411 407/407
f 414/414 399/399 408/408
f 399/399 414/414 415/415
f 416/416 399/399 415/415
f 417/417 414/414 408/408
f 412/412 417/417 408/408
f 414/414 417/417 418/418
f 415/415 414/414 418/418
f 419/419 416/416 415/415
f 416/416 419/419 420/420
f 420/420 419/419 421/421
f 422/422 420/420 421/421
f 417/417 412/412 423/423
f 418/418 417/417 423/423
f 422/422 421/421 424/424
f 422/422 424/424 425/425
f 424/424 426/426 425/425
f 424/424 421/421 427/427
f 427/427 426/426 424/424
f 423/423 412/412 428/428
f 423/423 429/429 418/418
f 428/428 429/429 423/423
f 412/412 430/430 428/428
f 430/430 412/412 411/411
f 431/431 430/430 411/411
f 431/431 411/411 413/413
f 430/430 431/431 432/432
f 432/432 431/431 413/413
f 428/428 430/430 433/433
f 433/433 430/430 432/432
f 432/432 413/413 434/434
f 413/413 410/410 434/434
f 410/410 435/435 434/434
f 393/393 435/435 410/410
f 418/418 429/429 436/436
f 429/429 428/428 437/437
f 436/436 429/429 437/437
f 438/438 428/428 433/433
f 437/437 428/428 438/438
f 439/439 418/418 436/436
f 436/436 440/440 439/439
f 415/415 418/418 439/439
f 439/439 440/440 415/415
f 440/440 441/441 415/415
f 415/415 441/441 419/419
f 441/441 440/440 442/442
f 443/443 441/441 442/442
f 419/419 441/441 443/443
f 421/421 419/419 443/443
f 437/437 444/444 436/436
f 438/438 445/445 437/437
f 445/445 444/444 437/437
f 444/444 446/446 436/436
f 446/446 440/440 436/436
f 445/445 447/447 444/444
f 446/446 444/444 447/447
f 448/448 445/445 438/438
f 447/447 445/445 448/448
f 448/448 449/449 447/447
f 449/449 450/450 447/447
f 447/447 450/450 446/446
f 438/438 451/451 448/448
f 446/446 450/450 452/452
f 438/438 453/453 451/451
f 451/451 453/453 286/286
f 433/433 453/453 438/438
f 454/454 446/446 452/452
f 440/440 446/446 454/454
f 454/454 452/452 455/455
f 453/453 456/456 286/286
f 286/286 456/456 285/285
f 457/457 453/453 433/433
f 453/453 457/457 456/456
f 456/456 457/457 285/285
f 432/432 457/457 433/433
f 457/457 458/458 285/285
f 458/458 457/457 432/432
f 285/285 458/458 287/287
f 434/434 458/458 432/432
f 287/287 458/458 434/434
f 434/434 459/459 287/287
f 287/287 459/459 288/288
f 435/435 459/459 434/434
f 288/288 459/459 435/435
f 289/289 288/288 435/435
f 435/435 393/393 289/289
f 393/393 460/460 289/289
f 395/395 460/460 393/393
f 289/289 460/460 461/461
f 460/460 395/395 461/461
f 461/461 280/280 289/289
f 461/461 395/395 462/462
f 462/462 280/280 461/461
f 462/462 463/463 280/280
f 463/463 462/462 464/464
f 463/463 465/465 280/280
f 280/280 465/465 279/279
f 464/464 466/466 463/463
f 464/464 467/467 466/466
f 468/468 466/466 467/467
f 279/279 465/465 469/469
f 469/469 272/272 279/279
f 469/469 293/293 272/272
f 465/465 293/293 469/469
f 463/463 470/470 465/465
f 466/466 470/470 463/463
f 465/465 470/470 293/293
f 293/293 470/470 466/466
f 471/471 466/466 468/468
f 471/471 293/293 466/466
f 472/472 471/471 468/468
f 291/291 293/293 471/471
f 291/291 471/471 472/472
f 313/313 291/291 472/472
f 475/475 474/474 473/473
f 426/426 474/474 475/475
f 476/476 474/474 426/426
f 476/476 477/477 474/474
f 476/476 426/426 427/427
f 478/478 477/477 476/476
f 476/476 427/427 478/478
f 427/427 479/479 478/478
f 427/427 421/421 479/479
f 478/478 479/479 480/480
f 479/479 421/421 481/481
f 481/481 421/421 443/443
f 479/479 482/482 480/480
f 479/479 481/481 482/482
f 481/481 443/443 483/483
f 442/442 483/483 443/443
f 484/484 481/481 483/483
f 482/482 481/481 484/484
f 480/480 482/482 485/485
f 485/485 486/486 480/480
f 487/487 486/486 485/485
f 482/482 488/488 485/485
f 488/488 482/482 484/484
f 485/485 489/489 487/487
f 485/485 488/488 489/489
f 487/487 489/489 490/490
f 483/483 491/491 484/484
f 491/491 483/483 442/442
f 492/492 488/488 484/484
f 491/491 492/492 484/484
f 488/488 492/492 489/489
f 491/491 493/493 492/492
f 442/442 493/493 491/491
f 489/489 492/492 494/494
f 493/493 494/494 492/492
f 489/489 495/495 490/490
f 495/495 489/489 494/494
f 496/496 490/490 495/495
f 497/497 490/490 496/496
f 497/497 496/496 498/498
f 496/496 499/499 498/498
f 498/498 499/499 500/500
f 500/500 499/499 501/501
f 501/501 502/502 500/500
f 503/503 501/501 499/499
f 499/499 496/496 503/503
f 503/503 496/496 504/504
f 495/495 504/504 496/496
f 505/505 504/504 495/495
f 494/494 505/505 495/495
f 506/506 505/505 494/494
f 507/507 506/506 494/494
f 507/507 494/494 493/493
f 508/508 506/506 507/507
f 509/509 507/507 493/493
f 509/509 508/508 507/507
f 493/493 510/510 509/509
f 510/510 493/493 442/442
f 508/508 509/509 511/511
f 509/509 510/510 511/511
f 442/442 511/511 510/510
f 455/455 508/508 511/511
f 511/511 454/454 455/455
f 511/511 442/442 512/512
f 511/511 512/512 454/454
f 442/442 440/440 512/512
f 512/512 440/440 454/454
f 515/515 514/514 513/513
f 516/516 515/515 513/513
f 517/517 515/515 516/516
f 518/518 515/515 517/517
f 519/519 518/518 517/517
f 520/520 519/519 517/517
f 520/520 521/521 519/519
f 519/519 521/521 522/522
f 521/521 523/523 522/522
f 522/522 523/523 524/524
f 523/523 525/525 524/524
f 524/524 525/525 526/526
f 525/525 527/527 526/526
f 526/526 527/527 528/528
f 526/526 528/528 529/529
f 528/528 530/530 529/529
f 529/529 530/530 531/531
f 530/530 532/532 531/531
f 532/532 533/533 531/531
f 531/531 533/533 534/534
f 533/533 535/535 534/534
f 534/534 535/535 536/536
f 535/535 537/537 536/536
f 538/538 536/536 537/537
f 539/539 536/536 538/538
f 540/540 539/539 538/538
f 539/539 540/540 541/541
f 540/540 542/542 541/541
f 541/541 542/542 543/543
f 542/542 544/544 543/543
f 543/543 544/544 545/545
f 543/543 545/545 546/546
f 545/545 547/547 546/546
f 546/546 547/547 548/548
f 547/547 549/549 548/548
f 549/549 550/550 548/548
f 548/548 550/550 551/551
f 550/550 552/552 551/551
f 552/552 553/553 551/551
f 551/551 553/553 554/554
f 553/553 555/555 554/554
f 555/555 556/556 554/554
f 554/554 556/556 557/557
f 556/556 558/558 557/557
f 557/557 558/558 559/559
f 558/558 560/560 559/559
f 559/559 560/560 561/561
f 561/561 560/560 562/562
f 560/560 563/563 562/562
f 564/564 562/562 563/563
f 565/565 562/562 564/564
f 566/566 565/565 564/564
f 567/567 565/565 566/566
f 568/568 567/567 566/566
f 567/567 568/568 569/569
f 568/568 570/570 569/569
f 570/570 571/571 569/569
f 574/574 573/573 572/572
f 573/573 575/575 572/572
f 572/572 575/575 576/576
f 575/575 577/577 576/576
f 577/577 578/578 576/576
f 581/581 580/580 579/579
f 582/582 581/581 579/579
f 583/583 581/581 582/582
f 583/583 582/582 584/584
f 582/582 585/585 584/584
f 584/584 585/585 586/586
f 586/586 585/585 587/587
f 585/585 588/588 587/587
f 587/587 588/588 589/589
f 589/589 588/588 590/590
f 590/590 588/588 591/591
f 590/590 591/591 592/592
f 592/592 591/591 593/593
f 591/591 594/594 593/593
f 593/593 594/594 595/595
f 595/595 594/594 596/596
f 594/594 597/597 596/596
f 597/597 598/598 596/596
f 599/599 598/598 597/597
f 600/600 598/598 599/599
f 600/600 599/599 601/601
f 599/599 602/602 601/601
f 601/601 602/602 603/603
f 602/602 604/604 603/603
f 603/603 604/604 605/605
f 605/605 604/604 606/606
f 604/604 607/607 606/606
f 606/606 607/607 608/608
f 608/608 607/607 609/609
f 609/609 607/607 610/610
f 610/610 607/607 611/611
f 610/610 611/611 612/612
f 612/612 611/611 613/613
f 611/611 614/614 613/613
f 613/613 614/614 615/615
f 615/615 614/614 616/616
f 616/616 614/614 617/617
f 614/614 618/618 617/617
f 619/619 617/617 618/618
f 620/620 617/617 619/619
f 621/621 620/620 619/619
f 619/619 622/622 621/621
f 621/621 622/622 623/623
f 623/623 622/622 624/624
f 622/622 625/625 624/624
f 624/624 625/625 626/626
f 626/626 625/625 627/627
f 625/625 628/628 627/627
f 627/627 628/628 629/629
f 629/629 628/628 630/630
f 630/630 628/628 631/631
f 631/631 628/628 632/632
f 628/628 633/633 632/632
f 632/632 633/633 634/634
f 633/633 635/635 634/634
f 634/634 635/635 636/636
f 636/636 635/635 637/637
f 635/635 638/638 637/637
f 637/637 638/638 639/639
f 639/639 638/638 640/640
f 638/638 641/641 640/640
f 640/640 641/641 642/642
f 641/641 643/643 642/642
f 642/642 643/643 644/644
f 645/645 644/644 643/643
f 646/646 644/644 645/645
f 647/647 646/646 645/645
f 647/647 648/648 646/646
f 649/649 647/647 645/645
f 650/650 647/647 649/649
f 651/651 650/650 649/649
f 652/652 651/651 649/649
f 653/653 651/651 652/652
f 654/654 653/653 652/652
f 655/655 653/653 654/654
f 656/656 655/655 654/654
f 657/657 655/655 656/656
f 658/658 657/657 656/656
f 656/656 659/659 658/658
f 658/658 659/659 660/660
f 659/659 661/661 660/660
f 662/662 661/661 659/659
f 663/663 662/662 659/659
f 662/662 663/663 664/664
f 663/663 665/665 664/664
f 668/668 667/667 666/666
f 669/669 667/667 668/668
f 670/670 669/669 668/668
f 667/667 669/669 671/671
f 670/670 672/672 669/669
f 669/669 673/673 671/671
f 673/673 674/674 671/671
f 673/673 675/675 674/674
f 669/669 672/672 676/676
f 676/676 673/673 669/669
f 673/673 676/676 675/675
f 672/672 677/677 676/676
f 675/675 676/676 678/678
f 676/676 677/677 678/678
f 675/675 678/678 679/679
f 677/677 680/680 678/678
f 679/679 678/678 681/681
f 678/678 680/680 682/682
f 678/678 682/682 681/681
f 680/680 683/683 682/682
f 681/681 682/682 684/684
f 683/683 685/685 682/682
f 682/682 686/686 684/684
f 682/682 685/685 686/686
f 684/684 686/686 687/687
f 686/686 685/685 688/688
f 686/686 688/688 687/687
f 685/685 689/689 688/688
f 687/687 688/688 690/690
f 688/688 689/689 691/691
f 689/689 692/692 691/691
f 692/692 693/693 691/691
f 690/690 688/688 694/694
f 688/688 691/691 694/694
f 691/691 693/693 695/695
f 694/694 691/691 695/695
f 690/690 694/694 696/696
f 696/696 694/694 695/695
f 697/697 690/690 696/696
f 696/696 698/698 697/697
f 699/699 698/698 696/696
f 700/700 698/698 699/699
f 701/701 695/695 693/693
f 702/702 695/695 701/701
f 703/703 701/701 693/693
f 704/704 696/696 695/695
f 699/699 696/696 704/704
f 704/704 695/695 702/702
f 699/699 704/704 702/702
f 705/705 700/700 699/699
f 706/706 700/700 705/705
f 703/703 707/707 701/701
f 703/703 708/708 707/707
f 708/708 709/709 707/707
f 707/707 710/710 701/701
f 707/707 709/709 710/710
f 710/710 702/702 701/701
f 709/709 711/711 710/710
f 712/712 711/711 709/709
f 713/713 699/699 702/702
f 705/705 699/699 713/713
f 714/714 702/702 710/710
f 711/711 714/714 710/710
f 714/714 715/715 702/702
f 702/702 715/715 713/713
f 716/716 711/711 712/712
f 717/717 716/716 712/712
f 718/718 716/716 717/717
f 719/719 718/718 717/717
f 720/720 718/718 719/719
f 721/721 714/714 711/711
f 715/715 714/714 721/721
f 716/716 722/722 711/711
f 716/716 718/718 722/722
f 723/723 718/718 720/720
f 724/724 723/723 720/720
f 711/711 722/722 725/725
f 721/721 711/711 725/725
f 722/722 718/718 726/726
f 718/718 723/723 726/726
f 722/722 726/726 725/725
f 726/726 727/727 725/725
f 728/728 721/721 725/725
f 727/727 728/728 725/725
f 715/715 721/721 729/729
f 721/721 728/728 729/729
f 730/730 723/723 724/724
f 731/731 730/730 724/724
f 732/732 730/730 731/731
f 726/726 723/723 733/733
f 733/733 727/727 726/726
f 734/734 730/730 732/732
f 735/735 734/734 732/732
f 736/736 723/723 730/730
f 723/723 736/736 733/733
f 736/736 730/730 737/737
f 737/737 730/730 734/734
f 733/733 736/736 738/738
f 736/736 737/737 738/738
f 738/738 739/739 733/733
f 733/733 739/739 727/727
f 740/740 734/734 735/735
f 741/741 740/740 735/735
f 742/742 740/740 741/741
f 743/743 740/740 742/742
f 744/744 743/743 742/742
f 745/745 743/743 744/744
f 746/746 743/743 745/745
f 745/745 747/747 746/746
f 747/747 748/748 746/746
f 749/749 739/739 738/738
f 738/738 737/737 749/749
f 746/746 748/748 750/750
f 748/748 751/751 750/750
f 750/750 751/751 752/752
f 751/751 753/753 752/752
f 750/750 754/754 746/746
f 754/754 750/750 752/752
f 752/752 753/753 755/755
f 753/753 756/756 755/755
f 756/756 757/757 755/755
f 755/755 757/757 758/758
f 757/757 759/759 758/758
f 758/758 759/759 760/760
f 759/759 761/761 760/760
f 758/758 762/762 755/755
f 760/760 762/762 758/758
f 760/760 761/761 763/763
f 760/760 763/763 762/762
f 761/761 764/764 763/763
f 752/752 755/755 765/765
f 755/755 762/762 765/765
f 754/754 752/752 766/766
f 766/766 752/752 765/765
f 765/765 767/767 766/766
f 768/768 754/754 766/766
f 768/768 766/766 769/769
f 767/767 769/769 766/766
f 762/762 770/770 765/765
f 770/770 767/767 765/765
f 762/762 771/771 770/770
f 763/763 771/771 762/762
f 772/772 754/754 768/768
f 754/754 772/772 746/746
f 770/770 773/773 767/767
f 771/771 773/773 770/770
f 746/746 772/772 774/774
f 746/746 774/774 743/743
f 774/774 775/775 743/743
f 772/772 776/776 774/774
f 774/774 776/776 775/775
f 743/743 775/775 777/777
f 740/740 743/743 777/777
f 778/778 740/740 777/777
f 734/734 740/740 778/778
f 775/775 779/779 777/777
f 777/777 779/779 778/778
f 780/780 779/779 775/775
f 776/776 780/780 775/775
f 781/781 734/734 778/778
f 737/737 734/734 781/781
f 737/737 781/781 782/782
f 782/782 781/781 778/778
f 749/749 737/737 782/782
f 779/779 783/783 778/778
f 778/778 783/783 782/782
f 783/783 779/779 780/780
f 783/783 749/749 782/782
f 783/783 780/780 784/784
f 780/780 776/776 785/785
f 780/780 785/785 784/784
f 785/785 776/776 786/786
f 784/784 785/785 786/786
f 776/776 772/772 786/786
f 749/749 783/783 787/787
f 787/787 783/783 784/784
f 786/786 772/772 788/788
f 788/788 772/772 768/768
f 789/789 749/749 787/787
f 739/739 749/749 789/789
f 784/784 786/786 790/790
f 790/790 786/786 788/788
f 791/791 739/739 789/789
f 739/739 791/791 727/727
f 788/788 768/768 792/792
f 793/793 790/790 788/788
f 793/793 788/788 792/792
f 794/794 784/784 790/790
f 795/795 790/790 793/793
f 794/794 790/790 795/795
f 796/796 784/784 794/794
f 796/796 787/787 784/784
f 792/792 797/797 793/793
f 793/793 797/797 795/795
f 797/797 798/798 795/795
f 799/799 797/797 792/792
f 795/795 798/798 800/800
f 801/801 794/794 795/795
f 795/795 800/800 801/801
f 801/801 796/796 794/794
f 802/802 799/799 792/792
f 802/802 792/792 768/768
f 802/802 803/803 799/799
f 803/803 802/802 768/768
f 799/799 803/803 804/804
f 768/768 805/805 803/803
f 805/805 804/804 803/803
f 769/769 805/805 768/768
f 805/805 806/806 804/804
f 807/807 805/805 769/769
f 807/807 806/806 805/805
f 767/767 807/807 769/769
f 808/808 801/801 800/800
f 800/800 809/809 808/808
f 810/810 808/808 809/809
f 809/809 811/811 810/810
f 808/808 812/812 801/801
f 810/810 812/812 808/808
f 813/813 806/806 807/807
f 813/813 814/814 806/806
f 812/812 815/815 801/801
f 815/815 796/796 801/801
f 815/815 816/816 796/796
f 816/816 787/787 796/796
f 817/817 816/816 815/815
f 817/817 787/787 816/816
f 812/812 817/817 815/815
f 787/787 817/817 789/789
f 812/812 818/818 817/817
f 817/817 818/818 789/789
f 810/810 819/819 812/812
f 819/819 818/818 812/812
f 789/789 818/818 820/820
f 818/818 819/819 820/820
f 820/820 791/791 789/789
f 821/821 819/819 810/810
f 811/811 821/821 810/810
f 820/820 819/819 822/822
f 819/819 821/821 822/822
f 823/823 791/791 820/820
f 822/822 823/823 820/820
f 821/821 811/811 824/824
f 824/824 811/811 825/825
f 822/822 821/821 826/826
f 826/826 821/821 824/824
f 822/822 826/826 827/827
f 823/823 822/822 827/827
f 823/823 828/828 791/791
f 727/727 791/791 828/828
f 825/825 829/829 824/824
f 830/830 824/824 829/829
f 831/831 829/829 825/825
f 829/829 831/831 832/832
f 832/832 830/830 829/829
f 826/826 824/824 833/833
f 827/827 826/826 833/833
f 833/833 824/824 830/830
f 828/828 834/834 727/727
f 834/834 728/728 727/727
f 830/830 832/832 835/835
f 835/835 832/832 836/836
f 837/837 835/835 836/836
f 835/835 837/837 838/838
f 838/838 837/837 839/839
f 728/728 834/834 840/840
f 840/840 834/834 841/841
f 728/728 840/840 729/729
f 842/842 834/834 828/828
f 834/834 842/842 841/841
f 729/729 840/840 843/843
f 840/840 841/841 843/843
f 843/843 841/841 844/844
f 729/729 843/843 845/845
f 845/845 715/715 729/729
f 846/846 835/835 838/838
f 830/830 835/835 846/846
f 847/847 842/842 828/828
f 823/823 847/847 828/828
f 847/847 823/823 848/848
f 848/848 842/842 847/847
f 848/848 823/823 827/827
f 842/842 848/848 849/849
f 841/841 842/842 849/849
f 827/827 850/850 848/848
f 848/848 850/850 849/849
f 851/851 715/715 845/845
f 715/715 851/851 713/713
f 713/713 851/851 852/852
f 845/845 852/852 851/851
f 852/852 705/705 713/713
f 853/853 852/852 845/845
f 845/845 843/843 853/853
f 853/853 843/843 844/844
f 854/854 705/705 852/852
f 854/854 852/852 853/853
f 854/854 706/706 705/705
f 854/854 853/853 855/855
f 855/855 853/853 844/844
f 856/856 706/706 854/854
f 854/854 855/855 856/856
f 857/857 706/706 856/856
f 856/856 858/858 857/857
f 855/855 858/858 856/856
f 858/858 859/859 857/857
f 860/860 858/858 855/855
f 860/860 855/855 844/844
f 861/861 859/859 858/858
f 861/861 858/858 860/860
f 861/861 862/862 859/859
f 861/861 863/863 862/862
f 862/862 863/863 864/864
f 864/864 863/863 865/865
f 863/863 866/866 865/865
f 863/863 867/867 866/866
f 866/866 867/867 868/868
f 868/868 867/867 869/869
f 861/861 870/870 863/863
f 870/870 861/861 860/860
f 870/870 867/867 863/863
f 867/867 871/871 869/869
f 869/869 871/871 872/872
f 872/872 871/871 873/873
f 871/871 874/874 873/873
f 873/873 874/874 875/875
f 875/875 874/874 876/876
f 876/876 874/874 877/877
f 874/874 878/878 877/877
f 877/877 878/878 879/879
f 879/879 878/878 880/880
f 881/881 880/880 878/878
f 882/882 881/881 878/878
f 883/883 881/881 882/882
f 884/884 883/883 882/882
f 884/884 882/882 885/885
f 882/882 886/886 885/885
f 885/885 886/886 887/887
f 886/886 888/888 887/887
f 887/887 888/888 889/889
f 889/889 888/888 890/890
f 888/888 891/891 890/890
f 891/891 892/892 890/890
f 891/891 893/893 892/892
f 878/878 894/894 882/882
f 882/882 895/895 886/886
f 894/894 895/895 882/882
f 886/886 896/896 888/888
f 895/895 896/896 886/886
f 897/897 891/891 888/888
f 896/896 897/897 888/888
f 893/893 891/891 898/898
f 891/891 897/897 898/898
f 899/899 894/894 878/878
f 874/874 899/899 878/878
f 894/894 900/900 895/895
f 899/899 900/900 894/894
f 895/895 901/901 896/896
f 900/900 901/901 895/895
f 902/902 897/897 896/896
f 897/897 902/902 898/898
f 901/901 902/902 896/896
f 903/903 899/899 874/874
f 871/871 903/903 874/874
f 904/904 893/893 898/898
f 904/904 905/905 893/893
f 906/906 905/905 904/904
f 906/906 904/904 907/907
f 907/907 908/908 906/906
f 904/904 898/898 909/909
f 907/907 904/904 909/909
f 898/898 902/902 910/910
f 909/909 898/898 910/910
f 911/911 908/908 907/907
f 911/911 839/839 908/908
f 838/838 839/839 911/911
f 909/909 912/912 907/907
f 912/912 911/911 907/907
f 913/913 838/838 911/911
f 913/913 911/911 912/912
f 846/846 838/838 913/913
f 914/914 846/846 913/913
f 914/914 913/913 912/912
f 830/830 846/846 914/914
f 915/915 912/912 909/909
f 910/910 915/915 909/909
f 912/912 915/915 914/914
f 902/902 916/916 910/910
f 916/916 902/902 901/901
f 917/917 916/916 901/901
f 917/917 901/901 918/918
f 900/900 918/918 901/901
f 916/916 919/919 910/910
f 919/919 915/915 910/910
f 917/917 919/919 916/916
f 920/920 830/830 914/914
f 833/833 830/830 920/920
f 915/915 921/921 914/914
f 919/919 921/921 915/915
f 914/914 921/921 920/920
f 920/920 922/922 833/833
f 920/920 921/921 922/922
f 923/923 921/921 919/919
f 923/923 919/919 917/917
f 923/923 922/922 921/921
f 922/922 924/924 833/833
f 833/833 924/924 827/827
f 924/924 850/850 827/827
f 850/850 924/924 922/922
f 923/923 850/850 922/922
f 849/849 850/850 923/923
f 849/849 923/923 925/925
f 917/917 925/925 923/923
f 849/849 925/925 841/841
f 841/841 925/925 926/926
f 841/841 926/926 844/844
f 925/925 927/927 926/926
f 844/844 926/926 927/927
f 927/927 925/925 917/917
f 927/927 928/928 844/844
f 928/928 860/860 844/844
f 928/928 929/929 860/860
f 860/860 929/929 870/870
f 930/930 928/928 927/927
f 928/928 930/930 929/929
f 917/917 931/931 927/927
f 931/931 930/930 927/927
f 929/929 932/932 870/870
f 870/870 932/932 867/867
f 930/930 933/933 929/929
f 930/930 931/931 933/933
f 929/929 933/933 932/932
f 934/934 931/931 917/917
f 931/931 934/934 933/933
f 917/917 918/918 934/934
f 932/932 935/935 867/867
f 932/932 933/933 935/935
f 867/867 935/935 871/871
f 935/935 903/903 871/871
f 933/933 936/936 935/935
f 935/935 936/936 903/903
f 934/934 936/936 933/933
f 936/936 937/937 903/903
f 937/937 936/936 934/934
f 903/903 937/937 899/899
f 937/937 900/900 899/899
f 918/918 938/938 934/934
f 938/938 918/918 900/900
f 938/938 937/937 934/934
f 937/937 938/938 900/900
f 941/941 940/940 939/939
f 942/942 941/941 939/939
f 943/943 941/941 942/942
f 944/944 943/943 942/942
f 943/943 944/944 945/945
f 946/946 943/943 945/945
f 947/947 946/946 945/945
f 946/946 947/947 948/948
f 948/948 947/947 949/949
f 948/948 949/949 950/950
f 948/948 951/951 946/946
f 951/951 948/948 950/950
f 946/946 951/951 952/952
f 950/950 953/953 951/951
f 953/953 952/952 951/951
f 952/952 953/953 954/954
f 953/953 955/955 954/954
f 955/955 953/953 956/956
f 955/955 956/956 957/957
f 954/954 955/955 958/958
f 958/958 955/955 957/957
f 958/958 957/957 959/959
f 954/954 958/958 960/960
f 961/961 958/958 959/959
f 958/958 961/961 960/960
f 959/959 962/962 961/961
f 960/960 961/961 963/963
f 962/962 963/963 961/961
f 960/960 963/963 964/964
f 965/965 963/963 962/962
f 963/963 965/965 964/964
f 966/966 965/965 962/962
f 967/967 965/965 966/966
f 965/965 968/968 964/964
f 967/967 968/968 965/965
f 968/968 967/967 969/969
f 964/964 968/968 970/970
f 971/971 968/968 969/969
f 968/968 971/971 970/970
f 971/971 969/969 972/972
f 970/970 971/971 973/973
f 973/973 971/971 972/972
f 970/970 973/973 974/974
f 973/973 975/975 974/974
f 972/972 976/976 973/973
f 976/976 975/975 973/973
f 977/977 976/976 972/972
f 976/976 977/977 978/978
f 976/976 979/979 975/975
f 978/978 979/979 976/976
f 975/975 979/979 980/980
f 981/981 979/979 978/978
f 979/979 982/982 980/980
f 981/981 982/982 979/979
f 980/980 982/982 983/983
f 984/984 982/982 981/981
f 982/982 985/985 983/983
f 984/984 985/985 982/982
f 985/985 984/984 986/986
f 983/983 985/985 987/987
f 985/985 986/986 987/987
f 987/987 986/986 988/988
f 988/988 989/989 987/987
f 990/990 989/989 988/988
f 991/991 990/990 988/988
f 991/991 992/992 990/990
f 990/990 992/992 993/993
f 992/992 994/994 993/993
f 994/994 995/995 993/993
f 993/993 995/995 996/996
f 996/996 995/995 997/997
f 995/995 998/998 997/997
f 996/996 997/997 999/999
f 997/997 998/998 1000/1000
f 997/997 1001/1001 999/999
f 997/997 1000/1000 1001/1001
f 1001/1001 1002/1002 999/999
f 1001/1001 1000/1000 1002/1002
f 999/999 1002/1002 1003/1003
f 1000/1000 1004/1004 1002/1002
f 1002/1002 1005/1005 1003/1003
f 1005/1005 1002/1002 1004/1004
f 1003/1003 1005/1005 1006/1006
f 1005/1005 1004/1004 1007/1007
f 1005/1005 1008/1008 1006/1006
f 1008/1008 1005/1005 1007/1007
f 1008/1008 1009/1009 1006/1006
f 1007/1007 1009/1009 1008/1008
f 1010/1010 1006/1006 1009/1009
f 1009/1009 1007/1007 1011/1011
f 1009/1009 1012/1012 1010/1010
f 1011/1011 1012/1012 1009/1009
f 1011/1011 1013/1013 1012/1012
f 1014/1014 1010/1010 1012/1012
f 1012/1012 1013/1013 1015/1015
f 1013/1013 1016/1016 1015/1015
f 1015/1015 1016/1016 1017/1017
f 1012/1012 1015/1015 1018/1018
f 1018/1018 1014/1014 1012/1012
f 1018/1018 1015/1015 1017/1017
f 1014/1014 1018/1018 1019/1019
f 1017/1017 1019/1019 1018/1018
f 1020/1020 1014/1014 1019/1019
f 1021/1021 1020/1020 1019/1019
f 1022/1022 1019/1019 1017/1017
f 1022/1022 1021/1021 1019/1019
f 1017/1017 1023/1023 1022/1022
f 1021/1021 1022/1022 1024/1024
f 1022/1022 1023/1023 1025/1025
f 1024/1024 1022/1022 1026/1026
f 1025/1025 1026/1026 1022/1022
f 1027/1027 1024/1024 1026/1026
f 1028/1028 1026/1026 1025/1025
f 1027/1027 1026/1026 1028/1028
f 1029/1029 1028/1028 1025/1025
f 1028/1028 1030/1030 1027/1027
f 1030/1030 1031/1031 1027/1027
f 1028/1028 1029/1029 1032/1032
f 1032/1032 1030/1030 1028/1028
f 1033/1033 1032/1032 1029/1029
f 1034/1034 1031/1031 1030/1030
f 1032/1032 1034/1034 1030/1030
f 1035/1035 1031/1031 1034/1034
f 1034/1034 1036/1036 1035/1035
f 1032/1032 1036/1036 1034/1034
f 1037/1037 1035/1035 1036/1036
f 1033/1033 1038/1038 1032/1032
f 1038/1038 1036/1036 1032/1032
f 1033/1033 1039/1039 1038/1038
f 1039/1039 1040/1040 1038/1038
f 1037/1037 1036/1036 1041/1041
f 1041/1041 1036/1036 1038/1038
f 1038/1038 1040/1040 1041/1041
f 1042/1042 1037/1037 1041/1041
f 1041/1041 1040/1040 1043/1043
f 1040/1040 1044/1044 1043/1043
f 1045/1045 1042/1042 1041/1041
f 1045/1045 1041/1041 1043/1043
f 1045/1045 1046/1046 1042/1042
f 1046/1046 1045/1045 1047/1047
f 1048/1048 1043/1043 1044/1044
f 1043/1043 1048/1048 1045/1045
f 1048/1048 1047/1047 1045/1045
f 1049/1049 1048/1048 1044/1044
f 1050/1050 1047/1047 1048/1048
f 1050/1050 1048/1048 1049/1049
f 1047/1047 1050/1050 1051/1051
f 1052/1052 1050/1050 1049/1049
f 1051/1051 1050/1050 1053/1053
f 1050/1050 1052/1052 1053/1053
f 1051/1051 1053/1053 1054/1054
f 1053/1053 1052/1052 1055/1055
f 1055/1055 1054/1054 1053/1053
f 1056/1056 1055/1055 1052/1052
f 1055/1055 1057/1057 1054/1054
f 1058/1058 1055/1055 1056/1056
f 1059/1059 1057/1057 1055/1055
f 1055/1055 1058/1058 1059/1059
f 1058/1058 1060/1060 1059/1059
f 1061/1061 1057/1057 1059/1059
f 1059/1059 1060/1060 1062/1062
f 1062/1062 1061/1061 1059/1059
f 1063/1063 1061/1061 1062/1062
f 1062/1062 1064/1064 1063/1063
f 1063/1063 1064/1064 1065/1065
f 1065/1065 1064/1064 1066/1066
f 1065/1065 1066/1066 1067/1067
f 1067/1067 1068/1068 1065/1065
f 1069/1069 1068/1068 1067/1067
f 1070/1070 1068/1068 1069/1069
f 1071/1071 1070/1070 1069/1069
f 1072/1072 1068/1068 1070/1070
f 1073/1073 1070/1070 1071/1071
f 1073/1073 1072/1072 1070/1070
f 1074/1074 1072/1072 1073/1073
f 1073/1073 1075/1075 1074/1074
f 1076/1076 1074/1074 1075/1075
f 1077/1077 1076/1076 1075/1075
f 1078/1078 1076/1076 1077/1077
f 1079/1079 1078/1078 1077/1077
f 1080/1080 1078/1078 1079/1079
f 1081/1081 1080/1080 1079/1079
f 1080/1080 1081/1081 1082/1082
f 1082/1082 1083/1083 1080/1080
f 1084/1084 1083/1083 1082/1082
f 1085/1085 1084/1084 1082/1082
f 1084/1084 1085/1085 1086/1086
f 1087/1087 1086/1086 1085/1085
f 1086/1086 1088/1088 1084/1084
f 1086/1086 1087/1087 1089/1089
f 1089/1089 1088/1088 1086/1086
f 1089/1089 1087/1087 1090/1090
f 1091/1091 1088/1088 1089/1089
f 1089/1089 1090/1090 1092/1092
f 1093/1093 1091/1091 1089/1089
f 1093/1093 1089/1089 1092/1092
f 1094/1094 1091/1091 1093/1093
f 1093/1093 1092/1092 1094/1094
f 1094/1094 1092/1092 1095/1095
f 1096/1096 1091/1091 1094/1094
f 1094/1094 1095/1095 1097/1097
f 1096/1096 1094/1094 1097/1097
f 1098/1098 1096/1096 1097/1097
f 1099/1099 1098/1098 1097/1097
f 1100/1100 1099/1099 1097/1097
f 1101/1101 1099/1099 1100/1100
f 1102/1102 1101/1101 1100/1100
f 1103/1103 1099/1099 1101/1101
f 1101/1101 1102/1102 1104/1104
f 1104/1104 1103/1103 1101/1101
f 1102/1102 1105/1105 1104/1104
f 1104/1104 1105/1105 1106/1106
f 1107/1107 1103/1103 1104/1104
f 1104/1104 1106/1106 1107/1107
f 1108/1108 1103/1103 1107/1107
f 1107/1107 1106/1106 1109/1109
f 1109/1109 1108/1108 1107/1107
f 1106/1106 1110/1110 1109/1109
f 1111/1111 1108/1108 1109/1109
f 1109/1109 1110/1110 1111/1111
f 1112/1112 1108/1108 1111/1111
f 1110/1110 1113/1113 1111/1111
f 1111/1111 1114/1114 1112/1112
f 1111/1111 1113/1113 1114/1114
f 1113/1113 1115/1115 1114/1114
f 1116/1116 1112/1112 1114/1114
f 1114/1114 1115/1115 1117/1117
f 1114/1114 1117/1117 1116/1116
f 1117/1117 1118/1118 1116/1116
f 1117/1117 1119/1119 1118/1118
f 1118/1118 1120/1120 1116/1116
f 1118/1118 1119/1119 1121/1121
f 1121/1121 1120/1120 1118/1118
f 1120/1120 1121/1121 1122/1122
f 1121/1121 1123/1123 1122/1122
f 1123/1123 1124/1124 1122/1122
f 1122/1122 1124/1124 1125/1125
f 1124/1124 1126/1126 1125/1125
f 1126/1126 1127/1127 1125/1125
f 1125/1125 1127/1127 1128/1128
f 1128/1128 1129/1129 1125/1125
f 1129/1129 1128/1128 1130/1130
f 1133/1133 1132/1132 1131/1131
f 1132/1132 1134/1134 1131/1131
f 1131/1131 1134/1134 1135/1135
f 1135/1135 1136/1136 1131/1131
f 1136/1136 1137/1137 1131/1131
f 1137/1137 1138/1138 1131/1131
f 1131/1131 1138/1138 1139/1139
f 1139/1139 1140/1140 1131/1131
f 1131/1131 1140/1140 1141/1141
f 1131/1131 1141/1141 1142/1142
f 1143/1143 1131/1131 1142/1142
f 1143/1143 1144/1144 1131/1131
f 1144/1144 1145/1145 1131/1131
f 1145/1145 1146/1146 1131/1131
f 1147/1147 1131/1131 1146/1146
f 1148/1148 1131/1131 1147/1147
f 1131/1131 1148/1148 1149/1149
f 1149/1149 1150/1150 1131/1131
f 1131/1131 1150/1150 1151/1151
f 1151/1151 1152/1152 1131/1131
f 1131/1131 1152/1152 1153/1153
f 1153/1153 1154/1154 1131/1131
f 1155/1155 1131/1131 1154/1154
f 1155/1155 1156/1156 1131/1131
f 1131/1131 1156/1156 1157/1157
f 1157/1157 1158/1158 1131/1131
f 1158/1158 1159/1159 1131/1131
f 1131/1131 1159/1159 1160/1160
f 1163/1163 1162/1162 1161/1161
f 1161/1161 1162/1162 1164/1164
f 1164/1164 1162/1162 1165/1165
f 1162/1162 1166/1166 1165/1165
f 1166/1166 1167/1167 1165/1165
f 1165/1165 1167/1167 1168/1168
f 1168/1168 1167/1167 1169/1169
f 1168/1168 1169/1169 1170/1170
f 1169/1169 1171/1171 1170/1170
f 1170/1170 1171/1171 1172/1172
f 1171/1171 1173/1173 1172/1172
f 1172/1172 1173/1173 1174/1174
f 1173/1173 1175/1175 1174/1174
f 1174/1174 1175/1175 1176/1176
f 1175/1175 1177/1177 1176/1176
f 1176/1176 1177/1177 1178/1178
f 1177/1177 1179/1179 1178/1178
f 1178/1178 1179/1179 1180/1180
f 1179/1179 1181/1181 1180/1180
f 1180/1180 1181/1181 1182/1182
f 1181/1181 1183/1183 1182/1182
f 1182/1182 1183/1183 1184/1184
f 1183/1183 1185/1185 1184/1184
f 1184/1184 1185/1185 1186/1186
f 1185/1185 1187/1187 1186/1186
f 1188/1188 1186/1186 1187/1187
f 1189/1189 1188/1188 1187/1187
f 1190/1190 1188/1188 1189/1189
f 1191/1191 1190/1190 1189/1189
f 1192/1192 1191/1191 1189/1189
f 1192/1192 1193/1193 1191/1191
f 1191/1191 1193/1193 1194/1194
f 1194/1194 1193/1193 1195/1195
f 1193/1193 1196/1196 1195/1195
f 1196/1196 1197/1197 1195/1195
f 1195/1195 1197/1197 1198/1198
f 1197/1197 1199/1199 1198/1198
f 1198/1198 1199/1199 1200/1200
f 1200/1200 1201/1201 1198/1198
f 1202/1202 1201/1201 1200/1200
f 1203/1203 1202/1202 1200/1200
f 1204/1204 1202/1202 1203/1203
f 1205/1205 1204/1204 1203/1203
f 1206/1206 1204/1204 1205/1205
f 1205/1205 1207/1207 1206/1206
f 1207/1207 1208/1208 1206/1206
f 1206/1206 1208/1208 1209/1209
f 1209/1209 1208/1208 1210/1210
f 1208/1208 1211/1211 1210/1210
f 1211/1211 1212/1212 1210/1210
f 1210/1210 1212/1212 1213/1213
f 1213/1213 1212/1212 1214/1214
f 1214/1214 1215/1215 1213/1213
f 1216/1216 1215/1215 1214/1214
f 1217/1217 1216/1216 1214/1214
f 1218/1218 1216/1216 1217/1217
f 1219/1219 1218/1218 1217/1217
f 1220/1220 1219/1219 1217/1217
f 1221/1221 1219/1219 1220/1220
f 1222/1222 1221/1221 1220/1220
f 1223/1223 1221/1221 1222/1222
f 1224/1224 1221/1221 1223/1223
f 1223/1223 1225/1225 1224/1224
f 1224/1224 1225/1225 1226/1226
f 1229/1229 1228/1228 1227/1227
f 1228/1228 1230/1230 1227/1227
f 1228/1228 1231/1231 1230/1230
f 1231/1231 1232/1232 1230/1230
f 1231/1231 1233/1233 1232/1232
f 1233/1233 1234/1234 1232/1232
f 1233/1233 1235/1235 1234/1234
f 1233/1233 1236/1236 1235/1235
f 1236/1236 1237/1237 1235/1235
f 1236/1236 1238/1238 1237/1237
f 1238/1238 1239/1239 1237/1237
f 1239/1239 1240/1240 1237/1237
f 1239/1239 1241/1241 1240/1240
f 1239/1239 1242/1242 1241/1241
f 1242/1242 1243/1243 1241/1241
f 1242/1242 1244/1244 1243/1243
f 1244/1244 1245/1245 1243/1243
f 1244/1244 1246/1246 1245/1245
f 1246/1246 1247/1247 1245/1245
f 1246/1246 1248/1248 1247/1247
f 1248/1248 1249/1249 1247/1247
f 1248/1248 1250/1250 1249/1249
f 1250/1250 1251/1251 1249/1249
f 1250/1250 1252/1252 1251/1251
f 1252/1252 1253/1253 1251/1251
f 1252/1252 1254/1254 1253/1253
f 1254/1254 1255/1255 1253/1253
f 1254/1254 1256/1256 1255/1255
f 1256/1256 1257/1257 1255/1255
f 1256/1256 1258/1258 1257/1257
f 1261/1261 1260/1260 1259/1259
f 1260/1260 1262/1262 1259/1259
f 1259/1259 1262/1262 1263/1263
f 1262/1262 1264/1264 1263/1263
f 1263/1263 1264/1264 1265/1265
f 1264/1264 1266/1266 1265/1265
f 1266/1266 1267/1267 1265/1265
f 1268/1268 1267/1267 1266/1266
f 1269/1269 1267/1267 1268/1268
f 1270/1270 1269/1269 1268/1268
f 1271/1271 1269/1269 1270/1270
f 1270/1270 1272/1272 1271/1271
f 1271/1271 1272/1272 1273/1273
f 1274/1274 1273/1273 1272/1272
f 1275/1275 1273/1273 1274/1274
f 1276/1276 1275/1275 1274/1274
f 1277/1277 1275/1275 1276/1276
f 1278/1278 1277/1277 1276/1276
f 1279/1279 1277/1277 1278/1278
f 1280/1280 1279/1279 1278/1278
f 1280/1280 1281/1281 1279/1279
f 1282/1282 1281/1281 1280/1280
f 1283/1283 1281/1281 1282/1282
f 1282/1282 1284/1284 1283/1283
f 1283/1283 1284/1284 1285/1285
f 1286/1286 1285/1285 1284/1284
f 1287/1287 1285/1285 1286/1286
f 1287/1287 1286/1286 1288/1288
f 1289/1289 1287/1287 1288/1288
f 1290/1290 1289/1289 1288/1288
f 1291/1291 1289/1289 1290/1290
f 1292/1292 1291/1291 1290/1290
f 1293/1293 1291/1291 1292/1292
f 1293/1293 1292/1292 1294/1294
f 1293/1293 1294/1294 1295/1295
f 1295/1295 1294/1294 1296/1296
f 1296/1296 1297/1297 1295/1295
f 1298/1298 1297/1297 1296/1296
f 1299/1299 1298/1298 1296/1296
f 1300/1300 1298/1298 1299/1299
f 1301/1301 1298/1298 1300/1300
f 1302/1302 1301/1301 1300/1300
f 1303/1303 1301/1301 1302/1302
f 1304/1304 1303/1303 1302/1302
f 1305/1305 1303/1303 1304/1304
f 1306/1306 1305/1305 1304/1304
f 1307/1307 1306/1306 1304/1304
f 1307/1307 1308/1308 1306/1306
f 1306/1306 1308/1308 1309/1309
f 1308/1308 1310/1310 1309/1309
f 1309/1309 1310/1310 1311/1311
f 1311/1311 1310/1310 1312/1312
f 1310/1310 1313/1313 1312/1312
f 1313/1313 1314/1314 1312/1312
f 1312/1312 1314/1314 1315/1315
f 1315/1315 1314/1314 1316/1316
f 1314/1314 1317/1317 1316/1316
f 1317/1317 1318/1318 1316/1316
f 1316/1316 1318/1318 1319/1319
f 1318/1318 1320/1320 1319/1319
f 1319/1319 1320/1320 1321/1321
f 1320/1320 1322/1322 1321/1321
f 1321/1321 1322/1322 1323/1323
f 1322/1322 1324/1324 1323/1323
f 1323/1323 1324/1324 1325/1325
f 1325/1325 1324/1324 1326/1326
f 1325/1325 1326/1326 1327/1327
f 1326/1326 1328/1328 1327/1327
f 1331/1331 1330/1330 1329/1329
f 1330/1330 1332/1332 1329/1329
f 1329/1329 1332/1332 1333/1333
f 1332/1332 1334/1334 1333/1333
f 1333/1333 1334/1334 1335/1335
f 1334/1334 1336/1336 1335/1335
f 1335/1335 1336/1336 1337/1337
f 1336/1336 1338/1338 1337/1337
f 1337/1337 1338/1338 1339/1339
f 1338/1338 1340/1340 1339/1339
f 1339/1339 1340/1340 1341/1341
f 1340/1340 1342/1342 1341/1341
f 1341/1341 1342/1342 1343/1343
f 1342/1342 1344/1344 1343/1343
f 1343/1343 1344/1344 1345/1345
f 1344/1344 1346/1346 1345/1345
f 1345/1345 1346/1346 1347/1347
f 1346/1346 1348/1348 1347/1347
f 1347/1347 1348/1348 1349/1349
f 1348/1348 1350/1350 1349/1349
f 1349/1349 1350/1350 1351/1351
f 1350/1350 1352/1352 1351/1351
f 1351/1351 1352/1352 1353/1353
f 1352/1352 1354/1354 1353/1353
f 1353/1353 1354/1354 1355/1355
f 1353/1353 1355/1355 1356/1356
f 1356/1356 1355/1355 1357/1357
f 1355/1355 1358/1358 1357/1357
f 1357/1357 1358/1358 1359/1359
f 1358/1358 1360/1360 1359/1359
f 1359/1359 1360/1360 1361/1361
f 1360/1360 1362/1362 1361/1361
f 1361/1361 1362/1362 1363/1363
f 1362/1362 1364/1364 1363/1363
f 1363/1363 1364/1364 1365/1365
f 1364/1364 1366/1366 1365/1365
f 1365/1365 1366/1366 1367/1367
f 1366/1366 1368/1368 1367/1367
f 1367/1367 1368/1368 1369/1369
f 1368/1368 1370/1370 1369/1369
f 1369/1369 1370/1370 1371/1371
f 1370/1370 1372/1372 1371/1371
f 1371/1371 1372/1372 1373/1373
f 1372/1372 1374/1374 1373/1373
f 1373/1373 1374/1374 1375/1375
f 1374/1374 1376/1376 1375/1375
f 1376/1376 1377/1377 1375/1375
f 1375/1375 1377/1377 1378/1378
f 1381/1381 1380/1380 1379/1379
f 1382/1382 1380/1380 1381/1381
f 1383/1383 1382/1382 1381/1381
f 1381/1381 1384/1384 1383/1383
f 1385/1385 1384/1384 1381/1381
f 1386/1386 1385/1385 1381/1381
f 1381/1381 1387/1387 1386/1386
f 1388/1388 1387/1387 1381/1381
f 1389/1389 1388/1388 1381/1381
f 1381/1381 1390/1390 1389/1389
f 1391/1391 1390/1390 1381/1381
f 1392/1392 1391/1391 1381/1381
f 1381/1381 1393/1393 1392/1392
f 1394/1394 1393/1393 1381/1381
f 1395/1395 1394/1394 1381/1381
f 1381/1381 1396/1396 1395/1395
f 1397/1397 1396/1396 1381/1381
f 1398/1398 1397/1397 1381/1381
f 1381/1381 1399/1399 1398/1398
f 1400/1400 1399/1399 1381/1381
f 1401/1401 1400/1400 1381/1381
f 1381/1381 1402/1402 1401/1401
f 1405/1405 1404/1404 1403/1403
f 1406/1406 1404/1404 1405/1405
f 1406/1406 1405/1405 1407/1407
f 1410/1410 1409/1409 1408/1408
f 1411/1411 1410/1410 1408/1408
f 1411/1411 1408/1408 1412/1412
f 1413/1413 1411/1411 1412/1412
f 1414/1414 1413/1413 1412/1412
f 1414/1414 1412/1412 1415/1415
f 1416/1416 1414/1414 1415/1415
f 1416/1416 1415/1415 1417/1417
f 1418/1418 1416/1416 1417/1417
f 1418/1418 1417/1417 1419/1419
f 1420/1420 1418/1418 1419/1419
f 1420/1420 1419/1419 1421/1421
f 1422/1422 1420/1420 1421/1421
f 1422/1422 1421/1421 1423/1423
f 1424/1424 1422/1422 1423/1423
f 1424/1424 1423/1423 1425/1425
f 1424/1424 1425/1425 1426/1426
f 1427/1427 1424/1424 1426/1426
f 1428/1428 1427/1427 1426/1426
f 1428/1428 1426/1426 1429/1429
f 1428/1428 1429/1429 1430/1430
f 1431/1431 1428/1428 1430/1430
f 1432/1432 1431/1431 1430/1430
f 1432/1432 1430/1430 1433/1433
f 1432/1432 1433/1433 1434/1434
f 1435/1435 1432/1432 1434/1434
f 1435/1435 1434/1434 1436/1436
f 1437/1437 1435/1435 1436/1436
f 1437/1437 1436/1436 1438/1438
f 1437/1437 1438/1438 1439/1439
f 1440/1440 1437/1437 1439/1439
f 1440/1440 1439/1439 1441/1441
f 1443/1443 1442/1442 814/814
f 1443/1443 814/814 813/813
f 1443/1443 1444/1444 1442/1442
f 1442/1442 1444/1444 1445/1445
f 1444/1444 1446/1446 1445/1445
f 1447/1447 1445/1445 1446/1446
f 1448/1448 1447/1447 1446/1446
f 1447/1447 1448/1448 1449/1449
f 1450/1450 1449/1449 1448/1448
f 1450/1450 1451/1451 1449/1449
f 1452/1452 1451/1451 1450/1450
f 1451/1451 1452/1452 1453/1453
f 1453/1453 1452/1452 1454/1454
f 1455/1455 1446/1446 1444/1444
f 1456/1456 1444/1444 1443/1443
f 1456/1456 1455/1455 1444/1444
f 1448/1448 1446/1446 1457/1457
f 1446/1446 1455/1455 1457/1457
f 1458/1458 1448/1448 1457/1457
f 1457/1457 1455/1455 1459/1459
f 1458/1458 1457/1457 1459/1459
f 1460/1460 1448/1448 1458/1458
f 1450/1450 1448/1448 1460/1460
f 1461/1461 1460/1460 1458/1458
f 1461/1461 1458/1458 1459/1459
f 1462/1462 1450/1450 1460/1460
f 1462/1462 1460/1460 1461/1461
f 1450/1450 1463/1463 1452/1452
f 1463/1463 1450/1450 1462/1462
f 1464/1464 1463/1463 1462/1462
f 1465/1465 1455/1455 1456/1456
f 1455/1455 1465/1465 1459/1459
f 1462/1462 1461/1461 1466/1466
f 1462/1462 1466/1466 1464/1464
f 1452/1452 1463/1463 1467/1467
f 1468/1468 1463/1463 1464/1464
f 1463/1463 1468/1468 1467/1467
f 1469/1469 1452/1452 1467/1467
f 1454/1454 1452/1452 1469/1469
f 1470/1470 1469/1469 1467/1467
f 1454/1454 1469/1469 1470/1470
f 1467/1467 1468/1468 1470/1470
f 1471/1471 1454/1454 1470/1470
f 1472/1472 1471/1471 1470/1470
f 1473/1473 1472/1472 1470/1470
f 1468/1468 1473/1473 1470/1470
f 1474/1474 1472/1472 1473/1473
f 1475/1475 1474/1474 1473/1473
f 1468/1468 1475/1475 1473/1473
f 1476/1476 1474/1474 1475/1475
f 1475/1475 1468/1468 1477/1477
f 1477/1477 1468/1468 1464/1464
f 1477/1477 1464/1464 1478/1478
f 1476/1476 1475/1475 1479/1479
f 1479/1479 1475/1475 1477/1477
f 1480/1480 1477/1477 1478/1478
f 1479/1479 1477/1477 1480/1480
f 1481/1481 1476/1476 1479/1479
f 1476/1476 1481/1481 1482/1482
f 1482/1482 1481/1481 1483/1483
f 1481/1481 1479/1479 1484/1484
f 1483/1483 1481/1481 1484/1484
f 1484/1484 1479/1479 1480/1480
f 1485/1485 1483/1483 1484/1484
f 1484/1484 1480/1480 1486/1486
f 1486/1486 1480/1480 1478/1478
f 1485/1485 1484/1484 1487/1487
f 1487/1487 1484/1484 1486/1486
f 1488/1488 1485/1485 1487/1487
f 1488/1488 1489/1489 1485/1485
f 1488/1488 1490/1490 1489/1489
f 1486/1486 1491/1491 1487/1487
f 1491/1491 1488/1488 1487/1487
f 1490/1490 1488/1488 1492/1492
f 1488/1488 1491/1491 1492/1492
f 1490/1490 1492/1492 1493/1493
f 1494/1494 1491/1491 1486/1486
f 1478/1478 1494/1494 1486/1486
f 1491/1491 1494/1494 1495/1495
f 1492/1492 1491/1491 1495/1495
f 1492/1492 1496/1496 1493/1493
f 1493/1493 1496/1496 1497/1497
f 1498/1498 1496/1496 1492/1492
f 1495/1495 1498/1498 1492/1492
f 1497/1497 1496/1496 1499/1499
f 1496/1496 1498/1498 1499/1499
f 1499/1499 1500/1500 1497/1497
f 1501/1501 1500/1500 1499/1499
f 1502/1502 1501/1501 1499/1499
f 1503/1503 1501/1501 1502/1502
f 1504/1504 1503/1503 1502/1502
f 1505/1505 1503/1503 1504/1504
f 1505/1505 1504/1504 1506/1506
f 1506/1506 1504/1504 1507/1507
f 1504/1504 1508/1508 1507/1507
f 1507/1507 1508/1508 1509/1509
f 1510/1510 1509/1509 1508/1508
f 1511/1511 1510/1510 1508/1508
f 1512/1512 1511/1511 1508/1508
f 1513/1513 1511/1511 1512/1512
f 1514/1514 1513/1513 1512/1512
f 1515/1515 1514/1514 1512/1512
f 1502/1502 1499/1499 1516/1516
f 1499/1499 1498/1498 1516/1516
f 1504/1504 1502/1502 1517/1517
f 1517/1517 1502/1502 1516/1516
f 1508/1508 1504/1504 1518/1518
f 1518/1518 1504/1504 1517/1517
f 1498/1498 1519/1519 1516/1516
f 1519/1519 1498/1498 1495/1495
f 1520/1520 1508/1508 1518/1518
f 1512/1512 1508/1508 1520/1520
f 1521/1521 1515/1515 1512/1512
f 1522/1522 1515/1515 1521/1521
f 1523/1523 1522/1522 1521/1521
f 1524/1524 1523/1523 1521/1521
f 1525/1525 1523/1523 1524/1524
f 1526/1526 1525/1525 1524/1524
f 1521/1521 1512/1512 1527/1527
f 1527/1527 1512/1512 1520/1520
f 1518/1518 1528/1528 1520/1520
f 1517/1517 1528/1528 1518/1518
f 1529/1529 1526/1526 1524/1524
f 1529/1529 1530/1530 1526/1526
f 1529/1529 1531/1531 1530/1530
f 1529/1529 1532/1532 1531/1531
f 1533/1533 1532/1532 1529/1529
f 1533/1533 1534/1534 1532/1532
f 1535/1535 1521/1521 1527/1527
f 1524/1524 1521/1521 1535/1535
f 1520/1520 1536/1536 1527/1527
f 1528/1528 1536/1536 1520/1520
f 1537/1537 1528/1528 1517/1517
f 1516/1516 1537/1537 1517/1517
f 1516/1516 1519/1519 1537/1537
f 1538/1538 1529/1529 1524/1524
f 1533/1533 1529/1529 1538/1538
f 1533/1533 1539/1539 1534/1534
f 1534/1534 1539/1539 1540/1540
f 1536/1536 1541/1541 1527/1527
f 1527/1527 1541/1541 1535/1535
f 1542/1542 1524/1524 1535/1535
f 1538/1538 1524/1524 1542/1542
f 1535/1535 1541/1541 1542/1542
f 1533/1533 1543/1543 1539/1539
f 1538/1538 1543/1543 1533/1533
f 1544/1544 1543/1543 1538/1538
f 1545/1545 1540/1540 1539/1539
f 1540/1540 1545/1545 1546/1546
f 1547/1547 1538/1538 1542/1542
f 1544/1544 1538/1538 1547/1547
f 1548/1548 1539/1539 1543/1543
f 1548/1548 1545/1545 1539/1539
f 1549/1549 1546/1546 1545/1545
f 1549/1549 1545/1545 1548/1548
f 1550/1550 1546/1546 1549/1549
f 1542/1542 1551/1551 1547/1547
f 1541/1541 1551/1551 1542/1542
f 1552/1552 1550/1550 1549/1549
f 1553/1553 1550/1550 1552/1552
f 1551/1551 1554/1554 1547/1547
f 1547/1547 1554/1554 1544/1544
f 1555/1555 1551/1551 1541/1541
f 1554/1554 1551/1551 1555/1555
f 1556/1556 1548/1548 1543/1543
f 1543/1543 1544/1544 1556/1556
f 1544/1544 1557/1557 1556/1556
f 1558/1558 1549/1549 1548/1548
f 1549/1549 1558/1558 1552/1552
f 1556/1556 1559/1559 1548/1548
f 1548/1548 1559/1559 1558/1558
f 1560/1560 1553/1553 1552/1552
f 1560/1560 1561/1561 1553/1553
f 1562/1562 1561/1561 1560/1560
f 1558/1558 1563/1563 1552/1552
f 1558/1558 1559/1559 1563/1563
f 1564/1564 1560/1560 1552/1552
f 1552/1552 1563/1563 1564/1564
f 1560/1560 1565/1565 1562/1562
f 1565/1565 1560/1560 1564/1564
f 1562/1562 1565/1565 1566/1566
f 1556/1556 1557/1557 1567/1567
f 1559/1559 1556/1556 1567/1567
f 1568/1568 1559/1559 1567/1567
f 1567/1567 1557/1557 1568/1568
f 1569/1569 1563/1563 1559/1559
f 1559/1559 1568/1568 1569/1569
f 1563/1563 1570/1570 1564/1564
f 1570/1570 1563/1563 1569/1569
f 1571/1571 1565/1565 1564/1564
f 1564/1564 1570/1570 1572/1572
f 1572/1572 1571/1571 1564/1564
f 1570/1570 1573/1573 1572/1572
f 1573/1573 1570/1570 1569/1569
f 1573/1573 1569/1569 1574/1574
f 1569/1569 1575/1575 1574/1574
f 1568/1568 1575/1575 1569/1569
f 1571/1571 1576/1576 1565/1565
f 1565/1565 1576/1576 1566/1566
f 1577/1577 1571/1571 1572/1572
f 1573/1573 1577/1577 1572/1572
f 1574/1574 1575/1575 1578/1578
f 1575/1575 1568/1568 1578/1578
f 1571/1571 1579/1579 1576/1576
f 1571/1571 1577/1577 1579/1579
f 1576/1576 1579/1579 1580/1580
f 1579/1579 1577/1577 1581/1581
f 1582/1582 1576/1576 1580/1580
f 1566/1566 1576/1576 1582/1582
f 1583/1583 1566/1566 1582/1582
f 1580/1580 1584/1584 1582/1582
f 1584/1584 1585/1585 1582/1582
f 1582/1582 1585/1585 1583/1583
f 1586/1586 1566/1566 1583/1583
f 1585/1585 1587/1587 1583/1583
f 1588/1588 1586/1586 1583/1583
f 1583/1583 1587/1587 1589/1589
f 1590/1590 1588/1588 1583/1583
f 1583/1583 1589/1589 1590/1590
f 1590/1590 1589/1589 1591/1591
f 1592/1592 1588/1588 1590/1590
f 1593/1593 1592/1592 1590/1590
f 1591/1591 1593/1593 1590/1590
f 1591/1591 1589/1589 1594/1594
f 1595/1595 1591/1591 1594/1594
f 1596/1596 1591/1591 1595/1595
f 1593/1593 1591/1591 1597/1597
f 1598/1598 1591/1591 1596/1596
f 1591/1591 1598/1598 1597/1597
f 1599/1599 1598/1598 1596/1596
f 1598/1598 1600/1600 1597/1597
f 1597/1597 1600/1600 1601/1601
f 1601/1601 1600/1600 1602/1602
f 1603/1603 1598/1598 1599/1599
f 1598/1598 1603/1603 1600/1600
f 1602/1602 1600/1600 1603/1603
f 1604/1604 1603/1603 1599/1599
f 1605/1605 1602/1602 1603/1603
f 1606/1606 1603/1603 1604/1604
f 1605/1605 1603/1603 1606/1606
f 1608/1608 1581/1581 1607/1607
f 1608/1608 1607/1607 1609/1609
f 1581/1581 1577/1577 1607/1607
f 1607/1607 1610/1610 1609/1609
f 1610/1610 1611/1611 1609/1609
f 1612/1612 1607/1607 1577/1577
f 1612/1612 1610/1610 1607/1607
f 1612/1612 1577/1577 1573/1573
f 1610/1610 1612/1612 1573/1573
f 1573/1573 1574/1574 1610/1610
f 1611/1611 1610/1610 1574/1574
f 1574/1574 1613/1613 1611/1611
f 1614/1614 1613/1613 1574/1574
f 1615/1615 1613/1613 1614/1614
f 1616/1616 1614/1614 1574/1574
f 1578/1578 1616/1616 1574/1574
f 1617/1617 1615/1615 1614/1614
f 1616/1616 1617/1617 1614/1614
f 1618/1618 1615/1615 1617/1617
f 1619/1619 1615/1615 1618/1618
f 1620/1620 1619/1619 1618/1618
f 1620/1620 1621/1621 1619/1619
f 1618/1618 1617/1617 1622/1622
f 1620/1620 1618/1618 1622/1622
f 1623/1623 1617/1617 1616/1616
f 1617/1617 1623/1623 1622/1622
f 1624/1624 1616/1616 1578/1578
f 1623/1623 1616/1616 1624/1624
f 1625/1625 1624/1624 1578/1578
f 1578/1578 1568/1568 1625/1625
f 1626/1626 1621/1621 1620/1620
f 1627/1627 1621/1621 1626/1626
f 764/764 1627/1627 1626/1626
f 1628/1628 764/764 1626/1626
f 763/763 764/764 1628/1628
f 1626/1626 1620/1620 1629/1629
f 1629/1629 1628/1628 1626/1626
f 1630/1630 763/763 1628/1628
f 1629/1629 1630/1630 1628/1628
f 1631/1631 1630/1630 1629/1629
f 1630/1630 771/771 763/763
f 1631/1631 771/771 1630/1630
f 1620/1620 1632/1632 1629/1629
f 1632/1632 1631/1631 1629/1629
f 1622/1622 1632/1632 1620/1620
f 1633/1633 1632/1632 1622/1622
f 1633/1633 1631/1631 1632/1632
f 1622/1622 1623/1623 1633/1633
f 1634/1634 771/771 1631/1631
f 771/771 1634/1634 773/773
f 1633/1633 1623/1623 1635/1635
f 1631/1631 1633/1633 1636/1636
f 1636/1636 1633/1633 1635/1635
f 1635/1635 1623/1623 1637/1637
f 1635/1635 1637/1637 1636/1636
f 1623/1623 1624/1624 1637/1637
f 1624/1624 1625/1625 1637/1637
f 1634/1634 1631/1631 1638/1638
f 1638/1638 1631/1631 1636/1636
f 1639/1639 1636/1636 1637/1637
f 1637/1637 1625/1625 1640/1640
f 1640/1640 1639/1639 1637/1637
f 1638/1638 1636/1636 1641/1641
f 1636/1636 1639/1639 1641/1641
f 1642/1642 1634/1634 1638/1638
f 1642/1642 1638/1638 1641/1641
f 1639/1639 1643/1643 1641/1641
f 1643/1643 1639/1639 1640/1640
f 1641/1641 1643/1643 1642/1642
f 1644/1644 1634/1634 1642/1642
f 1634/1634 1644/1644 773/773
f 1625/1625 1645/1645 1640/1640
f 1568/1568 1645/1645 1625/1625
f 1557/1557 1645/1645 1568/1568
f 1642/1642 1643/1643 1646/1646
f 1646/1646 1644/1644 1642/1642
f 773/773 1644/1644 1647/1647
f 1648/1648 1644/1644 1646/1646
f 1647/1647 1644/1644 1648/1648
f 1646/1646 1649/1649 1648/1648
f 1649/1649 1647/1647 1648/1648
f 1646/1646 1643/1643 1650/1650
f 1646/1646 1650/1650 1649/1649
f 1651/1651 1643/1643 1640/1640
f 1650/1650 1643/1643 1651/1651
f 1640/1640 1645/1645 1652/1652
f 1652/1652 1651/1651 1640/1640
f 773/773 1647/1647 1653/1653
f 773/773 1653/1653 767/767
f 767/767 1653/1653 1654/1654
f 1654/1654 807/807 767/767
f 1653/1653 1655/1655 1654/1654
f 807/807 1654/1654 1655/1655
f 1653/1653 1647/1647 1655/1655
f 807/807 1655/1655 813/813
f 1655/1655 1647/1647 1656/1656
f 813/813 1655/1655 1656/1656
f 1656/1656 1443/1443 813/813
f 1656/1656 1647/1647 1649/1649
f 1657/1657 1443/1443 1656/1656
f 1649/1649 1657/1657 1656/1656
f 1657/1657 1456/1456 1443/1443
f 1649/1649 1658/1658 1657/1657
f 1658/1658 1456/1456 1657/1657
f 1650/1650 1658/1658 1649/1649
f 1658/1658 1465/1465 1456/1456
f 1650/1650 1465/1465 1658/1658
f 1465/1465 1650/1650 1651/1651
f 1459/1459 1465/1465 1651/1651
f 1651/1651 1652/1652 1459/1459
f 1459/1459 1652/1652 1461/1461
f 1652/1652 1659/1659 1461/1461
f 1461/1461 1659/1659 1466/1466
f 1659/1659 1652/1652 1660/1660
f 1652/1652 1645/1645 1660/1660
f 1659/1659 1661/1661 1466/1466
f 1464/1464 1466/1466 1661/1661
f 1660/1660 1662/1662 1659/1659
f 1659/1659 1662/1662 1661/1661
f 1661/1661 1662/1662 1663/1663
f 1661/1661 1664/1664 1464/1464
f 1664/1664 1661/1661 1663/1663
f 1665/1665 1664/1664 1663/1663
f 1464/1464 1664/1664 1478/1478
f 1645/1645 1666/1666 1660/1660
f 1557/1557 1666/1666 1645/1645
f 1660/1660 1667/1667 1662/1662
f 1666/1666 1667/1667 1660/1660
f 1662/1662 1667/1667 1663/1663
f 1478/1478 1664/1664 1668/1668
f 1668/1668 1664/1664 1665/1665
f 1668/1668 1669/1669 1478/1478
f 1669/1669 1668/1668 1665/1665
f 1669/1669 1494/1494 1478/1478
f 1494/1494 1669/1669 1495/1495
f 1495/1495 1669/1669 1670/1670
f 1670/1670 1669/1669 1665/1665
f 1495/1495 1670/1670 1519/1519
f 1557/1557 1671/1671 1666/1666
f 1671/1671 1667/1667 1666/1666
f 1519/1519 1670/1670 1672/1672
f 1519/1519 1672/1672 1537/1537
f 1673/1673 1670/1670 1665/1665
f 1672/1672 1670/1670 1673/1673
f 1674/1674 1671/1671 1557/1557
f 1544/1544 1674/1674 1557/1557
f 1675/1675 1674/1674 1544/1544
f 1675/1675 1671/1671 1674/1674
f 1554/1554 1675/1675 1544/1544
f 1676/1676 1667/1667 1671/1671
f 1675/1675 1676/1676 1671/1671
f 1663/1663 1667/1667 1676/1676
f 1677/1677 1675/1675 1554/1554
f 1677/1677 1676/1676 1675/1675
f 1677/1677 1554/1554 1555/1555
f 1663/1663 1676/1676 1678/1678
f 1677/1677 1678/1678 1676/1676
f 1665/1665 1663/1663 1679/1679
f 1679/1679 1663/1663 1678/1678
f 1680/1680 1678/1678 1677/1677
f 1555/1555 1680/1680 1677/1677
f 1681/1681 1665/1665 1679/1679
f 1673/1673 1665/1665 1681/1681
f 1678/1678 1682/1682 1679/1679
f 1682/1682 1678/1678 1680/1680
f 1682/1682 1681/1681 1679/1679
f 1683/1683 1673/1673 1681/1681
f 1673/1673 1683/1683 1672/1672
f 1684/1684 1681/1681 1682/1682
f 1682/1682 1680/1680 1684/1684
f 1681/1681 1684/1684 1683/1683
f 1684/1684 1680/1680 1685/1685
f 1685/1685 1680/1680 1555/1555
f 1683/1683 1684/1684 1685/1685
f 1672/1672 1683/1683 1686/1686
f 1686/1686 1537/1537 1672/1672
f 1686/1686 1683/1683 1687/1687
f 1686/1686 1687/1687 1537/1537
f 1683/1683 1685/1685 1687/1687
f 1537/1537 1687/1687 1528/1528
f 1528/1528 1687/1687 1536/1536
f 1685/1685 1555/1555 1688/1688
f 1687/1687 1685/1685 1688/1688
f 1536/1536 1687/1687 1688/1688
f 1688/1688 1555/1555 1541/1541
f 1536/1536 1688/1688 1541/1541
f 1691/1691 1690/1690 1689/1689
f 1692/1692 1689/1689 1690/1690
f 1693/1693 1690/1690 1691/1691
f 1694/1694 1692/1692 1690/1690
f 1695/1695 1692/1692 1694/1694
f 1696/1696 1693/1693 1691/1691
f 1697/1697 1696/1696 1691/1691
f 1697/1697 1698/1698 1696/1696
f 1696/1696 1698/1698 1699/1699
f 1699/1699 1698/1698 1700/1700
f 1701/1701 1695/1695 1694/1694
f 1702/1702 1695/1695 1701/1701
f 1699/1699 1700/1700 1703/1703
f 1700/1700 1704/1704 1703/1703
f 1703/1703 1704/1704 1705/1705
f 1703/1703 1705/1705 1706/1706
f 1705/1705 1707/1707 1706/1706
f 1708/1708 1706/1706 1707/1707
f 1709/1709 1708/1708 1707/1707
f 1710/1710 1702/1702 1701/1701
f 1711/1711 1710/1710 1701/1701
f 1712/1712 1708/1708 1709/1709
f 1709/1709 1713/1713 1712/1712
f 1714/1714 1712/1712 1713/1713
f 1715/1715 1712/1712 1714/1714
f 1714/1714 1716/1716 1715/1715
f 1715/1715 1716/1716 1717/1717
f 1718/1718 1717/1717 1716/1716
f 1719/1719 1717/1717 1718/1718
f 1718/1718 1720/1720 1719/1719
f 1719/1719 1720/1720 1721/1721
f 1720/1720 1722/1722 1721/1721
f 1721/1721 1722/1722 1723/1723
f 1722/1722 1724/1724 1723/1723
f 1723/1723 1724/1724 1725/1725
f 1725/1725 1724/1724 1726/1726
f 1726/1726 1727/1727 1725/1725
f 1726/1726 1728/1728 1727/1727
f 1727/1727 1728/1728 1729/1729
f 1728/1728 1730/1730 1729/1729
f 1731/1731 1729/1729 1730/1730
f 1732/1732 1729/1729 1731/1731
f 1733/1733 1732/1732 1731/1731
f 1734/1734 1733/1733 1731/1731
f 1733/1733 1734/1734 1735/1735
f 1733/1733 1735/1735 1736/1736
f 1735/1735 1737/1737 1736/1736
f 1737/1737 1738/1738 1736/1736
f 1737/1737 1739/1739 1738/1738
f 1738/1738 1739/1739 1740/1740
f 1739/1739 1741/1741 1740/1740
f 1741/1741 1710/1710 1740/1740
f 1740/1740 1710/1710 1711/1711
