v -0.0387159669 -0.0355534871 -0.157102512
v -0.0428672499 -0.0359814797 -0.15050947
v -0.0370456166 -0.035590801 -0.157216145
v -0.0331040442 -0.0345556473 -0.168930786
v -0.0350948393 -0.0346957766 -0.166817999
v -0.0324854918 -0.0339362799 -0.173751812
v -0.0338866812 -0.0335040124 -0.176858658
v -0.0322607637 -0.0326375971 -0.181893655
v -0.0347344585 -0.0313019934 -0.185598352
v -0.032441065 -0.0312812044 -0.186297682
v -0.0326402722 -0.0287851871 -0.191195682
v -0.0361859104 -0.0284051612 -0.190991268
v -0.032628599 -0.0252347905 -0.194936898
v -0.0369813794 -0.0261966899 -0.193350506
v -0.0424458916 -0.0229200895 -0.194690225
v -0.0415273337 -0.0261787216 -0.192594365
v -0.0319624855 -0.0205358591 -0.197193469
v -0.0431442094 -0.0175400704 -0.19607842
v -0.0315077587 -0.01761468 -0.19791727
v -0.0465487243 0.0299604773 -0.0841121131
v -0.0476125741 0.0296158442 -0.0784515287
v -0.0500242773 0.0264712537 -0.0715123839
v -0.0453747254 0.0313832705 -0.0844727969
v -0.0443897587 0.031862017 -0.0944278727
v -0.0428219617 0.0332066665 -0.0999862677
v -0.0429216714 0.0329275694 -0.104645372
v -0.0414822455 0.0342911131 -0.11711336
v -0.0419950404 0.033558395 -0.116773986
v -0.0412715833 0.0348186143 -0.127691031
v -0.0417933742 0.0341113766 -0.127514685
v -0.0421947364 0.0347126093 -0.139102491
v -0.0427740279 0.0355029354 -0.152564433
v -0.043308412 0.0350063105 -0.151526462
v -0.0432681643 0.0348738386 -0.153095857
v -0.042404188 0.035235608 -0.155697018
v -0.040586194 0.0354399927 -0.156261609
v -0.0407845744 0.0351072806 -0.15913985
v -0.0374048193 0.0348305966 -0.16320307
v -0.0356741687 0.0339280317 -0.171350292
v -0.0381046994 0.0342231938 -0.166426843
v -0.0369991671 0.0336068825 -0.171349209
v -0.0365058018 0.0327463113 -0.178115733
v -0.0349111476 0.0328486813 -0.177726371
v -0.0368808541 0.0326455189 -0.177654997
v -0.0373312735 0.0304997226 -0.185443682
v -0.034629402 0.0310653121 -0.184998021
v -0.0375729515 0.0282092656 -0.190250122
v -0.0342055655 0.0274597375 -0.192172639
v -0.0376907986 0.0266483981 -0.192299869
v -0.0331973386 0.0234779684 -0.195642188
v -0.0377982061 0.0244497609 -0.194180233
v -0.0378240064 0.0213112795 -0.195845938
v -0.037948629 0.0211110073 -0.19565823
v -0.0320752605 0.0199627845 -0.197202014
v -0.0368680849 0.0168554307 -0.197119126
v -0.0379825346 0.0168989408 -0.195699558
v -0.0382436512 0.0165957182 -0.195696787
v -0.0369476023 0.0165760034 -0.197349302
v -0.031909642 0.016556155 -0.198073243
v -0.0315487836 0.0163229519 -0.198078481
v -0.0494726366 0.0171774577 -0.0738459232
v -0.0515601443 0.0231961558 -0.0672878814
v -0.0535425743 0.0152483827 -0.0622278429
v -0.0500242773 0.0264712537 -0.0715123839
v -0.0465487243 0.0299604773 -0.0841121131
v -0.0463628225 0.0173896205 -0.0852778961
v -0.0438081814 0.0174535473 -0.0989411958
v -0.0443897587 0.031862017 -0.0944278727
v -0.0429216714 0.0329275694 -0.104645372
v -0.0428749555 0.0174348613 -0.106856681
v -0.0419950404 0.033558395 -0.116773986
v -0.0424038576 0.0174117048 -0.113141595
v -0.0418595491 0.0181467192 -0.12313663
v -0.0417933742 0.0341113766 -0.127514685
v -0.0423508333 0.0169561018 -0.118729845
v -0.0421947364 0.0347126093 -0.139102491
v -0.0422175203 0.0172883526 -0.135534233
v -0.0430715343 0.0166315242 -0.134455832
v -0.0441141645 0.0166654243 -0.150612579
v -0.0435652401 0.0174245788 -0.152010098
v -0.043308412 0.0350063105 -0.151526462
v -0.0433414869 0.0166125107 -0.155026338
v -0.0432681643 0.0348738386 -0.153095857
v -0.0429181164 0.0170303995 -0.154969865
v -0.042404188 0.035235608 -0.155697018
v -0.04154911 0.0166412698 -0.158190005
v -0.0420557088 0.0172264837 -0.15675989
v -0.0407845744 0.0351072806 -0.15913985
v -0.0387133434 0.0169629561 -0.164675992
v -0.0389639914 0.0166388122 -0.164446409
v -0.0381046994 0.0342231938 -0.166426843
v -0.0374581883 0.0168127834 -0.169577845
v -0.0371974267 0.0165800124 -0.17208443
v -0.0369991671 0.0336068825 -0.171349209
v -0.0369868285 0.0169139178 -0.177404447
v -0.037210052 0.0165766742 -0.175800407
v -0.0368808541 0.0326455189 -0.177654997
v -0.0382436512 0.0165957182 -0.195696787
v -0.0373312735 0.0304997226 -0.185443682
v -0.0379825346 0.0168989408 -0.195699558
v -0.0375729515 0.0282092656 -0.190250122
v -0.037948629 0.0211110073 -0.19565823
v -0.0376907986 0.0266483981 -0.192299869
v -0.0377982061 0.0244497609 -0.194180233
v -0.0438081814 0.0174535473 -0.0989411958
v -0.0437080496 0.0161071226 -0.103894027
v -0.0428749555 0.0174348613 -0.106856681
v -0.0424038576 0.0174117048 -0.113141595
v -0.0434691945 0.0161790949 -0.112734525
v -0.0423508333 0.0169561018 -0.118729845
v -0.044264119 0.0164544389 -0.118496025
v -0.0430715343 0.0166315242 -0.134455832
v -0.0453883942 0.0165441732 -0.121840753
v -0.0477302834 0.0165681051 -0.125404657
v -0.0441141645 0.0166654243 -0.150612579
v -0.0527226788 0.0166059382 -0.129979081
v -0.0961222992 0.0167507143 -0.215881923
v -0.0433414869 0.0166125107 -0.155026338
v -0.0605198278 0.0166221498 -0.132942176
v -0.04154911 0.0166412698 -0.158190005
v -0.0841952118 0.0166397468 -0.134132453
v -0.0787755489 0.0164385671 -0.133042852
v -0.0995342401 0.0166738246 -0.139557384
v -0.108501573 0.0166650621 -0.146104558
v -0.11341005 0.0167612324 -0.152365246
v -0.117413969 0.0167090038 -0.158775027
v -0.120383258 0.0166713941 -0.166640058
v -0.121486701 0.0167122528 -0.174487091
v -0.121346269 0.0166673849 -0.18278549
v -0.0371974267 0.0165800124 -0.17208443
v -0.0389639914 0.0166388122 -0.164446409
v -0.037210052 0.0165766742 -0.175800407
v -0.0382436512 0.0165957182 -0.195696787
v -0.0369476023 0.0165760034 -0.197349302
v -0.116779435 0.0167942984 -0.196229876
v -0.119034808 0.0164887051 -0.193041726
v -0.114831958 0.0164194005 -0.201232242
v -0.109458448 0.0166269447 -0.207385956
v -0.103917184 0.0166313108 -0.212095398
v -0.0362562059 0.01651701 -0.203033909
v -0.031909642 0.016556155 -0.198073243
v -0.0468597762 0.0165643799 -0.213073147
v -0.0363498562 0.0163237867 -0.203485717
v -0.0422161931 0.0162730771 -0.209350302
v -0.0315487836 0.0163229519 -0.198078481
v -0.0488900536 0.016303848 -0.215147412
v -0.0533449769 0.0164451104 -0.218348578
v -0.0600945568 0.0165083946 -0.222281995
v -0.067338669 0.0165266188 -0.224938709
v -0.0727798862 0.0165656 -0.225837505
v -0.0820298286 0.016607516 -0.225995271
v -0.0774301661 0.0161784517 -0.226230756
v -0.0904264758 0.0166343068 -0.224637776
v -0.0987700201 0.0167158753 -0.221625459
v -0.0535793587 -0.0174287011 -0.0615191995
v -0.0500405076 -0.0174549714 -0.0714686641
v -0.0496129606 -0.0174571905 -0.075028796
v -0.0471393737 -0.0174739105 -0.082809641
v -0.0475042659 -0.0174712722 -0.0866040995
v -0.0453857079 -0.0174883487 -0.0991025125
v -0.0469030797 -0.0174797065 -0.0985274673
v -0.0475037769 -0.0174811821 -0.107525685
v -0.0461234696 -0.0174931029 -0.114892074
v -0.0499045461 -0.0174770103 -0.116819842
v -0.0537661413 -0.0174654171 -0.122537941
v -0.049248278 -0.0174884829 -0.129622535
v -0.0570932388 -0.0174526015 -0.12483265
v -0.055335868 -0.0174707811 -0.144548784
v -0.0618982463 -0.0174348559 -0.126428215
v -0.0583521832 -0.0174580557 -0.142619084
v -0.0635058487 -0.0174368525 -0.14010556
v -0.0667718748 -0.0174236353 -0.138954795
v -0.066710844 -0.017414843 -0.126939965
v -0.0757335786 -0.0173828063 -0.127229036
v -0.0722616954 -0.0174017613 -0.13769815
v -0.0757776768 -0.0173879926 -0.137308787
v -0.0836313803 -0.0173509631 -0.127983466
v -0.0814390877 -0.0173661187 -0.137335772
v -0.0907393506 -0.0173258558 -0.12958413
v -0.0848789451 -0.0173530208 -0.137746613
v -0.0904756758 -0.0173320695 -0.139081769
v -0.101838294 -0.0172856382 -0.134179892
v -0.0958039585 -0.0173125645 -0.141197199
v -0.108397716 -0.0172624678 -0.138461764
v -0.103536468 -0.017285177 -0.146091031
v -0.114191008 -0.0172427839 -0.143734179
v -0.109914305 -0.0172638532 -0.152563315
v -0.119070102 -0.0172270639 -0.149862422
v -0.122910317 -0.0172157239 -0.156689831
v -0.114729592 -0.0172492654 -0.160442782
v -0.125799618 -0.0172086767 -0.164727576
v -0.117607006 -0.0172426358 -0.169203535
v -0.127249291 -0.0172073948 -0.173144927
v -0.11840423 -0.0172442147 -0.178297772
v -0.127215286 -0.0172118957 -0.181686145
v -0.125698686 -0.0172220571 -0.190091692
v -0.117108038 -0.0172538858 -0.187377876
v -0.122745485 -0.0172375838 -0.198106188
v -0.113772727 -0.0172711703 -0.195932551
v -0.118445464 -0.0172579983 -0.205486058
v -0.108591803 -0.0172950568 -0.203481806
v -0.112929275 -0.0172826749 -0.212007156
v -0.10636451 -0.0173108367 -0.217471272
v -0.101867573 -0.0173242022 -0.209627813
v -0.0989507054 -0.0173416817 -0.221712375
v -0.0937883727 -0.0173577451 -0.21415106
v -0.0893983276 -0.0173802755 -0.22497538
v -0.0849558607 -0.0173931943 -0.216684001
v -0.0775600652 -0.0174266761 -0.22621362
v -0.0758580965 -0.0174285983 -0.217139511
v -0.0668344014 -0.0174672503 -0.224843761
v -0.0668088716 -0.0174627363 -0.215499685
v -0.060678138 -0.0174841329 -0.213089376
v -0.0604476764 -0.017488708 -0.222509308
v -0.0544597787 -0.017511343 -0.219082669
v -0.0558931074 -0.0174997351 -0.210275874
v -0.0491598722 -0.0175323526 -0.215301057
v -0.0533015336 -0.0175088094 -0.208352134
v -0.0499326837 -0.0175200883 -0.205302122
v -0.0394970454 -0.017561588 -0.206675311
v -0.046707598 -0.0175296108 -0.201619091
v -0.044689553 -0.0175369564 -0.198747567
v -0.0315077587 -0.01761468 -0.19791727
v -0.0431442094 -0.0175400704 -0.19607842
v -0.0535793587 -0.0174287011 -0.0615191995
v -0.0530699076 -0.0198182958 -0.0624443579
v -0.0500405076 -0.0174549714 -0.0714686641
v -0.0489238567 -0.0284621156 -0.0741432013
v -0.0471393737 -0.0174739105 -0.082809641
v -0.0464590705 -0.030973677 -0.0873081735
v -0.0453857079 -0.0174883487 -0.0991025125
v -0.0454627153 -0.0323196243 -0.0992618385
v -0.0459470262 -0.0333592627 -0.11286916
v -0.0461234696 -0.0174931029 -0.114892074
v -0.0486635835 -0.0341133519 -0.127375033
v -0.049248278 -0.0174884829 -0.129622535
v -0.055335868 -0.0174707811 -0.144548784
v -0.0534381113 -0.0261059281 -0.140410685
v -0.0554308913 -0.0261003724 -0.144505454
v -0.0533892975 -0.0350122503 -0.140456564
v -0.098835177 0.00807712067 -0.221742224
v -0.0989507054 -0.0173416817 -0.221712375
v -0.0893983276 -0.0173802755 -0.22497538
v -0.0904264758 0.0166343068 -0.224637776
v -0.0987700201 0.0167158753 -0.221625459
v -0.0820298286 0.016607516 -0.225995271
v -0.0775600652 -0.0174266761 -0.22621362
v -0.0774301661 0.0161784517 -0.226230756
v -0.0727798862 0.0165656 -0.225837505
v -0.0668344014 -0.0174672503 -0.224843761
v -0.067338669 0.0165266188 -0.224938709
v -0.0600945568 0.0165083946 -0.222281995
v -0.0604476764 -0.017488708 -0.222509308
v -0.0526237704 -0.00614117549 -0.218242942
v -0.0533449769 0.0164451104 -0.218348578
v -0.0544597787 -0.017511343 -0.219082669
v -0.0488900536 0.016303848 -0.215147412
v -0.0491598722 -0.0175323526 -0.215301057
v -0.0485086345 -0.00299895224 -0.215341803
v -0.0400603163 -0.00486274389 -0.208291248
v -0.0394970454 -0.017561588 -0.206675311
v -0.0403106074 0.00833111637 -0.208287616
v -0.0319260555 0.00463840091 -0.200068485
v -0.0422161931 0.0162730771 -0.209350302
v -0.0363498562 0.0163237867 -0.203485717
v -0.0315487836 0.0163229519 -0.198078481
v -0.0333196646 -0.0139752199 -0.200654101
v -0.0315077587 -0.01761468 -0.19791727
v -0.0222516077 -0.00997576257 -0.187723234
v -0.0250214752 -0.0195868626 -0.188960275
v -0.0319624855 -0.0205358591 -0.197193469
v -0.0276735614 -0.0236487404 -0.189280848
v -0.032628599 -0.0252347905 -0.194936898
v -0.025753794 -0.025115761 -0.184778834
v -0.0292365707 -0.0271317691 -0.187740009
v -0.0326402722 -0.0287851871 -0.191195682
v -0.032441065 -0.0312812044 -0.186297682
v -0.0289865395 -0.0290407417 -0.18420422
v -0.0322607637 -0.0326375971 -0.181893655
v -0.0275085827 -0.031541171 -0.17462523
v -0.0324854918 -0.0339362799 -0.173751812
v -0.0240034792 -0.0286360991 -0.176094053
v -0.0228674065 -0.0319225792 -0.164698949
v -0.0331040442 -0.0345556473 -0.168930786
v -0.0285776593 -0.0341508563 -0.161049317
v -0.0370456166 -0.035590801 -0.157216145
v -0.0337338743 -0.0354625314 -0.150714233
v -0.0428672499 -0.0359814797 -0.15050947
v -0.0304453364 -0.0353070672 -0.131286832
v -0.0484501679 -0.0359377459 -0.144287117
v -0.0213178339 -0.0346780424 -0.13760936
v -0.00945456849 -0.0333612269 -0.131573365
v -0.0175566808 -0.0305170267 -0.16133415
v 0.00104677105 -0.031691938 -0.124221214
v -0.0130441409 -0.0276192132 -0.161449623
v -0.010543112 -0.0350244935 -0.115246291
v -0.0390225991 -0.0350581429 -0.121018267
v -0.0528961738 -0.0354839739 -0.140801386
v -0.034762133 -0.0351589349 -0.101304799
v -0.0190771634 -0.0357652478 -0.105107913
v -0.0479507783 -0.0346679428 -0.126178167
v -0.0533892975 -0.0350122503 -0.140456564
v -0.0486635835 -0.0341133519 -0.127375033
v -0.0459470262 -0.0333592627 -0.11286916
v -0.0453098123 -0.0341765913 -0.114781957
v -0.0447122701 -0.0329533835 -0.0973968359
v -0.0454627153 -0.0323196243 -0.0992618385
v -0.046384457 -0.0312912493 -0.0829292694
v -0.0464590705 -0.030973677 -0.0873081735
v -0.0377574498 -0.0346491961 -0.0768941944
v -0.0476718272 -0.0301166945 -0.077056617
v -0.0489238567 -0.0284621156 -0.0741432013
v -0.0343271674 -0.0364332664 -0.0564013608
v -0.0389732535 -0.0351716013 -0.054442737
v -0.0486589448 -0.0290743001 -0.0727192964
v -0.0432469533 -0.0332218749 -0.0557570776
v -0.051309236 -0.0250181897 -0.0661355152
v -0.0530699076 -0.0198182958 -0.0624443579
v -0.0514681955 -0.0225956029 -0.0430823187
v -0.0535793587 -0.0174287011 -0.0615191995
v -0.0476680845 -0.0292218216 -0.0335805293
v -0.0506609132 -0.0253474297 -0.0511285558
v -0.0435392809 -0.033394027 -0.0311438693
v -0.0456990704 -0.0319387193 -0.0146860417
v -0.0326086879 -0.0389006599 -0.0202516647
v -0.0381935414 -0.0366617464 -0.02533691
v -0.0408903431 -0.0360157668 -0.0150583292
v -0.025081436 -0.0405708554 -0.0179623588
v -0.0340166729 -0.0398556615 -0.000487157422
v -0.0251732788 -0.0419810436 -0.000485045757
v -0.0382024558 -0.0380410439 -0.0004877435
v -0.0426160549 -0.0349602146 -0.000489476315
v -0.0461201419 -0.0307059625 -0.000494282449
v -0.0132452353 -0.0433129386 -0.000483649319
v -0.00565748045 -0.0422132614 -0.0151780143
v 0.00696511726 -0.0438626704 -0.000482875794
v -0.0482785404 -0.027898226 -0.0135918715
v -0.0484187395 -0.0258201397 -0.000495397171
v -0.0507270433 -0.0212159198 -0.0157995441
v -0.0498296966 -0.0208458499 -0.000496278608
v -0.0534929146 -0.0162131083 -0.0517125416
v -0.052213598 -0.0114406388 -0.0136003087
v -0.0509865512 -0.0134425355 -0.000502912144
v -0.0546119284 -0.00933094748 -0.0582467008
v -0.0543718624 -0.0114073202 -0.0599172781
v -0.0548331998 -0.000293423541 -0.0588840514
v -0.0530281104 -0.000429187864 -0.0189653263
v -0.051497732 -0.000186388218 -0.000510347627
v -0.0369813794 -0.0261966899 -0.193350506
v -0.0415273337 -0.0261787216 -0.192594365
v -0.0403823192 -0.0261815504 -0.189489254
v -0.0351218862 -0.0262010582 -0.187155046
v -0.0338464749 -0.0262013695 -0.178977533
v -0.0386068836 -0.0261839222 -0.180720771
v -0.0385856611 -0.0261799728 -0.172936136
v -0.0344330888 -0.0261949027 -0.170535361
v -0.0363480451 -0.026183369 -0.162482716
v -0.0404229889 -0.026168768 -0.164826331
v -0.0413072564 -0.0261582179 -0.152499077
v -0.0443238335 -0.0261493357 -0.156361412
v -0.0488496945 -0.0261254186 -0.143923529
v -0.0509413402 -0.0261196533 -0.148087484
v -0.0554308913 -0.0261003724 -0.144505454
v -0.0534381113 -0.0261059281 -0.140410685
v -0.0533892975 -0.0350122503 -0.140456564
v -0.0528961738 -0.0354839739 -0.140801386
v -0.0534381113 -0.0261059281 -0.140410685
v -0.0488496945 -0.0261254186 -0.143923529
v -0.0484501679 -0.0359377459 -0.144287117
v -0.0413072564 -0.0261582179 -0.152499077
v -0.0428672499 -0.0359814797 -0.15050947
v -0.0387159669 -0.0355534871 -0.157102512
v -0.0363480451 -0.026183369 -0.162482716
v -0.0350948393 -0.0346957766 -0.166817999
v -0.0344330888 -0.0261949027 -0.170535361
v -0.0338866812 -0.0335040124 -0.176858658
v -0.0338464749 -0.0262013695 -0.178977533
v -0.0347344585 -0.0313019934 -0.185598352
v -0.0351218862 -0.0262010582 -0.187155046
v -0.0361859104 -0.0284051612 -0.190991268
v -0.0369813794 -0.0261966899 -0.193350506
v -0.0987700201 0.0167158753 -0.221625459
v -0.0961222992 0.0167507143 -0.215881923
v -0.0966719599 0.0162476953 -0.217061699
v -0.0981654634 0.0130077214 -0.220281468
v -0.098835177 0.00807712067 -0.221742224
v -0.0966719599 0.0162476953 -0.217061699
v -0.0961222992 0.0167507143 -0.215881923
v -0.103917184 0.0166313108 -0.212095398
v -0.104461623 0.014647355 -0.214924826
v -0.0981654634 0.0130077214 -0.220281468
v -0.110608387 0.0146737444 -0.209808629
v -0.109458448 0.0166269447 -0.207385956
v -0.115773351 0.0146968262 -0.203702762
v -0.114831958 0.0164194005 -0.201232242
v -0.119799563 0.0147159441 -0.196792767
v -0.119034808 0.0164887051 -0.193041726
v -0.122564718 0.0147304725 -0.189288578
v -0.121346269 0.0166673849 -0.18278549
v -0.105618826 0.011992147 -0.216575433
v -0.112035022 0.0120196837 -0.211234973
v -0.117426378 0.0120437783 -0.204861467
v -0.121629076 0.0120637308 -0.19764856
v -0.106141077 0.00877514994 -0.217438862
v -0.098835177 0.00807712067 -0.221742224
v -0.0989507054 -0.0173416817 -0.221712375
v -0.10636451 -0.0173108367 -0.217471272
v -0.112929275 -0.0172826749 -0.212007156
v -0.112804341 0.00893393622 -0.211855979
v -0.118445464 -0.0172579983 -0.205486058
v -0.118292252 0.00895847827 -0.205341564
v -0.122745485 -0.0172375838 -0.198106188
v -0.122565637 0.00897877346 -0.197973032
v -0.125698686 -0.0172220571 -0.190091692
v -0.125494565 0.00899416549 -0.189974392
v -0.127215286 -0.0172118957 -0.181686145
v -0.124515443 0.0120789002 -0.189815462
v -0.126990048 0.00900426875 -0.18158874
v -0.127249291 -0.0172073948 -0.173144927
v -0.125997747 0.0120888536 -0.181600137
v -0.127006672 0.00900870927 -0.173070654
v -0.125799618 -0.0172086767 -0.164727576
v -0.123984787 0.0147400083 -0.181418238
v -0.126030984 0.0120932497 -0.173252204
v -0.124016615 0.0147442254 -0.173420878
v -0.121486701 0.0167122528 -0.174487091
v -0.125544123 0.00900856024 -0.164681138
v -0.122659247 0.0147430192 -0.165539468
v -0.120383258 0.0166713941 -0.166640058
v -0.124614105 0.0120919984 -0.165025331
v -0.122776174 0.00877808434 -0.156829006
v -0.122910317 -0.0172157239 -0.156689831
v -0.119953918 0.0147364187 -0.158013508
v -0.117413969 0.0167090038 -0.158775027
v -0.121790183 0.0120850988 -0.157169485
v -0.11897086 0.00909848947 -0.150105578
v -0.119070102 -0.0172270639 -0.149862422
v -0.114191008 -0.0172427839 -0.143734179
v -0.11611205 0.0150007196 -0.151785905
v -0.11341005 0.0167612324 -0.152365246
v -0.108501573 0.0166650621 -0.146104558
v -0.11789112 0.0123958626 -0.15059401
v -0.113870903 0.00927480019 -0.143762992
v -0.108397716 -0.0172624678 -0.138461764
v -0.11313978 0.0123805602 -0.144626258
v -0.108082826 0.00925504211 -0.138525036
v -0.101838294 -0.0172856382 -0.134179892
v -0.111573039 0.0149861172 -0.146084826
v -0.1074982 0.0123613827 -0.139491877
v -0.106183546 0.0149677895 -0.141179899
v -0.0995342401 0.0166738246 -0.139557384
v -0.101417944 0.00915781261 -0.13419051
v -0.101110538 0.0123388235 -0.135322136
v -0.100081334 0.014946243 -0.137196481
v -0.0914204761 0.0133852584 -0.131880608
v -0.0920598817 0.0164085395 -0.135652395
v -0.0841952118 0.0166397468 -0.134132453
v -0.0787755489 0.0164385671 -0.133042852
v -0.0946582069 0.00728572095 -0.131052581
v -0.0907393506 -0.0173258558 -0.12958413
v -0.0943677509 0.0103936856 -0.131404202
v -0.0890839676 0.00593850731 -0.12920514
v -0.0831536433 0.00974542637 -0.128227472
v -0.0836313803 -0.0173509631 -0.127983466
v -0.0888340999 0.0103427238 -0.129624142
v -0.0823320716 0.0132518778 -0.129812921
v -0.063467877 0.0161404695 -0.13212231
v -0.0605198278 0.0166221498 -0.132942176
v -0.0644410273 0.0130908129 -0.128730037
v -0.0580067179 0.0163049648 -0.131321908
v -0.0527226788 0.0166059382 -0.129979081
v -0.065475208 0.00543248071 -0.126824109
v -0.0757335786 -0.0173828063 -0.127229036
v -0.066710844 -0.017414843 -0.126939965
v -0.0648209077 0.010133633 -0.127273542
v -0.0597918531 0.00958403384 -0.126233266
v -0.0618982463 -0.0174348559 -0.126428215
v -0.0592412439 0.0130834676 -0.127853558
v -0.0525343246 0.0161958885 -0.128705474
v -0.0477302834 0.0165681051 -0.125404657
v -0.055718254 0.00941952553 -0.12442295
v -0.0570932388 -0.0174526015 -0.12483265
v -0.0546483509 0.0130509677 -0.125819631
v -0.0496650826 0.0148779553 -0.1237644
v -0.0453883942 0.0165441732 -0.121840753
v -0.044264119 0.0164544389 -0.118496025
v -0.051008393 0.013033788 -0.122606894
v -0.0524332055 0.00758605725 -0.121261925
v -0.0537661413 -0.0174654171 -0.122537941
v -0.0499045461 -0.0174770103 -0.116819842
v -0.0515714879 0.0108269551 -0.121367024
v -0.0506030635 0.00711689421 -0.118564884
v -0.0490069748 0.0106247616 -0.116572215
v -0.0476382161 0.0136934034 -0.117953948
v -0.0461800647 0.0135325306 -0.112142798
v -0.0434691945 0.0161790949 -0.112734525
v -0.0474473064 0.0110271382 -0.111815322
v -0.0490361074 0.00681741084 -0.11501601
v -0.0447278622 0.0144282535 -0.106417271
v -0.0437080496 0.0161071226 -0.103894027
v -0.0464657477 0.011714976 -0.106856332
v -0.0473277037 0.00566620715 -0.106985448
v -0.0475037769 -0.0174811821 -0.107525685
v -0.0468678516 0.00613286638 -0.0988338958
v -0.0469030797 -0.0174797065 -0.0985274673
v -0.0461841682 0.0116719562 -0.0993243651
v -0.0472013902 0.00617952197 -0.0910010596
v -0.0475042659 -0.0174712722 -0.0866040995
v -0.0467292628 0.0143624496 -0.0865808397
v -0.0438081814 0.0174535473 -0.0989411958
v -0.0463628225 0.0173896205 -0.0852778961
v -0.0494726366 0.0171774577 -0.0738459232
v -0.0498187971 0.0116548639 -0.0744345831
v -0.0535425743 0.0152483827 -0.0622278429
v -0.0474400421 0.0115153149 -0.0861957727
v -0.0481846135 0.00397930614 -0.08297569
v -0.0496129606 -0.0174571905 -0.075028796
v -0.0517055342 0.00876694451 -0.0677704404
v -0.0548331998 -0.000293423541 -0.0588840514
v -0.0535793587 -0.0174287011 -0.0615191995
v -0.0543718624 -0.0114073202 -0.0599172781
v 0.0451465516 -0.0342423581 -0.000486460112
v 0.0501327878 -0.0240502762 -0.000491241144
v 0.0483135224 -0.0291577818 -0.000489041895
v 0.0515636828 -0.016490901 -0.000495313134
v 0.0523247761 -0.00595266662 -0.000500620581
v 0.0522131907 0.00969873819 -0.000508729863
v 0.0508828885 0.0209528241 -0.000514530439
v 0.0482023697 0.029157703 -0.000518765773
v 0.0438876943 0.0350067343 -0.000521980564
v 0.039200688 0.0382123025 -0.000523762765
v 0.034259003 0.0402790029 -0.00052484188
v 0.0258598585 0.0421203375 -0.000527352768
v 0.0192668717 0.0428353861 -0.000528850978
v 0.00841901332 0.0432861161 -0.000529881027
v -0.00698385206 0.0431826681 -0.000529614908
v -0.0190664134 0.042443034 -0.000528750888
v -0.0258328284 0.0415692287 -0.000529964382
v -0.0307021902 0.0405476664 -0.000528604551
v -0.0344685604 0.0393690133 -0.000527846487
v -0.0381289141 0.03777286 -0.000526669146
v -0.0404645139 0.0363526598 -0.000527018483
v -0.0442558957 0.032834763 -0.000524301777
v -0.0464598441 0.0295158872 -0.000522906748
v -0.0481329619 0.0259612761 -0.000521091488
v -0.0497882679 0.0201229399 -0.000518391153
v -0.0510023393 0.0120431737 -0.000513825808
v -0.051497732 -0.000186388218 -0.000510347627
v -0.0509865512 -0.0134425355 -0.000502912144
v -0.0498296966 -0.0208458499 -0.000496278608
v -0.0484187395 -0.0258201397 -0.000495397171
v -0.0461201419 -0.0307059625 -0.000494282449
v -0.0426160549 -0.0349602146 -0.000489476315
v -0.0382024558 -0.0380410439 -0.0004877435
v -0.0340166729 -0.0398556615 -0.000487157422
v -0.0251732788 -0.0419810436 -0.000485045757
v -0.0132452353 -0.0433129386 -0.000483649319
v 0.00696511726 -0.0438626704 -0.000482875794
v 0.0230215338 -0.0431497969 -0.000483816257
v 0.0306729555 -0.0418435901 -0.000483437361
v 0.0359013916 -0.0403781186 -0.000485364717
v 0.0409038654 -0.0378356541 -0.000484722705
v -0.0455618811 -0.028794874 -0.15436887
v -0.0490559657 -0.0174912099 -0.149925367
v -0.0445324592 -0.0175115648 -0.155758334
v -0.0497539444 -0.0288657276 -0.149249739
v -0.0545742557 -0.0174674879 -0.145022909
v -0.0584947677 -0.0291618017 -0.142378255
v -0.0608994028 -0.0174412179 -0.141217932
v -0.0627908248 -0.029074412 -0.140188308
v -0.0678160154 -0.0174132934 -0.138639985
v -0.0685022362 -0.0291130449 -0.138336385
v -0.0747577669 -0.0290270815 -0.137142511
v -0.0750885504 -0.0173846253 -0.137376867
v -0.0818360281 -0.0289996866 -0.137116679
v -0.0824693575 -0.017356254 -0.137471594
v -0.0888084735 -0.0289737266 -0.138330937
v -0.0897070902 -0.0173290892 -0.138920941
v -0.0955228261 -0.0289605345 -0.140771351
v -0.0965552739 -0.0173040706 -0.141675549
v -0.1027807 -0.0172820774 -0.14564161
v -0.100040852 -0.0290159224 -0.143385946
v -0.104385204 -0.0289200023 -0.146447832
v -0.109329736 -0.0289088502 -0.151410338
v -0.108171381 -0.0172638385 -0.150684058
v -0.113371454 -0.0288920489 -0.157218601
v -0.112543719 -0.0172499666 -0.156631193
v -0.116343759 -0.0288864408 -0.163659744
v -0.115748843 -0.0172409519 -0.163280498
v -0.117985552 -0.0289472593 -0.170232356
v -0.117677612 -0.0172370915 -0.170405523
v -0.118577373 -0.0289500009 -0.178163091
v -0.11826431 -0.0172385074 -0.177763635
v -0.117488996 -0.0172451678 -0.185104262
v -0.117843572 -0.0286436015 -0.18459796
v -0.115378037 -0.0172568513 -0.192177435
v -0.114063741 -0.0288650202 -0.195721304
v -0.112003354 -0.0172731375 -0.198742305
v -0.111320321 -0.0285695433 -0.200090953
v -0.109163855 -0.0291542798 -0.203443109
v -0.107479839 -0.0172934778 -0.204575271
v -0.104634613 -0.0291912792 -0.208003959
v -0.101961555 -0.0173171838 -0.209477707
v -0.0981386493 -0.0290219554 -0.212191837
v -0.0956364077 -0.0173434699 -0.213282695
v -0.0957140499 -0.029240915 -0.213777367
v -0.0887197951 -0.0173714089 -0.215860642
v -0.0884508805 -0.029076792 -0.216095638
v -0.0814472601 -0.0174000479 -0.217123749
v -0.0820810299 -0.0290444716 -0.217314484
v -0.0740664588 -0.0174284483 -0.217029033
v -0.0749998293 -0.0290729026 -0.21733169
v -0.0668287262 -0.0174555986 -0.215579709
v -0.0680251022 -0.0291007077 -0.216107746
v -0.0599805425 -0.0174806011 -0.21282509
v -0.0613790737 -0.0291315077 -0.213685189
v -0.0537551109 -0.0175025958 -0.208859029
v -0.0568511288 -0.0292166506 -0.211062422
v -0.052512906 -0.0291479332 -0.208006985
v -0.0483644354 -0.0175208492 -0.203816569
v -0.0475246114 -0.0291626855 -0.202990556
v -0.0439920884 -0.0175347066 -0.197869423
v -0.0434914113 -0.0291730956 -0.197177636
v -0.0407869592 -0.0175437358 -0.191220129
v -0.0405312519 -0.0291845971 -0.190740312
v -0.0388582076 -0.0175475948 -0.184095115
v -0.0388952267 -0.029190051 -0.184581603
v -0.0382714948 -0.0175461803 -0.176736992
v -0.0383168841 -0.0292561836 -0.176222017
v -0.0390521923 -0.0294300791 -0.167893083
v -0.0390468208 -0.017539504 -0.169396366
v -0.0411577682 -0.017527851 -0.162323192
v -0.0429485084 -0.0290870559 -0.158538588
v -0.0445324592 -0.0175115648 -0.155758334
v -0.0455618811 -0.028794874 -0.15436887
v -0.0846335858 -0.045236938 -0.213198853
v -0.11370709 -0.0450997596 -0.167562114
v -0.077646734 -0.0452642193 -0.21370647
v -0.11121437 -0.0451058247 -0.161015289
v -0.0706915937 -0.0452906537 -0.212869979
v -0.107516868 -0.0451168809 -0.155065267
v -0.10275079 -0.0451325121 -0.1499312
v -0.0640243543 -0.0453152692 -0.210720161
v -0.0578905998 -0.0453371285 -0.207336224
v -0.0525162865 -0.0453554722 -0.202842802
v -0.0970916667 -0.0451521509 -0.145802216
v -0.0907479921 -0.0451750521 -0.142830401
v -0.0839534176 -0.0452003835 -0.141125242
v -0.0769582363 -0.0452272341 -0.140749523
v -0.0700201159 -0.0452545795 -0.141717098
v -0.0633946406 -0.0452814155 -0.143992342
v -0.05732584 -0.0453067761 -0.147491426
v -0.0480993699 -0.0453695842 -0.197405415
v -0.0448025607 -0.0453789554 -0.191224366
v -0.0427472889 -0.0453832771 -0.184527331
v -0.0420092711 -0.0453823225 -0.177560991
v -0.052037284 -0.045329724 -0.152085454
v -0.0477237733 -0.045349392 -0.157605193
v -0.0445442002 -0.045365067 -0.163847348
v -0.0426156872 -0.0453761991 -0.170581974
v -0.0985727032 -0.0358558957 -0.16334973
v -0.0743944807 -0.0359699777 -0.201302348
v -0.11010725 -0.0358152038 -0.170519471
v -0.085538576 -0.035930834 -0.20852508
v -0.122003708 -0.0357754315 -0.183284981
v -0.112060233 -0.0358073197 -0.169902528
v -0.0861555365 -0.0359295215 -0.210478087
v -0.122389218 -0.0357699193 -0.17453871
v -0.11367113 -0.0357998256 -0.167567155
v -0.121288336 -0.0357701287 -0.167088432
v -0.111178422 -0.0358059052 -0.16102033
v -0.118933056 -0.0357753439 -0.159935025
v -0.102311416 -0.0358677151 -0.214094296
v -0.0946003796 -0.0359010471 -0.21815889
v -0.087382944 -0.0359301182 -0.22030978
v -0.0845976375 -0.0359370185 -0.213203905
v -0.0799044295 -0.0359595183 -0.221198355
v -0.0776107857 -0.0359642853 -0.213711546
v -0.0723839357 -0.0359883653 -0.220798515
v -0.0706556455 -0.0359907197 -0.212875032
v -0.0650417843 -0.0360158271 -0.219122041
v -0.10748092 -0.0358169468 -0.155070319
v -0.115392377 -0.0357854019 -0.153288059
v -0.110770037 -0.0358000495 -0.147342274
v -0.10271483 -0.0358325927 -0.149936252
v -0.105201461 -0.0358188093 -0.142271875
v -0.0970557184 -0.0358522169 -0.145807269
v -0.0988497717 -0.0358411605 -0.138225371
v -0.0907120438 -0.0358751181 -0.142835465
v -0.0919010633 -0.0358664453 -0.135321345
v -0.0839174694 -0.0359004641 -0.141130295
v -0.0845589062 -0.0358939245 -0.133644859
v -0.0769222881 -0.035927303 -0.140754576
v -0.0770384123 -0.035922757 -0.133245031
v -0.0699841677 -0.0359546454 -0.141722173
v -0.0695598979 -0.035952157 -0.134133594
v -0.0633586807 -0.035981496 -0.143997394
v -0.0623424622 -0.0359812282 -0.136284484
v -0.0546313849 -0.0360121183 -0.140349136
v -0.0572898918 -0.036006842 -0.147496478
v -0.0520013358 -0.03602979 -0.152090506
v -0.047687825 -0.0360494579 -0.157610269
v -0.0349391395 -0.036105278 -0.171158428
v -0.044508249 -0.036065165 -0.163852423
v -0.0425797361 -0.036076265 -0.17058705
v -0.0419733229 -0.0360824204 -0.177566067
v -0.034553636 -0.036112356 -0.179904664
v -0.0427113436 -0.0360833431 -0.184532383
v -0.0356545116 -0.0361121465 -0.187354942
v -0.0447666125 -0.0360790214 -0.19122943
v -0.0380097915 -0.0361069313 -0.19450835
v -0.0480634216 -0.0360696502 -0.197410467
v -0.0415504617 -0.0360968734 -0.201155315
v -0.0524803382 -0.0360555382 -0.202847854
v -0.0461728019 -0.0360822258 -0.207101111
v -0.0578546516 -0.0360372119 -0.207341276
v -0.0517413862 -0.0360634514 -0.212171511
v -0.0639884003 -0.0360153351 -0.210725237
v -0.058093076 -0.0360411002 -0.216218014
v -0.0477272933 -0.0293632487 -0.151007588
v -0.0497539444 -0.0288657276 -0.149249739
v -0.0455618811 -0.028794874 -0.15436887
v -0.0548835002 -0.0306873805 -0.139987993
v -0.0584947677 -0.0291618017 -0.142378255
v -0.0627908248 -0.029074412 -0.140188308
v -0.0636352607 -0.0306768457 -0.13575044
v -0.0685022362 -0.0291130449 -0.138336385
v -0.0710195544 -0.030647076 -0.133814418
v -0.0747577669 -0.0290270815 -0.137142511
v -0.0786065214 -0.0306171696 -0.133184413
v -0.0818360281 -0.0289996866 -0.137116679
v -0.085772321 -0.0305940588 -0.133777945
v -0.0888084735 -0.0289737266 -0.138330937
v -0.093131859 -0.0305669085 -0.135681138
v -0.0955228261 -0.0289605345 -0.140771351
v -0.101534705 -0.0305333962 -0.139609701
v -0.100040852 -0.0290159224 -0.143385946
v -0.104385204 -0.0289200023 -0.146447832
v -0.109591041 -0.0305045492 -0.146079517
v -0.109329736 -0.0289088502 -0.151410338
v -0.114498052 -0.0304889616 -0.151919492
v -0.113371454 -0.0288920489 -0.157218601
v -0.118323762 -0.0304779345 -0.158519158
v -0.116343759 -0.0288864408 -0.163659744
v -0.120953084 -0.0304717822 -0.165680365
v -0.117985552 -0.0289472593 -0.170232356
v -0.122306947 -0.0304707084 -0.173188339
v -0.118577373 -0.0289500009 -0.178163091
v -0.122165375 -0.0304590552 -0.182864233
v -0.117843572 -0.0286436015 -0.18459796
v -0.114063741 -0.0288650202 -0.195721304
v -0.0429485084 -0.0290870559 -0.158538588
v -0.0390521923 -0.0294300791 -0.167893083
v -0.0347363765 -0.0307908836 -0.17158495
v -0.0383168841 -0.0292561836 -0.176222017
v -0.0345949319 -0.0308141434 -0.181260763
v -0.0388952267 -0.029190051 -0.184581603
v -0.0359487838 -0.0308129211 -0.188768713
v -0.0405312519 -0.0291845971 -0.190740312
v -0.0385780646 -0.0308065156 -0.195929874
v -0.0434914113 -0.0291730956 -0.197177636
v -0.0424037806 -0.0307951596 -0.202529598
v -0.0475246114 -0.0291626855 -0.202990556
v -0.0492435795 -0.0307740454 -0.210312172
v -0.052512906 -0.0291479332 -0.208006985
v -0.0568483987 -0.030750891 -0.215628673
v -0.0568511288 -0.0292166506 -0.211062422
v -0.0613790737 -0.0291315077 -0.213685189
v -0.0637700347 -0.0307255888 -0.218768022
v -0.0680251022 -0.0291007077 -0.216107746
v -0.0711295494 -0.0306978884 -0.220671203
v -0.0749998293 -0.0290729026 -0.21733169
v -0.0782953956 -0.0306662532 -0.221264735
v -0.0820810299 -0.0290444716 -0.217314484
v -0.0858824033 -0.030636824 -0.220634718
v -0.0884508805 -0.029076792 -0.216095638
v -0.093266633 -0.0306073949 -0.218698708
v -0.0957140499 -0.029240915 -0.213777367
v -0.102018178 -0.0305456606 -0.214461214
v -0.0981386493 -0.0290219554 -0.212191837
v -0.104634613 -0.0291912792 -0.208003959
v -0.109163855 -0.0291542798 -0.203443109
v -0.074426564 -0.0442699245 -0.201297831
v -0.0743944807 -0.0359699777 -0.201302348
v -0.0986047865 -0.0441558425 -0.163345214
v -0.0985727032 -0.0358558957 -0.16334973
v -0.112060233 -0.0358073197 -0.169902528
v -0.11367113 -0.0357998256 -0.167567155
v -0.11222957 -0.0441066699 -0.169784739
v -0.11370709 -0.0450997596 -0.167562114
v -0.0860527643 -0.0442301988 -0.210864376
v -0.0846335858 -0.045236938 -0.213198853
v -0.0861555365 -0.0359295215 -0.210478087
v -0.0845976375 -0.0359370185 -0.213203905
v -0.0349391395 -0.036105278 -0.171158428
v -0.0429485084 -0.0290870559 -0.158538588
v -0.0347363765 -0.0307908836 -0.17158495
v -0.0455618811 -0.028794874 -0.15436887
v -0.0477272933 -0.0293632487 -0.151007588
v -0.0546313849 -0.0360121183 -0.140349136
v -0.0548835002 -0.0306873805 -0.139987993
v -0.0623424622 -0.0359812282 -0.136284484
v -0.0636352607 -0.0306768457 -0.13575044
v -0.0695598979 -0.035952157 -0.134133594
v -0.0710195544 -0.030647076 -0.133814418
v -0.0770384123 -0.035922757 -0.133245031
v -0.0786065214 -0.0306171696 -0.133184413
v -0.085772321 -0.0305940588 -0.133777945
v -0.0845589062 -0.0358939245 -0.133644859
v -0.093131859 -0.0305669085 -0.135681138
v -0.0919010633 -0.0358664453 -0.135321345
v -0.101534705 -0.0305333962 -0.139609701
v -0.0988497717 -0.0358411605 -0.138225371
v -0.105201461 -0.0358188093 -0.142271875
v -0.109591041 -0.0305045492 -0.146079517
v -0.110770037 -0.0358000495 -0.147342274
v -0.114498052 -0.0304889616 -0.151919492
v -0.115392377 -0.0357854019 -0.153288059
v -0.118323762 -0.0304779345 -0.158519158
v -0.118933056 -0.0357753439 -0.159935025
v -0.120953084 -0.0304717822 -0.165680365
v -0.121288336 -0.0357701287 -0.167088432
v -0.122306947 -0.0304707084 -0.173188339
v -0.122389218 -0.0357699193 -0.17453871
v -0.122165375 -0.0304590552 -0.182864233
v -0.122003708 -0.0357754315 -0.183284981
v -0.114063741 -0.0288650202 -0.195721304
v -0.111320321 -0.0285695433 -0.200090953
v -0.109163855 -0.0291542798 -0.203443109
v -0.102311416 -0.0358677151 -0.214094296
v -0.102018178 -0.0305456606 -0.214461214
v -0.0946003796 -0.0359010471 -0.21815889
v -0.093266633 -0.0306073949 -0.218698708
v -0.087382944 -0.0359301182 -0.22030978
v -0.0858824033 -0.030636824 -0.220634718
v -0.0799044295 -0.0359595183 -0.221198355
v -0.0782953956 -0.0306662532 -0.221264735
v -0.0711295494 -0.0306978884 -0.220671203
v -0.0723839357 -0.0359883653 -0.220798515
v -0.0637700347 -0.0307255888 -0.218768022
v -0.0650417843 -0.0360158271 -0.219122041
v -0.0568483987 -0.030750891 -0.215628673
v -0.058093076 -0.0360411002 -0.216218014
v -0.0492435795 -0.0307740454 -0.210312172
v -0.0517413862 -0.0360634514 -0.212171511
v -0.0461728019 -0.0360822258 -0.207101111
v -0.0424037806 -0.0307951596 -0.202529598
v -0.0415504617 -0.0360968734 -0.201155315
v -0.0385780646 -0.0308065156 -0.195929874
v -0.0380097915 -0.0361069313 -0.19450835
v -0.0359487838 -0.0308129211 -0.188768713
v -0.0356545116 -0.0361121465 -0.187354942
v -0.0345949319 -0.0308141434 -0.181260763
v -0.034553636 -0.036112356 -0.179904664
v -0.0347363765 -0.0307908836 -0.17158495
v -0.0349391395 -0.036105278 -0.171158428
v -0.0845976375 -0.0359370185 -0.213203905
v -0.0846335858 -0.045236938 -0.213198853
v -0.077646734 -0.0452642193 -0.21370647
v -0.0776107857 -0.0359642853 -0.213711546
v -0.0706915937 -0.0452906537 -0.212869979
v -0.0706556455 -0.0359907197 -0.212875032
v -0.0640243543 -0.0453152692 -0.210720161
v -0.0639884003 -0.0360153351 -0.210725237
v -0.0578905998 -0.0453371285 -0.207336224
v -0.0578546516 -0.0360372119 -0.207341276
v -0.0525162865 -0.0453554722 -0.202842802
v -0.0524803382 -0.0360555382 -0.202847854
v -0.0480993699 -0.0453695842 -0.197405415
v -0.0480634216 -0.0360696502 -0.197410467
v -0.0448025607 -0.0453789554 -0.191224366
v -0.0447666125 -0.0360790214 -0.19122943
v -0.0427472889 -0.0453832771 -0.184527331
v -0.0427113436 -0.0360833431 -0.184532383
v -0.0420092711 -0.0453823225 -0.177560991
v -0.0419733229 -0.0360824204 -0.177566067
v -0.0426156872 -0.0453761991 -0.170581974
v -0.0425797361 -0.036076265 -0.17058705
v -0.0445442002 -0.045365067 -0.163847348
v -0.044508249 -0.036065165 -0.163852423
v -0.0477237733 -0.045349392 -0.157605193
v -0.047687825 -0.0360494579 -0.157610269
v -0.052037284 -0.045329724 -0.152085454
v -0.0520013358 -0.03602979 -0.152090506
v -0.05732584 -0.0453067761 -0.147491426
v -0.0572898918 -0.036006842 -0.147496478
v -0.0633946406 -0.0452814155 -0.143992342
v -0.0633586807 -0.035981496 -0.143997394
v -0.0700201159 -0.0452545795 -0.141717098
v -0.0699841677 -0.0359546454 -0.141722173
v -0.0769582363 -0.0452272341 -0.140749523
v -0.0769222881 -0.035927303 -0.140754576
v -0.0839534176 -0.0452003835 -0.141125242
v -0.0839174694 -0.0359004641 -0.141130295
v -0.0907479921 -0.0451750521 -0.142830401
v -0.0907120438 -0.0358751181 -0.142835465
v -0.0970916667 -0.0451521509 -0.145802216
v -0.0970557184 -0.0358522169 -0.145807269
v -0.10275079 -0.0451325121 -0.1499312
v -0.10271483 -0.0358325927 -0.149936252
v -0.107516868 -0.0451168809 -0.155065267
v -0.10748092 -0.0358169468 -0.155070319
v -0.11121437 -0.0451058247 -0.161015289
v -0.111178422 -0.0358059052 -0.16102033
v -0.11370709 -0.0450997596 -0.167562114
v -0.11367113 -0.0357998256 -0.167567155
v -0.112060233 -0.0358073197 -0.169902528
v -0.11222957 -0.0441066699 -0.169784739
v -0.110337879 -0.044114391 -0.170543999
v -0.11010725 -0.0358152038 -0.170519471
v -0.0986047865 -0.0441558425 -0.163345214
v -0.0985727032 -0.0358558957 -0.16334973
v -0.0860527643 -0.0442301988 -0.210864376
v -0.0861555365 -0.0359295215 -0.210478087
v -0.085799235 -0.0442299921 -0.208721682
v -0.085538576 -0.035930834 -0.20852508
v -0.0743944807 -0.0359699777 -0.201302348
v -0.074426564 -0.0442699245 -0.201297831
v -0.0860527643 -0.0442301988 -0.210864376
v -0.110337879 -0.044114391 -0.170543999
v -0.11222957 -0.0441066699 -0.169784739
v -0.085799235 -0.0442299921 -0.208721682
v -0.0986047865 -0.0441558425 -0.163345214
v -0.074426564 -0.0442699245 -0.201297831
v -0.0172260808 -0.0407069325 -0.0267370313
v -0.0264269441 -0.0377800339 -0.0566440285
v -0.0314891336 -0.0357905197 -0.0797821907
v -0.0232073737 -0.0366518498 -0.0795929052
v -0.0102332833 -0.0371730488 -0.0791326864
v 0.00550464762 -0.0423450164 -0.0154836496
v -0.000501976804 -0.0365877292 -0.0849242962
v 0.0192831147 -0.0423125586 -0.0109325534
v 0.0230215338 -0.0431497969 -0.000483816257
v 0.0274137367 -0.0405701377 -0.0177051377
v 0.0306729555 -0.0418435901 -0.000483437361
v 0.0359013916 -0.0403781186 -0.000485364717
v 0.0369292571 -0.0377597168 -0.0151734232
v 0.0409038654 -0.0378356541 -0.000484722705
v 0.0141749253 -0.0415981386 -0.0222859308
v 0.0177784407 -0.0405418846 -0.0308264891
v 0.00195328016 -0.0359279655 -0.0903642329
v 0.00630587034 -0.0349545031 -0.0942465325
v 0.0179225408 -0.0377799252 -0.0561697583
v 0.02191595 -0.0356835992 -0.0650785456
v 0.0310240173 -0.0391051874 -0.0223560812
v 0.0285778603 -0.0346797668 -0.0560707238
v 0.0256602068 -0.0311281946 -0.0783205614
v 0.0329175381 -0.0318225881 -0.0567241281
v 0.0320980291 -0.0268889185 -0.0736628077
v 0.0130538214 -0.0292627799 -0.111343968
v -0.0015138709 -0.0275021187 -0.142692728
v -0.0112633403 -0.0249256797 -0.163365155
v 0.00591074734 -0.0231784123 -0.137537508
v -0.0196691511 -0.0211743277 -0.180409488
v -0.00801856614 -0.0217119908 -0.16247438
v -0.0192349062 -0.0179058176 -0.181935634
v -0.00844644654 -0.0188480168 -0.16541126
v -0.0103259762 -0.0109994415 -0.170467817
v 0.00646768275 -0.0206660314 -0.138781243
v -0.0206131226 5.34188585e-05 -0.186169893
v -0.00235694869 -0.0136312245 -0.157243013
v 0.00145225868 -8.11962972e-05 -0.152329332
v -0.00985735823 -0.000103265902 -0.170686597
v -0.0219065923 0.0100171844 -0.187218736
v -0.00683720665 0.0105183114 -0.165174878
v -0.0160801968 0.0179352443 -0.177245645
v 0.00428725372 -0.0136487779 -0.145593088
v -0.0262743084 0.0205404131 -0.189462898
v -0.0320752605 0.0199627845 -0.197202014
v -0.0301714483 0.0235864488 -0.191692507
v -0.0331973386 0.0234779684 -0.195642188
v -0.0342055655 0.0274597375 -0.192172639
v -0.0294323482 0.0273421963 -0.184864958
v -0.034629402 0.0310653121 -0.184998021
v -0.0291443747 0.0299730866 -0.177789864
v -0.0349111476 0.0328486813 -0.177726371
v -0.0249029368 0.0308707626 -0.167550414
v -0.0356741687 0.0339280317 -0.171350292
v -0.0228745304 0.026779678 -0.175680965
v -0.0138457324 0.0311662838 -0.150624197
v -0.0304568908 0.0332406433 -0.1649793
v -0.0374048193 0.0348305966 -0.16320307
v -0.0179432246 0.0343630278 -0.126755075
v -0.0250769654 0.023468909 -0.184438564
v -0.00721508265 0.0256969616 -0.155283057
v -0.0106223448 0.0215676109 -0.166293571
v -0.00164686944 0.0197703236 -0.153489842
v -0.00743015988 0.033139169 -0.126389577
v -0.0330408425 0.035007592 -0.135872944
v -0.040586194 0.0354399927 -0.156261609
v -0.0427740279 0.0355029354 -0.152564433
v -0.0412715833 0.0348186143 -0.127691031
v -0.0235592147 0.034900872 -0.1167621
v -0.00178706815 0.0229544339 -0.150634104
v 0.00453845727 0.0110730234 -0.145482831
v 0.0136337567 0.0121067028 -0.127517036
v 0.00557751626 0.0210427946 -0.13980408
v 0.01128171 0.0238725547 -0.126135536
v -0.034235872 0.034731414 -0.105565169
v -0.0414822455 0.0342911131 -0.11711336
v -0.0428219617 0.0332066665 -0.0999862677
v 0.0149982807 -2.33935116e-05 -0.126135873
v 0.0144820845 0.0215836173 -0.121875701
v 0.024824015 0.0126788938 -0.101532566
v 0.0115257555 -0.0144959519 -0.131522131
v 0.0168743432 -0.0227407945 -0.116674579
v 0.0176540182 -0.0153777276 -0.118377246
v 0.0225785634 0.0233973571 -0.102127553
v 0.014457621 -0.024613632 -0.11928567
v 0.0224066921 -0.0256943089 -0.100160961
v 0.0251362499 -0.0237928158 -0.0963108207
v 0.0255025108 -2.57916797e-05 -0.101615966
v 0.0350071001 -0.000386071119 -0.0751436979
v 0.0252663751 -0.0129711603 -0.100865599
v 0.0249525723 -0.0190982501 -0.0996072893
v 0.0331312431 -0.0147572428 -0.0789176964
v 0.0315759381 -0.023982447 -0.0788174977
v 0.0329511285 0.0148159743 -0.0786460179
v 0.0366697542 -0.0204909997 -0.0650846574
v 0.0353506526 -0.0252372729 -0.0662068545
v 0.0391065224 -0.0264609722 -0.0501297764
v 0.0375233777 -0.0135250502 -0.0653066149
v 0.0436256581 0.000644970754 -0.0452835695
v 0.042170189 -0.0202990129 -0.0444175588
v 0.0479523576 -0.0209077845 -0.0176445508
v 0.0434693281 -0.013314645 -0.0433801091
v 0.0374191455 0.0167546899 -0.063814735
v 0.0382539317 -0.0284577861 -0.0491091749
v 0.0402534963 -0.0340181542 -0.023050468
v 0.0437721316 -0.0299922327 -0.022282399
v 0.041835406 -0.0346448963 -0.0132385932
v 0.0462747552 -0.0273283065 -0.0158959476
v 0.0488756525 -0.0102630359 -0.0193093831
v 0.0404048889 -0.0368138216 -0.00845886825
v 0.0451465516 -0.0342423581 -0.000486460112
v 0.0451053403 -0.0308106934 -0.0127715146
v 0.0483135224 -0.0291577818 -0.000489041895
v 0.0501327878 -0.0240502762 -0.000491241144
v 0.0478800757 -0.0250516796 -0.0116689276
v 0.0515636828 -0.016490901 -0.000495313134
v 0.049495745 -0.0164311336 -0.0127597639
v 0.0523247761 -0.00595266662 -0.000500620581
v 0.0498845762 0.00419930038 -0.0155118396
v 0.0522131907 0.00969873819 -0.000508729863
v 0.0489524495 0.014760722 -0.0170237487
v 0.0508828885 0.0209528241 -0.000514530439
v 0.043452946 0.014355797 -0.0427089981
v 0.0487756316 0.0197414191 -0.0141006938
v 0.0420417676 0.0214588967 -0.0429206295
v 0.0470867766 0.0253824034 -0.0151147135
v 0.0482023697 0.029157703 -0.000518765773
v 0.0352882554 0.0256407571 -0.0643381616
v 0.0452403915 0.0277209601 -0.0193930638
v 0.0436209842 0.0319626366 -0.0144125326
v 0.0438876943 0.0350067343 -0.000521980564
v 0.0376541579 0.0282955505 -0.050036324
v 0.0308769006 0.024870131 -0.0787312863
v 0.0411213521 0.0340078208 -0.0166479454
v 0.0326185638 0.0274617981 -0.0695458788
v 0.0210515332 0.0254954404 -0.102757302
v 0.0382448922 0.0362157244 -0.0160128911
v 0.039200688 0.0382123025 -0.000523762765
v 0.0308127115 0.0313059716 -0.0620959676
v 0.0244518305 0.0335811979 -0.068054744
v 0.0350854501 0.0378963364 -0.0155240195
v 0.034259003 0.0402790029 -0.00052484188
v 0.0261590236 0.0305488437 -0.0774465734
v 0.0292303996 0.0392323153 -0.0194542881
v 0.0258598585 0.0421203375 -0.000527352768
v 0.00916487748 0.0274839703 -0.122909539
v 0.0197459802 0.0291498308 -0.0962547027
v 0.0195157026 0.0377570092 -0.0462874508
v 0.0192668717 0.0428353861 -0.000528850978
v 0.0140479969 0.033777415 -0.0868836301
v 0.0128606525 0.031182171 -0.1033496
v -0.00633322599 0.0292920444 -0.145546696
v 0.00834678902 0.037650107 -0.0576719467
v 0.00841901332 0.0432861161 -0.000529881027
v -0.0141092252 0.0286772224 -0.158984214
v 0.00488127182 0.0340596137 -0.0987067819
v -0.00555903078 0.0352136175 -0.097120303
v -0.0134938602 0.035738257 -0.0905026915
v -0.00192218656 0.0382296739 -0.0536583015
v -0.023903078 0.035555778 -0.0873997808
v -0.0142976675 0.0383475987 -0.0495746383
v -0.00698385206 0.0431826681 -0.000529614908
v -0.0303924027 0.0351419704 -0.0836477848
v -0.0218790407 0.0382269888 -0.0452239154
v -0.0190664134 0.042443034 -0.000528750888
v -0.0258328284 0.0415692287 -0.000529964382
v -0.0371962001 0.0340703377 -0.0809554593
v -0.0453747254 0.0313832705 -0.0844727969
v -0.0404453604 0.0337066908 -0.0559658743
v -0.0476125741 0.0296158442 -0.0784515287
v -0.0304531659 0.0373395948 -0.0425917446
v -0.0307021902 0.0405476664 -0.000528604551
v -0.0344685604 0.0393690133 -0.000527846487
v -0.0381289141 0.03777286 -0.000526669146
v -0.0443134543 0.0316187992 -0.0589936739
v -0.0404645139 0.0363526598 -0.000527018483
v -0.0479725418 0.0286466138 -0.0624238222
v -0.0500242773 0.0264712537 -0.0715123839
v -0.0440787873 0.0331818408 -0.0136231567
v -0.0442558957 0.032834763 -0.000524301777
v -0.0473443182 0.0293122185 -0.0183069584
v -0.0464598441 0.0295158872 -0.000522906748
v -0.0511379643 0.0246274415 -0.0665043131
v -0.0515601443 0.0231961558 -0.0672878814
v -0.0527883257 0.020368899 -0.0628277485
v -0.0535425743 0.0152483827 -0.0622278429
v -0.0494800355 0.025071406 -0.0159915304
v -0.0481329619 0.0259612761 -0.000521091488
v -0.0497882679 0.0201229399 -0.000518391153
v -0.0518700822 0.0175812193 -0.0230941951
v -0.0510023393 0.0120431737 -0.000513825808
v -0.0545317141 0.0091647456 -0.0586984388
v -0.0548331998 -0.000293423541 -0.0588840514
v -0.0526844475 0.0111743762 -0.0207459248
v -0.051497732 -0.000186388218 -0.000510347627
v -0.0530281104 -0.000429187864 -0.0189653263
vt 0.465576172 0.0267028809
vt 0.463623047 0.0299224854
vt 0.466308594 0.0266876221
vt 0.468261719 0.020904541
vt 0.467285156 0.0219268799
vt 0.468505859 0.0184936523
vt 0.468017578 0.0169219971
vt 0.46875 0.0144042969
vt 0.467773438 0.0124206543
vt 0.46875 0.0121154785
vt 0.468505859 0.00937652588
vt 0.467041016 0.00937652588
vt 0.468505859 0.00681304932
vt 0.466552734 0.00778198242
vt 0.464111328 0.00622558594
vt 0.464599609 0.00811767578
vt 0.46875 0.00419998169
vt 0.463623047 0.00351333618
vt 0.46875 0.00268745422
vt 0.884765625 0.385253906
vt 0.885253906 0.387695312
vt 0.887207031 0.390869141
vt 0.883789062 0.385009766
vt 0.883789062 0.380615234
vt 0.8828125 0.377929688
vt 0.883300781 0.375976562
vt 0.8828125 0.370361328
vt 0.883300781 0.370605469
vt 0.8828125 0.365722656
vt 0.883300781 0.365722656
vt 0.883300781 0.360595703
vt 0.883789062 0.354492188
vt 0.884277344 0.354980469
vt 0.884277344 0.354248047
vt 0.883789062 0.353027344
vt 0.8828125 0.352783203
vt 0.883300781 0.3515625
vt 0.881835938 0.349609375
vt 0.881835938 0.345703125
vt 0.882324219 0.348144531
vt 0.882324219 0.345947266
vt 0.882324219 0.342773438
vt 0.881835938 0.342773438
vt 0.8828125 0.343017578
vt 0.883789062 0.339599609
vt 0.882324219 0.339599609
vt 0.884277344 0.337402344
vt 0.8828125 0.336181641
vt 0.884765625 0.336181641
vt 0.8828125 0.333740234
vt 0.885253906 0.334960938
vt 0.885253906 0.333496094
vt 0.885742188 0.333496094
vt 0.883300781 0.33203125
vt 0.886230469 0.331298828
vt 0.88671875 0.33203125
vt 0.887207031 0.331787109
vt 0.886230469 0.331298828
vt 0.883789062 0.330322266
vt 0.883300781 0.330322266
vt 0.882324219 0.271240234
vt 0.885253906 0.268310547
vt 0.881347656 0.265869141
vt 0.88671875 0.270263672
vt 0.888183594 0.276123047
vt 0.882324219 0.276611328
vt 0.881835938 0.282714844
vt 0.889160156 0.280761719
vt 0.889648438 0.285400391
vt 0.881835938 0.286132812
vt 0.889648438 0.290771484
vt 0.881835938 0.288818359
vt 0.881835938 0.293212891
vt 0.889648438 0.295410156
vt 0.881347656 0.291259766
vt 0.889648438 0.300537109
vt 0.881347656 0.298828125
vt 0.880859375 0.298339844
vt 0.880371094 0.305419922
vt 0.880859375 0.306152344
vt 0.889648438 0.305908203
vt 0.880371094 0.307617188
vt 0.889648438 0.306640625
vt 0.880371094 0.307617188
vt 0.890136719 0.307861328
vt 0.880371094 0.309326172
vt 0.880859375 0.30859375
vt 0.889648438 0.309570312
vt 0.880859375 0.3125
vt 0.880371094 0.312255859
vt 0.889648438 0.313232422
vt 0.880859375 0.314697266
vt 0.880371094 0.315673828
vt 0.889160156 0.315429688
vt 0.880859375 0.318115234
vt 0.880371094 0.317382812
vt 0.888671875 0.318359375
vt 0.880371094 0.326416016
vt 0.887207031 0.321777344
vt 0.880371094 0.326416016
vt 0.886230469 0.323974609
vt 0.882324219 0.326416016
vt 0.885253906 0.324951172
vt 0.884277344 0.325683594
vt 0.925292969 0.693359375
vt 0.923828125 0.69140625
vt 0.921875 0.69140625
vt 0.919433594 0.689941406
vt 0.920410156 0.689453125
vt 0.917480469 0.688476562
vt 0.918457031 0.687988281
vt 0.912109375 0.684570312
vt 0.917480469 0.686523438
vt 0.916503906 0.684570312
vt 0.90625 0.680175781
vt 0.916503906 0.681640625
vt 0.895996094 0.642089844
vt 0.904296875 0.679199219
vt 0.916992188 0.677246094
vt 0.902832031 0.679199219
vt 0.922851562 0.666992188
vt 0.921875 0.669921875
vt 0.925292969 0.659179688
vt 0.925292969 0.654296875
vt 0.923828125 0.650390625
vt 0.922851562 0.647460938
vt 0.920410156 0.644042969
vt 0.91796875 0.641601562
vt 0.915039062 0.639648438
vt 0.896484375 0.677734375
vt 0.899902344 0.678710938
vt 0.895019531 0.676757812
vt 0.887695312 0.671386719
vt 0.88671875 0.671875
vt 0.908691406 0.638183594
vt 0.91015625 0.638183594
vt 0.90625 0.638183594
vt 0.90234375 0.638671875
vt 0.899414062 0.640136719
vt 0.884765625 0.670410156
vt 0.885253906 0.673339844
vt 0.883789062 0.663574219
vt 0.884277344 0.670410156
vt 0.883789062 0.666503906
vt 0.885253906 0.673828125
vt 0.883300781 0.662109375
vt 0.883300781 0.659667969
vt 0.883789062 0.655761719
vt 0.884765625 0.65234375
vt 0.885742188 0.649902344
vt 0.888183594 0.645996094
vt 0.88671875 0.647460938
vt 0.891113281 0.642578125
vt 0.89453125 0.639648438
vt 0.787109375 0.3359375
vt 0.785644531 0.340332031
vt 0.785644531 0.342041016
vt 0.78515625 0.345703125
vt 0.785644531 0.347167969
vt 0.78515625 0.353027344
vt 0.786132812 0.352539062
vt 0.787109375 0.356445312
vt 0.786621094 0.359863281
vt 0.788574219 0.360351562
vt 0.791015625 0.362792969
vt 0.7890625 0.366210938
vt 0.79296875 0.363525391
vt 0.793457031 0.372314453
vt 0.795410156 0.364013672
vt 0.794433594 0.371337891
vt 0.796875 0.369873047
vt 0.798339844 0.369140625
vt 0.797851562 0.364013672
vt 0.802246094 0.363525391
vt 0.801269531 0.368408203
vt 0.802734375 0.367919922
vt 0.806152344 0.36328125
vt 0.805664062 0.367675781
vt 0.809570312 0.363769531
vt 0.807617188 0.367675781
vt 0.810058594 0.367919922
vt 0.815429688 0.364990234
vt 0.812988281 0.368408203
vt 0.818847656 0.366455078
vt 0.817382812 0.370117188
vt 0.822265625 0.368408203
vt 0.820800781 0.372558594
vt 0.825195312 0.370849609
vt 0.827636719 0.373779297
vt 0.823730469 0.375732422
vt 0.829589844 0.376953125
vt 0.825683594 0.379394531
vt 0.830566406 0.380615234
vt 0.826660156 0.383544922
vt 0.831054688 0.384521484
vt 0.831054688 0.388183594
vt 0.826660156 0.387451172
vt 0.830078125 0.391845703
vt 0.825683594 0.391601562
vt 0.828613281 0.395507812
vt 0.823730469 0.395263672
vt 0.826171875 0.398681641
vt 0.823242188 0.401367188
vt 0.820800781 0.398193359
vt 0.819824219 0.403808594
vt 0.816894531 0.400878906
vt 0.815429688 0.405761719
vt 0.8125 0.40234375
vt 0.809570312 0.406982422
vt 0.808105469 0.403076172
vt 0.804199219 0.406982422
vt 0.803710938 0.403076172
vt 0.800292969 0.40234375
vt 0.801269531 0.406494141
vt 0.797851562 0.405273438
vt 0.797851562 0.401367188
vt 0.794921875 0.404052734
vt 0.796386719 0.400634766
vt 0.794921875 0.399414062
vt 0.789550781 0.400634766
vt 0.79296875 0.397949219
vt 0.791503906 0.396972656
vt 0.78515625 0.397216797
vt 0.790527344 0.395751953
vt 0.823730469 0.443847656
vt 0.825195312 0.443359375
vt 0.82421875 0.438964844
vt 0.829589844 0.437744141
vt 0.82421875 0.433837891
vt 0.830566406 0.431884766
vt 0.82421875 0.426513672
vt 0.831542969 0.426513672
vt 0.83203125 0.420410156
vt 0.823730469 0.419433594
vt 0.83203125 0.413818359
vt 0.823730469 0.412841797
vt 0.823730469 0.405761719
vt 0.828125 0.407714844
vt 0.828125 0.405761719
vt 0.832519531 0.407714844
vt 0.143554688 0.549804688
vt 0.151733398 0.537597656
vt 0.147338867 0.534667969
vt 0.136962891 0.551269531
vt 0.140869141 0.553710938
vt 0.133422852 0.548828125
vt 0.142211914 0.53125
vt 0.131469727 0.547363281
vt 0.129394531 0.546386719
vt 0.137573242 0.528320312
vt 0.127075195 0.544433594
vt 0.123718262 0.542480469
vt 0.134765625 0.526367188
vt 0.127319336 0.529296875
vt 0.120361328 0.540039062
vt 0.131713867 0.524414062
vt 0.118041992 0.538574219
vt 0.12890625 0.522460938
vt 0.124084473 0.529296875
vt 0.119995117 0.525390625
vt 0.123291016 0.518554688
vt 0.115905762 0.531738281
vt 0.112121582 0.526367188
vt 0.114257812 0.536132812
vt 0.110656738 0.533691406
vt 0.107543945 0.53125
vt 0.118530273 0.518066406
vt 0.118225098 0.515625
vt 0.110229492 0.515625
vt 0.114074707 0.51171875
vt 0.11895752 0.513671875
vt 0.116088867 0.510253906
vt 0.119812012 0.511230469
vt 0.114562988 0.5078125
vt 0.117126465 0.5078125
vt 0.119689941 0.508300781
vt 0.118835449 0.505371094
vt 0.116516113 0.505859375
vt 0.117919922 0.503417969
vt 0.114013672 0.501953125
vt 0.116210938 0.499755859
vt 0.112426758 0.50390625
vt 0.109863281 0.498535156
vt 0.115356445 0.497314453
vt 0.111572266 0.495361328
vt 0.114318848 0.491455078
vt 0.111450195 0.489746094
vt 0.11517334 0.487060547
vt 0.105712891 0.482666016
vt 0.116027832 0.482910156
vt 0.103393555 0.487792969
vt 0.0972900391 0.488525391
vt 0.106811523 0.498779297
vt 0.0914306641 0.488769531
vt 0.104675293 0.500488281
vt 0.0940551758 0.482177734
vt 0.106872559 0.476318359
vt 0.11706543 0.48046875
vt 0.100524902 0.469726562
vt 0.0950927734 0.475830078
vt 0.111816406 0.475830078
vt 0.1171875 0.479980469
vt 0.112487793 0.475830078
vt 0.107849121 0.470947266
vt 0.107910156 0.471923828
vt 0.103637695 0.465332031
vt 0.104492188 0.465576172
vt 0.101013184 0.458984375
vt 0.102233887 0.460693359
vt 0.0958862305 0.459472656
vt 0.100219727 0.456298828
vt 0.100341797 0.454345703
vt 0.0894165039 0.452636719
vt 0.0908203125 0.450439453
vt 0.0997314453 0.454101562
vt 0.0930175781 0.449462891
vt 0.100036621 0.450195312
vt 0.101318359 0.447265625
vt 0.0954589844 0.440673828
vt 0.102050781 0.446289062
vt 0.0901489258 0.439208984
vt 0.0962524414 0.444580078
vt 0.0872192383 0.440185547
vt 0.0843505859 0.433105469
vt 0.0797729492 0.439453125
vt 0.0833740234 0.439697266
vt 0.0819702148 0.435058594
vt 0.0762329102 0.440917969
vt 0.0755004883 0.431640625
vt 0.0719604492 0.434326172
vt 0.0772705078 0.430419922
vt 0.0794067383 0.428710938
vt 0.0815429688 0.427246094
vt 0.0673217773 0.437744141
vt 0.0679931641 0.445556641
vt 0.059387207 0.443603516
vt 0.0859985352 0.431152344
vt 0.0836791992 0.425537109
vt 0.0892944336 0.429931641
vt 0.0856933594 0.424072266
vt 0.100158691 0.442138672
vt 0.0926513672 0.426269531
vt 0.0886230469 0.421875
vt 0.104431152 0.442626953
vt 0.104064941 0.443847656
vt 0.108154297 0.440185547
vt 0.0982666016 0.425048828
vt 0.09375 0.41796875
vt 0.457275391 0.331054688
vt 0.455566406 0.33203125
vt 0.456298828 0.333496094
vt 0.458740234 0.333740234
vt 0.460449219 0.337646484
vt 0.458251953 0.337402344
vt 0.459228516 0.341064453
vt 0.461181641 0.341552734
vt 0.461425781 0.345703125
vt 0.459472656 0.345214844
vt 0.460449219 0.351318359
vt 0.458740234 0.349853516
vt 0.458251953 0.356445312
vt 0.45703125 0.354736328
vt 0.455566406 0.356933594
vt 0.456787109 0.358642578
vt 0.469726562 0.0885620117
vt 0.469970703 0.0883178711
vt 0.465332031 0.0886230469
vt 0.465332031 0.0860595703
vt 0.470214844 0.0858154297
vt 0.465332031 0.0809936523
vt 0.470214844 0.0820922852
vt 0.469970703 0.0786132812
vt 0.465332031 0.0759887695
vt 0.469482422 0.0739746094
vt 0.465332031 0.0723266602
vt 0.468994141 0.069519043
vt 0.465332031 0.0685424805
vt 0.467773438 0.0655517578
vt 0.465332031 0.0648803711
vt 0.466308594 0.0631103516
vt 0.465332031 0.0619812012
vt 0.194335938 0.162963867
vt 0.192016602 0.161010742
vt 0.192382812 0.161621094
vt 0.192749023 0.16394043
vt 0.192016602 0.166381836
vt 0.6796875 0.606933594
vt 0.678710938 0.607421875
vt 0.680664062 0.610839844
vt 0.682128906 0.609863281
vt 0.681640625 0.606445312
vt 0.683105469 0.61328125
vt 0.681640625 0.614257812
vt 0.684082031 0.616699219
vt 0.682617188 0.617675781
vt 0.684570312 0.620117188
vt 0.68359375 0.621582031
vt 0.685058594 0.623535156
vt 0.684082031 0.626464844
vt 0.68359375 0.609863281
vt 0.684570312 0.61328125
vt 0.685546875 0.616699219
vt 0.686035156 0.620117188
vt 0.685058594 0.609375
vt 0.684082031 0.60546875
vt 0.696289062 0.603027344
vt 0.697265625 0.606445312
vt 0.698242188 0.610351562
vt 0.686035156 0.612792969
vt 0.69921875 0.614257812
vt 0.687011719 0.616210938
vt 0.700195312 0.617675781
vt 0.6875 0.619628906
vt 0.700683594 0.621582031
vt 0.688476562 0.623046875
vt 0.701171875 0.625488281
vt 0.687011719 0.623535156
vt 0.688964844 0.626464844
vt 0.701660156 0.62890625
vt 0.6875 0.626953125
vt 0.688964844 0.630371094
vt 0.702148438 0.6328125
vt 0.685546875 0.626953125
vt 0.6875 0.630371094
vt 0.686035156 0.630371094
vt 0.684570312 0.629882812
vt 0.689453125 0.633789062
vt 0.686523438 0.633789062
vt 0.685058594 0.633789062
vt 0.687988281 0.633789062
vt 0.689941406 0.637207031
vt 0.702148438 0.63671875
vt 0.686523438 0.637207031
vt 0.685058594 0.637207031
vt 0.687988281 0.637207031
vt 0.689453125 0.640136719
vt 0.702148438 0.640136719
vt 0.702148438 0.643554688
vt 0.686523438 0.640136719
vt 0.685058594 0.640625
vt 0.685058594 0.644042969
vt 0.687988281 0.640136719
vt 0.689453125 0.643554688
vt 0.701660156 0.646972656
vt 0.687988281 0.643554688
vt 0.689453125 0.646484375
vt 0.701660156 0.650390625
vt 0.686523438 0.643066406
vt 0.687988281 0.646484375
vt 0.686523438 0.646484375
vt 0.684570312 0.648925781
vt 0.688964844 0.649902344
vt 0.6875 0.649414062
vt 0.686035156 0.649414062
vt 0.686523438 0.653808594
vt 0.684570312 0.652832031
vt 0.68359375 0.655761719
vt 0.682617188 0.658203125
vt 0.689453125 0.652832031
vt 0.701171875 0.655761719
vt 0.687988281 0.652832031
vt 0.689941406 0.655273438
vt 0.6875 0.657714844
vt 0.700683594 0.659179688
vt 0.687988281 0.655273438
vt 0.685546875 0.657714844
vt 0.680175781 0.665527344
vt 0.679199219 0.666992188
vt 0.683105469 0.666015625
vt 0.6796875 0.668457031
vt 0.678710938 0.670898438
vt 0.6875 0.666503906
vt 0.700195312 0.662597656
vt 0.699707031 0.666992188
vt 0.685058594 0.666015625
vt 0.684570312 0.668945312
vt 0.69921875 0.668945312
vt 0.682128906 0.668457031
vt 0.679199219 0.671386719
vt 0.679199219 0.673828125
vt 0.684570312 0.671386719
vt 0.69921875 0.671386719
vt 0.682128906 0.671386719
vt 0.680664062 0.673828125
vt 0.679199219 0.67578125
vt 0.6796875 0.677246094
vt 0.682128906 0.673828125
vt 0.685546875 0.673828125
vt 0.69921875 0.673339844
vt 0.69921875 0.676269531
vt 0.68359375 0.673828125
vt 0.685546875 0.675292969
vt 0.68359375 0.676757812
vt 0.681640625 0.676269531
vt 0.682617188 0.679199219
vt 0.680664062 0.6796875
vt 0.684082031 0.679199219
vt 0.686035156 0.677246094
vt 0.682128906 0.682128906
vt 0.681640625 0.683105469
vt 0.68359375 0.681640625
vt 0.687011719 0.681152344
vt 0.69921875 0.680664062
vt 0.687011719 0.685058594
vt 0.69921875 0.684570312
vt 0.684082031 0.685058594
vt 0.6875 0.688964844
vt 0.699707031 0.689941406
vt 0.68359375 0.690917969
vt 0.681152344 0.685546875
vt 0.682128906 0.691894531
vt 0.682617188 0.697265625
vt 0.685546875 0.696777344
vt 0.684082031 0.702636719
vt 0.685058594 0.69140625
vt 0.688964844 0.692382812
vt 0.700195312 0.6953125
vt 0.687011719 0.699707031
vt 0.691894531 0.703613281
vt 0.700683594 0.701660156
vt 0.697753906 0.702636719
vt 0.942871094 0.429931641
vt 0.938476562 0.432373047
vt 0.940917969 0.431396484
vt 0.935058594 0.433105469
vt 0.930664062 0.43359375
vt 0.923339844 0.43359375
vt 0.918457031 0.432861328
vt 0.914550781 0.431640625
vt 0.912109375 0.429443359
vt 0.910644531 0.427246094
vt 0.909667969 0.424560547
vt 0.909179688 0.420410156
vt 0.908691406 0.417236328
vt 0.908203125 0.411865234
vt 0.908203125 0.404052734
vt 0.908691406 0.398193359
vt 0.909179688 0.394775391
vt 0.909667969 0.392333984
vt 0.91015625 0.390380859
vt 0.910644531 0.388671875
vt 0.911132812 0.387451172
vt 0.913085938 0.385498047
vt 0.914550781 0.384521484
vt 0.916015625 0.383544922
vt 0.918457031 0.3828125
vt 0.921875 0.382080078
vt 0.927734375 0.381835938
vt 0.93359375 0.382080078
vt 0.936523438 0.382568359
vt 0.938964844 0.383300781
vt 0.940917969 0.384521484
vt 0.942871094 0.386230469
vt 0.944335938 0.388427734
vt 0.9453125 0.390380859
vt 0.946289062 0.394775391
vt 0.946777344 0.400878906
vt 0.947265625 0.410888672
vt 0.946777344 0.418701172
vt 0.946289062 0.422607422
vt 0.945800781 0.425292969
vt 0.944824219 0.427734375
vt 0.345947266 0.133666992
vt 0.340332031 0.130859375
vt 0.340087891 0.134155273
vt 0.346191406 0.130737305
vt 0.340576172 0.127563477
vt 0.346679688 0.125854492
vt 0.340820312 0.124267578
vt 0.346679688 0.123657227
vt 0.341064453 0.12097168
vt 0.346923828 0.12097168
vt 0.347167969 0.118164062
vt 0.341308594 0.117736816
vt 0.347167969 0.11505127
vt 0.341552734 0.114440918
vt 0.347412109 0.111877441
vt 0.341796875 0.11114502
vt 0.34765625 0.108703613
vt 0.341796875 0.107849121
vt 0.342041016 0.104614258
vt 0.34765625 0.106384277
vt 0.347900391 0.104003906
vt 0.347900391 0.100891113
vt 0.342041016 0.101318359
vt 0.348144531 0.0977783203
vt 0.342285156 0.0980224609
vt 0.348144531 0.0946044922
vt 0.342285156 0.0947265625
vt 0.348144531 0.0915527344
vt 0.342285156 0.0914306641
vt 0.348144531 0.0880126953
vt 0.342529297 0.0881958008
vt 0.342529297 0.0848999023
vt 0.348144531 0.085144043
vt 0.342529297 0.0816040039
vt 0.348144531 0.0799560547
vt 0.342529297 0.0783081055
vt 0.348144531 0.0776367188
vt 0.348388672 0.0758666992
vt 0.342529297 0.075012207
vt 0.348388672 0.0729980469
vt 0.342529297 0.0717163086
vt 0.348144531 0.0695800781
vt 0.342285156 0.0684814453
vt 0.348388672 0.0682373047
vt 0.342285156 0.0651855469
vt 0.348144531 0.0648803711
vt 0.342285156 0.0618896484
vt 0.347900391 0.0619812012
vt 0.342041016 0.05859375
vt 0.347900391 0.0588378906
vt 0.342041016 0.0553283691
vt 0.34765625 0.0556945801
vt 0.341796875 0.0520324707
vt 0.34765625 0.0525512695
vt 0.341552734 0.0487670898
vt 0.34765625 0.050201416
vt 0.347412109 0.0478515625
vt 0.341552734 0.0454711914
vt 0.347167969 0.044708252
vt 0.341308594 0.0422058105
vt 0.347167969 0.0415649414
vt 0.341064453 0.0389099121
vt 0.346923828 0.0384216309
vt 0.341064453 0.0356140137
vt 0.346679688 0.0355834961
vt 0.340820312 0.0323486328
vt 0.346679688 0.0318603516
vt 0.346435547 0.028137207
vt 0.340576172 0.0290679932
vt 0.340332031 0.0257873535
vt 0.345947266 0.0236358643
vt 0.340087891 0.0225067139
vt 0.345703125 0.0214538574
vt 0.58984375 0.237548828
vt 0.58984375 0.264404297
vt 0.592285156 0.235473633
vt 0.592285156 0.266601562
vt 0.595214844 0.233886719
vt 0.595214844 0.268066406
vt 0.598144531 0.268798828
vt 0.598144531 0.233032227
vt 0.601074219 0.232788086
vt 0.604492188 0.233276367
vt 0.601074219 0.269042969
vt 0.604492188 0.268798828
vt 0.607421875 0.267578125
vt 0.609863281 0.265869141
vt 0.612304688 0.263671875
vt 0.614257812 0.260986328
vt 0.615722656 0.2578125
vt 0.607421875 0.234375
vt 0.609863281 0.236083984
vt 0.612304688 0.23840332
vt 0.614257812 0.241088867
vt 0.616699219 0.254394531
vt 0.6171875 0.250976562
vt 0.616699219 0.247558594
vt 0.615722656 0.244140625
vt 0.744628906 0.205688477
vt 0.744628906 0.183349609
vt 0.738769531 0.205810547
vt 0.738769531 0.183227539
vt 0.730957031 0.203613281
vt 0.737792969 0.206542969
vt 0.737792969 0.182617188
vt 0.732910156 0.207397461
vt 0.737792969 0.208007812
vt 0.735351562 0.210205078
vt 0.740722656 0.210083008
vt 0.737792969 0.212524414
vt 0.730957031 0.185424805
vt 0.732910156 0.181640625
vt 0.735351562 0.178833008
vt 0.737792969 0.181030273
vt 0.737792969 0.176391602
vt 0.740234375 0.178955078
vt 0.740722656 0.174560547
vt 0.743164062 0.177490234
vt 0.743652344 0.173339844
vt 0.743164062 0.211547852
vt 0.740722656 0.214355469
vt 0.744140625 0.215698242
vt 0.74609375 0.212402344
vt 0.747070312 0.216308594
vt 0.749511719 0.212646484
vt 0.750488281 0.216308594
vt 0.752441406 0.212158203
vt 0.75390625 0.215698242
vt 0.755371094 0.21105957
vt 0.756835938 0.214355469
vt 0.758300781 0.209350586
vt 0.759765625 0.212524414
vt 0.760742188 0.20715332
vt 0.762695312 0.210205078
vt 0.762695312 0.204345703
vt 0.764648438 0.207275391
vt 0.766601562 0.203613281
vt 0.764160156 0.201293945
vt 0.764648438 0.197875977
vt 0.765136719 0.194458008
vt 0.766601562 0.185424805
vt 0.764648438 0.191040039
vt 0.764160156 0.18762207
vt 0.762695312 0.184570312
vt 0.764648438 0.181640625
vt 0.760742188 0.181884766
vt 0.762695312 0.178833008
vt 0.758300781 0.17956543
vt 0.759765625 0.176391602
vt 0.755371094 0.177856445
vt 0.756835938 0.174560547
vt 0.752441406 0.176757812
vt 0.75390625 0.173339844
vt 0.749511719 0.176391602
vt 0.750488281 0.172729492
vt 0.74609375 0.176513672
vt 0.747070312 0.172729492
vt 0.508300781 0.905761719
vt 0.509765625 0.905273438
vt 0.506835938 0.90625
vt 0.514160156 0.905273438
vt 0.514160156 0.902832031
vt 0.515625 0.901367188
vt 0.517578125 0.90234375
vt 0.517578125 0.899414062
vt 0.520019531 0.899414062
vt 0.51953125 0.896972656
vt 0.521972656 0.895996094
vt 0.520996094 0.893554688
vt 0.5234375 0.893066406
vt 0.521972656 0.890625
vt 0.523925781 0.889160156
vt 0.522460938 0.88671875
vt 0.524414062 0.884765625
vt 0.522460938 0.884277344
vt 0.522460938 0.881835938
vt 0.523925781 0.879394531
vt 0.521484375 0.878417969
vt 0.522949219 0.875976562
vt 0.520507812 0.875
vt 0.521484375 0.872558594
vt 0.519042969 0.872070312
vt 0.51953125 0.869628906
vt 0.517089844 0.869628906
vt 0.517089844 0.866699219
vt 0.514160156 0.8671875
vt 0.513671875 0.864257812
vt 0.51171875 0.865234375
vt 0.506835938 0.863769531
vt 0.810058594 0.749511719
vt 0.814453125 0.750976562
vt 0.816894531 0.75
vt 0.817382812 0.752929688
vt 0.8203125 0.752929688
vt 0.8203125 0.755859375
vt 0.822265625 0.755859375
vt 0.821777344 0.758300781
vt 0.82421875 0.759277344
vt 0.823242188 0.76171875
vt 0.825683594 0.762695312
vt 0.82421875 0.764648438
vt 0.826660156 0.767578125
vt 0.824707031 0.768066406
vt 0.826660156 0.771972656
vt 0.825195312 0.770996094
vt 0.824707031 0.7734375
vt 0.826171875 0.775878906
vt 0.82421875 0.776855469
vt 0.825195312 0.779296875
vt 0.822753906 0.780273438
vt 0.823730469 0.782714844
vt 0.821289062 0.783203125
vt 0.821777344 0.785644531
vt 0.819335938 0.785644531
vt 0.819335938 0.788574219
vt 0.816894531 0.788085938
vt 0.815917969 0.791015625
vt 0.815917969 0.7890625
vt 0.8125 0.790527344
vt 0.810058594 0.791503906
vt 0.862792969 0.705566406
vt 0.858886719 0.705566406
vt 0.862792969 0.728027344
vt 0.858886719 0.728027344
vt 0.585449219 0.262939453
vt 0.585449219 0.264404297
vt 0.589355469 0.263183594
vt 0.58984375 0.264404297
vt 0.589355469 0.238891602
vt 0.58984375 0.237548828
vt 0.585449219 0.239135742
vt 0.585449219 0.237548828
vt 0.0401611328 0.145629883
vt 0.0364990234 0.139038086
vt 0.0375366211 0.145874023
vt 0.0362854004 0.13684082
vt 0.036529541 0.135009766
vt 0.0396728516 0.129272461
vt 0.0370178223 0.129150391
vt 0.0395812988 0.125488281
vt 0.0369567871 0.12487793
vt 0.0395202637 0.122070312
vt 0.0368652344 0.121459961
vt 0.0394592285 0.118713379
vt 0.0368041992 0.118041992
vt 0.0367736816 0.114868164
vt 0.0393981934 0.115356445
vt 0.0367126465 0.11151123
vt 0.0393676758 0.112060547
vt 0.0366516113 0.10736084
vt 0.0393066406 0.108703613
vt 0.039276123 0.10534668
vt 0.0366210938 0.102783203
vt 0.0392456055 0.101989746
vt 0.0365905762 0.0993652344
vt 0.0392150879 0.0986328125
vt 0.0365600586 0.0959472656
vt 0.0391845703 0.0952758789
vt 0.0365600586 0.092590332
vt 0.0391845703 0.0919189453
vt 0.036529541 0.0891723633
vt 0.0391540527 0.0885620117
vt 0.0364990234 0.0848999023
vt 0.0391540527 0.0846557617
vt 0.0357055664 0.078125
vt 0.0355834961 0.0758056641
vt 0.0358581543 0.0740356445
vt 0.0391845703 0.0684204102
vt 0.0365600586 0.0681762695
vt 0.0392456055 0.0645141602
vt 0.0366210938 0.0638427734
vt 0.039276123 0.0611572266
vt 0.0366516113 0.0604553223
vt 0.0393371582 0.057800293
vt 0.0367126465 0.0570678711
vt 0.0367736816 0.0538635254
vt 0.0393981934 0.054473877
vt 0.0368347168 0.0505065918
vt 0.0394592285 0.0511169434
vt 0.036895752 0.0471191406
vt 0.0395202637 0.0477600098
vt 0.0369873047 0.04296875
vt 0.0396118164 0.0444030762
vt 0.0396728516 0.0410461426
vt 0.037109375 0.0383605957
vt 0.0397644043 0.0377197266
vt 0.0372009277 0.0349731445
vt 0.039855957 0.034362793
vt 0.0372924805 0.0315856934
vt 0.0399475098 0.0310058594
vt 0.0374145508 0.0281829834
vt 0.0400695801 0.0276489258
vt 0.0375366211 0.0238800049
vt 0.0401611328 0.0237579346
vt 0.681640625 0.502441406
vt 0.676757812 0.502441406
vt 0.676757812 0.505859375
vt 0.681640625 0.505859375
vt 0.676757812 0.508789062
vt 0.681640625 0.508789062
vt 0.676757812 0.51171875
vt 0.681640625 0.51171875
vt 0.676757812 0.515136719
vt 0.681640625 0.515136719
vt 0.676757812 0.518066406
vt 0.681640625 0.518066406
vt 0.676757812 0.520996094
vt 0.681640625 0.520996094
vt 0.676757812 0.524414062
vt 0.681640625 0.524414062
vt 0.676757812 0.52734375
vt 0.681640625 0.52734375
vt 0.676757812 0.530761719
vt 0.681640625 0.530761719
vt 0.676757812 0.533691406
vt 0.681640625 0.533691406
vt 0.676757812 0.536621094
vt 0.681640625 0.536621094
vt 0.676757812 0.540039062
vt 0.681640625 0.540039062
vt 0.676757812 0.54296875
vt 0.681640625 0.54296875
vt 0.676757812 0.546386719
vt 0.681640625 0.546386719
vt 0.676757812 0.549316406
vt 0.681640625 0.549316406
vt 0.676757812 0.552246094
vt 0.681640625 0.552246094
vt 0.676757812 0.555664062
vt 0.681640625 0.555664062
vt 0.676757812 0.55859375
vt 0.681640625 0.55859375
vt 0.676757812 0.561523438
vt 0.681640625 0.561523438
vt 0.676757812 0.564941406
vt 0.681640625 0.564941406
vt 0.676757812 0.567871094
vt 0.681640625 0.567871094
vt 0.676757812 0.571289062
vt 0.681640625 0.571289062
vt 0.676757812 0.57421875
vt 0.681640625 0.57421875
vt 0.676757812 0.577148438
vt 0.681640625 0.577148438
vt 0.858886719 0.735839844
vt 0.862792969 0.735839844
vt 0.862792969 0.734863281
vt 0.858886719 0.734863281
vt 0.862792969 0.728027344
vt 0.858886719 0.728027344
vt 0.862792969 0.697753906
vt 0.858886719 0.697753906
vt 0.862792969 0.698730469
vt 0.858886719 0.69921875
vt 0.858886719 0.705566406
vt 0.862792969 0.705566406
vt 0.869140625 0.704589844
vt 0.868652344 0.728027344
vt 0.869140625 0.729003906
vt 0.868652344 0.705566406
vt 0.862792969 0.728027344
vt 0.862792969 0.705566406
vt 0.0753173828 0.446533203
vt 0.0863037109 0.455078125
vt 0.0940551758 0.462402344
vt 0.0906982422 0.46484375
vt 0.0854492188 0.468261719
vt 0.0637817383 0.448974609
vt 0.0830688477 0.473388672
vt 0.0571594238 0.451416016
vt 0.0528869629 0.448730469
vt 0.0557556152 0.456787109
vt 0.0497741699 0.451171875
vt 0.0476074219 0.453125
vt 0.0512695312 0.459228516
vt 0.0454101562 0.455078125
vt 0.0621643066 0.454345703
vt 0.0629882812 0.458496094
vt 0.0834350586 0.476074219
vt 0.0826416016 0.479003906
vt 0.0693359375 0.468261719
vt 0.0700073242 0.47265625
vt 0.0556030273 0.459716797
vt 0.065246582 0.471435547
vt 0.0716552734 0.479003906
vt 0.063659668 0.473388672
vt 0.0677490234 0.479736328
vt 0.0837402344 0.487304688
vt 0.0960083008 0.495605469
vt 0.104003906 0.501953125
vt 0.0914916992 0.496337891
vt 0.110351562 0.508300781
vt 0.101989746 0.503417969
vt 0.109802246 0.510253906
vt 0.102233887 0.505371094
vt 0.102172852 0.509765625
vt 0.0911254883 0.497802734
vt 0.106323242 0.51953125
vt 0.0969238281 0.505371094
vt 0.0911254883 0.509277344
vt 0.0991210938 0.514648438
vt 0.103942871 0.524414062
vt 0.0938110352 0.517578125
vt 0.0971679688 0.524414062
vt 0.0919189453 0.501953125
vt 0.102233887 0.530273438
vt 0.106140137 0.533203125
vt 0.102661133 0.533203125
vt 0.104614258 0.534667969
vt 0.102111816 0.536132812
vt 0.0987548828 0.533203125
vt 0.0980834961 0.536621094
vt 0.0950317383 0.533691406
vt 0.0943603516 0.536621094
vt 0.0903320312 0.53125
vt 0.0911865234 0.537109375
vt 0.0947265625 0.529785156
vt 0.083190918 0.525878906
vt 0.0885620117 0.534179688
vt 0.0871582031 0.537597656
vt 0.0724487305 0.526855469
vt 0.0993652344 0.530273438
vt 0.0861816406 0.521972656
vt 0.0916137695 0.522949219
vt 0.0866088867 0.518066406
vt 0.0731811523 0.521972656
vt 0.0753173828 0.534667969
vt 0.0838012695 0.5390625
vt 0.0819091797 0.539550781
vt 0.0709838867 0.538085938
vt 0.0676269531 0.529296875
vt 0.084777832 0.518554688
vt 0.0854492188 0.512207031
vt 0.078125 0.5078125
vt 0.0808105469 0.514648438
vt 0.0749511719 0.512207031
vt 0.0617980957 0.533691406
vt 0.0662841797 0.537597656
vt 0.0586242676 0.537597656
vt 0.0805053711 0.502441406
vt 0.0737915039 0.510253906
vt 0.0681152344 0.501953125
vt 0.0863647461 0.498291016
vt 0.0827636719 0.491699219
vt 0.0813598633 0.494873047
vt 0.0659179688 0.506347656
vt 0.0844726562 0.491455078
vt 0.0773925781 0.486572266
vt 0.0752563477 0.486572266
vt 0.071105957 0.496826172
vt 0.0612182617 0.490478516
vt 0.0740356445 0.491699219
vt 0.0751342773 0.489013672
vt 0.0662841797 0.485839844
vt 0.0687255859 0.482177734
vt 0.0589599609 0.497314453
vt 0.0626831055 0.480224609
vt 0.064453125 0.478759766
vt 0.0589599609 0.474365234
vt 0.0608520508 0.483154297
vt 0.0495910645 0.484130859
vt 0.0549621582 0.475341797
vt 0.0449523926 0.468017578
vt 0.0525817871 0.477783203
vt 0.0529174805 0.494873047
vt 0.0592956543 0.473144531
vt 0.051940918 0.463623047
vt 0.0498352051 0.465332031
vt 0.0485229492 0.460693359
vt 0.0464477539 0.46484375
vt 0.042388916 0.473144531
vt 0.0478820801 0.458007812
vt 0.0432739258 0.45703125
vt 0.0465698242 0.462402344
vt 0.0411071777 0.459472656
vt 0.039276123 0.461914062
vt 0.0440063477 0.464599609
vt 0.0367126465 0.465332031
vt 0.0416259766 0.46875
vt 0.0333862305 0.470214844
vt 0.0367431641 0.478759766
vt 0.0288543701 0.477783203
vt 0.0346374512 0.483886719
vt 0.0260162354 0.483154297
vt 0.0452575684 0.489257812
vt 0.0321960449 0.485595703
vt 0.0437316895 0.492431641
vt 0.0313110352 0.488525391
vt 0.0241241455 0.487548828
vt 0.0511779785 0.498779297
vt 0.0325927734 0.490722656
vt 0.0295257568 0.491943359
vt 0.0228271484 0.491210938
vt 0.0449829102 0.497070312
vt 0.0567932129 0.501464844
vt 0.0299835205 0.493896484
vt 0.0527954102 0.500976562
vt 0.0657348633 0.507324219
vt 0.0291595459 0.495605469
vt 0.021987915 0.494140625
vt 0.0490722656 0.501464844
vt 0.0507507324 0.505371094
vt 0.0284576416 0.497070312
vt 0.0213165283 0.496826172
vt 0.0551452637 0.504394531
vt 0.0295257568 0.500488281
vt 0.0203857422 0.500976562
vt 0.0729980469 0.513671875
vt 0.0625610352 0.508300781
vt 0.040435791 0.506347656
vt 0.019744873 0.504394531
vt 0.0577087402 0.510742188
vt 0.0648193359 0.51171875
vt 0.0815429688 0.521972656
vt 0.0443725586 0.512207031
vt 0.0187683105 0.509277344
vt 0.0871582031 0.525878906
vt 0.0620727539 0.515625
vt 0.0604858398 0.520019531
vt 0.0568847656 0.5234375
vt 0.0416259766 0.516601562
vt 0.0546569824 0.528320312
vt 0.0386962891 0.522460938
vt 0.0174255371 0.516601562
vt 0.0524597168 0.53125
vt 0.0361022949 0.525878906
vt 0.0163726807 0.522460938
vt 0.0158081055 0.525390625
vt 0.0507202148 0.534667969
vt 0.051574707 0.538574219
vt 0.0393066406 0.53515625
vt 0.0487060547 0.539550781
vt 0.0341796875 0.529785156
vt 0.0153961182 0.527832031
vt 0.015083313 0.529785156
vt 0.0147781372 0.531738281
vt 0.0403442383 0.537109375
vt 0.0145721436 0.532714844
vt 0.0415344238 0.539550781
vt 0.0453491211 0.541503906
vt 0.020111084 0.535644531
vt 0.0141983032 0.53515625
vt 0.0218505859 0.538085938
vt 0.0139083862 0.537109375
vt 0.0429382324 0.541992188
vt 0.043182373 0.54296875
vt 0.0409545898 0.543945312
vt 0.0402832031 0.546386719
vt 0.0204620361 0.540039062
vt 0.0136108398 0.5390625
vt 0.013130188 0.541992188
vt 0.0230407715 0.543945312
vt 0.0124740601 0.545898438
vt 0.038269043 0.549316406
vt 0.0376586914 0.553710938
vt 0.021484375 0.546875
vt 0.0114440918 0.551757812
vt 0.0197296143 0.552734375
f 3/3 2/2 1/1
f 3/3 1/1 4/4
f 4/4 1/1 5/5
f 4/4 5/5 6/6
f 6/6 5/5 7/7
f 6/6 7/7 8/8
f 8/8 7/7 9/9
f 10/10 8/8 9/9
f 10/10 9/9 11/11
f 9/9 12/12 11/11
f 11/11 12/12 13/13
f 12/12 14/14 13/13
f 14/14 15/15 13/13
f 14/14 16/16 15/15
f 17/17 13/13 15/15
f 15/15 18/18 17/17
f 17/17 18/18 19/19
f 22/22 21/21 20/20
f 21/21 23/23 20/20
f 20/20 23/23 24/24
f 24/24 23/23 25/25
f 24/24 25/25 26/26
f 25/25 27/27 26/26
f 26/26 27/27 28/28
f 27/27 29/29 28/28
f 28/28 29/29 30/30
f 29/29 31/31 30/30
f 32/32 31/31 29/29
f 33/33 31/31 32/32
f 32/32 34/34 33/33
f 34/34 32/32 35/35
f 36/36 35/35 32/32
f 37/37 35/35 36/36
f 36/36 38/38 37/37
f 37/37 38/38 39/39
f 39/39 40/40 37/37
f 41/41 40/40 39/39
f 42/42 41/41 39/39
f 42/42 39/39 43/43
f 42/42 44/44 41/41
f 42/42 45/45 44/44
f 46/46 42/42 43/43
f 45/45 42/42 46/46
f 45/45 46/46 47/47
f 46/46 48/48 47/47
f 47/47 48/48 49/49
f 49/49 48/48 50/50
f 49/49 50/50 51/51
f 51/51 50/50 52/52
f 53/53 51/51 52/52
f 54/54 52/52 50/50
f 53/53 52/52 55/55
f 54/54 55/55 52/52
f 56/56 53/53 55/55
f 56/56 55/55 57/57
f 55/55 58/58 57/57
f 55/55 59/59 58/58
f 59/59 55/55 54/54
f 54/54 60/60 59/59
f 63/63 62/62 61/61
f 64/64 61/61 62/62
f 65/65 61/61 64/64
f 66/66 61/61 65/65
f 67/67 66/66 65/65
f 68/68 67/67 65/65
f 69/69 67/67 68/68
f 70/70 67/67 69/69
f 71/71 70/70 69/69
f 72/72 70/70 71/71
f 72/72 71/71 73/73
f 71/71 74/74 73/73
f 72/72 73/73 75/75
f 74/74 76/76 73/73
f 77/77 75/75 73/73
f 73/73 76/76 77/77
f 77/77 78/78 75/75
f 77/77 79/79 78/78
f 80/80 77/77 76/76
f 80/80 79/79 77/77
f 81/81 80/80 76/76
f 79/79 80/80 82/82
f 81/81 83/83 80/80
f 82/82 80/80 84/84
f 83/83 84/84 80/80
f 85/85 84/84 83/83
f 82/82 84/84 86/86
f 87/87 84/84 85/85
f 86/86 84/84 87/87
f 88/88 87/87 85/85
f 89/89 86/86 87/87
f 89/89 87/87 88/88
f 90/90 86/86 89/89
f 91/91 89/89 88/88
f 90/90 89/89 92/92
f 89/89 91/91 92/92
f 90/90 92/92 93/93
f 92/92 91/91 94/94
f 94/94 93/93 92/92
f 94/94 95/95 93/93
f 96/96 93/93 95/95
f 97/97 95/95 94/94
f 95/95 98/98 96/96
f 97/97 99/99 95/95
f 98/98 95/95 100/100
f 99/99 101/101 95/95
f 102/102 100/100 95/95
f 101/101 103/103 95/95
f 104/104 102/102 95/95
f 95/95 103/103 104/104
f 107/107 106/106 105/105
f 106/106 107/107 108/108
f 109/109 106/106 108/108
f 108/108 110/110 109/109
f 109/109 110/110 111/111
f 110/110 112/112 111/111
f 112/112 113/113 111/111
f 114/114 113/113 112/112
f 115/115 114/114 112/112
f 116/116 114/114 115/115
f 117/117 116/116 115/115
f 118/118 117/117 115/115
f 116/116 117/117 119/119
f 117/117 118/118 120/120
f 119/119 117/117 121/121
f 121/121 122/122 119/119
f 123/123 121/121 117/117
f 124/124 123/123 117/117
f 125/125 124/124 117/117
f 126/126 125/125 117/117
f 127/127 126/126 117/117
f 128/128 127/127 117/117
f 129/129 128/128 117/117
f 130/130 117/117 120/120
f 130/130 120/120 131/131
f 132/132 117/117 130/130
f 133/133 117/117 132/132
f 133/133 134/134 117/117
f 135/135 129/129 117/117
f 135/135 136/136 129/129
f 136/136 135/135 137/137
f 138/138 137/137 135/135
f 138/138 135/135 117/117
f 139/139 138/138 117/117
f 117/117 134/134 140/140
f 134/134 141/141 140/140
f 140/140 142/142 117/117
f 142/142 140/140 143/143
f 140/140 141/141 143/143
f 144/144 142/142 143/143
f 141/141 145/145 143/143
f 142/142 144/144 146/146
f 146/146 147/147 142/142
f 142/142 147/147 148/148
f 148/148 149/149 142/142
f 142/142 149/149 150/150
f 150/150 151/151 142/142
f 142/142 151/151 117/117
f 152/152 151/151 150/150
f 151/151 153/153 117/117
f 153/153 154/154 117/117
f 157/157 156/156 155/155
f 156/156 157/157 158/158
f 157/157 159/159 158/158
f 158/158 159/159 160/160
f 159/159 161/161 160/160
f 160/160 161/161 162/162
f 163/163 160/160 162/162
f 164/164 163/163 162/162
f 165/165 163/163 164/164
f 166/166 163/163 165/165
f 165/165 167/167 166/166
f 166/166 167/167 168/168
f 167/167 169/169 168/168
f 169/169 170/170 168/168
f 171/171 170/170 169/169
f 172/172 171/171 169/169
f 169/169 173/173 172/172
f 173/173 174/174 172/172
f 172/172 174/174 175/175
f 175/175 174/174 176/176
f 176/176 174/174 177/177
f 176/176 177/177 178/178
f 177/177 179/179 178/178
f 178/178 179/179 180/180
f 180/180 179/179 181/181
f 179/179 182/182 181/181
f 181/181 182/182 183/183
f 182/182 184/184 183/183
f 183/183 184/184 185/185
f 184/184 186/186 185/185
f 185/185 186/186 187/187
f 186/186 188/188 187/187
f 187/187 188/188 189/189
f 187/187 189/189 190/190
f 189/189 191/191 190/190
f 190/190 191/191 192/192
f 191/191 193/193 192/192
f 192/192 193/193 194/194
f 193/193 195/195 194/194
f 195/195 196/196 194/194
f 194/194 196/196 197/197
f 196/196 198/198 197/197
f 197/197 198/198 199/199
f 198/198 200/200 199/199
f 199/199 200/200 201/201
f 200/200 202/202 201/201
f 201/201 202/202 203/203
f 201/201 203/203 204/204
f 203/203 205/205 204/204
f 204/204 205/205 206/206
f 205/205 207/207 206/206
f 206/206 207/207 208/208
f 207/207 209/209 208/208
f 208/208 209/209 210/210
f 209/209 211/211 210/210
f 210/210 211/211 212/212
f 211/211 213/213 212/212
f 213/213 211/211 214/214
f 214/214 215/215 213/213
f 213/213 215/215 216/216
f 215/215 217/217 216/216
f 218/218 216/216 217/217
f 218/218 217/217 219/219
f 217/217 220/220 219/219
f 219/219 220/220 221/221
f 220/220 222/222 221/221
f 220/220 223/223 222/222
f 222/222 223/223 224/224
f 227/227 226/226 225/225
f 228/228 226/226 227/227
f 229/229 228/228 227/227
f 230/230 228/228 229/229
f 231/231 230/230 229/229
f 232/232 230/230 231/231
f 233/233 232/232 231/231
f 234/234 233/233 231/231
f 235/235 233/233 234/234
f 236/236 235/235 234/234
f 237/237 235/235 236/236
f 238/238 235/235 237/237
f 238/238 237/237 239/239
f 240/240 235/235 238/238
f 243/243 242/242 241/241
f 241/241 244/244 243/243
f 245/245 244/244 241/241
f 244/244 246/246 243/243
f 243/243 246/246 247/247
f 246/246 248/248 247/247
f 247/247 248/248 249/249
f 247/247 249/249 250/250
f 250/250 249/249 251/251
f 251/251 252/252 250/250
f 250/250 252/252 253/253
f 253/253 252/252 254/254
f 254/254 252/252 255/255
f 256/256 253/253 254/254
f 255/255 257/257 254/254
f 258/258 256/256 254/254
f 258/258 254/254 259/259
f 257/257 259/259 254/254
f 259/259 260/260 258/258
f 259/259 257/257 260/260
f 258/258 260/260 261/261
f 260/260 257/257 262/262
f 263/263 260/260 262/262
f 262/262 257/257 264/264
f 262/262 264/264 265/265
f 265/265 263/263 262/262
f 265/265 266/266 263/263
f 261/261 260/260 267/267
f 267/267 260/260 263/263
f 268/268 261/261 267/267
f 268/268 267/267 269/269
f 269/269 267/267 263/263
f 269/269 270/270 268/268
f 270/270 271/271 268/268
f 270/270 272/272 271/271
f 271/271 272/272 273/273
f 274/274 272/272 270/270
f 275/275 272/272 274/274
f 272/272 275/275 273/273
f 273/273 275/275 276/276
f 276/276 275/275 277/277
f 277/277 275/275 274/274
f 278/278 277/277 274/274
f 279/279 277/277 278/278
f 278/278 280/280 279/279
f 281/281 279/279 280/280
f 282/282 280/280 278/278
f 274/274 282/282 278/278
f 283/283 281/281 280/280
f 282/282 283/283 280/280
f 284/284 281/281 283/283
f 285/285 284/284 283/283
f 285/285 286/286 284/284
f 287/287 286/286 285/285
f 288/288 286/286 287/287
f 287/287 289/289 288/288
f 288/288 289/289 290/290
f 291/291 287/287 285/285
f 287/287 291/291 289/289
f 283/283 292/292 285/285
f 292/292 291/291 285/285
f 293/293 283/283 282/282
f 293/293 292/292 283/283
f 292/292 293/293 294/294
f 295/295 293/293 282/282
f 295/295 294/294 293/293
f 282/282 274/274 295/295
f 296/296 291/291 292/292
f 291/291 296/296 289/289
f 289/289 297/297 290/290
f 297/297 298/298 290/290
f 297/297 289/289 299/299
f 289/289 300/300 299/299
f 289/289 296/296 300/300
f 301/301 298/298 297/297
f 298/298 301/301 302/302
f 302/302 301/301 303/303
f 303/303 301/301 304/304
f 305/305 301/301 297/297
f 301/301 305/305 304/304
f 297/297 299/299 305/305
f 304/304 305/305 306/306
f 306/306 305/305 299/299
f 304/304 306/306 307/307
f 307/307 306/306 308/308
f 309/309 307/307 308/308
f 310/310 306/306 299/299
f 308/308 306/306 310/310
f 311/311 309/309 308/308
f 312/312 309/309 311/311
f 308/308 310/310 313/313
f 311/311 308/308 314/314
f 314/314 308/308 313/313
f 315/315 312/312 311/311
f 316/316 311/311 314/314
f 315/315 311/311 316/316
f 317/317 312/312 315/315
f 318/318 312/312 317/317
f 318/318 317/317 319/319
f 318/318 319/319 320/320
f 317/317 315/315 321/321
f 319/319 317/317 322/322
f 322/322 317/317 321/321
f 319/319 322/322 321/321
f 321/321 315/315 323/323
f 315/315 316/316 323/323
f 319/319 321/321 324/324
f 321/321 323/323 324/324
f 314/314 325/325 316/316
f 316/316 326/326 323/323
f 325/325 326/326 316/316
f 323/323 326/326 327/327
f 324/324 323/323 327/327
f 327/327 326/326 325/325
f 328/328 325/325 314/314
f 313/313 328/328 314/314
f 327/327 325/325 329/329
f 330/330 329/329 325/325
f 325/325 328/328 330/330
f 329/329 331/331 327/327
f 331/331 332/332 327/327
f 327/327 332/332 324/324
f 332/332 333/333 324/324
f 334/334 330/330 328/328
f 335/335 334/334 328/328
f 334/334 335/335 336/336
f 324/324 333/333 337/337
f 337/337 333/333 338/338
f 337/337 319/319 324/324
f 337/337 338/338 339/339
f 339/339 319/319 337/337
f 338/338 340/340 339/339
f 341/341 319/319 339/339
f 319/319 341/341 320/320
f 339/339 340/340 342/342
f 342/342 341/341 339/339
f 340/340 343/343 342/342
f 344/344 320/320 341/341
f 342/342 344/344 341/341
f 344/344 345/345 320/320
f 346/346 345/345 344/344
f 346/346 344/344 347/347
f 347/347 344/344 342/342
f 342/342 343/343 347/347
f 343/343 348/348 347/347
f 351/351 350/350 349/349
f 349/349 352/352 351/351
f 352/352 353/353 351/351
f 351/351 353/353 354/354
f 353/353 355/355 354/354
f 355/355 353/353 356/356
f 357/357 355/355 356/356
f 358/358 355/355 357/357
f 359/359 358/358 357/357
f 360/360 358/358 359/359
f 359/359 361/361 360/360
f 360/360 361/361 362/362
f 362/362 361/361 363/363
f 363/363 361/361 364/364
f 367/367 366/366 365/365
f 368/368 366/366 367/367
f 369/369 366/366 368/368
f 368/368 370/370 369/369
f 369/369 370/370 371/371
f 372/372 371/371 370/370
f 373/373 372/372 370/370
f 374/374 372/372 373/373
f 373/373 375/375 374/374
f 375/375 376/376 374/374
f 377/377 376/376 375/375
f 378/378 376/376 377/377
f 377/377 379/379 378/378
f 379/379 380/380 378/378
f 381/381 380/380 379/379
f 384/384 383/383 382/382
f 385/385 384/384 382/382
f 386/386 385/385 382/382
f 389/389 388/388 387/387
f 387/387 390/390 389/389
f 391/391 390/390 387/387
f 390/390 392/392 389/389
f 389/389 392/392 393/393
f 394/394 393/393 392/392
f 395/395 393/393 394/394
f 396/396 395/395 394/394
f 396/396 397/397 395/395
f 398/398 397/397 396/396
f 397/397 398/398 399/399
f 391/391 400/400 390/390
f 390/390 401/401 392/392
f 400/400 401/401 390/390
f 392/392 402/402 394/394
f 401/401 402/402 392/392
f 394/394 403/403 396/396
f 402/402 403/403 394/394
f 391/391 404/404 400/400
f 405/405 404/404 391/391
f 406/406 404/404 405/405
f 406/406 407/407 404/404
f 407/407 408/408 404/404
f 404/404 409/409 400/400
f 404/404 408/408 409/409
f 400/400 409/409 401/401
f 408/408 410/410 409/409
f 409/409 411/411 401/401
f 409/409 410/410 411/411
f 401/401 411/411 402/402
f 410/410 412/412 411/411
f 411/411 413/413 402/402
f 411/411 412/412 413/413
f 402/402 413/413 403/403
f 412/412 414/414 413/413
f 413/413 414/414 415/415
f 413/413 415/415 403/403
f 414/414 416/416 415/415
f 403/403 415/415 417/417
f 403/403 417/417 396/396
f 396/396 417/417 398/398
f 415/415 416/416 418/418
f 415/415 418/418 417/417
f 416/416 419/419 418/418
f 417/417 420/420 398/398
f 417/417 418/418 420/420
f 418/418 419/419 421/421
f 418/418 421/421 420/420
f 419/419 422/422 421/421
f 398/398 420/420 423/423
f 398/398 423/423 399/399
f 420/420 421/421 424/424
f 420/420 424/424 423/423
f 425/425 399/399 423/423
f 423/423 424/424 425/425
f 426/426 399/399 425/425
f 421/421 422/422 427/427
f 421/421 427/427 424/424
f 428/428 426/426 425/425
f 429/429 426/426 428/428
f 424/424 430/430 425/425
f 424/424 427/427 430/430
f 425/425 430/430 428/428
f 422/422 431/431 427/427
f 427/427 431/431 430/430
f 422/422 432/432 431/431
f 428/428 433/433 429/429
f 429/429 433/433 434/434
f 430/430 435/435 428/428
f 430/430 431/431 435/435
f 428/428 435/435 433/433
f 431/431 432/432 436/436
f 431/431 436/436 435/435
f 436/436 432/432 437/437
f 437/437 438/438 436/436
f 433/433 439/439 434/434
f 439/439 440/440 434/434
f 441/441 440/440 439/439
f 435/435 442/442 433/433
f 436/436 442/442 435/435
f 442/442 439/439 433/433
f 438/438 443/443 436/436
f 436/436 443/443 442/442
f 438/438 444/444 443/443
f 442/442 445/445 439/439
f 443/443 445/445 442/442
f 444/444 446/446 443/443
f 443/443 446/446 445/445
f 444/444 447/447 446/446
f 439/439 448/448 441/441
f 445/445 448/448 439/439
f 446/446 449/449 445/445
f 445/445 449/449 448/448
f 448/448 450/450 441/441
f 449/449 450/450 448/448
f 451/451 441/441 450/450
f 447/447 452/452 446/446
f 446/446 452/452 449/449
f 449/449 453/453 450/450
f 452/452 453/453 449/449
f 450/450 454/454 451/451
f 453/453 454/454 450/450
f 454/454 453/453 455/455
f 451/451 454/454 456/456
f 456/456 454/454 455/455
f 451/451 456/456 457/457
f 455/455 457/457 456/456
f 458/458 457/457 455/455
f 452/452 447/447 459/459
f 459/459 447/447 460/460
f 453/453 452/452 461/461
f 459/459 461/461 452/452
f 455/455 453/453 461/461
f 462/462 459/459 460/460
f 461/461 459/459 462/462
f 463/463 462/462 460/460
f 464/464 463/463 460/460
f 462/462 465/465 461/461
f 455/455 461/461 465/465
f 463/463 465/465 462/462
f 466/466 455/455 465/465
f 466/466 458/458 455/455
f 463/463 466/466 465/465
f 467/467 458/458 466/466
f 468/468 458/458 467/467
f 469/469 467/467 466/466
f 469/469 466/466 463/463
f 468/468 467/467 470/470
f 470/470 467/467 469/469
f 468/468 470/470 471/471
f 472/472 463/463 464/464
f 473/473 472/472 464/464
f 474/474 472/472 473/473
f 475/475 469/469 463/463
f 472/472 475/475 463/463
f 476/476 472/472 474/474
f 476/476 475/475 472/472
f 477/477 476/476 474/474
f 478/478 469/469 475/475
f 478/478 470/470 469/469
f 476/476 478/478 475/475
f 471/471 470/470 479/479
f 479/479 470/470 478/478
f 471/471 479/479 480/480
f 481/481 476/476 477/477
f 482/482 481/481 477/477
f 483/483 478/478 476/476
f 483/483 479/479 478/478
f 481/481 483/483 476/476
f 484/484 480/480 479/479
f 484/484 479/479 483/483
f 484/484 485/485 480/480
f 486/486 485/485 484/484
f 487/487 484/484 483/483
f 487/487 483/483 481/481
f 487/487 486/486 484/484
f 488/488 481/481 482/482
f 488/488 482/482 489/489
f 489/489 490/490 488/488
f 488/488 491/491 481/481
f 491/491 487/487 481/481
f 492/492 491/491 488/488
f 490/490 492/492 488/488
f 491/491 493/493 487/487
f 492/492 493/493 491/491
f 494/494 486/486 487/487
f 487/487 493/493 494/494
f 486/486 494/494 495/495
f 494/494 493/493 495/495
f 496/496 486/486 495/495
f 497/497 493/493 492/492
f 495/495 493/493 497/497
f 498/498 492/492 490/490
f 498/498 497/497 492/492
f 496/496 495/495 499/499
f 500/500 496/496 499/499
f 501/501 495/495 497/497
f 501/501 497/497 498/498
f 499/499 495/495 501/501
f 502/502 498/498 490/490
f 502/502 501/501 498/498
f 503/503 502/502 490/490
f 504/504 502/502 503/503
f 504/504 501/501 502/502
f 505/505 504/504 503/503
f 501/501 506/506 499/499
f 506/506 500/500 499/499
f 504/504 506/506 501/501
f 507/507 504/504 505/505
f 507/507 506/506 504/504
f 508/508 507/507 505/505
f 500/500 506/506 509/509
f 510/510 500/500 509/509
f 509/509 511/511 510/510
f 511/511 509/509 512/512
f 509/509 513/513 512/512
f 512/512 513/513 514/514
f 509/509 506/506 515/515
f 515/515 506/506 507/507
f 509/509 515/515 513/513
f 516/516 515/515 507/507
f 516/516 507/507 508/508
f 513/513 515/515 516/516
f 513/513 516/516 508/508
f 517/517 513/513 508/508
f 513/513 518/518 514/514
f 518/518 513/513 517/517
f 514/514 518/518 519/519
f 520/520 518/518 517/517
f 521/521 519/519 518/518
f 521/521 518/518 520/520
f 524/524 523/523 522/522
f 523/523 525/525 522/522
f 525/525 526/526 522/522
f 522/522 526/526 527/527
f 527/527 528/528 522/522
f 528/528 529/529 522/522
f 529/529 530/530 522/522
f 530/530 531/531 522/522
f 522/522 531/531 532/532
f 522/522 532/532 533/533
f 533/533 534/534 522/522
f 534/534 535/535 522/522
f 522/522 535/535 536/536
f 522/522 536/536 537/537
f 537/537 538/538 522/522
f 538/538 539/539 522/522
f 539/539 540/540 522/522
f 522/522 540/540 541/541
f 522/522 541/541 542/542
f 543/543 522/522 542/542
f 522/522 543/543 544/544
f 544/544 545/545 522/522
f 546/546 522/522 545/545
f 546/546 547/547 522/522
f 522/522 547/547 548/548
f 548/548 549/549 522/522
f 522/522 549/549 550/550
f 550/550 551/551 522/522
f 522/522 551/551 552/552
f 553/553 522/522 552/552
f 522/522 553/553 554/554
f 522/522 554/554 555/555
f 555/555 556/556 522/522
f 556/556 557/557 522/522
f 522/522 557/557 558/558
f 522/522 558/558 559/559
f 559/559 560/560 522/522
f 560/560 561/561 522/522
f 561/561 562/562 522/522
f 565/565 564/564 563/563
f 563/563 564/564 566/566
f 564/564 567/567 566/566
f 566/566 567/567 568/568
f 567/567 569/569 568/568
f 570/570 568/568 569/569
f 571/571 570/570 569/569
f 572/572 570/570 571/571
f 572/572 571/571 573/573
f 571/571 574/574 573/573
f 573/573 574/574 575/575
f 574/574 576/576 575/575
f 575/575 576/576 577/577
f 576/576 578/578 577/577
f 579/579 577/577 578/578
f 580/580 579/579 578/578
f 581/581 579/579 580/580
f 581/581 582/582 579/579
f 583/583 582/582 581/581
f 583/583 581/581 584/584
f 581/581 585/585 584/584
f 584/584 585/585 586/586
f 585/585 587/587 586/586
f 586/586 587/587 588/588
f 587/587 589/589 588/588
f 588/588 589/589 590/590
f 589/589 591/591 590/590
f 591/591 592/592 590/590
f 593/593 592/592 591/591
f 593/593 594/594 592/592
f 592/592 594/594 595/595
f 594/594 596/596 595/595
f 595/595 596/596 597/597
f 598/598 597/597 596/596
f 599/599 597/597 598/598
f 599/599 598/598 600/600
f 598/598 601/601 600/600
f 600/600 601/601 602/602
f 601/601 603/603 602/602
f 604/604 602/602 603/603
f 605/605 604/604 603/603
f 604/604 605/605 606/606
f 605/605 607/607 606/606
f 606/606 607/607 608/608
f 607/607 609/609 608/608
f 608/608 609/609 610/610
f 609/609 611/611 610/610
f 610/610 611/611 612/612
f 611/611 613/613 612/612
f 612/612 613/613 614/614
f 615/615 614/614 613/613
f 615/615 616/616 614/614
f 617/617 616/616 615/615
f 618/618 616/616 617/617
f 617/617 619/619 618/618
f 617/617 620/620 619/619
f 619/619 620/620 621/621
f 620/620 622/622 621/621
f 621/621 622/622 623/623
f 622/622 624/624 623/623
f 623/623 624/624 625/625
f 624/624 626/626 625/625
f 625/625 626/626 627/627
f 628/628 627/627 626/626
f 629/629 627/627 628/628
f 629/629 628/628 630/630
f 628/628 631/631 630/630
f 631/631 632/632 630/630
f 630/630 632/632 633/633
f 632/632 634/634 633/633
f 633/633 634/634 635/635
f 638/638 637/637 636/636
f 639/639 637/637 638/638
f 640/640 639/639 638/638
f 641/641 639/639 640/640
f 642/642 641/641 640/640
f 643/643 642/642 640/640
f 644/644 642/642 643/643
f 645/645 642/642 644/644
f 646/646 642/642 645/645
f 647/647 646/646 645/645
f 645/645 648/648 647/647
f 649/649 648/648 645/645
f 650/650 649/649 645/645
f 645/645 651/651 650/650
f 652/652 651/651 645/645
f 653/653 652/652 645/645
f 654/654 652/652 653/653
f 654/654 655/655 652/652
f 655/655 656/656 652/652
f 652/652 656/656 657/657
f 656/656 658/658 657/657
f 659/659 658/658 656/656
f 660/660 659/659 656/656
f 663/663 662/662 661/661
f 664/664 662/662 663/663
f 665/665 664/664 663/663
f 666/666 665/665 663/663
f 664/664 665/665 667/667
f 668/668 665/665 666/666
f 669/669 668/668 666/666
f 670/670 668/668 669/669
f 671/671 670/670 669/669
f 672/672 670/670 671/671
f 665/665 673/673 667/667
f 673/673 674/674 667/667
f 675/675 667/667 674/674
f 676/676 667/667 675/675
f 677/677 676/676 675/675
f 678/678 676/676 677/677
f 679/679 678/678 677/677
f 680/680 678/678 679/679
f 681/681 680/680 679/679
f 682/682 672/672 671/671
f 683/683 672/672 682/682
f 684/684 683/683 682/682
f 685/685 684/684 682/682
f 686/686 684/684 685/685
f 687/687 686/686 685/685
f 688/688 686/686 687/687
f 689/689 688/688 687/687
f 690/690 688/688 689/689
f 691/691 690/690 689/689
f 692/692 690/690 691/691
f 693/693 692/692 691/691
f 694/694 692/692 693/693
f 695/695 694/694 693/693
f 696/696 694/694 695/695
f 697/697 696/696 695/695
f 698/698 696/696 697/697
f 699/699 698/698 697/697
f 697/697 700/700 699/699
f 700/700 701/701 699/699
f 701/701 702/702 699/699
f 699/699 702/702 703/703
f 702/702 704/704 703/703
f 704/704 705/705 703/703
f 705/705 706/706 703/703
f 703/703 706/706 707/707
f 706/706 708/708 707/707
f 707/707 708/708 709/709
f 708/708 710/710 709/709
f 709/709 710/710 711/711
f 710/710 712/712 711/711
f 711/711 712/712 713/713
f 712/712 714/714 713/713
f 713/713 714/714 715/715
f 714/714 716/716 715/715
f 715/715 716/716 717/717
f 716/716 718/718 717/717
f 717/717 718/718 719/719
f 719/719 718/718 681/681
f 718/718 680/680 681/681
f 722/722 721/721 720/720
f 720/720 721/721 723/723
f 721/721 724/724 723/723
f 725/725 723/723 724/724
f 726/726 723/723 725/725
f 727/727 726/726 725/725
f 728/728 726/726 727/727
f 729/729 728/728 727/727
f 730/730 728/728 729/729
f 731/731 730/730 729/729
f 732/732 730/730 731/731
f 733/733 732/732 731/731
f 734/734 732/732 733/733
f 735/735 734/734 733/733
f 736/736 734/734 735/735
f 737/737 736/736 735/735
f 738/738 736/736 737/737
f 739/739 736/736 738/738
f 740/740 739/739 738/738
f 741/741 739/739 740/740
f 742/742 741/741 740/740
f 743/743 741/741 742/742
f 744/744 743/743 742/742
f 745/745 743/743 744/744
f 746/746 745/745 744/744
f 747/747 745/745 746/746
f 748/748 747/747 746/746
f 749/749 747/747 748/748
f 750/750 749/749 748/748
f 749/749 750/750 751/751
f 754/754 753/753 752/752
f 753/753 754/754 755/755
f 754/754 756/756 755/755
f 755/755 756/756 757/757
f 756/756 758/758 757/757
f 757/757 758/758 759/759
f 758/758 760/760 759/759
f 759/759 760/760 761/761
f 760/760 762/762 761/761
f 761/761 762/762 763/763
f 762/762 764/764 763/763
f 763/763 764/764 765/765
f 764/764 766/766 765/765
f 765/765 766/766 767/767
f 767/767 766/766 768/768
f 766/766 769/769 768/768
f 768/768 769/769 770/770
f 769/769 771/771 770/770
f 770/770 771/771 772/772
f 771/771 773/773 772/772
f 772/772 773/773 774/774
f 773/773 775/775 774/774
f 774/774 775/775 776/776
f 775/775 777/777 776/776
f 776/776 777/777 778/778
f 777/777 779/779 778/778
f 778/778 779/779 780/780
f 781/781 780/780 779/779
f 782/782 781/781 779/779
f 785/785 784/784 783/783
f 786/786 784/784 785/785
f 789/789 788/788 787/787
f 790/790 788/788 789/789
f 791/791 790/790 789/789
f 792/792 790/790 791/791
f 793/793 792/792 791/791
f 794/794 792/792 793/793
f 797/797 796/796 795/795
f 798/798 795/795 796/796
f 795/795 798/798 799/799
f 795/795 799/799 800/800
f 800/800 799/799 801/801
f 802/802 800/800 801/801
f 803/803 802/802 801/801
f 804/804 802/802 803/803
f 805/805 804/804 803/803
f 806/806 804/804 805/805
f 807/807 806/806 805/805
f 807/807 808/808 806/806
f 806/806 808/808 809/809
f 809/809 808/808 810/810
f 809/809 810/810 811/811
f 812/812 811/811 810/810
f 813/813 811/811 812/812
f 814/814 813/813 812/812
f 815/815 814/814 812/812
f 816/816 814/814 815/815
f 817/817 816/816 815/815
f 818/818 816/816 817/817
f 819/819 818/818 817/817
f 820/820 818/818 819/819
f 821/821 820/820 819/819
f 822/822 820/820 821/821
f 823/823 822/822 821/821
f 824/824 822/822 823/823
f 825/825 824/824 823/823
f 826/826 824/824 825/825
f 825/825 827/827 826/826
f 828/828 826/826 827/827
f 826/826 828/828 829/829
f 826/826 829/829 830/830
f 830/830 829/829 831/831
f 832/832 830/830 831/831
f 833/833 832/832 831/831
f 834/834 832/832 833/833
f 835/835 834/834 833/833
f 836/836 834/834 835/835
f 837/837 836/836 835/835
f 837/837 838/838 836/836
f 836/836 838/838 839/839
f 838/838 840/840 839/839
f 839/839 840/840 841/841
f 841/841 840/840 842/842
f 841/841 842/842 843/843
f 844/844 843/843 842/842
f 845/845 843/843 844/844
f 846/846 845/845 844/844
f 847/847 846/846 844/844
f 848/848 846/846 847/847
f 849/849 848/848 847/847
f 850/850 848/848 849/849
f 851/851 850/850 849/849
f 852/852 850/850 851/851
f 853/853 852/852 851/851
f 854/854 852/852 853/853
f 855/855 854/854 853/853
f 856/856 854/854 855/855
f 859/859 858/858 857/857
f 860/860 859/859 857/857
f 861/861 859/859 860/860
f 862/862 861/861 860/860
f 863/863 861/861 862/862
f 864/864 863/863 862/862
f 865/865 863/863 864/864
f 866/866 865/865 864/864
f 867/867 865/865 866/866
f 868/868 867/867 866/866
f 869/869 867/867 868/868
f 870/870 869/869 868/868
f 871/871 869/869 870/870
f 872/872 871/871 870/870
f 873/873 871/871 872/872
f 874/874 873/873 872/872
f 875/875 873/873 874/874
f 876/876 875/875 874/874
f 877/877 875/875 876/876
f 878/878 877/877 876/876
f 879/879 877/877 878/878
f 880/880 879/879 878/878
f 881/881 879/879 880/880
f 882/882 881/881 880/880
f 883/883 881/881 882/882
f 884/884 883/883 882/882
f 885/885 883/883 884/884
f 886/886 885/885 884/884
f 887/887 885/885 886/886
f 888/888 887/887 886/886
f 889/889 887/887 888/888
f 890/890 889/889 888/888
f 891/891 889/889 890/890
f 892/892 891/891 890/890
f 893/893 891/891 892/892
f 894/894 893/893 892/892
f 895/895 893/893 894/894
f 896/896 895/895 894/894
f 897/897 895/895 896/896
f 898/898 897/897 896/896
f 899/899 897/897 898/898
f 900/900 899/899 898/898
f 901/901 899/899 900/900
f 902/902 901/901 900/900
f 903/903 901/901 902/902
f 904/904 903/903 902/902
f 905/905 903/903 904/904
f 906/906 905/905 904/904
f 909/909 908/908 907/907
f 910/910 909/909 907/907
f 909/909 910/910 911/911
f 911/911 910/910 912/912
f 915/915 914/914 913/913
f 916/916 914/914 915/915
f 916/916 915/915 917/917
f 917/917 915/915 918/918
f 921/921 920/920 919/919
f 920/920 922/922 919/919
f 923/923 922/922 920/920
f 923/923 924/924 922/922
f 328/328 925/925 335/335
f 925/925 328/328 313/313
f 926/926 925/925 313/313
f 335/335 925/925 926/926
f 310/310 926/926 313/313
f 927/927 926/926 310/310
f 299/299 927/927 310/310
f 927/927 928/928 926/926
f 299/299 928/928 927/927
f 928/928 335/335 926/926
f 929/929 928/928 299/299
f 929/929 335/335 928/928
f 300/300 929/929 299/299
f 930/930 335/335 929/929
f 335/335 930/930 336/336
f 300/300 931/931 929/929
f 296/296 931/931 300/300
f 930/930 932/932 336/336
f 933/933 336/336 932/932
f 934/934 933/933 932/932
f 935/935 933/933 934/934
f 936/936 935/935 934/934
f 937/937 936/936 934/934
f 938/938 936/936 937/937
f 929/929 939/939 930/930
f 932/932 930/930 939/939
f 931/931 939/939 929/929
f 934/934 932/932 939/939
f 931/931 940/940 939/939
f 939/939 940/940 934/934
f 296/296 941/941 931/931
f 941/941 940/940 931/931
f 941/941 296/296 942/942
f 296/296 292/292 942/942
f 942/942 292/292 294/294
f 943/943 940/940 941/941
f 943/943 941/941 942/942
f 940/940 943/943 934/934
f 944/944 943/943 942/942
f 943/943 944/944 934/934
f 294/294 944/944 942/942
f 934/934 944/944 945/945
f 937/937 934/934 945/945
f 944/944 946/946 945/945
f 945/945 946/946 937/937
f 947/947 946/946 944/944
f 294/294 947/947 944/944
f 946/946 948/948 937/937
f 948/948 946/946 947/947
f 949/949 948/948 947/947
f 949/949 947/947 950/950
f 950/950 947/947 294/294
f 951/951 950/950 294/294
f 951/951 294/294 295/295
f 295/295 952/952 951/951
f 274/274 952/952 295/295
f 953/953 950/950 951/951
f 952/952 953/953 951/951
f 274/274 954/954 952/952
f 270/270 954/954 274/274
f 952/952 955/955 953/953
f 952/952 954/954 955/955
f 270/270 956/956 954/954
f 270/270 269/269 956/956
f 954/954 957/957 955/955
f 954/954 956/956 957/957
f 956/956 269/269 958/958
f 958/958 957/957 956/956
f 959/959 955/955 957/957
f 955/955 959/959 953/953
f 269/269 960/960 958/958
f 263/263 960/960 269/269
f 959/959 957/957 961/961
f 958/958 961/961 957/957
f 962/962 961/961 958/958
f 958/958 960/960 963/963
f 963/963 962/962 958/958
f 263/263 964/964 960/960
f 964/964 263/263 266/266
f 963/963 960/960 965/965
f 960/960 964/964 965/965
f 965/965 962/962 963/963
f 966/966 964/964 266/266
f 965/965 964/964 966/966
f 961/961 967/967 959/959
f 962/962 967/967 961/961
f 966/966 266/266 968/968
f 266/266 969/969 968/968
f 968/968 969/969 970/970
f 970/970 969/969 971/971
f 971/971 972/972 970/970
f 973/973 970/970 972/972
f 968/968 970/970 973/973
f 974/974 973/973 972/972
f 973/973 974/974 975/975
f 974/974 976/976 975/975
f 975/975 976/976 977/977
f 976/976 978/978 977/977
f 979/979 973/973 975/975
f 979/979 975/975 977/977
f 977/977 980/980 979/979
f 977/977 978/978 981/981
f 980/980 977/977 981/981
f 982/982 981/981 978/978
f 981/981 982/982 983/983
f 984/984 968/968 973/973
f 984/984 973/973 979/979
f 984/984 979/979 985/985
f 986/986 968/968 984/984
f 986/986 984/984 985/985
f 966/966 968/968 986/986
f 966/966 986/986 987/987
f 966/966 987/987 965/965
f 988/988 980/980 981/981
f 988/988 981/981 983/983
f 983/983 982/982 989/989
f 982/982 990/990 989/989
f 990/990 991/991 989/989
f 991/991 992/992 989/989
f 992/992 993/993 989/989
f 989/989 993/993 983/983
f 986/986 994/994 987/987
f 986/986 985/985 994/994
f 987/987 995/995 965/965
f 965/965 995/995 962/962
f 996/996 995/995 987/987
f 962/962 995/995 996/996
f 987/987 994/994 997/997
f 987/987 997/997 996/996
f 997/997 994/994 998/998
f 994/994 985/985 998/998
f 999/999 993/993 992/992
f 1000/1000 999/999 992/992
f 1001/1001 999/999 1000/1000
f 1002/1002 962/962 996/996
f 967/967 962/962 1002/1002
f 996/996 997/997 1003/1003
f 997/997 998/998 1003/1003
f 1004/1004 996/996 1003/1003
f 1002/1002 996/996 1004/1004
f 1005/1005 967/967 1002/1002
f 967/967 1005/1005 959/959
f 959/959 1005/1005 1006/1006
f 953/953 959/959 1006/1006
f 1007/1007 1005/1005 1002/1002
f 1005/1005 1007/1007 1006/1006
f 998/998 1008/1008 1003/1003
f 1003/1003 1008/1008 1004/1004
f 1006/1006 1009/1009 953/953
f 953/953 1009/1009 950/950
f 1009/1009 1010/1010 950/950
f 1010/1010 1009/1009 1006/1006
f 950/950 1010/1010 949/949
f 1006/1006 1011/1011 1010/1010
f 1006/1006 1007/1007 1011/1011
f 1011/1011 949/949 1010/1010
f 1012/1012 1002/1002 1004/1004
f 1007/1007 1002/1002 1012/1012
f 1013/1013 1012/1012 1004/1004
f 1014/1014 1007/1007 1012/1012
f 1014/1014 1012/1012 1013/1013
f 1015/1015 1007/1007 1014/1014
f 1007/1007 1015/1015 1011/1011
f 1015/1015 1014/1014 1016/1016
f 1011/1011 1015/1015 1016/1016
f 1016/1016 1014/1014 1013/1013
f 1017/1017 949/949 1011/1011
f 1017/1017 1011/1011 1016/1016
f 1004/1004 1018/1018 1013/1013
f 1008/1008 1018/1018 1004/1004
f 1019/1019 1017/1017 1016/1016
f 1020/1020 949/949 1017/1017
f 1020/1020 1017/1017 1019/1019
f 1021/1021 949/949 1020/1020
f 1021/1021 1020/1020 1019/1019
f 1022/1022 1019/1019 1016/1016
f 1016/1016 1013/1013 1022/1022
f 1013/1013 1023/1023 1022/1022
f 1024/1024 1019/1019 1022/1022
f 1024/1024 1021/1021 1019/1019
f 1021/1021 1024/1024 1025/1025
f 1024/1024 1026/1026 1025/1025
f 1026/1026 1024/1024 1022/1022
f 1022/1022 1023/1023 1026/1026
f 1013/1013 1018/1018 1027/1027
f 1013/1013 1027/1027 1023/1023
f 1028/1028 949/949 1021/1021
f 948/948 949/949 1028/1028
f 948/948 1028/1028 1029/1029
f 937/937 948/948 1029/1029
f 1030/1030 1028/1028 1021/1021
f 1029/1029 1028/1028 1030/1030
f 1029/1029 1031/1031 937/937
f 1030/1030 1031/1031 1029/1029
f 1030/1030 1021/1021 1032/1032
f 1032/1032 1021/1021 1025/1025
f 1026/1026 1023/1023 1033/1033
f 1025/1025 1026/1026 1033/1033
f 1031/1031 1034/1034 937/937
f 1034/1034 938/938 937/937
f 1035/1035 938/938 1034/1034
f 1031/1031 1035/1035 1034/1034
f 1030/1030 1036/1036 1031/1031
f 1031/1031 1036/1036 1035/1035
f 1032/1032 1036/1036 1030/1030
f 1036/1036 1037/1037 1035/1035
f 1032/1032 1037/1037 1036/1036
f 1038/1038 1037/1037 1032/1032
f 1039/1039 1038/1038 1032/1032
f 1032/1032 1025/1025 1039/1039
f 1025/1025 1038/1038 1039/1039
f 1040/1040 1038/1038 1025/1025
f 1041/1041 1040/1040 1025/1025
f 1033/1033 1041/1041 1025/1025
f 1040/1040 1041/1041 1033/1033
f 1042/1042 1040/1040 1033/1033
f 1043/1043 1042/1042 1033/1033
f 1042/1042 1043/1043 1044/1044
f 1033/1033 1023/1023 1043/1043
f 1043/1043 1045/1045 1044/1044
f 1045/1045 1043/1043 1023/1023
f 1044/1044 1045/1045 1046/1046
f 1045/1045 1023/1023 1047/1047
f 1027/1027 1047/1047 1023/1023
f 1045/1045 1048/1048 1046/1046
f 1045/1045 1047/1047 1048/1048
f 1049/1049 1047/1047 1027/1027
f 1047/1047 1049/1049 1048/1048
f 1048/1048 1050/1050 1046/1046
f 1048/1048 1049/1049 1050/1050
f 1046/1046 1050/1050 1051/1051
f 1052/1052 1049/1049 1027/1027
f 1052/1052 1027/1027 1018/1018
f 1049/1049 1053/1053 1050/1050
f 1050/1050 1053/1053 1051/1051
f 1049/1049 1052/1052 1053/1053
f 1053/1053 1054/1054 1051/1051
f 1051/1051 1054/1054 1055/1055
f 1054/1054 1053/1053 1056/1056
f 1052/1052 1056/1056 1053/1053
f 1057/1057 1052/1052 1018/1018
f 1057/1057 1018/1018 1008/1008
f 1054/1054 1058/1058 1055/1055
f 1054/1054 1056/1056 1058/1058
f 1052/1052 1059/1059 1056/1056
f 1057/1057 1059/1059 1052/1052
f 1060/1060 1057/1057 1008/1008
f 1059/1059 1057/1057 1060/1060
f 998/998 1060/1060 1008/1008
f 1061/1061 1055/1055 1058/1058
f 1062/1062 1055/1055 1061/1061
f 1056/1056 1063/1063 1058/1058
f 1063/1063 1056/1056 1059/1059
f 1058/1058 1063/1063 1061/1061
f 1063/1063 1064/1064 1061/1061
f 1065/1065 1062/1062 1061/1061
f 1061/1061 1064/1064 1065/1065
f 1066/1066 1062/1062 1065/1065
f 1063/1063 1059/1059 1067/1067
f 1067/1067 1059/1059 1060/1060
f 1064/1064 1063/1063 1067/1067
f 1068/1068 1066/1066 1065/1065
f 1065/1065 1064/1064 1068/1068
f 1069/1069 1066/1066 1068/1068
f 1070/1070 1060/1060 998/998
f 998/998 985/985 1070/1070
f 1071/1071 1067/1067 1060/1060
f 1067/1067 1071/1071 1064/1064
f 1071/1071 1060/1060 1070/1070
f 1069/1069 1068/1068 1072/1072
f 1069/1069 1072/1072 1073/1073
f 1068/1068 1064/1064 1074/1074
f 1072/1072 1068/1068 1074/1074
f 1071/1071 1075/1075 1064/1064
f 1075/1075 1071/1071 1070/1070
f 1064/1064 1075/1075 1074/1074
f 985/985 1076/1076 1070/1070
f 1075/1075 1070/1070 1076/1076
f 1072/1072 1077/1077 1073/1073
f 1073/1073 1077/1077 1078/1078
f 985/985 1079/1079 1076/1076
f 1079/1079 985/985 979/979
f 980/980 1079/1079 979/979
f 1079/1079 980/980 1076/1076
f 980/980 1075/1075 1076/1076
f 1074/1074 1075/1075 980/980
f 988/988 1074/1074 980/980
f 1080/1080 1072/1072 1074/1074
f 1080/1080 1074/1074 988/988
f 1077/1077 1072/1072 1080/1080
f 983/983 1080/1080 988/988
f 1081/1081 1080/1080 983/983
f 1077/1077 1080/1080 1081/1081
f 1082/1082 1081/1081 983/983
f 1077/1077 1081/1081 1082/1082
f 983/983 993/993 1082/1082
f 1083/1083 1077/1077 1082/1082
f 1077/1077 1083/1083 1078/1078
f 1084/1084 1082/1082 993/993
f 1084/1084 1083/1083 1082/1082
f 993/993 999/999 1084/1084
f 1085/1085 1078/1078 1083/1083
f 1085/1085 1083/1083 1084/1084
f 1086/1086 1078/1078 1085/1085
f 1084/1084 999/999 1087/1087
f 1087/1087 1085/1085 1084/1084
f 999/999 1001/1001 1087/1087
f 1088/1088 1086/1086 1085/1085
f 1088/1088 1085/1085 1087/1087
f 1089/1089 1086/1086 1088/1088
f 1090/1090 1089/1089 1088/1088
f 1087/1087 1001/1001 1091/1091
f 1091/1091 1088/1088 1087/1087
f 1091/1091 1001/1001 1092/1092
f 1093/1093 1091/1091 1092/1092
f 1094/1094 1093/1093 1092/1092
f 1095/1095 1090/1090 1088/1088
f 1095/1095 1088/1088 1091/1091
f 1093/1093 1095/1095 1091/1091
f 1096/1096 1090/1090 1095/1095
f 1093/1093 1096/1096 1095/1095
f 1097/1097 1096/1096 1093/1093
f 1098/1098 1097/1097 1093/1093
f 1099/1099 1098/1098 1093/1093
f 1099/1099 1093/1093 1094/1094
f 1100/1100 1098/1098 1099/1099
f 1094/1094 1101/1101 1099/1099
f 1094/1094 1102/1102 1101/1101
f 1103/1103 1100/1100 1099/1099
f 1101/1101 1103/1103 1099/1099
f 1104/1104 1100/1100 1103/1103
f 1105/1105 1104/1104 1103/1103
f 1105/1105 1103/1103 1101/1101
f 1106/1106 1104/1104 1105/1105
f 1102/1102 1107/1107 1101/1101
f 1105/1105 1101/1101 1107/1107
f 1108/1108 1107/1107 1102/1102
f 1109/1109 1107/1107 1108/1108
f 1109/1109 1105/1105 1107/1107
f 1109/1109 1108/1108 1110/1110
f 1111/1111 1106/1106 1105/1105
f 1111/1111 1105/1105 1109/1109
f 1111/1111 1112/1112 1106/1106
f 1113/1113 1112/1112 1111/1111
f 1114/1114 1113/1113 1111/1111
f 1114/1114 1111/1111 1109/1109
f 1115/1115 1113/1113 1114/1114
f 1110/1110 1116/1116 1109/1109
f 1114/1114 1109/1109 1116/1116
f 1110/1110 1117/1117 1116/1116
f 1118/1118 1115/1115 1114/1114
f 1116/1116 1118/1118 1114/1114
f 1116/1116 1117/1117 1118/1118
f 1119/1119 1115/1115 1118/1118
f 1117/1117 1120/1120 1118/1118
f 1120/1120 1119/1119 1118/1118
