v 0.0344499719 -0.00760098982 -0.253571616
v 0.0338715101 -0.00835862442 -0.254288851
v 0.0341295219 -0.014468994 -0.254185218
v -0.0105860958 -0.0231206426 -0.195767242
v -0.0102280616 -0.0268362471 -0.179509155
v -0.0104820308 -0.0216768991 -0.201531383
v -0.0183495011 0.0193295315 -0.170288526
v -0.0182495154 0.0250133117 -0.163746497
v -0.018439542 0.0130005616 -0.174659921
v -0.0175699265 -0.0243703588 -0.132877869
v -0.0173755066 -0.0134588787 -0.122977642
v -0.0174559854 -0.0194664463 -0.12718318
v 0.0326990383 0.0327147426 -0.142277218
v 0.0351710506 0.0341090434 -0.106917741
v 0.0342627813 0.0332571451 -0.116990646
v 0.0405266182 0.033796329 -0.0572206278
v 0.0406203616 0.0343092258 -0.0565638184
v 0.0444603153 0.0332544626 -0.0395031675
v 0.0314529141 0.033474402 -0.137955882
v 0.0319782528 0.0339040619 -0.139133306
v 0.0334695912 0.0348837552 -0.115166418
v -0.0116293419 -0.0180681508 -0.258709723
v -0.0113871443 -0.0175740274 -0.258670095
v -0.0119204298 -0.0169915711 -0.255753659
v 0.0377965486 -0.00708757031 -0.041745964
v 0.0425975659 -0.00701237796 -0.0455248955
v 0.0438280206 -0.00717038982 -0.0400699704
v -0.00191767239 0.0259256192 -0.0990853878
v -0.00293429007 0.0275498166 -0.149044208
v -0.00335270066 0.0224989792 -0.169598893
v 0.0392479198 0.0151037462 -0.195927313
v 0.0417170427 0.00902946632 -0.196097419
v 0.0392353592 0.00807547892 -0.196047849
v 0.0420077953 0.0144722646 -0.196364871
v 0.0421342171 0.00826606488 -0.196859264
v 0.0352245927 0.00371963086 -0.243823999
v 0.0327991901 0.00360435511 -0.243539875
v 0.035234771 -0.00381342744 -0.243781856
v 0.0327922931 -0.0039153962 -0.243606837
v 0.0358084075 -0.00408681895 -0.243399246
v 0.0344499719 -0.00760098982 -0.253571616
v 0.0341295219 -0.014468994 -0.254185218
v 0.034568242 -0.0170738362 -0.252213026
v 0.0417517048 -0.0174274704 -0.199707597
v 0.0343477515 -0.0178722256 -0.250899699
v 0.041236989 -0.0179121904 -0.199487153
v 0.0417605406 -0.0164549456 -0.197452563
v 0.0420295529 -0.0142999699 -0.196283171
v 0.0420336939 -0.00795831871 -0.196996378
v 0.041748264 -0.00907329812 -0.196133112
v 0.0414944055 -0.00515421854 -0.201490941
v 0.0357877372 0.00411852001 -0.243518827
v 0.0413361118 0.00393410371 -0.201464701
v 0.0418899566 0.0169320287 -0.198295503
v 0.0414681354 0.00578056641 -0.200160686
v 0.0421342171 0.00826606488 -0.196859264
v 0.0420077953 0.0144722646 -0.196364871
v 0.0345581982 0.0176569404 -0.250900374
v 0.0413026412 0.0177498943 -0.199499517
v 0.0343683104 0.0156435243 -0.253508915
v 0.0344255321 0.00763041035 -0.253691198
v 0.0338768574 0.0143720391 -0.254242378
v 0.0337947357 0.00822849838 -0.254313694
v 0.0420295529 -0.0142999699 -0.196283171
v 0.039264447 -0.00850069139 -0.195899396
v 0.041748264 -0.00907329812 -0.196133112
v 0.0392766537 -0.0146166198 -0.195833808
v 0.0417605406 -0.0164549456 -0.197452563
v 0.0389441921 -0.0176516284 -0.198296178
v 0.041236989 -0.0179121904 -0.199487153
v 0.0338715101 -0.00835862442 -0.254288851
v 0.0313829842 -0.00836181369 -0.253987196
v 0.0341295219 -0.014468994 -0.254185218
v 0.03142708 -0.0153702613 -0.253690081
v 0.0338768574 0.0143720391 -0.254242378
v 0.0313755491 0.0143634547 -0.253951503
v 0.0337947357 0.00822849838 -0.254313694
v 0.0313790362 0.00821838022 -0.253950316
v 0.0343477515 -0.0178722256 -0.250899699
v 0.031854339 -0.0179198499 -0.250551151
v 0.041236989 -0.0179121904 -0.199487153
v 0.0389441921 -0.0176516284 -0.198296178
v 0.0413026412 0.0177498943 -0.199499517
v 0.0388065192 0.0177995743 -0.199169875
v 0.0345581982 0.0176569404 -0.250900374
v 0.031716666 0.0175313819 -0.251424825
v 0.035234771 -0.00381342744 -0.243781856
v 0.0327922931 -0.0039153962 -0.243606837
v 0.0339666533 -0.0067685963 -0.253106072
v 0.0315460935 -0.0068040166 -0.252778782
v 0.0340240652 0.00667248975 -0.253104349
v 0.0315397448 0.0066374267 -0.252772123
v 0.0352245927 0.00371963086 -0.243823999
v 0.0327991901 0.00360435511 -0.243539875
v 0.0315397448 0.0066374267 -0.252772123
v 0.0337947357 0.00822849838 -0.254313694
v 0.0313790362 0.00821838022 -0.253950316
v 0.0340240652 0.00667248975 -0.253104349
v 0.0344255321 0.00763041035 -0.253691198
v 0.0313829842 -0.00836181369 -0.253987196
v 0.0339666533 -0.0067685963 -0.253106072
v 0.0315460935 -0.0068040166 -0.252778782
v 0.0338715101 -0.00835862442 -0.254288851
v 0.0344499719 -0.00760098982 -0.253571616
v 0.0345581982 0.0176569404 -0.250900374
v 0.031716666 0.0175313819 -0.251424825
v 0.0343683104 0.0156435243 -0.253508915
v 0.0313755491 0.0143634547 -0.253951503
v 0.0338768574 0.0143720391 -0.254242378
v 0.0341295219 -0.014468994 -0.254185218
v 0.03142708 -0.0153702613 -0.253690081
v 0.034568242 -0.0170738362 -0.252213026
v 0.031854339 -0.0179198499 -0.250551151
v 0.0343477515 -0.0178722256 -0.250899699
v 0.0388065192 0.0177995743 -0.199169875
v 0.0413026412 0.0177498943 -0.199499517
v 0.0418899566 0.0169320287 -0.198295503
v 0.0392479198 0.0151037462 -0.195927313
v 0.0420077953 0.0144722646 -0.196364871
v 0.0358084075 -0.00408681895 -0.243399246
v 0.035234771 -0.00381342744 -0.243781856
v 0.0344499719 -0.00760098982 -0.253571616
v 0.0339666533 -0.0067685963 -0.253106072
v 0.0357877372 0.00411852001 -0.243518827
v 0.0352245927 0.00371963086 -0.243823999
v 0.0358084075 -0.00408681895 -0.243399246
v 0.035234771 -0.00381342744 -0.243781856
v 0.0344255321 0.00763041035 -0.253691198
v 0.0340240652 0.00667248975 -0.253104349
v 0.0357877372 0.00411852001 -0.243518827
v 0.0352245927 0.00371963086 -0.243823999
v 0.0413361118 0.00393410371 -0.201464701
v 0.03860966 -0.00497753562 -0.200711307
v 0.0386171417 0.00491698421 -0.200616848
v 0.0410097771 -0.00400447467 -0.201238971
v 0.0414944055 -0.00515421854 -0.201490941
v 0.0386171417 0.00491698421 -0.200616848
v 0.0414681354 0.00578056641 -0.200160686
v 0.0413361118 0.00393410371 -0.201464701
v 0.0415642914 0.00725560239 -0.197265646
v 0.0392353592 0.00807547892 -0.196047849
v 0.0421342171 0.00826606488 -0.196859264
v 0.0417170427 0.00902946632 -0.196097419
v 0.039264447 -0.00850069139 -0.195899396
v 0.0420336939 -0.00795831871 -0.196996378
v 0.041748264 -0.00907329812 -0.196133112
v 0.03860966 -0.00497753562 -0.200711307
v 0.0411857885 -0.00570538254 -0.200106809
v 0.0410097771 -0.00400447467 -0.201238971
v 0.0414944055 -0.00515421854 -0.201490941
v 0.0313755491 0.0143634547 -0.253951503
v 0.0315397448 0.0066374267 -0.252772123
v 0.0313790362 0.00821838022 -0.253950316
v 0.031716666 0.0175313819 -0.251424825
v 0.0327991901 0.00360435511 -0.243539875
v 0.0388065192 0.0177995743 -0.199169875
v 0.0386171417 0.00491698421 -0.200616848
v 0.0392479198 0.0151037462 -0.195927313
v 0.0392353592 0.00807547892 -0.196047849
v 0.03860966 -0.00497753562 -0.200711307
v 0.0327922931 -0.0039153962 -0.243606837
v 0.0389441921 -0.0176516284 -0.198296178
v 0.0392766537 -0.0146166198 -0.195833808
v 0.039264447 -0.00850069139 -0.195899396
v 0.031854339 -0.0179198499 -0.250551151
v 0.0315460935 -0.0068040166 -0.252778782
v 0.03142708 -0.0153702613 -0.253690081
v 0.0313829842 -0.00836181369 -0.253987196
v 0.0331926208 0.0117068761 -0.169022544
v 0.0388034347 0.0118075344 -0.169546762
v 0.0221307263 0.0118052228 -0.289661437
v 0.0275792223 0.0119378138 -0.290251267
v 0.0296378963 0.0121919682 -0.297212834
v 0.0188525421 0.0118819933 -0.296262
v 0.0325841556 0.0122923287 -0.303563778
v 0.0325447723 0.0122934463 -0.307537359
v 0.0148753291 0.0118487193 -0.301819248
v 0.0311861735 0.0121900315 -0.310700946
v 0.014100003 0.0118459471 -0.305605354
v 0.0164787813 0.0119304968 -0.311837299
v 0.0146690818 0.0120076102 -0.309023564
v 0.0191708827 0.0120509731 -0.31394111
v 0.0224298481 0.0121328403 -0.31491085
v 0.0258398726 0.0122127553 -0.314644817
v 0.0289815933 0.012366744 -0.313181523
v 0.0275275014 0.0179359786 -0.289993221
v 0.0386317042 0.0174810765 -0.169510266
v 0.0330194874 0.0173804335 -0.169001275
v 0.0221348017 0.0178021063 -0.288788672
v 0.0291802963 0.0178509228 -0.296096737
v 0.0192027626 0.0175281037 -0.295158778
v 0.0146150428 0.0174741899 -0.301941228
v 0.0322144899 0.018111008 -0.304061337
v 0.0139463008 0.017476783 -0.305872993
v 0.0147602811 0.0176617365 -0.309231761
v 0.031548018 0.01804896 -0.309812836
v 0.0290252224 0.0179392573 -0.312887295
v 0.0259853331 0.0179052521 -0.314449985
v 0.0165257719 0.0175658322 -0.312043214
v 0.0192808438 0.0176403092 -0.314035709
v 0.0225239884 0.0176354811 -0.314951618
v 0.0215457097 0.0172938574 -0.289154635
v 0.0221348017 0.0178021063 -0.288788672
v 0.0330194874 0.0173804335 -0.169001275
v 0.0192027626 0.0175281037 -0.295158778
v 0.0326046879 0.0176355417 -0.307472283
v 0.0322144899 0.018111008 -0.304061337
v 0.031548018 0.01804896 -0.309812836
v 0.0325998742 0.017591851 -0.303449808
v 0.0291802963 0.0178509228 -0.296096737
v 0.0279732703 0.017461138 -0.289305882
v 0.0275275014 0.0179359786 -0.289993221
v 0.0291802963 0.0178509228 -0.296096737
v 0.0386317042 0.0174810765 -0.169510266
v 0.0280899625 0.0124274065 -0.290238974
v 0.0275792223 0.0119378138 -0.290251267
v 0.0388034347 0.0118075344 -0.169546762
v 0.0296378963 0.0121919682 -0.297212834
v 0.0188525421 0.0118819933 -0.296262
v 0.0216754696 0.0122932954 -0.289544999
v 0.0221307263 0.0118052228 -0.289661437
v 0.0331926208 0.0117068761 -0.169022544
v 0.0388034347 0.0118075344 -0.169546762
v 0.0386317042 0.0174810765 -0.169510266
v 0.0279732703 0.017461138 -0.289305882
v 0.0280899625 0.0124274065 -0.290238974
v 0.0291802963 0.0178509228 -0.296096737
v 0.0296378963 0.0121919682 -0.297212834
v 0.0325998742 0.017591851 -0.303449808
v 0.0325841556 0.0122923287 -0.303563778
v 0.0326046879 0.0176355417 -0.307472283
v 0.0325447723 0.0122934463 -0.307537359
v 0.031548018 0.01804896 -0.309812836
v 0.0311861735 0.0121900315 -0.310700946
v 0.0290252224 0.0179392573 -0.312887295
v 0.0289815933 0.012366744 -0.313181523
v 0.0259853331 0.0179052521 -0.314449985
v 0.0258398726 0.0122127553 -0.314644817
v 0.0225239884 0.0176354811 -0.314951618
v 0.0224298481 0.0121328403 -0.31491085
v 0.0192808438 0.0176403092 -0.314035709
v 0.0191708827 0.0120509731 -0.31394111
v 0.0165257719 0.0175658322 -0.312043214
v 0.0164787813 0.0119304968 -0.311837299
v 0.0147602811 0.0176617365 -0.309231761
v 0.0146690818 0.0120076102 -0.309023564
v 0.0139463008 0.017476783 -0.305872993
v 0.014100003 0.0118459471 -0.305605354
v 0.0146150428 0.0174741899 -0.301941228
v 0.0148753291 0.0118487193 -0.301819248
v 0.0188525421 0.0118819933 -0.296262
v 0.0192027626 0.0175281037 -0.295158778
v 0.0216754696 0.0122932954 -0.289544999
v 0.0215457097 0.0172938574 -0.289154635
v 0.0330194874 0.0173804335 -0.169001275
v 0.0331926208 0.0117068761 -0.169022544
v -0.0102252622 0.0273748758 -0.17772296
v -0.0106698238 0.0259412356 -0.170667388
v -0.010434206 0.0288623405 -0.17272816
v -0.0106718616 0.0237352686 -0.170656876
v -0.0103714463 0.0183988353 -0.175227388
v -0.0103413315 0.0234610567 -0.19145119
v -0.0103379107 0.0103271594 -0.179220363
v -0.0103431989 0.00304230944 -0.180832064
v -0.0103534054 -0.0241946729 -0.188616768
v -0.0105849362 0.0206675968 -0.2072901
v -0.0103432049 -0.00371842161 -0.180708186
v -0.0103351956 -0.0111681084 -0.179040665
v -0.0103919496 -0.0185600971 -0.175041845
v -0.0102280616 -0.0268362471 -0.179509155
v -0.0106453919 -0.023238778 -0.171016611
v -0.0106883191 -0.0255651316 -0.170492439
v -0.010449404 -0.028883786 -0.1727266
v -0.0104074444 -0.0279747686 -0.177293958
v -0.0105860958 -0.0231206426 -0.195767242
v -0.0104820308 -0.0216768991 -0.201531383
v -0.0106116091 -0.0203398924 -0.211774884
v -0.010810279 0.019109174 -0.231760507
v -0.0107918485 -0.0191950511 -0.230840011
v -0.0108876181 0.0196769664 -0.226364937
v -0.0107803931 0.0208001574 -0.210222276
v -0.0106200915 0.0221561922 -0.200653239
v -0.0104915212 0.0241810811 -0.19092015
v -0.0104709473 0.0280802391 -0.176651648
v -0.010434206 0.0288623405 -0.17272816
v -0.0113546698 0.0193430319 -0.237745116
v -0.0112024982 0.0188902447 -0.237619085
v -0.0116797951 0.0182001128 -0.278830575
v -0.0112409076 -0.018857077 -0.238136668
v -0.0116964621 0.0175530153 -0.27865197
v -0.011269171 -0.0194136805 -0.237219478
v -0.0106116091 -0.0203398924 -0.211774884
v -0.0116009926 -0.0180195867 -0.278992439
v -0.0117831229 -0.0183358799 -0.278613809
v -0.0117186151 -0.017572239 -0.278757652
v -0.0124771047 -0.0159214887 -0.27988567
v -0.0119951285 0.0172412827 -0.279569137
v -0.0121692182 0.0174195597 -0.279915449
v -0.0124912577 0.0156238213 -0.279882574
v -0.0117186151 -0.017572239 -0.278757652
v -0.0126331506 0.016736372 -0.280255754
v -0.0125406499 -0.0168620358 -0.28023601
v -0.0119957402 -0.017960132 -0.279512559
v -0.0160437655 0.0282851587 -0.172196748
v -0.0133088408 0.0290141837 -0.172794505
v -0.010434206 0.0288623405 -0.17272816
v -0.01894963 0.0261520572 -0.1705945
v -0.0106698238 0.0259412356 -0.170667388
v -0.0203316121 0.0236586752 -0.170456222
v -0.0106718616 0.0237352686 -0.170656876
v -0.0103714463 0.0183988353 -0.175227388
v -0.0209442241 0.0197359444 -0.173878996
v -0.0214309153 0.0139274427 -0.17755694
v -0.0103379107 0.0103271594 -0.179220363
v -0.0216331644 0.00598493018 -0.180180348
v -0.0103431989 0.00304230944 -0.180832064
v -0.0216544109 -0.0025983173 -0.180657429
v -0.0103432049 -0.00371842161 -0.180708186
v -0.0103351956 -0.0111681084 -0.179040665
v -0.021522043 -0.0106011798 -0.178973877
v -0.0211115445 -0.0186729744 -0.174801133
v -0.0103919496 -0.0185600971 -0.175041845
v -0.0106453919 -0.023238778 -0.171016611
v -0.0203015742 -0.0239520686 -0.17037224
v -0.0106883191 -0.0255651316 -0.170492439
v -0.0189300065 -0.026281104 -0.170685409
v -0.0162733883 -0.028260365 -0.172155828
v -0.010449404 -0.028883786 -0.1727266
v -0.0139003958 -0.0289574132 -0.172711175
v -0.0129911989 -0.0183509601 -0.278772763
v -0.0119957402 -0.017960132 -0.279512559
v -0.013234734 -0.0171757198 -0.280220318
v -0.0125406499 -0.0168620358 -0.28023601
v -0.0145110799 0.00300617376 -0.280249352
v -0.0126331506 0.016736372 -0.280255754
v -0.0131530615 0.0171468684 -0.28017119
v -0.0121692182 0.0174195597 -0.279915449
v -0.0116797951 0.0182001128 -0.278830575
v -0.0130263566 0.0182186795 -0.27897926
v -0.0104074444 -0.0279747686 -0.177293958
v -0.0139003958 -0.0289574132 -0.172711175
v -0.010449404 -0.028883786 -0.1727266
v -0.0136123383 -0.0230022674 -0.196356606
v -0.0162733883 -0.028260365 -0.172155828
v -0.0105860958 -0.0231206426 -0.195767242
v -0.0148035654 -0.021770493 -0.200885627
v -0.010824393 -0.0209867804 -0.209428649
v -0.0132073965 -0.0204081397 -0.2149062
v -0.0146335527 -0.0189933342 -0.223531062
v -0.0110301623 -0.0200275181 -0.221648486
v -0.0128020894 -0.0192971082 -0.241592037
v -0.013564361 -0.0181070133 -0.248035579
v -0.0129911989 -0.0183509601 -0.278772763
v -0.011269171 -0.0194136805 -0.237219478
v -0.0106116091 -0.0203398924 -0.211774884
v -0.0117831229 -0.0183358799 -0.278613809
v -0.0119957402 -0.017960132 -0.279512559
v -0.0116009926 -0.0180195867 -0.278992439
v -0.010434206 0.0288623405 -0.17272816
v -0.0133088408 0.0290141837 -0.172794505
v -0.0104709473 0.0280802391 -0.176651648
v -0.0104915212 0.0241810811 -0.19092015
v -0.0135903528 0.0225877887 -0.198413129
v -0.0106200915 0.0221561922 -0.200653239
v -0.0107803931 0.0208001574 -0.210222276
v -0.0150929486 0.0217442053 -0.200341037
v -0.0160437655 0.0282851587 -0.172196748
v -0.0134072547 0.0208738277 -0.210292637
v -0.0108876181 0.0196769664 -0.226364937
v -0.0131989978 0.0198055047 -0.223580096
v -0.0113546698 0.0193430319 -0.237745116
v -0.0144643449 0.0189452303 -0.225572591
v -0.0160517349 0.0210501676 -0.199416489
v -0.0178041759 0.025034738 -0.177973276
v -0.01894963 0.0261520572 -0.1705945
v -0.0127840178 0.0191317336 -0.246009463
v -0.0116797951 0.0182001128 -0.278830575
v -0.0129043257 0.0184765889 -0.270833075
v -0.0130263566 0.0182186795 -0.27897926
v -0.0110301623 -0.0200275181 -0.221648486
v -0.010824393 -0.0209867804 -0.209428649
v -0.0106116091 -0.0203398924 -0.211774884
v -0.0104820308 -0.0216768991 -0.201531383
v -0.0105860958 -0.0231206426 -0.195767242
v -0.0178041759 0.025034738 -0.177973276
v -0.01894963 0.0261520572 -0.1705945
v -0.0203316121 0.0236586752 -0.170456222
v -0.0209442241 0.0197359444 -0.173878996
v -0.019512346 0.0183308247 -0.182990008
v -0.0214309153 0.0139274427 -0.17755694
v -0.0205931902 0.00968509741 -0.184038933
v -0.0216331644 0.00598493018 -0.180180348
v -0.0216544109 -0.0025983173 -0.180657429
v -0.018351429 0.0161664617 -0.194401527
v -0.0183012231 -0.00449600971 -0.200795056
v -0.021522043 -0.0106011798 -0.178973877
v -0.0164826985 0.0189189741 -0.203932798
v -0.0160517349 0.0210501676 -0.199416489
v -0.0144643449 0.0189452303 -0.225572591
v -0.0166580974 0.00562955283 -0.214703358
v -0.0161468922 0.014021172 -0.217776047
v -0.0152553433 -0.0154660955 -0.23051654
v -0.0143485851 0.0100630956 -0.252984278
v -0.0144107297 0.0170769521 -0.239650533
v -0.0134340633 0.016900404 -0.261267973
v -0.0127840178 0.0191317336 -0.246009463
v -0.0129043257 0.0184765889 -0.270833075
v -0.016188715 -0.0128872256 -0.219240785
v -0.0178775955 -0.0152267386 -0.198979839
v -0.0140678785 0.00822724273 -0.270441407
v -0.0130263566 0.0182186795 -0.27897926
v -0.0131530615 0.0171468684 -0.28017119
v -0.0145110799 0.00300617376 -0.280249352
v -0.0139672504 -0.00965108097 -0.269111875
v -0.013234734 -0.0171757198 -0.280220318
v -0.0129911989 -0.0183509601 -0.278772763
v -0.013564361 -0.0181070133 -0.248035579
v -0.0145495027 -0.0144882664 -0.244600303
v -0.0146335527 -0.0189933342 -0.223531062
v -0.0157319996 -0.0199060144 -0.207971828
v -0.0148035654 -0.021770493 -0.200885627
v -0.0165886503 -0.0216549044 -0.194789551
v -0.0197309548 -0.0184268213 -0.181716529
v -0.0211115445 -0.0186729744 -0.174801133
v -0.0176466339 -0.0250145343 -0.178944424
v -0.0162733883 -0.028260365 -0.172155828
v -0.0203015742 -0.0239520686 -0.17037224
v -0.0189300065 -0.026281104 -0.170685409
v -0.0253716164 0.000227672614 -0.171817071
v -0.0325748697 0.000300315145 -0.171902799
v -0.0325335714 0.000319180024 -0.169862621
v -0.025331718 0.000404623929 -0.169841794
v -0.0320282337 -0.0234784208 -0.145533052
v -0.0248346341 -0.023134084 -0.14591323
v -0.0320360337 -0.0213460195 -0.145861937
v -0.0248342792 -0.0210872757 -0.145841285
v -0.031951892 -0.016353595 -0.141573069
v -0.0247533681 -0.0163497192 -0.141718797
v -0.0324448721 0.00505108845 -0.165355334
v -0.0252463481 0.00505494825 -0.165501074
v -0.031951892 -0.016353595 -0.141573069
v -0.0320360337 -0.0213460195 -0.145861937
v -0.0247533681 -0.0163497192 -0.141718797
v -0.0248342792 -0.0210872757 -0.145841285
v -0.0320282337 -0.0234784208 -0.145533052
v -0.0325335714 0.000319180024 -0.169862621
v -0.0325748697 0.000300315145 -0.171902799
v -0.0320360337 -0.0213460195 -0.145861937
v -0.0324448721 0.00505108845 -0.165355334
v -0.031951892 -0.016353595 -0.141573069
v -0.0252463481 0.00505494825 -0.165501074
v -0.025331718 0.000404623929 -0.169841794
v -0.0324448721 0.00505108845 -0.165355334
v -0.0325335714 0.000319180024 -0.169862621
v -0.0253716164 0.000227672614 -0.171817071
v -0.0254071523 0.00152620447 -0.173537887
v -0.0325748697 0.000300315145 -0.171902799
v -0.0336054627 0.00152179297 -0.173371902
v -0.0320282337 -0.0234784208 -0.145533052
v -0.0330011077 -0.0247190619 -0.144216279
v -0.0248346341 -0.023134084 -0.14591323
v -0.0248027915 -0.0247146665 -0.144382252
v -0.0248027915 -0.0247146665 -0.144382252
v -0.0330011077 -0.0247190619 -0.144216279
v -0.0328982432 -0.023268866 -0.139096554
v -0.024641961 -0.022021951 -0.13636644
v -0.0327679894 -0.0195599961 -0.132564269
v -0.0244840966 -0.0149945037 -0.128382118
v -0.0326607889 -0.0131077351 -0.12709751
v -0.0326032221 -0.00623148947 -0.124071527
v -0.0244010133 -0.00529259627 -0.124020339
v -0.0326015787 0.00439993752 -0.123707997
v -0.0244075932 0.00534495489 -0.124062831
v -0.0326666846 0.0123049584 -0.126713945
v -0.0244683655 0.0123093844 -0.126879918
v -0.0327621399 0.0182775083 -0.131270464
v -0.0245786056 0.0189237115 -0.132149528
v -0.0329499154 0.0237332701 -0.140400603
v -0.0247702693 0.0240268528 -0.141481275
v -0.0331645184 0.0249216362 -0.150969438
v -0.0249854165 0.0248108037 -0.152087712
v -0.0333674969 0.0216296437 -0.161082938
v -0.0251854905 0.0211350147 -0.162068184
v -0.0335224568 0.0144473437 -0.168928236
v -0.0253346266 0.0136584167 -0.16963362
v -0.0335900002 0.00676664419 -0.172468356
v -0.025391684 0.0067710556 -0.17263433
v -0.0336054627 0.00152179297 -0.173371902
v -0.0254071523 0.00152620447 -0.173537887
v -0.0330011077 -0.0247190619 -0.144216279
v -0.0336054627 0.00152179297 -0.173371902
v -0.0328982432 -0.023268866 -0.139096554
v -0.0335900002 0.00676664419 -0.172468356
v -0.0327679894 -0.0195599961 -0.132564269
v -0.0326607889 -0.0131077351 -0.12709751
v -0.0326032221 -0.00623148947 -0.124071527
v -0.0335224568 0.0144473437 -0.168928236
v -0.0333674969 0.0216296437 -0.161082938
v -0.0331645184 0.0249216362 -0.150969438
v -0.0329499154 0.0237332701 -0.140400603
v -0.0327621399 0.0182775083 -0.131270464
v -0.0326015787 0.00439993752 -0.123707997
v -0.0326666846 0.0123049584 -0.126713945
v -0.0253118796 0.0196357192 -0.168351375
v -0.0252452961 0.0227993259 -0.164975983
v -0.0252079122 0.0229364748 -0.163133256
v -0.0251854905 0.0211350147 -0.162068184
v -0.0253176682 0.0179110597 -0.168682798
v -0.0253346266 0.0136584167 -0.16963362
v -0.0249854165 0.0248108037 -0.152087712
v -0.0253486579 0.0175407352 -0.170223264
v -0.0247458342 0.0298759762 -0.140123011
v -0.0247702693 0.0240268528 -0.141481275
v -0.0252056219 0.0244359493 -0.162975304
v -0.0245786056 0.0189237115 -0.132149528
v -0.0249342874 0.0309172996 -0.14940016
v -0.0251154645 0.0293531841 -0.158410263
v -0.0252211954 0.0250151272 -0.163715915
v -0.0245309282 0.0246185788 -0.129647844
v -0.0243686226 0.0158585732 -0.121859985
v -0.0244683655 0.0123093844 -0.126879918
v -0.0244075932 0.00534495489 -0.124062831
v -0.0242818413 0.00483888149 -0.117864029
v -0.0244010133 -0.00529259627 -0.124020339
v -0.0242793855 -0.00530658866 -0.118049583
v -0.0243264678 -0.0105968581 -0.120490685
v -0.0244840966 -0.0149945037 -0.128382118
v -0.0246336572 -0.0279145715 -0.136169104
v -0.024641961 -0.022021951 -0.13636644
v -0.0247284889 -0.030090109 -0.140854879
v -0.0248027915 -0.0247146665 -0.144382252
v -0.0249059116 -0.0311968492 -0.149646751
v -0.0248346341 -0.023134084 -0.14591323
v -0.0251460301 -0.0284393747 -0.1614379
v -0.0248342792 -0.0210872757 -0.145841285
v -0.025331718 0.000404623929 -0.169841794
v -0.0247533681 -0.0163497192 -0.141718797
v -0.0252463481 0.00505494825 -0.165501074
v -0.0253543909 -0.021190555 -0.171526417
v -0.0253716164 0.000227672614 -0.171817071
v -0.0254878707 -0.0106831067 -0.177849643
v -0.0254071523 0.00152620447 -0.173537887
v -0.0255308842 0.000561413886 -0.179676502
v -0.0255087048 0.007492346 -0.178417854
v -0.0254463182 0.0120749893 -0.175177248
v -0.025391684 0.0067710556 -0.17263433
v -0.0254074966 0.0117714829 -0.173283136
v -0.0253963936 0.0128702049 -0.17270539
v -0.025412101 0.0140514203 -0.173445896
v -0.0192545578 0.0232221309 -0.165398221
v -0.0252452961 0.0227993259 -0.164975983
v -0.0253118796 0.0196357192 -0.168351375
v -0.0212842892 0.0196386707 -0.168478512
v -0.0207024075 0.0187451366 -0.16942356
v -0.018439542 0.0130005616 -0.174659921
v -0.018711885 0.0241258267 -0.164613151
v -0.0212910891 0.0175314369 -0.170407572
v -0.0182495154 0.0250133117 -0.163746497
v -0.0193247784 0.0271163718 -0.161848823
v -0.0192232452 0.0250075287 -0.163813448
v -0.0252211954 0.0250151272 -0.163715915
v -0.0251154645 0.0293531841 -0.158410263
v -0.0200841486 0.0299895543 -0.156490714
v -0.0249342874 0.0309172996 -0.14940016
v -0.0198186169 0.0309370295 -0.146629557
v -0.0247458342 0.0298759762 -0.140123011
v -0.0196987119 0.0289766304 -0.137865811
v -0.0194990156 0.0251037023 -0.130392821
v -0.0245309282 0.0246185788 -0.129647844
v -0.0194020075 0.0166565017 -0.122449675
v -0.0243686226 0.0158585732 -0.121859985
v -0.0192761572 0.00594147873 -0.118162739
v -0.0242818413 0.00483888149 -0.117864029
v -0.019269931 -0.00460274664 -0.117987732
v -0.0242793855 -0.00530658866 -0.118049583
v -0.0184728493 -0.0101411353 -0.120239821
v -0.0243264678 -0.0105968581 -0.120490685
v -0.0173755066 -0.0134588787 -0.122977642
v -0.0175699265 -0.0243703588 -0.132877869
v -0.0246336572 -0.0279145715 -0.136169104
v -0.0192226148 -0.0282553303 -0.136626139
v -0.0247284889 -0.030090109 -0.140854879
v -0.0198507945 -0.0310050545 -0.144892349
v -0.0249059116 -0.0311968492 -0.149646751
v -0.0200433761 -0.0302173069 -0.156567001
v -0.0251460301 -0.0284393747 -0.1614379
v -0.0202111746 -0.0266528735 -0.164654525
v -0.0253543909 -0.021190555 -0.171526417
v -0.0203403975 -0.0211009992 -0.171573577
v -0.0204565093 -0.0138952895 -0.176435988
v -0.0254878707 -0.0106831067 -0.177849643
v -0.0205059807 -0.00608049483 -0.179228478
v -0.0255308842 0.000561413886 -0.179676502
v -0.020518147 0.00446368579 -0.179403357
v -0.0255087048 0.007492346 -0.178417854
v -0.0196144168 0.0101484341 -0.1771093
v -0.0254463182 0.0120749893 -0.175177248
v -0.0194515796 0.0121427457 -0.175232312
v -0.018905717 0.013159288 -0.174479291
v -0.018439542 0.0130005616 -0.174659921
v -0.0253486579 0.0175407352 -0.170223264
v -0.025412101 0.0140514203 -0.173445896
v -0.019417083 0.0140410496 -0.173679576
v -0.018905717 0.013159288 -0.174479291
v -0.0173389045 -0.0090046539 -0.121124252
v -0.0173755066 -0.0134588787 -0.122977642
v -0.0184728493 -0.0101411353 -0.120239821
v -0.019269931 -0.00460274664 -0.117987732
v -0.0173122098 -0.000679330528 -0.119593495
v -0.0192761572 0.00594147873 -0.118162739
v -0.017352844 0.0102621001 -0.121486641
v -0.0194020075 0.0166565017 -0.122449675
v -0.0174424714 0.0174030486 -0.125586125
v -0.0194990156 0.0251037023 -0.130392821
v -0.0175666841 0.023396773 -0.131537952
v -0.0177640725 0.0280592575 -0.14110537
v -0.0196987119 0.0289766304 -0.137865811
v -0.0198186169 0.0309370295 -0.146629557
v -0.0179674094 0.0288694616 -0.152268575
v -0.0200841486 0.0299895543 -0.156490714
v -0.0182495154 0.0250133117 -0.163746497
v -0.0193247784 0.0271163718 -0.161848823
v -0.00373088664 0.0212560143 -0.169023394
v -0.018439542 0.0130005616 -0.174659921
v -0.00385648707 0.0121822352 -0.175543944
v -0.0183495011 0.0193295315 -0.170288526
v -0.0182495154 0.0250133117 -0.163746497
v -0.00353514353 0.0272709262 -0.159230642
v -0.0179674094 0.0288694616 -0.152268575
v -0.00331067712 0.0290559078 -0.14809696
v -0.0177640725 0.0280592575 -0.14110537
v -0.00308671201 0.0264680825 -0.137102825
v -0.0175666841 0.023396773 -0.131537952
v -0.00289102089 0.0196348277 -0.127626234
v -0.0174424714 0.0174030486 -0.125586125
v -0.017352844 0.0102621001 -0.121486641
v -0.0027646821 0.00955387926 -0.12164613
v -0.0173122098 -0.000679330528 -0.119593495
v -0.00272650254 -0.00162839902 -0.120055955
v -0.0173389045 -0.0090046539 -0.121124252
v -0.00277457713 -0.0122858141 -0.122732669
v -0.0173755066 -0.0134588787 -0.122977642
v -0.0029028411 -0.0213768481 -0.129263371
v -0.0174559854 -0.0194664463 -0.12718318
v -0.0175699265 -0.0243703588 -0.132877869
v -0.00309712392 -0.0273850545 -0.139047264
v -0.0176887557 -0.0277818895 -0.139682286
v -0.00332149175 -0.0291714215 -0.150181749
v -0.0179313156 -0.0291421734 -0.150841603
v -0.00354543794 -0.0265836864 -0.161178224
v -0.0180912238 -0.0273226369 -0.158679276
v -0.0182339057 -0.0235357294 -0.165930414
v -0.00374125857 -0.0197513847 -0.170653977
v -0.0183610187 -0.0175399649 -0.171885663
v -0.0184450551 -0.0103990447 -0.175985286
v -0.00386749732 -0.00967083867 -0.176634744
v -0.0184928897 0.000542430437 -0.177878258
v -0.00390574 0.00151328707 -0.17822542
v -0.0184665413 0.00886767941 -0.176347501
v -0.00385648707 0.0121822352 -0.175543944
v -0.018439542 0.0130005616 -0.174659921
v -0.0184665413 0.00886767941 -0.176347501
v -0.018439542 0.0130005616 -0.174659921
v -0.0196144168 0.0101484341 -0.1771093
v -0.020518147 0.00446368579 -0.179403357
v -0.0184928897 0.000542430437 -0.177878258
v -0.0205059807 -0.00608049483 -0.179228478
v -0.0184450551 -0.0103990447 -0.175985286
v -0.0204565093 -0.0138952895 -0.176435988
v -0.0183610187 -0.0175399649 -0.171885663
v -0.0203403975 -0.0211009992 -0.171573577
v -0.0182339057 -0.0235357294 -0.165930414
v -0.0202111746 -0.0266528735 -0.164654525
v -0.0180912238 -0.0273226369 -0.158679276
v -0.0200433761 -0.0302173069 -0.156567001
v -0.0179313156 -0.0291421734 -0.150841603
v -0.0198507945 -0.0310050545 -0.144892349
v -0.0176887557 -0.0277818895 -0.139682286
v -0.0192226148 -0.0282553303 -0.136626139
v -0.0175699265 -0.0243703588 -0.132877869
v -0.0253486579 0.0175407352 -0.170223264
v -0.0212910891 0.0175314369 -0.170407572
v -0.0253176682 0.0179110597 -0.168682798
v -0.0213147579 0.0180210594 -0.168669084
v -0.0253118796 0.0196357192 -0.168351375
v -0.0207024075 0.0187451366 -0.16942356
v -0.0212842892 0.0196386707 -0.168478512
v -0.0192232452 0.0250075287 -0.163813448
v -0.0252211954 0.0250151272 -0.163715915
v -0.0252056219 0.0244359493 -0.162975304
v -0.0191919192 0.0242170221 -0.162963592
v -0.0252079122 0.0229364748 -0.163133256
v -0.0184787953 0.0238286388 -0.164257106
v -0.018711885 0.0241258267 -0.164613151
v -0.0192545578 0.0232221309 -0.165398221
v -0.0192123208 0.0225245485 -0.163786276
v -0.0252452961 0.0227993259 -0.164975983
v 0.0330987402 -0.0177364767 -0.169006875
v 0.0387099965 -0.0176296492 -0.169498019
v 0.0220310177 -0.0176340468 -0.289629633
v 0.027479553 -0.0175014551 -0.290219299
v 0.0295382386 -0.0172473159 -0.297180889
v 0.0187527869 -0.0175572915 -0.296230172
v 0.0324662441 -0.0171189124 -0.303432019
v 0.0319137777 -0.0173162641 -0.308696716
v 0.0147756539 -0.0175905503 -0.301787304
v 0.0326362832 -0.0168031577 -0.307419617
v 0.0139752215 -0.0175468451 -0.305595272
v 0.0313550802 -0.0168189525 -0.310641946
v 0.0145979241 -0.0175170428 -0.308938557
v 0.0290179902 -0.017006067 -0.313104899
v 0.0163749443 -0.0174617453 -0.311837695
v 0.0258788918 -0.0171434548 -0.314644678
v 0.0190711741 -0.0173883118 -0.313909142
v 0.0223309413 -0.0173064453 -0.314879115
v 0.027427835 -0.0115032917 -0.289961207
v 0.0385233677 -0.0119540508 -0.16949327
v 0.0329167534 -0.0120610115 -0.168951682
v 0.0220351397 -0.011637164 -0.288756657
v 0.0290806415 -0.0115883475 -0.296064792
v 0.0191030932 -0.0119111666 -0.295126811
v 0.0148202419 -0.0117476565 -0.302121835
v 0.0320041155 -0.0113320174 -0.303700031
v 0.0325065175 -0.0118337689 -0.303443521
v 0.0322076793 -0.0114828764 -0.308152079
v 0.0146141228 -0.0118526057 -0.309182634
v 0.0138036015 -0.0120494946 -0.305802422
v 0.0164260909 -0.0118734672 -0.31201127
v 0.0191811701 -0.0117989611 -0.314003765
v 0.0224671613 -0.0117168255 -0.314878835
v 0.0257297458 -0.0116175833 -0.314556179
v 0.0288005434 -0.0117231877 -0.313150091
v 0.0312319676 -0.0118192105 -0.310625904
v 0.0386317042 0.0174810765 -0.169510266
v 0.0388034347 0.0118075344 -0.169546762
v 0.0330194874 0.0173804335 -0.169001275
v 0.0331926208 0.0117068761 -0.169022544
v 0.0214460462 -0.0121454129 -0.289122667
v 0.0220351397 -0.011637164 -0.288756657
v 0.0329167534 -0.0120610115 -0.168951682
v 0.0191030932 -0.0119111666 -0.295126811
v 0.0143987923 -0.012318342 -0.301818759
v 0.0148202419 -0.0117476565 -0.302121835
v 0.0191030932 -0.0119111666 -0.295126811
v 0.0138036015 -0.0120494946 -0.305802422
v 0.0278736009 -0.0119781316 -0.289273937
v 0.027427835 -0.0115032917 -0.289961207
v 0.0290806415 -0.0115883475 -0.296064792
v 0.0385233677 -0.0119540508 -0.16949327
v 0.0330987402 -0.0177364767 -0.169006875
v 0.0329167534 -0.0120610115 -0.168951682
v 0.0385233677 -0.0119540508 -0.16949327
v 0.0387099965 -0.0176296492 -0.169498019
v 0.0279902932 -0.0170118631 -0.290206983
v 0.027479553 -0.0175014551 -0.290219299
v 0.0387099965 -0.0176296492 -0.169498019
v 0.0295382386 -0.0172473159 -0.297180889
v 0.0187527869 -0.0175572915 -0.296230172
v 0.0215757799 -0.0171459887 -0.289513171
v 0.0220310177 -0.0176340468 -0.289629633
v 0.0330987402 -0.0177364767 -0.169006875
v 0.0387099965 -0.0176296492 -0.169498019
v 0.0385233677 -0.0119540508 -0.16949327
v 0.0278736009 -0.0119781316 -0.289273937
v 0.0279902932 -0.0170118631 -0.290206983
v 0.0290806415 -0.0115883475 -0.296064792
v 0.0295382386 -0.0172473159 -0.297180889
v 0.0325065175 -0.0118337689 -0.303443521
v 0.0324662441 -0.0171189124 -0.303432019
v 0.0326362832 -0.0168031577 -0.307419617
v 0.0322076793 -0.0114828764 -0.308152079
v 0.0313550802 -0.0168189525 -0.310641946
v 0.0312319676 -0.0118192105 -0.310625904
v 0.0290179902 -0.017006067 -0.313104899
v 0.0288005434 -0.0117231877 -0.313150091
v 0.0258788918 -0.0171434548 -0.314644678
v 0.0257297458 -0.0116175833 -0.314556179
v 0.0224671613 -0.0117168255 -0.314878835
v 0.0223309413 -0.0173064453 -0.314879115
v 0.0191811701 -0.0117989611 -0.314003765
v 0.0190711741 -0.0173883118 -0.313909142
v 0.0164260909 -0.0118734672 -0.31201127
v 0.0163749443 -0.0174617453 -0.311837695
v 0.0146141228 -0.0118526057 -0.309182634
v 0.0145979241 -0.0175170428 -0.308938557
v 0.0138036015 -0.0120494946 -0.305802422
v 0.0139752215 -0.0175468451 -0.305595272
v 0.0143987923 -0.012318342 -0.301818759
v 0.0147756539 -0.0175905503 -0.301787304
v 0.0187527869 -0.0175572915 -0.296230172
v 0.0191030932 -0.0119111666 -0.295126811
v 0.0215757799 -0.0171459887 -0.289513171
v 0.0214460462 -0.0121454129 -0.289122667
v 0.0329167534 -0.0120610115 -0.168951682
v 0.0330987402 -0.0177364767 -0.169006875
v -0.0210633531 -0.0332624175 -0.130065426
v -0.0202453826 -0.0339548587 -0.128311408
v -0.0260010943 -0.0339043 -0.113107229
v -0.0250588143 -0.031978773 -0.123700546
v -0.0282359806 -0.0315230655 -0.113034504
v -0.028810068 -0.0336621709 -0.104427978
v -0.0302830887 -0.0320052667 -0.102040591
v -0.0227988277 -0.0319226257 -0.131519046
v -0.0312228515 -0.0301481659 -0.101007568
v -0.027101365 -0.0298679044 -0.122797547
v -0.0249299544 -0.0293509678 -0.132370286
v -0.0282757925 -0.0220736877 -0.132192962
v -0.0292577298 -0.0194270626 -0.131227798
v -0.0307729891 -0.0156258958 -0.127472798
v -0.0285846243 -0.0291999163 -0.117747765
v -0.0299666751 -0.0283460334 -0.112435489
v -0.0318241995 -0.0107544684 -0.124592194
v -0.0310811655 -0.0281867395 -0.105470826
v -0.0324891305 -0.0258245941 -0.100920617
v -0.0329099027 -0.0183670694 -0.101062015
v -0.033031205 -0.0129172375 -0.104836735
v -0.0312617977 -0.00390671467 -0.122400478
v -0.0323004812 -0.00525883107 -0.107782916
v -0.0321590401 0.00135096626 -0.108255073
v -0.0313343223 0.00557915572 -0.122742204
v -0.032421563 0.0069529983 -0.10728169
v -0.0329269805 0.0116730451 -0.105432759
v -0.031827365 0.01101799 -0.124755967
v -0.0296450361 0.0285521269 -0.113638246
v -0.0329374002 0.0176485002 -0.10128516
v -0.0328821934 0.0208823796 -0.100867345
v -0.0325070978 0.025695513 -0.10094028
v -0.0312546469 0.0299581416 -0.100966578
v -0.0298676692 0.0325751116 -0.10257361
v -0.0306658519 0.015947741 -0.127786514
v -0.0285082148 0.0336596776 -0.105117972
v -0.0277764335 0.0290909525 -0.121406536
v -0.0291918974 0.0195087316 -0.131352502
v -0.0280295082 0.0226592242 -0.132266968
v -0.0245956032 0.0298307954 -0.132327212
v -0.025945378 0.0337992132 -0.113290956
v -0.0226761708 0.0319387453 -0.131430628
v -0.0202947879 0.033723666 -0.129187014
v -0.0329099027 -0.0183670694 -0.101062015
v -0.0362594363 -0.0179820085 -0.101781462
v -0.033031205 -0.0129172375 -0.104836735
v -0.0363878429 -0.0130106989 -0.105441117
v -0.0323004812 -0.00525883107 -0.107782916
v -0.0356400235 -0.0054630071 -0.108359195
v -0.0354887598 0.000635367486 -0.108920073
v -0.0321590401 0.00135096626 -0.108255073
v -0.0357817603 0.00759736846 -0.107816083
v -0.032421563 0.0069529983 -0.10728169
v -0.0329269805 0.0116730451 -0.105432759
v -0.0364096876 0.0133546998 -0.105112651
v -0.0329374002 0.0176485002 -0.10128516
v -0.0362523905 0.0179939682 -0.101672672
v -0.0328821934 0.0208823796 -0.100867345
v -0.0349482692 0.0287359171 -0.101473229
v -0.0325070978 0.025695513 -0.10094028
v -0.0312546469 0.0299581416 -0.100966578
v -0.0335735297 0.0321534986 -0.102647964
v -0.0298676692 0.0325751116 -0.10257361
v -0.0318321953 0.0336611674 -0.105757231
v -0.0298676692 0.0325751116 -0.10257361
v -0.0335735297 0.0321534986 -0.102647964
v -0.0285082148 0.0336596776 -0.105117972
v -0.0266457268 0.0339329074 -0.121067569
v -0.025945378 0.0337992132 -0.113290956
v -0.0202947879 0.033723666 -0.129187014
v -0.0236821929 0.0336727922 -0.12996447
v -0.0236821929 0.0336727922 -0.12996447
v -0.0226761708 0.0319387453 -0.131430628
v -0.0202947879 0.033723666 -0.129187014
v -0.0261746637 0.0317994191 -0.132181402
v -0.0245956032 0.0298307954 -0.132327212
v -0.0280314442 0.0296510877 -0.133004365
v -0.0313740651 0.0226106162 -0.132916286
v -0.0280295082 0.0226592242 -0.132266968
v -0.0291918974 0.0195087316 -0.131352502
v -0.0325507239 0.0194466528 -0.131959806
v -0.0306658519 0.015947741 -0.127786514
v -0.0337347927 0.0167622391 -0.129197829
v -0.0351472215 0.0111927953 -0.125432946
v -0.031827365 0.01101799 -0.124755967
v -0.0313343223 0.00557915572 -0.122742204
v -0.0345784796 0.00460549879 -0.123154442
v -0.0312617977 -0.00390671467 -0.122400478
v -0.0345741046 -0.00343834156 -0.123076455
v -0.0351233049 -0.010502714 -0.125069602
v -0.0318241995 -0.0107544684 -0.124592194
v -0.0341987835 -0.0154181006 -0.127958285
v -0.0307729891 -0.0156258958 -0.127472798
v -0.0324871316 -0.019667852 -0.13209139
v -0.0292577298 -0.0194270626 -0.131227798
v -0.0282757925 -0.0220736877 -0.132192962
v -0.0306487062 -0.0246120556 -0.133008824
v -0.0249299544 -0.0293509678 -0.132370286
v -0.0274664579 -0.030458363 -0.132883294
v -0.0227988277 -0.0319226257 -0.131519046
v -0.025551935 -0.0323941721 -0.131752237
v -0.0210633531 -0.0332624175 -0.130065426
v -0.0236515188 -0.0337878641 -0.129758962
v -0.0202453826 -0.0339548587 -0.128311408
v -0.0287642294 -0.0339654561 -0.115269737
v -0.0260010943 -0.0339043 -0.113107229
v -0.025551935 -0.0323941721 -0.131752237
v -0.0310767212 -0.0303012142 -0.119701365
v -0.0274664579 -0.030458363 -0.132883294
v -0.028810068 -0.0336621709 -0.104427978
v -0.0306487062 -0.0246120556 -0.133008824
v -0.0318361999 -0.033737556 -0.105852471
v -0.0318361999 -0.033737556 -0.105852471
v -0.0332324737 -0.0325808098 -0.103106571
v -0.0302830887 -0.0320052667 -0.102040591
v -0.0312228515 -0.0301481659 -0.101007568
v -0.0332324737 -0.0325808098 -0.103106571
v -0.0347993165 -0.0294713858 -0.101495232
v -0.0324891305 -0.0258245941 -0.100920617
v -0.0329099027 -0.0183670694 -0.101062015
v -0.0362594363 -0.0179820085 -0.101781462
v -0.0347993165 -0.0294713858 -0.101495232
v -0.0332098198 -0.0262632238 -0.117478624
v -0.0324871316 -0.019667852 -0.13209139
v -0.0341987835 -0.0154181006 -0.127958285
v -0.0351184699 -0.021210182 -0.111738208
v -0.0362594363 -0.0179820085 -0.101781462
v -0.0363878429 -0.0130106989 -0.105441117
v -0.0350376024 -0.0162903105 -0.119739247
v -0.0351233049 -0.010502714 -0.125069602
v -0.0341352878 -0.0141659709 -0.114643644
v -0.0356400235 -0.0054630071 -0.108359195
v -0.0338107152 0.00930967576 -0.115466595
v -0.0354887598 0.000635367486 -0.108920073
v -0.0357817603 0.00759736846 -0.107816083
v -0.0364096876 0.0133546998 -0.105112651
v -0.035121416 0.0210985656 -0.111688196
v -0.0362523905 0.0179939682 -0.101672672
v -0.0349482692 0.0287359171 -0.101473229
v -0.0336865745 -0.00509895657 -0.115713337
v -0.0345741046 -0.00343834156 -0.123076455
v -0.0345784796 0.00460549879 -0.123154442
v -0.0351472215 0.0111927953 -0.125432946
v -0.0349689175 0.0182292277 -0.117378228
v -0.0337347927 0.0167622391 -0.129197829
v -0.0342634374 0.0151306797 -0.114608905
v -0.0333304804 0.0287420873 -0.111790304
v -0.0336814693 0.0237555912 -0.118887133
v -0.0321893921 0.0306486008 -0.113105553
v -0.0335735297 0.0321534986 -0.102647964
v -0.0318321953 0.0336611674 -0.105757231
v -0.0313740651 0.0226106162 -0.132916286
v -0.0325507239 0.0194466528 -0.131959806
v -0.0318225265 0.0279090805 -0.121420436
v -0.0280314442 0.0296510877 -0.133004365
v -0.0294694296 0.0308325692 -0.124122063
v -0.0261746637 0.0317994191 -0.132181402
v -0.02951044 0.0324516997 -0.118337444
v -0.0266457268 0.0339329074 -0.121067569
v -0.0236821929 0.0336727922 -0.12996447
v 0.0328900119 0.0317413389 -0.142662937
v 0.0326990383 0.0327147426 -0.142277218
v 0.0342627813 0.0332571451 -0.116990646
v 0.038055738 0.0331804917 -0.0830117089
v 0.0351710506 0.0341090434 -0.106917741
v 0.0397217168 0.0340022618 -0.0704605947
v 0.0426195591 0.0329573938 -0.0545587798
v 0.0419293822 0.0328005124 -0.0601285545
v 0.0424992031 0.0337459621 -0.0549627701
v 0.0444897305 0.0335067695 -0.0452342967
v 0.0444944832 0.032766956 -0.0455502741
v 0.0444603153 0.0332544626 -0.0395031675
v 0.0444603153 0.0332544626 -0.0395031675
v 0.0406203616 0.0343092258 -0.0565638184
v 0.0442183343 0.0338829947 -0.0399570592
v 0.0419348797 0.0347281872 -0.0522378192
v 0.0447569676 0.0343663279 -0.0400735764
v 0.0360971432 0.0351141268 -0.0898466154
v 0.0353205686 0.0342583227 -0.0912431686
v 0.0405266182 0.033796329 -0.0572206278
v 0.0334695912 0.0348837552 -0.115166418
v 0.0331632967 0.0341516017 -0.112397864
v 0.0314529141 0.033474402 -0.137955882
v 0.031470586 0.0329322995 -0.139130186
v 0.0320200226 0.033247072 -0.14107601
v 0.0319782528 0.0339040619 -0.139133306
v 0.0326990383 0.0327147426 -0.142277218
v 0.0342832995 0.0328828552 -0.144426897
v 0.0340124854 0.0334665646 -0.143319916
v 0.0328900119 0.0317413389 -0.142662937
v 0.0349136479 0.0312721591 -0.144783314
v 0.0391512702 0.0324864266 -0.147307978
v 0.040011245 0.0302075036 -0.148583634
v 0.041121428 0.031331677 -0.149377552
v 0.0433288546 0.0311112593 -0.15027792
v 0.0457006278 0.0287963641 -0.152934843
v 0.0436951992 0.0285902215 -0.151505845
v 0.0468868796 0.0282484788 -0.1532831
v 0.0449828692 0.0273219233 -0.153116218
v 0.0472454012 0.0256582088 -0.156249176
v 0.0456850284 0.026015627 -0.154683983
v 0.0482092678 0.0240476015 -0.15819798
v 0.046095538 0.0246016553 -0.156613812
v 0.0474282403 0.0239635292 -0.159402948
v 0.046083722 0.0233221839 -0.15942537
v 0.046034982 0.0205596571 -0.174347335
v 0.0456903169 0.0213657808 -0.171894906
v 0.0441917084 0.0204349936 -0.173133949
v 0.0432166053 0.0167101208 -0.188172271
v 0.0434761097 0.0152078452 -0.191149616
v 0.041720424 0.0157455383 -0.189207506
v 0.0427433597 0.0143734397 -0.192874728
v 0.0414217926 0.0142921992 -0.191987946
v 0.0414572704 0.0121358964 -0.193924026
v 0.0432943595 0.0116364544 -0.194574904
v 0.0419011768 0.00885917618 -0.194908038
v 0.0438080341 0.00367783378 -0.195688312
v 0.0424087397 -8.77641285e-05 -0.195255317
v 0.0443256863 0.00475931543 -0.195288367
v 0.0419370314 -0.00858893615 -0.194936199
v 0.0440607145 -0.00762135875 -0.195036805
v 0.0431754519 -0.0100271069 -0.195152534
v 0.0414830963 -0.0123064623 -0.193913886
v 0.0432716985 -0.0128092876 -0.194011664
v 0.0428147249 -0.0155340697 -0.19140942
v 0.0414538152 -0.0144865473 -0.191909831
v 0.0434956934 -0.0152291314 -0.191225344
v 0.0417706891 -0.0158984614 -0.189001439
v 0.0458648446 -0.0203463544 -0.175584899
v 0.0451902964 -0.0206455694 -0.175535819
v 0.0440412684 -0.0202537578 -0.174384273
v 0.0482193623 -0.0239766495 -0.158623082
v 0.0461147653 -0.0233995863 -0.159392843
v 0.0475325818 -0.0243499237 -0.158336502
v 0.0471723028 -0.0278528447 -0.153711333
v 0.0461599025 -0.0246312865 -0.156681845
v 0.0463901258 -0.027970564 -0.153823325
v 0.045537689 -0.0265091007 -0.154156575
v 0.0437488486 -0.0310417372 -0.150504382
v 0.0414659326 -0.031399828 -0.149565993
v 0.03950409 -0.0325238501 -0.147454732
v 0.0448794914 -0.0275654592 -0.152894354
v 0.0433429723 -0.0288770438 -0.151151104
v 0.0400440037 -0.0302967377 -0.148546288
v 0.0347087769 -0.0314155767 -0.144569692
v 0.0343578548 -0.033525552 -0.143810257
v 0.0336556986 -0.0330505485 -0.14367234
v 0.0328751018 -0.0317950064 -0.142503681
v 0.0314821984 -0.0330591459 -0.138748065
v 0.0314712757 -0.0335022023 -0.139135926
v 0.032022188 -0.0340163069 -0.138782209
v 0.0333899372 -0.0349313574 -0.117072102
v 0.0333471836 -0.0342388113 -0.110746152
v 0.0361448621 -0.0351800872 -0.0895808393
v 0.0361609856 -0.0346762504 -0.0852497295
v 0.036272462 -0.0341770615 -0.0841791451
v 0.0408402936 -0.033776444 -0.055876252
v 0.0416265685 -0.0347747606 -0.0543394184
v 0.0446633057 -0.032784294 -0.038914039
v 0.0452264504 -0.0343618642 -0.0391814101
v 0.0444897305 0.0335067695 -0.0452342967
v 0.0405266182 0.033796329 -0.0572206278
v 0.0444603153 0.0332544626 -0.0395031675
v 0.0424992031 0.0337459621 -0.0549627701
v 0.0397217168 0.0340022618 -0.0704605947
v 0.0353205686 0.0342583227 -0.0912431686
v 0.0351710506 0.0341090434 -0.106917741
v 0.0331632967 0.0341516017 -0.112397864
v 0.0326990383 0.0327147426 -0.142277218
v 0.031470586 0.0329322995 -0.139130186
v 0.0440412684 -0.0202537578 -0.174384273
v 0.0417706891 -0.0158984614 -0.189001439
v 0.0414538152 -0.0144865473 -0.191909831
v 0.047940605 -0.0146850756 -0.164496596
v 0.048603662 -0.00379821224 -0.170097477
v 0.0414830963 -0.0123064623 -0.193913886
v 0.0419370314 -0.00858893615 -0.194936199
v 0.0461147653 -0.0233995863 -0.159392843
v 0.0424087397 -8.77641285e-05 -0.195255317
v 0.0499919011 -0.0142510791 -0.152775855
v 0.0461599025 -0.0246312865 -0.156681845
v 0.0510324904 -0.00611569985 -0.155245198
v 0.049052841 0.00575392361 -0.166743947
v 0.0419011768 0.00885917618 -0.194908038
v 0.0414572704 0.0121358964 -0.193924026
v 0.0519679406 -0.0146267963 -0.134809385
v 0.0559224232 -0.00980103962 -0.0987248495
v 0.0513650999 0.00205323553 -0.154350803
v 0.0482229506 0.0117679423 -0.166361686
v 0.0414217926 0.0142921992 -0.191987946
v 0.050728357 -0.0249336895 -0.121478096
v 0.045537689 -0.0265091007 -0.154156575
v 0.0486456697 -0.0283784656 -0.124544324
v 0.0448794914 -0.0275654592 -0.152894354
v 0.0433429723 -0.0288770438 -0.151151104
v 0.0533228272 0.00246513348 -0.135097909
v 0.0537902948 -0.0191718729 -0.105267914
v 0.0536535016 -0.0262825586 -0.0833185797
v 0.0441917084 0.0204349936 -0.173133949
v 0.041720424 0.0157455383 -0.189207506
v 0.0510908246 0.0112434072 -0.14809838
v 0.0483471944 0.0167314005 -0.159094972
v 0.046083722 0.0233221839 -0.15942537
v 0.046095538 0.0246016553 -0.156613812
v 0.0558874707 -0.0237048511 -0.0608391012
v 0.0499146333 0.0200829105 -0.14025385
v 0.055867456 0.00949539733 -0.0993665308
v 0.0537004363 0.0193030431 -0.105910609
v 0.0504237578 0.0247502802 -0.124404707
v 0.0489881238 0.0279780811 -0.123209832
v 0.0456850284 0.026015627 -0.154683983
v 0.0449828692 0.0273219233 -0.153116218
v 0.0533985708 0.0262460893 -0.0864317757
v 0.0568526622 -1.04556449e-05 -0.0923876243
v 0.0568206522 0.0190853671 -0.0611472409
v 0.0583266249 0.00900231826 -0.0609756506
v 0.058720488 -0.00137556577 -0.0614683551
v 0.0606711254 0.00133440429 -0.0225572978
v 0.0588399223 0.0213678075 -0.00759941686
v 0.0581822018 -0.0105496889 -0.061070465
v 0.0463025007 0.0295049726 -0.130329619
v 0.0436951992 0.0285902215 -0.151505845
v 0.040011245 0.0302075036 -0.148583634
v 0.0598063121 -0.0122791177 -0.0216190063
v 0.0571811957 0.0254281963 -0.023103795
v 0.0554936567 0.0248996502 -0.0611812808
v 0.0556303746 0.0281265578 -0.0296194747
v 0.0538863159 0.0285091304 -0.0602753018
v 0.0533984366 0.0302133139 -0.033593658
v 0.0609204977 0.0128622249 0.0155432004
v 0.0603293695 0.0161133308 0.0112887181
v 0.061438523 0.00838858423 0.0167989318
v 0.0618175489 -0.00263367043 0.0171274951
v 0.0610902974 -0.0115934553 0.0161931544
v 0.0604969812 -0.0153083447 0.0127912412
v 0.0596045475 -0.0187623146 0.00246276741
v 0.0578360769 -0.0237590161 -0.0179832234
v 0.054302296 -0.0278754025 -0.0604544708
v 0.0562640513 -0.0272316285 -0.027748305
v 0.0542074526 -0.0296040274 -0.0325753383
v 0.0515352436 -0.0293133648 -0.0855802966
v 0.0513886128 -0.0306937653 -0.0602314365
v 0.0499339511 -0.0318827588 -0.0364909531
v 0.0461795425 -0.0324511045 -0.0601630425
v 0.0446633057 -0.032784294 -0.038914039
v 0.0489763245 -0.0317499726 -0.0608801784
v 0.0483742447 -0.0308063567 -0.0984838116
v 0.0418525276 -0.0328433925 -0.0601040665
v 0.0408402936 -0.033776444 -0.055876252
v 0.036272462 -0.0341770615 -0.0841791451
v 0.0440155504 -0.032323237 -0.0989892054
v 0.0375826319 -0.0332050429 -0.0867975235
v 0.0446157556 -0.0298079064 -0.137337984
v 0.0400440037 -0.0302967377 -0.148546288
v 0.0410102684 -0.0311643431 -0.135014462
v 0.0347087769 -0.0314155767 -0.144569692
v 0.0368623673 -0.0324938705 -0.122595276
v 0.0346193992 -0.0330909009 -0.114881631
v 0.0333471836 -0.0342388113 -0.110746152
v 0.0328751018 -0.0317950064 -0.142503681
v 0.0314821984 -0.0330591459 -0.138748065
v 0.051568824 0.0328822019 -0.03658387
v 0.0545147721 0.0311851083 -0.0339840713
v 0.0466186582 0.0341350632 -0.0384124462
v 0.0497652015 0.0319111845 -0.0365202606
v 0.0533984366 0.0302133139 -0.033593658
v 0.0556303746 0.0281265578 -0.0296194747
v 0.0564681748 0.0296032629 -0.031663265
v 0.0457731978 0.0326769525 -0.038259165
v 0.0571811957 0.0254281963 -0.023103795
v 0.0456665031 0.0337552319 -0.0383231993
v 0.0447569676 0.0343663279 -0.0400735764
v 0.0444603153 0.0332544626 -0.0395031675
v 0.0442183343 0.0338829947 -0.0399570592
v 0.0584990695 0.0256642605 -0.0227349388
v 0.0581360631 0.0274394049 -0.0278938009
v 0.0597911051 0.0235265988 -0.0174667366
v 0.0596250329 0.0226006997 -0.0116024967
v 0.0588399223 0.0213678075 -0.00759941686
v 0.0612029905 0.019420405 -9.23491882e-05
v 0.0603293695 0.0161133308 0.0112887181
v 0.0616456019 0.0162324806 0.0115962539
v 0.0623686633 0.0152889097 0.0125952938
v 0.0609204977 0.0128622249 0.0155432004
v 0.0621648901 0.013852915 0.0148203137
v 0.0631067368 0.0113887091 0.0157271148
v 0.0627605817 0.0105085423 0.0165177451
v 0.061438523 0.00838858423 0.0167989318
v 0.0638400668 0.00226826027 0.0168274055
v 0.0618175489 -0.00263367043 0.0171274951
v 0.0633801457 -0.00756662512 0.0167014936
v 0.0610902974 -0.0115934553 0.0161931544
v 0.0623702607 -0.012896756 0.0156212482
v 0.0628907594 -0.0126829534 0.0151413609
v 0.0604969812 -0.0153083447 0.0127912412
v 0.0622952487 -0.0155624384 0.0118059972
v 0.0617321827 -0.0158511485 0.0120854449
v 0.0596045475 -0.0187623146 0.00246276741
v 0.0607180834 -0.019429335 0.00107296055
v 0.0607193641 -0.0210910982 -0.00714790367
v 0.0578360769 -0.0237590161 -0.0179832234
v 0.0591060459 -0.0241048131 -0.0181161551
v 0.0591112323 -0.025433192 -0.0232979786
v 0.0562640513 -0.0272316285 -0.027748305
v 0.0569926891 -0.0285706317 -0.0297495659
v 0.0578305185 -0.0279595501 -0.0289800577
v 0.0542074526 -0.0296040274 -0.0325753383
v 0.0552659998 -0.0308328813 -0.0337808684
v 0.0527614464 -0.0319155265 -0.035178609
v 0.0499339511 -0.0318827588 -0.0364909531
v 0.0514678628 -0.0328921784 -0.0365634507
v 0.0470171508 -0.033588942 -0.0378319266
v 0.0446633057 -0.032784294 -0.038914039
v 0.0452264504 -0.0343618642 -0.0391814101
v 0.0444603153 0.0332544626 -0.0395031675
v 0.0457731978 0.0326769525 -0.038259165
v 0.0444944832 0.032766956 -0.0455502741
v 0.0439692464 0.0327088414 -0.0601581065
v 0.0426195591 0.0329573938 -0.0545587798
v 0.0419293822 0.0328005124 -0.0601285545
v 0.0480249409 0.0320528327 -0.0602079264
v 0.0497652015 0.0319111845 -0.0365202606
v 0.0441273937 0.032286603 -0.0976077456
v 0.0514985035 0.0305788695 -0.0602499
v 0.048259157 0.0307612018 -0.0992052141
v 0.0514135845 0.029289174 -0.0867534662
v 0.0423409978 0.0311729186 -0.129353406
v 0.0392478746 0.032910513 -0.100006058
v 0.038055738 0.0331804917 -0.0830117089
v 0.0365675428 0.0322867799 -0.126239343
v 0.0349136479 0.0312721591 -0.144783314
v 0.0328900119 0.0317413389 -0.142662937
v -0.0183071149 0.00897636841 -0.112523127
v -0.00222272028 -5.94558241e-05 -0.114074792
v -0.00218597559 0.0102016622 -0.112268911
v -0.0182201577 0.000664172966 -0.113796769
v -0.0181906005 -0.00846028502 -0.112661638
v -0.00218585247 -0.0103195462 -0.112262997
v -0.0181404031 -0.0154574825 -0.109509763
v -0.00207979969 -0.0193410657 -0.107052026
v -0.0180475323 -0.0211654916 -0.105225644
v -0.00191736953 -0.0260359056 -0.0990704168
v -0.0178817054 -0.0266099423 -0.0978563912
v -0.0177011407 -0.02942726 -0.090353383
v -0.0017181395 -0.0295965381 -0.0892808486
v -0.0175670389 -0.0300508299 -0.0830408419
v -0.00150614538 -0.0295935404 -0.0788641162
v -0.017435331 -0.0293054138 -0.0766224868
v -0.00130696262 -0.0260272326 -0.0690766203
v -0.0186591775 -0.030962231 -0.0868465053
v -0.0177011407 -0.02942726 -0.090353383
v -0.0184773732 -0.0304588395 -0.0772660889
v -0.0176529681 -0.0278672423 -0.0716755574
v -0.0176529681 -0.0278672423 -0.0716755574
v -0.0188413022 -0.0284202413 -0.0962977181
v -0.0178817054 -0.0266099423 -0.0978563912
v -0.0189940294 -0.0230930762 -0.104440481
v -0.0180475323 -0.0211654916 -0.105225644
v -0.0191167812 -0.0159505175 -0.110314379
v -0.0181404031 -0.0154574825 -0.109509763
v -0.0181906005 -0.00846028502 -0.112661638
v -0.0192028566 -0.00698067401 -0.11395968
v -0.019227635 0.00236278606 -0.114662631
v -0.0182201577 0.000664172966 -0.113796769
v -0.0189508245 0.00703039603 -0.113636069
v -0.0183071149 0.00897636841 -0.112523127
v -0.023817219 -0.0285518173 -0.0958014454
v -0.0236166978 -0.0309623042 -0.0859605498
v -0.0184773732 -0.0304588395 -0.0772660889
v -0.0234128561 -0.0300696344 -0.0758681854
v -0.0232772093 -0.0262509441 -0.06906747
v -0.0231109295 -0.0193399805 -0.0606693735
v -0.0239929979 -0.0230957731 -0.104339281
v -0.0189940294 -0.0230930762 -0.104440481
v -0.0191167812 -0.0159505175 -0.110314379
v -0.0241212897 -0.0155069246 -0.110474764
v -0.0192028566 -0.00698067401 -0.11395968
v -0.0241964992 -0.00638623744 -0.113947259
v -0.019227635 0.00236278606 -0.114662631
v -0.00114460885 -0.0193278044 -0.0610988587
v -0.024208411 0.00589245326 -0.114116492
v -0.0189508245 0.00703039603 -0.113636069
v -0.0183071149 0.00897636841 -0.112523127
v -0.0229670035 -0.00603622376 -0.0531082565
v -0.00208002916 0.019226207 -0.107063144
v -0.00218597559 0.0102016622 -0.112268911
v -0.024062193 0.0192140164 -0.10663335
v -0.00191767239 0.0259256192 -0.0990853878
v -0.0238994858 0.0260136244 -0.0984158716
v -0.0181714388 0.0281091152 -0.0950127083
v -0.0237787168 0.0297836793 -0.0922430598
v -0.0187515191 0.0304650208 -0.0895495992
v -0.0235393423 0.0307920106 -0.0804994372
v -0.0185205162 0.030680459 -0.0796231208
v -0.0183388644 0.0280970168 -0.0707188214
v -0.0233470254 0.0282970499 -0.0710660359
v -0.0181793867 0.022994948 -0.062976894
v -0.023178361 0.0229922656 -0.0628756941
v -0.0180559319 0.0157971516 -0.0570700795
v -0.0230500692 0.0154034316 -0.0567402167
v -0.0179803733 0.00716948332 -0.0535669446
v -0.0229748655 0.00628274446 -0.0532677281
v -0.0179718901 -0.00256693522 -0.0527667406
v -0.0177146031 -0.0072554366 -0.0538404915
v -0.017067098 -0.00923553238 -0.0550480327
v -0.0010386647 -0.0103032734 -0.0558930973
v -0.00100191491 -4.21405696e-05 -0.0540872046
v -0.0169290637 -0.000675426397 -0.053723593
v -0.00103878782 0.0102179342 -0.0558990054
v -0.0169674539 0.00854691677 -0.0548999873
v -0.00112398261 0.0182002927 -0.060148217
v -0.017034143 0.015266193 -0.0579846383
v -0.0171283948 0.0210243597 -0.0622897525
v -0.00130727075 0.0259342922 -0.0690915855
v -0.017303254 0.0265855327 -0.0698188203
v -0.00150649788 0.0294949247 -0.0788811478
v -0.0174878933 0.0294726036 -0.0778514484
v -0.00171849191 0.0294919153 -0.0892978802
v -0.0176037062 0.0299360297 -0.0842775393
v -0.0177813909 0.0291277581 -0.0910906121
v -0.00191767239 0.0259256192 -0.0990853878
v -0.0181714388 0.0281091152 -0.0950127083
v -0.00140571849 -0.0080366431 -0.292131631
v -0.000763664226 -0.0187703671 -0.291938684
v 0.00272038976 -0.00803662819 -0.29248388
v 0.00461784316 -0.0191870331 -0.293289078
v 0.00611755529 -0.00803664244 -0.294851977
v 0.00777517077 -0.0194579196 -0.297760218
v 0.00787552851 -0.00803664229 -0.298601412
v 0.00760566497 -0.01946692 -0.302915019
v 0.00752326375 -0.00803664232 -0.302727544
v 0.00515514982 -0.00803664252 -0.306124706
v 0.00430426248 -0.0191482304 -0.306838541
v 0.00140571999 -0.00803664285 -0.30788267
v -0.000898135124 -0.0185985264 -0.308119087
v -0.00272038799 -0.00803664321 -0.307530398
v -0.00576791632 -0.0181247151 -0.305692689
v -0.00611755388 -0.00803664351 -0.3051623
v -0.00787552711 -0.00803664366 -0.301412866
v -0.00799351462 -0.0179871182 -0.301479874
v -0.00752326162 -0.00803662908 -0.297286781
v -0.00757619042 -0.0181119153 -0.297387084
v -0.00515514842 -0.00803664343 -0.293889595
v -0.00543372283 -0.0183580215 -0.293965871
v -0.00140571849 -0.0080366431 -0.292131631
v -0.000763664226 -0.0187703671 -0.291938684
v 0.0412830205 -0.0276803643 -0.051571225
v 0.0290607388 -0.0276802286 -0.0513137435
v 0.0348655269 -0.0277980375 -0.0922480773
v 0.0272052445 -0.0279409554 -0.142488629
v 0.0311280451 -0.0279283502 -0.13811175
v 0.0323929732 -0.0279988017 -0.142550946
v 0.0289349113 -0.0277988296 -0.153794384
v 0.0338726905 -0.027940821 -0.144333602
v 0.0416940132 -0.0277540494 -0.150217826
v 0.0277279987 -0.0270525493 -0.154098554
v 0.027047944 -0.0259266328 -0.154081651
v 0.0274820391 -0.0239536579 -0.164559705
v 0.0268514201 -0.0229384276 -0.164433941
v 0.0271041025 -0.0239063467 -0.185995235
v 0.0263153246 -0.0228181749 -0.189534063
v 0.0285459587 -0.0245597334 -0.181006931
v 0.028516136 -0.0246064916 -0.16461655
v 0.0327651963 -0.0245514035 -0.175855181
v 0.0399007396 -0.0245155935 -0.173147744
v 0.0395373812 -0.0247614948 -0.164576864
v 0.0408752584 -0.0277029518 -0.154240371
v 0.0411625653 -0.0242322647 -0.165224611
v 0.0416874266 -0.0237234497 -0.172598241
v 0.0425093304 -0.0233601436 -0.164800882
v 0.0427277953 -0.022480946 -0.172126037
v 0.0428579014 -0.0258470586 -0.156441168
v 0.0433452188 -0.0260039369 -0.152642024
v 0.0438215145 -0.0241457475 -0.155159237
v 0.0433337835 -0.0212133184 -0.166550628
v 0.0432315039 -0.0205815994 -0.17160211
v 0.0436871798 -0.0223308167 -0.159452111
v 0.0351489002 0.0280217415 -0.0896352518
v 0.0290574889 0.0281275392 -0.0514732732
v 0.0412677245 0.0281273598 -0.0517334091
v 0.0272019917 0.0278668269 -0.142648153
v 0.0310631997 0.0278803285 -0.138062448
v 0.0325145583 0.0278647726 -0.142956071
v 0.0289295194 0.027725624 -0.153814757
v 0.0410655664 0.0277970313 -0.149758125
v 0.0277067686 0.0269890292 -0.15380187
v 0.0270594151 0.0259230606 -0.153931649
v 0.0274605039 0.0238531701 -0.164525351
v 0.0268550133 0.0228817031 -0.16467867
v 0.026459696 0.023202257 -0.188768527
v 0.0286116302 0.0244907914 -0.180741725
v 0.0284819231 0.0245283703 -0.164578157
v 0.0335539873 0.0244925788 -0.175548217
v 0.0402476792 0.0243766487 -0.173036067
v 0.0405776613 0.0244545233 -0.165488967
v 0.040869814 0.0277642196 -0.15285121
v 0.0425525772 0.0268218116 -0.153502624
v 0.0431442261 0.0263302799 -0.151910738
v 0.0437434799 0.0250272025 -0.153895572
v 0.0422050574 0.023479807 -0.165489048
v 0.0427210684 0.0225275632 -0.172150717
v 0.0430824332 0.022114951 -0.166357472
v 0.0438257654 0.0228041297 -0.157289626
v 0.0432435522 0.020490039 -0.171574892
v 0.0290607388 -0.0276802286 -0.0513137435
v 0.0412830205 -0.0276803643 -0.051571225
v 0.0290574889 0.0281275392 -0.0514732732
v 0.0412677245 0.0281273598 -0.0517334091
v -0.0185175637 0.0148799254 -0.0506551645
v -0.0203458868 0.0159275962 -0.0498209905
v -0.015071791 0.0156640542 -0.0498422654
v -0.0174276295 0.0133331544 -0.0509926758
v -0.0143021458 0.0125760869 -0.0502111681
v 0.00450203014 0.0156915343 -0.0503886491
v -0.0180587456 -0.00915226495 -0.0516021741
v -0.0142510738 -0.0106220997 -0.05027242
v -0.0172130442 -0.0181344018 -0.0507806137
v -0.0211446553 -0.025653646 -0.051583664
v -0.0190852342 -0.032252625 -0.050256023
v -0.0228448075 -0.030335265 -0.0515579246
v -0.0248702361 -0.0319004081 -0.0519826892
v -0.0183609692 -0.0345003924 -0.0501061208
v -0.000834276732 -0.0346687565 -0.0504799944
v 0.00764908339 -0.0346150825 -0.0499774003
v -0.0241554545 -0.0348670953 -0.0519007968
v 0.0147234053 -0.0346118484 -0.0484367163
v -0.0281722052 -0.0333059604 -0.0539067201
v 0.0145448227 0.0156947235 -0.048431661
v -0.0285878427 -0.0343040239 -0.0542847731
v -0.0284833657 -0.0350613754 -0.0549472461
v -0.0319080514 -0.0334234994 -0.0576978957
v -0.0321620143 -0.0345831532 -0.0587123854
v -0.0343737309 -0.0334631682 -0.0630422088
v -0.0339920486 -0.0346335059 -0.0638934493
v -0.035085139 -0.0344702626 -0.0710130087
v -0.0349623151 -0.0331734745 -0.0659318408
v -0.0355418015 -0.0332700935 -0.0722869241
v -0.0347414228 -0.0343428577 -0.0810537545
v -0.0349324779 -0.0332334808 -0.0821576163
v -0.0305407069 -0.0331671993 -0.103517855
v -0.0309339287 -0.034674318 -0.0999513548
v -0.0279213592 -0.0337366912 -0.112112937
v -0.0231712707 -0.0331945592 -0.124757132
v -0.0261510343 -0.0349537289 -0.115495827
v -0.0208595213 -0.034959913 -0.129465782
v -0.0231712707 -0.0331945592 -0.124757132
v -0.0153603731 -0.0330638154 -0.144673034
v -0.0156292196 -0.0344796324 -0.142024353
v -0.0126047119 -0.0319000054 -0.154659583
v -0.0108315246 -0.0322662594 -0.159147137
v -0.0108944636 -0.0270417494 -0.173521158
v -0.0113925988 -0.0290592473 -0.168534718
v -0.0100126267 -0.0303901275 -0.167880789
v -0.00953124214 -0.0295981919 -0.17135056
v -0.0112068131 -0.027497559 -0.173390796
v -0.010713907 -0.027518959 -0.175411254
v -0.00970200826 -0.0281654598 -0.176298013
v -0.0111098 -0.0260976124 -0.177588069
v -0.0105331709 -0.0263544012 -0.17986832
v -0.00960172018 -0.0272218146 -0.17974627
v -0.00979521728 -0.0240116869 -0.191480573
v -0.0107289047 -0.0224344878 -0.19412929
v -0.0100977307 -0.0212472538 -0.206488417
v -0.0110751438 -0.0193843104 -0.210868567
v -0.0111882529 -0.0188600878 -0.221538031
v -0.0108914397 -0.0190240893 -0.228092028
v -0.011513083 -0.0181225095 -0.223853439
v -0.0118768933 -0.0176679353 -0.237446232
v -0.0114726061 -0.0185665786 -0.237304508
v -0.0119204298 -0.0169915711 -0.255753659
v -0.0116293419 -0.0180681508 -0.258709723
v -0.00949154384 -0.0205716941 -0.214260072
v -0.0101493836 -0.0195341412 -0.232175295
v -0.0116293419 -0.0180681508 -0.258709723
v -0.0108618252 -0.0178629469 -0.29372084
v -0.0119981341 -0.0172437135 -0.293957279
v -0.0114417292 -0.0172624593 -0.301562552
v -0.0092539084 -0.0177534232 -0.3050945
v -0.010024364 -0.0166458188 -0.306759379
v -0.00663132366 -0.0179254267 -0.30840598
v -0.00602421385 -0.016913012 -0.310462317
v -0.00111387265 -0.0184484715 -0.311063346
v -0.00307940463 -0.0166384273 -0.311808428
v 7.89366364e-05 -0.0177466267 -0.312021282
v 0.00455748105 -0.0187758047 -0.310499012
v 0.00313158167 -0.0172824698 -0.311832991
v 0.00620220898 -0.0176219337 -0.310521689
v 0.00774754096 -0.0184662473 -0.309213274
v 0.0065156552 -0.0193466383 -0.308143371
v 0.009869131 -0.0196675499 -0.303991488
v 0.0105555535 -0.0190874029 -0.305131171
v 0.0105145003 -0.0181957328 -0.306157861
v 0.011569344 -0.019121348 -0.301762042
v 0.0121034115 -0.0178844017 -0.302105304
v 0.0120098435 -0.0182598368 -0.297976984
v 0.0112875418 -0.0194666228 -0.29867196
v 0.00896900539 -0.0178362119 -0.288172183
v 0.00701264967 -0.0193329143 -0.286076171
v 0.00808031931 -0.0191498977 -0.288386736
v 0.00854179472 -0.0188536935 -0.28502848
v 0.00933436471 -0.0180458409 -0.284322561
v 0.015813955 -0.019169075 -0.268096593
v 0.0162774873 -0.0177379683 -0.268459087
v 0.0211035689 -0.0188867281 -0.231657666
v 0.00777517077 -0.0194579196 -0.297760218
v 0.00760566497 -0.01946692 -0.302915019
v 0.00461784316 -0.0191870331 -0.293289078
v 0.00430426248 -0.0191482304 -0.306838541
v -0.000898135124 -0.0185985264 -0.308119087
v -0.00576791632 -0.0181247151 -0.305692689
v -0.00799351462 -0.0179871182 -0.301479874
v -0.00757619042 -0.0181119153 -0.297387084
v -0.00543372283 -0.0183580215 -0.293965871
v -0.000763664226 -0.0187703671 -0.291938684
v -0.00382518348 -0.0195933873 -0.233435701
v 0.0146270703 -0.0197457355 -0.267571979
v 0.0204099025 -0.019817588 -0.229904568
v 0.0227112647 -0.0206357212 -0.215776614
v 0.0237371878 -0.0203506476 -0.211792206
v 0.0242773535 -0.0220117836 -0.204798067
v 0.0261127679 -0.0239162421 -0.193204673
v -0.00639651718 -0.0227019342 -0.19906275
v 0.0257288593 -0.0241358553 -0.193538633
v 0.0262697802 -0.0246309158 -0.189669488
v -0.0100977307 -0.0212472538 -0.206488417
v -0.0108914397 -0.0190240893 -0.228092028
v -0.00979521728 -0.0240116869 -0.191480573
v -0.00487111486 -0.0267663451 -0.183450186
v -0.00960172018 -0.0272218146 -0.17974627
v -0.00970200826 -0.0281654598 -0.176298013
v 0.025669147 -0.0248573844 -0.189868838
v 0.0277435342 -0.0260123871 -0.184650114
v 0.0322001547 -0.0308154647 -0.165891496
v 0.0296577369 -0.0267932689 -0.181121973
v 0.034528228 -0.0272818927 -0.176514743
v 0.0372090808 -0.0272454138 -0.174963078
v 0.0137163106 -0.031305892 -0.166272826
v 0.0286961381 -0.0327816121 -0.156135927
v -0.00565514333 -0.0307390093 -0.168448454
v -0.00953124214 -0.0295981919 -0.17135056
v -0.0100126267 -0.0303901275 -0.167880789
v -0.00524431207 -0.032260476 -0.161189283
v -0.0108315246 -0.0322662594 -0.159147137
v -0.00737155271 -0.0341260579 -0.147934479
v -0.0156292196 -0.0344796324 -0.142024353
v 0.0401722643 -0.030024806 -0.161608693
v 0.0403895212 -0.0264752621 -0.173654698
v -0.0154629406 -0.0354059345 -0.131522201
v -0.0208595213 -0.034959913 -0.129465782
v -0.0261510343 -0.0349537289 -0.115495827
v -0.0167768272 -0.035772995 -0.106578751
v -0.0309339287 -0.034674318 -0.0999513548
v -0.0347414228 -0.0343428577 -0.0810537545
v -0.035085139 -0.0344702626 -0.0710130087
v -0.0339920486 -0.0346335059 -0.0638934493
v 0.0314607955 -0.0346034272 -0.131293572
v -0.00419236871 -0.0359677364 -0.106165477
v 0.0312144199 -0.0340484492 -0.138810812
v 0.0320866675 -0.0337474748 -0.142014399
v 0.0388398446 -0.0326166565 -0.148483797
v 0.0428990779 -0.0312991985 -0.150999299
v 0.0352525882 -0.0352579313 -0.089318346
v 0.0457370359 -0.0294763846 -0.153297605
v -0.00548978257 -0.0356747221 -0.0673783245
v 0.0432868256 -0.0346147825 -0.0408853346
v 0.00693905256 -0.035126073 -0.0510551035
v -0.0184895251 -0.0352738354 -0.0506699434
v 0.0431020621 -0.0253867757 -0.172339438
v 0.0470640744 -0.0275451358 -0.154866604
v 0.044420515 -0.0240642684 -0.172497681
v -0.0284833657 -0.0350613754 -0.0549472461
v -0.0241554545 -0.0348670953 -0.0519007968
v -0.0321620143 -0.0345831532 -0.0587123854
v 0.0472939506 -0.0234473455 -0.16340795
v 0.0460032538 -0.0216001823 -0.172130181
v 0.0475438334 -0.0259481329 -0.156416744
v 0.0477027984 -0.0246845435 -0.158484222
v 0.0476978873 0.0239842118 -0.160210079
v 0.0459756625 0.021496732 -0.172182382
v 0.0432435522 0.020490039 -0.171574892
v 0.0438257654 0.0228041297 -0.157289626
v 0.0477136265 0.0252568612 -0.157301198
v 0.0472471385 0.0272093004 -0.155106571
v 0.0437434799 0.0250272025 -0.153895572
v 0.0453867285 0.0281488766 -0.15308127
v 0.0455913923 0.0295458605 -0.153241854
v 0.0431442261 0.0263302799 -0.151910738
v 0.0432259842 0.0309793229 -0.151660887
v 0.0410655664 0.0277970313 -0.149758125
v 0.040207003 0.0321877486 -0.149151799
v 0.0325145583 0.0278647726 -0.142956071
v 0.0347602298 0.0332325262 -0.145169836
v 0.0319637532 0.0336695199 -0.141836412
v 0.0310631997 0.0278803285 -0.138062448
v 0.0311340205 0.0339913238 -0.138802407
v 0.03155359 0.0345668667 -0.129926333
v 0.0342794168 0.0352401607 -0.0973833725
v 0.0351489002 0.0280217415 -0.0896352518
v 0.0399970215 0.0347866304 -0.0581714499
v 0.0412677245 0.0281273598 -0.0517334091
v 0.0442759512 0.0340622248 -0.0381254125
v 0.0446413297 0.0301233997 -0.0366299791
v 0.044614733 0.0157588608 -0.0367469154
v 0.0439481076 0.00705358782 -0.0394174043
v 0.0425901112 0.00696039578 -0.0455253437
v 0.0425975659 -0.00701237796 -0.0455248955
v 0.0412830205 -0.0276803643 -0.051571225
v 0.0438483142 -0.034135486 -0.0400637888
v 0.0438280206 -0.00717038982 -0.0400699704
v 0.0432868256 -0.0346147825 -0.0408853346
v 0.0352525882 -0.0352579313 -0.089318346
v 0.0348655269 -0.0277980375 -0.0922480773
v 0.0314607955 -0.0346034272 -0.131293572
v 0.0311280451 -0.0279283502 -0.13811175
v 0.0312144199 -0.0340484492 -0.138810812
v 0.0323929732 -0.0279988017 -0.142550946
v 0.0320866675 -0.0337474748 -0.142014399
v 0.0338726905 -0.027940821 -0.144333602
v 0.0388398446 -0.0326166565 -0.148483797
v 0.0416940132 -0.0277540494 -0.150217826
v 0.0428990779 -0.0312991985 -0.150999299
v 0.0433452188 -0.0260039369 -0.152642024
v 0.0457370359 -0.0294763846 -0.153297605
v 0.0470640744 -0.0275451358 -0.154866604
v 0.0438215145 -0.0241457475 -0.155159237
v 0.0475438334 -0.0259481329 -0.156416744
v 0.0477027984 -0.0246845435 -0.158484222
v 0.0436871798 -0.0223308167 -0.159452111
v 0.0472939506 -0.0234473455 -0.16340795
v 0.0433337835 -0.0212133184 -0.166550628
v 0.0432315039 -0.0205815994 -0.17160211
v 0.0460032538 -0.0216001823 -0.172130181
v -0.00695472453 -0.0282172411 -0.16951093
v -0.00335239791 -0.0282172408 -0.169584237
v -0.00310485865 -0.0313685395 -0.157420756
v -0.0108944636 -0.0270417494 -0.173521158
v -0.00703478709 -0.0270410331 -0.173419423
v -0.0126047119 -0.0319000054 -0.154659583
v -0.0104759614 -0.0269891325 -0.175343698
v -0.00708246646 -0.0267999166 -0.17571561
v -0.0108503678 -0.0256038018 -0.177587068
v -0.00712668401 -0.025612489 -0.177884637
v -0.0028455943 -0.033045441 -0.144491938
v -0.0153603731 -0.0330638154 -0.144673034
v -0.0231712707 -0.0331945592 -0.124757132
v -0.00108755798 -0.0328165422 -0.0583056302
v -0.0321061467 -0.0330063572 -0.0587095623
v -0.0305407069 -0.0331671993 -0.103517855
v -0.0349324779 -0.0332334808 -0.0821576163
v -0.0355418015 -0.0332700935 -0.0722869241
v -0.0349623151 -0.0331734745 -0.0659318408
v -0.0224962906 -0.0305863495 -0.0543206348
v -0.0287894946 -0.0320619376 -0.0561517838
v -0.00101872724 -0.0306934847 -0.0549134973
v -0.000973364974 -0.0269705634 -0.0526872347
v -0.0213370635 -0.0267014974 -0.0522650604
v -0.0183252709 -0.01191196 -0.0522122253
v -0.000971054484 -3.66420405e-05 -0.0525708369
v -0.0181653466 0.00216533086 -0.0521321257
v -0.000999735032 0.0092807858 -0.0539800909
v -0.020150339 0.0091148741 -0.0534616061
v -0.00109511085 0.0188974881 -0.0586707494
v -0.0243017419 0.0147685824 -0.0556685904
v -0.0273958271 0.0168620468 -0.0569326512
v -0.0306299205 0.0183488841 -0.0578234612
v -0.035955907 0.0186318864 -0.0578850682
v -0.00109924537 0.0215171122 -0.0588697672
v -0.0363487041 0.0203716872 -0.0582310255
v -0.0362752316 0.0224956687 -0.0578381761
v -0.00107305769 0.0250965501 -0.0575813348
v -0.036277077 0.0243081854 -0.0568946241
v -0.0361930603 0.0270895163 -0.057594449
v -0.00111244061 0.0279623112 -0.0594828976
v -0.0361314127 0.0284748499 -0.0603452791
v -0.00116872771 0.0281063751 -0.0622855092
v -0.0362070418 0.027754498 -0.0624294742
v -0.00120606095 0.0264410831 -0.0641197315
v -0.0358054234 0.0264645319 -0.0633790914
v -0.0357468752 0.0260353785 -0.0653149444
v -0.00124459911 0.0259930936 -0.066009257
v -0.00141183197 0.0298879894 -0.074229372
v -0.0359198395 0.0290413618 -0.0705926097
v -0.0348764411 0.0309488589 -0.0773226144
v -0.00173347358 0.0328427703 -0.0900285726
v -0.034594492 0.0318670993 -0.0840936147
v -0.0336195516 0.0328218739 -0.0887991337
v -0.0299298524 0.0330624406 -0.105718442
v -0.0139794559 0.0324426731 -0.149555341
v -0.00277175292 0.0329633503 -0.141052506
v -0.00302716951 0.0320026416 -0.15360309
v -0.0114152343 0.0296972828 -0.164027559
v -0.00335266478 0.0281443438 -0.169600127
v -0.00698627291 0.028139099 -0.169526576
v -0.0109531955 0.0270065493 -0.173222588
v -0.00706274459 0.0270039274 -0.173319143
v -0.010422784 0.027101291 -0.175083394
v -0.00710568074 0.0269880425 -0.175413757
v 0.0427210684 0.0225275632 -0.172150717
v 0.0432435522 0.020490039 -0.171574892
v 0.0459756625 0.021496732 -0.172182382
v 0.043899331 0.0241533702 -0.172628905
v 0.0441807068 0.0244806588 -0.172305922
v 0.0402476792 0.0243766487 -0.173036067
v 0.0383471435 0.0269848596 -0.174426206
v 0.0335539873 0.0244925788 -0.175548217
v 0.0334193528 0.0275313418 -0.176985993
v 0.0299622456 0.0268100059 -0.180779141
v 0.0286116302 0.0244907914 -0.180741725
v 0.0279219216 0.0259199 -0.184281683
v 0.0262941969 0.0246514851 -0.189413468
v 0.026459696 0.023202257 -0.188768527
v 0.0260906069 0.0239098235 -0.193305756
v 0.0432315039 -0.0205815994 -0.17160211
v 0.044420515 -0.0240642684 -0.172497681
v 0.0460032538 -0.0216001823 -0.172130181
v 0.0427277953 -0.022480946 -0.172126037
v 0.0416874266 -0.0237234497 -0.172598241
v 0.0403895212 -0.0264752621 -0.173654698
v 0.0399007396 -0.0245155935 -0.173147744
v 0.0327651963 -0.0245514035 -0.175855181
v 0.0372090808 -0.0272454138 -0.174963078
v 0.034528228 -0.0272818927 -0.176514743
v 0.0296577369 -0.0267932689 -0.181121973
v 0.0285459587 -0.0245597334 -0.181006931
v 0.0277435342 -0.0260123871 -0.184650114
v 0.0271041025 -0.0239063467 -0.185995235
v 0.0262697802 -0.0246309158 -0.189669488
v 0.0263153246 -0.0228181749 -0.189534063
v 0.0261127679 -0.0239162421 -0.193204673
v -0.0111393334 0.0188766561 -0.22155859
v -0.0114762058 0.0181871485 -0.223690295
v -0.0117252429 0.0178238891 -0.234594918
v -0.0101761764 0.0200677058 -0.218234328
v -0.0109044256 0.0207242212 -0.202273531
v -0.0100174974 0.0210194723 -0.208249595
v -0.00979760215 0.0238615109 -0.191797758
v -0.0104075095 0.0262130043 -0.180520548
v -0.00634317509 0.0204787686 -0.214263238
v -0.010237034 0.0195462248 -0.228733406
v -0.0107233808 0.0192338068 -0.237591448
v -0.00196130464 0.0193622849 -0.241687847
v -0.00915133113 0.0228100259 -0.197696825
v -0.0116063851 0.0180063381 -0.25872814
v -0.0119858677 0.0173265468 -0.256107352
v -0.0101043678 0.027501655 -0.177229731
v -0.00963575894 0.0270065814 -0.180104852
v 0.0243159559 0.0222552589 -0.20303817
v -0.0060209427 0.0261491974 -0.184937881
v 0.0225786786 0.0205491646 -0.216332497
v -0.00940056297 0.0280022147 -0.176962209
v -0.0108950125 0.0176652209 -0.298521179
v -0.0120883488 0.016915394 -0.297627947
v -0.0120119578 0.0172472738 -0.261103804
v -0.0121549456 0.0168440475 -0.27644427
v -0.01242727 0.0153519639 -0.279041915
v -0.0125514852 0.015675469 -0.298756897
v -0.0089068134 0.017690195 -0.305867568
v -0.0108608976 0.0169685028 -0.304312259
v -0.0112094865 0.0157700609 -0.30504507
v -0.00745678267 0.0172045075 -0.309019024
v -0.00857497065 0.0160323521 -0.308643724
v -0.0060861406 0.0162390914 -0.31055971
v -0.00393507155 0.0179267369 -0.31055077
v -0.00327998786 0.0165076996 -0.311749382
v -0.000306393754 0.0181610128 -0.311429752
v -4.08864712e-05 0.0167162259 -0.312236696
v 0.00406431234 0.0178706501 -0.311351451
v 0.00316551285 0.0189145957 -0.310060917
v 0.00681809447 0.0192608981 -0.308306026
v 0.00873862502 0.018504158 -0.308327051
v 0.00958591239 0.0194009402 -0.305391965
v 0.0111074418 0.0185552689 -0.30485515
v 0.0103536249 0.0196307456 -0.301530515
v 0.0118659647 0.0187772366 -0.302049983
v 0.0112403931 0.0193219336 -0.298150256
v 0.0121275828 0.0180484505 -0.298255193
v 0.0094186128 0.0177958465 -0.289814477
v 0.00807863232 0.019044325 -0.288212206
v 0.00842496209 0.0188637823 -0.285214628
v 0.00697710252 0.0192564278 -0.286195893
v 0.00896274421 0.0179063537 -0.286838901
v 0.00931109522 0.0180693715 -0.284367753
v 0.0137046415 0.0178474043 -0.274531054
v 0.0161508082 0.0184279837 -0.268089864
v 0.0149829223 0.0196284802 -0.267730048
v 0.016998952 0.0184153774 -0.263336347
v 0.0209567324 0.0194258846 -0.229676231
v 0.020634751 0.0185880828 -0.235478906
v 0.0241057943 0.0210460893 -0.208480004
v 0.0197075654 0.0198355777 -0.229738164
v 0.0260906069 0.0239098235 -0.193305756
v 0.0254860854 0.0246769946 -0.190499634
v 0.0262941969 0.0246514851 -0.189413468
v 0.0279219216 0.0259199 -0.184281683
v 0.0277435962 0.0305148535 -0.168351305
v -0.00586598849 0.0306854689 -0.168343005
v 0.0281470223 0.0263201767 -0.183414144
v 0.0299622456 0.0268100059 -0.180779141
v 0.0334193528 0.0275313418 -0.176985993
v 0.0346145245 0.030969875 -0.162992277
v 0.0383471435 0.0269848596 -0.174426206
v 0.0284784183 0.0328218502 -0.155265699
v -0.0105810249 0.0325717459 -0.157985277
v 0.040207003 0.0321877486 -0.149151799
v 0.0403384972 0.0301357394 -0.16092899
v 0.0432259842 0.0309793229 -0.151660887
v 0.0347602298 0.0332325262 -0.145169836
v 0.0455913923 0.0295458605 -0.153241854
v 0.0319637532 0.0336695199 -0.141836412
v 0.0441807068 0.0244806588 -0.172305922
v 0.0311340205 0.0339913238 -0.138802407
v 0.0472471385 0.0272093004 -0.155106571
v 0.03155359 0.0345668667 -0.129926333
v -0.0143627696 0.0353625556 -0.130760146
v 0.0342794168 0.0352401607 -0.0973833725
v 0.0476978873 0.0239842118 -0.160210079
v 0.0459756625 0.021496732 -0.172182382
v 0.0477136265 0.0252568612 -0.157301198
v -0.00754929068 0.0341188447 -0.147142587
v -0.0167038206 0.0346201778 -0.139287498
v -0.0203449746 0.0348902464 -0.130641961
v -0.0137988521 0.0330499536 -0.150125718
v -0.0249335456 0.0348490292 -0.119270338
v -0.0108728991 0.0316462936 -0.161322625
v -0.0116314314 0.0301910758 -0.164297281
v -0.0214769696 0.0355599633 -0.10299898
v -0.0303787093 0.0345382813 -0.103073812
v -0.0103147376 0.0286100336 -0.173180667
v -0.0112143442 0.0274860407 -0.173271238
v -0.0106655122 0.0273902542 -0.175650185
v -0.00955782783 0.0295153985 -0.171420211
v -0.0102132888 0.0267563146 -0.177875988
v -0.010422784 0.027101291 -0.175083394
v -0.0101835853 0.025731429 -0.180429243
v -0.0109044256 0.0207242212 -0.202273531
v -0.0106230607 0.0205393871 -0.201041345
v -0.0108634713 0.0183950795 -0.221306109
v -0.0111393334 0.0188766561 -0.22155859
v -0.0114762058 0.0181871485 -0.223690295
v -0.0112012241 0.0177008949 -0.224254094
v -0.0117252429 0.0178238891 -0.234594918
v -0.0119858677 0.0173265468 -0.256107352
v -0.0117135555 0.0169486539 -0.256626657
v -0.0116063851 0.0180063381 -0.25872814
v -0.0113962779 0.0174748439 -0.259131449
v -0.0116293419 -0.0180681508 -0.258709723
v -0.0119981341 -0.0172437135 -0.293957279
v -0.0120780699 -0.0171909192 -0.261431769
v -0.0122138066 -0.0168243507 -0.276435632
v -0.0124712504 -0.0158664141 -0.279097166
v -0.0125705586 -0.0156556369 -0.298653333
v -0.0114417292 -0.0172624593 -0.301562552
v -0.0117482415 -0.0158003731 -0.30337018
v -0.010024364 -0.0166458188 -0.306759379
v -0.012574689 -0.00815890854 -0.299626193
v -0.0109450171 -0.00812588719 -0.305545586
v -0.0124951177 -0.00807154247 -0.288181333
v -0.0088346482 -0.00812731746 -0.308474037
v -0.0123632266 -0.00588408219 -0.28124589
v -0.0124128166 -0.00617061632 -0.28799565
v -0.01242727 0.0153519639 -0.279041915
v -0.0124171134 0.00634950302 -0.281211105
v -0.008577171 -0.0161086479 -0.308691757
v -0.00602421385 -0.016913012 -0.310462317
v -0.00560121299 -0.00821615807 -0.310954824
v -0.00307940463 -0.0166384273 -0.311808428
v -0.00315601103 -0.00809463845 -0.31186312
v 7.89366364e-05 -0.0177466267 -0.312021282
v 0.00145250176 -0.00811378619 -0.312156137
v 0.00313158167 -0.0172824698 -0.311832991
v 0.00642784433 -0.00812315864 -0.310515496
v 0.00620220898 -0.0176219337 -0.310521689
v 0.00774754096 -0.0184662473 -0.309213274
v 0.0106077154 -0.00817106537 -0.306264963
v 0.0105145003 -0.0181957328 -0.306157861
v 0.0121034115 -0.0178844017 -0.302105304
v 0.0120819793 -0.00812296461 -0.301879761
v 0.012209484 -0.00806376231 -0.299453246
v 0.0120098435 -0.0182598368 -0.297976984
v 0.0114631599 -0.00823967029 -0.295702158
v 0.00896900539 -0.0178362119 -0.288172183
v 0.00905727282 -0.00808581602 -0.288618472
v 0.00911835336 -0.00364950204 -0.285163731
v 0.00906701566 -0.0036452256 -0.288565014
v 0.00933436471 -0.0180458409 -0.284322561
v 0.0104911345 -0.00355219726 -0.281666219
v 0.0162774873 -0.0177379683 -0.268459087
v 0.0104952142 0.00347784245 -0.281675276
v 0.0137046415 0.0178474043 -0.274531054
v 0.00931109522 0.0180693715 -0.284367753
v 0.0161508082 0.0184279837 -0.268089864
v 0.016998952 0.0184153774 -0.263336347
v 0.020634751 0.0185880828 -0.235478906
v 0.0211035689 -0.0188867281 -0.231657666
v 0.0241057943 0.0210460893 -0.208480004
v 0.0091221697 0.0035603797 -0.285134814
v 0.0237371878 -0.0203506476 -0.211792206
v 0.00896274421 0.0179063537 -0.286838901
v 0.0260906069 0.0239098235 -0.193305756
v 0.00902266768 0.0080112223 -0.288663758
v 0.00907932668 0.00358599507 -0.288547738
v 0.0094186128 0.0177958465 -0.289814477
v 0.0120058256 0.00811295281 -0.297606667
v 0.0121275828 0.0180484505 -0.298255193
v 0.0120975951 0.00803308245 -0.301759504
v 0.0118659647 0.0187772366 -0.302049983
v 0.0112775924 0.00803442407 -0.304706511
v 0.0111074418 0.0185552689 -0.30485515
v 0.00857965062 0.00809249325 -0.308909011
v 0.00873862502 0.018504158 -0.308327051
v 0.0272722508 -0.00103650744 -0.135347876
v 0.026459696 0.023202257 -0.188768527
v 0.0261127679 -0.0239162421 -0.193204673
v 0.0268550133 0.0228817031 -0.16467867
v 0.0263153246 -0.0228181749 -0.189534063
v 0.0270594151 0.0259230606 -0.153931649
v 0.0268514201 -0.0229384276 -0.164433941
v 0.027047944 -0.0259266328 -0.154081651
v 0.0272052445 -0.0279409554 -0.142488629
v 0.0272019917 0.0278668269 -0.142648153
v 0.0290607388 -0.0276802286 -0.0513137435
v 0.0290574889 0.0281275392 -0.0514732732
v 0.00761750915 0.0178826907 -0.309504126
v 0.00421961924 0.00807544603 -0.311502907
v 0.00406431234 0.0178706501 -0.311351451
v 0.000168731378 0.00807034959 -0.312257488
v -4.08864712e-05 0.0167162259 -0.312236696
v -0.00327998786 0.0165076996 -0.311749382
v -0.00388800543 0.0080600523 -0.311617809
v -0.0060861406 0.0162390914 -0.31055971
v -0.0074818621 0.008062138 -0.309692766
v -0.00857497065 0.0160323521 -0.308643724
v -0.0102278616 0.00805248184 -0.306722894
v -0.0112094865 0.0157700609 -0.30504507
v -0.0119299686 0.00809210437 -0.303048221
v -0.0125514852 0.015675469 -0.298756897
v -0.0126184655 0.00808390868 -0.296890317
v -0.0125299564 0.00800175803 -0.288158492
v -0.0119614703 0.00528724381 -0.28804203
v -0.0103573667 0.00377058878 -0.281296787
v -0.00980186119 0.00364592584 -0.288175489
v -0.0105331709 -0.0263544012 -0.17986832
v -0.0108503678 -0.0256038018 -0.177587068
v -0.0111098 -0.0260976124 -0.177588069
v -0.0102941404 -0.0258776397 -0.17985201
v -0.0107289047 -0.0224344878 -0.19412929
v -0.0106131261 -0.0211579662 -0.197859015
v -0.0110751438 -0.0193843104 -0.210868567
v -0.0358054234 0.0264645319 -0.0633790914
v -0.0363185967 0.0266197135 -0.0646322849
v -0.0362070418 0.027754498 -0.0624294742
v -0.0357468752 0.0260353785 -0.0653149444
v -0.0359198395 0.0290413618 -0.0705926097
v -0.0362752316 0.0224956687 -0.0578381761
v -0.036277077 0.0243081854 -0.0568946241
v -0.0363487041 0.0203716872 -0.0582310255
v -0.0358982996 0.0273034382 -0.0421217119
v -0.0361930603 0.0270895163 -0.057594449
v -0.0361798026 0.0175566483 -0.0543388829
v -0.035955907 0.0186318864 -0.0578850682
v -0.0357200727 0.0173952996 -0.0312248187
v -0.0360572097 0.0305996361 -0.059104868
v -0.0355824764 0.0260415776 -0.0321608444
v -0.0361314127 0.0284748499 -0.0603452791
v -0.0362302221 0.017677825 -0.0214868021
v -0.0357025012 0.0331752408 -0.0730513828
v -0.0362070418 0.027754498 -0.0624294742
v -0.0363185967 0.0266197135 -0.0646322849
v -0.0359198395 0.0290413618 -0.0705926097
v -0.0354346585 0.0316416435 -0.0776442816
v -0.0339114602 0.033290396 -0.0892966229
v -0.0343492721 0.0341110949 -0.0848427531
v -0.0303787093 0.0345382813 -0.103073812
v -0.0299298524 0.0330624406 -0.105718442
v -0.0273921352 0.0333573034 -0.113676058
v -0.0249335456 0.0348490292 -0.119270338
v -0.0203449746 0.0348902464 -0.130641961
v -0.0299298524 0.0330624406 -0.105718442
v -0.0139794559 0.0324426731 -0.149555341
v -0.0137988521 0.0330499536 -0.150125718
v -0.0116314314 0.0301910758 -0.164297281
v -0.0114152343 0.0296972828 -0.164027559
v -0.0112143442 0.0274860407 -0.173271238
v -0.0109531955 0.0270065493 -0.173222588
v -0.010422784 0.027101291 -0.175083394
v -0.0106655122 0.0273902542 -0.175650185
v -0.0184895251 -0.0352738354 -0.0506699434
v -0.0241554545 -0.0348670953 -0.0519007968
v -0.0183609692 -0.0345003924 -0.0501061208
v -0.000834276732 -0.0346687565 -0.0504799944
v 0.00693905256 -0.035126073 -0.0510551035
v 0.00764908339 -0.0346150825 -0.0499774003
v 0.0147234053 -0.0346118484 -0.0484367163
v 0.0432868256 -0.0346147825 -0.0408853346
v 0.0438483142 -0.034135486 -0.0400637888
v -0.0354346585 0.0316416435 -0.0776442816
v -0.0359198395 0.0290413618 -0.0705926097
v -0.0348764411 0.0309488589 -0.0773226144
v -0.034594492 0.0318670993 -0.0840936147
v -0.0339114602 0.033290396 -0.0892966229
v -0.0336195516 0.0328218739 -0.0887991337
v -0.0299298524 0.0330624406 -0.105718442
v -0.0123632266 -0.00588408219 -0.28124589
v -0.0103573667 0.00377058878 -0.281296787
v -0.0124171134 0.00634950302 -0.281211105
v -0.00968198988 -0.00365786339 -0.281310384
v 0.0104952142 0.00347784245 -0.281675276
v 0.0104911345 -0.00355219726 -0.281666219
v -0.035955907 0.0186318864 -0.0578850682
v -0.0361798026 0.0175566483 -0.0543388829
v -0.0356691293 0.0173076796 -0.0558007101
v -0.0355255688 0.0168712851 -0.0518722867
v -0.0357200727 0.0173952996 -0.0312248187
v -0.0347453388 0.0168272075 -0.0279239699
v -0.0350445465 0.0157916655 -0.0455837027
v -0.0348540502 0.01567204 -0.0243234448
v -0.0360062739 0.0170147233 -0.0191146726
v -0.0362302221 0.017677825 -0.0214868021
v -0.0371479474 0.0176778846 -0.0154178284
v -0.0380626109 0.017201644 -0.0114506263
v -0.0364845168 0.016861838 -0.0140568998
v -0.0370087843 0.015677344 -0.0119462187
v -0.0388631902 0.015679192 -0.00163373097
v -0.0390051617 0.0168421679 -0.00281726916
v -0.0398407589 0.0176235256 -0.0029144916
v -0.0395441181 0.0176411088 0.00539387329
v -0.0379051881 0.0156825899 0.00880027146
v -0.038689356 0.0168490524 0.00581238928
v -0.0375071178 0.0177136779 0.0139025928
v -0.0367953573 0.0168236013 0.0132470261
v -0.034203926 0.0156874171 0.018602662
v -0.0339509789 0.0172375555 0.0208004087
v -0.0337053687 0.0168599595 0.0195865592
v -0.0280265623 0.0156931991 0.0270658988
v -0.029327623 0.0172205084 0.0269407552
v -0.0285553819 0.016862882 0.0265047071
v -0.0198189852 0.0156996682 0.033579109
v -0.0222812523 0.0168469075 0.0322443142
v -0.0236491397 0.017719251 0.0323378481
v -0.0161892677 0.0172236091 0.036436753
v -0.0157034389 0.0168628831 0.0357041514
v -0.0101736135 0.0157061359 0.0376721495
v -0.00823553348 0.0168291772 0.0383221282
v -0.00851892919 0.0177390415 0.0391946727
v 0.000213339253 0.0157123359 0.0390496018
v 0.000278443877 0.0176274916 0.0400553196
v -9.09659368e-05 0.016829923 0.0392037357
v 0.0104599451 0.0157176715 0.0376487063
v 0.00771623958 0.0172161911 0.0391649548
v 0.00884075487 0.0168534964 0.038111821
v 0.0156924841 0.0168233076 0.0359985366
v 0.0149322891 0.0177502791 0.0372468669
v 0.0199780742 0.0157219041 0.033603888
v 0.0228285862 0.0172503458 0.0328441529
v 0.0214205123 0.0168593983 0.032776501
v 0.0280984285 0.0157246755 0.0271995697
v 0.0289159812 0.0172124968 0.0276078645
v 0.0282674664 0.016862887 0.0270231743
v 0.0342809726 0.0171900568 0.0206075478
v 0.0342499858 0.0157258096 0.0188860999
v 0.0335952311 0.0168591316 0.0201034767
v 0.0370245994 0.0172412579 0.0151232685
v 0.0374548908 0.0168497445 0.0117910844
v 0.038679123 0.017252284 0.0105827887
v 0.0378731915 0.0157254214 0.0101873418
v 0.0408096399 0.0172096078 0.00105314675
v 0.0402851452 0.0168588339 -0.000788685702
v 0.0413440415 0.0170863153 -0.00467743121
v 0.0404649604 0.0157279551 -0.00205451743
v 0.0415014903 0.0167341415 -0.0200535389
v 0.0412618204 0.0157498296 -0.0280894979
v 0.00905727282 -0.00808581602 -0.288618472
v 0.00906701566 -0.0036452256 -0.288565014
v -0.0124951177 -0.00807154247 -0.288181333
v -0.00940559297 -0.003740997 -0.288229552
v -0.0111051082 -0.00454738826 -0.288188714
v -0.0124128166 -0.00617061632 -0.28799565
v -0.0119614703 0.00528724381 -0.28804203
v -0.00980186119 0.00364592584 -0.288175489
v -0.0125299564 0.00800175803 -0.288158492
v 0.00902266768 0.0080112223 -0.288663758
v 0.00907932668 0.00358599507 -0.288547738
v -0.0123632266 -0.00588408219 -0.28124589
v -0.0124128166 -0.00617061632 -0.28799565
v -0.0111051082 -0.00454738826 -0.288188714
v -0.00968198988 -0.00365786339 -0.281310384
v -0.00940559297 -0.003740997 -0.288229552
v 0.00906701566 -0.0036452256 -0.288565014
v 0.00911835336 -0.00364950204 -0.285163731
v 0.0104911345 -0.00355219726 -0.281666219
v -0.00560121299 -0.00821615807 -0.310954824
v -0.00315601103 -0.00809463845 -0.31186312
v -0.0088346482 -0.00812731746 -0.308474037
v -0.00272038799 -0.00803664321 -0.307530398
v 0.00145250176 -0.00811378619 -0.312156137
v -0.00611755388 -0.00803664351 -0.3051623
v 0.00140571999 -0.00803664285 -0.30788267
v -0.0109450171 -0.00812588719 -0.305545586
v 0.00642784433 -0.00812315864 -0.310515496
v -0.00787552711 -0.00803664366 -0.301412866
v 0.00515514982 -0.00803664252 -0.306124706
v -0.012574689 -0.00815890854 -0.299626193
v 0.0106077154 -0.00817106537 -0.306264963
v -0.00752326162 -0.00803662908 -0.297286781
v 0.00752326375 -0.00803664232 -0.302727544
v 0.0120819793 -0.00812296461 -0.301879761
v 0.00787552851 -0.00803664229 -0.298601412
v -0.0124951177 -0.00807154247 -0.288181333
v -0.00515514842 -0.00803664343 -0.293889595
v -0.00140571849 -0.0080366431 -0.292131631
v 0.012209484 -0.00806376231 -0.299453246
v 0.00905727282 -0.00808581602 -0.288618472
v 0.00272038976 -0.00803662819 -0.29248388
v 0.00611755529 -0.00803664244 -0.294851977
v 0.0114631599 -0.00823967029 -0.295702158
v -0.0109372994 -0.0184245112 -0.221580965
v -0.0110751438 -0.0193843104 -0.210868567
v -0.0111882529 -0.0188600878 -0.221538031
v -0.0112787841 -0.0176445693 -0.224469299
v -0.011513083 -0.0181225095 -0.223853439
v -0.0118768933 -0.0176679353 -0.237446232
v -0.0119204298 -0.0169915711 -0.255753659
v -0.0343737309 -0.0334631682 -0.0630422088
v -0.0349623151 -0.0331734745 -0.0659318408
v -0.0321061467 -0.0330063572 -0.0587095623
v -0.0319080514 -0.0334234994 -0.0576978957
v -0.0287894946 -0.0320619376 -0.0561517838
v -0.0281722052 -0.0333059604 -0.0539067201
v -0.0261625916 -0.0320235203 -0.0542529568
v -0.0248702361 -0.0319004081 -0.0519826892
v -0.0224962906 -0.0305863495 -0.0543206348
v -0.0228448075 -0.030335265 -0.0515579246
v -0.0213370635 -0.0267014974 -0.0522650604
v -0.0211446553 -0.025653646 -0.051583664
v -0.0183252709 -0.01191196 -0.0522122253
v -0.0180587456 -0.00915226495 -0.0516021741
v -0.0181653466 0.00216533086 -0.0521321257
v -0.0174276295 0.0133331544 -0.0509926758
v -0.0197812631 0.00825427314 -0.0525638694
v -0.020150339 0.0091148741 -0.0534616061
v -0.0243017419 0.0147685824 -0.0556685904
v -0.020180686 0.0141523019 -0.0521766196
v -0.0185175637 0.0148799254 -0.0506551645
v -0.0203458868 0.0159275962 -0.0498209905
v -0.0240978551 0.0154216418 -0.0547759468
v -0.0273958271 0.0168620468 -0.0569326512
v -0.0278674925 0.0170929857 -0.0552858226
v -0.0306299205 0.0183488841 -0.0578234612
v -0.0121972619 -0.0152458113 -0.278987852
v -0.00918849556 -0.0154869857 -0.278953626
v -0.0119668592 -0.0161905449 -0.277175964
v -0.00914796623 -0.0162459176 -0.2769446
v -0.011798316 -0.0168090624 -0.261228834
v -0.00883100873 -0.0167764877 -0.261439104
v -0.00878171624 -0.0175447909 -0.258981995
v -0.0113871443 -0.0175740274 -0.258670095
v -0.00872311209 -0.0168955034 -0.25608181
v -0.0119204298 -0.0169915711 -0.255753659
v -0.0112787841 -0.0176445693 -0.224469299
v -0.00807691968 -0.0176784997 -0.224366668
v -0.0109372994 -0.0184245112 -0.221580965
v -0.00801953341 -0.0183911928 -0.221642642
v -0.0110751438 -0.0193843104 -0.210868567
v -0.0106131261 -0.0211579662 -0.197859015
v -0.00754590981 -0.0210360587 -0.198344421
v -0.0102941404 -0.0258776397 -0.17985201
v -0.00716488422 -0.0259055646 -0.179758482
v -0.0108503678 -0.0256038018 -0.177587068
v -0.00712668401 -0.025612489 -0.177884637
v -0.0111098 -0.0260976124 -0.177588069
v -0.0108503678 -0.0256038018 -0.177587068
v -0.0104759614 -0.0269891325 -0.175343698
v -0.010713907 -0.027518959 -0.175411254
v -0.010713907 -0.027518959 -0.175411254
v -0.0104759614 -0.0269891325 -0.175343698
v -0.0108944636 -0.0270417494 -0.173521158
v -0.0112068131 -0.027497559 -0.173390796
v -0.0113925988 -0.0290592473 -0.168534718
v -0.0113962779 0.0174748439 -0.259131449
v -0.0120119578 0.0172472738 -0.261103804
v -0.0116063851 0.0180063381 -0.25872814
v -0.011751923 0.016798241 -0.26144092
v -0.0121549456 0.0168440475 -0.27644427
v -0.0118987816 0.0163360372 -0.276793237
v -0.01242727 0.0153519639 -0.279041915
v -0.0120780699 -0.0171909192 -0.261431769
v -0.0113871443 -0.0175740274 -0.258670095
v -0.0116293419 -0.0180681508 -0.258709723
v -0.011798316 -0.0168090624 -0.261228834
v -0.0122138066 -0.0168243507 -0.276435632
v -0.0119668592 -0.0161905449 -0.277175964
v -0.0124712504 -0.0158664141 -0.279097166
v -0.0121972619 -0.0152458113 -0.278987852
v -0.0124712504 -0.0158664141 -0.279097166
v -0.01242727 0.0153519639 -0.279041915
v -0.0121972619 -0.0152458113 -0.278987852
v -0.00920683004 0.0154369605 -0.278975698
v -0.00918849556 -0.0154869857 -0.278953626
v 0.0418693105 0.0156050803 -0.0280975859
v 0.0420356711 0.0131891844 -0.0349976821
v 0.0415455683 0.013855326 -0.0328958471
v 0.0412424433 0.0123151425 -0.0357090612
v 0.0426905539 0.0120676342 -0.0367216824
v 0.0413905675 0.00972083579 -0.038027385
v 0.0439481076 0.00705358782 -0.0394174043
v 0.041192295 0.0070220121 -0.0395731331
v 0.041804208 0.0168678053 -0.0208645797
v 0.0415014903 0.0167341415 -0.0200535389
v 0.0413440415 0.0170863153 -0.00467743121
v 0.0418693105 0.0156050803 -0.0280975859
v 0.0412618204 0.0157498296 -0.0280894979
v 0.0415455683 0.013855326 -0.0328958471
v 0.0374629876 0.0157223814 -0.033947578
v 0.0412424433 0.0123151425 -0.0357090612
v 0.0361360335 0.014589148 -0.0376135227
v 0.0289590928 0.0156523452 -0.0416876021
v 0.0359145594 0.0119113358 -0.0405036029
v 0.0413905675 0.00972083579 -0.038027385
v 0.041192295 0.0070220121 -0.0395731331
v 0.0375158293 0.00703299339 -0.0415454648
v 0.0303472758 0.0139016379 -0.0423315505
v 0.0259274749 0.0156841147 -0.0441114447
v 0.0347794145 0.00616312331 -0.0425307924
v 0.0214025204 0.015685635 -0.0462745607
v 0.0377965486 -0.00708757031 -0.041745964
v 0.0438483142 -0.034135486 -0.0400637888
v 0.0438280206 -0.00717038982 -0.0400699704
v 0.0425901112 0.00696039578 -0.0455253437
v 0.0425975659 -0.00701237796 -0.0455248955
v 0.0377965486 -0.00708757031 -0.041745964
v 0.0375158293 0.00703299339 -0.0415454648
v 0.0439481076 0.00705358782 -0.0394174043
v 0.0426905539 0.0120676342 -0.0367216824
v 0.044614733 0.0157588608 -0.0367469154
v 0.0420356711 0.0131891844 -0.0349976821
v 0.0429959227 0.0154617906 -0.0356870471
v 0.0420687882 0.014280725 -0.0341299252
v 0.0446413297 0.0301233997 -0.0366299791
v 0.0423406224 0.0305180417 -0.0351559574
v 0.0431590308 0.0312051366 -0.0361450308
v 0.0442759512 0.0340622248 -0.0381254125
v 0.0421969978 0.0322621353 -0.0355593715
v 0.0414365088 0.0333446434 -0.0357497076
v 0.0425901112 0.00696039578 -0.0455253437
v 0.0375158293 0.00703299339 -0.0415454648
v 0.041192295 0.0070220121 -0.0395731331
v 0.0439481076 0.00705358782 -0.0394174043
v -0.0118987816 0.0163360372 -0.276793237
v -0.00920683004 0.0154369605 -0.278975698
v -0.01242727 0.0153519639 -0.279041915
v -0.00915679555 0.0164530712 -0.276520336
v -0.011751923 0.016798241 -0.26144092
v -0.00884622715 0.0168240214 -0.261225132
v -0.0113962779 0.0174748439 -0.259131449
v -0.00879115767 0.0174875393 -0.258513424
v -0.0117135555 0.0169486539 -0.256626657
v -0.00874655164 0.0169203114 -0.256325444
v -0.0112012241 0.0177008949 -0.224254094
v -0.00808199994 0.0177642542 -0.223629642
v -0.00803424934 0.0184525991 -0.221368973
v -0.0108634713 0.0183950795 -0.221306109
v -0.00766066036 0.0202352538 -0.202892837
v -0.0106230607 0.0205393871 -0.201041345
v -0.00720113828 0.0256693508 -0.180181558
v -0.0101835853 0.025731429 -0.180429243
v -0.0102132888 0.0267563146 -0.177875988
v -0.00714423381 0.0265049334 -0.177355914
v -0.010422784 0.027101291 -0.175083394
v -0.00710568074 0.0269880425 -0.175413757
v -0.00714423381 0.0265049334 -0.177355914
v -0.0102132888 0.0267563146 -0.177875988
v -0.00698311757 0.0224969518 -0.169525004
v -0.00335270066 0.0224989792 -0.169598893
v -0.00707275909 0.0172887588 -0.174071873
v -0.00344522892 0.0172907556 -0.174145692
v -0.00713566358 0.0111900409 -0.177329057
v -0.0035262667 0.00871124836 -0.178357493
v -0.0071757235 0.00237865671 -0.179483125
v -0.00355797014 -0.000655740807 -0.17957961
v -0.00714713754 -0.00799289399 -0.178415433
v -0.00353614593 -0.00867196899 -0.178404502
v -0.00707398874 -0.0158808084 -0.175035594
v -0.00344697869 -0.0172080839 -0.174366287
v -0.00695787406 -0.0225861068 -0.16951249
v -0.0033524337 -0.02258411 -0.169585878
v -0.00695787406 -0.0225861068 -0.16951249
v -0.0033524337 -0.02258411 -0.169585878
v -0.00695472453 -0.0282172411 -0.16951093
v -0.00335239791 -0.0282172408 -0.169584237
v -0.00335270066 0.0224989792 -0.169598893
v -0.00698311757 0.0224969518 -0.169525004
v -0.00335266478 0.0281443438 -0.169600127
v -0.00698627291 0.028139099 -0.169526576
v -0.00918849556 -0.0154869857 -0.278953626
v -0.00920683004 0.0154369605 -0.278975698
v -0.00914796623 -0.0162459176 -0.2769446
v -0.00883100873 -0.0167764877 -0.261439104
v -0.00915679555 0.0164530712 -0.276520336
v -0.00884622715 0.0168240214 -0.261225132
v -0.00878171624 -0.0175447909 -0.258981995
v -0.00872311209 -0.0168955034 -0.25608181
v -0.00879115767 0.0174875393 -0.258513424
v -0.00874655164 0.0169203114 -0.256325444
v -0.00807691968 -0.0176784997 -0.224366668
v -0.00808199994 0.0177642542 -0.223629642
v -0.00803424934 0.0184525991 -0.221368973
v -0.00801953341 -0.0183911928 -0.221642642
v -0.00766066036 0.0202352538 -0.202892837
v -0.00754590981 -0.0210360587 -0.198344421
v -0.00716488422 -0.0259055646 -0.179758482
v -0.00720113828 0.0256693508 -0.180181558
v -0.0071757235 0.00237865671 -0.179483125
v -0.00713566358 0.0111900409 -0.177329057
v -0.00714713754 -0.00799289399 -0.178415433
v -0.00714423381 0.0265049334 -0.177355914
v -0.00712668401 -0.025612489 -0.177884637
v -0.00707275909 0.0172887588 -0.174071873
v -0.00710568074 0.0269880425 -0.175413757
v -0.00706274459 0.0270039274 -0.173319143
v -0.00698311757 0.0224969518 -0.169525004
v -0.00698627291 0.028139099 -0.169526576
v -0.00707398874 -0.0158808084 -0.175035594
v -0.00708246646 -0.0267999166 -0.17571561
v -0.00703478709 -0.0270410331 -0.173419423
v -0.00695787406 -0.0225861068 -0.16951249
v -0.00695472453 -0.0282172411 -0.16951093
v -0.00191767239 0.0259256192 -0.0990853878
v -0.00283254748 0.0238565056 -0.135247619
v -0.00293429007 0.0275498166 -0.149044208
v -0.00275804934 0.0137583161 -0.125145691
v -0.00208002916 0.019226207 -0.107063144
v -0.00218597559 0.0102016622 -0.112268911
v -0.00273075693 -3.89816762e-05 -0.121445162
v -0.00222272028 -5.94558241e-05 -0.114074792
v -0.00275798618 -0.0138384249 -0.125137693
v -0.00218585247 -0.0103195462 -0.112262997
v -0.00283243617 -0.0239424701 -0.135233812
v -0.0028455943 -0.033045441 -0.144491938
v -0.00207979969 -0.0193410657 -0.107052026
v -0.00191736953 -0.0260359056 -0.0990704168
v -0.00293416355 -0.027643709 -0.149028294
v -0.0017181395 -0.0295965381 -0.0892808486
v -0.00310485865 -0.0313685395 -0.157420756
v -0.00108755798 -0.0328165422 -0.0583056302
v -0.00303590614 -0.0239504431 -0.162824884
v -0.00150614538 -0.0295935404 -0.0788641162
v -0.00335239791 -0.0282172408 -0.169584237
v -0.0033524337 -0.02258411 -0.169585878
v -0.00344697869 -0.0172080839 -0.174366287
v -0.00311039827 -0.0138522536 -0.172926812
v -0.00353614593 -0.00867196899 -0.178404502
v -0.00130696262 -0.0260272326 -0.0690766203
v -0.00313769123 -5.48961524e-05 -0.176627294
v -0.00355797014 -0.000655740807 -0.17957961
v -0.0035262667 0.00871124836 -0.178357493
v -0.0031104618 0.0137445471 -0.172934751
v -0.00344522892 0.0172907556 -0.174145692
v -0.00303601163 0.0238485777 -0.162838667
v -0.00335270066 0.0224989792 -0.169598893
v -0.00293429007 0.0275498166 -0.149044208
v -0.00114460885 -0.0193278044 -0.0610988587
v -0.000973364974 -0.0269705634 -0.0526872347
v -0.00101872724 -0.0306934847 -0.0549134973
v -0.0010386647 -0.0103032734 -0.0558930973
v -0.000971054484 -3.66420405e-05 -0.0525708369
v -0.00100191491 -4.21405696e-05 -0.0540872046
v -0.000999735032 0.0092807858 -0.0539800909
v -0.00103878782 0.0102179342 -0.0558990054
v -0.00109511085 0.0188974881 -0.0586707494
v -0.00112398261 0.0182002927 -0.060148217
v -0.00124459911 0.0259930936 -0.066009257
v -0.00130727075 0.0259342922 -0.0690915855
v -0.00141183197 0.0298879894 -0.074229372
v -0.00150649788 0.0294949247 -0.0788811478
v -0.00173347358 0.0328427703 -0.0900285726
v -0.00120606095 0.0264410831 -0.0641197315
v -0.00109924537 0.0215171122 -0.0588697672
v -0.00107305769 0.0250965501 -0.0575813348
v -0.00116872771 0.0281063751 -0.0622855092
v -0.00111244061 0.0279623112 -0.0594828976
v -0.00171849191 0.0294919153 -0.0892978802
v -0.00277175292 0.0329633503 -0.141052506
v -0.00335270066 0.0224989792 -0.169598893
v -0.00302716951 0.0320026416 -0.15360309
v -0.00335266478 0.0281443438 -0.169600127
v 0.0091221697 0.0035603797 -0.285134814
v 0.00907932668 0.00358599507 -0.288547738
v -0.00980186119 0.00364592584 -0.288175489
v 0.0104952142 0.00347784245 -0.281675276
v -0.0103573667 0.00377058878 -0.281296787
v 0.0120975951 0.00803308245 -0.301759504
v 0.00902266768 0.0080112223 -0.288663758
v 0.0120058256 0.00811295281 -0.297606667
v 0.00787552566 0.00796336022 -0.298601435
v 0.0075232609 0.00796337474 -0.30272752
v 0.0112775924 0.00803442407 -0.304706511
v 0.0051551477 0.00796335998 -0.306124683
v 0.00857965062 0.00809249325 -0.308909011
v 0.00611755171 0.00796336007 -0.294852001
v 0.00272037599 0.00796335977 -0.29248388
v -0.00140571098 0.00796335941 -0.292131631
v -0.0125299564 0.00800175803 -0.288158492
v -0.00515514108 0.00796337363 -0.293889595
v -0.0126184655 0.00808390868 -0.296890317
v -0.00752326593 0.00796335887 -0.297286781
v -0.0119299686 0.00809210437 -0.303048221
v -0.00787552996 0.00796335884 -0.301412842
v -0.0102278616 0.00805248184 -0.306722894
v 0.0014057064 0.00796335965 -0.30788267
v 0.00421961924 0.00807544603 -0.311502907
v 0.000168731378 0.00807034959 -0.312257488
v -0.00272038066 0.00796337384 -0.307530398
v -0.00388800543 0.0080600523 -0.311617809
v -0.00611754655 0.00796337355 -0.3051623
v -0.0074818621 0.008062138 -0.309692766
v -0.0198189852 0.0156996682 0.033579109
v -0.034203926 0.0156874171 0.018602662
v -0.0280265623 0.0156931991 0.0270658988
v -0.0379051881 0.0156825899 0.00880027146
v -0.0388631902 0.015679192 -0.00163373097
v -0.0370087843 0.015677344 -0.0119462187
v -0.0348540502 0.01567204 -0.0243234448
v -0.0350445465 0.0157916655 -0.0455837027
v -0.015071791 0.0156640542 -0.0498422654
v 0.00450203014 0.0156915343 -0.0503886491
v 0.0145448227 0.0156947235 -0.048431661
v 0.0214025204 0.015685635 -0.0462745607
v 0.0259274749 0.0156841147 -0.0441114447
v 0.0289590928 0.0156523452 -0.0416876021
v 0.0374629876 0.0157223814 -0.033947578
v 0.0412618204 0.0157498296 -0.0280894979
v 0.0404649604 0.0157279551 -0.00205451743
v 0.0378731915 0.0157254214 0.0101873418
v 0.0342499858 0.0157258096 0.0188860999
v 0.0280984285 0.0157246755 0.0271995697
v 0.0199780742 0.0157219041 0.033603888
v 0.0104599451 0.0157176715 0.0376487063
v 0.000213339253 0.0157123359 0.0390496018
v -0.0101736135 0.0157061359 0.0376721495
v -0.0177146031 -0.0072554366 -0.0538404915
v -0.0169290637 -0.000675426397 -0.053723593
v -0.017067098 -0.00923553238 -0.0550480327
v -0.0179718901 -0.00256693522 -0.0527667406
v -0.0169674539 0.00854691677 -0.0548999873
v -0.0179803733 0.00716948332 -0.0535669446
v -0.0180559319 0.0157971516 -0.0570700795
v -0.017034143 0.015266193 -0.0579846383
v -0.0171283948 0.0210243597 -0.0622897525
v -0.0181793867 0.022994948 -0.062976894
v -0.017303254 0.0265855327 -0.0698188203
v -0.0183388644 0.0280970168 -0.0707188214
v -0.0174878933 0.0294726036 -0.0778514484
v -0.0185205162 0.030680459 -0.0796231208
v -0.0176037062 0.0299360297 -0.0842775393
v -0.0187515191 0.0304650208 -0.0895495992
v -0.0177813909 0.0291277581 -0.0910906121
v -0.0181714388 0.0281091152 -0.0950127083
v -0.0240535002 -0.00910072187 -0.106955902
v -0.0240929846 -0.000353830174 -0.108670932
v -0.0330185314 -7.51196399e-05 -0.108471722
v -0.0329804773 -0.00910568485 -0.106781349
v -0.0328815586 -0.0169156366 -0.101943547
v -0.0239513567 -0.0169106882 -0.102118135
v -0.0327351367 -0.0224502116 -0.0946116401
v -0.0237999537 -0.0224452632 -0.0947863504
v -0.032560985 -0.0249619508 -0.085775886
v -0.0236197251 -0.0249570023 -0.0859507127
v -0.0323826339 -0.0241116154 -0.076629594
v -0.0234350206 -0.0241066524 -0.0768045371
v -0.0322241522 -0.0200140347 -0.0684080005
v -0.0232707793 -0.0200090877 -0.0685830601
v -0.0321069633 -0.013222637 -0.062221504
v -0.02314919 -0.013217674 -0.0623966393
v -0.0320468792 -0.00465461879 -0.0589056057
v -0.0230866699 -0.0046496558 -0.0590807933
v -0.0320520198 0.00453285585 -0.0589081435
v -0.0230916605 0.00453781884 -0.0590833311
v -0.0321216951 0.0130989663 -0.0622287742
v -0.0231634924 0.0131039453 -0.0624039269
v -0.03224649 0.0198868031 -0.0684190309
v -0.0232924623 0.0198917807 -0.0685940962
v -0.0324095533 0.0239796457 -0.0766428828
v -0.0234611513 0.0239846232 -0.0768178375
v -0.0325888592 0.0248247496 -0.0857896463
v -0.0236467786 0.0248296981 -0.0859644846
v -0.0327601932 0.0223079435 -0.0946240092
v -0.023824271 0.0223128919 -0.0947987253
v -0.032900415 0.0167691222 -0.101952848
v -0.0239696601 0.0167741012 -0.10212746
v -0.0329905896 0.00895639971 -0.106786343
v -0.0240633156 0.00896134742 -0.106960896
v -0.0330185314 -7.51196399e-05 -0.108471722
v -0.0240929846 -0.000353830174 -0.108670932
v -0.0330185314 -7.51196399e-05 -0.108471722
v -0.0328815586 -0.0169156366 -0.101943547
v -0.0329804773 -0.00910568485 -0.106781349
v -0.0327351367 -0.0224502116 -0.0946116401
v -0.032560985 -0.0249619508 -0.085775886
v -0.0323826339 -0.0241116154 -0.076629594
v -0.0322241522 -0.0200140347 -0.0684080005
v -0.0321069633 -0.013222637 -0.062221504
v -0.0320468792 -0.00465461879 -0.0589056057
v -0.0320520198 0.00453285585 -0.0589081435
v -0.0321216951 0.0130989663 -0.0622287742
v -0.03224649 0.0198868031 -0.0684190309
v -0.0324095533 0.0239796457 -0.0766428828
v -0.0325888592 0.0248247496 -0.0857896463
v -0.0327601932 0.0223079435 -0.0946240092
v -0.032900415 0.0167691222 -0.101952848
v -0.0329905896 0.00895639971 -0.106786343
v -0.0360688624 0.0254444601 -0.0216829023
v -0.0374942633 0.025439751 -0.0139531199
v -0.0371479474 0.0176778846 -0.0154178284
v -0.0380626109 0.017201644 -0.0114506263
v -0.0398407589 0.0176235256 -0.0029144916
v -0.039435099 0.0274751592 -0.00547973614
v -0.0398050203 0.0274453277 0.00059936433
v -0.0395441181 0.0176411088 0.00539387329
v -0.0394561641 0.0246519247 0.00632722076
v -0.0375071178 0.0177136779 0.0139025928
v -0.036906133 0.0245734551 0.0154795154
v -0.0339509789 0.0172375555 0.0208004087
v -0.0386292693 0.0287854486 0.00781166236
v -0.0312724988 0.0251719468 0.025000333
v -0.029327623 0.0172205084 0.0269407552
v -0.0236491397 0.017719251 0.0323378481
v -0.035934729 0.0287854489 0.0162268727
v -0.024825564 0.0279157575 0.0310133328
v -0.0314367553 0.0287854493 0.0238326276
v -0.0199091643 0.0248987792 0.0347193913
v -0.0161892677 0.0172236091 0.036436753
v -0.011705789 0.0244193205 0.0383645034
v -0.00851892919 0.0177390415 0.0391946727
v -0.0180151557 0.0287854795 0.0351498282
v -0.000791624928 0.0251083227 0.0401274505
v 0.000278443877 0.0176274916 0.0400553196
v 0.00771623958 0.0172161911 0.0391649548
v 0.00844035213 0.0279936336 0.0389159337
v 0.0149322891 0.0177502791 0.0372468669
v -0.00975856416 0.0287854803 0.0382986589
v 0.0161511598 0.0250374534 0.0367884903
v 0.0228285862 0.0172503458 0.0328441529
v 0.0243603227 0.0279162682 0.0315930491
v 0.0289159812 0.0172124968 0.0276078645
v -0.0010091451 0.028785481 0.0395331561
v 0.0162138317 0.0287854534 0.0361123704
v 0.0302428358 0.0248736903 0.0265133014
v 0.0342809726 0.0171900568 0.0206075478
v 0.035121601 0.0256718866 0.0193458618
v 0.0370245994 0.0172412579 0.0151232685
v 0.029994702 0.0287854546 0.0258657528
v 0.0387159999 0.0246622139 0.0112228539
v 0.038679123 0.017252284 0.0105827887
v 0.0408096399 0.0172096078 0.00105314675
v 0.0413761917 0.0256116567 -0.00163442855
v 0.0413440415 0.0170863153 -0.00467743121
v 0.0422161523 0.0174587848 -0.0261783687
v 0.041804208 0.0168678053 -0.0208645797
v 0.0421517689 0.0160167991 -0.0286510185
v 0.0418693105 0.0156050803 -0.0280975859
v 0.0420356711 0.0131891844 -0.0349976821
v 0.0420687882 0.014280725 -0.0341299252
v 0.0421094593 0.0317429491 -0.0267973955
v 0.0418783283 0.0320072643 -0.0343041407
v 0.0423406224 0.0305180417 -0.0351559574
v 0.0421969978 0.0322621353 -0.0355593715
v 0.0413424452 0.0330141374 -0.0338852202
v 0.0414365088 0.0333446434 -0.0357497076
v 0.0395705923 0.0340617471 -0.0341257692
v 0.0411351444 0.0331966446 -0.0242529248
v 0.041550465 0.031185049 -0.0130976085
v 0.0405399452 0.030101525 0.000879619529
v 0.0403720333 0.0325355714 -0.00823802766
v 0.0413761328 0.0338743215 -0.0367424072
v 0.0442759512 0.0340622248 -0.0381254125
v 0.0405951635 0.0343811093 -0.0377986027
v 0.0399970215 0.0347866304 -0.0581714499
v 0.0358880904 0.0345784009 -0.0360084989
v 0.0395858631 0.0338612363 -0.0201237563
v 0.0373611779 0.0342547461 -0.0160177209
v 0.0384912946 0.0289406661 0.0103275328
v 0.0342062007 0.0307369716 0.0186077814
v 0.0373733406 0.0314481123 0.0101860227
v 0.0389555994 0.0325120874 0.00079399988
v 0.0376070849 0.0337478388 -0.00326370428
v 0.0345332257 0.0337791601 0.00974314389
v 0.0288004581 0.0318381669 0.0248344324
v 0.0348032277 0.0342700661 0.000471959311
v 0.0312596385 0.0336210591 0.0174523593
v 0.0228787381 0.0318381664 0.0303668814
v 0.028774343 0.034361082 0.0137895331
v 0.0239991495 0.0337631259 0.0261667912
v 0.015570126 0.0318381658 0.0346717046
v 0.0292791838 0.0344149328 -0.0250814745
v -0.0325885922 0.0343569642 -0.00208475922
v 0.0168744081 0.0343630483 0.0272492995
v -0.00899396337 0.0343507963 -0.0309480616
v -0.00370753997 0.0343669785 0.0321184838
v 0.0149093872 0.035260424 -0.060954527
v 0.0144710473 0.0337325195 0.0322119275
v 0.00748652395 0.0318381651 0.0372444396
v -0.00988135602 0.0358010372 -0.084052328
v 0.00237615437 0.0337315056 0.0353996846
v -0.000964858519 0.0318381643 0.0379558303
v -0.00936469865 0.0318381636 0.0367706554
v -0.0120479492 0.0354946697 -0.0603824039
v -0.0240961819 0.0353331104 -0.078551576
v -0.0131336289 0.0337380904 0.032899357
v -0.0172915038 0.0318381629 0.0337475969
v -0.0243491026 0.0318381914 0.0290369557
v -0.0342299115 0.0344519415 -0.0809209945
v -0.0343492721 0.0341110949 -0.0848427531
v -0.0357025012 0.0331752408 -0.0730513828
v -0.0227495796 0.0339237284 -0.0567038835
v -0.0360572097 0.0305996361 -0.059104868
v -0.0229550045 0.0326190124 -0.0354179996
v -0.0288387729 0.0309179541 -0.0431744178
v -0.0358982996 0.0273034382 -0.0421217119
v -0.0311090578 0.0294687257 -0.0339806284
v -0.0355824764 0.0260415776 -0.0321608444
v -0.0301769177 0.0318381618 0.0228825069
v -0.0260846632 0.0337317097 0.0239079949
v -0.0344952043 0.0318381614 0.0155806061
v -0.02644106 0.0343743077 0.0184492077
v -0.0320373685 0.0337325154 0.0144771795
v -0.0370821012 0.0318381612 0.00750158651
v -0.0354188 0.0336577415 0.00300584707
v -0.0381166143 0.0315383771 0.000964075207
v -0.0353654265 0.0336321709 -0.00338707869
v -0.037757962 0.0314197645 -0.00570771626
v -0.0338026206 0.0336807192 -0.0108625958
v -0.0363301368 0.0313156951 -0.0118493932
v -0.0374482446 0.0288725594 -0.01212676
v -0.033836506 0.0307464419 -0.0193636093
v -0.0302818429 0.0334292478 -0.0188076039
v -0.0244330907 0.034362029 -0.0199162561
v -0.0278861697 0.0321159493 -0.0263421913
v -0.032438451 0.0294125203 -0.0254752609
v -0.0177492636 0.0343434643 -0.0278885913
v -0.0351316173 0.0263513734 -0.0279351661
v -0.0231521277 0.0335131111 -0.0276964216
v -0.0154438138 0.0342548026 -0.0369748392
v -0.0203458868 0.0159275962 -0.0498209905
v -0.0260671732 0.0168663383 -0.0523583905
v -0.0355255688 0.0168712851 -0.0518722867
v -0.0278674925 0.0170929857 -0.0552858226
v -0.0302830755 0.0174267715 -0.0561470399
v -0.0356691293 0.0173076796 -0.0558007101
v -0.0306299205 0.0183488841 -0.0578234612
v -0.035955907 0.0186318864 -0.0578850682
v -0.00160331109 0.0186262869 -0.292022782
v -0.00523626164 0.0183011139 -0.293958862
v 0.00351760334 0.0190259368 -0.292717875
v -0.00766906317 0.018030806 -0.297315582
v 0.00739588335 0.0193480103 -0.296577858
v -0.00790167844 0.0179293297 -0.301257521
v 0.0078324328 0.0194111016 -0.302075758
v 0.00564267225 0.0192094294 -0.305729732
v 0.00228898569 0.0188631561 -0.307766139
v -0.00293969148 0.0183158362 -0.307558407
v -0.00656645 0.017987504 -0.304738595
v -0.0240535002 -0.00910072187 -0.106955902
v -0.0239929979 -0.0230957731 -0.104339281
v -0.0241212897 -0.0155069246 -0.110474764
v -0.0241964992 -0.00638623744 -0.113947259
v -0.0239513567 -0.0169106882 -0.102118135
v -0.0240929846 -0.000353830174 -0.108670932
v -0.023817219 -0.0285518173 -0.0958014454
v -0.0237999537 -0.0224452632 -0.0947863504
v -0.0236166978 -0.0309623042 -0.0859605498
v -0.0236197251 -0.0249570023 -0.0859507127
v -0.0234128561 -0.0300696344 -0.0758681854
v -0.0234350206 -0.0241066524 -0.0768045371
v -0.0232772093 -0.0262509441 -0.06906747
v -0.0232707793 -0.0200090877 -0.0685830601
v -0.0231109295 -0.0193399805 -0.0606693735
v -0.02314919 -0.013217674 -0.0623966393
v -0.024208411 0.00589245326 -0.114116492
v -0.0240633156 0.00896134742 -0.106960896
v -0.0229670035 -0.00603622376 -0.0531082565
v -0.0230866699 -0.0046496558 -0.0590807933
v -0.0239696601 0.0167741012 -0.10212746
v -0.024062193 0.0192140164 -0.10663335
v -0.0238994858 0.0260136244 -0.0984158716
v -0.023824271 0.0223128919 -0.0947987253
v -0.0230916605 0.00453781884 -0.0590833311
v -0.0229748655 0.00628274446 -0.0532677281
v -0.0230500692 0.0154034316 -0.0567402167
v -0.0231634924 0.0131039453 -0.0624039269
v -0.023178361 0.0229922656 -0.0628756941
v -0.0232924623 0.0198917807 -0.0685940962
v -0.0233470254 0.0282970499 -0.0710660359
v -0.0237787168 0.0297836793 -0.0922430598
v -0.0236467786 0.0248296981 -0.0859644846
v -0.0234611513 0.0239846232 -0.0768178375
v -0.0235393423 0.0307920106 -0.0804994372
v 0.0432943595 0.0116364544 -0.194574904
v 0.0443256863 0.00475931543 -0.195288367
v 0.0492749148 0.00667244598 -0.174286321
v 0.0434761097 0.0152078452 -0.191149616
v 0.050342537 -3.05578809e-05 -0.171503762
v 0.0440607145 -0.00762135875 -0.195036805
v 0.0497767979 0.0153447283 -0.164772035
v 0.046034982 0.0205596571 -0.174347335
v 0.0482092678 0.0240476015 -0.15819798
v 0.0492834376 -0.0067738402 -0.174280955
v 0.0432716985 -0.0128092876 -0.194011664
v 0.0434956934 -0.0152291314 -0.191225344
v 0.0497218002 -0.0154706199 -0.165152689
v 0.0458648446 -0.0203463544 -0.175584899
v 0.0482193623 -0.0239766495 -0.158623082
v 0.0526833295 -0.00607452797 -0.15770715
v 0.0530174759 6.33762844e-06 -0.157432153
v 0.0525893346 0.00693515417 -0.157567568
v 0.0517953988 0.0165115491 -0.15056642
v 0.0515921928 -0.0155786226 -0.15381953
v 0.0565053903 -0.0095197656 -0.117404805
v 0.0565854242 0.00952932736 -0.116481271
v 0.0509164552 -0.0265344322 -0.133299665
v 0.0471723028 -0.0278528447 -0.153711333
v 0.0512251142 0.026133466 -0.131332176
v 0.0468868796 0.0282484788 -0.1532831
v 0.04896434 0.0299014921 -0.130753301
v 0.0433288546 0.0311112593 -0.15027792
v 0.0542957952 0.0271692774 -0.0982303056
v 0.0454956493 0.0314702873 -0.137939362
v 0.0391512702 0.0324864266 -0.147307978
v 0.0402790494 0.0337333861 -0.129258889
v 0.0340124854 0.0334665646 -0.143319916
v 0.0319782528 0.0339040619 -0.139133306
v 0.0334695912 0.0348837552 -0.115166418
v 0.0518132614 0.0308385077 -0.0983526581
v 0.0483429376 -0.0297769105 -0.136938493
v 0.0437488486 -0.0310417372 -0.150504382
v 0.0567084744 0.0187422824 -0.0955989468
v 0.0610504346 0.0129728224 -0.0391808338
v 0.0572745257 0.0270611831 -0.0555950566
v 0.038703819 0.0349366547 -0.0998376403
v 0.0360971432 0.0351141268 -0.0898466154
v 0.0419348797 0.0347281872 -0.0522378192
v 0.0466905126 0.0344156794 -0.0622274878
v 0.0447569676 0.0343663279 -0.0400735764
v 0.0466186582 0.0341350632 -0.0384124462
v 0.051568824 0.0328822019 -0.03658387
v 0.0443412543 0.0341983609 -0.100041123
v 0.0491741492 0.0325766086 -0.0986227766
v 0.0517571316 0.0326964147 -0.0615756202
v 0.0545147721 0.0311851083 -0.0339840713
v 0.0544378508 0.0298891264 -0.0746949576
v 0.0564681748 0.0296032629 -0.031663265
v 0.0581360631 0.0274394049 -0.0278938009
v 0.0597911051 0.0235265988 -0.0174667366
v 0.0612029905 0.019420405 -9.23491882e-05
v 0.0623686633 0.0152889097 0.0125952938
v 0.0631067368 0.0113887091 0.0157271148
v 0.0625385551 0.00330566401 -0.0232882128
v 0.0638400668 0.00226826027 0.0168274055
v 0.0633801457 -0.00756662512 0.0167014936
v 0.062150771 -0.00999846491 -0.0210311948
v 0.0628907594 -0.0126829534 0.0151413609
v 0.0622952487 -0.0155624384 0.0118059972
v 0.0607193641 -0.0210910982 -0.00714790367
v 0.0605869221 0.00227954026 -0.0637468474
v 0.0580575666 0.000116353345 -0.104282133
v 0.0596593551 -0.0108058549 -0.0707389787
v 0.0580817362 -0.0194495857 -0.0742926262
v 0.0562342955 -0.0271558421 -0.0732363435
v 0.0591112323 -0.025433192 -0.0232979786
v 0.0578305185 -0.0279595501 -0.0289800577
v 0.0542857003 -0.0196206671 -0.121181156
v 0.0535255613 -0.0269156194 -0.107722427
v 0.0545647953 -0.0299237475 -0.0732344692
v 0.0552659998 -0.0308328813 -0.0337808684
v 0.0512066149 -0.0304479253 -0.108393806
v 0.0521273555 -0.0324424893 -0.0680137135
v 0.0514678628 -0.0328921784 -0.0365634507
v 0.0456192296 -0.0316123176 -0.136634836
v 0.03950409 -0.0325238501 -0.147454732
v 0.0465539634 -0.0344186369 -0.0702737423
v 0.0452264504 -0.0343618642 -0.0391814101
v 0.0416265685 -0.0347747606 -0.0543394184
v 0.0492174847 -0.0326000839 -0.0989942229
v 0.0401685335 -0.0336290855 -0.132510287
v 0.0343578548 -0.033525552 -0.143810257
v 0.032022188 -0.0340163069 -0.138782209
v 0.0333899372 -0.0349313574 -0.117072102
v 0.0427009568 -0.0346428852 -0.0999155222
v 0.0361448621 -0.0351800872 -0.0895808393
v -0.0193974612 0.0134200583 -0.172926672
v -0.025412101 0.0140514203 -0.173445896
v -0.0253963936 0.0128702049 -0.17270539
v -0.019417083 0.0140410496 -0.173679576
v -0.0193825598 0.0116994064 -0.173332554
v -0.0254074966 0.0117714829 -0.173283136
v -0.0254463182 0.0120749893 -0.175177248
v -0.0194515796 0.0121427457 -0.175232312
v -0.0186726389 0.0128621292 -0.174123235
v -0.018905717 0.013159288 -0.174479291
v -0.00160331109 0.0186262869 -0.292022782
v -0.00515514108 0.00796337363 -0.293889595
v -0.00140571098 0.00796335941 -0.292131631
v 0.00272037599 0.00796335977 -0.29248388
v -0.00523626164 0.0183011139 -0.293958862
v 0.00351760334 0.0190259368 -0.292717875
v -0.00752326593 0.00796335887 -0.297286781
v 0.00611755171 0.00796336007 -0.294852001
v -0.00766906317 0.018030806 -0.297315582
v 0.00739588335 0.0193480103 -0.296577858
v -0.00787552996 0.00796335884 -0.301412842
v 0.00787552566 0.00796336022 -0.298601435
v -0.00790167844 0.0179293297 -0.301257521
v 0.0078324328 0.0194111016 -0.302075758
v -0.00611754655 0.00796337355 -0.3051623
v 0.0075232609 0.00796337474 -0.30272752
v -0.00656645 0.017987504 -0.304738595
v 0.00564267225 0.0192094294 -0.305729732
v -0.00272038066 0.00796337384 -0.307530398
v 0.0051551477 0.00796335998 -0.306124683
v -0.00293969148 0.0183158362 -0.307558407
v 0.00228898569 0.0188631561 -0.307766139
v 0.0014057064 0.00796335965 -0.30788267
vt 0.0545959473 0.141479492
vt 0.0548400879 0.141235352
vt 0.0545959473 0.139282227
vt 0.0283813477 0.212646484
vt 0.0284423828 0.217773438
vt 0.0284423828 0.21081543
vt 0.000550270081 0.230102539
vt 0.000257015228 0.227416992
vt 0.000257015228 0.232421875
vt 0.0164337158 0.10168457
vt 0.0164337158 0.106201172
vt 0.0166931152 0.104003906
vt 0.147216797 0.00137805939
vt 0.147216797 0.0123062134
vt 0.147338867 0.00917816162
vt 0.781738281 0.370605469
vt 0.781738281 0.370605469
vt 0.781738281 0.370605469
vt 0.781738281 0.370605469
vt 0.781738281 0.370605469
vt 0.781738281 0.370605469
vt 0.0137557983 0.018661499
vt 0.0136108398 0.0187225342
vt 0.0137557983 0.0196380615
vt 0.169189453 0.103942871
vt 0.170776367 0.104736328
vt 0.170776367 0.103027344
vt 0.0111312866 0.0225830078
vt 0.0122909546 0.00722885132
vt 0.0111312866 0.000827789307
vt 0.173583984 0.0512390137
vt 0.172973633 0.0531616211
vt 0.173706055 0.0534057617
vt 0.172851562 0.0514831543
vt 0.172729492 0.0534057617
vt 0.00718307495 0.0313720703
vt 0.00788879395 0.0313415527
vt 0.00718307495 0.0290679932
vt 0.00788879395 0.0290374756
vt 0.362548828 0.207519531
vt 0.361572266 0.204345703
vt 0.359619141 0.204101562
vt 0.358886719 0.204711914
vt 0.358886719 0.220825195
vt 0.358642578 0.205200195
vt 0.358642578 0.220947266
vt 0.358886719 0.221557617
vt 0.359619141 0.222045898
vt 0.361328125 0.221923828
vt 0.361083984 0.222167969
vt 0.362304688 0.220581055
vt 0.364990234 0.207519531
vt 0.364990234 0.220581055
vt 0.368652344 0.221557617
vt 0.365478516 0.220947266
vt 0.366210938 0.222045898
vt 0.367919922 0.222167969
vt 0.368896484 0.205200195
vt 0.368896484 0.221191406
vt 0.368408203 0.204467773
vt 0.365966797 0.204345703
vt 0.367919922 0.204101562
vt 0.366210938 0.204101562
vt 0.0621948242 0.0750732422
vt 0.0614013672 0.0769042969
vt 0.0621032715 0.0767211914
vt 0.0614013672 0.075012207
vt 0.0621643066 0.0743408203
vt 0.0614318848 0.0737915039
vt 0.0621337891 0.0735473633
vt 0.149536133 0.0974121094
vt 0.150268555 0.0974121094
vt 0.149414062 0.0955200195
vt 0.150268555 0.0952758789
vt 0.101806641 0.145385742
vt 0.101074219 0.145385742
vt 0.101806641 0.147338867
vt 0.101074219 0.147338867
vt 0.15612793 0.0870361328
vt 0.155395508 0.0870361328
vt 0.15612793 0.103027344
vt 0.155395508 0.103271484
vt 0.0966796875 0.197265625
vt 0.0974121094 0.197265625
vt 0.0966186523 0.181274414
vt 0.0974121094 0.181030273
vt 0.121643066 0.00349807739
vt 0.122375488 0.00344276428
vt 0.121643066 0.000460147858
vt 0.122375488 0.00045633316
vt 0.163452148 0.0327758789
vt 0.162719727 0.0327758789
vt 0.163452148 0.0357971191
vt 0.162719727 0.0357971191
vt 0.0425415039 0.0099029541
vt 0.0431213379 0.0106658936
vt 0.0431213379 0.0099105835
vt 0.0425415039 0.0106735229
vt 0.0428466797 0.0108337402
vt 0.0337219238 0.045135498
vt 0.0343017578 0.0458984375
vt 0.0343017578 0.045135498
vt 0.0337219238 0.0458984375
vt 0.0340576172 0.0460510254
vt 0.193481445 0.169311523
vt 0.194335938 0.169067383
vt 0.193481445 0.168334961
vt 0.194335938 0.16784668
vt 0.193603516 0.16784668
vt 0.132568359 0.195800781
vt 0.131835938 0.195922852
vt 0.13269043 0.196777344
vt 0.131835938 0.197265625
vt 0.132568359 0.197265625
vt 0.149414062 0.117980957
vt 0.150146484 0.117980957
vt 0.150268555 0.117492676
vt 0.149414062 0.116638184
vt 0.150268555 0.116516113
vt 0.00910949707 0.0196380615
vt 0.00930023193 0.01953125
vt 0.00910949707 0.0162963867
vt 0.0093536377 0.016494751
vt 0.016494751 0.0812988281
vt 0.0166778564 0.0811767578
vt 0.016494751 0.0787353516
vt 0.0166931152 0.0788574219
vt 0.000550270081 0.0324401855
vt 0.000298500061 0.0326843262
vt 0.000550270081 0.0357971191
vt 0.000343322754 0.0357055664
vt 0.0489501953 0.0325317383
vt 0.0481262207 0.029800415
vt 0.0481262207 0.0328369141
vt 0.048828125 0.0301055908
vt 0.0489807129 0.0297393799
vt 0.0613098145 0.121887207
vt 0.0621337891 0.122253418
vt 0.0621337891 0.121520996
vt 0.0619812012 0.123168945
vt 0.0613098145 0.123596191
vt 0.0621948242 0.123474121
vt 0.0620727539 0.123840332
vt 0.147216797 0.0503540039
vt 0.146362305 0.0500183105
vt 0.146484375 0.0504760742
vt 0.147338867 0.0485229492
vt 0.146606445 0.0487976074
vt 0.146728516 0.0481872559
vt 0.146362305 0.0483703613
vt 0.0991210938 0.393310547
vt 0.101501465 0.393798828
vt 0.101013184 0.393310547
vt 0.0981445312 0.394042969
vt 0.102478027 0.396240234
vt 0.0981445312 0.409179688
vt 0.102111816 0.408691406
vt 0.0989379883 0.409912109
vt 0.101135254 0.409912109
vt 0.105224609 0.408691406
vt 0.104797363 0.396240234
vt 0.109130859 0.409423828
vt 0.108215332 0.409912109
vt 0.106323242 0.409912109
vt 0.109130859 0.394287109
vt 0.105712891 0.393798828
vt 0.108337402 0.393310547
vt 0.106201172 0.393310547
vt 0.150146484 0.608398438
vt 0.151733398 0.607910156
vt 0.1484375 0.570800781
vt 0.150024414 0.570800781
vt 0.150756836 0.568847656
vt 0.147583008 0.568847656
vt 0.151733398 0.566894531
vt 0.151733398 0.565429688
vt 0.146606445 0.566894531
vt 0.151367188 0.564453125
vt 0.146362305 0.565917969
vt 0.147094727 0.563964844
vt 0.146606445 0.564941406
vt 0.147949219 0.563476562
vt 0.148925781 0.562988281
vt 0.149902344 0.563476562
vt 0.150756836 0.563964844
vt 0.672363281 0.104187012
vt 0.673339844 0.141479492
vt 0.674804688 0.141357422
vt 0.673828125 0.104370117
vt 0.671386719 0.102416992
vt 0.674316406 0.102294922
vt 0.67578125 0.100097656
vt 0.670410156 0.100036621
vt 0.67578125 0.0988769531
vt 0.675292969 0.0978393555
vt 0.670410156 0.0982666016
vt 0.670898438 0.0972290039
vt 0.671875 0.0966796875
vt 0.674804688 0.0970458984
vt 0.673828125 0.0965576172
vt 0.672851562 0.0963745117
vt 0.022277832 0.209960938
vt 0.022064209 0.210083008
vt 0.022567749 0.247070312
vt 0.022567749 0.208007812
vt 0.00016784668 0.0556030273
vt 0.000243663788 0.0566711426
vt 0.000550270081 0.054901123
vt 4.0769577e-05 0.0568237305
vt 0.000550270081 0.0592651367
vt 0.00330924988 0.289306641
vt 0.00348472595 0.2890625
vt 0.00302696228 0.287109375
vt 0.00302696228 0.326416016
vt 0.202758789 0.0909423828
vt 0.202514648 0.0909423828
vt 0.203125 0.128295898
vt 0.203125 0.0887451172
vt 3.10540199e-05 0.289794922
vt 0.000356435776 0.291992188
vt 0.000550270081 0.291992188
vt 3.10540199e-05 0.329345703
vt 0.166381836 0.0634765625
vt 0.164794922 0.0634765625
vt 0.164794922 0.100524902
vt 0.166259766 0.100769043
vt 0.164672852 0.102600098
vt 0.166259766 0.102966309
vt 0.164794922 0.105102539
vt 0.166259766 0.105163574
vt 0.164794922 0.106384277
vt 0.166259766 0.106384277
vt 0.164672852 0.107177734
vt 0.166381836 0.107421875
vt 0.164672852 0.108398438
vt 0.166259766 0.108459473
vt 0.164672852 0.109436035
vt 0.166259766 0.10949707
vt 0.164794922 0.110534668
vt 0.166259766 0.110595703
vt 0.164672852 0.111572266
vt 0.166381836 0.111633301
vt 0.164672852 0.112609863
vt 0.166381836 0.112670898
vt 0.164672852 0.113647461
vt 0.166381836 0.113708496
vt 0.164794922 0.114685059
vt 0.166381836 0.114746094
vt 0.164794922 0.115905762
vt 0.166381836 0.115966797
vt 0.166381836 0.118041992
vt 0.164794922 0.118408203
vt 0.166259766 0.120300293
vt 0.164794922 0.120422363
vt 0.164672852 0.157592773
vt 0.166381836 0.157592773
vt 0.538574219 0.948242188
vt 0.538085938 0.950195312
vt 0.5390625 0.949707031
vt 0.537597656 0.950195312
vt 0.536132812 0.948730469
vt 0.537597656 0.943847656
vt 0.534179688 0.947753906
vt 0.531738281 0.947265625
vt 0.524414062 0.944824219
vt 0.537109375 0.938964844
vt 0.530273438 0.947265625
vt 0.527832031 0.947753906
vt 0.525878906 0.948730469
vt 0.5234375 0.947265625
vt 0.524414062 0.949707031
vt 0.523925781 0.950195312
vt 0.522949219 0.94921875
vt 0.5234375 0.948242188
vt 0.524414062 0.942382812
vt 0.524902344 0.940917969
vt 0.525390625 0.937988281
vt 0.536621094 0.931640625
vt 0.525878906 0.932128906
vt 0.536621094 0.93359375
vt 0.537109375 0.938476562
vt 0.537109375 0.940917969
vt 0.538085938 0.943847656
vt 0.5390625 0.948242188
vt 0.5390625 0.949707031
vt 0.536621094 0.930175781
vt 0.536132812 0.930175781
vt 0.535644531 0.916503906
vt 0.525878906 0.9296875
vt 0.535644531 0.916503906
vt 0.525878906 0.930175781
vt 0.525878906 0.937988281
vt 0.524902344 0.916015625
vt 0.524902344 0.916503906
vt 0.524902344 0.916015625
vt 0.525390625 0.915527344
vt 0.53515625 0.916015625
vt 0.535644531 0.916015625
vt 0.534667969 0.915527344
vt 0.524902344 0.916015625
vt 0.53515625 0.915527344
vt 0.524902344 0.915527344
vt 0.524902344 0.916015625
vt 0.0604858398 0.281982422
vt 0.0612792969 0.282226562
vt 0.0621032715 0.282226562
vt 0.0596313477 0.28125
vt 0.0620117188 0.28125
vt 0.0592346191 0.280517578
vt 0.0620117188 0.280517578
vt 0.0621337891 0.278320312
vt 0.0590820312 0.278808594
vt 0.0589904785 0.276855469
vt 0.0621643066 0.275634766
vt 0.0589294434 0.274169922
vt 0.0621948242 0.273193359
vt 0.0589294434 0.271484375
vt 0.0621948242 0.271240234
vt 0.0621948242 0.268798828
vt 0.0589599609 0.269042969
vt 0.0590515137 0.266113281
vt 0.0621643066 0.266357422
vt 0.0620422363 0.264404297
vt 0.0592651367 0.264160156
vt 0.0620422363 0.263671875
vt 0.0596618652 0.263427734
vt 0.0604553223 0.262695312
vt 0.0621337891 0.262451172
vt 0.061126709 0.262451172
vt 0.123291016 0.263427734
vt 0.123046875 0.263671875
vt 0.123413086 0.263916016
vt 0.12322998 0.263916016
vt 0.123840332 0.270019531
vt 0.123291016 0.274414062
vt 0.123474121 0.274414062
vt 0.123168945 0.274658203
vt 0.123046875 0.274902344
vt 0.123413086 0.274902344
vt 0.365966797 0.100219727
vt 0.364990234 0.10168457
vt 0.365966797 0.101623535
vt 0.364746094 0.0942382812
vt 0.364257812 0.101806641
vt 0.365722656 0.0943603516
vt 0.364257812 0.0928344727
vt 0.365478516 0.0901489258
vt 0.364746094 0.0884399414
vt 0.364257812 0.0857543945
vt 0.365478516 0.0863647461
vt 0.364990234 0.0802001953
vt 0.364746094 0.0781860352
vt 0.365234375 0.0686035156
vt 0.365478516 0.0815429688
vt 0.365478516 0.0894165039
vt 0.365478516 0.0686645508
vt 0.365478516 0.068359375
vt 0.365722656 0.0684814453
vt 0.637695312 0.9140625
vt 0.638671875 0.9140625
vt 0.637695312 0.913085938
vt 0.638183594 0.908203125
vt 0.639648438 0.90625
vt 0.638671875 0.905273438
vt 0.638671875 0.90234375
vt 0.640136719 0.905761719
vt 0.639160156 0.914550781
vt 0.639648438 0.90234375
vt 0.639160156 0.897460938
vt 0.639648438 0.8984375
vt 0.639648438 0.894042969
vt 0.640136719 0.897460938
vt 0.640136719 0.905761719
vt 0.640136719 0.912597656
vt 0.640625 0.915039062
vt 0.640136719 0.891601562
vt 0.640136719 0.881347656
vt 0.640136719 0.883789062
vt 0.640625 0.881347656
vt 0.198486328 0.181884766
vt 0.198608398 0.185668945
vt 0.198730469 0.184936523
vt 0.198608398 0.188110352
vt 0.198486328 0.189941406
vt 0.7890625 0.953613281
vt 0.7890625 0.956054688
vt 0.790039062 0.956054688
vt 0.791015625 0.955078125
vt 0.791015625 0.952148438
vt 0.792480469 0.953613281
vt 0.793945312 0.951660156
vt 0.794921875 0.953125
vt 0.797363281 0.952636719
vt 0.791992188 0.948730469
vt 0.797851562 0.946777344
vt 0.799316406 0.953125
vt 0.791015625 0.945800781
vt 0.790039062 0.947265625
vt 0.790527344 0.938964844
vt 0.794921875 0.942382812
vt 0.792480469 0.94140625
vt 0.80078125 0.937011719
vt 0.793457031 0.930175781
vt 0.791503906 0.934570312
vt 0.791503906 0.927734375
vt 0.790527344 0.932617188
vt 0.791015625 0.924804688
vt 0.800292969 0.940917969
vt 0.80078125 0.947265625
vt 0.793945312 0.924804688
vt 0.791015625 0.922363281
vt 0.791503906 0.921875
vt 0.795410156 0.921875
vt 0.798828125 0.925292969
vt 0.801269531 0.921875
vt 0.801269531 0.922363281
vt 0.801269531 0.931640625
vt 0.800292969 0.933105469
vt 0.801757812 0.939453125
vt 0.802246094 0.944335938
vt 0.803222656 0.946289062
vt 0.802734375 0.948242188
vt 0.801757812 0.952636719
vt 0.801757812 0.954589844
vt 0.803710938 0.953125
vt 0.8046875 0.955078125
vt 0.803222656 0.956054688
vt 0.803710938 0.956054688
vt 0.14440918 0.0034828186
vt 0.14440918 0.00126457214
vt 0.143798828 0.00127983093
vt 0.143798828 0.00349807739
vt 0.146728516 0.153930664
vt 0.146728516 0.15612793
vt 0.147338867 0.153930664
vt 0.147338867 0.15612793
vt 0.208374023 0.286865234
vt 0.210449219 0.286865234
vt 0.208374023 0.276855469
vt 0.210449219 0.276855469
vt 0.170776367 0.0981445312
vt 0.168945312 0.0981445312
vt 0.170776367 0.100341797
vt 0.168945312 0.100341797
vt 0.102478027 0.0445861816
vt 0.102844238 0.0341186523
vt 0.102478027 0.0336608887
vt 0.102844238 0.0440673828
vt 0.104736328 0.0341796875
vt 0.104736328 0.0440368652
vt 0.171875 0.0621948242
vt 0.173706055 0.0621948242
vt 0.171875 0.0599975586
vt 0.173706055 0.0599975586
vt 0.109130859 0.336914062
vt 0.109130859 0.336181641
vt 0.107055664 0.336914062
vt 0.106811523 0.336181641
vt 0.107055664 0.347900391
vt 0.106811523 0.348388672
vt 0.109130859 0.34765625
vt 0.109130859 0.348388672
vt 0.303466797 0.938476562
vt 0.305908203 0.938476562
vt 0.305908203 0.936523438
vt 0.303466797 0.935546875
vt 0.305908203 0.934570312
vt 0.303466797 0.932617188
vt 0.305908203 0.931640625
vt 0.305908203 0.9296875
vt 0.303466797 0.929199219
vt 0.305908203 0.926269531
vt 0.303466797 0.92578125
vt 0.305908203 0.923828125
vt 0.303466797 0.923828125
vt 0.305908203 0.921386719
vt 0.303466797 0.920898438
vt 0.305908203 0.91796875
vt 0.303466797 0.91796875
vt 0.305908203 0.914550781
vt 0.303466797 0.914550781
vt 0.305908203 0.911621094
vt 0.303466797 0.911132812
vt 0.305908203 0.908203125
vt 0.303466797 0.907714844
vt 0.305908203 0.905761719
vt 0.303466797 0.905761719
vt 0.305908203 0.903808594
vt 0.303466797 0.903808594
vt 0.382080078 0.139892578
vt 0.382080078 0.127807617
vt 0.380859375 0.14074707
vt 0.380859375 0.126831055
vt 0.37890625 0.141479492
vt 0.376464844 0.141357422
vt 0.374267578 0.140625
vt 0.378417969 0.126098633
vt 0.375488281 0.126464844
vt 0.372802734 0.128051758
vt 0.37109375 0.130737305
vt 0.370361328 0.133911133
vt 0.372070312 0.138549805
vt 0.370849609 0.136230469
vt 0.103210449 0.331054688
vt 0.103149414 0.329589844
vt 0.102783203 0.329345703
vt 0.102172852 0.329345703
vt 0.102966309 0.331542969
vt 0.102355957 0.332763672
vt 0.100769043 0.326416016
vt 0.103210449 0.33203125
vt 0.0991821289 0.322998047
vt 0.0983276367 0.324462891
vt 0.103027344 0.328857422
vt 0.0953979492 0.323730469
vt 0.101379395 0.324462891
vt 0.102966309 0.326904297
vt 0.103271484 0.328857422
vt 0.0959472656 0.322021484
vt 0.092590332 0.322265625
vt 0.092956543 0.32421875
vt 0.0910644531 0.325195312
vt 0.0895996094 0.323974609
vt 0.0889892578 0.327636719
vt 0.0877075195 0.326416016
vt 0.0872192383 0.328125
vt 0.0880126953 0.330810547
vt 0.0872192383 0.335205078
vt 0.0883789062 0.333984375
vt 0.0877685547 0.336669922
vt 0.0895385742 0.336181641
vt 0.0894165039 0.338867188
vt 0.0902099609 0.336181641
vt 0.0924682617 0.340576172
vt 0.0905761719 0.335693359
vt 0.0998535156 0.335693359
vt 0.090637207 0.333740234
vt 0.0997924805 0.333740234
vt 0.0960083008 0.341064453
vt 0.100219727 0.336181641
vt 0.0994262695 0.33984375
vt 0.100830078 0.336181641
vt 0.101989746 0.337890625
vt 0.103027344 0.3359375
vt 0.103210449 0.334228516
vt 0.10168457 0.334960938
vt 0.102783203 0.333984375
vt 0.102844238 0.333496094
vt 0.103271484 0.333496094
vt 0.845703125 0.417480469
vt 0.84375 0.417480469
vt 0.84375 0.418945312
vt 0.844726562 0.418945312
vt 0.845214844 0.419433594
vt 0.845703125 0.421875
vt 0.845703125 0.417236328
vt 0.844726562 0.419921875
vt 0.845703125 0.416748047
vt 0.845703125 0.416015625
vt 0.845703125 0.416748047
vt 0.84375 0.416748047
vt 0.84375 0.414550781
vt 0.845214844 0.4140625
vt 0.84375 0.411865234
vt 0.845214844 0.410888672
vt 0.84375 0.408935547
vt 0.845214844 0.408203125
vt 0.845214844 0.405517578
vt 0.84375 0.405273438
vt 0.845214844 0.402099609
vt 0.84375 0.401855469
vt 0.845214844 0.3984375
vt 0.84375 0.398193359
vt 0.845214844 0.395263672
vt 0.84375 0.395019531
vt 0.845703125 0.393310547
vt 0.84375 0.393310547
vt 0.845703125 0.392089844
vt 0.845703125 0.387451172
vt 0.84375 0.385986328
vt 0.845214844 0.385986328
vt 0.84375 0.384521484
vt 0.845214844 0.383300781
vt 0.84375 0.381591797
vt 0.845214844 0.379638672
vt 0.84375 0.377929688
vt 0.845214844 0.376953125
vt 0.84375 0.374267578
vt 0.845214844 0.374023438
vt 0.845214844 0.371337891
vt 0.84375 0.370361328
vt 0.845214844 0.368896484
vt 0.84375 0.366943359
vt 0.845214844 0.365722656
vt 0.84375 0.364746094
vt 0.845214844 0.363769531
vt 0.84375 0.363037109
vt 0.845703125 0.362792969
vt 0.845703125 0.362548828
vt 0.845703125 0.362548828
vt 0.84375 0.419921875
vt 0.84375 0.421386719
vt 0.845703125 0.421386719
vt 0.845703125 0.421630859
vt 0.301513672 0.115539551
vt 0.300537109 0.116516113
vt 0.301757812 0.116027832
vt 0.302978516 0.114929199
vt 0.302978516 0.113525391
vt 0.3046875 0.112182617
vt 0.304443359 0.110412598
vt 0.305664062 0.108825684
vt 0.304931641 0.107971191
vt 0.305908203 0.105224609
vt 0.304931641 0.10534668
vt 0.304443359 0.102172852
vt 0.305419922 0.102722168
vt 0.304443359 0.100158691
vt 0.302978516 0.0991210938
vt 0.302734375 0.0975952148
vt 0.300537109 0.0963745117
vt 0.301269531 0.0965576172
vt 0.898925781 0.303955078
vt 0.89453125 0.307128906
vt 0.898925781 0.307373047
vt 0.89453125 0.3046875
vt 0.89453125 0.302001953
vt 0.8984375 0.300292969
vt 0.89453125 0.298339844
vt 0.8984375 0.296875
vt 0.89453125 0.294921875
vt 0.8984375 0.293457031
vt 0.89453125 0.291503906
vt 0.8984375 0.289794922
vt 0.89453125 0.288818359
vt 0.89453125 0.286376953
vt 0.8984375 0.286132812
vt 0.89453125 0.282958984
vt 0.8984375 0.282714844
vt 0.89453125 0.280273438
vt 0.8984375 0.279296875
vt 0.89453125 0.278808594
vt 0.8984375 0.275878906
vt 0.89453125 0.276611328
vt 0.89453125 0.274414062
vt 0.8984375 0.272216797
vt 0.89453125 0.271972656
vt 0.8984375 0.268798828
vt 0.89453125 0.268554688
vt 0.8984375 0.265380859
vt 0.89453125 0.266113281
vt 0.89453125 0.263427734
vt 0.898925781 0.26171875
vt 0.89453125 0.260986328
vt 0.89453125 0.258300781
vt 0.898925781 0.258056641
vt 0.89453125 0.254882812
vt 0.898925781 0.254638672
vt 0.89453125 0.252441406
vt 0.898925781 0.251220703
vt 0.89453125 0.250976562
vt 0.200683594 0.258544922
vt 0.201660156 0.2578125
vt 0.200561523 0.258056641
vt 0.19909668 0.259033203
vt 0.19909668 0.260498047
vt 0.197387695 0.261962891
vt 0.197631836 0.263671875
vt 0.196533203 0.264160156
vt 0.197021484 0.266113281
vt 0.196166992 0.266845703
vt 0.197021484 0.268798828
vt 0.196289062 0.26953125
vt 0.197387695 0.271240234
vt 0.196777344 0.272216797
vt 0.198120117 0.2734375
vt 0.198242188 0.275634766
vt 0.199951172 0.276367188
vt 0.200073242 0.27734375
vt 0.201660156 0.277832031
vt 0.172729492 0.138549805
vt 0.172729492 0.139770508
vt 0.173095703 0.138427734
vt 0.173217773 0.139648438
vt 0.173706055 0.138427734
vt 0.173217773 0.140014648
vt 0.173706055 0.139770508
vt 0.173583984 0.0678710938
vt 0.173706055 0.0658569336
vt 0.173461914 0.0658569336
vt 0.173339844 0.067565918
vt 0.172973633 0.0658569336
vt 0.173095703 0.0678710938
vt 0.173095703 0.0680541992
vt 0.172607422 0.0680541992
vt 0.172973633 0.067565918
vt 0.172241211 0.0659790039
vt 0.474365234 0.197265625
vt 0.476074219 0.197021484
vt 0.472900391 0.16027832
vt 0.474365234 0.16015625
vt 0.475097656 0.157958984
vt 0.471923828 0.158325195
vt 0.476074219 0.156005859
vt 0.475830078 0.154541016
vt 0.470947266 0.156494141
vt 0.476074219 0.154907227
vt 0.470703125 0.155273438
vt 0.475830078 0.154052734
vt 0.470947266 0.154296875
vt 0.475097656 0.153198242
vt 0.471435547 0.153442383
vt 0.474365234 0.152709961
vt 0.472412109 0.152832031
vt 0.473388672 0.152587891
vt 0.745605469 0.629394531
vt 0.744140625 0.666992188
vt 0.74609375 0.666992188
vt 0.747070312 0.629882812
vt 0.744628906 0.627441406
vt 0.747558594 0.627929688
vt 0.749023438 0.625488281
vt 0.744140625 0.625488281
vt 0.743652344 0.625488281
vt 0.743652344 0.624023438
vt 0.748535156 0.623535156
vt 0.749023438 0.624511719
vt 0.748046875 0.622558594
vt 0.747070312 0.622070312
vt 0.74609375 0.621582031
vt 0.745605469 0.622070312
vt 0.744628906 0.622558594
vt 0.744140625 0.623046875
vt 0.173706055 0.148803711
vt 0.173706055 0.146972656
vt 0.172119141 0.148803711
vt 0.172119141 0.147094727
vt 0.00320053101 0.215820312
vt 0.00298690796 0.215942383
vt 0.00348472595 0.252929688
vt 0.00348472595 0.213867188
vt 0.0475158691 0.00246429443
vt 0.0473022461 0.00244140625
vt 0.0472106934 0.00496673584
vt 0.0472106934 0.00126361847
vt 0.00917816162 0.198364258
vt 0.0093536377 0.198120117
vt 0.00889587402 0.196289062
vt 0.00889587402 0.235351562
vt 0.172119141 0.142700195
vt 0.172119141 0.14440918
vt 0.173706055 0.14440918
vt 0.173706055 0.142578125
vt 0.0999755859 0.154052734
vt 0.0997924805 0.154052734
vt 0.100341797 0.19140625
vt 0.100341797 0.151855469
vt 0.0191040039 0.219360352
vt 0.0194396973 0.221557617
vt 0.0196228027 0.221557617
vt 0.0191040039 0.258789062
vt 0.0592651367 0.0457763672
vt 0.0576171875 0.0457763672
vt 0.0576782227 0.082824707
vt 0.0591125488 0.0831298828
vt 0.0575866699 0.0849609375
vt 0.0592041016 0.0853271484
vt 0.0576782227 0.0874633789
vt 0.059173584 0.0874023438
vt 0.0591125488 0.088684082
vt 0.0575866699 0.0889282227
vt 0.0591125488 0.0897216797
vt 0.0576782227 0.0897216797
vt 0.0591430664 0.0907592773
vt 0.0576171875 0.0908203125
vt 0.059173584 0.0918579102
vt 0.0575866699 0.0918579102
vt 0.0575866699 0.0928344727
vt 0.059173584 0.092956543
vt 0.0575561523 0.0939331055
vt 0.059173584 0.0939941406
vt 0.0575561523 0.0949707031
vt 0.059173584 0.0950317383
vt 0.0575256348 0.0960083008
vt 0.059173584 0.0960693359
vt 0.0575561523 0.0970458984
vt 0.0591430664 0.0971679688
vt 0.0576477051 0.0983276367
vt 0.0591430664 0.0983276367
vt 0.0592041016 0.100463867
vt 0.0575866699 0.100830078
vt 0.0591125488 0.102661133
vt 0.0576477051 0.102783203
vt 0.0576171875 0.140014648
vt 0.0592651367 0.140014648
vt 0.362548828 0.538574219
vt 0.362060547 0.538085938
vt 0.357421875 0.538574219
vt 0.360595703 0.539550781
vt 0.357421875 0.540039062
vt 0.354980469 0.5390625
vt 0.354248047 0.539550781
vt 0.363037109 0.5390625
vt 0.353759766 0.540527344
vt 0.360107422 0.540527344
vt 0.363037109 0.540527344
vt 0.362792969 0.54296875
vt 0.362548828 0.543457031
vt 0.361572266 0.544921875
vt 0.358642578 0.540527344
vt 0.357177734 0.541015625
vt 0.360595703 0.546386719
vt 0.355224609 0.541015625
vt 0.353759766 0.541503906
vt 0.353759766 0.543945312
vt 0.354980469 0.545898438
vt 0.360107422 0.548339844
vt 0.355712891 0.547851562
vt 0.355957031 0.550292969
vt 0.360107422 0.551269531
vt 0.355712891 0.551757812
vt 0.355224609 0.553222656
vt 0.360595703 0.553222656
vt 0.357421875 0.55859375
vt 0.354003906 0.555175781
vt 0.353759766 0.556152344
vt 0.353759766 0.557617188
vt 0.353759766 0.559082031
vt 0.354248047 0.560058594
vt 0.361572266 0.5546875
vt 0.355224609 0.560058594
vt 0.359863281 0.55859375
vt 0.362548828 0.555664062
vt 0.362792969 0.556640625
vt 0.363037109 0.559082031
vt 0.357666016 0.560546875
vt 0.362792969 0.560058594
vt 0.362304688 0.561035156
vt 0.216308594 0.360839844
vt 0.215332031 0.360839844
vt 0.215942383 0.362792969
vt 0.21496582 0.362792969
vt 0.215820312 0.365234375
vt 0.21484375 0.365234375
vt 0.21484375 0.3671875
vt 0.215820312 0.367431641
vt 0.21472168 0.369384766
vt 0.215698242 0.369140625
vt 0.215576172 0.370605469
vt 0.214599609 0.371337891
vt 0.215698242 0.372802734
vt 0.21472168 0.373046875
vt 0.215698242 0.374023438
vt 0.21496582 0.376220703
vt 0.215698242 0.375488281
vt 0.216064453 0.376708984
vt 0.215209961 0.377441406
vt 0.216308594 0.377685547
vt 0.188232422 0.279785156
vt 0.18737793 0.280517578
vt 0.188354492 0.280761719
vt 0.187255859 0.279541016
vt 0.188354492 0.274658203
vt 0.18737793 0.276855469
vt 0.18737793 0.271728516
vt 0.188354492 0.271728516
vt 0.466308594 0.899414062
vt 0.466552734 0.899902344
vt 0.467285156 0.899414062
vt 0.465332031 0.899902344
vt 0.465820312 0.900390625
vt 0.46484375 0.900390625
vt 0.463867188 0.902832031
vt 0.46484375 0.902832031
vt 0.464599609 0.903808594
vt 0.463623047 0.903808594
vt 0.464355469 0.905273438
vt 0.463378906 0.904785156
vt 0.463134766 0.907226562
vt 0.464111328 0.907226562
vt 0.464355469 0.908691406
vt 0.463623047 0.909179688
vt 0.464599609 0.911621094
vt 0.463623047 0.911621094
vt 0.463134766 0.9140625
vt 0.464111328 0.9140625
vt 0.463378906 0.915527344
vt 0.464355469 0.915527344
vt 0.463623047 0.917480469
vt 0.464599609 0.917480469
vt 0.46484375 0.918457031
vt 0.464111328 0.918945312
vt 0.465820312 0.920410156
vt 0.46484375 0.920898438
vt 0.466308594 0.921386719
vt 0.465576172 0.921386719
vt 0.467041016 0.921875
vt 0.466308594 0.922363281
vt 0.467285156 0.922363281
vt 0.465576172 0.926757812
vt 0.466552734 0.927246094
vt 0.465576172 0.921875
vt 0.464111328 0.92578125
vt 0.464599609 0.921386719
vt 0.466064453 0.930175781
vt 0.462646484 0.921386719
vt 0.465332031 0.9296875
vt 0.465087891 0.9296875
vt 0.465087891 0.930664062
vt 0.465820312 0.931152344
vt 0.465576172 0.931640625
vt 0.464599609 0.930664062
vt 0.464599609 0.932128906
vt 0.465332031 0.933105469
vt 0.465087891 0.935546875
vt 0.464111328 0.935546875
vt 0.463623047 0.931152344
vt 0.462890625 0.926269531
vt 0.461181641 0.921386719
vt 0.459960938 0.922851562
vt 0.461425781 0.927734375
vt 0.460449219 0.931152344
vt 0.458984375 0.9296875
vt 0.459960938 0.925292969
vt 0.458496094 0.923339844
vt 0.459228516 0.926757812
vt 0.456787109 0.928710938
vt 0.452636719 0.926269531
vt 0.455078125 0.928222656
vt 0.453125 0.928710938
vt 0.451416016 0.929199219
vt 0.44921875 0.927246094
vt 0.449951172 0.930175781
vt 0.446777344 0.930175781
vt 0.456787109 0.926269531
vt 0.456298828 0.923828125
vt 0.454101562 0.923828125
vt 0.452148438 0.922851562
vt 0.449951172 0.925292969
vt 0.450439453 0.921875
vt 0.450927734 0.926269531
vt 0.446777344 0.926757812
vt 0.448486328 0.924804688
vt 0.446289062 0.926269531
vt 0.445800781 0.9296875
vt 0.4453125 0.928222656
vt 0.448730469 0.920410156
vt 0.449707031 0.920898438
vt 0.447021484 0.923828125
vt 0.446533203 0.919921875
vt 0.446044922 0.922851562
vt 0.445556641 0.919921875
vt 0.445556641 0.924316406
vt 0.444824219 0.923339844
vt 0.444580078 0.920410156
vt 0.368896484 0.0536804199
vt 0.368652344 0.0537719727
vt 0.368408203 0.0615844727
vt 0.368652344 0.0721435547
vt 0.368164062 0.0646972656
vt 0.368408203 0.0759887695
vt 0.368896484 0.0809936523
vt 0.368896484 0.079284668
vt 0.368652344 0.080871582
vt 0.368652344 0.0839233398
vt 0.368896484 0.0838012695
vt 0.368896484 0.0856933594
vt 0.781738281 0.370605469
vt 0.781738281 0.370605469
vt 0.781738281 0.370605469
vt 0.781738281 0.370605469
vt 0.781738281 0.370605469
vt 0.781738281 0.370605469
vt 0.781738281 0.370605469
vt 0.781738281 0.370605469
vt 0.781738281 0.370605469
vt 0.781738281 0.370605469
vt 0.781738281 0.370605469
vt 0.781738281 0.370605469
vt 0.781738281 0.370605469
vt 0.781738281 0.370605469
vt 0.781738281 0.370605469
vt 0.781738281 0.370605469
vt 0.781738281 0.370605469
vt 0.781738281 0.370605469
vt 0.781738281 0.370605469
vt 0.781738281 0.370605469
vt 0.781738281 0.370605469
vt 0.781738281 0.370605469
vt 0.781738281 0.370605469
vt 0.781738281 0.370849609
vt 0.781738281 0.370849609
vt 0.781738281 0.370849609
vt 0.781738281 0.370849609
vt 0.781738281 0.370849609
vt 0.781738281 0.370849609
vt 0.781738281 0.370849609
vt 0.781738281 0.370849609
vt 0.781738281 0.370849609
vt 0.781738281 0.370849609
vt 0.781738281 0.37109375
vt 0.781738281 0.37109375
vt 0.78125 0.37109375
vt 0.78125 0.37109375
vt 0.78125 0.371337891
vt 0.78125 0.37109375
vt 0.78125 0.371337891
vt 0.78125 0.371337891
vt 0.78125 0.371337891
vt 0.78125 0.371337891
vt 0.78125 0.371582031
vt 0.781738281 0.372070312
vt 0.78125 0.372558594
vt 0.781738281 0.372070312
vt 0.781738281 0.373535156
vt 0.781738281 0.373291016
vt 0.781738281 0.373535156
vt 0.781738281 0.374023438
vt 0.781738281 0.374023438
vt 0.782226562 0.374755859
vt 0.781738281 0.374511719
vt 0.782226562 0.374511719
vt 0.781738281 0.375244141
vt 0.784179688 0.378662109
vt 0.783691406 0.37890625
vt 0.783691406 0.379150391
vt 0.786621094 0.384521484
vt 0.785644531 0.384277344
vt 0.786621094 0.384765625
vt 0.787109375 0.387451172
vt 0.786132812 0.385498047
vt 0.786621094 0.387695312
vt 0.786132812 0.387207031
vt 0.786621094 0.390625
vt 0.785644531 0.391357422
vt 0.78515625 0.393066406
vt 0.786132812 0.388183594
vt 0.785644531 0.389648438
vt 0.784667969 0.391601562
vt 0.782226562 0.394775391
vt 0.783203125 0.395751953
vt 0.782714844 0.395751953
vt 0.781738281 0.395996094
vt 0.78125 0.397949219
vt 0.78125 0.3984375
vt 0.781738281 0.398681641
vt 0.782226562 0.408447266
vt 0.781738281 0.411621094
vt 0.782714844 0.422363281
vt 0.782714844 0.424560547
vt 0.782226562 0.425048828
vt 0.783203125 0.438476562
vt 0.783691406 0.439208984
vt 0.783691406 0.446777344
vt 0.784667969 0.446533203
vt 0.418701172 0.0310974121
vt 0.418212891 0.0272827148
vt 0.418701172 0.0328369141
vt 0.418701172 0.0280456543
vt 0.418212891 0.0232086182
vt 0.417724609 0.0166931152
vt 0.418212891 0.0118865967
vt 0.41796875 0.0101394653
vt 0.418701172 0.000979423523
vt 0.418457031 0.00189590454
vt 0.245361328 0.652832031
vt 0.244018555 0.647949219
vt 0.243652344 0.646972656
vt 0.243774414 0.65625
vt 0.240478516 0.654296875
vt 0.242919922 0.646484375
vt 0.241821289 0.646484375
vt 0.246459961 0.657714844
vt 0.239257812 0.646484375
vt 0.243652344 0.659667969
vt 0.246826172 0.658203125
vt 0.241210938 0.659179688
vt 0.237670898 0.655761719
vt 0.236572266 0.646484375
vt 0.235595703 0.646484375
vt 0.243774414 0.665527344
vt 0.242431641 0.676269531
vt 0.238891602 0.659667969
vt 0.235961914 0.655761719
vt 0.234985352 0.647460938
vt 0.246704102 0.669433594
vt 0.247436523 0.659179688
vt 0.247802734 0.668457031
vt 0.247802734 0.659667969
vt 0.248413086 0.66015625
vt 0.238891602 0.665527344
vt 0.245117188 0.674316406
vt 0.247314453 0.681152344
vt 0.233276367 0.653320312
vt 0.23449707 0.6484375
vt 0.236206055 0.661621094
vt 0.23449707 0.658203125
vt 0.232421875 0.657714844
vt 0.232055664 0.658691406
vt 0.246704102 0.687988281
vt 0.233764648 0.6640625
vt 0.237060547 0.676269531
vt 0.23425293 0.674316406
vt 0.232543945 0.668945312
vt 0.231445312 0.668945312
vt 0.231689453 0.659179688
vt 0.231201172 0.659667969
vt 0.232299805 0.680175781
vt 0.239746094 0.678222656
vt 0.234375 0.687988281
vt 0.237304688 0.687988281
vt 0.240234375 0.687988281
vt 0.239624023 0.699707031
vt 0.233764648 0.704589844
vt 0.242919922 0.687988281
vt 0.230712891 0.666992188
vt 0.230712891 0.66015625
vt 0.229370117 0.661132812
vt 0.243652344 0.700195312
vt 0.232543945 0.699707031
vt 0.232666016 0.687988281
vt 0.231689453 0.697753906
vt 0.231567383 0.687988281
vt 0.230834961 0.696289062
vt 0.236450195 0.711914062
vt 0.235351562 0.710449219
vt 0.237670898 0.712402344
vt 0.240966797 0.712402344
vt 0.243652344 0.711914062
vt 0.244750977 0.7109375
vt 0.245727539 0.707519531
vt 0.247070312 0.701171875
vt 0.248046875 0.687988281
vt 0.248046875 0.698242188
vt 0.248901367 0.696289062
vt 0.248291016 0.680175781
vt 0.249145508 0.687988281
vt 0.250244141 0.6953125
vt 0.250732422 0.6875
vt 0.251708984 0.694335938
vt 0.24987793 0.6875
vt 0.249023438 0.676269531
vt 0.251953125 0.6875
vt 0.252441406 0.688964844
vt 0.252929688 0.680175781
vt 0.250244141 0.67578125
vt 0.252441406 0.679199219
vt 0.248657227 0.664550781
vt 0.249511719 0.660644531
vt 0.24987793 0.665039062
vt 0.251220703 0.661621094
vt 0.251464844 0.668457031
vt 0.252441406 0.670898438
vt 0.252929688 0.671875
vt 0.251953125 0.662109375
vt 0.252441406 0.663574219
vt 0.122436523 0.467041016
vt 0.122131348 0.468505859
vt 0.123352051 0.465820312
vt 0.123046875 0.467041016
vt 0.122558594 0.468505859
vt 0.122497559 0.469970703
vt 0.122009277 0.469482422
vt 0.123779297 0.466064453
vt 0.12286377 0.472167969
vt 0.123596191 0.465820312
vt 0.123657227 0.465087891
vt 0.123962402 0.465576172
vt 0.123901367 0.465332031
vt 0.122558594 0.472412109
vt 0.122009277 0.470703125
vt 0.12286377 0.474121094
vt 0.123657227 0.475830078
vt 0.124389648 0.476806641
vt 0.124755859 0.479248047
vt 0.126464844 0.482177734
vt 0.126098633 0.482421875
vt 0.125976562 0.482910156
vt 0.126708984 0.483886719
vt 0.126342773 0.483642578
vt 0.126098633 0.484375
vt 0.126342773 0.484619141
vt 0.126586914 0.485351562
vt 0.125732422 0.487060547
vt 0.126220703 0.488769531
vt 0.125610352 0.490234375
vt 0.126098633 0.491455078
vt 0.125732422 0.491943359
vt 0.125488281 0.491943359
vt 0.125976562 0.493164062
vt 0.125244141 0.493164062
vt 0.125488281 0.493164062
vt 0.12512207 0.496337891
vt 0.124633789 0.496582031
vt 0.123657227 0.499023438
vt 0.12322998 0.502441406
vt 0.12286377 0.502441406
vt 0.122253418 0.50390625
vt 0.122619629 0.505859375
vt 0.122131348 0.506347656
vt 0.122009277 0.505859375
vt 0.122680664 0.5078125
vt 0.122131348 0.508300781
vt 0.122680664 0.508789062
vt 0.123474121 0.509765625
vt 0.12286377 0.509765625
vt 0.123901367 0.510742188
vt 0.124633789 0.510742188
vt 0.124206543 0.511230469
vt 0.228149414 0.694335938
vt 0.228515625 0.694824219
vt 0.228271484 0.692382812
vt 0.228271484 0.687988281
vt 0.227905273 0.689941406
vt 0.227783203 0.687988281
vt 0.229492188 0.687988281
vt 0.229736328 0.6953125
vt 0.229248047 0.676757812
vt 0.23059082 0.687988281
vt 0.23046875 0.676269531
vt 0.231201172 0.680175781
vt 0.229492188 0.666992188
vt 0.227905273 0.67578125
vt 0.227172852 0.680664062
vt 0.227783203 0.66796875
vt 0.227783203 0.662109375
vt 0.227172852 0.662597656
vt 0.348144531 0.849609375
vt 0.354492188 0.849609375
vt 0.352783203 0.846191406
vt 0.349365234 0.852050781
vt 0.350830078 0.854980469
vt 0.355957031 0.853027344
vt 0.352050781 0.857910156
vt 0.357666016 0.856445312
vt 0.353027344 0.859863281
vt 0.359130859 0.859863281
vt 0.354492188 0.862792969
vt 0.355712891 0.865722656
vt 0.360839844 0.86328125
vt 0.356933594 0.868164062
vt 0.362548828 0.866699219
vt 0.358642578 0.869628906
vt 0.363769531 0.870117188
vt 0.355712891 0.867675781
vt 0.355224609 0.866699219
vt 0.357666016 0.869628906
vt 0.358642578 0.870605469
vt 0.358642578 0.870605469
vt 0.353515625 0.865234375
vt 0.353515625 0.864746094
vt 0.3515625 0.862792969
vt 0.351806641 0.862304688
vt 0.350341797 0.859863281
vt 0.350830078 0.859863281
vt 0.350097656 0.857421875
vt 0.349609375 0.856933594
vt 0.349365234 0.854003906
vt 0.349853516 0.854492188
vt 0.349609375 0.852050781
vt 0.350097656 0.8515625
vt 0.353027344 0.8671875
vt 0.355224609 0.868652344
vt 0.357666016 0.869628906
vt 0.356933594 0.870605469
vt 0.357666016 0.872070312
vt 0.358154297 0.875
vt 0.350585938 0.866699219
vt 0.350341797 0.865234375
vt 0.34765625 0.865722656
vt 0.348144531 0.867675781
vt 0.345214844 0.867675781
vt 0.345947266 0.868652344
vt 0.343261719 0.870117188
vt 0.364501953 0.874023438
vt 0.344238281 0.871582031
vt 0.342773438 0.871582031
vt 0.342529297 0.872558594
vt 0.357910156 0.87890625
vt 0.336914062 0.875488281
vt 0.337402344 0.872070312
vt 0.34375 0.875976562
vt 0.336914062 0.879882812
vt 0.344238281 0.87890625
vt 0.342773438 0.880371094
vt 0.344726562 0.880859375
vt 0.343994141 0.882324219
vt 0.346923828 0.8828125
vt 0.346435547 0.884277344
vt 0.349121094 0.885742188
vt 0.349365234 0.884277344
vt 0.352050781 0.885742188
vt 0.351806641 0.884277344
vt 0.354736328 0.884765625
vt 0.354248047 0.883300781
vt 0.357177734 0.883300781
vt 0.356201172 0.881835938
vt 0.358886719 0.880371094
vt 0.359375 0.87890625
vt 0.359619141 0.877929688
vt 0.364501953 0.877441406
vt 0.364501953 0.880859375
vt 0.359619141 0.880859375
vt 0.364501953 0.884277344
vt 0.359619141 0.883789062
vt 0.364501953 0.887695312
vt 0.359619141 0.886230469
vt 0.359619141 0.888671875
vt 0.364501953 0.891601562
vt 0.359619141 0.891601562
vt 0.364501953 0.895019531
vt 0.359619141 0.89453125
vt 0.364501953 0.8984375
vt 0.359619141 0.896972656
vt 0.359619141 0.898925781
vt 0.364501953 0.901855469
vt 0.359375 0.900390625
vt 0.0221557617 0.016708374
vt 0.0252380371 0.0165710449
vt 0.0221710205 0.0154342651
vt 0.025390625 0.0148544312
vt 0.0221862793 0.0141525269
vt 0.0254821777 0.0131759644
vt 0.0222015381 0.012878418
vt 0.0254974365 0.0115814209
vt 0.0222167969 0.0116043091
vt 0.0222167969 0.0103302002
vt 0.0254058838 0.0100021362
vt 0.0222167969 0.00905609131
vt 0.0252532959 0.00835418701
vt 0.0222167969 0.00777816772
vt 0.0251159668 0.00667953491
vt 0.0222167969 0.00650405884
vt 0.0222167969 0.00522613525
vt 0.0250701904 0.00521087646
vt 0.0221862793 0.00395202637
vt 0.0250854492 0.00394439697
vt 0.0221710205 0.00267601013
vt 0.0251464844 0.00269889832
vt 0.0221557617 0.00140190125
vt 0.0252380371 0.00112819672
vt 0.164428711 0.848632812
vt 0.16784668 0.848632812
vt 0.165771484 0.836425781
vt 0.167480469 0.820800781
vt 0.166381836 0.822265625
vt 0.166015625 0.820800781
vt 0.166870117 0.817382812
vt 0.165527344 0.8203125
vt 0.163330078 0.818847656
vt 0.167236328 0.817382812
vt 0.167602539 0.817382812
vt 0.167480469 0.813964844
vt 0.16784668 0.813964844
vt 0.167358398 0.807128906
vt 0.167724609 0.806152344
vt 0.166992188 0.809082031
vt 0.167114258 0.813964844
vt 0.165771484 0.810546875
vt 0.163818359 0.811523438
vt 0.163696289 0.813964844
vt 0.163574219 0.817382812
vt 0.163208008 0.813964844
vt 0.163208008 0.811523438
vt 0.162719727 0.813964844
vt 0.162719727 0.811523438
vt 0.162841797 0.816894531
vt 0.162719727 0.817871094
vt 0.162231445 0.816894531
vt 0.162109375 0.812988281
vt 0.162109375 0.811523438
vt 0.161987305 0.815429688
vt 0.102478027 0.763671875
vt 0.100341797 0.775390625
vt 0.103820801 0.775390625
vt 0.100769043 0.747558594
vt 0.101806641 0.749023438
vt 0.102294922 0.747558594
vt 0.101379395 0.744140625
vt 0.104736328 0.745605469
vt 0.100952148 0.744140625
vt 0.100646973 0.744140625
vt 0.100708008 0.740722656
vt 0.100341797 0.740722656
vt 0.100646973 0.733398438
vt 0.101257324 0.735839844
vt 0.101074219 0.740722656
vt 0.102600098 0.737304688
vt 0.104553223 0.73828125
vt 0.104797363 0.740234375
vt 0.104675293 0.744628906
vt 0.105163574 0.744140625
vt 0.105407715 0.744628906
vt 0.105773926 0.744140625
vt 0.105407715 0.740234375
vt 0.105407715 0.73828125
vt 0.105834961 0.740234375
vt 0.106201172 0.743164062
vt 0.106018066 0.73828125
vt 0.353759766 0.0988769531
vt 0.357177734 0.0988769531
vt 0.353759766 0.0817260742
vt 0.357177734 0.0817260742
vt 0.268066406 0.0912475586
vt 0.267333984 0.091003418
vt 0.268310547 0.0923461914
vt 0.268554688 0.0913085938
vt 0.269287109 0.0920410156
vt 0.270996094 0.0975952148
vt 0.274169922 0.0878295898
vt 0.275146484 0.0887451172
vt 0.276611328 0.0868530273
vt 0.278076172 0.0846557617
vt 0.280029297 0.0843505859
vt 0.279052734 0.0835571289
vt 0.279052734 0.0827636719
vt 0.280517578 0.0842285156
vt 0.282958984 0.0889282227
vt 0.284179688 0.0912475586
vt 0.280029297 0.0825195312
vt 0.28515625 0.0932006836
vt 0.278808594 0.0815429688
vt 0.272460938 0.100402832
vt 0.279052734 0.081237793
vt 0.279296875 0.0810546875
vt 0.278320312 0.0800170898
vt 0.278564453 0.0795898438
vt 0.277832031 0.0782470703
vt 0.278320312 0.0779418945
vt 0.277832031 0.0756835938
vt 0.277587891 0.077331543
vt 0.27734375 0.075378418
vt 0.277587891 0.0725708008
vt 0.277099609 0.072265625
vt 0.276855469 0.0654907227
vt 0.27734375 0.0665893555
vt 0.276855469 0.0626831055
vt 0.276367188 0.0584716797
vt 0.277099609 0.0614929199
vt 0.27734375 0.0568237305
vt 0.276611328 0.0584716797
vt 0.276611328 0.0517883301
vt 0.277099609 0.0525817871
vt 0.276367188 0.0485839844
vt 0.276367188 0.0470581055
vt 0.274169922 0.0428771973
vt 0.275146484 0.0442810059
vt 0.275634766 0.0443725586
vt 0.275390625 0.0432739258
vt 0.274658203 0.0427856445
vt 0.274658203 0.0421447754
vt 0.274902344 0.0417785645
vt 0.274169922 0.0415039062
vt 0.274169922 0.0407714844
vt 0.274658203 0.0407409668
vt 0.2734375 0.0372009277
vt 0.272705078 0.0364685059
vt 0.271972656 0.0327148438
vt 0.271240234 0.031463623
vt 0.270751953 0.028213501
vt 0.270507812 0.026184082
vt 0.270507812 0.0275268555
vt 0.269775391 0.0234069824
vt 0.270019531 0.0234069824
vt 0.268798828 0.0178375244
vt 0.269042969 0.0168914795
vt 0.271728516 0.0303344727
vt 0.270751953 0.0249023438
vt 0.269042969 0.0169219971
vt 0.268066406 0.00630187988
vt 0.267578125 0.0062789917
vt 0.267333984 0.00395965576
vt 0.268066406 0.00282669067
vt 0.267578125 0.00232505798
vt 0.268554688 0.00175285339
vt 0.268554688 0.00103759766
vt 0.270019531 0.000760555267
vt 0.269287109 0.000419139862
vt 0.270263672 0.000337839127
vt 0.271484375 0.000660419464
vt 0.270996094 0.000126600266
vt 0.271972656 0.000355005264
vt 0.272460938 0.000808238983
vt 0.272216797 0.00126647949
vt 0.273193359 0.00233268738
vt 0.2734375 0.00196838379
vt 0.2734375 0.00158596039
vt 0.273681641 0.00283050537
vt 0.274169922 0.00262260437
vt 0.274169922 0.00382804871
vt 0.273925781 0.00369644165
vt 0.274169922 0.00696563721
vt 0.2734375 0.00776290894
vt 0.273681641 0.00696563721
vt 0.273925781 0.00801849365
vt 0.274414062 0.00815582275
vt 0.276611328 0.0129241943
vt 0.276855469 0.0126724243
vt 0.279785156 0.0235137939
vt 0.272949219 0.00421524048
vt 0.272705078 0.00273895264
vt 0.272216797 0.00569915771
vt 0.271484375 0.00174427032
vt 0.270019531 0.00160312653
vt 0.268798828 0.0025138855
vt 0.268554688 0.00384902954
vt 0.268798828 0.00505447388
vt 0.26953125 0.00598907471
vt 0.270996094 0.00638961792
vt 0.272460938 0.024230957
vt 0.276123047 0.0131454468
vt 0.279785156 0.0241394043
vt 0.281005859 0.0285339355
vt 0.281738281 0.0297088623
vt 0.281982422 0.0319824219
vt 0.282714844 0.0356445312
vt 0.273193359 0.034942627
vt 0.282714844 0.0355529785
vt 0.282958984 0.0367431641
vt 0.271728516 0.0327453613
vt 0.270751953 0.0261230469
vt 0.272460938 0.0374450684
vt 0.274169922 0.039855957
vt 0.272949219 0.0411682129
vt 0.272949219 0.0422668457
vt 0.282714844 0.0367126465
vt 0.283447266 0.0382995605
vt 0.28515625 0.044128418
vt 0.284179688 0.0393676758
vt 0.285644531 0.0406494141
vt 0.286376953 0.041015625
vt 0.280029297 0.0446777344
vt 0.284667969 0.0472717285
vt 0.274414062 0.0446472168
vt 0.273193359 0.0438537598
vt 0.273193359 0.0449523926
vt 0.274658203 0.0469055176
vt 0.273193359 0.0477294922
vt 0.274658203 0.0510864258
vt 0.272460938 0.0531616211
vt 0.287597656 0.0450744629
vt 0.287353516 0.0412597656
vt 0.272949219 0.0563964844
vt 0.271240234 0.0571899414
vt 0.270263672 0.0616455078
vt 0.273193359 0.0640869141
vt 0.26953125 0.0665893555
vt 0.269042969 0.0725097656
vt 0.269287109 0.0756225586
vt 0.269775391 0.0777587891
vt 0.286132812 0.0547790527
vt 0.276855469 0.0637207031
vt 0.285888672 0.0524902344
vt 0.286132812 0.0514831543
vt 0.287841797 0.0492248535
vt 0.288818359 0.0482177734
vt 0.288818359 0.0675048828
vt 0.289550781 0.0473327637
vt 0.277832031 0.0756835938
vt 0.292724609 0.0820922852
vt 0.281982422 0.0802001953
vt 0.274658203 0.081237793
vt 0.288330078 0.0414733887
vt 0.290283203 0.0466308594
vt 0.288818359 0.0412597656
vt 0.271728516 0.0802612305
vt 0.272949219 0.0810546875
vt 0.270507812 0.079284668
vt 0.290283203 0.0437316895
vt 0.289550781 0.0410766602
vt 0.290527344 0.0460205078
vt 0.290527344 0.0452575684
vt 0.818359375 0.319824219
vt 0.815429688 0.317626953
vt 0.814941406 0.318359375
vt 0.818359375 0.321533203
vt 0.819335938 0.320556641
vt 0.819824219 0.321044922
vt 0.819335938 0.322265625
vt 0.8203125 0.322021484
vt 0.820800781 0.321777344
vt 0.819824219 0.322753906
vt 0.820800781 0.322753906
vt 0.8203125 0.323730469
vt 0.821289062 0.323974609
vt 0.8203125 0.326904297
vt 0.821777344 0.325927734
vt 0.821777344 0.327392578
vt 0.8203125 0.328613281
vt 0.821777344 0.328369141
vt 0.822265625 0.331054688
vt 0.822265625 0.341064453
vt 0.8203125 0.343505859
vt 0.822265625 0.353271484
vt 0.8203125 0.35546875
vt 0.822265625 0.359619141
vt 0.821289062 0.360107422
vt 0.816894531 0.360107422
vt 0.814453125 0.359375
vt 0.814453125 0.357421875
vt 0.810546875 0.357421875
vt 0.8046875 0.355712891
vt 0.802734375 0.359130859
vt 0.810546875 0.359130859
vt 0.802734375 0.358886719
vt 0.802246094 0.34375
vt 0.804199219 0.343017578
vt 0.802246094 0.330810547
vt 0.804199219 0.328857422
vt 0.802734375 0.328613281
vt 0.804199219 0.327392578
vt 0.802734375 0.327636719
vt 0.804199219 0.326660156
vt 0.802734375 0.324707031
vt 0.804199219 0.323486328
vt 0.803222656 0.323242188
vt 0.8046875 0.322753906
vt 0.803710938 0.322021484
vt 0.804199219 0.321289062
vt 0.805664062 0.322021484
vt 0.8046875 0.321044922
vt 0.805175781 0.320556641
vt 0.806640625 0.321289062
vt 0.806640625 0.319580078
vt 0.808105469 0.319824219
vt 0.809082031 0.318603516
vt 0.80859375 0.317871094
vt 0.708984375 0.122314453
vt 0.708007812 0.122314453
vt 0.708007812 0.126220703
vt 0.709960938 0.12097168
vt 0.708984375 0.121032715
vt 0.710449219 0.126953125
vt 0.709960938 0.120422363
vt 0.708984375 0.120300293
vt 0.709960938 0.119628906
vt 0.708984375 0.119567871
vt 0.708007812 0.130249023
vt 0.711425781 0.130004883
vt 0.713867188 0.136108398
vt 0.708007812 0.156738281
vt 0.716796875 0.15637207
vt 0.716308594 0.142578125
vt 0.717773438 0.149169922
vt 0.717773438 0.15222168
vt 0.717773438 0.154174805
vt 0.714355469 0.157958984
vt 0.715820312 0.157226562
vt 0.708007812 0.157958984
vt 0.708007812 0.159301758
vt 0.713867188 0.159301758
vt 0.712890625 0.16394043
vt 0.708007812 0.167602539
vt 0.712890625 0.168212891
vt 0.708007812 0.170532227
vt 0.713378906 0.170410156
vt 0.708007812 0.173828125
vt 0.71484375 0.172241211
vt 0.715820312 0.173095703
vt 0.716796875 0.173583984
vt 0.718261719 0.173706055
vt 0.708007812 0.174560547
vt 0.718261719 0.174194336
vt 0.718261719 0.174926758
vt 0.708007812 0.17578125
vt 0.718261719 0.175537109
vt 0.718261719 0.176391602
vt 0.708007812 0.176879883
vt 0.718261719 0.177368164
vt 0.708007812 0.177734375
vt 0.718261719 0.178100586
vt 0.708007812 0.178466797
vt 0.718261719 0.178588867
vt 0.717773438 0.179199219
vt 0.708007812 0.179077148
vt 0.708007812 0.181884766
vt 0.717773438 0.181030273
vt 0.717773438 0.183227539
vt 0.708007812 0.186767578
vt 0.717285156 0.185302734
vt 0.717285156 0.186767578
vt 0.715820312 0.191894531
vt 0.7109375 0.205322266
vt 0.708007812 0.202514648
vt 0.708007812 0.206420898
vt 0.709960938 0.209838867
vt 0.708007812 0.211547852
vt 0.708984375 0.211547852
vt 0.709960938 0.212768555
vt 0.708984375 0.212768555
vt 0.709960938 0.213256836
vt 0.708984375 0.213378906
vt 0.0393066406 0.00978851318
vt 0.0387573242 0.0101547241
vt 0.0393371582 0.0108337402
vt 0.0398864746 0.00994873047
vt 0.0400085449 0.0100326538
vt 0.0395812988 0.00885009766
vt 0.0401611328 0.00796508789
vt 0.0391235352 0.00670623779
vt 0.0399780273 0.00626373291
vt 0.039642334 0.00470733643
vt 0.0389099121 0.00451278687
vt 0.0394287109 0.00345611572
vt 0.0392150879 0.00176906586
vt 0.0387573242 0.00192832947
vt 0.0390930176 0.000554084778
vt 0.192749023 0.190673828
vt 0.191772461 0.190673828
vt 0.192260742 0.19140625
vt 0.192382812 0.190307617
vt 0.192138672 0.189819336
vt 0.19140625 0.189208984
vt 0.192016602 0.189208984
vt 0.192626953 0.187011719
vt 0.19152832 0.188110352
vt 0.191650391 0.187133789
vt 0.191894531 0.185058594
vt 0.192626953 0.184936523
vt 0.192138672 0.183837891
vt 0.192626953 0.183349609
vt 0.192260742 0.182128906
vt 0.192749023 0.182128906
vt 0.192382812 0.181030273
vt 0.563964844 0.448486328
vt 0.563964844 0.44921875
vt 0.563476562 0.452636719
vt 0.564453125 0.447265625
vt 0.564453125 0.441894531
vt 0.564941406 0.443847656
vt 0.565429688 0.438232422
vt 0.565917969 0.434326172
vt 0.565917969 0.446044922
vt 0.564453125 0.450927734
vt 0.563964844 0.453613281
vt 0.56640625 0.455322266
vt 0.565429688 0.440429688
vt 0.562988281 0.460449219
vt 0.5625 0.459472656
vt 0.56640625 0.433349609
vt 0.56640625 0.434326172
vt 0.576171875 0.443359375
vt 0.566894531 0.436035156
vt 0.575195312 0.447753906
vt 0.56640625 0.433105469
vt 0.561523438 0.47265625
vt 0.561523438 0.472412109
vt 0.5625 0.461181641
vt 0.562011719 0.465820312
vt 0.561523438 0.466552734
vt 0.561035156 0.47265625
vt 0.562011719 0.474853516
vt 0.561523438 0.474365234
vt 0.561035156 0.474609375
vt 0.562011719 0.476074219
vt 0.562011719 0.475830078
vt 0.5625 0.4765625
vt 0.562988281 0.4765625
vt 0.562988281 0.477294922
vt 0.563964844 0.477050781
vt 0.563964844 0.477539062
vt 0.565429688 0.477294922
vt 0.564941406 0.476806641
vt 0.56640625 0.476318359
vt 0.566894531 0.4765625
vt 0.567382812 0.475830078
vt 0.567871094 0.475830078
vt 0.567382812 0.474609375
vt 0.567871094 0.474853516
vt 0.567871094 0.473632812
vt 0.568359375 0.473632812
vt 0.568359375 0.470947266
vt 0.567871094 0.470458984
vt 0.567871094 0.469482422
vt 0.567382812 0.469726562
vt 0.568359375 0.469970703
vt 0.568359375 0.469238281
vt 0.569824219 0.466308594
vt 0.570800781 0.464355469
vt 0.5703125 0.464111328
vt 0.571289062 0.462890625
vt 0.57421875 0.452148438
vt 0.573730469 0.454101562
vt 0.575683594 0.4453125
vt 0.573730469 0.452148438
vt 0.576660156 0.440185547
vt 0.576660156 0.438964844
vt 0.577148438 0.438720703
vt 0.577636719 0.437011719
vt 0.577636719 0.431884766
vt 0.567871094 0.430419922
vt 0.577636719 0.436767578
vt 0.578125 0.436035156
vt 0.579101562 0.434814453
vt 0.580078125 0.430419922
vt 0.581054688 0.434326172
vt 0.578613281 0.427734375
vt 0.566894531 0.427001953
vt 0.58203125 0.426269531
vt 0.58203125 0.429931641
vt 0.583007812 0.427246094
vt 0.580566406 0.424804688
vt 0.583496094 0.427734375
vt 0.580078125 0.423583984
vt 0.583007812 0.433837891
vt 0.580078125 0.422607422
vt 0.584472656 0.428710938
vt 0.580078125 0.419921875
vt 0.566894531 0.418457031
vt 0.58203125 0.409667969
vt 0.584472656 0.430419922
vt 0.583984375 0.434326172
vt 0.584472656 0.429443359
vt 0.568359375 0.423828125
vt 0.565917969 0.420898438
vt 0.565429688 0.418212891
vt 0.56640625 0.424560547
vt 0.564453125 0.414550781
vt 0.566894531 0.427978516
vt 0.56640625 0.428955078
vt 0.565917969 0.409423828
vt 0.562988281 0.409179688
vt 0.56640625 0.431884766
vt 0.565917969 0.431884766
vt 0.565917969 0.432861328
vt 0.566894531 0.431396484
vt 0.565917969 0.43359375
vt 0.565917969 0.432617188
vt 0.565917969 0.434326172
vt 0.564453125 0.441650391
vt 0.564453125 0.441162109
vt 0.563964844 0.447753906
vt 0.564453125 0.447998047
vt 0.563964844 0.448730469
vt 0.563964844 0.448730469
vt 0.563964844 0.452148438
vt 0.563476562 0.459228516
vt 0.563476562 0.459472656
vt 0.563476562 0.460205078
vt 0.563476562 0.460205078
vt 0.666992188 0.294189453
vt 0.667480469 0.304199219
vt 0.667480469 0.294921875
vt 0.667480469 0.299316406
vt 0.66796875 0.300048828
vt 0.66796875 0.305664062
vt 0.667480469 0.306396484
vt 0.66796875 0.306884766
vt 0.667480469 0.308105469
vt 0.669921875 0.305908203
vt 0.669921875 0.307617188
vt 0.669921875 0.302490234
vt 0.669921875 0.308837891
vt 0.670410156 0.300537109
vt 0.670410156 0.302490234
vt 0.676269531 0.299804688
vt 0.673828125 0.300292969
vt 0.66796875 0.308837891
vt 0.667480469 0.309570312
vt 0.669921875 0.309814453
vt 0.667480469 0.310546875
vt 0.669921875 0.310791016
vt 0.666992188 0.311523438
vt 0.669921875 0.312011719
vt 0.667480469 0.3125
vt 0.669921875 0.313720703
vt 0.666992188 0.313476562
vt 0.666992188 0.314208984
vt 0.669921875 0.315429688
vt 0.666992188 0.315429688
vt 0.666992188 0.316894531
vt 0.669921875 0.316894531
vt 0.669921875 0.317626953
vt 0.666992188 0.318115234
vt 0.669921875 0.318847656
vt 0.666992188 0.321289062
vt 0.669921875 0.321044922
vt 0.670898438 0.322265625
vt 0.670898438 0.321044922
vt 0.666992188 0.322509766
vt 0.670898438 0.323242188
vt 0.666992188 0.327880859
vt 0.673339844 0.323242188
vt 0.677246094 0.325683594
vt 0.677246094 0.322509766
vt 0.677246094 0.327880859
vt 0.677246094 0.329345703
vt 0.677246094 0.338134766
vt 0.666503906 0.339355469
vt 0.678222656 0.346435547
vt 0.673339844 0.322265625
vt 0.666015625 0.345458984
vt 0.677246094 0.321777344
vt 0.679199219 0.351318359
vt 0.674316406 0.321044922
vt 0.673339844 0.321044922
vt 0.677246094 0.320800781
vt 0.674316406 0.318115234
vt 0.677246094 0.318115234
vt 0.674316406 0.316894531
vt 0.677246094 0.316894531
vt 0.674316406 0.315917969
vt 0.677246094 0.315917969
vt 0.674316406 0.314453125
vt 0.677246094 0.314697266
vt 0.671875 0.369140625
vt 0.678710938 0.352783203
vt 0.665039062 0.351318359
vt 0.678710938 0.360107422
vt 0.665527344 0.352539062
vt 0.6796875 0.363525391
vt 0.665527344 0.360107422
vt 0.664550781 0.363525391
vt 0.6640625 0.366943359
vt 0.680175781 0.366943359
vt 0.6640625 0.395263672
vt 0.680175781 0.395263672
vt 0.677246094 0.314208984
vt 0.674316406 0.312988281
vt 0.677246094 0.312988281
vt 0.674316406 0.311767578
vt 0.676757812 0.311767578
vt 0.676757812 0.310791016
vt 0.674316406 0.310546875
vt 0.676757812 0.309814453
vt 0.674316406 0.309326172
vt 0.676757812 0.308837891
vt 0.674316406 0.308105469
vt 0.676757812 0.307373047
vt 0.674316406 0.306884766
vt 0.676757812 0.305419922
vt 0.674316406 0.304931641
vt 0.674316406 0.302490234
vt 0.673828125 0.302490234
vt 0.672851562 0.301025391
vt 0.672851562 0.302490234
vt 0.0313720703 0.0101165771
vt 0.0310974121 0.0108032227
vt 0.03125 0.0108337402
vt 0.0312194824 0.010093689
vt 0.0311889648 0.00556564331
vt 0.0310516357 0.00436019897
vt 0.0313720703 0.000329256058
vt 0.0341491699 0.125
vt 0.0340576172 0.124633789
vt 0.0337524414 0.125366211
vt 0.0343017578 0.124450684
vt 0.0337524414 0.122680664
vt 0.5625 0.395263672
vt 0.562988281 0.395019531
vt 0.562011719 0.395507812
vt 0.563964844 0.390136719
vt 0.563964844 0.395263672
vt 0.561035156 0.394287109
vt 0.561523438 0.395263672
vt 0.561035156 0.38671875
vt 0.564941406 0.395751953
vt 0.563476562 0.386962891
vt 0.564453125 0.395996094
vt 0.561035156 0.383544922
vt 0.565917969 0.400146484
vt 0.564453125 0.396728516
vt 0.563964844 0.397460938
vt 0.564453125 0.399414062
vt 0.565429688 0.401611328
vt 0.565917969 0.405273438
vt 0.56640625 0.403808594
vt 0.566894531 0.409912109
vt 0.56640625 0.410888672
vt 0.56640625 0.413330078
vt 0.567382812 0.415283203
vt 0.567382812 0.419189453
vt 0.565917969 0.410888672
vt 0.567382812 0.42578125
vt 0.567871094 0.42578125
vt 0.567382812 0.430664062
vt 0.567382812 0.430419922
vt 0.566894531 0.43359375
vt 0.566894531 0.43359375
vt 0.566894531 0.434082031
vt 0.566894531 0.434326172
vt 0.1015625 0.138183594
vt 0.10168457 0.140014648
vt 0.101806641 0.138061523
vt 0.101013184 0.1328125
vt 0.100463867 0.130493164
vt 0.100769043 0.130126953
vt 0.100891113 0.127929688
vt 0.1015625 0.118896484
vt 0.101806641 0.118652344
vt 0.154174805 0.0628662109
vt 0.154663086 0.0651245117
vt 0.154418945 0.0629882812
vt 0.154296875 0.0608520508
vt 0.154052734 0.0592041016
vt 0.154296875 0.0593566895
vt 0.154663086 0.0540466309
vt 0.0460510254 0.00790405273
vt 0.0432739258 0.00727081299
vt 0.0425415039 0.00790405273
vt 0.0454101562 0.00707244873
vt 0.0433959961 0.000846385956
vt 0.0454101562 0.00085735321
vt 0.0460205078 0.834960938
vt 0.045715332 0.8359375
vt 0.0460510254 0.8359375
vt 0.0456542969 0.836914062
vt 0.0429077148 0.842773438
vt 0.0428161621 0.84375
vt 0.0451660156 0.838867188
vt 0.0426940918 0.844726562
vt 0.0415344238 0.846191406
vt 0.0416564941 0.845214844
vt 0.0407104492 0.847167969
vt 0.0401611328 0.848144531
vt 0.0408935547 0.84765625
vt 0.0408630371 0.848144531
vt 0.0391845703 0.8515625
vt 0.0390014648 0.850585938
vt 0.0386962891 0.850585938
vt 0.0375671387 0.853027344
vt 0.0377502441 0.854492188
vt 0.0378112793 0.853515625
vt 0.0364990234 0.855957031
vt 0.036895752 0.855957031
vt 0.0366210938 0.857910156
vt 0.0358581543 0.857910156
vt 0.0361938477 0.857910156
vt 0.0358886719 0.860839844
vt 0.035369873 0.860351562
vt 0.0356140137 0.860839844
vt 0.0354003906 0.864257812
vt 0.03515625 0.86328125
vt 0.0348510742 0.862792969
vt 0.0346679688 0.865722656
vt 0.034942627 0.865722656
vt 0.0351867676 0.867675781
vt 0.0348205566 0.868164062
vt 0.0344543457 0.868164062
vt 0.0351867676 0.870605469
vt 0.0345153809 0.87109375
vt 0.0348510742 0.870605469
vt 0.0355224609 0.874023438
vt 0.0348205566 0.873046875
vt 0.0351257324 0.873535156
vt 0.0355529785 0.875488281
vt 0.0350952148 0.875488281
vt 0.0362243652 0.876953125
vt 0.0359191895 0.877929688
vt 0.0360717773 0.877441406
vt 0.0372924805 0.879882812
vt 0.0368041992 0.880371094
vt 0.0370483398 0.880371094
vt 0.0379638672 0.8828125
vt 0.0386352539 0.8828125
vt 0.0381774902 0.8828125
vt 0.0387573242 0.884277344
vt 0.0394592285 0.884765625
vt 0.0394897461 0.885253906
vt 0.0399475098 0.885253906
vt 0.0409851074 0.887695312
vt 0.0414428711 0.887695312
vt 0.0419616699 0.888671875
vt 0.0418701172 0.887695312
vt 0.0445556641 0.891601562
vt 0.0460510254 0.893066406
vt 0.148925781 0.0900878906
vt 0.150268555 0.0900878906
vt 0.148925781 0.0834350586
vt 0.150268555 0.0844116211
vt 0.150024414 0.0838623047
vt 0.149536133 0.0834350586
vt 0.170288086 0.00772857666
vt 0.170776367 0.00706100464
vt 0.169555664 0.00790405273
vt 0.169555664 0.00126075745
vt 0.170776367 0.00124454498
vt 0.299316406 0.107666016
vt 0.301269531 0.107727051
vt 0.301513672 0.107055664
vt 0.299316406 0.106628418
vt 0.301513672 0.106506348
vt 0.301513672 0.100769043
vt 0.300537109 0.100769043
vt 0.299316406 0.100402832
vt 0.0119934082 0.316894531
vt 0.0122375488 0.315917969
vt 0.0112915039 0.317871094
vt 0.0109863281 0.315917969
vt 0.0122909546 0.314697266
vt 0.0103225708 0.316894531
vt 0.0110626221 0.314697266
vt 0.0104598999 0.318359375
vt 0.0117874146 0.312988281
vt 0.00925445557 0.317626953
vt 0.0105361938 0.313476562
vt 0.00877380371 0.319091797
vt 0.0105438232 0.311767578
vt 0.00807189941 0.317382812
vt 0.00954437256 0.312744141
vt 0.00927734375 0.311279297
vt 0.00835418701 0.312744141
vt 0.00548171997 0.319091797
vt 0.00708007812 0.316650391
vt 0.00654983521 0.315673828
vt 0.00857543945 0.311279297
vt 0.00548171997 0.3125
vt 0.00662994385 0.314208984
vt 0.00728988647 0.313232422
vt 0.00749969482 0.311523438
vt 0.194091797 0.154296875
vt 0.194213867 0.157592773
vt 0.194335938 0.154296875
vt 0.194091797 0.153320312
vt 0.194213867 0.153564453
vt 0.194213867 0.149414062
vt 0.194335938 0.143676758
vt 0.0305633545 0.264404297
vt 0.0313720703 0.264648438
vt 0.0294799805 0.263427734
vt 0.0291595459 0.263427734
vt 0.0289001465 0.262207031
vt 0.0281219482 0.261962891
vt 0.0283508301 0.261230469
vt 0.0277252197 0.260742188
vt 0.028503418 0.260009766
vt 0.0276794434 0.260009766
vt 0.027923584 0.258789062
vt 0.0277252197 0.258544922
vt 0.027923584 0.254150391
vt 0.0277404785 0.253173828
vt 0.0279083252 0.249633789
vt 0.0275268555 0.24609375
vt 0.0283966064 0.247680664
vt 0.028717041 0.247436523
vt 0.0297851562 0.245483398
vt 0.0283050537 0.245727539
vt 0.0276794434 0.245605469
vt 0.0279083252 0.244995117
vt 0.0295715332 0.245239258
vt 0.0306091309 0.244873047
vt 0.0303649902 0.244384766
vt 0.0313720703 0.244140625
vt 0.454101562 0.189086914
vt 0.453125 0.189086914
vt 0.454101562 0.189697266
vt 0.453125 0.189819336
vt 0.454101562 0.194580078
vt 0.453125 0.194580078
vt 0.453125 0.1953125
vt 0.453857422 0.19543457
vt 0.453125 0.196289062
vt 0.454101562 0.196411133
vt 0.454101562 0.205932617
vt 0.453125 0.206054688
vt 0.453857422 0.20690918
vt 0.453125 0.20690918
vt 0.454101562 0.210205078
vt 0.453857422 0.214233398
vt 0.453125 0.214111328
vt 0.453857422 0.219970703
vt 0.452880859 0.220092773
vt 0.454101562 0.220703125
vt 0.452880859 0.220581055
vt 0.0343017578 0.0540466309
vt 0.0341491699 0.0539855957
vt 0.0341491699 0.0548095703
vt 0.0343017578 0.0548706055
vt 0.0974121094 0.168579102
vt 0.0972290039 0.168579102
vt 0.0972290039 0.169189453
vt 0.0973510742 0.169189453
vt 0.0974121094 0.170776367
vt 0.156005859 0.0767211914
vt 0.156005859 0.0761108398
vt 0.155883789 0.0769042969
vt 0.15612793 0.0759887695
vt 0.155883789 0.0713500977
vt 0.156005859 0.0712890625
vt 0.15612793 0.0704956055
vt 0.0473022461 0.111206055
vt 0.0472412109 0.112121582
vt 0.0473937988 0.112121582
vt 0.0471801758 0.11126709
vt 0.0475158691 0.106628418
vt 0.0473327637 0.106384277
vt 0.0473632812 0.105712891
vt 0.0471801758 0.105773926
vt 0.0597839355 0.22277832
vt 0.0597839355 0.232421875
vt 0.0598449707 0.223022461
vt 0.0606994629 0.232421875
vt 0.0607299805 0.222900391
vt 0.151489258 0.161987305
vt 0.151611328 0.159790039
vt 0.151489258 0.160400391
vt 0.151367188 0.159423828
vt 0.151733398 0.159057617
vt 0.151123047 0.158325195
vt 0.151733398 0.157348633
vt 0.150878906 0.157470703
vt 0.274658203 0.112426758
vt 0.274414062 0.112548828
vt 0.271972656 0.116516113
vt 0.275634766 0.110412598
vt 0.275390625 0.110351562
vt 0.276367188 0.109008789
vt 0.275390625 0.108215332
vt 0.276855469 0.108154297
vt 0.275634766 0.106994629
vt 0.274414062 0.104797363
vt 0.276367188 0.106079102
vt 0.277587891 0.10748291
vt 0.278320312 0.106811523
vt 0.277832031 0.105651855
vt 0.275146484 0.104797363
vt 0.273925781 0.10369873
vt 0.277587891 0.104736328
vt 0.2734375 0.102355957
vt 0.28125 0.10369873
vt 0.2890625 0.101501465
vt 0.282226562 0.10534668
vt 0.0471191406 0.0813598633
vt 0.0471801758 0.0856933594
vt 0.0489501953 0.0856933594
vt 0.0489807129 0.0813598633
vt 0.0313720703 0.257324219
vt 0.0321655273 0.255859375
vt 0.0317382812 0.254638672
vt 0.0326538086 0.255371094
vt 0.0322875977 0.254638672
vt 0.0328369141 0.255126953
vt 0.0315856934 0.250244141
vt 0.0323486328 0.25
vt 0.0319824219 0.249755859
vt 0.0313720703 0.248901367
vt 0.0323181152 0.249511719
vt 0.032409668 0.249145508
vt 0.173706055 0.0559692383
vt 0.17199707 0.0568847656
vt 0.172973633 0.0576171875
vt 0.173706055 0.057800293
vt 0.41796875 0.0972290039
vt 0.418701172 0.0965576172
vt 0.41796875 0.096496582
vt 0.418701172 0.0973510742
vt 0.41796875 0.101989746
vt 0.418701172 0.102050781
vt 0.41796875 0.102722168
vt 0.418701172 0.102905273
vt 0.41796875 0.103515625
vt 0.418701172 0.103637695
vt 0.41796875 0.113464355
vt 0.418701172 0.113708496
vt 0.418701172 0.114440918
vt 0.41796875 0.114440918
vt 0.418701172 0.120117188
vt 0.41796875 0.120666504
vt 0.418701172 0.127319336
vt 0.41796875 0.127197266
vt 0.41796875 0.128051758
vt 0.418701172 0.128295898
vt 0.0343017578 0.0357971191
vt 0.0341491699 0.0347595215
vt 0.0335693359 0.0348205566
vt 0.0335083008 0.0357971191
vt 0.155029297 0.0504455566
vt 0.15612793 0.0504760742
vt 0.155029297 0.0483398438
vt 0.15612793 0.0483398438
vt 0.155029297 0.0462036133
vt 0.15612793 0.0453796387
vt 0.155029297 0.0433959961
vt 0.15612793 0.0424804688
vt 0.155029297 0.0401916504
vt 0.15612793 0.0399780273
vt 0.155029297 0.0375366211
vt 0.15612793 0.0370788574
vt 0.155029297 0.0348815918
vt 0.15612793 0.0348510742
vt 0.18737793 0.188476562
vt 0.188354492 0.188476562
vt 0.18737793 0.186645508
vt 0.188354492 0.186645508
vt 0.173706055 0.152954102
vt 0.172729492 0.152954102
vt 0.173706055 0.154663086
vt 0.172729492 0.154663086
vt 0.981445312 0.754882812
vt 0.97265625 0.754882812
vt 0.981933594 0.755371094
vt 0.981933594 0.760253906
vt 0.97265625 0.755859375
vt 0.972167969 0.760253906
vt 0.982421875 0.761230469
vt 0.981933594 0.762207031
vt 0.972167969 0.761230469
vt 0.972167969 0.76171875
vt 0.982421875 0.771972656
vt 0.972167969 0.771972656
vt 0.971679688 0.772460938
vt 0.982421875 0.772460938
vt 0.971191406 0.778320312
vt 0.983398438 0.779785156
vt 0.984863281 0.785644531
vt 0.969726562 0.78515625
vt 0.9765625 0.785644531
vt 0.974121094 0.786132812
vt 0.979492188 0.786132812
vt 0.969726562 0.786132812
vt 0.984375 0.786132812
vt 0.972167969 0.787109375
vt 0.969238281 0.786621094
vt 0.969238281 0.787597656
vt 0.970703125 0.788574219
vt 0.969238281 0.788574219
vt 0.981933594 0.787109375
vt 0.984863281 0.786621094
vt 0.984863281 0.787597656
vt 0.983886719 0.788574219
vt 0.985351562 0.788574219
vt 0.182006836 0.276611328
vt 0.181396484 0.287841797
vt 0.182495117 0.291992188
vt 0.178466797 0.284667969
vt 0.180053711 0.279052734
vt 0.177490234 0.280761719
vt 0.174560547 0.283447266
vt 0.174438477 0.28125
vt 0.170532227 0.284667969
vt 0.171508789 0.280761719
vt 0.167602539 0.287841797
vt 0.165039062 0.290527344
vt 0.168945312 0.279052734
vt 0.166992188 0.276611328
vt 0.166625977 0.291992188
vt 0.166015625 0.273681641
vt 0.165527344 0.294677734
vt 0.165039062 0.264160156
vt 0.167602539 0.296142578
vt 0.166015625 0.270507812
vt 0.166381836 0.298339844
vt 0.16809082 0.298339844
vt 0.169555664 0.299804688
vt 0.170532227 0.299316406
vt 0.17199707 0.301025391
vt 0.166992188 0.267333984
vt 0.174560547 0.300537109
vt 0.174316406 0.301513672
vt 0.177001953 0.301025391
vt 0.178466797 0.299316406
vt 0.17956543 0.299804688
vt 0.181396484 0.296386719
vt 0.181030273 0.298339844
vt 0.182617188 0.291992188
vt 0.168945312 0.264892578
vt 0.166748047 0.262451172
vt 0.165649414 0.262939453
vt 0.171508789 0.263427734
vt 0.174438477 0.262207031
vt 0.174438477 0.262695312
vt 0.177124023 0.262695312
vt 0.177368164 0.263183594
vt 0.179931641 0.264160156
vt 0.1796875 0.264648438
vt 0.181884766 0.266357422
vt 0.181884766 0.267333984
vt 0.183105469 0.269042969
vt 0.182983398 0.270263672
vt 0.183959961 0.273681641
vt 0.182128906 0.265869141
vt 0.180664062 0.264160156
vt 0.181640625 0.263916016
vt 0.182495117 0.265136719
vt 0.182495117 0.264404297
vt 0.182983398 0.273681641
vt 0.183959961 0.289550781
vt 0.181030273 0.298339844
vt 0.18371582 0.293457031
vt 0.182617188 0.298339844
vt 0.169799805 0.0221710205
vt 0.170776367 0.0221862793
vt 0.170776367 0.0163574219
vt 0.168823242 0.0225830078
vt 0.168823242 0.0161590576
vt 0.295410156 0.0665893555
vt 0.291748047 0.0655517578
vt 0.294189453 0.0665283203
vt 0.294433594 0.0653076172
vt 0.295654297 0.0651855469
vt 0.296142578 0.0663452148
vt 0.296630859 0.0645141602
vt 0.297363281 0.0655517578
vt 0.293457031 0.0646972656
vt 0.292724609 0.063659668
vt 0.292724609 0.0623779297
vt 0.291748047 0.0589294434
vt 0.293212891 0.0612487793
vt 0.294189453 0.0589599609
vt 0.294189453 0.0605163574
vt 0.295898438 0.0592041016
vt 0.295410156 0.0604553223
vt 0.296875 0.059753418
vt 0.297119141 0.0633544922
vt 0.298339844 0.0642700195
vt 0.298583984 0.0629882812
vt 0.297119141 0.0620727539
vt 0.298339844 0.0617675781
vt 0.296386719 0.0610351562
vt 0.297851562 0.0606384277
vt 0.0820922852 0.286865234
vt 0.0776977539 0.282714844
vt 0.0795898438 0.28515625
vt 0.0764770508 0.279785156
vt 0.0760498047 0.276611328
vt 0.0764770508 0.2734375
vt 0.0769042969 0.26953125
vt 0.0765380859 0.262939453
vt 0.0822143555 0.261230469
vt 0.0878295898 0.260742188
vt 0.0907592773 0.260986328
vt 0.0927734375 0.261474609
vt 0.0941162109 0.262207031
vt 0.0949707031 0.262695312
vt 0.0975341797 0.264892578
vt 0.0987548828 0.266601562
vt 0.0988769531 0.274658203
vt 0.0983276367 0.278564453
vt 0.0974121094 0.28125
vt 0.0957641602 0.283935547
vt 0.0935058594 0.286132812
vt 0.0908203125 0.287597656
vt 0.087890625 0.288330078
vt 0.0848999023 0.288085938
vt 0.229125977 0.34375
vt 0.230102539 0.341796875
vt 0.228515625 0.343994141
vt 0.230102539 0.342529297
vt 0.231201172 0.339355469
vt 0.231445312 0.33984375
vt 0.232177734 0.337158203
vt 0.231811523 0.337158203
vt 0.232055664 0.334960938
vt 0.232421875 0.334228516
vt 0.231811523 0.33203125
vt 0.232177734 0.331542969
vt 0.231079102 0.329589844
vt 0.231323242 0.328857422
vt 0.23034668 0.327636719
vt 0.229858398 0.326171875
vt 0.229248047 0.325927734
vt 0.228515625 0.324951172
vt 0.946289062 0.790039062
vt 0.946289062 0.79296875
vt 0.948730469 0.79296875
vt 0.948730469 0.790039062
vt 0.948730469 0.787597656
vt 0.946289062 0.787597656
vt 0.948730469 0.784667969
vt 0.946289062 0.784667969
vt 0.948730469 0.781738281
vt 0.946289062 0.781738281
vt 0.948730469 0.778808594
vt 0.946289062 0.778808594
vt 0.948730469 0.775878906
vt 0.946289062 0.775878906
vt 0.948730469 0.7734375
vt 0.946289062 0.7734375
vt 0.948730469 0.770507812
vt 0.946289062 0.770507812
vt 0.948730469 0.767578125
vt 0.946289062 0.767578125
vt 0.948730469 0.764648438
vt 0.946289062 0.764648438
vt 0.948730469 0.76171875
vt 0.946289062 0.76171875
vt 0.948730469 0.759277344
vt 0.946289062 0.759277344
vt 0.948730469 0.756347656
vt 0.946289062 0.756347656
vt 0.948730469 0.753417969
vt 0.946289062 0.753417969
vt 0.948730469 0.750488281
vt 0.946289062 0.750488281
vt 0.948730469 0.747558594
vt 0.946289062 0.747558594
vt 0.948730469 0.745117188
vt 0.946289062 0.745117188
vt 0.0798950195 0.192993164
vt 0.0771484375 0.188476562
vt 0.078125 0.191040039
vt 0.0771484375 0.185668945
vt 0.078125 0.182983398
vt 0.0798950195 0.180786133
vt 0.0823364258 0.179443359
vt 0.0849609375 0.179077148
vt 0.0875244141 0.1796875
vt 0.0896606445 0.181274414
vt 0.0910644531 0.18359375
vt 0.0915527344 0.186401367
vt 0.0910644531 0.189208984
vt 0.0896606445 0.191650391
vt 0.0875244141 0.193359375
vt 0.0849609375 0.194335938
vt 0.0823364258 0.194213867
vt 0.563476562 0.383544922
vt 0.563476562 0.381347656
vt 0.561035156 0.381591797
vt 0.561035156 0.380371094
vt 0.561035156 0.377685547
vt 0.563964844 0.378662109
vt 0.563964844 0.376953125
vt 0.561523438 0.374755859
vt 0.563964844 0.375244141
vt 0.562988281 0.371826172
vt 0.564941406 0.372558594
vt 0.563964844 0.369628906
vt 0.564941406 0.375244141
vt 0.566894531 0.370117188
vt 0.565917969 0.367675781
vt 0.568359375 0.366210938
vt 0.565917969 0.373046875
vt 0.569335938 0.369140625
vt 0.567382812 0.37109375
vt 0.5703125 0.367675781
vt 0.570800781 0.364746094
vt 0.572753906 0.366699219
vt 0.573730469 0.364257812
vt 0.571289062 0.368408203
vt 0.575683594 0.366699219
vt 0.576660156 0.364257812
vt 0.579101562 0.364746094
vt 0.578125 0.367919922
vt 0.581054688 0.365722656
vt 0.573242188 0.367919922
vt 0.580566406 0.368164062
vt 0.583984375 0.367431641
vt 0.58203125 0.370361328
vt 0.5859375 0.369384766
vt 0.575683594 0.367919922
vt 0.580078125 0.369140625
vt 0.584472656 0.371337891
vt 0.587402344 0.371826172
vt 0.585449219 0.373779297
vt 0.588378906 0.374023438
vt 0.583496094 0.372314453
vt 0.586914062 0.375976562
vt 0.588867188 0.375488281
vt 0.58984375 0.378662109
vt 0.587402344 0.379882812
vt 0.58984375 0.380615234
vt 0.590332031 0.387207031
vt 0.590332031 0.385498047
vt 0.590820312 0.387939453
vt 0.591308594 0.387695312
vt 0.591796875 0.389648438
vt 0.591796875 0.389404297
vt 0.586425781 0.387695312
vt 0.586425781 0.390136719
vt 0.586914062 0.390380859
vt 0.586425781 0.390625
vt 0.5859375 0.390136719
vt 0.5859375 0.390625
vt 0.585449219 0.390136719
vt 0.5859375 0.386962891
vt 0.586425781 0.383544922
vt 0.5859375 0.379394531
vt 0.585449219 0.382324219
vt 0.5859375 0.390869141
vt 0.586914062 0.391601562
vt 0.585449219 0.391357422
vt 0.584960938 0.397705078
vt 0.584472656 0.390625
vt 0.585449219 0.385742188
vt 0.584472656 0.384521484
vt 0.585449219 0.376708984
vt 0.584472656 0.374511719
vt 0.584960938 0.376953125
vt 0.585449219 0.379638672
vt 0.584960938 0.380859375
vt 0.583984375 0.377197266
vt 0.583007812 0.372802734
vt 0.583984375 0.379638672
vt 0.583007812 0.375
vt 0.581542969 0.371337891
vt 0.582519531 0.375976562
vt 0.581542969 0.372558594
vt 0.579589844 0.369873047
vt 0.582519531 0.387207031
vt 0.566894531 0.378173828
vt 0.579589844 0.372070312
vt 0.571777344 0.387939453
vt 0.574707031 0.370361328
vt 0.577636719 0.397949219
vt 0.579101562 0.370849609
vt 0.577636719 0.369140625
vt 0.569824219 0.404052734
vt 0.576171875 0.369628906
vt 0.575683594 0.368652344
vt 0.573730469 0.368896484
vt 0.569824219 0.396728516
vt 0.565917969 0.401855469
vt 0.572753906 0.369873047
vt 0.571777344 0.369384766
vt 0.569824219 0.370361328
vt 0.562988281 0.40234375
vt 0.562988281 0.403564453
vt 0.5625 0.399902344
vt 0.566894531 0.395263672
vt 0.562988281 0.395507812
vt 0.567382812 0.388671875
vt 0.565429688 0.390869141
vt 0.562988281 0.390136719
vt 0.564941406 0.387695312
vt 0.563476562 0.386962891
vt 0.567871094 0.371826172
vt 0.569335938 0.371826172
vt 0.566894531 0.373535156
vt 0.568847656 0.373046875
vt 0.567382812 0.374023438
vt 0.565917969 0.375488281
vt 0.56640625 0.376708984
vt 0.565429688 0.377197266
vt 0.565917969 0.378417969
vt 0.564941406 0.37890625
vt 0.565917969 0.380615234
vt 0.564941406 0.380615234
vt 0.564453125 0.380615234
vt 0.564941406 0.383056641
vt 0.56640625 0.383056641
vt 0.567871094 0.383789062
vt 0.56640625 0.385498047
vt 0.564941406 0.385009766
vt 0.569335938 0.386474609
vt 0.563476562 0.385742188
vt 0.567871094 0.386230469
vt 0.569824219 0.389404297
vt 0.0806884766 0.261474609
vt 0.0789794922 0.260742188
vt 0.0762939453 0.260986328
vt 0.0784301758 0.259765625
vt 0.0777587891 0.259521484
vt 0.076171875 0.259765625
vt 0.0776367188 0.259033203
vt 0.0760498047 0.259033203
vt 0.564453125 0.471191406
vt 0.563476562 0.471435547
vt 0.565917969 0.471679688
vt 0.5625 0.472412109
vt 0.566894531 0.472900391
vt 0.5625 0.473632812
vt 0.566894531 0.474609375
vt 0.565917969 0.475585938
vt 0.564941406 0.476074219
vt 0.563476562 0.475830078
vt 0.5625 0.474609375
vt 0.364257812 0.154052734
vt 0.360595703 0.15612793
vt 0.36328125 0.15612793
vt 0.365966797 0.155151367
vt 0.361572266 0.154418945
vt 0.366455078 0.152709961
vt 0.357910156 0.155151367
vt 0.358886719 0.153686523
vt 0.35546875 0.153320312
vt 0.356689453 0.152099609
vt 0.353759766 0.150756836
vt 0.355224609 0.149780273
vt 0.353515625 0.14831543
vt 0.354736328 0.146972656
vt 0.353515625 0.145019531
vt 0.354980469 0.144165039
vt 0.368896484 0.152832031
vt 0.368164062 0.150512695
vt 0.354980469 0.140625
vt 0.356445312 0.141723633
vt 0.368896484 0.147827148
vt 0.370361328 0.1484375
vt 0.370361328 0.145141602
vt 0.368896484 0.145019531
vt 0.358398438 0.140014648
vt 0.357666016 0.138183594
vt 0.360351562 0.137329102
vt 0.360839844 0.139038086
vt 0.36328125 0.137207031
vt 0.363525391 0.139160156
vt 0.365966797 0.138183594
vt 0.370117188 0.142944336
vt 0.367919922 0.142333984
vt 0.365966797 0.140380859
vt 0.368164062 0.139892578
vt 0.481933594 0.300048828
vt 0.479736328 0.300048828
vt 0.480224609 0.306884766
vt 0.482910156 0.301269531
vt 0.478271484 0.307617188
vt 0.476074219 0.300048828
vt 0.482910156 0.309814453
vt 0.484619141 0.306640625
vt 0.485595703 0.311767578
vt 0.476318359 0.306884766
vt 0.474609375 0.300292969
vt 0.473876953 0.301025391
vt 0.473876953 0.309570312
vt 0.472412109 0.306152344
vt 0.471191406 0.311523438
vt 0.4765625 0.312011719
vt 0.478271484 0.312255859
vt 0.480224609 0.312011719
vt 0.483154297 0.314208984
vt 0.473876953 0.313232422
vt 0.475585938 0.324462891
vt 0.480957031 0.324707031
vt 0.470458984 0.319335938
vt 0.469970703 0.312988281
vt 0.485839844 0.3203125
vt 0.486816406 0.313232422
vt 0.487060547 0.3203125
vt 0.48828125 0.314208984
vt 0.485839844 0.330322266
vt 0.488037109 0.318115234
vt 0.489501953 0.314941406
vt 0.489746094 0.320556641
vt 0.491210938 0.316162109
vt 0.491943359 0.317382812
vt 0.4921875 0.324707031
vt 0.487060547 0.330322266
vt 0.469482422 0.318359375
vt 0.468505859 0.313964844
vt 0.483398438 0.331054688
vt 0.481689453 0.348388672
vt 0.485839844 0.343261719
vt 0.490966797 0.329589844
vt 0.491943359 0.332519531
vt 0.490966797 0.343994141
vt 0.489501953 0.341064453
vt 0.490478516 0.347900391
vt 0.489990234 0.348388672
vt 0.488525391 0.349121094
vt 0.489501953 0.329589844
vt 0.488037109 0.330078125
vt 0.488037109 0.341308594
vt 0.487548828 0.349853516
vt 0.486816406 0.337402344
vt 0.486816406 0.350585938
vt 0.486083984 0.351806641
vt 0.484863281 0.355224609
vt 0.483642578 0.360595703
vt 0.482421875 0.364746094
vt 0.481201172 0.365722656
vt 0.478759766 0.353271484
vt 0.478515625 0.365966797
vt 0.475585938 0.365966797
vt 0.474853516 0.354003906
vt 0.473876953 0.365478516
vt 0.473144531 0.364257812
vt 0.471435547 0.358154297
vt 0.478759766 0.340820312
vt 0.478271484 0.328613281
vt 0.475097656 0.338623047
vt 0.47265625 0.337402344
vt 0.470214844 0.337646484
vt 0.470458984 0.353271484
vt 0.469726562 0.351318359
vt 0.47265625 0.323242188
vt 0.470458984 0.327148438
vt 0.469482422 0.337646484
vt 0.46875 0.349853516
vt 0.469238281 0.326904297
vt 0.468261719 0.339111328
vt 0.467529297 0.348876953
vt 0.468505859 0.318359375
vt 0.467041016 0.314697266
vt 0.466796875 0.338378906
vt 0.465576172 0.347900391
vt 0.46484375 0.343017578
vt 0.468261719 0.329833984
vt 0.466552734 0.319335938
vt 0.465332031 0.315673828
vt 0.464599609 0.317138672
vt 0.464111328 0.323730469
vt 0.466308594 0.329345703
vt 0.464111328 0.332275391
vt 0.184814453 0.171875
vt 0.185424805 0.170166016
vt 0.185058594 0.170166016
vt 0.184936523 0.172119141
vt 0.184448242 0.17175293
vt 0.184570312 0.170043945
vt 0.183837891 0.170043945
vt 0.183959961 0.172119141
vt 0.184448242 0.172119141
vt 0.184448242 0.172241211
vt 0.174926758 0.297119141
vt 0.174438477 0.292480469
vt 0.173950195 0.292724609
vt 0.173461914 0.292724609
vt 0.177001953 0.295654297
vt 0.171630859 0.296386719
vt 0.174804688 0.292236328
vt 0.173095703 0.292480469
vt 0.178100586 0.293212891
vt 0.169677734 0.293701172
vt 0.174804688 0.291748047
vt 0.172851562 0.291992188
vt 0.178100586 0.291015625
vt 0.169555664 0.290527344
vt 0.174682617 0.291259766
vt 0.172973633 0.291503906
vt 0.177246094 0.2890625
vt 0.170654297 0.288574219
vt 0.174316406 0.290771484
vt 0.173339844 0.291015625
vt 0.175292969 0.287597656
vt 0.172363281 0.287353516
vt 0.173828125 0.290771484
f 3/3 2/2 1/1
f 6/6 5/5 4/4
f 9/9 8/8 7/7
f 12/12 11/11 10/10
f 15/15 14/14 13/13
f 18/18 17/17 16/16
f 21/21 20/20 19/19
f 24/24 23/23 22/22
f 27/27 26/26 25/25
f 30/30 29/29 28/28
f 33/33 32/32 31/31
f 31/31 32/32 34/34
f 32/32 35/35 34/34
f 38/38 37/37 36/36
f 39/39 37/37 38/38
f 42/42 41/41 40/40
f 40/40 43/43 42/42
f 44/44 43/43 40/40
f 43/43 44/44 45/45
f 45/45 44/44 46/46
f 47/47 46/46 44/44
f 44/44 48/48 47/47
f 44/44 49/49 48/48
f 49/49 50/50 48/48
f 51/51 49/49 44/44
f 40/40 51/51 44/44
f 52/52 51/51 40/40
f 53/53 51/51 52/52
f 52/52 54/54 53/53
f 53/53 54/54 55/55
f 56/56 55/55 54/54
f 54/54 57/57 56/56
f 52/52 58/58 54/54
f 54/54 58/58 59/59
f 60/60 58/58 52/52
f 60/60 52/52 61/61
f 60/60 61/61 62/62
f 62/62 61/61 63/63
f 66/66 65/65 64/64
f 64/64 65/65 67/67
f 68/68 64/64 67/67
f 69/69 68/68 67/67
f 70/70 68/68 69/69
f 73/73 72/72 71/71
f 74/74 72/72 73/73
f 77/77 76/76 75/75
f 78/78 76/76 77/77
f 81/81 80/80 79/79
f 82/82 80/80 81/81
f 85/85 84/84 83/83
f 86/86 84/84 85/85
f 89/89 88/88 87/87
f 90/90 88/88 89/89
f 93/93 92/92 91/91
f 94/94 92/92 93/93
f 97/97 96/96 95/95
f 96/96 98/98 95/95
f 98/98 96/96 99/99
f 102/102 101/101 100/100
f 101/101 103/103 100/100
f 103/103 101/101 104/104
f 107/107 106/106 105/105
f 108/108 106/106 107/107
f 109/109 108/108 107/107
f 112/112 111/111 110/110
f 113/113 111/111 112/112
f 114/114 113/113 112/112
f 117/117 116/116 115/115
f 118/118 117/117 115/115
f 119/119 117/117 118/118
f 122/122 121/121 120/120
f 123/123 121/121 122/122
f 126/126 125/125 124/124
f 127/127 125/125 126/126
f 130/130 129/129 128/128
f 131/131 129/129 130/130
f 134/134 133/133 132/132
f 132/132 133/133 135/135
f 136/136 132/132 135/135
f 139/139 138/138 137/137
f 138/138 140/140 137/137
f 137/137 140/140 141/141
f 138/138 142/142 140/140
f 140/140 143/143 141/141
f 143/143 140/140 142/142
f 146/146 145/145 144/144
f 144/144 145/145 147/147
f 145/145 148/148 147/147
f 148/148 149/149 147/147
f 145/145 150/150 148/148
f 148/148 150/150 149/149
f 153/153 152/152 151/151
f 154/154 151/151 152/152
f 152/152 155/155 154/154
f 154/154 155/155 156/156
f 157/157 156/156 155/155
f 158/158 156/156 157/157
f 157/157 159/159 158/158
f 160/160 157/157 155/155
f 160/160 155/155 161/161
f 161/161 162/162 160/160
f 163/163 160/160 162/162
f 160/160 163/163 164/164
f 165/165 162/162 161/161
f 166/166 165/165 161/161
f 165/165 166/166 167/167
f 166/166 168/168 167/167
f 171/171 170/170 169/169
f 172/172 170/170 171/171
f 173/173 172/172 171/171
f 174/174 173/173 171/171
f 175/175 173/173 174/174
f 175/175 174/174 176/176
f 174/174 177/177 176/176
f 176/176 177/177 178/178
f 178/178 177/177 179/179
f 178/178 179/179 180/180
f 180/180 179/179 181/181
f 182/182 178/178 180/180
f 183/183 178/178 182/182
f 183/183 184/184 178/178
f 178/178 184/184 185/185
f 188/188 187/187 186/186
f 188/188 186/186 189/189
f 190/190 189/189 186/186
f 190/190 191/191 189/189
f 192/192 191/191 190/190
f 193/193 192/192 190/190
f 194/194 192/192 193/193
f 193/193 195/195 194/194
f 193/193 196/196 195/195
f 196/196 197/197 195/195
f 195/195 197/197 198/198
f 199/199 195/195 198/198
f 200/200 199/199 198/198
f 198/198 201/201 200/200
f 204/204 203/203 202/202
f 203/203 205/205 202/202
f 208/208 207/207 206/206
f 206/206 207/207 209/209
f 207/207 210/210 209/209
f 213/213 212/212 211/211
f 211/211 212/212 214/214
f 217/217 216/216 215/215
f 215/215 216/216 218/218
f 221/221 220/220 219/219
f 222/222 220/220 221/221
f 225/225 224/224 223/223
f 226/226 225/225 223/223
f 227/227 225/225 226/226
f 228/228 227/227 226/226
f 229/229 227/227 228/228
f 230/230 229/229 228/228
f 231/231 229/229 230/230
f 232/232 231/231 230/230
f 233/233 231/231 232/232
f 234/234 233/233 232/232
f 235/235 233/233 234/234
f 236/236 235/235 234/234
f 237/237 235/235 236/236
f 238/238 237/237 236/236
f 239/239 237/237 238/238
f 240/240 239/239 238/238
f 241/241 239/239 240/240
f 242/242 241/241 240/240
f 243/243 241/241 242/242
f 244/244 243/243 242/242
f 245/245 243/243 244/244
f 246/246 245/245 244/244
f 247/247 245/245 246/246
f 248/248 247/247 246/246
f 249/249 247/247 248/248
f 250/250 249/249 248/248
f 251/251 249/249 250/250
f 252/252 249/249 251/251
f 253/253 252/252 251/251
f 254/254 252/252 253/253
f 253/253 255/255 254/254
f 256/256 255/255 253/253
f 259/259 258/258 257/257
f 258/258 260/260 257/257
f 257/257 260/260 261/261
f 257/257 261/261 262/262
f 261/261 263/263 262/262
f 263/263 264/264 262/262
f 265/265 262/262 264/264
f 266/266 262/262 265/265
f 264/264 267/267 265/265
f 265/265 267/267 268/268
f 268/268 269/269 265/265
f 265/265 269/269 270/270
f 270/270 269/269 271/271
f 270/270 271/271 272/272
f 272/272 273/273 270/270
f 270/270 273/273 274/274
f 275/275 270/270 274/274
f 270/270 276/276 265/265
f 276/276 266/266 265/265
f 276/276 277/277 266/266
f 266/266 277/277 278/278
f 277/277 279/279 278/278
f 266/266 278/278 280/280
f 266/266 280/280 281/281
f 281/281 282/282 266/266
f 266/266 282/282 262/262
f 282/282 283/283 262/262
f 262/262 283/283 257/257
f 283/283 284/284 257/257
f 257/257 284/284 285/285
f 280/280 278/278 286/286
f 286/286 278/278 287/287
f 287/287 278/278 279/279
f 286/286 287/287 288/288
f 289/289 287/287 279/279
f 288/288 287/287 290/290
f 287/287 289/289 290/290
f 289/289 279/279 291/291
f 291/291 279/279 292/292
f 293/293 289/289 291/291
f 294/294 293/293 291/291
f 295/295 290/290 289/289
f 293/293 295/295 289/289
f 293/293 296/296 295/295
f 288/288 290/290 297/297
f 297/297 298/298 288/288
f 290/290 299/299 297/297
f 298/298 297/297 299/299
f 290/290 300/300 299/299
f 296/296 299/299 300/300
f 299/299 301/301 298/298
f 299/299 302/302 301/301
f 296/296 302/302 299/299
f 293/293 302/302 296/296
f 303/303 302/302 293/293
f 306/306 305/305 304/304
f 307/307 306/306 304/304
f 308/308 306/306 307/307
f 309/309 308/308 307/307
f 310/310 308/308 309/309
f 311/311 310/310 309/309
f 312/312 311/311 309/309
f 312/312 313/313 311/311
f 311/311 313/313 314/314
f 313/313 315/315 314/314
f 316/316 314/314 315/315
f 317/317 316/316 315/315
f 318/318 316/316 317/317
f 319/319 318/318 317/317
f 320/320 319/319 317/317
f 321/321 319/319 320/320
f 322/322 319/319 321/321
f 323/323 322/322 321/321
f 321/321 324/324 323/323
f 325/325 323/323 324/324
f 326/326 325/325 324/324
f 326/326 327/327 325/325
f 325/325 327/327 328/328
f 328/328 327/327 329/329
f 332/332 331/331 330/330
f 333/333 331/331 332/332
f 332/332 334/334 333/333
f 333/333 334/334 335/335
f 334/334 336/336 335/335
f 337/337 335/335 336/336
f 338/338 337/337 336/336
f 339/339 338/338 336/336
f 342/342 341/341 340/340
f 343/343 340/340 341/341
f 343/343 341/341 344/344
f 345/345 340/340 343/343
f 344/344 346/346 343/343
f 347/347 345/345 343/343
f 346/346 348/348 343/343
f 348/348 347/347 343/343
f 348/348 346/346 349/349
f 350/350 347/347 348/348
f 349/349 351/351 348/348
f 350/350 348/348 351/351
f 352/352 351/351 349/349
f 351/351 352/352 353/353
f 350/350 351/351 354/354
f 351/351 353/353 354/354
f 350/350 354/354 355/355
f 354/354 353/353 356/356
f 353/353 357/357 356/356
f 358/358 356/356 357/357
f 361/361 360/360 359/359
f 361/361 362/362 360/360
f 360/360 362/362 363/363
f 364/364 363/363 362/362
f 364/364 365/365 363/363
f 366/366 360/360 363/363
f 367/367 360/360 366/366
f 363/363 365/365 368/368
f 368/368 366/366 363/363
f 368/368 365/365 369/369
f 369/369 370/370 368/368
f 371/371 370/370 369/369
f 366/366 368/368 372/372
f 372/372 368/368 370/370
f 373/373 366/366 372/372
f 373/373 367/367 366/366
f 374/374 367/367 373/373
f 374/374 375/375 367/367
f 372/372 370/370 376/376
f 370/370 371/371 376/376
f 371/371 377/377 376/376
f 376/376 377/377 378/378
f 379/379 378/378 377/377
f 382/382 381/381 380/380
f 383/383 381/381 382/382
f 383/383 384/384 381/381
f 387/387 386/386 385/385
f 387/387 385/385 388/388
f 388/388 385/385 389/389
f 389/389 390/390 388/388
f 389/389 391/391 390/390
f 390/390 391/391 392/392
f 391/391 393/393 392/392
f 394/394 389/389 385/385
f 391/391 389/389 394/394
f 393/393 391/391 395/395
f 396/396 393/393 395/395
f 394/394 385/385 397/397
f 397/397 385/385 398/398
f 397/397 398/398 399/399
f 394/394 400/400 391/391
f 400/400 395/395 391/391
f 397/397 401/401 394/394
f 401/401 400/400 394/394
f 402/402 400/400 401/401
f 403/403 402/402 401/401
f 401/401 404/404 403/403
f 397/397 404/404 401/401
f 404/404 397/397 399/399
f 399/399 405/405 404/404
f 404/404 405/405 403/403
f 406/406 405/405 399/399
f 407/407 405/405 406/406
f 405/405 407/407 403/403
f 395/395 400/400 408/408
f 402/402 408/408 400/400
f 408/408 409/409 395/395
f 402/402 409/409 408/408
f 396/396 395/395 409/409
f 403/403 407/407 410/410
f 411/411 410/410 407/407
f 410/410 411/411 412/412
f 412/412 413/413 410/410
f 410/410 413/413 403/403
f 403/403 413/413 414/414
f 413/413 415/415 414/414
f 415/415 416/416 414/414
f 417/417 414/414 416/416
f 403/403 414/414 418/418
f 418/418 414/414 417/417
f 403/403 418/418 402/402
f 418/418 417/417 402/402
f 402/402 417/417 419/419
f 419/419 420/420 402/402
f 420/420 409/409 402/402
f 421/421 420/420 419/419
f 409/409 420/420 422/422
f 422/422 420/420 421/421
f 422/422 423/423 409/409
f 423/423 396/396 409/409
f 424/424 396/396 423/423
f 425/425 422/422 421/421
f 425/425 423/423 422/422
f 424/424 423/423 425/425
f 425/425 421/421 426/426
f 425/425 427/427 424/424
f 425/425 426/426 428/428
f 428/428 427/427 425/425
f 431/431 430/430 429/429
f 432/432 431/431 429/429
f 435/435 434/434 433/433
f 436/436 434/434 435/435
f 439/439 438/438 437/437
f 440/440 438/438 439/439
f 443/443 442/442 441/441
f 444/444 442/442 443/443
f 447/447 446/446 445/445
f 445/445 446/446 448/448
f 446/446 449/449 448/448
f 448/448 449/449 450/450
f 453/453 452/452 451/451
f 454/454 452/452 453/453
f 457/457 456/456 455/455
f 458/458 456/456 457/457
f 459/459 458/458 457/457
f 460/460 458/458 459/459
f 461/461 460/460 459/459
f 462/462 460/460 461/461
f 465/465 464/464 463/463
f 466/466 465/465 463/463
f 467/467 465/465 466/466
f 468/468 467/467 466/466
f 469/469 467/467 468/468
f 470/470 469/469 468/468
f 471/471 470/470 468/468
f 472/472 470/470 471/471
f 473/473 472/472 471/471
f 474/474 472/472 473/473
f 475/475 474/474 473/473
f 476/476 474/474 475/475
f 477/477 476/476 475/475
f 478/478 476/476 477/477
f 479/479 478/478 477/477
f 480/480 478/478 479/479
f 481/481 480/480 479/479
f 482/482 480/480 481/481
f 483/483 482/482 481/481
f 484/484 482/482 483/483
f 485/485 484/484 483/483
f 486/486 484/484 485/485
f 487/487 486/486 485/485
f 488/488 486/486 487/487
f 489/489 488/488 487/487
f 492/492 491/491 490/490
f 493/493 491/491 492/492
f 494/494 493/493 492/492
f 494/494 495/495 493/493
f 496/496 493/493 495/495
f 497/497 493/493 496/496
f 496/496 498/498 497/497
f 499/499 498/498 496/496
f 500/500 499/499 496/496
f 496/496 501/501 500/500
f 502/502 501/501 496/496
f 501/501 502/502 503/503
f 506/506 505/505 504/504
f 506/506 504/504 507/507
f 504/504 508/508 507/507
f 507/507 508/508 509/509
f 510/510 506/506 507/507
f 509/509 508/508 511/511
f 510/510 512/512 506/506
f 510/510 513/513 512/512
f 506/506 512/512 514/514
f 512/512 513/513 515/515
f 514/514 512/512 516/516
f 516/516 517/517 514/514
f 514/514 517/517 518/518
f 515/515 519/519 512/512
f 520/520 519/519 515/515
f 521/521 520/520 515/515
f 522/522 520/520 521/521
f 523/523 520/520 522/522
f 524/524 523/523 522/522
f 525/525 523/523 524/524
f 525/525 524/524 526/526
f 524/524 527/527 526/526
f 526/526 527/527 528/528
f 527/527 529/529 528/528
f 528/528 529/529 530/530
f 529/529 531/531 530/530
f 530/530 531/531 532/532
f 531/531 533/533 532/532
f 532/532 533/533 534/534
f 534/534 533/533 535/535
f 534/534 535/535 536/536
f 536/536 535/535 537/537
f 537/537 538/538 536/536
f 536/536 539/539 534/534
f 540/540 539/539 536/536
f 541/541 539/539 540/540
f 542/542 541/541 540/540
f 543/543 541/541 542/542
f 542/542 544/544 543/543
f 545/545 544/544 542/542
f 546/546 545/545 542/542
f 547/547 545/545 546/546
f 509/509 547/547 546/546
f 548/548 547/547 509/509
f 511/511 548/548 509/509
f 549/549 548/548 511/511
f 552/552 551/551 550/550
f 550/550 553/553 552/552
f 554/554 553/553 550/550
f 555/555 554/554 550/550
f 555/555 550/550 556/556
f 554/554 555/555 557/557
f 555/555 556/556 558/558
f 559/559 558/558 556/556
f 560/560 559/559 556/556
f 561/561 559/559 560/560
f 561/561 562/562 559/559
f 559/559 562/562 563/563
f 562/562 564/564 563/563
f 563/563 564/564 565/565
f 564/564 566/566 565/565
f 565/565 566/566 567/567
f 567/567 566/566 568/568
f 566/566 569/569 568/568
f 568/568 569/569 570/570
f 569/569 571/571 570/570
f 570/570 571/571 572/572
f 571/571 573/573 572/572
f 572/572 573/573 574/574
f 573/573 575/575 574/574
f 574/574 575/575 576/576
f 575/575 577/577 576/576
f 577/577 578/578 576/576
f 579/579 578/578 577/577
f 580/580 579/579 577/577
f 581/581 579/579 580/580
f 580/580 582/582 581/581
f 581/581 582/582 583/583
f 582/582 584/584 583/583
f 583/583 584/584 585/585
f 584/584 586/586 585/585
f 585/585 586/586 587/587
f 586/586 588/588 587/587
f 587/587 588/588 589/589
f 589/589 588/588 590/590
f 588/588 591/591 590/590
f 590/590 591/591 592/592
f 591/591 593/593 592/592
f 592/592 593/593 594/594
f 595/595 594/594 593/593
f 594/594 595/595 596/596
f 596/596 595/595 597/597
f 596/596 597/597 598/598
f 599/599 596/596 598/598
f 596/596 599/599 600/600
f 557/557 602/602 601/601
f 603/603 602/602 557/557
f 555/555 603/603 557/557
f 604/604 603/603 555/555
f 607/607 606/606 605/605
f 608/608 607/607 605/605
f 605/605 609/609 608/608
f 610/610 608/608 609/609
f 611/611 610/610 609/609
f 612/612 610/610 611/611
f 613/613 612/612 611/611
f 614/614 612/612 613/613
f 615/615 614/614 613/613
f 615/615 616/616 614/614
f 614/614 616/616 617/617
f 616/616 618/618 617/617
f 616/616 619/619 618/618
f 619/619 620/620 618/618
f 621/621 620/620 619/619
f 622/622 620/620 621/621
f 625/625 624/624 623/623
f 624/624 626/626 623/623
f 626/626 627/627 623/623
f 623/623 627/627 628/628
f 627/627 629/629 628/628
f 628/628 629/629 630/630
f 629/629 631/631 630/630
f 630/630 631/631 632/632
f 631/631 633/633 632/632
f 632/632 633/633 634/634
f 635/635 634/634 633/633
f 636/636 634/634 635/635
f 634/634 636/636 637/637
f 637/637 636/636 638/638
f 637/637 638/638 639/639
f 639/639 638/638 640/640
f 639/639 640/640 641/641
f 641/641 640/640 642/642
f 641/641 642/642 643/643
f 642/642 644/644 643/643
f 644/644 645/645 643/643
f 643/643 645/645 646/646
f 645/645 647/647 646/646
f 646/646 647/647 648/648
f 647/647 649/649 648/648
f 648/648 649/649 650/650
f 649/649 651/651 650/650
f 651/651 652/652 650/650
f 650/650 652/652 653/653
f 654/654 653/653 652/652
f 655/655 653/653 654/654
f 653/653 655/655 656/656
f 656/656 655/655 657/657
f 656/656 657/657 658/658
f 658/658 657/657 659/659
f 658/658 659/659 660/660
f 660/660 659/659 661/661
f 664/664 663/663 662/662
f 665/665 664/664 662/662
f 662/662 666/666 665/665
f 667/667 665/665 666/666
f 668/668 667/667 666/666
f 669/669 667/667 668/668
f 670/670 669/669 668/668
f 671/671 669/669 670/670
f 672/672 671/671 670/670
f 672/672 673/673 671/671
f 674/674 673/673 672/672
f 675/675 673/673 674/674
f 676/676 675/675 674/674
f 677/677 675/675 676/676
f 678/678 677/677 676/676
f 679/679 677/677 678/678
f 678/678 680/680 679/679
f 683/683 682/682 681/681
f 684/684 682/682 683/683
f 685/685 684/684 683/683
f 684/684 686/686 682/682
f 687/687 684/684 685/685
f 687/687 686/686 684/684
f 690/690 689/689 688/688
f 691/691 690/690 688/688
f 692/692 690/690 691/691
f 691/691 688/688 693/693
f 693/693 688/688 694/694
f 693/693 694/694 695/695
f 696/696 692/692 691/691
f 691/691 693/693 696/696
f 695/695 696/696 693/693
f 692/692 696/696 697/697
f 695/695 697/697 696/696
f 700/700 699/699 698/698
f 701/701 699/699 700/700
f 702/702 701/701 700/700
f 703/703 702/702 700/700
f 704/704 702/702 703/703
f 704/704 703/703 705/705
f 703/703 706/706 705/705
f 705/705 707/707 704/704
f 705/705 706/706 708/708
f 705/705 709/709 707/707
f 708/708 710/710 705/705
f 711/711 709/709 705/705
f 710/710 712/712 705/705
f 705/705 713/713 711/711
f 705/705 712/712 714/714
f 715/715 713/713 705/705
f 714/714 715/715 705/705
f 718/718 717/717 716/716
f 718/718 716/716 719/719
f 716/716 720/720 719/719
f 719/719 720/720 721/721
f 720/720 722/722 721/721
f 723/723 722/722 720/720
f 723/723 720/720 724/724
f 725/725 723/723 724/724
f 726/726 722/722 723/723
f 726/726 727/727 722/722
f 728/728 726/726 723/723
f 729/729 728/728 723/723
f 723/723 730/730 729/729
f 731/731 730/730 723/723
f 725/725 731/731 723/723
f 725/725 732/732 731/731
f 725/725 733/733 732/732
f 736/736 735/735 734/734
f 736/736 737/737 735/735
f 740/740 739/739 738/738
f 739/739 741/741 738/738
f 744/744 743/743 742/742
f 745/745 742/742 743/743
f 748/748 747/747 746/746
f 746/746 747/747 749/749
f 752/752 751/751 750/750
f 753/753 752/752 750/750
f 756/756 755/755 754/754
f 754/754 755/755 757/757
f 760/760 759/759 758/758
f 761/761 759/759 760/760
f 764/764 763/763 762/762
f 765/765 764/764 762/762
f 766/766 764/764 765/765
f 767/767 766/766 765/765
f 768/768 766/766 767/767
f 769/769 768/768 767/767
f 770/770 768/768 769/769
f 771/771 768/768 770/770
f 772/772 771/771 770/770
f 773/773 771/771 772/772
f 774/774 773/773 772/772
f 775/775 773/773 774/774
f 776/776 775/775 774/774
f 777/777 775/775 776/776
f 778/778 777/777 776/776
f 779/779 778/778 776/776
f 780/780 778/778 779/779
f 781/781 780/780 779/779
f 782/782 780/780 781/781
f 783/783 782/782 781/781
f 784/784 782/782 783/783
f 785/785 784/784 783/783
f 786/786 784/784 785/785
f 787/787 786/786 785/785
f 788/788 786/786 787/787
f 789/789 788/788 787/787
f 790/790 788/788 789/789
f 791/791 788/788 790/790
f 792/792 791/791 790/790
f 793/793 791/791 792/792
f 792/792 794/794 793/793
f 795/795 794/794 792/792
f 798/798 797/797 796/796
f 799/799 798/798 796/796
f 798/798 799/799 800/800
f 801/801 798/798 800/800
f 800/800 802/802 801/801
f 796/796 803/803 799/799
f 804/804 802/802 800/800
f 799/799 803/803 805/805
f 803/803 806/806 805/805
f 806/806 807/807 805/805
f 807/807 808/808 805/805
f 808/808 809/809 805/805
f 805/805 810/810 799/799
f 809/809 810/810 805/805
f 810/810 800/800 799/799
f 809/809 811/811 810/810
f 800/800 810/810 811/811
f 809/809 812/812 811/811
f 813/813 804/804 800/800
f 811/811 813/813 800/800
f 814/814 804/804 813/813
f 814/814 813/813 815/815
f 815/815 813/813 811/811
f 815/815 811/811 816/816
f 816/816 811/811 812/812
f 812/812 817/817 816/816
f 817/817 818/818 816/816
f 817/817 819/819 818/818
f 820/820 819/819 817/817
f 821/821 819/819 820/820
f 822/822 821/821 820/820
f 822/822 820/820 823/823
f 823/823 824/824 822/822
f 825/825 822/822 824/824
f 824/824 826/826 825/825
f 826/826 824/824 827/827
f 827/827 824/824 828/828
f 828/828 824/824 829/829
f 830/830 824/824 823/823
f 829/829 824/824 831/831
f 830/830 832/832 824/824
f 824/824 832/832 831/831
f 833/833 832/832 830/830
f 834/834 832/832 833/833
f 835/835 832/832 834/834
f 831/831 832/832 835/835
f 831/831 835/835 836/836
f 836/836 835/835 837/837
f 836/836 837/837 838/838
f 841/841 840/840 839/839
f 842/842 840/840 841/841
f 843/843 842/842 841/841
f 844/844 842/842 843/843
f 845/845 844/844 843/843
f 846/846 845/845 843/843
f 847/847 845/845 846/846
f 848/848 847/847 846/846
f 848/848 849/849 847/847
f 847/847 849/849 850/850
f 849/849 851/851 850/850
f 850/850 851/851 852/852
f 851/851 853/853 852/852
f 852/852 853/853 854/854
f 853/853 855/855 854/854
f 855/855 856/856 854/854
f 854/854 856/856 857/857
f 856/856 858/858 857/857
f 861/861 860/860 859/859
f 860/860 862/862 859/859
f 859/859 862/862 863/863
f 862/862 864/864 863/863
f 864/864 865/865 863/863
f 863/863 865/865 866/866
f 869/869 868/868 867/867
f 868/868 870/870 867/867
f 868/868 871/871 870/870
f 872/872 870/870 871/871
f 872/872 871/871 873/873
f 871/871 874/874 873/873
f 874/874 875/875 873/873
f 873/873 875/875 876/876
f 877/877 876/876 875/875
f 878/878 876/876 877/877
f 879/879 878/878 877/877
f 880/880 879/879 877/877
f 880/880 881/881 879/879
f 879/879 881/881 882/882
f 881/881 883/883 882/882
f 882/882 883/883 884/884
f 884/884 883/883 885/885
f 883/883 886/886 885/885
f 885/885 886/886 887/887
f 886/886 888/888 887/887
f 889/889 887/887 888/888
f 890/890 889/889 888/888
f 890/890 891/891 889/889
f 889/889 891/891 892/892
f 891/891 893/893 892/892
f 892/892 893/893 894/894
f 893/893 895/895 894/894
f 896/896 894/894 895/895
f 897/897 896/896 895/895
f 898/898 896/896 897/897
f 899/899 898/898 897/897
f 900/900 898/898 899/899
f 901/901 900/900 899/899
f 898/898 900/900 902/902
f 900/900 903/903 902/902
f 902/902 903/903 904/904
f 905/905 900/900 901/901
f 904/904 903/903 906/906
f 907/907 900/900 905/905
f 908/908 903/903 900/900
f 907/907 905/905 909/909
f 905/905 910/910 909/909
f 911/911 909/909 910/910
f 912/912 903/903 908/908
f 913/913 909/909 911/911
f 911/911 914/914 913/913
f 914/914 915/915 913/913
f 913/913 915/915 916/916
f 917/917 903/903 912/912
f 918/918 906/906 903/903
f 903/903 917/917 918/918
f 918/918 919/919 906/906
f 919/919 918/918 920/920
f 917/917 921/921 918/918
f 921/921 920/920 918/918
f 921/921 917/917 922/922
f 923/923 921/921 922/922
f 921/921 924/924 920/920
f 925/925 920/920 924/924
f 921/921 923/923 926/926
f 924/924 921/921 926/926
f 925/925 924/924 926/926
f 923/923 927/927 926/926
f 926/926 927/927 928/928
f 927/927 929/929 928/928
f 929/929 930/930 928/928
f 930/930 931/931 928/928
f 932/932 928/928 931/931
f 932/932 931/931 933/933
f 933/933 934/934 932/932
f 935/935 925/925 926/926
f 928/928 935/935 926/926
f 936/936 925/925 935/935
f 937/937 936/936 935/935
f 935/935 928/928 937/937
f 928/928 938/938 937/937
f 938/938 928/928 939/939
f 938/938 939/939 940/940
f 939/939 932/932 940/940
f 928/928 941/941 939/939
f 932/932 941/941 928/928
f 941/941 932/932 939/939
f 934/934 942/942 932/932
f 940/940 932/932 943/943
f 942/942 943/943 932/932
f 942/942 934/934 944/944
f 934/934 945/945 944/944
f 946/946 944/944 945/945
f 940/940 943/943 947/947
f 948/948 940/940 947/947
f 943/943 942/942 949/949
f 947/947 943/943 949/949
f 949/949 942/942 944/944
f 947/947 949/949 950/950
f 951/951 950/950 949/949
f 949/949 944/944 951/951
f 952/952 950/950 951/951
f 946/946 953/953 944/944
f 953/953 951/951 944/944
f 953/953 952/952 951/951
f 946/946 954/954 953/953
f 955/955 952/952 953/953
f 954/954 955/955 953/953
f 958/958 957/957 956/956
f 956/956 959/959 958/958
f 959/959 960/960 958/958
f 961/961 960/960 959/959
f 962/962 961/961 959/959
f 962/962 959/959 963/963
f 964/964 961/961 962/962
f 964/964 962/962 965/965
f 962/962 966/966 965/965
f 965/965 966/966 967/967
f 970/970 969/969 968/968
f 969/969 970/970 971/971
f 971/971 970/970 972/972
f 973/973 969/969 971/971
f 974/974 969/969 973/973
f 975/975 969/969 974/974
f 973/973 976/976 974/974
f 974/974 976/976 977/977
f 977/977 976/976 978/978
f 977/977 978/978 979/979
f 980/980 979/979 978/978
f 980/980 978/978 981/981
f 980/980 982/982 979/979
f 983/983 982/982 980/980
f 984/984 980/980 981/981
f 983/983 980/980 984/984
f 985/985 982/982 983/983
f 985/985 983/983 986/986
f 984/984 987/987 983/983
f 986/986 983/983 988/988
f 983/983 987/987 989/989
f 983/983 989/989 988/988
f 987/987 990/990 989/989
f 991/991 988/988 989/989
f 989/989 990/990 991/991
f 992/992 988/988 991/991
f 991/991 990/990 993/993
f 994/994 992/992 991/991
f 991/991 993/993 995/995
f 994/994 991/991 995/995
f 994/994 995/995 996/996
f 993/993 997/997 995/995
f 996/996 995/995 998/998
f 997/997 999/999 995/995
f 995/995 999/999 998/998
f 998/998 999/999 1000/1000
f 997/997 1001/1001 999/999
f 999/999 1002/1002 1000/1000
f 999/999 1001/1001 1002/1002
f 1000/1000 1002/1002 1003/1003
f 1002/1002 1001/1001 1004/1004
f 1002/1002 1004/1004 1003/1003
f 1004/1004 1001/1001 1005/1005
f 1003/1003 1004/1004 1006/1006
f 1005/1005 1007/1007 1004/1004
f 1004/1004 1007/1007 1006/1006
f 1006/1006 1007/1007 1008/1008
f 1009/1009 1008/1008 1007/1007
f 1005/1005 1010/1010 1007/1007
f 1010/1010 1009/1009 1007/1007
f 1009/1009 1010/1010 1011/1011
f 1010/1010 1012/1012 1011/1011
f 1011/1011 1012/1012 1013/1013
f 1010/1010 1014/1014 1012/1012
f 1015/1015 1013/1013 1012/1012
f 1014/1014 1016/1016 1012/1012
f 1017/1017 1015/1015 1012/1012
f 1012/1012 1016/1016 1017/1017
f 1015/1015 1017/1017 1018/1018
f 1017/1017 1016/1016 1019/1019
f 1018/1018 1017/1017 1019/1019
f 1018/1018 1019/1019 1020/1020
f 1020/1020 1021/1021 1018/1018
f 1022/1022 1020/1020 1019/1019
f 1021/1021 1020/1020 1023/1023
f 1024/1024 1020/1020 1022/1022
f 1020/1020 1025/1025 1023/1023
f 1025/1025 1020/1020 1024/1024
f 1023/1023 1025/1025 1026/1026
f 1027/1027 1025/1025 1024/1024
f 1026/1026 1025/1025 1028/1028
f 1029/1029 1025/1025 1027/1027
f 1025/1025 1029/1029 1028/1028
f 1030/1030 1029/1029 1027/1027
f 1028/1028 1029/1029 1031/1031
f 1032/1032 1029/1029 1030/1030
f 1031/1031 1029/1029 1032/1032
f 1031/1031 1032/1032 1033/1033
f 1030/1030 1034/1034 1032/1032
f 1032/1032 1034/1034 1035/1035
f 1036/1036 1035/1035 1034/1034
f 1033/1033 1032/1032 1037/1037
f 1032/1032 1035/1035 1037/1037
f 1037/1037 1035/1035 1038/1038
f 1035/1035 1039/1039 1038/1038
f 1040/1040 1039/1039 1035/1035
f 1041/1041 1035/1035 1036/1036
f 1042/1042 1040/1040 1035/1035
f 1035/1035 1041/1041 1042/1042
f 1040/1040 1042/1042 1043/1043
f 1044/1044 1043/1043 1042/1042
f 1045/1045 1042/1042 1041/1041
f 1045/1045 1044/1044 1042/1042
f 1046/1046 1045/1045 1041/1041
f 1046/1046 1047/1047 1045/1045
f 1048/1048 1044/1044 1045/1045
f 1045/1045 1047/1047 1048/1048
f 1047/1047 1049/1049 1048/1048
f 1048/1048 1049/1049 1050/1050
f 1050/1050 1051/1051 1048/1048
f 1050/1050 1052/1052 1051/1051
f 1053/1053 1050/1050 1049/1049
f 1052/1052 1050/1050 1053/1053
f 1052/1052 1053/1053 1054/1054
f 1053/1053 1055/1055 1054/1054
f 1058/1058 1057/1057 1056/1056
f 1056/1056 1057/1057 1059/1059
f 1059/1059 1057/1057 1060/1060
f 1057/1057 1061/1061 1060/1060
f 1060/1060 1061/1061 1062/1062
f 1063/1063 1062/1062 1061/1061
f 1064/1064 1062/1062 1063/1063
f 1063/1063 1065/1065 1064/1064
f 1068/1068 1067/1067 1066/1066
f 1066/1066 1069/1069 1068/1068
f 1068/1068 1069/1069 1070/1070
f 1070/1070 1071/1071 1068/1068
f 1072/1072 1071/1071 1070/1070
f 1073/1073 1069/1069 1066/1066
f 1074/1074 1072/1072 1070/1070
f 1073/1073 1075/1075 1069/1069
f 1076/1076 1075/1075 1073/1073
f 1069/1069 1075/1075 1077/1077
f 1070/1070 1069/1069 1077/1077
f 1070/1070 1078/1078 1074/1074
f 1074/1074 1078/1078 1079/1079
f 1080/1080 1079/1079 1078/1078
f 1081/1081 1075/1075 1076/1076
f 1077/1077 1075/1075 1081/1081
f 1081/1081 1082/1082 1077/1077
f 1070/1070 1077/1077 1083/1083
f 1078/1078 1070/1070 1083/1083
f 1080/1080 1078/1078 1084/1084
f 1083/1083 1084/1084 1078/1078
f 1080/1080 1084/1084 1085/1085
f 1086/1086 1081/1081 1076/1076
f 1076/1076 1087/1087 1086/1086
f 1087/1087 1088/1088 1086/1086
f 1088/1088 1087/1087 1089/1089
f 1090/1090 1088/1088 1089/1089
f 1083/1083 1077/1077 1091/1091
f 1082/1082 1091/1091 1077/1077
f 1086/1086 1092/1092 1081/1081
f 1081/1081 1092/1092 1082/1082
f 1093/1093 1092/1092 1086/1086
f 1088/1088 1093/1093 1086/1086
f 1094/1094 1085/1085 1084/1084
f 1085/1085 1094/1094 1095/1095
f 1096/1096 1084/1084 1083/1083
f 1091/1091 1096/1096 1083/1083
f 1084/1084 1097/1097 1094/1094
f 1097/1097 1084/1084 1096/1096
f 1097/1097 1098/1098 1094/1094
f 1099/1099 1098/1098 1097/1097
f 1082/1082 1092/1092 1100/1100
f 1092/1092 1093/1093 1100/1100
f 1097/1097 1096/1096 1101/1101
f 1101/1101 1099/1099 1097/1097
f 1096/1096 1091/1091 1102/1102
f 1101/1101 1096/1096 1103/1103
f 1096/1096 1102/1102 1103/1103
f 1104/1104 1099/1099 1101/1101
f 1104/1104 1101/1101 1103/1103
f 1099/1099 1104/1104 1105/1105
f 1105/1105 1106/1106 1099/1099
f 1107/1107 1106/1106 1105/1105
f 1108/1108 1104/1104 1103/1103
f 1104/1104 1108/1108 1105/1105
f 1109/1109 1091/1091 1082/1082
f 1091/1091 1109/1109 1102/1102
f 1102/1102 1110/1110 1103/1103
f 1110/1110 1108/1108 1103/1103
f 1109/1109 1111/1111 1102/1102
f 1102/1102 1111/1111 1110/1110
f 1109/1109 1082/1082 1112/1112
f 1111/1111 1109/1109 1112/1112
f 1112/1112 1113/1113 1111/1111
f 1114/1114 1111/1111 1113/1113
f 1110/1110 1111/1111 1114/1114
f 1112/1112 1082/1082 1115/1115
f 1115/1115 1113/1113 1112/1112
f 1115/1115 1082/1082 1100/1100
f 1105/1105 1116/1116 1107/1107
f 1107/1107 1116/1116 1117/1117
f 1117/1117 1116/1116 1118/1118
f 1119/1119 1113/1113 1115/1115
f 1115/1115 1100/1100 1119/1119
f 1120/1120 1110/1110 1114/1114
f 1120/1120 1121/1121 1110/1110
f 1120/1120 1122/1122 1121/1121
f 1121/1121 1108/1108 1110/1110
f 1121/1121 1122/1122 1123/1123
f 1108/1108 1121/1121 1123/1123
f 1124/1124 1123/1123 1122/1122
f 1125/1125 1114/1114 1113/1113
f 1126/1126 1114/1114 1125/1125
f 1113/1113 1127/1127 1125/1125
f 1128/1128 1127/1127 1113/1113
f 1129/1129 1128/1128 1113/1113
f 1119/1119 1129/1129 1113/1113
f 1119/1119 1130/1130 1129/1129
f 1131/1131 1130/1130 1119/1119
f 1132/1132 1131/1131 1119/1119
f 1119/1119 1100/1100 1132/1132
f 1100/1100 1133/1133 1132/1132
f 1132/1132 1133/1133 1134/1134
f 1100/1100 1093/1093 1133/1133
f 1134/1134 1133/1133 1135/1135
f 1133/1133 1093/1093 1136/1136
f 1136/1136 1093/1093 1088/1088
f 1133/1133 1137/1137 1135/1135
f 1136/1136 1137/1137 1133/1133
f 1135/1135 1137/1137 1138/1138
f 1137/1137 1139/1139 1138/1138
f 1139/1139 1140/1140 1138/1138
f 1136/1136 1141/1141 1137/1137
f 1139/1139 1137/1137 1141/1141
f 1142/1142 1136/1136 1088/1088
f 1142/1142 1141/1141 1136/1136
f 1139/1139 1143/1143 1140/1140
f 1144/1144 1140/1140 1143/1143
f 1145/1145 1144/1144 1143/1143
f 1139/1139 1141/1141 1146/1146
f 1146/1146 1141/1141 1142/1142
f 1143/1143 1139/1139 1147/1147
f 1147/1147 1145/1145 1143/1143
f 1139/1139 1146/1146 1147/1147
f 1148/1148 1142/1142 1088/1088
f 1088/1088 1090/1090 1148/1148
f 1148/1148 1090/1090 1149/1149
f 1142/1142 1148/1148 1150/1150
f 1148/1148 1149/1149 1150/1150
f 1150/1150 1146/1146 1142/1142
f 1150/1150 1149/1149 1151/1151
f 1152/1152 1146/1146 1150/1150
f 1147/1147 1146/1146 1152/1152
f 1151/1151 1152/1152 1150/1150
f 1153/1153 1145/1145 1147/1147
f 1153/1153 1147/1147 1152/1152
f 1151/1151 1153/1153 1152/1152
f 1154/1154 1145/1145 1153/1153
f 1155/1155 1153/1153 1151/1151
f 1156/1156 1154/1154 1153/1153
f 1155/1155 1156/1156 1153/1153
f 1159/1159 1158/1158 1157/1157
f 1159/1159 1160/1160 1158/1158
f 1160/1160 1161/1161 1158/1158
f 1161/1161 1162/1162 1158/1158
f 1158/1158 1162/1162 1163/1163
f 1164/1164 1160/1160 1159/1159
f 1162/1162 1165/1165 1163/1163
f 1166/1166 1164/1164 1159/1159
f 1167/1167 1166/1166 1159/1159
f 1168/1168 1164/1164 1166/1166
f 1169/1169 1166/1166 1167/1167
f 1166/1166 1169/1169 1168/1168
f 1163/1163 1165/1165 1170/1170
f 1170/1170 1171/1171 1163/1163
f 1172/1172 1171/1171 1170/1170
f 1170/1170 1165/1165 1173/1173
f 1170/1170 1173/1173 1172/1172
f 1165/1165 1174/1174 1173/1173
f 1175/1175 1172/1172 1173/1173
f 1176/1176 1173/1173 1174/1174
f 1177/1177 1175/1175 1173/1173
f 1177/1177 1173/1173 1176/1176
f 1178/1178 1175/1175 1177/1177
f 1176/1176 1179/1179 1177/1177
f 1180/1180 1178/1178 1177/1177
f 1177/1177 1179/1179 1180/1180
f 1181/1181 1178/1178 1180/1180
f 1180/1180 1179/1179 1182/1182
f 1182/1182 1181/1181 1180/1180
f 1179/1179 1183/1183 1182/1182
f 1184/1184 1181/1181 1182/1182
f 1182/1182 1183/1183 1184/1184
f 1183/1183 1185/1185 1184/1184
f 1184/1184 1185/1185 1186/1186
f 1187/1187 1186/1186 1185/1185
f 1188/1188 1186/1186 1187/1187
f 1189/1189 1186/1186 1188/1188
f 1190/1190 1188/1188 1187/1187
f 1191/1191 1189/1189 1188/1188
f 1192/1192 1188/1188 1190/1190
f 1192/1192 1191/1191 1188/1188
f 1190/1190 1193/1193 1192/1192
f 1194/1194 1191/1191 1192/1192
f 1192/1192 1193/1193 1194/1194
f 1195/1195 1191/1191 1194/1194
f 1193/1193 1196/1196 1194/1194
f 1197/1197 1195/1195 1194/1194
f 1194/1194 1196/1196 1197/1197
f 1198/1198 1195/1195 1197/1197
f 1199/1199 1197/1197 1196/1196
f 1197/1197 1200/1200 1198/1198
f 1200/1200 1197/1197 1199/1199
f 1198/1198 1200/1200 1201/1201
f 1202/1202 1200/1200 1199/1199
f 1203/1203 1201/1201 1200/1200
f 1204/1204 1200/1200 1202/1202
f 1200/1200 1204/1204 1203/1203
f 1202/1202 1205/1205 1204/1204
f 1203/1203 1204/1204 1206/1206
f 1204/1204 1205/1205 1207/1207
f 1204/1204 1207/1207 1206/1206
f 1205/1205 1208/1208 1207/1207
f 1206/1206 1207/1207 1209/1209
f 1208/1208 1209/1209 1207/1207
f 1212/1212 1211/1211 1210/1210
f 1213/1213 1211/1211 1212/1212
f 1214/1214 1213/1213 1212/1212
f 1214/1214 1215/1215 1213/1213
f 1211/1211 1213/1213 1216/1216
f 1217/1217 1211/1211 1216/1216
f 1218/1218 1213/1213 1215/1215
f 1213/1213 1218/1218 1216/1216
f 1217/1217 1216/1216 1219/1219
f 1217/1217 1219/1219 1124/1124
f 1123/1123 1124/1124 1219/1219
f 1216/1216 1220/1220 1219/1219
f 1218/1218 1220/1220 1216/1216
f 1123/1123 1219/1219 1221/1221
f 1219/1219 1220/1220 1221/1221
f 1123/1123 1221/1221 1108/1108
f 1105/1105 1108/1108 1221/1221
f 1221/1221 1220/1220 1105/1105
f 1220/1220 1116/1116 1105/1105
f 1116/1116 1220/1220 1222/1222
f 1220/1220 1218/1218 1222/1222
f 1116/1116 1222/1222 1118/1118
f 1215/1215 1223/1223 1218/1218
f 1218/1218 1223/1223 1222/1222
f 1215/1215 1224/1224 1223/1223
f 1222/1222 1225/1225 1118/1118
f 1223/1223 1225/1225 1222/1222
f 1225/1225 1223/1223 1224/1224
f 1225/1225 1226/1226 1118/1118
f 1224/1224 1227/1227 1225/1225
f 1226/1226 1225/1225 1227/1227
f 1230/1230 1229/1229 1228/1228
f 1228/1228 1229/1229 1231/1231
f 1232/1232 1231/1231 1229/1229
f 1233/1233 1232/1232 1229/1229
f 1234/1234 1232/1232 1233/1233
f 1235/1235 1234/1234 1233/1233
f 1236/1236 1234/1234 1235/1235
f 1237/1237 1236/1236 1235/1235
f 1238/1238 1236/1236 1237/1237
f 1238/1238 1237/1237 1239/1239
f 1237/1237 1240/1240 1239/1239
f 1241/1241 1239/1239 1240/1240
f 1242/1242 1241/1241 1240/1240
f 1243/1243 1241/1241 1242/1242
f 1242/1242 1244/1244 1243/1243
f 1243/1243 1245/1245 1241/1241
f 1241/1241 1245/1245 1246/1246
f 1243/1243 1247/1247 1245/1245
f 1248/1248 1247/1247 1243/1243
f 1243/1243 1244/1244 1249/1249
f 1245/1245 1250/1250 1246/1246
f 1246/1246 1250/1250 1251/1251
f 1250/1250 1252/1252 1251/1251
f 1251/1251 1252/1252 1253/1253
f 1252/1252 1254/1254 1253/1253
f 1253/1253 1254/1254 1255/1255
f 1255/1255 1254/1254 1256/1256
f 1254/1254 1257/1257 1256/1256
f 1256/1256 1257/1257 1258/1258
f 1256/1256 1258/1258 1259/1259
f 1259/1259 1258/1258 1260/1260
f 1260/1260 1261/1261 1259/1259
f 1245/1245 1262/1262 1250/1250
f 1263/1263 1262/1262 1245/1245
f 1264/1264 1263/1263 1245/1245
f 1265/1265 1263/1263 1264/1264
f 1249/1249 1265/1265 1264/1264
f 1266/1266 1265/1265 1249/1249
f 1249/1249 1244/1244 1266/1266
f 1266/1266 1244/1244 1267/1267
f 1262/1262 1268/1268 1250/1250
f 1250/1250 1268/1268 1269/1269
f 1269/1269 1268/1268 1270/1270
f 1268/1268 1271/1271 1270/1270
f 1270/1270 1271/1271 1272/1272
f 1271/1271 1273/1273 1272/1272
f 1272/1272 1273/1273 1274/1274
f 1244/1244 1275/1275 1267/1267
f 1273/1273 1276/1276 1274/1274
f 1274/1274 1276/1276 1277/1277
f 1276/1276 1278/1278 1277/1277
f 1267/1267 1275/1275 1279/1279
f 1276/1276 1280/1280 1278/1278
f 1280/1280 1281/1281 1278/1278
f 1282/1282 1280/1280 1276/1276
f 1283/1283 1280/1280 1282/1282
f 1284/1284 1283/1283 1282/1282
f 1283/1283 1284/1284 1285/1285
f 1285/1285 1284/1284 1286/1286
f 1287/1287 1285/1285 1286/1286
f 1286/1286 1288/1288 1287/1287
f 1287/1287 1288/1288 1289/1289
f 1289/1289 1288/1288 1290/1290
f 1288/1288 1291/1291 1290/1290
f 1290/1290 1291/1291 1292/1292
f 1291/1291 1293/1293 1292/1292
f 1292/1292 1293/1293 1294/1294
f 1293/1293 1295/1295 1294/1294
f 1294/1294 1295/1295 1296/1296
f 1295/1295 1297/1297 1296/1296
f 1296/1296 1297/1297 1298/1298
f 1297/1297 1279/1279 1298/1298
f 1298/1298 1279/1279 1299/1299
f 1279/1279 1300/1300 1299/1299
f 1275/1275 1300/1300 1279/1279
f 1301/1301 1300/1300 1275/1275
f 1302/1302 1300/1300 1301/1301
f 1303/1303 1300/1300 1302/1302
f 1303/1303 1302/1302 1304/1304
f 1304/1304 1305/1305 1303/1303
f 1306/1306 1305/1305 1304/1304
f 1307/1307 1305/1305 1306/1306
f 1308/1308 1307/1307 1306/1306
f 1309/1309 1308/1308 1306/1306
f 1310/1310 1308/1308 1309/1309
f 1311/1311 1310/1310 1309/1309
f 1312/1312 1310/1310 1311/1311
f 1311/1311 1313/1313 1312/1312
f 1312/1312 1313/1313 1314/1314
f 1314/1314 1313/1313 1315/1315
f 1313/1313 1316/1316 1315/1315
f 1315/1315 1316/1316 1317/1317
f 1320/1320 1319/1319 1318/1318
f 1321/1321 1319/1319 1320/1320
f 1322/1322 1321/1321 1320/1320
f 1321/1321 1322/1322 1323/1323
f 1322/1322 1324/1324 1323/1323
f 1325/1325 1323/1323 1324/1324
f 1326/1326 1325/1325 1324/1324
f 1327/1327 1325/1325 1326/1326
f 1328/1328 1325/1325 1327/1327
f 1329/1329 1328/1328 1327/1327
f 1330/1330 1328/1328 1329/1329
f 1329/1329 1331/1331 1330/1330
f 1332/1332 1330/1330 1331/1331
f 1333/1333 1332/1332 1331/1331
f 1334/1334 1332/1332 1333/1333
f 1335/1335 1332/1332 1334/1334
f 1336/1336 1335/1335 1334/1334
f 1336/1336 1337/1337 1335/1335
f 1338/1338 1337/1337 1336/1336
f 1339/1339 1337/1337 1338/1338
f 1338/1338 1340/1340 1339/1339
f 1339/1339 1340/1340 1341/1341
f 1344/1344 1343/1343 1342/1342
f 1343/1343 1344/1344 1345/1345
f 1344/1344 1346/1346 1345/1345
f 1346/1346 1347/1347 1345/1345
f 1347/1347 1348/1348 1345/1345
f 1348/1348 1347/1347 1349/1349
f 1350/1350 1348/1348 1349/1349
f 1348/1348 1351/1351 1345/1345
f 1351/1351 1352/1352 1345/1345
f 1352/1352 1351/1351 1353/1353
f 1354/1354 1352/1352 1353/1353
f 1354/1354 1353/1353 1355/1355
f 1356/1356 1354/1354 1355/1355
f 1357/1357 1355/1355 1353/1353
f 1353/1353 1351/1351 1358/1358
f 1358/1358 1357/1357 1353/1353
f 1351/1351 1348/1348 1358/1358
f 1358/1358 1359/1359 1357/1357
f 1358/1358 1360/1360 1359/1359
f 1358/1358 1348/1348 1361/1361
f 1361/1361 1360/1360 1358/1358
f 1350/1350 1362/1362 1348/1348
f 1361/1361 1348/1348 1362/1362
f 1363/1363 1360/1360 1361/1361
f 1361/1361 1362/1362 1363/1363
f 1364/1364 1360/1360 1363/1363
f 1363/1363 1365/1365 1364/1364
f 1363/1363 1362/1362 1365/1365
f 1364/1364 1365/1365 1366/1366
f 1362/1362 1350/1350 1367/1367
f 1362/1362 1367/1367 1365/1365
f 1350/1350 1368/1368 1367/1367
f 1367/1367 1368/1368 1369/1369
f 1365/1365 1370/1370 1366/1366
f 1365/1365 1367/1367 1370/1370
f 1367/1367 1369/1369 1370/1370
f 1371/1371 1366/1366 1370/1370
f 1370/1370 1369/1369 1372/1372
f 1375/1375 1374/1374 1373/1373
f 1376/1376 1373/1373 1374/1374
f 1377/1377 1373/1373 1376/1376
f 1378/1378 1377/1377 1376/1376
f 1378/1378 1376/1376 1379/1379
f 1378/1378 1379/1379 1380/1380
f 1381/1381 1379/1379 1376/1376
f 1382/1382 1381/1381 1376/1376
f 1383/1383 1381/1381 1382/1382
f 1379/1379 1381/1381 1383/1383
f 1382/1382 1384/1384 1383/1383
f 1385/1385 1383/1383 1384/1384
f 1385/1385 1386/1386 1383/1383
f 1383/1383 1386/1386 1387/1387
f 1387/1387 1379/1379 1383/1383
f 1386/1386 1388/1388 1387/1387
f 1388/1388 1389/1389 1387/1387
f 1387/1387 1390/1390 1379/1379
f 1387/1387 1389/1389 1390/1390
f 1379/1379 1391/1391 1380/1380
f 1390/1390 1391/1391 1379/1379
f 1391/1391 1392/1392 1380/1380
f 1391/1391 1390/1390 1392/1392
f 1380/1380 1392/1392 1393/1393
f 1392/1392 1394/1394 1393/1393
f 1390/1390 1389/1389 1395/1395
f 1390/1390 1395/1395 1392/1392
f 1394/1394 1392/1392 1395/1395
f 1389/1389 1396/1396 1395/1395
f 1395/1395 1397/1397 1394/1394
f 1395/1395 1396/1396 1397/1397
f 1394/1394 1397/1397 1398/1398
f 1396/1396 1399/1399 1397/1397
f 1397/1397 1399/1399 1398/1398
f 1402/1402 1401/1401 1400/1400
f 1403/1403 1401/1401 1402/1402
f 1406/1406 1405/1405 1404/1404
f 1407/1407 1406/1406 1404/1404
f 1407/1407 1408/1408 1406/1406
f 1406/1406 1408/1408 1409/1409
f 1410/1410 1408/1408 1407/1407
f 1411/1411 1408/1408 1410/1410
f 1408/1408 1411/1411 1409/1409
f 1412/1412 1411/1411 1410/1410
f 1410/1410 1413/1413 1412/1412
f 1412/1412 1413/1413 1414/1414
f 1413/1413 1415/1415 1414/1414
f 1414/1414 1415/1415 1416/1416
f 1417/1417 1412/1412 1414/1414
f 1411/1411 1412/1412 1417/1417
f 1417/1417 1414/1414 1416/1416
f 1418/1418 1411/1411 1417/1417
f 1409/1409 1411/1411 1418/1418
f 1419/1419 1409/1409 1418/1418
f 1420/1420 1417/1417 1416/1416
f 1419/1419 1421/1421 1409/1409
f 1422/1422 1420/1420 1416/1416
f 1409/1409 1421/1421 1423/1423
f 1424/1424 1420/1420 1422/1422
f 1420/1420 1424/1424 1425/1425
f 1426/1426 1424/1424 1422/1422
f 1424/1424 1427/1427 1425/1425
f 1427/1427 1424/1424 1426/1426
f 1428/1428 1427/1427 1426/1426
f 1427/1427 1428/1428 1429/1429
f 1428/1428 1430/1430 1429/1429
f 1430/1430 1428/1428 1431/1431
f 1432/1432 1430/1430 1431/1431
f 1433/1433 1430/1430 1432/1432
f 1434/1434 1433/1433 1432/1432
f 1433/1433 1434/1434 1435/1435
f 1436/1436 1433/1433 1435/1435
f 1436/1436 1435/1435 1437/1437
f 1435/1435 1438/1438 1437/1437
f 1439/1439 1436/1436 1437/1437
f 1439/1439 1437/1437 1440/1440
f 1437/1437 1441/1441 1440/1440
f 1441/1441 1442/1442 1440/1440
f 1442/1442 1443/1443 1440/1440
f 1444/1444 1443/1443 1442/1442
f 1445/1445 1443/1443 1444/1444
f 1444/1444 1446/1446 1445/1445
f 1445/1445 1446/1446 1447/1447
f 1448/1448 1445/1445 1447/1447
f 1449/1449 1448/1448 1447/1447
f 1449/1449 1447/1447 1450/1450
f 1449/1449 1450/1450 1451/1451
f 1451/1451 1452/1452 1449/1449
f 1451/1451 1453/1453 1452/1452
f 1453/1453 1454/1454 1452/1452
f 1455/1455 1452/1452 1454/1454
f 1455/1455 1454/1454 1456/1456
f 1454/1454 1457/1457 1456/1456
f 1458/1458 1456/1456 1457/1457
f 1459/1459 1458/1458 1457/1457
f 1459/1459 1460/1460 1458/1458
f 1461/1461 1458/1458 1460/1460
f 1462/1462 1461/1461 1460/1460
f 1463/1463 1461/1461 1462/1462
f 1464/1464 1461/1461 1463/1463
f 1464/1464 1463/1463 1465/1465
f 1464/1464 1465/1465 1466/1466
f 1464/1464 1467/1467 1461/1461
f 1468/1468 1467/1467 1464/1464
f 1469/1469 1468/1468 1464/1464
f 1470/1470 1468/1468 1469/1469
f 1469/1469 1471/1471 1470/1470
f 1471/1471 1472/1472 1470/1470
f 1470/1470 1472/1472 1473/1473
f 1474/1474 1473/1473 1472/1472
f 1473/1473 1474/1474 1475/1475
f 1474/1474 1476/1476 1475/1475
f 1476/1476 1477/1477 1475/1475
f 1476/1476 1478/1478 1477/1477
f 1478/1478 1479/1479 1477/1477
f 1480/1480 1477/1477 1479/1479
f 1479/1479 1481/1481 1480/1480
f 1481/1481 1482/1482 1480/1480
f 1482/1482 1483/1483 1480/1480
f 1484/1484 1477/1477 1480/1480
f 1480/1480 1483/1483 1484/1484
f 1483/1483 1485/1485 1484/1484
f 1483/1483 1486/1486 1485/1485
f 1486/1486 1483/1483 1487/1487
f 1486/1486 1487/1487 1488/1488
f 1486/1486 1488/1488 1485/1485
f 1488/1488 1487/1487 1489/1489
f 1488/1488 1489/1489 1490/1490
f 1491/1491 1488/1488 1490/1490
f 1485/1485 1488/1488 1491/1491
f 1491/1491 1490/1490 1492/1492
f 1493/1493 1485/1485 1491/1491
f 1491/1491 1494/1494 1493/1493
f 1494/1494 1491/1491 1492/1492
f 1493/1493 1494/1494 1495/1495
f 1494/1494 1492/1492 1495/1495
f 1492/1492 1496/1496 1495/1495
f 1495/1495 1496/1496 1497/1497
f 1495/1495 1497/1497 1493/1493
f 1497/1497 1496/1496 1498/1498
f 1499/1499 1497/1497 1498/1498
f 1493/1493 1500/1500 1485/1485
f 1485/1485 1500/1500 1501/1501
f 1493/1493 1502/1502 1500/1500
f 1485/1485 1501/1501 1484/1484
f 1501/1501 1503/1503 1484/1484
f 1503/1503 1504/1504 1484/1484
f 1484/1484 1504/1504 1477/1477
f 1477/1477 1504/1504 1505/1505
f 1477/1477 1505/1505 1475/1475
f 1505/1505 1506/1506 1475/1475
f 1475/1475 1506/1506 1473/1473
f 1473/1473 1506/1506 1507/1507
f 1473/1473 1507/1507 1470/1470
f 1470/1470 1507/1507 1508/1508
f 1470/1470 1508/1508 1468/1468
f 1468/1468 1508/1508 1509/1509
f 1509/1509 1502/1502 1493/1493
f 1468/1468 1509/1509 1510/1510
f 1509/1509 1493/1493 1510/1510
f 1467/1467 1468/1468 1510/1510
f 1510/1510 1493/1493 1511/1511
f 1497/1497 1511/1511 1493/1493
f 1511/1511 1497/1497 1512/1512
f 1511/1511 1512/1512 1510/1510
f 1512/1512 1497/1497 1499/1499
f 1510/1510 1512/1512 1513/1513
f 1512/1512 1499/1499 1513/1513
f 1513/1513 1467/1467 1510/1510
f 1499/1499 1514/1514 1513/1513
f 1513/1513 1514/1514 1515/1515
f 1515/1515 1514/1514 1516/1516
f 1517/1517 1467/1467 1513/1513
f 1515/1515 1517/1517 1513/1513
f 1516/1516 1518/1518 1515/1515
f 1518/1518 1517/1517 1515/1515
f 1518/1518 1516/1516 1519/1519
f 1520/1520 1467/1467 1517/1517
f 1521/1521 1467/1467 1520/1520
f 1517/1517 1522/1522 1520/1520
f 1523/1523 1522/1522 1517/1517
f 1523/1523 1517/1517 1518/1518
f 1524/1524 1522/1522 1523/1523
f 1525/1525 1524/1524 1523/1523
f 1519/1519 1526/1526 1518/1518
f 1519/1519 1527/1527 1526/1526
f 1526/1526 1527/1527 1528/1528
f 1528/1528 1527/1527 1529/1529
f 1530/1530 1528/1528 1529/1529
f 1528/1528 1530/1530 1531/1531
f 1518/1518 1526/1526 1532/1532
f 1532/1532 1523/1523 1518/1518
f 1532/1532 1526/1526 1528/1528
f 1533/1533 1532/1532 1528/1528
f 1525/1525 1523/1523 1534/1534
f 1534/1534 1523/1523 1532/1532
f 1534/1534 1535/1535 1525/1525
f 1536/1536 1535/1535 1534/1534
f 1537/1537 1534/1534 1532/1532
f 1534/1534 1537/1537 1536/1536
f 1532/1532 1533/1533 1537/1537
f 1536/1536 1537/1537 1538/1538
f 1537/1537 1539/1539 1538/1538
f 1537/1537 1533/1533 1539/1539
f 1540/1540 1538/1538 1539/1539
f 1541/1541 1528/1528 1531/1531
f 1531/1531 1542/1542 1541/1541
f 1543/1543 1540/1540 1539/1539
f 1540/1540 1543/1543 1544/1544
f 1544/1544 1543/1543 1545/1545
f 1545/1545 1543/1543 1546/1546
f 1547/1547 1545/1545 1546/1546
f 1548/1548 1547/1547 1546/1546
f 1546/1546 1549/1549 1548/1548
f 1546/1546 1550/1550 1549/1549
f 1543/1543 1539/1539 1551/1551
f 1533/1533 1551/1551 1539/1539
f 1552/1552 1543/1543 1551/1551
f 1543/1543 1552/1552 1546/1546
f 1551/1551 1533/1533 1553/1553
f 1553/1553 1533/1533 1554/1554
f 1554/1554 1533/1533 1555/1555
f 1533/1533 1528/1528 1555/1555
f 1555/1555 1528/1528 1541/1541
f 1556/1556 1555/1555 1541/1541
f 1551/1551 1557/1557 1552/1552
f 1556/1556 1541/1541 1558/1558
f 1557/1557 1559/1559 1552/1552
f 1546/1546 1552/1552 1559/1559
f 1560/1560 1559/1559 1557/1557
f 1561/1561 1559/1559 1560/1560
f 1561/1561 1562/1562 1559/1559
f 1546/1546 1559/1559 1562/1562
f 1558/1558 1541/1541 1563/1563
f 1541/1541 1542/1542 1563/1563
f 1564/1564 1558/1558 1563/1563
f 1563/1563 1542/1542 1565/1565
f 1564/1564 1563/1563 1565/1565
f 1566/1566 1546/1546 1562/1562
f 1567/1567 1566/1566 1562/1562
f 1566/1566 1550/1550 1546/1546
f 1550/1550 1566/1566 1568/1568
f 1569/1569 1564/1564 1565/1565
f 1565/1565 1570/1570 1569/1569
f 1571/1571 1564/1564 1569/1569
f 1572/1572 1571/1571 1569/1569
f 1575/1575 1574/1574 1573/1573
f 1575/1575 1573/1573 1576/1576
f 1577/1577 1576/1576 1573/1573
f 1578/1578 1576/1576 1577/1577
f 1579/1579 1576/1576 1578/1578
f 1580/1580 1579/1579 1578/1578
f 1578/1578 1581/1581 1580/1580
f 1582/1582 1579/1579 1580/1580
f 1581/1581 1582/1582 1580/1580
f 1583/1583 1582/1582 1581/1581
f 1584/1584 1582/1582 1583/1583
f 1585/1585 1584/1584 1583/1583
f 1586/1586 1584/1584 1585/1585
f 1587/1587 1586/1586 1585/1585
f 1588/1588 1586/1586 1587/1587
f 1589/1589 1586/1586 1588/1588
f 1588/1588 1590/1590 1589/1589
f 1590/1590 1591/1591 1589/1589
f 1592/1592 1589/1589 1591/1591
f 1593/1593 1589/1589 1592/1592
f 1594/1594 1593/1593 1592/1592
f 1595/1595 1593/1593 1594/1594
f 1596/1596 1595/1595 1594/1594
f 1595/1595 1596/1596 1597/1597
f 1595/1595 1597/1597 1598/1598
f 1599/1599 1595/1595 1598/1598
f 1600/1600 1595/1595 1599/1599
f 1601/1601 1595/1595 1600/1600
f 1602/1602 1595/1595 1601/1601
f 1602/1602 1601/1601 1603/1603
f 1601/1601 1604/1604 1603/1603
f 1605/1605 1602/1602 1603/1603
f 1605/1605 1606/1606 1602/1602
f 1602/1602 1606/1606 1607/1607
f 1606/1606 1608/1608 1607/1607
f 1607/1607 1608/1608 1609/1609
f 1608/1608 1610/1610 1609/1609
f 1610/1610 1611/1611 1609/1609
f 1612/1612 1611/1611 1610/1610
f 1613/1613 1611/1611 1612/1612
f 1614/1614 1613/1613 1612/1612
f 1615/1615 1613/1613 1614/1614
f 1616/1616 1615/1615 1614/1614
f 1617/1617 1615/1615 1616/1616
f 1616/1616 1618/1618 1617/1617
f 1619/1619 1617/1617 1618/1618
f 1620/1620 1617/1617 1619/1619
f 1621/1621 1620/1620 1619/1619
f 1622/1622 1620/1620 1621/1621
f 1622/1622 1623/1623 1620/1620
f 1624/1624 1623/1623 1622/1622
f 1625/1625 1623/1623 1624/1624
f 1626/1626 1625/1625 1624/1624
f 1626/1626 1624/1624 1627/1627
f 1630/1630 1629/1629 1628/1628
f 1630/1630 1628/1628 1631/1631
f 1632/1632 1631/1631 1628/1628
f 1633/1633 1630/1630 1631/1631
f 1631/1631 1632/1632 1634/1634
f 1632/1632 1635/1635 1634/1634
f 1635/1635 1636/1636 1634/1634
f 1637/1637 1636/1636 1635/1635
f 1630/1630 1633/1633 1638/1638
f 1633/1633 1639/1639 1638/1638
f 1640/1640 1638/1638 1639/1639
f 1641/1641 1638/1638 1640/1640
f 1642/1642 1641/1641 1640/1640
f 1642/1642 1640/1640 1643/1643
f 1642/1642 1643/1643 1644/1644
f 1644/1644 1645/1645 1642/1642
f 1642/1642 1645/1645 1646/1646
f 1642/1642 1647/1647 1641/1641
f 1648/1648 1647/1647 1642/1642
f 1641/1641 1647/1647 1649/1649
f 1650/1650 1649/1649 1647/1647
f 1651/1651 1650/1650 1647/1647
f 1651/1651 1652/1652 1650/1650
f 1650/1650 1652/1652 1653/1653
f 1653/1653 1652/1652 1654/1654
f 1653/1653 1654/1654 1655/1655
f 1654/1654 1656/1656 1655/1655
f 1655/1655 1656/1656 1657/1657
f 1656/1656 1658/1658 1657/1657
f 1658/1658 1659/1659 1657/1657
f 1657/1657 1659/1659 1660/1660
f 1661/1661 1657/1657 1660/1660
f 1662/1662 1657/1657 1661/1661
f 1663/1663 1662/1662 1661/1661
f 1662/1662 1663/1663 1664/1664
f 1662/1662 1664/1664 1665/1665
f 1664/1664 1666/1666 1665/1665
f 1666/1666 1667/1667 1665/1665
f 1665/1665 1667/1667 1668/1668
f 1667/1667 1669/1669 1668/1668
f 1668/1668 1669/1669 1670/1670
f 1669/1669 1671/1671 1670/1670
f 1670/1670 1671/1671 1672/1672
f 1672/1672 1671/1671 1673/1673
f 1674/1674 1672/1672 1673/1673
f 1675/1675 1672/1672 1674/1674
f 1676/1676 1675/1675 1674/1674
f 1677/1677 1676/1676 1674/1674
f 1678/1678 1676/1676 1677/1677
f 1679/1679 1676/1676 1678/1678
f 1680/1680 1679/1679 1678/1678
f 1681/1681 1679/1679 1680/1680
f 1681/1681 1682/1682 1679/1679
f 1682/1682 1683/1683 1679/1679
f 1679/1679 1683/1683 1684/1684
f 1684/1684 1683/1683 1685/1685
f 1683/1683 1686/1686 1685/1685
f 1686/1686 1687/1687 1685/1685
f 1688/1688 1687/1687 1686/1686
f 1686/1686 1689/1689 1688/1688
f 1688/1688 1689/1689 1690/1690
f 1689/1689 1691/1691 1690/1690
f 1691/1691 1692/1692 1690/1690
f 1695/1695 1694/1694 1693/1693
f 1696/1696 1695/1695 1693/1693
f 1697/1697 1695/1695 1696/1696
f 1698/1698 1696/1696 1693/1693
f 1699/1699 1697/1697 1696/1696
f 1696/1696 1698/1698 1699/1699
f 1699/1699 1698/1698 1700/1700
f 1701/1701 1699/1699 1700/1700
f 1701/1701 1700/1700 1702/1702
f 1702/1702 1700/1700 1703/1703
f 1703/1703 1704/1704 1702/1702
f 1705/1705 1704/1704 1703/1703
f 1706/1706 1705/1705 1703/1703
f 1705/1705 1706/1706 1707/1707
f 1710/1710 1709/1709 1708/1708
f 1709/1709 1711/1711 1708/1708
f 1712/1712 1711/1711 1709/1709
f 1713/1713 1712/1712 1709/1709
f 1714/1714 1712/1712 1713/1713
f 1714/1714 1713/1713 1715/1715
f 1713/1713 1716/1716 1715/1715
f 1716/1716 1717/1717 1715/1715
f 1717/1717 1718/1718 1715/1715
f 1715/1715 1718/1718 1719/1719
f 1718/1718 1720/1720 1719/1719
f 1719/1719 1720/1720 1721/1721
f 1720/1720 1722/1722 1721/1721
f 1723/1723 1721/1721 1722/1722
f 1723/1723 1722/1722 1724/1724
f 1727/1727 1726/1726 1725/1725
f 1725/1725 1728/1728 1727/1727
f 1729/1729 1728/1728 1725/1725
f 1730/1730 1728/1728 1729/1729
f 1730/1730 1729/1729 1731/1731
f 1729/1729 1732/1732 1731/1731
f 1733/1733 1728/1728 1730/1730
f 1728/1728 1734/1734 1727/1727
f 1734/1734 1728/1728 1733/1733
f 1735/1735 1727/1727 1734/1734
f 1736/1736 1734/1734 1733/1733
f 1736/1736 1735/1735 1734/1734
f 1730/1730 1731/1731 1737/1737
f 1730/1730 1737/1737 1733/1733
f 1735/1735 1738/1738 1727/1727
f 1727/1727 1738/1738 1739/1739
f 1731/1731 1732/1732 1740/1740
f 1731/1731 1741/1741 1737/1737
f 1741/1741 1731/1731 1740/1740
f 1733/1733 1737/1737 1742/1742
f 1737/1737 1741/1741 1743/1743
f 1742/1742 1737/1737 1743/1743
f 1733/1733 1744/1744 1736/1736
f 1744/1744 1733/1733 1742/1742
f 1740/1740 1745/1745 1741/1741
f 1741/1741 1745/1745 1743/1743
f 1738/1738 1735/1735 1746/1746
f 1747/1747 1738/1738 1746/1746
f 1738/1738 1747/1747 1748/1748
f 1747/1747 1749/1749 1748/1748
f 1750/1750 1749/1749 1747/1747
f 1751/1751 1750/1750 1747/1747
f 1747/1747 1746/1746 1752/1752
f 1747/1747 1752/1752 1753/1753
f 1747/1747 1753/1753 1751/1751
f 1751/1751 1753/1753 1754/1754
f 1753/1753 1755/1755 1754/1754
f 1753/1753 1752/1752 1755/1755
f 1754/1754 1755/1755 1756/1756
f 1756/1756 1755/1755 1757/1757
f 1755/1755 1758/1758 1757/1757
f 1752/1752 1758/1758 1755/1755
f 1757/1757 1758/1758 1759/1759
f 1758/1758 1760/1760 1759/1759
f 1759/1759 1760/1760 1761/1761
f 1760/1760 1762/1762 1761/1761
f 1760/1760 1758/1758 1763/1763
f 1760/1760 1763/1763 1762/1762
f 1763/1763 1758/1758 1752/1752
f 1763/1763 1764/1764 1762/1762
f 1762/1762 1764/1764 1765/1765
f 1765/1765 1764/1764 1766/1766
f 1765/1765 1766/1766 1767/1767
f 1764/1764 1768/1768 1766/1766
f 1769/1769 1766/1766 1768/1768
f 1767/1767 1766/1766 1769/1769
f 1768/1768 1770/1770 1769/1769
f 1769/1769 1770/1770 1771/1771
f 1770/1770 1772/1772 1771/1771
f 1773/1773 1772/1772 1770/1770
f 1770/1770 1768/1768 1773/1773
f 1772/1772 1773/1773 1774/1774
f 1773/1773 1768/1768 1775/1775
f 1774/1774 1773/1773 1775/1775
f 1776/1776 1772/1772 1774/1774
f 1776/1776 1774/1774 1777/1777
f 1774/1774 1778/1778 1777/1777
f 1778/1778 1774/1774 1779/1779
f 1779/1779 1774/1774 1780/1780
f 1774/1774 1775/1775 1780/1780
f 1780/1780 1781/1781 1779/1779
f 1780/1780 1782/1782 1781/1781
f 1782/1782 1783/1783 1781/1781
f 1784/1784 1783/1783 1782/1782
f 1785/1785 1782/1782 1780/1780
f 1744/1744 1784/1784 1782/1782
f 1785/1785 1744/1744 1782/1782
f 1785/1785 1780/1780 1736/1736
f 1736/1736 1744/1744 1785/1785
f 1780/1780 1775/1775 1736/1736
f 1784/1784 1744/1744 1742/1742
f 1784/1784 1742/1742 1786/1786
f 1786/1786 1742/1742 1787/1787
f 1787/1787 1788/1788 1786/1786
f 1787/1787 1789/1789 1788/1788
f 1743/1743 1787/1787 1742/1742
f 1790/1790 1787/1787 1743/1743
f 1791/1791 1790/1790 1743/1743
f 1791/1791 1743/1743 1745/1745
f 1787/1787 1792/1792 1789/1789
f 1787/1787 1790/1790 1792/1792
f 1792/1792 1793/1793 1789/1789
f 1790/1790 1793/1793 1792/1792
f 1794/1794 1793/1793 1790/1790
f 1795/1795 1794/1794 1790/1790
f 1795/1795 1796/1796 1794/1794
f 1797/1797 1795/1795 1790/1790
f 1798/1798 1797/1797 1790/1790
f 1798/1798 1790/1790 1791/1791
f 1799/1799 1795/1795 1797/1797
f 1795/1795 1800/1800 1796/1796
f 1799/1799 1800/1800 1795/1795
f 1799/1799 1801/1801 1800/1800
f 1802/1802 1799/1799 1797/1797
f 1800/1800 1801/1801 1803/1803
f 1800/1800 1803/1803 1796/1796
f 1804/1804 1802/1802 1797/1797
f 1796/1796 1803/1803 1805/1805
f 1797/1797 1806/1806 1804/1804
f 1803/1803 1807/1807 1805/1805
f 1808/1808 1806/1806 1797/1797
f 1809/1809 1808/1808 1797/1797
f 1810/1810 1808/1808 1809/1809
f 1807/1807 1811/1811 1805/1805
f 1805/1805 1811/1811 1812/1812
f 1813/1813 1811/1811 1807/1807
f 1814/1814 1809/1809 1797/1797
f 1814/1814 1797/1797 1798/1798
f 1809/1809 1814/1814 1815/1815
f 1815/1815 1814/1814 1798/1798
f 1816/1816 1809/1809 1815/1815
f 1817/1817 1816/1816 1815/1815
f 1798/1798 1817/1817 1815/1815
f 1818/1818 1809/1809 1816/1816
f 1798/1798 1819/1819 1817/1817
f 1819/1819 1820/1820 1817/1817
f 1798/1798 1791/1791 1819/1819
f 1821/1821 1809/1809 1818/1818
f 1822/1822 1821/1821 1818/1818
f 1820/1820 1819/1819 1823/1823
f 1820/1820 1823/1823 1824/1824
f 1825/1825 1824/1824 1823/1823
f 1819/1819 1791/1791 1826/1826
f 1823/1823 1819/1819 1826/1826
f 1791/1791 1745/1745 1826/1826
f 1826/1826 1745/1745 1823/1823
f 1823/1823 1745/1745 1740/1740
f 1823/1823 1740/1740 1825/1825
f 1827/1827 1825/1825 1740/1740
f 1827/1827 1828/1828 1825/1825
f 1827/1827 1740/1740 1732/1732
f 1732/1732 1829/1829 1827/1827
f 1830/1830 1829/1829 1732/1732
f 1831/1831 1829/1829 1830/1830
f 1831/1831 1830/1830 1832/1832
f 1830/1830 1833/1833 1832/1832
f 1832/1832 1833/1833 1834/1834
f 1835/1835 1832/1832 1834/1834
f 1834/1834 1836/1836 1835/1835
f 1837/1837 1835/1835 1836/1836
f 1838/1838 1835/1835 1837/1837
f 1837/1837 1839/1839 1838/1838
f 1840/1840 1838/1838 1839/1839
f 1843/1843 1842/1842 1841/1841
f 1843/1843 1844/1844 1842/1842
f 1842/1842 1844/1844 1845/1845
f 1845/1845 1846/1846 1842/1842
f 1842/1842 1846/1846 1847/1847
f 1846/1846 1848/1848 1847/1847
f 1848/1848 1849/1849 1847/1847
f 1846/1846 1850/1850 1848/1848
f 1850/1850 1851/1851 1848/1848
f 1848/1848 1851/1851 1849/1849
f 1850/1850 1846/1846 1852/1852
f 1846/1846 1845/1845 1852/1852
f 1851/1851 1853/1853 1849/1849
f 1852/1852 1845/1845 1854/1854
f 1854/1854 1855/1855 1852/1852
f 1845/1845 1856/1856 1854/1854
f 1854/1854 1856/1856 1857/1857
f 1849/1849 1853/1853 1858/1858
f 1858/1858 1859/1859 1849/1849
f 1858/1858 1853/1853 1860/1860
f 1858/1858 1860/1860 1859/1859
f 1861/1861 1859/1859 1860/1860
f 1861/1861 1860/1860 1862/1862
f 1863/1863 1861/1861 1862/1862
f 1864/1864 1863/1863 1862/1862
f 1865/1865 1863/1863 1864/1864
f 1864/1864 1866/1866 1865/1865
f 1865/1865 1866/1866 1867/1867
f 1867/1867 1866/1866 1868/1868
f 1866/1866 1869/1869 1868/1868
f 1868/1868 1869/1869 1870/1870
f 1870/1870 1869/1869 1871/1871
f 1872/1872 1871/1871 1869/1869
f 1872/1872 1873/1873 1871/1871
f 1874/1874 1871/1871 1873/1873
f 1875/1875 1874/1874 1873/1873
f 1876/1876 1874/1874 1875/1875
f 1877/1877 1876/1876 1875/1875
f 1877/1877 1878/1878 1876/1876
f 1879/1879 1878/1878 1877/1877
f 1876/1876 1878/1878 1880/1880
f 1881/1881 1880/1880 1878/1878
f 1882/1882 1880/1880 1881/1881
f 1883/1883 1882/1882 1881/1881
f 1884/1884 1882/1882 1883/1883
f 1884/1884 1883/1883 1885/1885
f 1884/1884 1886/1886 1882/1882
f 1886/1886 1887/1887 1882/1882
f 1887/1887 1888/1888 1882/1882
f 1882/1882 1888/1888 1889/1889
f 1889/1889 1888/1888 1890/1890
f 1883/1883 1891/1891 1885/1885
f 1892/1892 1889/1889 1890/1890
f 1893/1893 1885/1885 1891/1891
f 1894/1894 1892/1892 1890/1890
f 1893/1893 1891/1891 1895/1895
f 1895/1895 1891/1891 1896/1896
f 1897/1897 1893/1893 1895/1895
f 1898/1898 1897/1897 1895/1895
f 1898/1898 1899/1899 1897/1897
f 1900/1900 1899/1899 1898/1898
f 1901/1901 1899/1899 1900/1900
f 1902/1902 1901/1901 1900/1900
f 1903/1903 1901/1901 1902/1902
f 1904/1904 1903/1903 1902/1902
f 1905/1905 1903/1903 1904/1904
f 1906/1906 1892/1892 1894/1894
f 1894/1894 1907/1907 1906/1906
f 1906/1906 1908/1908 1892/1892
f 1909/1909 1906/1906 1907/1907
f 1908/1908 1906/1906 1910/1910
f 1911/1911 1906/1906 1909/1909
f 1910/1910 1906/1906 1912/1912
f 1912/1912 1906/1906 1913/1913
f 1913/1913 1906/1906 1914/1914
f 1911/1911 1915/1915 1906/1906
f 1906/1906 1916/1916 1914/1914
f 1915/1915 1916/1916 1906/1906
f 1917/1917 1916/1916 1915/1915
f 1918/1918 1905/1905 1904/1904
f 1919/1919 1918/1918 1904/1904
f 1905/1905 1918/1918 1920/1920
f 1920/1920 1918/1918 1919/1919
f 1921/1921 1920/1920 1919/1919
f 1922/1922 1920/1920 1921/1921
f 1923/1923 1922/1922 1921/1921
f 1924/1924 1923/1923 1921/1921
f 1925/1925 1923/1923 1924/1924
f 1926/1926 1925/1925 1924/1924
f 1927/1927 1925/1925 1926/1926
f 1928/1928 1927/1927 1926/1926
f 1929/1929 1927/1927 1928/1928
f 1930/1930 1929/1929 1928/1928
f 1929/1929 1930/1930 1931/1931
f 1931/1931 1930/1930 1932/1932
f 1932/1932 1933/1933 1931/1931
f 1931/1931 1933/1933 1856/1856
f 1856/1856 1933/1933 1857/1857
f 1934/1934 1857/1857 1933/1933
f 1935/1935 1857/1857 1934/1934
f 1934/1934 1936/1936 1935/1935
f 1939/1939 1938/1938 1937/1937
f 1937/1937 1938/1938 1940/1940
f 1937/1937 1940/1940 1941/1941
f 1940/1940 1942/1942 1941/1941
f 1941/1941 1942/1942 1943/1943
f 1946/1946 1945/1945 1944/1944
f 1947/1947 1944/1944 1945/1945
f 1948/1948 1947/1947 1945/1945
f 1951/1951 1950/1950 1949/1949
f 1952/1952 1950/1950 1951/1951
f 1953/1953 1950/1950 1952/1952
f 1951/1951 1954/1954 1952/1952
f 1955/1955 1954/1954 1951/1951
f 1954/1954 1956/1956 1952/1952
f 1957/1957 1953/1953 1952/1952
f 1952/1952 1956/1956 1958/1958
f 1959/1959 1953/1953 1957/1957
f 1958/1958 1956/1956 1960/1960
f 1961/1961 1959/1959 1957/1957
f 1961/1961 1962/1962 1959/1959
f 1961/1961 1963/1963 1962/1962
f 1964/1964 1963/1963 1961/1961
f 1964/1964 1961/1961 1965/1965
f 1961/1961 1966/1966 1965/1965
f 1967/1967 1966/1966 1961/1961
f 1966/1966 1967/1967 1968/1968
f 1968/1968 1969/1969 1966/1966
f 1970/1970 1969/1969 1968/1968
f 1970/1970 1968/1968 1971/1971
f 1972/1972 1970/1970 1971/1971
f 1972/1972 1973/1973 1970/1970
f 1973/1973 1972/1972 1974/1974
f 1975/1975 1974/1974 1972/1972
f 1976/1976 1974/1974 1975/1975
f 1977/1977 1974/1974 1976/1976
f 1976/1976 1978/1978 1977/1977
f 1977/1977 1978/1978 1979/1979
f 1978/1978 1980/1980 1979/1979
f 1981/1981 1980/1980 1978/1978
f 1984/1984 1983/1983 1982/1982
f 1982/1982 1985/1985 1984/1984
f 1986/1986 1985/1985 1982/1982
f 1987/1987 1985/1985 1986/1986
f 1986/1986 1988/1988 1987/1987
f 1986/1986 1989/1989 1988/1988
f 1988/1988 1989/1989 1990/1990
f 1993/1993 1992/1992 1991/1991
f 1994/1994 1993/1993 1991/1991
f 1991/1991 1995/1995 1994/1994
f 1995/1995 1996/1996 1994/1994
f 1997/1997 1996/1996 1995/1995
f 2000/2000 1999/1999 1998/1998
f 2001/2001 1998/1998 1999/1999
f 2002/2002 2001/2001 1999/1999
f 2002/2002 2003/2003 2001/2001
f 2006/2006 2005/2005 2004/2004
f 2006/2006 2007/2007 2005/2005
f 2005/2005 2007/2007 2008/2008
f 2007/2007 2009/2009 2008/2008
f 2007/2007 2010/2010 2009/2009
f 2009/2009 2010/2010 2011/2011
f 2009/2009 2012/2012 2008/2008
f 2012/2012 2013/2013 2008/2008
f 2014/2014 2013/2013 2012/2012
f 2014/2014 2012/2012 2015/2015
f 2009/2009 2011/2011 2016/2016
f 2012/2012 2009/2009 2016/2016
f 2015/2015 2012/2012 2016/2016
f 2011/2011 2017/2017 2016/2016
f 2017/2017 2018/2018 2016/2016
f 2019/2019 2015/2015 2016/2016
f 2016/2016 2018/2018 2019/2019
f 2019/2019 2020/2020 2015/2015
f 2021/2021 2020/2020 2019/2019
f 2018/2018 2022/2022 2019/2019
f 2023/2023 2021/2021 2019/2019
f 2019/2019 2022/2022 2023/2023
f 2024/2024 2021/2021 2023/2023
f 2025/2025 2023/2023 2022/2022
f 2025/2025 2024/2024 2023/2023
f 2026/2026 2025/2025 2022/2022
f 2027/2027 2024/2024 2025/2025
f 2028/2028 2025/2025 2026/2026
f 2027/2027 2025/2025 2028/2028
f 2029/2029 2028/2028 2026/2026
f 2030/2030 2027/2027 2028/2028
f 2031/2031 2028/2028 2029/2029
f 2031/2031 2030/2030 2028/2028
f 2032/2032 2031/2031 2029/2029
f 2033/2033 2030/2030 2031/2031
f 2033/2033 2031/2031 2032/2032
f 2033/2033 2034/2034 2030/2030
f 2035/2035 2034/2034 2033/2033
f 2033/2033 2032/2032 2036/2036
f 2036/2036 2035/2035 2033/2033
f 2032/2032 2037/2037 2036/2036
f 2038/2038 2035/2035 2036/2036
f 2036/2036 2037/2037 2038/2038
f 2038/2038 2039/2039 2035/2035
f 2040/2040 2038/2038 2037/2037
f 2041/2041 2039/2039 2038/2038
f 2042/2042 2038/2038 2040/2040
f 2042/2042 2041/2041 2038/2038
f 2043/2043 2042/2042 2040/2040
f 2044/2044 2041/2041 2042/2042
f 2045/2045 2042/2042 2043/2043
f 2042/2042 2045/2045 2044/2044
f 2045/2045 2043/2043 2046/2046
f 2044/2044 2045/2045 2046/2046
f 2046/2046 2047/2047 2044/2044
f 2043/2043 2048/2048 2046/2046
f 2049/2049 2047/2047 2046/2046
f 2046/2046 2048/2048 2050/2050
f 2046/2046 2050/2050 2049/2049
f 2048/2048 2051/2051 2050/2050
f 2049/2049 2050/2050 2052/2052
f 2050/2050 2051/2051 2053/2053
f 2050/2050 2053/2053 2052/2052
f 2052/2052 2053/2053 2054/2054
f 2051/2051 2055/2055 2053/2053
f 2053/2053 2056/2056 2054/2054
f 2053/2053 2055/2055 2056/2056
f 2056/2056 2057/2057 2054/2054
f 2056/2056 2055/2055 2058/2058
f 2058/2058 2057/2057 2056/2056
f 2058/2058 2059/2059 2057/2057
f 2055/2055 2060/2060 2058/2058
f 2059/2059 2058/2058 2061/2061
f 2058/2058 2060/2060 2062/2062
f 2061/2061 2058/2058 2062/2062
f 2063/2063 2061/2061 2062/2062
f 2062/2062 2060/2060 2064/2064
f 2062/2062 2065/2065 2063/2063
f 2062/2062 2064/2064 2065/2065
f 2064/2064 2066/2066 2065/2065
f 2069/2069 2068/2068 2067/2067
f 2070/2070 2068/2068 2069/2069
f 2071/2071 2070/2070 2069/2069
f 2072/2072 2071/2071 2069/2069
f 2075/2075 2074/2074 2073/2073
f 2075/2075 2076/2076 2074/2074
f 2074/2074 2076/2076 2077/2077
f 2080/2080 2079/2079 2078/2078
f 2081/2081 2080/2080 2078/2078
f 2082/2082 2080/2080 2081/2081
f 2081/2081 2083/2083 2082/2082
f 2084/2084 2083/2083 2081/2081
f 2085/2085 2084/2084 2081/2081
f 2088/2088 2087/2087 2086/2086
f 2087/2087 2088/2088 2089/2089
f 2087/2087 2089/2089 2090/2090
f 2089/2089 2088/2088 2091/2091
f 2089/2089 2092/2092 2090/2090
f 2088/2088 2093/2093 2091/2091
f 2092/2092 2094/2094 2090/2090
f 2091/2091 2093/2093 2095/2095
f 2096/2096 2094/2094 2092/2092
f 2095/2095 2093/2093 2097/2097
f 2098/2098 2094/2094 2096/2096
f 2099/2099 2095/2095 2097/2097
f 2100/2100 2098/2098 2096/2096
f 2101/2101 2098/2098 2100/2100
f 2102/2102 2101/2101 2100/2100
f 2103/2103 2099/2099 2097/2097
f 2104/2104 2099/2099 2103/2103
f 2105/2105 2104/2104 2103/2103
f 2106/2106 2101/2101 2102/2102
f 2107/2107 2105/2105 2103/2103
f 2108/2108 2105/2105 2107/2107
f 2102/2102 2109/2109 2106/2106
f 2109/2109 2108/2108 2107/2107
f 2106/2106 2109/2109 2107/2107
f 2106/2106 2107/2107 2110/2110
f 2113/2113 2112/2112 2111/2111
f 2111/2111 2114/2114 2113/2113
f 2113/2113 2114/2114 2115/2115
f 2115/2115 2114/2114 2116/2116
f 2114/2114 2117/2117 2116/2116
f 2120/2120 2119/2119 2118/2118
f 2121/2121 2120/2120 2118/2118
f 2120/2120 2121/2121 2122/2122
f 2121/2121 2123/2123 2122/2122
f 2124/2124 2122/2122 2123/2123
f 2125/2125 2124/2124 2123/2123
f 2122/2122 2124/2124 2126/2126
f 2126/2126 2124/2124 2125/2125
f 2127/2127 2126/2126 2125/2125
f 2128/2128 2126/2126 2127/2127
f 2129/2129 2128/2128 2127/2127
f 2130/2130 2128/2128 2129/2129
f 2129/2129 2131/2131 2130/2130
f 2130/2130 2131/2131 2132/2132
f 2133/2133 2132/2132 2131/2131
f 2134/2134 2132/2132 2133/2133
f 2135/2135 2132/2132 2134/2134
f 2136/2136 2135/2135 2134/2134
f 2133/2133 2137/2137 2134/2134
f 2136/2136 2134/2134 2137/2137
f 2133/2133 2138/2138 2137/2137
f 2137/2137 2138/2138 2139/2139
f 2137/2137 2140/2140 2136/2136
f 2139/2139 2140/2140 2137/2137
f 2136/2136 2140/2140 2141/2141
f 2142/2142 2140/2140 2139/2139
f 2142/2142 2141/2141 2140/2140
f 2142/2142 2143/2143 2141/2141
f 2146/2146 2145/2145 2144/2144
f 2147/2147 2145/2145 2146/2146
f 2148/2148 2147/2147 2146/2146
f 2149/2149 2147/2147 2148/2148
f 2149/2149 2148/2148 2150/2150
f 2151/2151 2150/2150 2148/2148
f 2152/2152 2150/2150 2151/2151
f 2151/2151 2153/2153 2152/2152
f 2154/2154 2152/2152 2153/2153
f 2155/2155 2152/2152 2154/2154
f 2156/2156 2155/2155 2154/2154
f 2157/2157 2155/2155 2156/2156
f 2158/2158 2157/2157 2156/2156
f 2159/2159 2157/2157 2158/2158
f 2160/2160 2157/2157 2159/2159
f 2161/2161 2160/2160 2159/2159
f 2162/2162 2160/2160 2161/2161
f 2161/2161 2163/2163 2162/2162
f 2162/2162 2163/2163 2164/2164
f 2167/2167 2166/2166 2165/2165
f 2168/2168 2167/2167 2165/2165
f 2171/2171 2170/2170 2169/2169
f 2172/2172 2171/2171 2169/2169
f 2172/2172 2173/2173 2171/2171
f 2176/2176 2175/2175 2174/2174
f 2175/2175 2177/2177 2174/2174
f 2178/2178 2177/2177 2175/2175
f 2179/2179 2177/2177 2178/2178
f 2180/2180 2179/2179 2178/2178
f 2183/2183 2182/2182 2181/2181
f 2182/2182 2184/2184 2181/2181
f 2181/2181 2184/2184 2185/2185
f 2184/2184 2186/2186 2185/2185
f 2187/2187 2185/2185 2186/2186
f 2188/2188 2187/2187 2186/2186
f 2191/2191 2190/2190 2189/2189
f 2190/2190 2191/2191 2192/2192
f 2191/2191 2193/2193 2192/2192
f 2196/2196 2195/2195 2194/2194
f 2197/2197 2195/2195 2196/2196
f 2198/2198 2195/2195 2197/2197
f 2199/2199 2198/2198 2197/2197
f 2200/2200 2198/2198 2199/2199
f 2200/2200 2199/2199 2201/2201
f 2204/2204 2203/2203 2202/2202
f 2203/2203 2205/2205 2202/2202
f 2203/2203 2206/2206 2205/2205
f 2205/2205 2206/2206 2207/2207
f 2207/2207 2206/2206 2208/2208
f 2209/2209 2207/2207 2208/2208
f 2210/2210 2209/2209 2208/2208
f 2208/2208 2211/2211 2210/2210
f 2212/2212 2209/2209 2210/2210
f 2213/2213 2209/2209 2212/2212
f 2212/2212 2214/2214 2213/2213
f 2215/2215 2214/2214 2212/2212
f 2211/2211 2216/2216 2210/2210
f 2210/2210 2216/2216 2212/2212
f 2212/2212 2216/2216 2215/2215
f 2217/2217 2216/2216 2211/2211
f 2216/2216 2217/2217 2215/2215
f 2215/2215 2217/2217 2218/2218
f 2218/2218 2217/2217 2219/2219
f 1423/1423 2218/2218 2219/2219
f 1423/1423 1421/1421 2218/2218
f 2218/2218 2220/2220 2215/2215
f 2218/2218 1421/1421 2220/2220
f 2221/2221 2220/2220 1421/1421
f 2222/2222 2220/2220 2221/2221
f 2225/2225 2224/2224 2223/2223
f 2225/2225 2223/2223 2226/2226
f 2229/2229 2228/2228 2227/2227
f 2229/2229 2230/2230 2228/2228
f 2230/2230 2229/2229 2231/2231
f 2232/2232 2230/2230 2231/2231
f 2233/2233 2231/2231 2229/2229
f 2232/2232 2231/2231 2234/2234
f 2234/2234 2231/2231 2233/2233
f 2235/2235 2234/2234 2233/2233
f 2235/2235 2233/2233 2236/2236
f 2234/2234 2235/2235 2237/2237
f 2238/2238 2235/2235 2236/2236
f 2237/2237 2235/2235 2238/2238
f 2241/2241 2240/2240 2239/2239
f 2242/2242 2241/2241 2239/2239
f 2245/2245 2244/2244 2243/2243
f 2244/2244 2246/2246 2243/2243
f 2243/2243 2246/2246 2247/2247
f 2246/2246 2248/2248 2247/2247
f 2249/2249 2247/2247 2248/2248
f 2248/2248 2250/2250 2249/2249
f 2249/2249 2250/2250 2251/2251
f 2250/2250 2252/2252 2251/2251
f 2251/2251 2252/2252 2253/2253
f 2252/2252 2254/2254 2253/2253
f 2255/2255 2253/2253 2254/2254
f 2256/2256 2253/2253 2255/2255
f 2257/2257 2256/2256 2255/2255
f 2258/2258 2256/2256 2257/2257
f 2259/2259 2258/2258 2257/2257
f 2260/2260 2258/2258 2259/2259
f 2261/2261 2260/2260 2259/2259
f 2262/2262 2261/2261 2259/2259
f 2265/2265 2264/2264 2263/2263
f 2266/2266 2265/2265 2263/2263
f 2269/2269 2268/2268 2267/2267
f 2270/2270 2268/2268 2269/2269
f 2271/2271 2270/2270 2269/2269
f 2272/2272 2270/2270 2271/2271
f 2271/2271 2273/2273 2272/2272
f 2272/2272 2273/2273 2274/2274
f 2273/2273 2275/2275 2274/2274
f 2274/2274 2275/2275 2276/2276
f 2277/2277 2276/2276 2275/2275
f 2278/2278 2276/2276 2277/2277
f 2277/2277 2279/2279 2278/2278
f 2278/2278 2279/2279 2280/2280
f 2283/2283 2282/2282 2281/2281
f 2284/2284 2282/2282 2283/2283
f 2287/2287 2286/2286 2285/2285
f 2288/2288 2286/2286 2287/2287
f 2291/2291 2290/2290 2289/2289
f 2292/2292 2290/2290 2291/2291
f 2293/2293 2290/2290 2292/2292
f 2293/2293 2292/2292 2294/2294
f 2294/2294 2292/2292 2295/2295
f 2294/2294 2295/2295 2296/2296
f 2297/2297 2294/2294 2296/2296
f 2298/2298 2297/2297 2296/2296
f 2299/2299 2298/2298 2296/2296
f 2299/2299 2300/2300 2298/2298
f 2301/2301 2300/2300 2299/2299
f 2299/2299 2302/2302 2301/2301
f 2301/2301 2302/2302 2303/2303
f 2304/2304 2303/2303 2302/2302
f 2305/2305 2303/2303 2304/2304
f 2306/2306 2303/2303 2305/2305
f 2305/2305 2307/2307 2306/2306
f 2308/2308 2306/2306 2307/2307
f 2307/2307 2305/2305 2309/2309
f 2310/2310 2306/2306 2308/2308
f 2305/2305 2311/2311 2309/2309
f 2312/2312 2310/2310 2308/2308
f 2313/2313 2310/2310 2312/2312
f 2314/2314 2313/2313 2312/2312
f 2315/2315 2314/2314 2312/2312
f 2316/2316 2314/2314 2315/2315
f 2309/2309 2311/2311 2317/2317
f 2311/2311 2318/2318 2317/2317
f 2317/2317 2318/2318 2319/2319
f 2320/2320 2317/2317 2319/2319
f 2321/2321 2320/2320 2319/2319
f 2324/2324 2323/2323 2322/2322
f 2322/2322 2323/2323 2325/2325
f 2322/2322 2325/2325 2326/2326
f 2326/2326 2325/2325 2327/2327
f 2325/2325 2328/2328 2327/2327
f 2327/2327 2328/2328 2329/2329
f 2328/2328 2330/2330 2329/2329
f 2330/2330 2331/2331 2329/2329
f 2331/2331 2330/2330 2332/2332
f 2333/2333 2331/2331 2332/2332
f 2333/2333 2334/2334 2331/2331
f 2333/2333 2335/2335 2334/2334
f 2332/2332 2336/2336 2333/2333
f 2337/2337 2335/2335 2333/2333
f 2336/2336 2338/2338 2333/2333
f 2339/2339 2337/2337 2333/2333
f 2340/2340 2338/2338 2336/2336
f 2339/2339 2341/2341 2337/2337
f 2340/2340 2342/2342 2338/2338
f 2343/2343 2342/2342 2340/2340
f 2344/2344 2343/2343 2340/2340
f 2345/2345 2344/2344 2340/2340
f 2346/2346 2344/2344 2345/2345
f 2347/2347 2341/2341 2339/2339
f 2348/2348 2346/2346 2345/2345
f 2346/2346 2348/2348 2349/2349
f 2349/2349 2348/2348 2350/2350
f 2348/2348 2351/2351 2350/2350
f 2350/2350 2351/2351 2352/2352
f 2351/2351 2353/2353 2352/2352
f 2352/2352 2353/2353 2354/2354
f 2353/2353 2355/2355 2354/2354
f 2356/2356 2347/2347 2339/2339
f 2356/2356 2339/2339 2357/2357
f 2357/2357 2339/2339 2358/2358
f 2359/2359 2356/2356 2357/2357
f 2360/2360 2359/2359 2357/2357
f 2361/2361 2359/2359 2360/2360
f 2362/2362 2361/2361 2360/2360
f 2363/2363 2361/2361 2362/2362
f 2364/2364 2363/2363 2362/2362
f 2365/2365 2363/2363 2364/2364
f 2366/2366 2365/2365 2364/2364
f 2365/2365 2366/2366 2367/2367
f 2366/2366 2368/2368 2367/2367
f 2367/2367 2368/2368 2369/2369
f 2368/2368 2370/2370 2369/2369
f 2371/2371 2366/2366 2364/2364
f 2364/2364 2372/2372 2371/2371
f 2372/2372 2373/2373 2371/2371
f 2373/2373 2374/2374 2371/2371
f 2373/2373 2375/2375 2374/2374
f 2370/2370 2376/2376 2369/2369
f 2370/2370 2377/2377 2376/2376
f 2376/2376 2377/2377 2378/2378
f 2322/2322 2376/2376 2378/2378
f 2377/2377 2379/2379 2378/2378
f 2378/2378 2379/2379 2380/2380
f 2383/2383 2382/2382 2381/2381
f 2383/2383 2381/2381 2384/2384
f 2385/2385 2383/2383 2384/2384
f 2388/2388 2387/2387 2386/2386
f 2386/2386 2387/2387 2389/2389
f 2390/2390 2386/2386 2389/2389
f 2391/2391 2386/2386 2390/2390
f 2392/2392 2391/2391 2390/2390
f 2393/2393 2391/2391 2392/2392
f 2389/2389 2387/2387 2394/2394
f 2394/2394 2387/2387 2395/2395
f 2395/2395 2387/2387 2396/2396
f 2387/2387 2397/2397 2396/2396
f 2396/2396 2397/2397 2398/2398
f 2397/2397 2399/2399 2398/2398
f 2398/2398 2399/2399 2400/2400
f 2399/2399 2401/2401 2400/2400
f 2400/2400 2401/2401 2402/2402
f 2401/2401 2403/2403 2402/2402
f 2404/2404 2393/2393 2392/2392
f 2405/2405 2393/2393 2404/2404
f 2406/2406 2405/2405 2404/2404
f 2407/2407 2406/2406 2404/2404
f 2408/2408 2406/2406 2407/2407
f 2402/2402 2403/2403 2409/2409
f 2409/2409 2408/2408 2407/2407
f 2403/2403 2410/2410 2409/2409
f 2410/2410 2408/2408 2409/2409
f 2413/2413 2412/2412 2411/2411
f 2412/2412 2414/2414 2411/2411
f 2414/2414 2415/2415 2411/2411
f 2411/2411 2415/2415 2416/2416
f 2417/2417 2411/2411 2416/2416
f 2417/2417 2418/2418 2411/2411
f 2418/2418 2419/2419 2411/2411
f 2419/2419 2420/2420 2411/2411
f 2411/2411 2420/2420 2421/2421
f 2422/2422 2411/2411 2421/2421
f 2422/2422 2423/2423 2411/2411
f 2411/2411 2423/2423 2424/2424
f 2424/2424 2425/2425 2411/2411
f 2425/2425 2426/2426 2411/2411
f 2426/2426 2427/2427 2411/2411
f 2428/2428 2411/2411 2427/2427
f 2429/2429 2411/2411 2428/2428
f 2430/2430 2411/2411 2429/2429
f 2431/2431 2411/2411 2430/2430
f 2431/2431 2432/2432 2411/2411
f 2432/2432 2433/2433 2411/2411
f 2433/2433 2434/2434 2411/2411
f 2437/2437 2436/2436 2435/2435
f 2435/2435 2436/2436 2438/2438
f 2439/2439 2438/2438 2436/2436
f 2440/2440 2438/2438 2439/2439
f 2441/2441 2440/2440 2439/2439
f 2442/2442 2441/2441 2439/2439
f 2443/2443 2441/2441 2442/2442
f 2444/2444 2441/2441 2443/2443
f 2445/2445 2444/2444 2443/2443
f 2446/2446 2444/2444 2445/2445
f 2447/2447 2446/2446 2445/2445
f 2448/2448 2446/2446 2447/2447
f 2447/2447 2449/2449 2448/2448
f 2448/2448 2449/2449 2450/2450
f 2449/2449 2451/2451 2450/2450
f 2450/2450 2451/2451 2452/2452
f 2455/2455 2454/2454 2453/2453
f 2455/2455 2453/2453 2456/2456
f 2456/2456 2453/2453 2457/2457
f 2453/2453 2458/2458 2457/2457
f 2457/2457 2458/2458 2459/2459
f 2458/2458 2460/2460 2459/2459
f 2459/2459 2460/2460 2461/2461
f 2460/2460 2462/2462 2461/2461
f 2461/2461 2462/2462 2463/2463
f 2462/2462 2464/2464 2463/2463
f 2463/2463 2464/2464 2465/2465
f 2464/2464 2466/2466 2465/2465
f 2465/2465 2466/2466 2467/2467
f 2466/2466 2468/2468 2467/2467
f 2467/2467 2468/2468 2469/2469
f 2468/2468 2470/2470 2469/2469
f 2469/2469 2470/2470 2471/2471
f 2470/2470 2472/2472 2471/2471
f 2471/2471 2472/2472 2473/2473
f 2472/2472 2474/2474 2473/2473
f 2473/2473 2474/2474 2475/2475
f 2474/2474 2476/2476 2475/2475
f 2475/2475 2476/2476 2477/2477
f 2476/2476 2478/2478 2477/2477
f 2477/2477 2478/2478 2479/2479
f 2478/2478 2480/2480 2479/2479
f 2479/2479 2480/2480 2481/2481
f 2480/2480 2482/2482 2481/2481
f 2481/2481 2482/2482 2483/2483
f 2482/2482 2484/2484 2483/2483
f 2483/2483 2484/2484 2485/2485
f 2484/2484 2486/2486 2485/2485
f 2485/2485 2486/2486 2487/2487
f 2486/2486 2488/2488 2487/2487
f 2491/2491 2490/2490 2489/2489
f 2490/2490 2492/2492 2489/2489
f 2489/2489 2492/2492 2493/2493
f 2493/2493 2494/2494 2489/2489
f 2494/2494 2495/2495 2489/2489
f 2489/2489 2495/2495 2496/2496
f 2496/2496 2497/2497 2489/2489
f 2497/2497 2498/2498 2489/2489
f 2489/2489 2498/2498 2499/2499
f 2499/2499 2500/2500 2489/2489
f 2500/2500 2501/2501 2489/2489
f 2489/2489 2501/2501 2502/2502
f 2502/2502 2503/2503 2489/2489
f 2503/2503 2504/2504 2489/2489
f 2489/2489 2504/2504 2505/2505
f 2506/2506 1958/1958 1960/1960
f 2506/2506 1960/1960 2507/2507
f 2507/2507 1960/1960 2508/2508
f 2509/2509 2507/2507 2508/2508
f 2510/2510 2507/2507 2509/2509
f 2511/2511 2507/2507 2510/2510
f 2512/2512 2511/2511 2510/2510
f 2513/2513 2512/2512 2510/2510
f 2514/2514 2512/2512 2513/2513
f 2515/2515 2514/2514 2513/2513
f 2516/2516 2514/2514 2515/2515
f 2517/2517 2516/2516 2515/2515
f 2518/2518 2512/2512 2514/2514
f 2514/2514 2516/2516 2518/2518
f 2519/2519 2516/2516 2517/2517
f 2520/2520 2519/2519 2517/2517
f 2521/2521 2519/2519 2520/2520
f 2518/2518 2516/2516 2522/2522
f 2516/2516 2519/2519 2522/2522
f 2523/2523 2519/2519 2521/2521
f 2522/2522 2519/2519 2524/2524
f 2519/2519 2523/2523 2524/2524
f 2525/2525 2523/2523 2521/2521
f 2526/2526 2525/2525 2521/2521
f 2527/2527 2525/2525 2526/2526
f 2528/2528 2527/2527 2526/2526
f 2523/2523 2525/2525 2529/2529
f 2525/2525 2527/2527 2529/2529
f 2530/2530 2527/2527 2528/2528
f 2531/2531 2530/2530 2528/2528
f 2532/2532 2530/2530 2531/2531
f 2533/2533 2530/2530 2532/2532
f 2534/2534 2533/2533 2532/2532
f 2527/2527 2530/2530 2535/2535
f 2529/2529 2527/2527 2535/2535
f 2536/2536 2533/2533 2534/2534
f 2534/2534 2537/2537 2536/2536
f 2536/2536 2537/2537 2538/2538
f 2538/2538 2537/2537 2539/2539
f 2535/2535 2530/2530 2540/2540
f 2530/2530 2533/2533 2540/2540
f 2533/2533 2536/2536 2541/2541
f 2536/2536 2538/2538 2541/2541
f 2539/2539 2542/2542 2538/2538
f 2543/2543 2542/2542 2539/2539
f 2544/2544 2542/2542 2543/2543
f 2545/2545 2544/2544 2543/2543
f 2538/2538 2542/2542 2546/2546
f 2546/2546 2542/2542 2544/2544
f 2547/2547 2544/2544 2545/2545
f 2548/2548 2547/2547 2545/2545
f 2548/2548 2549/2549 2547/2547
f 2547/2547 2549/2549 2550/2550
f 2551/2551 2550/2550 2549/2549
f 2552/2552 2550/2550 2551/2551
f 2552/2552 2551/2551 2553/2553
f 2552/2552 2553/2553 2554/2554
f 2554/2554 2553/2553 2555/2555
f 2555/2555 2556/2556 2554/2554
f 2556/2556 2557/2557 2554/2554
f 2552/2552 2554/2554 2558/2558
f 2552/2552 2558/2558 2550/2550
f 2554/2554 2557/2557 2559/2559
f 2558/2558 2554/2554 2559/2559
f 2559/2559 2557/2557 2560/2560
f 2559/2559 2560/2560 2561/2561
f 2559/2559 2561/2561 2562/2562
f 2559/2559 2562/2562 2558/2558
f 2562/2562 2561/2561 2563/2563
f 2563/2563 2564/2564 2562/2562
f 2558/2558 2562/2562 2565/2565
f 2562/2562 2564/2564 2565/2565
f 2566/2566 2550/2550 2558/2558
f 2565/2565 2566/2566 2558/2558
f 2550/2550 2566/2566 2567/2567
f 2567/2567 2547/2547 2550/2550
f 2565/2565 2568/2568 2566/2566
f 2566/2566 2568/2568 2567/2567
f 2569/2569 2564/2564 2563/2563
f 2570/2570 2569/2569 2563/2563
f 2570/2570 2571/2571 2569/2569
f 2569/2569 2571/2571 2564/2564
f 2571/2571 2570/2570 2572/2572
f 2573/2573 2571/2571 2572/2572
f 2571/2571 2573/2573 2564/2564
f 2573/2573 2572/2572 1810/1810
f 2564/2564 2574/2574 2565/2565
f 2574/2574 2568/2568 2565/2565
f 2564/2564 2575/2575 2574/2574
f 2575/2575 2564/2564 2573/2573
f 2575/2575 2568/2568 2574/2574
f 2576/2576 2547/2547 2567/2567
f 2547/2547 2576/2576 2544/2544
f 2544/2544 2576/2576 2577/2577
f 2577/2577 2546/2546 2544/2544
f 2578/2578 2576/2576 2567/2567
f 2576/2576 2578/2578 2577/2577
f 2567/2567 2568/2568 2579/2579
f 2579/2579 2578/2578 2567/2567
f 2580/2580 2579/2579 2568/2568
f 2575/2575 2580/2580 2568/2568
f 2581/2581 2578/2578 2579/2579
f 2580/2580 2581/2581 2579/2579
f 2578/2578 2581/2581 2577/2577
f 2582/2582 2546/2546 2577/2577
f 2538/2538 2546/2546 2582/2582
f 2575/2575 2583/2583 2580/2580
f 2583/2583 2581/2581 2580/2580
f 2577/2577 2581/2581 2584/2584
f 2582/2582 2577/2577 2584/2584
f 2585/2585 2538/2538 2582/2582
f 2541/2541 2538/2538 2585/2585
f 2581/2581 2586/2586 2584/2584
f 2586/2586 2581/2581 2583/2583
f 2587/2587 2582/2582 2584/2584
f 2585/2585 2582/2582 2587/2587
f 2584/2584 2586/2586 2587/2587
f 2588/2588 2541/2541 2585/2585
f 2588/2588 2585/2585 2587/2587
f 2533/2533 2541/2541 2588/2588
f 2583/2583 2575/2575 2589/2589
f 2589/2589 2575/2575 2573/2573
f 2586/2586 2583/2583 2590/2590
f 2590/2590 2583/2583 2589/2589
f 2590/2590 2591/2591 2586/2586
f 2586/2586 2591/2591 2587/2587
f 2592/2592 2590/2590 2589/2589
f 2593/2593 2591/2591 2590/2590
f 2594/2594 2589/2589 2573/2573
f 2592/2592 2589/2589 2594/2594
f 2594/2594 2573/2573 1810/1810
f 2587/2587 2591/2591 2595/2595
f 2595/2595 2588/2588 2587/2587
f 2595/2595 2591/2591 2593/2593
f 2596/2596 2533/2533 2588/2588
f 2596/2596 2588/2588 2595/2595
f 2540/2540 2533/2533 2596/2596
f 1810/1810 2597/2597 2594/2594
f 2597/2597 1810/1810 1809/1809
f 1809/1809 1821/1821 2597/2597
f 2598/2598 2596/2596 2595/2595
f 2593/2593 2598/2598 2595/2595
f 2599/2599 2540/2540 2596/2596
f 2599/2599 2596/2596 2598/2598
f 2535/2535 2540/2540 2599/2599
f 2600/2600 2535/2535 2599/2599
f 2600/2600 2599/2599 2598/2598
f 2529/2529 2535/2535 2600/2600
f 2594/2594 2597/2597 2601/2601
f 2594/2594 2601/2601 2592/2592
f 1821/1821 2602/2602 2597/2597
f 2602/2602 2601/2601 2597/2597
f 1822/1822 2602/2602 1821/1821
f 2603/2603 2598/2598 2593/2593
f 2603/2603 2600/2600 2598/2598
f 2604/2604 2529/2529 2600/2600
f 2604/2604 2600/2600 2603/2603
f 2523/2523 2529/2529 2604/2604
f 2605/2605 2523/2523 2604/2604
f 2605/2605 2604/2604 2603/2603
f 2524/2524 2523/2523 2605/2605
f 1822/1822 2606/2606 2602/2602
f 2607/2607 2606/2606 1822/1822
f 2606/2606 2607/2607 2608/2608
f 2602/2602 2606/2606 2609/2609
f 2609/2609 2606/2606 2608/2608
f 2610/2610 2609/2609 2608/2608
f 2609/2609 2601/2601 2602/2602
f 2601/2601 2609/2609 2611/2611
f 2612/2612 2609/2609 2610/2610
f 2611/2611 2609/2609 2612/2612
f 2613/2613 2612/2612 2610/2610
f 2614/2614 2612/2612 2613/2613
f 2614/2614 2611/2611 2612/2612
f 2615/2615 2614/2614 2613/2613
f 2616/2616 2524/2524 2605/2605
f 2522/2522 2524/2524 2616/2616
f 2616/2616 2605/2605 2617/2617
f 2617/2617 2605/2605 2603/2603
f 2618/2618 2522/2522 2616/2616
f 2618/2618 2616/2616 2617/2617
f 2518/2518 2522/2522 2618/2618
f 2603/2603 2619/2619 2617/2617
f 2593/2593 2619/2619 2603/2603
f 2593/2593 2590/2590 2619/2619
f 2620/2620 2618/2618 2617/2617
f 2620/2620 2617/2617 2619/2619
f 2621/2621 2518/2518 2618/2618
f 2621/2621 2618/2618 2620/2620
f 2620/2620 2619/2619 2622/2622
f 2622/2622 2621/2621 2620/2620
f 2619/2619 2590/2590 2622/2622
f 2623/2623 2518/2518 2621/2621
f 2622/2622 2623/2623 2621/2621
f 2623/2623 2512/2512 2518/2518
f 2623/2623 2622/2622 2624/2624
f 2622/2622 2590/2590 2624/2624
f 2512/2512 2623/2623 2625/2625
f 2625/2625 2623/2623 2624/2624
f 2511/2511 2512/2512 2625/2625
f 2625/2625 2624/2624 2626/2626
f 2626/2626 2624/2624 2590/2590
f 2511/2511 2625/2625 2627/2627
f 2627/2627 2625/2625 2626/2626
f 2628/2628 2511/2511 2627/2627
f 2507/2507 2511/2511 2628/2628
f 2628/2628 2629/2629 2507/2507
f 2627/2627 2629/2629 2628/2628
f 2629/2629 2506/2506 2507/2507
f 2626/2626 2630/2630 2627/2627
f 2630/2630 2629/2629 2627/2627
f 2631/2631 2626/2626 2590/2590
f 2631/2631 2630/2630 2626/2626
f 2629/2629 2630/2630 2632/2632
f 2630/2630 2631/2631 2632/2632
f 2506/2506 2629/2629 2633/2633
f 2633/2633 2629/2629 2632/2632
f 2590/2590 2634/2634 2631/2631
f 2592/2592 2634/2634 2590/2590
f 2506/2506 2633/2633 2635/2635
f 2635/2635 2615/2615 2506/2506
f 2635/2635 2614/2614 2615/2615
f 2635/2635 2633/2633 2614/2614
f 2614/2614 2633/2633 2632/2632
f 2632/2632 2611/2611 2614/2614
f 2632/2632 2631/2631 2636/2636
f 2636/2636 2631/2631 2634/2634
f 2636/2636 2611/2611 2632/2632
f 2611/2611 2636/2636 2634/2634
f 2592/2592 2637/2637 2634/2634
f 2637/2637 2611/2611 2634/2634
f 2601/2601 2637/2637 2592/2592
f 2601/2601 2611/2611 2637/2637
f 2418/2418 2638/2638 2419/2419
f 2639/2639 2638/2638 2418/2418
f 2418/2418 2640/2640 2639/2639
f 2638/2638 2639/2639 2641/2641
f 2640/2640 2641/2641 2639/2639
f 2642/2642 2641/2641 2640/2640
f 2640/2640 2643/2643 2642/2642
f 2641/2641 2642/2642 2644/2644
f 2643/2643 2645/2645 2642/2642
f 2642/2642 2645/2645 2644/2644
f 1735/1735 1736/1736 2646/2646
f 1736/1736 1775/1775 2646/2646
f 1735/1735 2646/2646 2647/2647
f 2646/2646 1775/1775 2648/2648
f 2649/2649 1735/1735 2647/2647
f 2650/2650 2648/2648 1775/1775
f 1746/1746 1735/1735 2649/2649
f 2649/2649 2651/2651 1746/1746
f 1768/1768 2650/2650 1775/1775
f 2652/2652 2650/2650 1768/1768
f 2653/2653 2652/2652 1768/1768
f 1764/1764 2653/2653 1768/1768
f 2654/2654 2653/2653 1764/1764
f 1763/1763 2654/2654 1764/1764
f 2655/2655 2654/2654 1763/1763
f 1746/1746 2651/2651 1752/1752
f 1752/1752 2655/2655 1763/1763
f 2651/2651 2656/2656 1752/1752
f 2656/2656 2655/2655 1752/1752
f 2659/2659 2658/2658 2657/2657
f 2660/2660 2659/2659 2657/2657
f 2657/2657 2658/2658 2661/2661
f 2662/2662 2660/2660 2657/2657
f 2658/2658 2663/2663 2661/2661
f 2661/2661 2663/2663 2664/2664
f 2663/2663 2665/2665 2664/2664
f 2664/2664 2665/2665 2666/2666
f 2665/2665 2667/2667 2666/2666
f 2666/2666 2667/2667 2668/2668
f 2667/2667 2669/2669 2668/2668
f 2668/2668 2669/2669 2670/2670
f 2669/2669 2671/2671 2670/2670
f 2670/2670 2671/2671 2672/2672
f 2673/2673 2660/2660 2662/2662
f 2674/2674 2673/2673 2662/2662
f 2671/2671 2675/2675 2672/2672
f 2672/2672 2675/2675 2676/2676
f 2677/2677 2673/2673 2674/2674
f 2678/2678 2673/2673 2677/2677
f 2679/2679 2678/2678 2677/2677
f 2677/2677 2680/2680 2679/2679
f 2681/2681 2676/2676 2675/2675
f 2675/2675 2682/2682 2681/2681
f 2682/2682 2683/2683 2681/2681
f 2681/2681 2683/2683 2684/2684
f 2683/2683 2685/2685 2684/2684
f 2684/2684 2685/2685 2686/2686
f 2685/2685 2687/2687 2686/2686
f 2688/2688 2679/2679 2680/2680
f 2689/2689 2688/2688 2680/2680
f 2686/2686 2687/2687 2690/2690
f 2690/2690 2688/2688 2689/2689
f 2687/2687 2691/2691 2690/2690
f 2691/2691 2688/2688 2690/2690
f 2694/2694 2693/2693 2692/2692
f 2694/2694 2692/2692 2695/2695
f 2694/2694 2696/2696 2693/2693
f 2693/2693 2696/2696 2697/2697
f 2694/2694 2695/2695 2698/2698
f 2699/2699 2698/2698 2695/2695
f 2700/2700 2698/2698 2699/2699
f 2696/2696 2701/2701 2697/2697
f 2702/2702 2697/2697 2701/2701
f 2701/2701 2703/2703 2702/2702
f 2704/2704 2703/2703 2701/2701
f 2705/2705 2703/2703 2704/2704
f 2705/2705 2704/2704 2706/2706
f 2701/2701 2696/2696 2707/2707
f 2704/2704 2701/2701 2707/2707
f 2708/2708 2696/2696 2694/2694
f 2707/2707 2696/2696 2708/2708
f 2698/2698 2709/2709 2694/2694
f 2694/2694 2709/2709 2708/2708
f 2710/2710 2698/2698 2700/2700
f 2698/2698 2710/2710 2709/2709
f 2704/2704 2711/2711 2706/2706
f 2707/2707 2711/2711 2704/2704
f 2708/2708 2712/2712 2707/2707
f 2707/2707 2712/2712 2711/2711
f 2713/2713 2708/2708 2709/2709
f 2710/2710 2713/2713 2709/2709
f 2706/2706 2711/2711 2714/2714
f 2714/2714 2715/2715 2706/2706
f 2700/2700 2716/2716 2710/2710
f 2717/2717 2716/2716 2700/2700
f 2718/2718 2716/2716 2717/2717
f 2717/2717 2719/2719 2718/2718
f 2710/2710 2716/2716 2720/2720
f 2716/2716 2718/2718 2720/2720
f 2718/2718 2719/2719 2721/2721
f 2719/2719 2722/2722 2721/2721
f 2722/2722 2723/2723 2721/2721
f 2724/2724 2723/2723 2722/2722
f 2724/2724 2725/2725 2723/2723
f 2725/2725 2726/2726 2723/2723
f 2718/2718 2721/2721 2727/2727
f 2720/2720 2718/2718 2727/2727
f 2728/2728 2715/2715 2714/2714
f 2728/2728 2729/2729 2715/2715
f 2720/2720 2730/2730 2710/2710
f 2730/2730 2713/2713 2710/2710
f 2713/2713 2730/2730 2731/2731
f 2731/2731 2730/2730 2732/2732
f 2732/2732 2730/2730 2720/2720
f 2723/2723 2726/2726 2733/2733
f 2726/2726 2734/2734 2733/2733
f 2735/2735 2733/2733 2734/2734
f 2735/2735 2736/2736 2733/2733
f 2735/2735 2737/2737 2736/2736
f 2737/2737 2738/2738 2736/2736
f 2738/2738 2739/2739 2736/2736
f 2740/2740 2723/2723 2733/2733
f 2736/2736 2740/2740 2733/2733
f 2741/2741 2723/2723 2740/2740
f 2736/2736 2741/2741 2740/2740
f 2721/2721 2723/2723 2741/2741
f 2727/2727 2721/2721 2741/2741
f 2736/2736 2739/2739 2742/2742
f 2742/2742 2741/2741 2736/2736
f 2727/2727 2741/2741 2742/2742
f 2739/2739 2743/2743 2742/2742
f 2744/2744 2727/2727 2742/2742
f 2742/2742 2743/2743 2744/2744
f 2744/2744 2720/2720 2727/2727
f 2743/2743 2745/2745 2744/2744
f 2720/2720 2744/2744 2732/2732
f 2744/2744 2745/2745 2732/2732
f 2732/2732 2745/2745 2746/2746
f 2747/2747 2732/2732 2746/2746
f 2747/2747 2731/2731 2732/2732
f 2747/2747 2748/2748 2731/2731
f 2748/2748 2749/2749 2731/2731
f 2749/2749 2750/2750 2731/2731
f 2731/2731 2750/2750 2751/2751
f 2750/2750 2752/2752 2751/2751
f 2752/2752 2753/2753 2751/2751
f 2751/2751 2753/2753 2754/2754
f 2753/2753 2755/2755 2754/2754
f 2755/2755 2756/2756 2754/2754
f 2754/2754 2756/2756 2757/2757
f 2758/2758 2731/2731 2751/2751
f 2758/2758 2751/2751 2754/2754
f 2731/2731 2758/2758 2713/2713
f 2759/2759 2713/2713 2758/2758
f 2708/2708 2713/2713 2759/2759
f 2708/2708 2759/2759 2712/2712
f 2760/2760 2759/2759 2758/2758
f 2754/2754 2760/2760 2758/2758
f 2712/2712 2759/2759 2760/2760
f 2761/2761 2760/2760 2754/2754
f 2757/2757 2761/2761 2754/2754
f 2761/2761 2712/2712 2760/2760
f 2762/2762 2761/2761 2757/2757
f 2763/2763 2762/2762 2757/2757
f 2762/2762 2763/2763 2764/2764
f 2765/2765 2712/2712 2761/2761
f 2711/2711 2712/2712 2765/2765
f 2711/2711 2765/2765 2714/2714
f 2766/2766 2765/2765 2761/2761
f 2714/2714 2765/2765 2766/2766
f 2761/2761 2762/2762 2766/2766
f 2728/2728 2714/2714 2766/2766
f 2767/2767 2762/2762 2764/2764
f 2768/2768 2767/2767 2764/2764
f 2769/2769 2766/2766 2762/2762
f 2769/2769 2728/2728 2766/2766
f 2767/2767 2769/2769 2762/2762
f 2770/2770 2767/2767 2768/2768
f 2770/2770 2769/2769 2767/2767
f 2768/2768 2771/2771 2770/2770
f 2772/2772 2728/2728 2769/2769
f 2772/2772 2729/2729 2728/2728
f 2729/2729 2772/2772 2773/2773
f 2774/2774 2770/2770 2771/2771
f 2771/2771 2775/2775 2774/2774
f 2775/2775 2776/2776 2774/2774
f 2777/2777 2769/2769 2770/2770
f 2777/2777 2772/2772 2769/2769
f 2774/2774 2777/2777 2770/2770
f 2778/2778 2773/2773 2772/2772
f 2778/2778 2772/2772 2777/2777
f 2778/2778 2779/2779 2773/2773
f 2778/2778 2780/2780 2779/2779
f 2781/2781 2780/2780 2778/2778
f 2776/2776 2782/2782 2774/2774
f 2774/2774 2782/2782 2777/2777
f 2782/2782 2778/2778 2777/2777
f 2782/2782 2781/2781 2778/2778
f 2776/2776 2783/2783 2782/2782
f 2783/2783 2781/2781 2782/2782
f 2786/2786 2785/2785 2784/2784
f 2784/2784 2785/2785 2787/2787
f 2784/2784 2788/2788 2786/2786
f 2786/2786 2788/2788 2789/2789
f 2790/2790 2789/2789 2788/2788
f 2791/2791 2790/2790 2788/2788
f 2784/2784 2787/2787 2792/2792
f 2792/2792 2788/2788 2784/2784
f 2792/2792 2791/2791 2788/2788
f 2792/2792 2787/2787 2793/2793
f 2792/2792 2793/2793 2791/2791
f 2796/2796 2795/2795 2794/2794
f 2797/2797 2796/2796 2794/2794
f 2794/2794 2795/2795 2798/2798
f 2799/2799 2797/2797 2794/2794
f 2795/2795 2800/2800 2798/2798
f 2797/2797 2799/2799 2801/2801
f 2798/2798 2800/2800 2802/2802
f 2799/2799 2803/2803 2801/2801
f 2804/2804 2802/2802 2800/2800
f 2805/2805 2801/2801 2803/2803
f 2806/2806 2802/2802 2804/2804
f 2807/2807 2805/2805 2803/2803
f 2808/2808 2806/2806 2804/2804
f 2809/2809 2805/2805 2807/2807
f 2808/2808 2810/2810 2806/2806
f 2807/2807 2811/2811 2809/2809
f 2812/2812 2810/2810 2808/2808
f 2809/2809 2811/2811 2813/2813
f 2814/2814 2810/2810 2812/2812
f 2811/2811 2815/2815 2813/2813
f 2816/2816 2814/2814 2812/2812
f 2813/2813 2815/2815 2816/2816
f 2816/2816 2815/2815 2814/2814
