v 0.031035277 -0.0325073868 0.0123973674
v 0.0304352729 -0.0384819027 0.0129640292
v 0.0310352426 -0.0384819026 0.0129640655
v 0.0304353015 -0.0325073869 0.0123973296
v 0.0310353784 -0.0268087957 0.0105154475
v 0.0304354029 -0.0268087958 0.0105154104
v 0.0310355409 -0.021671843 0.00741263066
v 0.0304355742 -0.0216718431 0.00741259355
v 0.0310357559 -0.0173540977 0.00324454886
v 0.0304358037 -0.0173540978 0.00324451175
v 0.0310358167 -0.0140721315 -0.00177983566
v 0.0304360799 -0.0140721316 -0.00177987295
v 0.0310362967 -0.0119904698 -0.00740856267
v 0.0304363882 -0.0119904699 -0.0074085925
v 0.0310365994 -0.0112134936 -0.0133593334
v 0.0304367141 -0.0112134937 -0.0133593712
v 0.0310368992 -0.0117801845 -0.0193338434
v 0.030437043 -0.0117801845 -0.0193338798
v 0.0310371846 -0.0136621269 -0.0250324345
v 0.0304373575 -0.013662127 -0.0250324636
v 0.0310374409 -0.0167649358 -0.0301694003
v 0.0304376401 -0.0167649358 -0.0301694381
v 0.0310376509 -0.0209330292 -0.0344871311
v 0.0304378762 -0.0209330293 -0.0344871747
v 0.0310378114 -0.0259573864 -0.0377691118
v 0.0304380571 -0.0259573865 -0.0377691409
v 0.0310379137 -0.0315860934 -0.0398507807
v 0.030438174 -0.0315860935 -0.0398508128
v 0.0310379433 -0.0375368867 -0.0406277512
v 0.0304382153 -0.0375368868 -0.0406277803
v 0.0310379119 -0.0435114025 -0.0400610588
v 0.0304381867 -0.0435114026 -0.0400610879
v 0.0310378105 -0.0492100053 -0.0381791033
v 0.0304380824 -0.0492100053 -0.0381791324
v 0.031037648 -0.0543469769 -0.0350763294
v 0.0304379141 -0.0543469769 -0.0350763614
v 0.031037433 -0.0586646756 -0.0309082301
v 0.0304376845 -0.0586646757 -0.0309082592
v 0.031037148 -0.0619466564 -0.025883835
v 0.0304374083 -0.0619466565 -0.0258838641
v 0.0310368892 -0.0640283486 -0.0202551368
v 0.0304371 -0.0640283487 -0.0202551659
v 0.0310365895 -0.0648052928 -0.0143043362
v 0.0304367712 -0.0648052929 -0.0143043653
v 0.0310362897 -0.0642386063 -0.00832984952
v 0.0304364452 -0.0642386064 -0.00832987935
v 0.0310360014 -0.062356677 -0.00263125821
v 0.0304361307 -0.062356677 -0.00263128804
v 0.0310357479 -0.0592538652 0.00250570847
v 0.0304358481 -0.0592538653 0.00250567864
v 0.0310355351 -0.0550857893 0.00682346144
v 0.030435612 -0.0550857893 0.00682342434
v 0.0310353746 -0.0500614029 0.0101054269
v 0.0304354311 -0.050061403 0.0101053898
v 0.0310352751 -0.0444326814 0.0121870973
v 0.0304353142 -0.0444326814 0.0121870595
v 0.0310352426 -0.0384819026 0.0129640655
v 0.0304352729 -0.0384819027 0.0129640292
v 0.0010852541 -9.47704313e-06 -0.0285045389
v -0.00194990716 -9.62632065e-06 -0.0284359936
v -3.47070527e-05 -0.00511874241 -0.0285287388
v -0.00292505275 -0.00512388349 -0.0283864763
v -0.00135283678 -0.00554719566 -0.0287290604
v -0.00576606209 -0.00503318056 -0.027941633
v -0.00799810223 -9.6268494e-06 -0.0273574784
v -0.00720545311 -0.00539371421 -0.0278479798
v -0.00856615618 -0.00492663751 -0.0272210484
v -0.00724502339 -0.00566014705 -0.028194685
v -0.00127916214 -0.00580583521 -0.0290514348
v -0.01297933 -0.00535887598 -0.0260991626
v -0.012770267 -0.00510156244 -0.0257850159
v -0.0182356055 -0.00505392395 -0.0228018791
v -0.011351654 -0.00478187275 -0.026178101
v -0.013674637 -9.64224645e-06 -0.0250078534
v -0.0139493651 -0.00462529182 -0.0248940254
v -0.016519488 -0.00471392413 -0.0233380983
v -0.0189119044 -0.00457164808 -0.0214288273
v -0.0187157348 -9.64268716e-06 -0.0214962914
v -0.0209685251 -0.00459815748 -0.0194543041
v -0.0212516559 -0.00497147598 -0.0199280854
v -0.0227752007 -0.00400968073 -0.0171371285
v -0.0228871475 -9.62815105e-06 -0.0169859413
v -0.0238274569 -0.00473307254 -0.0160361407
v -0.0241795245 -0.00498035763 -0.016369301
v -0.0264789905 -0.00497673659 -0.0121759214
v -0.0238962511 -0.00427437035 -0.0155846879
v -0.0260613593 -0.0047214352 -0.0120481658
v -0.0284821722 -0.00497919567 -0.00644781394
v -0.025880316 -0.00427772328 -0.0119837707
v -0.025995032 -9.62842275e-06 -0.0116864328
v -0.0274453221 -0.00448118393 -0.00793394793
v -0.0278949738 -9.64348964e-06 -0.00584399313
v -0.027956982 -0.00475034348 -0.00685596824
v -0.0282058692 -0.00435123066 -0.00437964118
v -0.0285245532 -0.00484122569 -0.00393776972
v -0.0291076688 -0.00520155081 -0.00320512809
v -0.0287362079 -0.00486703462 -0.000109795474
v -0.0284706966 -0.00474226721 0.00405833853
v -0.0285458456 -0.00422775988 -0.000291284164
v -0.0284986862 -9.64354241e-06 0.000269863745
v -0.0282552875 -0.0042893763 0.00393477821
v -0.0277781131 -9.64347942e-06 0.00637108824
v -0.0274324466 -0.00453022352 0.00803047369
v -0.0277646726 -0.00494054208 0.00850024444
v -0.0264492406 -0.00400954718 0.0106126776
v -0.0257667416 -9.62840279e-06 0.0121760815
v -0.0260873752 -0.00494078022 0.01272441
v -0.0262255718 -0.00501014522 0.0137607523
v -0.0256854629 -0.00452351784 0.0125025588
v -0.0237470372 -0.00494671065 0.0167087681
v -0.0210629859 -0.00499732962 0.0203330623
v -0.02342818 -0.00452512709 0.0163458317
v -0.0225580312 -9.62812227e-06 0.0174151734
v -0.0206716835 -0.00480644593 0.0200430033
v -0.0170941809 -0.00498700287 0.0235910004
v -0.0221593346 -0.00386837321 0.0179259732
v -0.0204662658 -0.00440910623 0.0198982831
v -0.0183010896 -9.64265091e-06 0.0218448826
v -0.0172005104 -0.00452146092 0.0228060584
v -0.0136674698 -0.00480637074 0.0253417675
v -0.0121076958 -0.00499236663 0.0267027208
v -0.0136704733 -0.004399688 0.0250837475
v -0.0131937297 -9.62730362e-06 0.0252593774
v -0.00948303235 -0.00480631071 0.027186799
v -0.00517979781 -0.00499637472 0.0288092007
v -0.00941189244 -0.00439995611 0.0269448705
v -0.0074732794 -9.62680352e-06 0.027499962
v -0.00505535348 -0.00480634015 0.0283453061
v 0.000263016321 -0.00497475264 0.0291280332
v -0.00705067689 -0.00390161611 0.0276151259
v -0.00478638319 -0.00443108407 0.0281506276
v -0.00103552593 -9.47722854e-06 0.0284974987
v -5.19876848e-05 -0.00473120781 0.0287481351
v 0.00475394521 -0.00454439173 0.0281585497
v 0.00466713471 -0.00498092118 0.0287997827
v -8.10534503e-05 -0.00437128547 0.0285439601
v 0.00194992445 -9.62597972e-06 0.028430458
v 0.00799811824 -9.62545097e-06 0.0273519341
v 0.00915946627 -0.00487247009 0.0273829501
v 0.0117950495 -0.00500866669 0.0271482364
v 0.00903435905 -0.00439554381 0.0270741468
v 0.0136746545 -9.62495471e-06 0.025002312
v 0.0133726823 -0.00488984471 0.0256104366
v 0.0196982412 -0.00500874021 0.0220855509
v 0.0134287013 -0.00436827423 0.0251799851
v 0.0177060607 -0.00438651286 0.0224097254
v 0.0187157537 -9.624514e-06 0.0214907486
v 0.0176847116 -0.0048638266 0.0228334175
v 0.0211636511 -0.00439204083 0.019145105
v 0.0228871635 -9.62414933e-06 0.0169803941
v 0.021318741 -0.0048833022 0.0194901862
v 0.0241733102 -0.00494706408 0.0159623887
v 0.0237714445 -0.00441007116 0.0158252195
v 0.0260989506 -0.00437149164 0.0115336661
v 0.0259950495 -9.62387763e-06 0.0116808857
v 0.0263805389 -0.00492964451 0.0119067612
v 0.0276526033 -0.00439789632 0.00713103218
v 0.0278949941 -9.62371153e-06 0.00583843866
v 0.0276815965 -0.00475442152 0.00777954992
v 0.0283944279 -0.00496028121 0.00642690793
v 0.0282836995 -0.00477698202 0.00470880768
v 0.0287279899 -0.00502934785 -0.00191758572
v 0.028269977 -0.00443231809 0.00360462436
v 0.0284625134 -0.00457979483 4.98071302e-05
v 0.0284987036 -9.62365875e-06 -0.000275414436
v 0.0282535595 -0.00466303253 -0.00384509549
v 0.0284101935 -0.00498038286 -0.00671280141
v 0.0277781306 -9.63862254e-06 -0.00637660924
v 0.0276928743 -0.00482539593 -0.00783593568
v 0.0255119496 -0.00499506054 -0.0145756188
v 0.0275168426 -0.00429787993 -0.00754201756
v 0.0257667591 -9.62389759e-06 -0.012181628
v 0.0258987715 -0.0043796873 -0.0119941047
v 0.0261192884 -0.00481159758 -0.0121419835
v 0.0238567857 -0.00479382043 -0.0161082629
v 0.0213372933 -0.00495330782 -0.0197481248
v 0.0234865063 -0.00439822447 -0.0162432378
v 0.0225580472 -9.6241781e-06 -0.0174207205
v 0.0208788221 -0.00453863831 -0.0194977853
v 0.0191524702 -0.00496178669 -0.0217205321
v 0.018676151 -0.00440314234 -0.0215811757
v 0.018301107 -9.62455025e-06 -0.0218504254
v 0.0165255206 -0.00470326669 -0.0233261177
v 0.0167464813 -0.00512647456 -0.0238261258
v 0.0132161707 -0.00534073873 -0.0259717897
v 0.0139661167 -0.00482687233 -0.0249247736
v 0.0131937471 -9.65479905e-06 -0.0252648926
v 0.0114464918 -0.00499413809 -0.0261904119
v 0.00759014269 -0.00564701774 -0.0281067361
v 0.00844368012 -0.00494904742 -0.0272657519
v 0.00747329614 -9.62549685e-06 -0.0275055063
v 0.00745088666 -0.00538459361 -0.0277834712
v 0.0027348136 -0.00569969392 -0.0287387695
v 0.00586865798 -0.00504516014 -0.0279265601
v 0.0010852541 -9.47704313e-06 -0.0285045389
v 0.00296625466 -0.00512401722 -0.0283825415
v -3.47070527e-05 -0.00511874241 -0.0285287388
v -0.00135283678 -0.00554719566 -0.0287290604
v -0.00127916214 -0.00580583521 -0.0290514348
v 0.0290166853 -0.00511547661 0.0044250748
v 0.0294601695 -0.00529961032 -0.0078166835
v 0.0293351627 -0.00554987526 0.00205063807
v 0.0291666224 -0.00535526596 0.0097638811
v 0.0291491601 -0.00543114292 0.0159208808
v 0.0288906686 -0.00508472042 0.0285511953
v 0.0290327419 -0.0053808959 0.0286878378
v 0.0286144675 -0.00521707266 0.0313489843
v 0.028132508 -0.00501408913 0.0318098842
v 0.0281213729 -0.00522100681 0.0325372093
v 0.0273402028 -0.00522613279 0.0335753954
v 0.0263257073 -0.00503864637 0.0341754203
v 0.0263217376 -0.00539679592 0.0343649939
v 0.0250426242 -0.00531023506 0.0350392278
v 0.0224642431 -0.00502855859 0.0358658843
v 0.0219922416 -0.00533360024 0.0362880703
v 0.0157262087 -0.00503697855 0.0379823847
v 0.0173396246 -0.00533421183 0.0377644319
v 0.0128735225 -0.00537080956 0.038764943
v 0.00693277805 -0.00502882843 0.0393925118
v 0.00664631273 -0.00545433082 0.0396161195
v -0.000367878455 -0.00505855681 0.039882597
v -0.000298992316 -0.005432278 0.04004043
v -0.00786721457 -0.00517970398 0.03998928
v -0.00819880103 -0.0055339642 0.0399941753
v -0.0152685267 -0.00531053653 0.0394361938
v -0.0141241365 -0.00502303352 0.0393755385
v -0.0208959416 -0.00503672819 0.0382725324
v -0.0208865192 -0.00548583449 0.038412158
v -0.0251450426 -0.00532719716 0.0370898866
v -0.0249312575 -0.00503172195 0.0369597168
v -0.026555193 -0.0052675628 0.0363681116
v -0.0271583292 -0.00501679116 0.0355284836
v -0.0275669324 -0.00526832287 0.0354859192
v -0.028386569 -0.00521674986 0.0340003462
v -0.0283167169 -0.00501790884 0.0331363699
v -0.0288260339 -0.00525324283 0.0321029744
v -0.0288504171 -0.00504958877 0.0283895904
v -0.0290310704 -0.00531111909 0.0293858146
v -0.029048361 -0.00522466252 0.0177040129
v -0.0295040513 -0.00524038336 -0.0122017897
v -0.0292617765 -0.00550219667 0.00360621489
v -0.0297109621 -0.00557837125 -0.00690735833
v -0.0291076688 -0.00520155081 -0.00320512809
v -0.0284821722 -0.00497919567 -0.00644781394
v -0.0289827173 -0.00506122668 -0.0207734731
v -0.0264789905 -0.00497673659 -0.0121759214
v -0.0241795245 -0.00498035763 -0.016369301
v -0.0212516559 -0.00497147598 -0.0199280854
v -0.0182356055 -0.00505392395 -0.0228018791
v -0.0286210295 -0.00521247343 -0.0235104293
v -0.01297933 -0.00535887598 -0.0260991626
v -0.0287602941 -0.00595423804 -0.0272046134
v -0.0290616265 -0.00518667948 0.00523165218
v -0.0284706966 -0.00474226721 0.00405833853
v -0.029048361 -0.00522466252 0.0177040129
v -0.0277646726 -0.00494054208 0.00850024444
v -0.0288504171 -0.00504958877 0.0283895904
v -0.0262255718 -0.00501014522 0.0137607523
v -0.0210629859 -0.00499732962 0.0203330623
v -0.0283167169 -0.00501790884 0.0331363699
v -0.0271583292 -0.00501679116 0.0355284836
v -0.0170941809 -0.00498700287 0.0235910004
v -0.0249312575 -0.00503172195 0.0369597168
v -0.0208959416 -0.00503672819 0.0382725324
v -0.0121076958 -0.00499236663 0.0267027208
v -0.0141241365 -0.00502303352 0.0393755385
v -0.00517979781 -0.00499637472 0.0288092007
v 0.00693277805 -0.00502882843 0.0393925118
v 0.000263016321 -0.00497475264 0.0291280332
v 0.00466713471 -0.00498092118 0.0287997827
v -0.000367878455 -0.00505855681 0.039882597
v -0.00786721457 -0.00517970398 0.03998928
v 0.0157262087 -0.00503697855 0.0379823847
v 0.0117950495 -0.00500866669 0.0271482364
v 0.0224642431 -0.00502855859 0.0358658843
v 0.0263257073 -0.00503864637 0.0341754203
v 0.0196982412 -0.00500874021 0.0220855509
v 0.028132508 -0.00501408913 0.0318098842
v 0.0241733102 -0.00494706408 0.0159623887
v 0.0263805389 -0.00492964451 0.0119067612
v 0.0283944279 -0.00496028121 0.00642690793
v 0.0288906686 -0.00508472042 0.0285511953
v 0.0290166853 -0.00511547661 0.0044250748
v 0.0287279899 -0.00502934785 -0.00191758572
v 0.0294601695 -0.00529961032 -0.0078166835
v 0.0292501591 -0.00506137038 -0.0107606684
v 0.0284101935 -0.00498038286 -0.00671280141
v 0.0291994166 -0.00499076886 -0.014837223
v 0.0290849163 -0.00501453615 -0.0201557166
v 0.0255119496 -0.00499506054 -0.0145756188
v 0.0213372933 -0.00495330782 -0.0197481248
v 0.0286555679 -0.00521763909 -0.0236124732
v 0.0191524702 -0.00496178669 -0.0217205321
v 0.0167464813 -0.00512647456 -0.0238261258
v 0.0132161707 -0.00534073873 -0.0259717897
v 0.0146990851 -0.00613264582 -0.0295876816
v 0.0288609566 -0.00603754563 -0.0273951533
v 0.00759014269 -0.00564701774 -0.0281067361
v 0.0286023459 -0.00734696992 -0.0309721479
v 0.0027348136 -0.00569969392 -0.0287387695
v 0.0142405034 -0.00752836298 -0.0331792049
v 0.028854071 -0.00991509553 -0.0350174407
v 0.0134149487 -0.00898071986 -0.0355550816
v 2.25310655e-05 -0.00840128923 -0.035260219
v 1.52871036e-05 -0.00703546393 -0.0327104499
v -0.00127916214 -0.00580583521 -0.0290514348
v -0.0140794313 -0.00760214148 -0.0333099684
v -0.0106199549 -0.00891175971 -0.0356467091
v -0.0221558445 -0.0094008615 -0.0352863251
v -0.0284908186 -0.00943392764 -0.0345227891
v -0.0286342744 -0.00754879616 -0.0313191733
v -0.015313364 -0.00616502864 -0.0296258077
v -0.00724502339 -0.00566014705 -0.028194685
v -0.0297109621 -0.00557837125 -0.00690735833
v -0.0292617765 -0.00550219667 0.00360621489
v -0.0294506399 -0.00560252595 -0.00181363139
v -0.0301770161 -0.00770001325 0.00160045547
v -0.0302244088 -0.00684415036 -0.00227936725
v -0.0297109621 -0.00557837125 -0.00690735833
v -0.0310066731 -0.00826095327 -0.00223833322
v -0.0310082827 -0.00661696739 -0.00790325939
v -0.0295040513 -0.00524038336 -0.0122017897
v -0.0310121157 -0.00611345729 -0.0125912906
v -0.0310089113 -0.00639230255 -0.0183655502
v -0.0289827173 -0.00506122668 -0.0207734731
v -0.0310065884 -0.0115717075 0.00411966066
v -0.0292154548 -0.00541964401 -0.023524616
v -0.0286210295 -0.00521247343 -0.0235104293
v -0.0310100142 -0.00801678232 -0.0248422817
v -0.0287602941 -0.00595423804 -0.0272046134
v -0.0301425978 -0.00893283113 0.00566500057
v -0.0294760562 -0.00722998633 0.0106394997
v -0.029048361 -0.00522466252 0.0177040129
v -0.0310071381 -0.0152704595 0.00860868386
v -0.0294854566 -0.00844925856 0.0147149301
v -0.0290310704 -0.00531111909 0.0293858146
v -0.0293366082 -0.00642737979 -0.0274225516
v -0.0291965284 -0.00782861062 -0.0312816817
v -0.0286342744 -0.00754879616 -0.0313191733
v -0.0310072548 -0.011971923 -0.0324668479
v -0.0284908186 -0.00943392764 -0.0345227891
v -0.0291943017 -0.0100468718 -0.0347970752
v -0.0310104006 -0.0157059008 -0.0366729684
v -0.0288035447 -0.0129439253 -0.0385392341
v -0.0303259311 -0.014405789 0.0128822358
v -0.0310041398 -0.0222504166 0.013922673
v -0.0292735454 -0.0132904967 -0.0383813545
v -0.0291884833 -0.0167990653 -0.0416245923
v -0.0286455106 -0.0164726541 -0.0417199015
v -0.0310104642 -0.0212985598 -0.0410590263
v -0.0287551561 -0.0204150095 -0.0443538913
v -0.0292727327 -0.020960721 -0.0442148186
v -0.031009093 -0.0261528212 -0.0434710935
v -0.0291727432 -0.0252425085 -0.0463907229
v -0.0285339957 -0.0246212639 -0.0464686193
v -0.0291871376 -0.029843958 -0.0478271482
v -0.0310099075 -0.0302431754 -0.0448291481
v -0.028566091 -0.0294679568 -0.0480430754
v -0.0310094095 -0.0347091727 -0.0455743779
v -0.0291728384 -0.03465015 -0.0486434728
v -0.0285993184 -0.0343752381 -0.0488968042
v -0.0310093596 -0.0390472442 -0.0457346177
v -0.0291709433 -0.0394819999 -0.0487742887
v -0.0285968732 -0.0391828591 -0.0490673934
v -0.0287654422 -0.0441063075 -0.0485231896
v -0.0292990085 -0.0442342771 -0.0480774819
v -0.0310102963 -0.0439140827 -0.0452038978
v -0.0292994447 -0.0489314229 -0.0468751678
v -0.0287783726 -0.0487507899 -0.0473694672
v -0.0310101444 -0.0509380099 -0.043056297
v -0.0292898749 -0.0533903567 -0.0450667168
v -0.0287300278 -0.054143104 -0.0451587985
v -0.0310092505 -0.0554753262 -0.0405304017
v -0.0292920195 -0.0575513837 -0.0426425802
v -0.0287417824 -0.0582357661 -0.0426777638
v -0.0310088194 -0.0588664405 -0.0379891804
v -0.0292940885 -0.0613376233 -0.0396672142
v -0.028753706 -0.0619621856 -0.0396582502
v -0.0292069164 -0.0647258155 -0.0363553641
v -0.0310102016 -0.0624116945 -0.0344386062
v -0.0285713876 -0.0652403537 -0.0362212682
v -0.0310102043 -0.0649701656 -0.0309170224
v -0.0291865726 -0.0676550288 -0.032359446
v -0.0285720859 -0.0680390887 -0.0322783832
v -0.0310090719 -0.0669136671 -0.0273917336
v -0.0288215637 -0.070201544 -0.0280445238
v -0.0293079091 -0.0697681298 -0.0280459702
v -0.0310072353 -0.0689066683 -0.0220037589
v -0.0291770698 -0.0716007049 -0.0235400832
v -0.0286419842 -0.0718926512 -0.0234843668
v -0.0292306499 -0.0725957765 -0.0186508551
v -0.0285463722 -0.0729585615 -0.0185684446
v -0.0310122527 -0.0699252499 -0.0151927059
v -0.0291898259 -0.0729621646 -0.0135571841
v -0.028616396 -0.0732471085 -0.0134896516
v -0.0292531413 -0.0725415968 -0.00875702099
v -0.0310119501 -0.0692480504 -0.00733865381
v -0.0285994925 -0.0728761569 -0.00867002091
v -0.0292386099 -0.0713284328 -0.00340896477
v -0.0285078563 -0.0718995022 -0.00402284786
v -0.0310116971 -0.0675535497 -0.00166630361
v -0.0291903792 -0.0695818071 0.00116578112
v -0.0285951767 -0.0699952852 0.00097897273
v -0.0288128066 -0.0672765974 0.00570089724
v -0.0293120974 -0.0670998732 0.00525541218
v -0.0310125181 -0.064017801 0.00474524131
v -0.0293561376 -0.0642420051 0.0089553927
v -0.0287472214 -0.0644371521 0.00945338979
v -0.0310134557 -0.058696154 0.0105540566
v -0.0293252326 -0.0601643955 0.012979332
v -0.0288136774 -0.0605523029 0.0131859444
v -0.0293172497 -0.0563787264 0.0157138216
v -0.031013366 -0.0525784822 0.0145658065
v -0.0289010941 -0.0559839795 0.016391385
v -0.0293736564 -0.049835417 0.0189978295
v -0.0310125021 -0.0467034433 0.0169283259
v -0.0288006196 -0.0489151945 0.0199931965
v -0.029405281 -0.0461298532 0.0204864555
v -0.031013204 -0.0413798696 0.017887431
v -0.0289848271 -0.0416437859 0.0227497323
v -0.0284513509 -0.0427068178 0.0227064374
v -0.028195785 -0.0352384926 0.0256239582
v -0.0287495119 -0.0311829902 0.0264380767
v -0.0293194894 -0.038029224 0.0233611427
v -0.0310037225 -0.0356979375 0.0180040559
v -0.0293690683 -0.0325338853 0.0245619594
v -0.0286449049 -0.0204813954 0.0295265636
v -0.0300705727 -0.030270757 0.021336283
v -0.0310133245 -0.0277942889 0.0164455952
v -0.0292263411 -0.0221878156 0.027180629
v -0.0302339738 -0.0229458831 0.019148174
v -0.0288260339 -0.00525324283 0.0321029744
v -0.028386569 -0.00521674986 0.0340003462
v -0.0294924025 -0.0220504572 0.0251658144
v -0.0297362145 -0.0169041782 0.0209805556
v -0.0293149778 -0.0112065693 0.0241534595
v 0.0263217376 -0.00539679592 0.0343649939
v 0.026314515 -0.0168956197 0.0315306213
v 0.0250426242 -0.00531023506 0.0350392278
v 0.0274399745 -0.0153981271 0.0313136319
v 0.0273402028 -0.00522613279 0.0335753954
v 0.0281213729 -0.00522100681 0.0325372093
v 0.0281807698 -0.0256395612 0.028231804
v 0.0281310292 -0.0341741256 0.0258427957
v 0.0285459668 -0.0167372495 0.0297282153
v 0.0286144675 -0.00521707266 0.0313489843
v 0.0290327419 -0.0053808959 0.0286878378
v 0.0290630216 -0.0396951687 0.0233821978
v 0.0284564052 -0.0456403916 0.0215564025
v 0.0287614785 -0.0259553465 0.0274280057
v 0.0291310177 -0.0157362494 0.0279004744
v 0.0293952749 -0.0184342676 0.0257254957
v 0.0292835984 -0.0260416684 0.0260507484
v 0.0293096413 -0.0359557078 0.0239160465
v 0.0295061074 -0.010092762 0.0187349942
v 0.0291491601 -0.00543114292 0.0159208808
v 0.0296843362 -0.00902023635 0.0131752706
v 0.0291666224 -0.00535526596 0.0097638811
v 0.0292220251 -0.0460777261 0.0208822443
v 0.0310229147 -0.0436164703 0.0176404676
v 0.0310219041 -0.0364026086 0.0180709772
v 0.0310359014 -0.0508643078 0.0154596972
v 0.0291906109 -0.0505793232 0.0189993487
v 0.0284281342 -0.0509208393 0.0192152744
v 0.0289385721 -0.0557264812 0.0165370511
v 0.0301661404 -0.0301834461 0.0208419748
v 0.0310348954 -0.0290656639 0.0168116574
v 0.0294827846 -0.0554817295 0.0159886738
v 0.0310353316 -0.0576088061 0.0113529073
v 0.03010141 -0.0239590971 0.0202811323
v 0.0310355465 -0.0197396994 0.0124998798
v 0.0292862731 -0.0600545059 0.0131754685
v 0.0286400837 -0.0604608013 0.0133194888
v 0.0310338155 -0.06055742 0.0087394299
v 0.0285523272 -0.0638299538 0.010183487
v 0.0298522777 -0.0168715679 0.019632194
v 0.0293160088 -0.0641731287 0.00915897981
v 0.0285498507 -0.0667748133 0.00657024575
v 0.0310351925 -0.0645065246 0.00398576631
v 0.0305573062 -0.0151824776 0.0118667034
v 0.0310324639 -0.0135456883 0.00666668275
v 0.0292041805 -0.0670259269 0.00560725857
v 0.0285790887 -0.0700601002 0.00088037923
v 0.0298044098 -0.00738140692 0.0053502321
v 0.0310360784 -0.0107550886 0.00276215742
v 0.0293351627 -0.00554987526 0.00205063807
v 0.0310322598 -0.00922429264 3.69250756e-05
v 0.0292908403 -0.0694420571 0.00122703241
v 0.0310342876 -0.0668070252 -9.79043534e-05
v 0.0286590603 -0.0716220679 -0.00330350158
v 0.0292629793 -0.0712554993 -0.0032586493
v 0.0310365898 -0.0687565162 -0.00526968761
v 0.0285610649 -0.0729009193 -0.00871477605
v 0.0292977382 -0.0724860383 -0.0087633467
v 0.0285996741 -0.0732533318 -0.0134629649
v 0.0310360224 -0.0699349012 -0.0123862657
v 0.0292036368 -0.0729341442 -0.0132994013
v 0.0285677821 -0.0729622818 -0.0185505778
v 0.0292741146 -0.0725903173 -0.0184297751
v 0.0310365346 -0.0694248915 -0.019673194
v 0.0283960054 -0.0718681466 -0.0237156331
v 0.0290249421 -0.0717365099 -0.023471388
v 0.0286543221 -0.0701290938 -0.0283464382
v 0.0310370495 -0.0669704607 -0.0272375823
v 0.0292607178 -0.0697795101 -0.0283027766
v 0.0286145282 -0.0677876732 -0.0326892477
v 0.0292053767 -0.0675086314 -0.0325935427
v 0.0310365225 -0.0647808864 -0.0312029821
v 0.0287922069 -0.064848064 -0.0366293214
v 0.0293795134 -0.0643974785 -0.0364474225
v 0.0310360567 -0.0623400762 -0.0344582979
v 0.0292283595 -0.0614503257 -0.0397444761
v 0.0285849 -0.0619991657 -0.0396724528
v 0.0310359749 -0.0594564046 -0.0374678115
v 0.0286160029 -0.0579695658 -0.0428825035
v 0.0292708158 -0.0572294379 -0.0429677631
v 0.0310378169 -0.056074004 -0.0401872268
v 0.0310374324 -0.0521284326 -0.0424385857
v 0.0287745456 -0.0530750407 -0.0456706533
v 0.0293452921 -0.0530102788 -0.0452176144
v 0.0310361195 -0.0481502213 -0.0440841657
v 0.0292121126 -0.048451449 -0.0471929117
v 0.0285580709 -0.0479657178 -0.0476768793
v 0.028848553 -0.0444311914 -0.0484270626
v 0.0293732659 -0.0441152577 -0.0480426126
v 0.0310378333 -0.0432951698 -0.0453308312
v 0.0288474815 -0.0394335661 -0.0489884114
v 0.0293213501 -0.0392495949 -0.0486208592
v 0.028770222 -0.0339197785 -0.0488232035
v 0.0310377424 -0.0360811015 -0.0457341259
v 0.0293745951 -0.0343213793 -0.0483979238
v 0.0287752507 -0.0289281136 -0.0478695874
v 0.0293292597 -0.0294544359 -0.0475682784
v 0.031037771 -0.0307841869 -0.0449080486
v 0.0287834315 -0.0247312015 -0.0464555575
v 0.0293888028 -0.0249752953 -0.04603095
v 0.0310367259 -0.0268598904 -0.0437343144
v 0.02881344 -0.0203959022 -0.044318111
v 0.0293413195 -0.02071042 -0.0440144271
v 0.0310374734 -0.0223339013 -0.041662337
v 0.0288422787 -0.0163574038 -0.0415781687
v 0.0310367659 -0.0184879567 -0.0390866131
v 0.0293653676 -0.0164498651 -0.0411133806
v 0.0288364721 -0.0126460469 -0.0382367987
v 0.0310362447 -0.0154374664 -0.0363756903
v 0.029335434 -0.012812806 -0.0378318538
v 0.028854071 -0.00991509553 -0.0350174407
v 0.0310368759 -0.0124484273 -0.0329459202
v 0.0293044557 -0.0101395522 -0.0347253866
v 0.0292014745 -0.00776864289 -0.031195159
v 0.0286023459 -0.00734696992 -0.0309721479
v 0.0310370183 -0.00959112969 -0.0283672387
v 0.0288609566 -0.00603754563 -0.0273951533
v 0.0293165771 -0.00636003641 -0.0273697049
v 0.0310371724 -0.00745245508 -0.022999513
v 0.0292134214 -0.00536811093 -0.023413646
v 0.0286555679 -0.00521763909 -0.0236124732
v 0.0290849163 -0.00501453615 -0.0201557166
v 0.0310294889 -0.00662165568 -0.0194977401
v 0.0291994166 -0.00499076886 -0.014837223
v 0.0310372159 -0.00610065164 -0.0149032654
v 0.0292501591 -0.00506137038 -0.0107606684
v 0.0310361449 -0.00634130576 -0.00983241553
v 0.0294601695 -0.00529961032 -0.0078166835
v 0.031037996 -0.00692105042 -0.00668982757
v 0.0302530248 -0.00611762397 -0.00665652769
v 0.0302532694 -0.0068522665 -0.00227368982
v 0.0294945586 -0.0056359742 -0.00170050553
v -0.0275669324 -0.00526832287 0.0354859192
v -0.0286449049 -0.0204813954 0.0295265636
v -0.028386569 -0.00521674986 0.0340003462
v -0.0258094906 -0.0182566663 0.0324563327
v -0.026555193 -0.0052675628 0.0363681116
v -0.0287495119 -0.0311829902 0.0264380767
v -0.0251450426 -0.00532719716 0.0370898866
v -0.028195785 -0.0352384926 0.0256239582
v -0.0217421576 -0.0180587192 0.033630323
v -0.0208865192 -0.00548583449 0.038412158
v -0.0164562851 -0.0169525156 0.0350154442
v -0.0152685267 -0.00531053653 0.0394361938
v -0.00819880103 -0.0055339642 0.0399941753
v -0.0216180184 -0.0307335712 0.0287576288
v -0.0251367108 -0.030681106 0.0280948763
v -0.0231677527 -0.0428507794 0.0234429273
v -0.0284513509 -0.0427068178 0.0227064374
v -0.0288006196 -0.0489151945 0.0199931965
v -0.0289010941 -0.0559839795 0.016391385
v -0.0144541775 -0.0308494882 0.0296253449
v -0.0072441499 -0.0182232855 0.0352575298
v -0.0150189506 -0.0460346941 0.0227453449
v 9.72841368e-06 -0.0175237801 0.0355841854
v -0.000298992316 -0.005432278 0.04004043
v 0.00664631273 -0.00545433082 0.0396161195
v 0.00742118574 -0.0167985106 0.0354888238
v 0.0128735225 -0.00537080956 0.038764943
v -7.25414606e-05 -0.0286284689 0.0311367097
v -0.00720817936 -0.0309621689 0.0300493644
v 0.014758759 -0.0162091981 0.0347565889
v 0.0173396246 -0.00533421183 0.0377644319
v -0.0071671797 -0.0435140427 0.0243354923
v -0.00800168585 -0.0557901578 0.0179518873
v 0.00735540985 -0.0276869215 0.0312504941
v 0.000290771224 -0.041004151 0.0256630214
v 0.0182617341 -0.018216489 0.0333974778
v 0.0219922416 -0.00533360024 0.0362880703
v 1.05512681e-05 -0.0520389352 0.0201138668
v 0.00748334781 -0.0409376597 0.0255125866
v 0.0145339287 -0.0291275052 0.0300130341
v 0.0218856031 -0.0160422594 0.0332362979
v 0.0250426242 -0.00531023506 0.0350392278
v 0.026314515 -0.0168956197 0.0315306213
v 0.0281310292 -0.0341741256 0.0258427957
v 0.0187196126 -0.0305739331 0.0288960291
v 0.0148261337 -0.0412797601 0.0249124045
v 0.0110777953 -0.0493698394 0.0212870204
v 0.0217560599 -0.0247830128 0.0304156274
v 0.0277244374 -0.0383800832 0.0245002244
v 0.0284564052 -0.0456403916 0.0215564025
v 0.0219183239 -0.0415427649 0.0241017522
v 0.0284281342 -0.0509208393 0.0192152744
v 0.00474505519 -0.0557271236 0.0180999967
v 0.0187834672 -0.0555866789 0.017561148
v 0.0289385721 -0.0557264812 0.0165370511
v 0.0162626989 -0.0594845086 0.0151952161
v 0.0286400837 -0.0604608013 0.0133194888
v 0.00378721683 -0.0597171191 0.0155089903
v 0.0162628695 -0.0631879535 0.0120485834
v 0.0285523272 -0.0638299538 0.010183487
v 0.00378739178 -0.0634607041 0.0123282414
v 0.0162630691 -0.0664353065 0.00843313683
v 0.0285498507 -0.0667748133 0.00657024575
v 0.00378759288 -0.0667431912 0.00867364943
v -0.00867571171 -0.0633938595 0.0122588826
v -0.00867588666 -0.059660164 0.0154312889
v -0.00867551134 -0.0666677959 0.00861387307
v 0.0162632891 -0.0691677604 0.00441436096
v 0.0037878165 -0.0695052728 0.00461133204
v 0.0162635294 -0.0713357921 6.5069645e-05
v 0.0285790887 -0.0700601002 0.00088037923
v -0.00867528845 -0.0694226015 0.00456224006
v 0.00378805825 -0.0716967854 0.000214938063
v 0.0162637827 -0.0729001753 -0.00453596185
v 0.0286590603 -0.0716220679 -0.00330350158
v -0.00867504743 -0.0716083923 0.000177387142
v 0.00378831377 -0.0732781246 -0.00443595272
v 0.0162640447 -0.0738325689 -0.00930540627
v 0.0285610649 -0.0729009193 -0.00871477605
v -0.00867479263 -0.0731855929 -0.00446129961
v 0.00378857906 -0.0742205939 -0.00925702188
v 0.0162643125 -0.074116046 -0.0141568293
v 0.0285996741 -0.0732533318 -0.0134629649
v -0.00867452843 -0.0741255594 -0.00926974753
v 0.00378884866 -0.0745071444 -0.0141610159
v 0.0162645773 -0.0737455135 -0.0190023959
v 0.0285677821 -0.0729622818 -0.0185505778
v 0.00378911784 -0.0741325898 -0.0190590872
v 0.0182128924 -0.0726266748 -0.023725185
v 0.0283960054 -0.0718681466 -0.0237156331
v -0.00867425992 -0.074411359 -0.0141608456
v -0.00867399074 -0.074037788 -0.0190460414
v 0.0162651825 -0.0711553076 -0.0281554792
v 0.0286543221 -0.0701290938 -0.0283464382
v 0.00360970937 -0.0731415112 -0.0238772293
v 0.0162654093 -0.0690272995 -0.032317359
v 0.0286145282 -0.0677876732 -0.0326892477
v 0.0162656215 -0.0663794563 -0.03616951
v 0.0287922069 -0.064848064 -0.0366293214
v 0.0162658104 -0.0632561438 -0.0396472984
v 0.0285849 -0.0619991657 -0.0396724528
v 0.0162659789 -0.0597097839 -0.04269247
v 0.0286160029 -0.0579695658 -0.0428825035
v -0.0211342261 -0.0734618883 -0.0189634375
v -0.0105332388 -0.0729621048 -0.0238630499
v 0.00378972588 -0.0715143335 -0.0283112866
v 0.00378995707 -0.0693632636 -0.0325182918
v 0.00379017075 -0.0666867473 -0.0364121515
v 0.00379036365 -0.0635296394 -0.0399276032
v 0.0037905325 -0.0599448391 -0.0430057669
v -0.0211344909 -0.0738295046 -0.0141563083
v -0.0211347558 -0.0735482569 -0.00934336713
v -0.0211350149 -0.0726233139 -0.00461181626
v -0.0211352639 -0.0710712997 -4.72553069e-05
v -0.0211355042 -0.0689204626 0.0042675023
v -0.0211357227 -0.0662097027 0.00825436
v -0.0285951767 -0.0699952852 0.00097897273
v -0.0285078563 -0.0718995022 -0.00402284786
v -0.0285994925 -0.0728761569 -0.00867002091
v -0.028616396 -0.0732471085 -0.0134896516
v -0.0285463722 -0.0729585615 -0.0185684446
v -0.0288128066 -0.0672765974 0.00570089724
v -0.0287472214 -0.0644371521 0.00945338979
v -0.0286419842 -0.0718926512 -0.0234843668
v -0.0211359209 -0.0629881008 0.0118411292
v -0.0211360914 -0.059314074 0.0149627813
v -0.0288136774 -0.0605523029 0.0131859444
v -0.0181893857 -0.0555861757 0.0175864363
v -0.0225033242 -0.072362305 -0.0236513049
v -0.0211336268 -0.0708922762 -0.0280438544
v -0.0288215637 -0.070201544 -0.0280445238
v -0.00867338489 -0.0714264177 -0.0282739958
v -0.0211334 -0.0687811368 -0.0321727275
v -0.0285720859 -0.0680390887 -0.0322783832
v -0.0285713876 -0.0652403537 -0.0362212682
v -0.00867315443 -0.0692810114 -0.03246993
v -0.0211331906 -0.0661543007 -0.0359942787
v -0.028753706 -0.0619621856 -0.0396582502
v -0.00867294075 -0.0666114684 -0.0363535626
v -0.0211330003 -0.0630557847 -0.0394444942
v -0.0287417824 -0.0582357661 -0.0426777638
v -0.00867274821 -0.0634626726 -0.0398598262
v -0.0211328362 -0.0595375623 -0.0424655096
v -0.0287300278 -0.054143104 -0.0451587985
v -0.00867258045 -0.0598872612 -0.0429298903
v -0.0211326953 -0.0556585223 -0.0450066815
v -0.0287783726 -0.0487507899 -0.0473694672
v -0.00867243891 -0.0559452172 -0.0455123663
v -0.0211325851 -0.0514837059 -0.0470254832
v 0.00379067477 -0.0559924109 -0.04559503
v -0.0211325055 -0.0470830961 -0.0484880235
v -0.0287654422 -0.0441063075 -0.0485231896
v -0.00867232578 -0.0517025889 -0.0475639419
v 0.0162661197 -0.0557997075 -0.0452540087
v -0.0211324578 -0.0425303897 -0.0493698288
v -0.0285968732 -0.0391828591 -0.0490673934
v -0.00867224395 -0.0472304681 -0.0490502571
v 0.00379078717 -0.0517386183 -0.0476520159
v 0.0284043189 -0.055335803 -0.0445430167
v 0.0287745456 -0.0530750407 -0.0456706533
v 0.0162662314 -0.0515914857 -0.047288934
v 0.0285580709 -0.0479657178 -0.0476768793
v -0.0211324408 -0.0379019232 -0.0496561232
v -0.0285993184 -0.0343752381 -0.0488968042
v -0.00867219633 -0.0426038496 -0.0499463931
v 0.00379086863 -0.047254725 -0.049142231
v 0.016266311 -0.0471556749 -0.0487631885
v -0.0211324586 -0.0332752785 -0.0493420812
v -0.028566091 -0.0294679568 -0.0480430754
v -0.00867218074 -0.0379001933 -0.0502373092
v 0.0037909177 -0.0426159179 -0.050040707
v 0.0162663601 -0.0425665654 -0.0496520428
v 0.028848553 -0.0444311914 -0.0484270626
v 0.0037909333 -0.0378998954 -0.0503324321
v 0.0284045943 -0.0425777111 -0.048795584
v 0.0288474815 -0.0394335661 -0.0489884114
v 0.0162663757 -0.0379010701 -0.0499406247
v -0.00867219788 -0.0331983851 -0.0499181799
v 0.0283003438 -0.0366972793 -0.0490968639
v 0.028770222 -0.0339197785 -0.0488232035
v 0.00379091543 -0.033185718 -0.0500124588
v 0.0162663578 -0.0332374257 -0.049624074
v 0.0149303577 -0.0286309414 -0.0488091726
v 0.0287752507 -0.0289281136 -0.0478695874
v 0.0287834315 -0.0247312015 -0.0464555575
v 0.00345918045 -0.0284260951 -0.0490806939
v -0.00877336177 -0.0283180773 -0.0489630795
v 0.0162662042 -0.0233713814 -0.0468406419
v 0.02881344 -0.0203959022 -0.044318111
v 0.00379076067 -0.0232127899 -0.0471988722
v 0.0162660845 -0.0192572901 -0.0446897029
v 0.0288422787 -0.0163574038 -0.0415781687
v -0.0209108028 -0.0285509381 -0.0484231452
v -0.0285339957 -0.0246212639 -0.0464686193
v -0.0211326123 -0.0234875686 -0.0465807359
v -0.00867235227 -0.0232516534 -0.0471119769
v -0.0211327291 -0.0194061115 -0.0444468809
v -0.0287551561 -0.0204150095 -0.0443538913
v 0.00379064098 -0.0190541742 -0.0450246444
v -0.00867247196 -0.0191039297 -0.0449434621
v -0.0211328749 -0.0156321989 -0.0418069976
v -0.0286455106 -0.0164726541 -0.0417199015
v -0.00867261927 -0.0152686982 -0.0422606943
v -0.0211330455 -0.012228193 -0.0387047272
v -0.0288035447 -0.0129439253 -0.0385392341
v 0.00379049258 -0.0152088553 -0.0423347985
v -0.0221558445 -0.0094008615 -0.0352863251
v -0.0284908186 -0.00943392764 -0.0345227891
v -0.0106199549 -0.00891175971 -0.0356467091
v -0.00867279274 -0.0118093944 -0.0391080393
v 2.25310655e-05 -0.00840128923 -0.035260219
v 0.0037903191 -0.0117404456 -0.0391738286
v 0.0134149487 -0.00898071986 -0.0355550816
v 0.0162659387 -0.0154531881 -0.042028699
v 0.0288364721 -0.0126460469 -0.0382367987
v 0.028854071 -0.00991509553 -0.0350174407
v 0.0162657681 -0.0120219426 -0.0389016088
v 0.0304373575 -0.013662127 -0.0250324636
v 0.0304376401 -0.0167649358 -0.0301694381
v 0.0304378762 -0.0209330293 -0.0344871747
v 0.030437043 -0.0117801845 -0.0193338798
v 0.0304367141 -0.0112134937 -0.0133593712
v 0.0304363882 -0.0119904699 -0.0074085925
v 0.0304380571 -0.0259573865 -0.0377691409
v 0.030438174 -0.0315860935 -0.0398508128
v 0.0304382153 -0.0375368868 -0.0406277803
v 0.0304381867 -0.0435114026 -0.0400610879
v 0.0304380824 -0.0492100053 -0.0381791324
v 0.0304379141 -0.0543469769 -0.0350763614
v 0.0304376845 -0.0586646757 -0.0309082592
v 0.0304374083 -0.0619466565 -0.0258838641
v 0.0304360799 -0.0140721316 -0.00177987295
v 0.0304358037 -0.0173540978 0.00324451175
v 0.0304371 -0.0640283487 -0.0202551659
v 0.0304367712 -0.0648052929 -0.0143043653
v 0.0304364452 -0.0642386064 -0.00832987935
v 0.0304361307 -0.062356677 -0.00263128804
v 0.0304358481 -0.0592538653 0.00250567864
v 0.030435612 -0.0550857893 0.00682342434
v 0.0304354311 -0.050061403 0.0101053898
v 0.0304353142 -0.0444326814 0.0121870595
v 0.0304352729 -0.0384819027 0.0129640292
v 0.0304355742 -0.0216718431 0.00741259355
v 0.0304354029 -0.0268087958 0.0105154104
v 0.0304353015 -0.0325073869 0.0123973296
v -1.48848409e-06 -0.00200963023 0.0272472302
v -1.48865849e-06 -9.62615032e-06 0.0272472244
v -0.00606514678 -0.00200964567 0.0265636772
v -0.00606514695 -9.62668042e-06 0.0265636685
v -0.011824673 -0.00200964617 0.0245479838
v -0.0118246731 -9.62718393e-06 0.0245479838
v -0.0169912584 -0.00200963171 0.0213011983
v -0.0169912571 -9.62763561e-06 0.0213012128
v -0.02130583 -0.00200963209 0.0169861611
v -0.0213058331 -9.6280128e-06 0.0169861494
v -0.0245520407 -0.00200964729 0.0118192096
v -0.0245520408 -9.61339509e-06 0.011819206
v -0.0265671084 -0.00200963255 0.00605944915
v -0.0265671086 -9.64337355e-06 0.00605947134
v -0.027249989 -0.00200963261 -4.27290772e-06
v -0.0272499892 -9.64343325e-06 -4.25800657e-06
v -0.0265664419 -0.00200961763 -0.0060679391
v -0.0265664421 -9.6284727e-06 -0.00606791291
v -0.0245507397 -0.00200964729 -0.0118274424
v -0.0245507399 -9.62829648e-06 -0.0118274424
v -0.0213039644 -0.00200963209 -0.0169940322
v -0.0213039646 -9.62801264e-06 -0.0169940482
v -0.016988917 -0.00200963171 -0.0213086198
v -0.0169889157 -9.62763541e-06 -0.0213086038
v -0.0118219743 -0.00200963126 -0.0245548232
v -0.0118219745 -9.6271837e-06 -0.0245548232
v -0.00606222803 -0.00200963076 -0.0265698851
v -0.00606222675 -9.64158096e-06 -0.0265698909
v 1.5063316e-06 -0.00200963022 -0.0272527657
v 1.50615729e-06 -9.64105085e-06 -0.0272527745
v 0.00606516423 -0.00200962969 -0.026569207
v 0.00606516405 -9.64052075e-06 -0.0265692215
v 0.0118246886 -0.00200962919 -0.0245535251
v 0.0118246884 -9.62511644e-06 -0.0245535251
v 0.0169912762 -0.00200962874 -0.0213067571
v 0.0169912775 -9.62466476e-06 -0.0213067411
v 0.0213058493 -0.00200962836 -0.0169916937
v 0.0213058491 -9.62428757e-06 -0.0169917083
v 0.0245520614 -0.00200964299 -0.0118247452
v 0.0245520612 -9.62400378e-06 -0.0118247452
v 0.0265671291 -0.00200961299 -0.00606501817
v 0.026567126 -9.62382762e-06 -0.00606499234
v 0.0272500069 -0.00200962784 -1.27777451e-06
v 0.0272500067 -9.63866871e-06 -1.26287336e-06
v 0.0265664627 -0.0020096279 0.00606236972
v 0.0265664625 -9.63872847e-06 0.00606239191
v 0.0245507605 -0.00200964299 0.0118219068
v 0.0245507603 -9.60910239e-06 0.0118219032
v 0.0213039837 -0.00200962836 0.016988501
v 0.0213039806 -9.62428773e-06 0.0169884894
v 0.0169889348 -0.00200962874 0.0213030609
v 0.0169889361 -9.62466497e-06 0.0213030755
v 0.0118219907 -0.00200964411 0.0245492789
v 0.0118219905 -9.62511668e-06 0.0245492789
v 0.00606224402 -0.00200964461 0.0265643466
v 0.00606224385 -9.62562021e-06 0.0265643408
v -1.48848409e-06 -0.00200963023 0.0272472302
v -1.48865849e-06 -9.62615032e-06 0.0272472244
v -0.00606222803 -0.00200963076 -0.0265698851
v 1.5063316e-06 -0.00200963022 -0.0272527657
v 0.00606516423 -0.00200962969 -0.026569207
v 0.0118246886 -0.00200962919 -0.0245535251
v 0.0169912762 -0.00200962874 -0.0213067571
v 0.0213058493 -0.00200962836 -0.0169916937
v 0.0245520614 -0.00200964299 -0.0118247452
v 0.0265671291 -0.00200961299 -0.00606501817
v 0.0272500069 -0.00200962784 -1.27777451e-06
v 0.0265664627 -0.0020096279 0.00606236972
v 0.0245507605 -0.00200964299 0.0118219068
v 0.0213039837 -0.00200962836 0.016988501
v 0.0169889348 -0.00200962874 0.0213030609
v 0.0118219907 -0.00200964411 0.0245492789
v 0.00606224402 -0.00200964461 0.0265643466
v -1.48848409e-06 -0.00200963023 0.0272472302
v -0.00606514678 -0.00200964567 0.0265636772
v -0.011824673 -0.00200964617 0.0245479838
v -0.0169912584 -0.00200963171 0.0213011983
v -0.02130583 -0.00200963209 0.0169861611
v -0.0245520407 -0.00200964729 0.0118192096
v -0.0265671084 -0.00200963255 0.00605944915
v -0.027249989 -0.00200963261 -4.27290772e-06
v -0.0265664419 -0.00200961763 -0.0060679391
v -0.0245507397 -0.00200964729 -0.0118274424
v -0.0213039644 -0.00200963209 -0.0169940322
v -0.016988917 -0.00200963171 -0.0213086198
v -0.0118219743 -0.00200963126 -0.0245548232
v -0.0304131938 -0.0395171051 0.0136234346
v -0.0310129242 -0.0455894331 0.0125994498
v -0.030413138 -0.045589433 0.0125994862
v -0.0310129859 -0.0395171051 0.0136233968
v -0.0304131769 -0.0333691857 0.0132704707
v -0.0310129748 -0.0333691858 0.0132704343
v -0.0304130813 -0.0274539457 0.0115583498
v -0.0310128909 -0.0274539458 0.0115583127
v -0.0304129217 -0.0220679967 0.00857285049
v -0.0310127459 -0.0220679967 0.00857281266
v -0.0304126951 -0.0174814192 0.00446374688
v -0.0310125338 -0.0174814193 0.00446370977
v -0.0304124189 -0.0139241992 -0.000562947253
v -0.0310122751 -0.0139241992 -0.000562984496
v -0.0304121048 -0.0115747175 -0.00625519097
v -0.0310119784 -0.0115747176 -0.00625522807
v -0.0304117731 -0.0105507698 -0.0123274964
v -0.0310116642 -0.0105507699 -0.0123275255
v -0.0304114326 -0.0109037185 -0.018475439
v -0.0310113382 -0.0109037186 -0.0184754768
v -0.0304111094 -0.0126158467 -0.0243906703
v -0.0310110296 -0.0126158467 -0.0243907081
v -0.0304108123 -0.0156013394 -0.0297766353
v -0.0310107441 -0.0156013395 -0.0297766819
v -0.0304105587 -0.0197104685 -0.0343632069
v -0.0310104992 -0.0197104686 -0.0343632419
v -0.0304103662 -0.024737138 -0.0379204401
v -0.0310103096 -0.0247371381 -0.0379204779
v -0.0304102347 -0.0304293642 -0.0402699137
v -0.0310101782 -0.0304293642 -0.0402699428
v -0.0304101789 -0.0365016921 -0.0412938767
v -0.0310101165 -0.0365016922 -0.0412939058
v -0.0304101987 -0.0426496289 -0.0409408996
v -0.0310101247 -0.042649629 -0.0409409287
v -0.0304102913 -0.048564869 -0.0392287853
v -0.0310102086 -0.048564869 -0.0392288144
v -0.0304104568 -0.0539508326 -0.0362432766
v -0.0310103624 -0.0539508326 -0.0362433086
v -0.0304106805 -0.0585373925 -0.0321341795
v -0.0310105686 -0.0585373926 -0.0321342086
v -0.0304109537 -0.0620946315 -0.0271074648
v -0.0310108273 -0.0620946315 -0.027107494
v -0.0304112678 -0.0644440964 -0.0214152518
v -0.0310111211 -0.0644440964 -0.0214152809
v -0.0304116024 -0.0654680448 -0.015342902
v -0.0310114382 -0.0654680449 -0.0153429311
v -0.0304119401 -0.0651150968 -0.0091949958
v -0.0310117584 -0.0651150969 -0.00919502563
v -0.0304122633 -0.0634029534 -0.00327977141
v -0.0310120699 -0.0634029535 -0.00327980124
v -0.0304125604 -0.0604174767 0.00210620838
v -0.0310123583 -0.0604174767 0.00210617854
v -0.030412814 -0.0563083592 0.00669277069
v -0.0310126032 -0.0563083593 0.00669274086
v -0.0304130123 -0.0512816621 0.0102500053
v -0.0310123563 -0.050399752 0.0107832137
v -0.030413138 -0.045589433 0.0125994862
v -0.0310129242 -0.0455894331 0.0125994498
v -0.030412814 -0.0563083592 0.00669277069
v -0.0304125604 -0.0604174767 0.00210620838
v -0.0304130123 -0.0512816621 0.0102500053
v -0.0304122633 -0.0634029534 -0.00327977141
v -0.0304119401 -0.0651150968 -0.0091949958
v -0.0304116024 -0.0654680448 -0.015342902
v -0.0304112678 -0.0644440964 -0.0214152518
v -0.0304109537 -0.0620946315 -0.0271074648
v -0.0304106805 -0.0585373925 -0.0321341795
v -0.0304104568 -0.0539508326 -0.0362432766
v -0.0304102913 -0.048564869 -0.0392287853
v -0.0304101987 -0.0426496289 -0.0409408996
v -0.0304101789 -0.0365016921 -0.0412938767
v -0.0304102347 -0.0304293642 -0.0402699137
v -0.0304103662 -0.024737138 -0.0379204401
v -0.0304105587 -0.0197104685 -0.0343632069
v -0.0304108123 -0.0156013394 -0.0297766353
v -0.0304111094 -0.0126158467 -0.0243906703
v -0.0304114326 -0.0109037185 -0.018475439
v -0.0304117731 -0.0105507698 -0.0123274964
v -0.0304121048 -0.0115747175 -0.00625519097
v -0.0304124189 -0.0139241992 -0.000562947253
v -0.0304126951 -0.0174814192 0.00446374688
v -0.0304129217 -0.0220679967 0.00857285049
v -0.0304130813 -0.0274539457 0.0115583498
v -0.0304131769 -0.0333691857 0.0132704707
v -0.0304131938 -0.0395171051 0.0136234346
v -0.030413138 -0.045589433 0.0125994862
v -1.48865849e-06 -9.62615032e-06 0.0272472244
v 0.00799811824 -9.62545097e-06 0.0273519341
v 0.00194992445 -9.62597972e-06 0.028430458
v -0.00103552593 -9.47722854e-06 0.0284974987
v 0.00606224385 -9.62562021e-06 0.0265643408
v -0.00606514695 -9.62668042e-06 0.0265636685
v 0.0136746545 -9.62495471e-06 0.025002312
v -0.0074732794 -9.62680352e-06 0.027499962
v 0.0118219905 -9.62511668e-06 0.0245492789
v -0.0118246731 -9.62718393e-06 0.0245479838
v 0.0187157537 -9.624514e-06 0.0214907486
v -0.0131937297 -9.62730362e-06 0.0252593774
v 0.0169889361 -9.62466497e-06 0.0213030755
v -0.0169912571 -9.62763561e-06 0.0213012128
v 0.0228871635 -9.62414933e-06 0.0169803941
v -0.0183010896 -9.64265091e-06 0.0218448826
v 0.0213039806 -9.62428773e-06 0.0169884894
v -0.0213058331 -9.6280128e-06 0.0169861494
v 0.0259950495 -9.62387763e-06 0.0116808857
v -0.0225580312 -9.62812227e-06 0.0174151734
v 0.0245507603 -9.60910239e-06 0.0118219032
v -0.0245520408 -9.61339509e-06 0.011819206
v 0.0278949941 -9.62371153e-06 0.00583843866
v -0.0257667416 -9.62840279e-06 0.0121760815
v 0.0265664625 -9.63872847e-06 0.00606239191
v -0.0265671086 -9.64337355e-06 0.00605947134
v 0.0284987036 -9.62365875e-06 -0.000275414436
v -0.0277781131 -9.64347942e-06 0.00637108824
v 0.0272500067 -9.63866871e-06 -1.26287336e-06
v -0.0272499892 -9.64343325e-06 -4.25800657e-06
v 0.0277781306 -9.63862254e-06 -0.00637660924
v -0.0284986862 -9.64354241e-06 0.000269863745
v 0.026567126 -9.62382762e-06 -0.00606499234
v -0.0265664421 -9.6284727e-06 -0.00606791291
v 0.0257667591 -9.62389759e-06 -0.012181628
v -0.0278949738 -9.64348964e-06 -0.00584399313
v 0.0245520612 -9.62400378e-06 -0.0118247452
v -0.0245507399 -9.62829648e-06 -0.0118274424
v 0.0225580472 -9.6241781e-06 -0.0174207205
v -0.025995032 -9.62842275e-06 -0.0116864328
v 0.0213058491 -9.62428757e-06 -0.0169917083
v -0.0213039646 -9.62801264e-06 -0.0169940482
v 0.018301107 -9.62455025e-06 -0.0218504254
v -0.0228871475 -9.62815105e-06 -0.0169859413
v 0.0169912775 -9.62466476e-06 -0.0213067411
v -0.0169889157 -9.62763541e-06 -0.0213086038
v 0.0131937471 -9.65479905e-06 -0.0252648926
v -0.0187157348 -9.64268716e-06 -0.0214962914
v 0.0118246884 -9.62511644e-06 -0.0245535251
v -0.0118219745 -9.6271837e-06 -0.0245548232
v 0.00747329614 -9.62549685e-06 -0.0275055063
v -0.013674637 -9.64224645e-06 -0.0250078534
v 0.00606516405 -9.64052075e-06 -0.0265692215
v -0.00606222675 -9.64158096e-06 -0.0265698909
v 0.0010852541 -9.47704313e-06 -0.0285045389
v -0.00799810223 -9.6268494e-06 -0.0273574784
v 1.50615729e-06 -9.64105085e-06 -0.0272527745
v -0.00194990716 -9.62632065e-06 -0.0284359936
v 0.0310294889 -0.00662165568 -0.0194977401
v 0.0310371724 -0.00745245508 -0.022999513
v 0.0310368992 -0.0117801845 -0.0193338434
v 0.0310372159 -0.00610065164 -0.0149032654
v 0.0310371846 -0.0136621269 -0.0250324345
v 0.0310365994 -0.0112134936 -0.0133593334
v 0.0310370183 -0.00959112969 -0.0283672387
v 0.0310361449 -0.00634130576 -0.00983241553
v 0.0310374409 -0.0167649358 -0.0301694003
v 0.0310368759 -0.0124484273 -0.0329459202
v 0.0310362967 -0.0119904698 -0.00740856267
v 0.031037996 -0.00692105042 -0.00668982757
v 0.0310322598 -0.00922429264 3.69250756e-05
v 0.0310376509 -0.0209330292 -0.0344871311
v 0.0310362447 -0.0154374664 -0.0363756903
v 0.0310367659 -0.0184879567 -0.0390866131
v 0.0310358167 -0.0140721315 -0.00177983566
v 0.0310360784 -0.0107550886 0.00276215742
v 0.0310378114 -0.0259573864 -0.0377691118
v 0.0310374734 -0.0223339013 -0.041662337
v 0.0310367259 -0.0268598904 -0.0437343144
v 0.0310324639 -0.0135456883 0.00666668275
v 0.0310357559 -0.0173540977 0.00324454886
v 0.0310355409 -0.021671843 0.00741263066
v 0.0310355465 -0.0197396994 0.0124998798
v 0.0310353784 -0.0268087957 0.0105154475
v 0.0310348954 -0.0290656639 0.0168116574
v 0.031035277 -0.0325073868 0.0123973674
v 0.0310219041 -0.0364026086 0.0180709772
v 0.0310352426 -0.0384819026 0.0129640655
v 0.0310229147 -0.0436164703 0.0176404676
v 0.0310352751 -0.0444326814 0.0121870973
v 0.0310379137 -0.0315860934 -0.0398507807
v 0.031037771 -0.0307841869 -0.0449080486
v 0.0310377424 -0.0360811015 -0.0457341259
v 0.0310379433 -0.0375368867 -0.0406277512
v 0.0310378333 -0.0432951698 -0.0453308312
v 0.0310379119 -0.0435114025 -0.0400610588
v 0.0310361195 -0.0481502213 -0.0440841657
v 0.0310359014 -0.0508643078 0.0154596972
v 0.0310353746 -0.0500614029 0.0101054269
v 0.0310378105 -0.0492100053 -0.0381791033
v 0.0310374324 -0.0521284326 -0.0424385857
v 0.0310378169 -0.056074004 -0.0401872268
v 0.031037648 -0.0543469769 -0.0350763294
v 0.0310359749 -0.0594564046 -0.0374678115
v 0.0310355351 -0.0550857893 0.00682346144
v 0.0310353316 -0.0576088061 0.0113529073
v 0.0310338155 -0.06055742 0.0087394299
v 0.0310357479 -0.0592538652 0.00250570847
v 0.0310351925 -0.0645065246 0.00398576631
v 0.031037433 -0.0586646756 -0.0309082301
v 0.0310360567 -0.0623400762 -0.0344582979
v 0.0310365225 -0.0647808864 -0.0312029821
v 0.0310360014 -0.062356677 -0.00263125821
v 0.0310342876 -0.0668070252 -9.79043534e-05
v 0.0310365898 -0.0687565162 -0.00526968761
v 0.0310362897 -0.0642386063 -0.00832984952
v 0.0310360224 -0.0699349012 -0.0123862657
v 0.0310365895 -0.0648052928 -0.0143043362
v 0.031037148 -0.0619466564 -0.025883835
v 0.0310370495 -0.0669704607 -0.0272375823
v 0.0310365346 -0.0694248915 -0.019673194
v 0.0310368892 -0.0640283486 -0.0202551368
v -0.0310116642 -0.0105507699 -0.0123275255
v -0.0310089113 -0.00639230255 -0.0183655502
v -0.0310121157 -0.00611345729 -0.0125912906
v -0.0310082827 -0.00661696739 -0.00790325939
v -0.0310113382 -0.0109037186 -0.0184754768
v -0.0310119784 -0.0115747176 -0.00625522807
v -0.0310100142 -0.00801678232 -0.0248422817
v -0.0310066731 -0.00826095327 -0.00223833322
v -0.0310110296 -0.0126158467 -0.0243907081
v -0.0310122751 -0.0139241992 -0.000562984496
v -0.0310065884 -0.0115717075 0.00411966066
v -0.0310125338 -0.0174814193 0.00446370977
v -0.0310071381 -0.0152704595 0.00860868386
v -0.0310127459 -0.0220679967 0.00857281266
v -0.0310041398 -0.0222504166 0.013922673
v -0.0310128909 -0.0274539458 0.0115583127
v -0.0310133245 -0.0277942889 0.0164455952
v -0.0310129748 -0.0333691858 0.0132704343
v -0.0310037225 -0.0356979375 0.0180040559
v -0.0310129859 -0.0395171051 0.0136233968
v -0.031013204 -0.0413798696 0.017887431
v -0.0310129242 -0.0455894331 0.0125994498
v -0.0310125021 -0.0467034433 0.0169283259
v -0.0310123563 -0.050399752 0.0107832137
v -0.031013366 -0.0525784822 0.0145658065
v -0.0310134557 -0.058696154 0.0105540566
v -0.0310126032 -0.0563083593 0.00669274086
v -0.0310125181 -0.064017801 0.00474524131
v -0.0310123583 -0.0604174767 0.00210617854
v -0.0310116971 -0.0675535497 -0.00166630361
v -0.0310120699 -0.0634029535 -0.00327980124
v -0.0310119501 -0.0692480504 -0.00733865381
v -0.0310117584 -0.0651150969 -0.00919502563
v -0.0310122527 -0.0699252499 -0.0151927059
v -0.0310114382 -0.0654680449 -0.0153429311
v -0.0310072353 -0.0689066683 -0.0220037589
v -0.0310111211 -0.0644440964 -0.0214152809
v -0.0310108273 -0.0620946315 -0.027107494
v -0.0310090719 -0.0669136671 -0.0273917336
v -0.0310102043 -0.0649701656 -0.0309170224
v -0.0310102016 -0.0624116945 -0.0344386062
v -0.0310105686 -0.0585373926 -0.0321342086
v -0.0310103624 -0.0539508326 -0.0362433086
v -0.0310088194 -0.0588664405 -0.0379891804
v -0.0310092505 -0.0554753262 -0.0405304017
v -0.0310101444 -0.0509380099 -0.043056297
v -0.0310102086 -0.048564869 -0.0392288144
v -0.0310102963 -0.0439140827 -0.0452038978
v -0.0310101247 -0.042649629 -0.0409409287
v -0.0310101165 -0.0365016922 -0.0412939058
v -0.0310093596 -0.0390472442 -0.0457346177
v -0.0310094095 -0.0347091727 -0.0455743779
v -0.0310099075 -0.0302431754 -0.0448291481
v -0.0310101782 -0.0304293642 -0.0402699428
v -0.031009093 -0.0261528212 -0.0434710935
v -0.0310103096 -0.0247371381 -0.0379204779
v -0.0310104642 -0.0212985598 -0.0410590263
v -0.0310104992 -0.0197104686 -0.0343632419
v -0.0310104006 -0.0157059008 -0.0366729684
v -0.0310072548 -0.011971923 -0.0324668479
v -0.0310107441 -0.0156013395 -0.0297766819
vt 0.010307312 0.186889648
vt 0.0108261108 0.192871094
vt 0.010307312 0.192871094
vt 0.0108261108 0.186889648
vt 0.010307312 0.181030273
vt 0.0108261108 0.181030273
vt 0.010307312 0.175170898
vt 0.0108261108 0.175170898
vt 0.010307312 0.169311523
vt 0.0108261108 0.169311523
vt 0.010307312 0.163330078
vt 0.0108261108 0.163330078
vt 0.010307312 0.157470703
vt 0.0108261108 0.157470703
vt 0.010307312 0.151611328
vt 0.0108261108 0.151611328
vt 0.010307312 0.145751953
vt 0.0108261108 0.145751953
vt 0.010307312 0.139770508
vt 0.0108261108 0.139770508
vt 0.010307312 0.133911133
vt 0.0108261108 0.133911133
vt 0.010307312 0.128051758
vt 0.0108261108 0.128051758
vt 0.010307312 0.122131348
vt 0.0108261108 0.122131348
vt 0.010307312 0.116210938
vt 0.0108261108 0.116210938
vt 0.010307312 0.110351562
vt 0.0108261108 0.110351562
vt 0.010307312 0.104431152
vt 0.0108261108 0.104431152
vt 0.010307312 0.0985717773
vt 0.0108261108 0.0985717773
vt 0.010307312 0.0926513672
vt 0.0108261108 0.0926513672
vt 0.010307312 0.0867919922
vt 0.0108261108 0.0867919922
vt 0.010307312 0.080871582
vt 0.0108261108 0.080871582
vt 0.010307312 0.075012207
vt 0.0108261108 0.075012207
vt 0.010307312 0.0690917969
vt 0.0108261108 0.0690917969
vt 0.010307312 0.0632324219
vt 0.0108261108 0.0632324219
vt 0.010307312 0.0573425293
vt 0.0108261108 0.0573425293
vt 0.010307312 0.0514526367
vt 0.0108261108 0.0514526367
vt 0.010307312 0.0455627441
vt 0.0108261108 0.0455627441
vt 0.010307312 0.0396728516
vt 0.0108261108 0.0396728516
vt 0.010307312 0.0337524414
vt 0.0108261108 0.0337524414
vt 0.010307312 0.0278778076
vt 0.0108261108 0.0278778076
vt 0.674316406 0.0901489258
vt 0.676757812 0.08984375
vt 0.67578125 0.0938720703
vt 0.677734375 0.0936889648
vt 0.676757812 0.0941772461
vt 0.680175781 0.0933227539
vt 0.681640625 0.0892333984
vt 0.681640625 0.0935058594
vt 0.682617188 0.0928955078
vt 0.681640625 0.0938720703
vt 0.676757812 0.0944824219
vt 0.686523438 0.0926513672
vt 0.686523438 0.0923461914
vt 0.69140625 0.0910644531
vt 0.685058594 0.0922851562
vt 0.686035156 0.0882568359
vt 0.6875 0.0916137695
vt 0.689941406 0.091003418
vt 0.692382812 0.0900878906
vt 0.690917969 0.086730957
vt 0.694824219 0.0891723633
vt 0.694824219 0.0897216797
vt 0.696777344 0.0877685547
vt 0.6953125 0.0848388672
vt 0.698242188 0.0878295898
vt 0.698242188 0.0882568359
vt 0.702148438 0.0864868164
vt 0.698242188 0.0873413086
vt 0.701660156 0.0861816406
vt 0.706542969 0.083984375
vt 0.701660156 0.0858154297
vt 0.700195312 0.0826416016
vt 0.705078125 0.0841674805
vt 0.704589844 0.0802001953
vt 0.706054688 0.0839233398
vt 0.707519531 0.0823974609
vt 0.708007812 0.0825195312
vt 0.708984375 0.0825805664
vt 0.7109375 0.0806274414
vt 0.713378906 0.0782470703
vt 0.710449219 0.0803222656
vt 0.708496094 0.0773925781
vt 0.712890625 0.0780029297
vt 0.712402344 0.0741577148
vt 0.715820312 0.0758056641
vt 0.716308594 0.0759887695
vt 0.717285156 0.0739135742
vt 0.715820312 0.0707397461
vt 0.719238281 0.0733032227
vt 0.720214844 0.073059082
vt 0.71875 0.0729370117
vt 0.721679688 0.0702514648
vt 0.724121094 0.0671386719
vt 0.721191406 0.0700073242
vt 0.71875 0.0670776367
vt 0.723632812 0.0668334961
vt 0.726074219 0.0632324219
vt 0.721679688 0.0682373047
vt 0.723144531 0.0666503906
vt 0.721191406 0.0629272461
vt 0.725097656 0.0634155273
vt 0.727050781 0.0602111816
vt 0.728027344 0.0587768555
vt 0.7265625 0.0601806641
vt 0.723144531 0.05859375
vt 0.728027344 0.0565185547
vt 0.729492188 0.0527954102
vt 0.727539062 0.056427002
vt 0.724609375 0.0540466309
vt 0.729003906 0.0527038574
vt 0.729492188 0.0482788086
vt 0.727539062 0.0542907715
vt 0.728515625 0.0524597168
vt 0.725097656 0.0489807129
vt 0.729492188 0.0484924316
vt 0.729003906 0.0444946289
vt 0.729980469 0.0446472168
vt 0.729003906 0.0484924316
vt 0.725585938 0.046661377
vt 0.725585938 0.0418701172
vt 0.729492188 0.0406799316
vt 0.729980469 0.0384521484
vt 0.729003906 0.0407409668
vt 0.724609375 0.0371704102
vt 0.729003906 0.0367736816
vt 0.727539062 0.0306243896
vt 0.728515625 0.0366821289
vt 0.727050781 0.032409668
vt 0.723144531 0.0327148438
vt 0.727539062 0.0324707031
vt 0.725097656 0.0287475586
vt 0.720703125 0.0285797119
vt 0.726074219 0.0286102295
vt 0.723632812 0.025390625
vt 0.723144531 0.0257568359
vt 0.721191406 0.0224304199
vt 0.718261719 0.0245666504
vt 0.721679688 0.022277832
vt 0.71875 0.0191497803
vt 0.71484375 0.0207366943
vt 0.719238281 0.0193481445
vt 0.71875 0.0181427002
vt 0.717285156 0.0172729492
vt 0.713378906 0.0130691528
vt 0.716308594 0.0167999268
vt 0.714355469 0.0145568848
vt 0.711425781 0.0172271729
vt 0.711425781 0.012260437
vt 0.709960938 0.010269165
vt 0.70703125 0.0141067505
vt 0.708496094 0.00994873047
vt 0.703125 0.00648880005
vt 0.708496094 0.0104980469
vt 0.702636719 0.0115661621
vt 0.704589844 0.00830078125
vt 0.705078125 0.00786590576
vt 0.700683594 0.00633621216
vt 0.696777344 0.00506591797
vt 0.700195312 0.00662994385
vt 0.697753906 0.00984191895
vt 0.696777344 0.0055847168
vt 0.694335938 0.00452423096
vt 0.693847656 0.00504684448
vt 0.692871094 0.00859832764
vt 0.69140625 0.00425720215
vt 0.69140625 0.00365638733
vt 0.687988281 0.00275039673
vt 0.688964844 0.00358963013
vt 0.6875 0.00758361816
vt 0.686523438 0.00304222107
vt 0.682617188 0.00187397003
vt 0.683105469 0.00276374817
vt 0.682128906 0.00698471069
vt 0.682128906 0.00224876404
vt 0.677734375 0.00178527832
vt 0.680664062 0.0025138855
vt 0.676269531 0.0066947937
vt 0.678222656 0.00236320496
vt 0.675292969 0.00232505798
vt 0.674316406 0.00192546844
vt 0.674316406 0.00157260895
vt 0.625488281 0.520507812
vt 0.618164062 0.513183594
vt 0.624023438 0.518554688
vt 0.62890625 0.522949219
vt 0.6328125 0.526855469
vt 0.640625 0.534179688
vt 0.640625 0.533691406
vt 0.642089844 0.535644531
vt 0.642089844 0.536132812
vt 0.642578125 0.536621094
vt 0.643066406 0.537597656
vt 0.643066406 0.538574219
vt 0.643554688 0.538574219
vt 0.643554688 0.540039062
vt 0.643066406 0.541992188
vt 0.643066406 0.542480469
vt 0.642578125 0.547851562
vt 0.643066406 0.546386719
vt 0.642089844 0.550292969
vt 0.641113281 0.555175781
vt 0.641113281 0.555175781
vt 0.639648438 0.561035156
vt 0.640136719 0.561035156
vt 0.638183594 0.566894531
vt 0.638183594 0.567382812
vt 0.63671875 0.572753906
vt 0.63671875 0.571777344
vt 0.634765625 0.577148438
vt 0.635253906 0.577148438
vt 0.633789062 0.580566406
vt 0.633789062 0.580566406
vt 0.633300781 0.58203125
vt 0.6328125 0.582519531
vt 0.6328125 0.583007812
vt 0.631347656 0.583496094
vt 0.630859375 0.583984375
vt 0.629882812 0.584472656
vt 0.626953125 0.584960938
vt 0.627929688 0.584960938
vt 0.618164062 0.587402344
vt 0.838867188 0.567871094
vt 0.838867188 0.581054688
vt 0.838378906 0.572265625
vt 0.838867188 0.575195312
vt 0.83984375 0.572753906
vt 0.839355469 0.561035156
vt 0.841308594 0.567871094
vt 0.84375 0.564453125
vt 0.846191406 0.561523438
vt 0.848632812 0.559570312
vt 0.83984375 0.55859375
vt 0.853515625 0.556640625
vt 0.83984375 0.555664062
vt 0.838867188 0.58203125
vt 0.83984375 0.581054688
vt 0.838867188 0.592285156
vt 0.840332031 0.584960938
vt 0.838867188 0.601074219
vt 0.841308594 0.589355469
vt 0.845703125 0.594726562
vt 0.839355469 0.604980469
vt 0.840332031 0.607421875
vt 0.849121094 0.59765625
vt 0.842285156 0.608398438
vt 0.845703125 0.609375
vt 0.853515625 0.600097656
vt 0.8515625 0.610351562
vt 0.859375 0.602050781
vt 0.870117188 0.610839844
vt 0.864257812 0.602050781
vt 0.868164062 0.602050781
vt 0.863769531 0.610839844
vt 0.856933594 0.611328125
vt 0.877441406 0.609863281
vt 0.874023438 0.600585938
vt 0.883300781 0.607910156
vt 0.88671875 0.606445312
vt 0.881347656 0.596679688
vt 0.888183594 0.604492188
vt 0.885253906 0.591796875
vt 0.887207031 0.588378906
vt 0.888671875 0.583984375
vt 0.889160156 0.602050781
vt 0.889160156 0.58203125
vt 0.889160156 0.576660156
vt 0.890136719 0.571777344
vt 0.889648438 0.569335938
vt 0.889160156 0.572753906
vt 0.889648438 0.56640625
vt 0.889648438 0.562011719
vt 0.88671875 0.56640625
vt 0.8828125 0.562011719
vt 0.889160156 0.559082031
vt 0.880859375 0.560546875
vt 0.87890625 0.55859375
vt 0.875976562 0.557128906
vt 0.877441406 0.553710938
vt 0.889648438 0.555664062
vt 0.87109375 0.555175781
vt 0.889160156 0.552734375
vt 0.866699219 0.5546875
vt 0.876953125 0.55078125
vt 0.889648438 0.548828125
vt 0.876464844 0.548339844
vt 0.864746094 0.548828125
vt 0.864746094 0.551269531
vt 0.86328125 0.554199219
vt 0.852539062 0.55078125
vt 0.85546875 0.548339844
vt 0.845703125 0.548339844
vt 0.840332031 0.548828125
vt 0.83984375 0.551757812
vt 0.8515625 0.553710938
vt 0.858398438 0.555175781
vt 0.858398438 0.825195312
vt 0.858398438 0.833984375
vt 0.858398438 0.829589844
vt 0.856445312 0.832519531
vt 0.857421875 0.829101562
vt 0.858398438 0.825195312
vt 0.855957031 0.829101562
vt 0.856933594 0.82421875
vt 0.858886719 0.820800781
vt 0.857421875 0.820800781
vt 0.856933594 0.815917969
vt 0.858886719 0.813964844
vt 0.853027344 0.834472656
vt 0.858398438 0.811523438
vt 0.858886719 0.811523438
vt 0.85546875 0.810546875
vt 0.857910156 0.80859375
vt 0.85546875 0.835449219
vt 0.856933594 0.83984375
vt 0.858886719 0.845703125
vt 0.850097656 0.838378906
vt 0.855957031 0.843261719
vt 0.858886719 0.85546875
vt 0.857421875 0.80859375
vt 0.855957031 0.805175781
vt 0.856933594 0.805175781
vt 0.852050781 0.8046875
vt 0.854980469 0.802246094
vt 0.854003906 0.802246094
vt 0.849121094 0.801269531
vt 0.8515625 0.799316406
vt 0.850585938 0.841796875
vt 0.84375 0.842773438
vt 0.8515625 0.799316406
vt 0.848144531 0.796875
vt 0.848632812 0.796386719
vt 0.844238281 0.797363281
vt 0.845214844 0.794433594
vt 0.844238281 0.794433594
vt 0.83984375 0.795410156
vt 0.840820312 0.79296875
vt 0.841308594 0.792480469
vt 0.836425781 0.791503906
vt 0.836425781 0.794433594
vt 0.836914062 0.791015625
vt 0.832519531 0.793945312
vt 0.832519531 0.791015625
vt 0.832519531 0.790527344
vt 0.828613281 0.793945312
vt 0.828125 0.791015625
vt 0.828613281 0.790527344
vt 0.82421875 0.791015625
vt 0.82421875 0.791503906
vt 0.824707031 0.794433594
vt 0.819824219 0.792480469
vt 0.819824219 0.791992188
vt 0.818359375 0.796386719
vt 0.815917969 0.794433594
vt 0.815429688 0.793945312
vt 0.814453125 0.798339844
vt 0.8125 0.796386719
vt 0.812011719 0.795898438
vt 0.811523438 0.800292969
vt 0.809082031 0.798828125
vt 0.80859375 0.798828125
vt 0.806152344 0.801757812
vt 0.80859375 0.803710938
vt 0.805664062 0.801757812
vt 0.806640625 0.806640625
vt 0.803710938 0.805175781
vt 0.803222656 0.8046875
vt 0.8046875 0.809570312
vt 0.801269531 0.80859375
vt 0.801757812 0.80859375
vt 0.803222656 0.813964844
vt 0.800292969 0.8125
vt 0.799804688 0.8125
vt 0.799804688 0.81640625
vt 0.798828125 0.816894531
vt 0.802246094 0.819335938
vt 0.799316406 0.820800781
vt 0.798828125 0.820800781
vt 0.799804688 0.825195312
vt 0.803222656 0.826171875
vt 0.799316406 0.825195312
vt 0.801269531 0.829589844
vt 0.800292969 0.829101562
vt 0.8046875 0.830566406
vt 0.802734375 0.833007812
vt 0.802246094 0.833007812
vt 0.8046875 0.836914062
vt 0.8046875 0.836425781
vt 0.808105469 0.8359375
vt 0.807617188 0.839355469
vt 0.807128906 0.840332031
vt 0.8125 0.840332031
vt 0.811035156 0.842773438
vt 0.810546875 0.843261719
vt 0.814453125 0.844726562
vt 0.817871094 0.84375
vt 0.814941406 0.845703125
vt 0.8203125 0.84765625
vt 0.822753906 0.845214844
vt 0.820800781 0.848632812
vt 0.823242188 0.848632812
vt 0.827636719 0.846191406
vt 0.827148438 0.850585938
vt 0.826171875 0.850585938
vt 0.833007812 0.853027344
vt 0.836425781 0.853515625
vt 0.830566406 0.851074219
vt 0.832519531 0.846191406
vt 0.835449219 0.8515625
vt 0.845703125 0.85546875
vt 0.837402344 0.849121094
vt 0.839355469 0.844726562
vt 0.844238281 0.853515625
vt 0.843261719 0.847167969
vt 0.858886719 0.857421875
vt 0.858886719 0.858886719
vt 0.844238281 0.852050781
vt 0.848632812 0.848632812
vt 0.854003906 0.851074219
vt 0.785644531 0.322265625
vt 0.795898438 0.320068359
vt 0.785644531 0.323486328
vt 0.794433594 0.319335938
vt 0.785644531 0.321044922
vt 0.785644531 0.320068359
vt 0.803222656 0.316650391
vt 0.810546875 0.314941406
vt 0.795410156 0.317626953
vt 0.785644531 0.319091797
vt 0.785644531 0.316650391
vt 0.815429688 0.312744141
vt 0.820800781 0.312011719
vt 0.803710938 0.315917969
vt 0.794921875 0.316162109
vt 0.796875 0.314208984
vt 0.803710938 0.314697266
vt 0.8125 0.312988281
vt 0.790039062 0.308349609
vt 0.785644531 0.305908203
vt 0.7890625 0.303710938
vt 0.785644531 0.30078125
vt 0.821289062 0.311035156
vt 0.818847656 0.307861328
vt 0.812988281 0.308105469
vt 0.825195312 0.306396484
vt 0.825195312 0.309570312
vt 0.825683594 0.310302734
vt 0.829589844 0.307861328
vt 0.807128906 0.310302734
vt 0.806640625 0.306884766
vt 0.829589844 0.307128906
vt 0.831054688 0.303222656
vt 0.801757812 0.309814453
vt 0.798339844 0.303222656
vt 0.833496094 0.304931641
vt 0.833984375 0.305419922
vt 0.833496094 0.301025391
vt 0.836914062 0.302734375
vt 0.795898438 0.309082031
vt 0.836914062 0.301757812
vt 0.83984375 0.299804688
vt 0.836914062 0.297363281
vt 0.794433594 0.302734375
vt 0.79296875 0.298339844
vt 0.839355469 0.298828125
vt 0.842773438 0.295166016
vt 0.787597656 0.297119141
vt 0.791015625 0.294921875
vt 0.786132812 0.294189453
vt 0.789550781 0.292480469
vt 0.841796875 0.295410156
vt 0.839355469 0.293945312
vt 0.844238281 0.291748047
vt 0.843261719 0.291748047
vt 0.840820312 0.289794922
vt 0.845703125 0.287353516
vt 0.844726562 0.287109375
vt 0.845703125 0.283447266
vt 0.842285156 0.284179688
vt 0.845214844 0.283447266
vt 0.845703125 0.279052734
vt 0.845214844 0.279296875
vt 0.841796875 0.278076172
vt 0.845214844 0.274658203
vt 0.844726562 0.274902344
vt 0.84375 0.270751953
vt 0.840332031 0.271728516
vt 0.842773438 0.270996094
vt 0.841796875 0.267089844
vt 0.841308594 0.267333984
vt 0.838378906 0.268554688
vt 0.838867188 0.263671875
vt 0.838378906 0.263916016
vt 0.836425781 0.265869141
vt 0.8359375 0.261230469
vt 0.836914062 0.260986328
vt 0.833984375 0.263183594
vt 0.833496094 0.258300781
vt 0.832519531 0.258300781
vt 0.831054688 0.260986328
vt 0.827636719 0.259033203
vt 0.829101562 0.255859375
vt 0.829101562 0.256347656
vt 0.824707031 0.257568359
vt 0.825195312 0.254638672
vt 0.824707031 0.25390625
vt 0.821777344 0.253173828
vt 0.821289062 0.253662109
vt 0.8203125 0.256347656
vt 0.817382812 0.252685547
vt 0.816894531 0.253173828
vt 0.8125 0.252441406
vt 0.814453125 0.255859375
vt 0.812988281 0.253173828
vt 0.808105469 0.253173828
vt 0.80859375 0.253662109
vt 0.809570312 0.256347656
vt 0.804199219 0.254150391
vt 0.8046875 0.254882812
vt 0.806152344 0.257080078
vt 0.800292969 0.255859375
vt 0.80078125 0.256347656
vt 0.802246094 0.258544922
vt 0.796875 0.258056641
vt 0.798828125 0.260742188
vt 0.796875 0.258544922
vt 0.793457031 0.260742188
vt 0.796386719 0.262695312
vt 0.793457031 0.261230469
vt 0.791015625 0.263427734
vt 0.793457031 0.265625
vt 0.791015625 0.263671875
vt 0.7890625 0.266601562
vt 0.788574219 0.266601562
vt 0.791015625 0.269287109
vt 0.787109375 0.26953125
vt 0.787597656 0.269775391
vt 0.7890625 0.2734375
vt 0.786621094 0.272949219
vt 0.786132812 0.272705078
vt 0.785644531 0.275634766
vt 0.788085938 0.276367188
vt 0.785644531 0.280029297
vt 0.787597656 0.280029297
vt 0.785644531 0.283447266
vt 0.787597656 0.284179688
vt 0.785644531 0.285888672
vt 0.787597656 0.286865234
vt 0.786621094 0.286865234
vt 0.787597656 0.290527344
vt 0.786132812 0.291015625
vt 0.262207031 0.120544434
vt 0.261230469 0.13671875
vt 0.260742188 0.12097168
vt 0.264160156 0.133666992
vt 0.263183594 0.120239258
vt 0.261474609 0.147827148
vt 0.264648438 0.120056152
vt 0.262207031 0.151855469
vt 0.267822266 0.133056641
vt 0.268554688 0.119750977
vt 0.272460938 0.131591797
vt 0.2734375 0.119262695
vt 0.279785156 0.119262695
vt 0.267822266 0.146606445
vt 0.264892578 0.146728516
vt 0.266601562 0.159667969
vt 0.261962891 0.159790039
vt 0.26171875 0.166625977
vt 0.26171875 0.174438477
vt 0.274169922 0.146362305
vt 0.280517578 0.13269043
vt 0.273681641 0.162841797
vt 0.286865234 0.131958008
vt 0.286621094 0.11920166
vt 0.292724609 0.119445801
vt 0.293457031 0.131469727
vt 0.298339844 0.119689941
vt 0.286621094 0.143798828
vt 0.280517578 0.146362305
vt 0.299804688 0.131225586
vt 0.302246094 0.120056152
vt 0.280517578 0.159912109
vt 0.279785156 0.173461914
vt 0.293212891 0.142944336
vt 0.286865234 0.157104492
vt 0.302978516 0.133666992
vt 0.306640625 0.120605469
vt 0.286621094 0.169311523
vt 0.293212891 0.157226562
vt 0.299316406 0.144897461
vt 0.306152344 0.131713867
vt 0.309326172 0.121032715
vt 0.310058594 0.133056641
vt 0.311279297 0.151245117
vt 0.302978516 0.146606445
vt 0.299560547 0.157836914
vt 0.296142578 0.166503906
vt 0.305908203 0.14074707
vt 0.310791016 0.155517578
vt 0.311523438 0.163330078
vt 0.305664062 0.158569336
vt 0.311279297 0.169189453
vt 0.290771484 0.173461914
vt 0.302734375 0.173828125
vt 0.311767578 0.174682617
vt 0.300537109 0.178222656
vt 0.311279297 0.180419922
vt 0.289794922 0.178100586
vt 0.300537109 0.182983398
vt 0.311279297 0.184936523
vt 0.289794922 0.182861328
vt 0.300292969 0.187744141
vt 0.311035156 0.189575195
vt 0.289794922 0.18762207
vt 0.279052734 0.182739258
vt 0.279052734 0.177978516
vt 0.279052734 0.1875
vt 0.300292969 0.192504883
vt 0.289550781 0.192382812
vt 0.300292969 0.197265625
vt 0.311035156 0.196166992
vt 0.279052734 0.192260742
vt 0.289550781 0.197143555
vt 0.300292969 0.202026367
vt 0.311035156 0.200683594
vt 0.279052734 0.197021484
vt 0.289550781 0.201904297
vt 0.300292969 0.206665039
vt 0.310791016 0.206176758
vt 0.279052734 0.201782227
vt 0.289550781 0.206542969
vt 0.300048828 0.211425781
vt 0.310791016 0.2109375
vt 0.279052734 0.206542969
vt 0.289550781 0.211303711
vt 0.300048828 0.216186523
vt 0.310791016 0.215942383
vt 0.289550781 0.216064453
vt 0.301757812 0.220947266
vt 0.310546875 0.221191406
vt 0.278808594 0.211181641
vt 0.278808594 0.215942383
vt 0.300048828 0.225463867
vt 0.310791016 0.226196289
vt 0.289306641 0.220825195
vt 0.300048828 0.229980469
vt 0.310791016 0.231079102
vt 0.300048828 0.234619141
vt 0.310791016 0.235961914
vt 0.299804688 0.239135742
vt 0.310546875 0.240112305
vt 0.299804688 0.243652344
vt 0.310546875 0.245239258
vt 0.268066406 0.215820312
vt 0.27734375 0.220703125
vt 0.289306641 0.225341797
vt 0.289306641 0.229858398
vt 0.289306641 0.23449707
vt 0.289306641 0.239013672
vt 0.289306641 0.243530273
vt 0.268310547 0.211181641
vt 0.268310547 0.206420898
vt 0.268310547 0.201660156
vt 0.268310547 0.196899414
vt 0.268310547 0.192138672
vt 0.268310547 0.18737793
vt 0.26171875 0.19543457
vt 0.26171875 0.200805664
vt 0.26171875 0.205566406
vt 0.26171875 0.210449219
vt 0.26171875 0.215454102
vt 0.26171875 0.190063477
vt 0.26171875 0.185302734
vt 0.261474609 0.220581055
vt 0.268310547 0.182739258
vt 0.268310547 0.177978516
vt 0.26171875 0.179931641
vt 0.270996094 0.173461914
vt 0.266845703 0.220581055
vt 0.268066406 0.225219727
vt 0.261474609 0.225341797
vt 0.278808594 0.225219727
vt 0.268066406 0.229736328
vt 0.26171875 0.230102539
vt 0.261474609 0.234985352
vt 0.278808594 0.229858398
vt 0.268066406 0.23425293
vt 0.261474609 0.239624023
vt 0.278808594 0.234375
vt 0.268066406 0.238769531
vt 0.261230469 0.244506836
vt 0.278808594 0.238891602
vt 0.268066406 0.243408203
vt 0.261230469 0.249267578
vt 0.278808594 0.243530273
vt 0.268066406 0.247924805
vt 0.261230469 0.255126953
vt 0.278564453 0.248046875
vt 0.267822266 0.252441406
vt 0.289306641 0.248168945
vt 0.267822266 0.257080078
vt 0.261230469 0.259765625
vt 0.278564453 0.252685547
vt 0.299804688 0.248168945
vt 0.267822266 0.26171875
vt 0.261230469 0.264892578
vt 0.278564453 0.257080078
vt 0.289306641 0.252685547
vt 0.310302734 0.248291016
vt 0.310791016 0.250732422
vt 0.299804688 0.252685547
vt 0.310546875 0.256347656
vt 0.267822266 0.266113281
vt 0.261230469 0.26953125
vt 0.278564453 0.26171875
vt 0.289306641 0.257324219
vt 0.299804688 0.257324219
vt 0.267822266 0.270751953
vt 0.261230469 0.274658203
vt 0.278564453 0.266357422
vt 0.2890625 0.26171875
vt 0.299804688 0.26171875
vt 0.310791016 0.259765625
vt 0.2890625 0.266357422
vt 0.310302734 0.26171875
vt 0.310791016 0.264892578
vt 0.299804688 0.266357422
vt 0.278564453 0.270996094
vt 0.310302734 0.267578125
vt 0.310546875 0.270263672
vt 0.2890625 0.270996094
vt 0.299804688 0.270996094
vt 0.298583984 0.275390625
vt 0.310791016 0.275390625
vt 0.310791016 0.279785156
vt 0.288818359 0.275634766
vt 0.278320312 0.275634766
vt 0.299804688 0.281005859
vt 0.310791016 0.284423828
vt 0.2890625 0.281005859
vt 0.299804688 0.285400391
vt 0.311035156 0.289306641
vt 0.267822266 0.275634766
vt 0.261230469 0.279785156
vt 0.267578125 0.280761719
vt 0.278564453 0.281005859
vt 0.267578125 0.285400391
vt 0.260986328 0.284423828
vt 0.2890625 0.285644531
vt 0.278320312 0.285644531
vt 0.267578125 0.290039062
vt 0.260986328 0.289306641
vt 0.278320312 0.290283203
vt 0.267333984 0.294677734
vt 0.260742188 0.293945312
vt 0.289306641 0.290283203
vt 0.266357422 0.299072266
vt 0.260742188 0.299316406
vt 0.276611328 0.299316406
vt 0.278320312 0.294921875
vt 0.285888672 0.300048828
vt 0.289306641 0.294921875
vt 0.297607422 0.299072266
vt 0.300048828 0.290039062
vt 0.311035156 0.294433594
vt 0.311279297 0.298583984
vt 0.300048828 0.294677734
vt 0.743652344 0.939453125
vt 0.748535156 0.939453125
vt 0.753417969 0.940429688
vt 0.738769531 0.940429688
vt 0.734375 0.942871094
vt 0.73046875 0.945800781
vt 0.7578125 0.942871094
vt 0.76171875 0.945800781
vt 0.764648438 0.950195312
vt 0.767089844 0.954589844
vt 0.768066406 0.959960938
vt 0.768066406 0.96484375
vt 0.767089844 0.970214844
vt 0.764648438 0.974609375
vt 0.727539062 0.950195312
vt 0.725585938 0.954589844
vt 0.76171875 0.978515625
vt 0.7578125 0.981933594
vt 0.753417969 0.984375
vt 0.748535156 0.985351562
vt 0.743652344 0.985351562
vt 0.738769531 0.984375
vt 0.734375 0.981933594
vt 0.73046875 0.978515625
vt 0.727539062 0.974609375
vt 0.724121094 0.959960938
vt 0.724121094 0.96484375
vt 0.725585938 0.970214844
vt 0.188110352 0.00015771389
vt 0.189819336 0.00015771389
vt 0.188110352 0.00614929199
vt 0.189819336 0.00614929199
vt 0.188110352 0.0121383667
vt 0.189819336 0.0121383667
vt 0.188110352 0.0181274414
vt 0.189819336 0.0181274414
vt 0.188110352 0.0241241455
vt 0.189819336 0.0241241455
vt 0.188110352 0.0301055908
vt 0.189819336 0.0301055908
vt 0.188110352 0.0361022949
vt 0.189819336 0.0361022949
vt 0.188110352 0.0420837402
vt 0.189819336 0.0420837402
vt 0.188110352 0.0480651855
vt 0.189819336 0.0480651855
vt 0.188110352 0.0540771484
vt 0.189819336 0.0540771484
vt 0.188110352 0.0600585938
vt 0.189819336 0.0600585938
vt 0.188110352 0.0660400391
vt 0.189819336 0.0660400391
vt 0.188110352 0.0720214844
vt 0.189819336 0.0720214844
vt 0.188110352 0.0780029297
vt 0.189819336 0.0780029297
vt 0.188110352 0.083984375
vt 0.189819336 0.083984375
vt 0.188110352 0.0900268555
vt 0.189819336 0.0900268555
vt 0.188110352 0.0960083008
vt 0.189819336 0.0960083008
vt 0.188110352 0.101989746
vt 0.189819336 0.101989746
vt 0.188110352 0.107971191
vt 0.189819336 0.107971191
vt 0.188110352 0.113952637
vt 0.189819336 0.113952637
vt 0.188110352 0.119934082
vt 0.189819336 0.119934082
vt 0.188110352 0.125976562
vt 0.189819336 0.125976562
vt 0.188110352 0.131958008
vt 0.189819336 0.131958008
vt 0.188110352 0.137939453
vt 0.189819336 0.137939453
vt 0.188110352 0.143920898
vt 0.189819336 0.143920898
vt 0.188110352 0.149902344
vt 0.189819336 0.149902344
vt 0.188110352 0.155883789
vt 0.189819336 0.155883789
vt 0.188110352 0.161865234
vt 0.189819336 0.161865234
vt 0.188110352 0.16784668
vt 0.189819336 0.16784668
vt 0.959472656 0.150268555
vt 0.954589844 0.150268555
vt 0.949707031 0.149047852
vt 0.9453125 0.146850586
vt 0.94140625 0.143554688
vt 0.937988281 0.139404297
vt 0.936035156 0.134643555
vt 0.935058594 0.129516602
vt 0.935058594 0.124206543
vt 0.936035156 0.11907959
vt 0.937988281 0.114318848
vt 0.94140625 0.110229492
vt 0.9453125 0.106933594
vt 0.949707031 0.104675293
vt 0.954589844 0.10345459
vt 0.959472656 0.10345459
vt 0.964355469 0.104675293
vt 0.969238281 0.106933594
vt 0.973144531 0.110229492
vt 0.976074219 0.114318848
vt 0.978515625 0.11907959
vt 0.979492188 0.124206543
vt 0.979492188 0.129516602
vt 0.978515625 0.134643555
vt 0.976074219 0.139404297
vt 0.973144531 0.143554688
vt 0.969238281 0.146850586
vt 0.964355469 0.149047852
vt 0.17956543 0.00612258911
vt 0.179077148 7.56978989e-05
vt 0.17956543 7.60555267e-05
vt 0.179077148 0.00611877441
vt 0.17956543 0.0121688843
vt 0.179077148 0.0121688843
vt 0.17956543 0.0182037354
vt 0.179077148 0.0182037354
vt 0.17956543 0.0242614746
vt 0.179077148 0.0242614746
vt 0.17956543 0.0303039551
vt 0.179077148 0.0303039551
vt 0.17956543 0.0363464355
vt 0.179077148 0.0363464355
vt 0.17956543 0.042388916
vt 0.179077148 0.042388916
vt 0.17956543 0.0484313965
vt 0.179077148 0.0484313965
vt 0.17956543 0.054473877
vt 0.179077148 0.054473877
vt 0.17956543 0.0605163574
vt 0.179077148 0.0605163574
vt 0.17956543 0.0665893555
vt 0.179077148 0.0665893555
vt 0.17956543 0.0726318359
vt 0.179077148 0.0726318359
vt 0.17956543 0.0786743164
vt 0.179077148 0.0786743164
vt 0.17956543 0.0847167969
vt 0.179077148 0.0847167969
vt 0.17956543 0.0907592773
vt 0.179077148 0.0907592773
vt 0.17956543 0.0968017578
vt 0.179077148 0.0968017578
vt 0.17956543 0.102844238
vt 0.179077148 0.102844238
vt 0.17956543 0.108886719
vt 0.179077148 0.108886719
vt 0.17956543 0.114929199
vt 0.179077148 0.114929199
vt 0.17956543 0.12097168
vt 0.179077148 0.12097168
vt 0.17956543 0.127075195
vt 0.179077148 0.127075195
vt 0.17956543 0.133056641
vt 0.178955078 0.133056641
vt 0.17956543 0.139160156
vt 0.178955078 0.139160156
vt 0.17956543 0.145141602
vt 0.178955078 0.145141602
vt 0.17956543 0.151245117
vt 0.178955078 0.151245117
vt 0.17956543 0.157226562
vt 0.178955078 0.157226562
vt 0.17956543 0.163330078
vt 0.178955078 0.164306641
vt 0.17956543 0.169311523
vt 0.179077148 0.169311523
vt 0.680175781 0.963867188
vt 0.678222656 0.968261719
vt 0.681640625 0.958496094
vt 0.674804688 0.97265625
vt 0.670898438 0.976074219
vt 0.666503906 0.978515625
vt 0.661621094 0.979492188
vt 0.656738281 0.979492188
vt 0.651367188 0.978515625
vt 0.646972656 0.976074219
vt 0.643066406 0.97265625
vt 0.639648438 0.968261719
vt 0.637695312 0.963867188
vt 0.63671875 0.958496094
vt 0.63671875 0.953125
vt 0.637695312 0.948242188
vt 0.639648438 0.943359375
vt 0.643066406 0.938964844
vt 0.646972656 0.935546875
vt 0.651367188 0.93359375
vt 0.656738281 0.932128906
vt 0.661621094 0.932128906
vt 0.666503906 0.93359375
vt 0.670898438 0.935546875
vt 0.674804688 0.938964844
vt 0.678222656 0.943359375
vt 0.680175781 0.948242188
vt 0.681640625 0.953125
vt 0.083190918 0.822753906
vt 0.0887451172 0.822265625
vt 0.0846557617 0.823730469
vt 0.0825805664 0.823730469
vt 0.0873413086 0.821777344
vt 0.0788574219 0.823242188
vt 0.0924682617 0.819824219
vt 0.0779418945 0.823730469
vt 0.0911254883 0.819335938
vt 0.0745849609 0.822265625
vt 0.0956420898 0.81640625
vt 0.0737304688 0.822753906
vt 0.0944213867 0.81640625
vt 0.0706176758 0.8203125
vt 0.0980834961 0.8125
vt 0.0697631836 0.820800781
vt 0.0969238281 0.812988281
vt 0.0671386719 0.817871094
vt 0.0996704102 0.80859375
vt 0.0663452148 0.818359375
vt 0.0986328125 0.80859375
vt 0.0643310547 0.814453125
vt 0.100341797 0.804199219
vt 0.0635375977 0.814941406
vt 0.0994262695 0.804199219
vt 0.062286377 0.810546875
vt 0.100097656 0.799316406
vt 0.0614929199 0.810546875
vt 0.0992431641 0.799804688
vt 0.0611572266 0.806152344
vt 0.0989379883 0.794921875
vt 0.060333252 0.806152344
vt 0.0981445312 0.795410156
vt 0.0609741211 0.801269531
vt 0.0969238281 0.791015625
vt 0.0600891113 0.801757812
vt 0.0960693359 0.791503906
vt 0.0617675781 0.796875
vt 0.0941162109 0.787597656
vt 0.060760498 0.797363281
vt 0.0932617188 0.788085938
vt 0.0634765625 0.79296875
vt 0.090637207 0.784667969
vt 0.0623779297 0.79296875
vt 0.0897827148 0.78515625
vt 0.0660400391 0.7890625
vt 0.086730957 0.782714844
vt 0.0648193359 0.7890625
vt 0.0858154297 0.783691406
vt 0.0692749023 0.786132812
vt 0.0824584961 0.781738281
vt 0.0679321289 0.786132812
vt 0.0816040039 0.782714844
vt 0.0731201172 0.784179688
vt 0.0778808594 0.781738281
vt 0.0716552734 0.783691406
vt 0.0772705078 0.782714844
vt 0.0757446289 0.782226562
vt 0.454345703 0.890625
vt 0.457275391 0.890625
vt 0.456054688 0.895019531
vt 0.450683594 0.892089844
vt 0.461181641 0.89453125
vt 0.451416016 0.896484375
vt 0.462158203 0.890625
vt 0.447021484 0.893554688
vt 0.466064453 0.895507812
vt 0.466796875 0.891113281
vt 0.447021484 0.898925781
vt 0.444580078 0.895019531
vt 0.440429688 0.898925781
vt 0.470947266 0.897460938
vt 0.470458984 0.892578125
vt 0.473632812 0.894042969
vt 0.443359375 0.90234375
vt 0.438720703 0.900878906
vt 0.475097656 0.900390625
vt 0.476806641 0.896484375
vt 0.479980469 0.898925781
vt 0.436767578 0.904296875
vt 0.440673828 0.90625
vt 0.438964844 0.911132812
vt 0.434570312 0.911132812
vt 0.438476562 0.916015625
vt 0.434326172 0.919921875
vt 0.438964844 0.921386719
vt 0.436035156 0.926269531
vt 0.440673828 0.926269531
vt 0.438964844 0.931640625
vt 0.443359375 0.930664062
vt 0.478759766 0.904296875
vt 0.482177734 0.901855469
vt 0.484619141 0.905761719
vt 0.481445312 0.908691406
vt 0.487060547 0.911621094
vt 0.482910156 0.913574219
vt 0.487792969 0.916015625
vt 0.443115234 0.936523438
vt 0.446777344 0.934082031
vt 0.483642578 0.918457031
vt 0.487792969 0.919433594
vt 0.487548828 0.923339844
vt 0.482910156 0.923339844
vt 0.486572266 0.926757812
vt 0.451171875 0.937011719
vt 0.448486328 0.940429688
vt 0.451660156 0.941894531
vt 0.455810547 0.938964844
vt 0.456542969 0.943847656
vt 0.481201172 0.928222656
vt 0.485351562 0.930175781
vt 0.483642578 0.933105469
vt 0.4609375 0.939941406
vt 0.460449219 0.944335938
vt 0.465087891 0.944335938
vt 0.465820312 0.939453125
vt 0.470947266 0.942871094
vt 0.470703125 0.937988281
vt 0.478515625 0.932128906
vt 0.481445312 0.936035156
vt 0.476318359 0.939941406
vt 0.474853516 0.935546875
vt 0.417724609 0.887695312
vt 0.415039062 0.882324219
vt 0.419433594 0.884277344
vt 0.422607422 0.88671875
vt 0.413085938 0.885742188
vt 0.421630859 0.891113281
vt 0.409667969 0.880859375
vt 0.426025391 0.890136719
vt 0.408203125 0.884277344
vt 0.424804688 0.895507812
vt 0.429199219 0.895507812
vt 0.427001953 0.899902344
vt 0.430908203 0.900390625
vt 0.428222656 0.905273438
vt 0.432128906 0.907714844
vt 0.428222656 0.910644531
vt 0.431640625 0.913085938
vt 0.427246094 0.916015625
vt 0.4296875 0.919433594
vt 0.425048828 0.920410156
vt 0.427246094 0.923828125
vt 0.421875 0.924804688
vt 0.424560547 0.927246094
vt 0.418701172 0.927734375
vt 0.420410156 0.930664062
vt 0.415039062 0.93359375
vt 0.413330078 0.930175781
vt 0.408935547 0.935546875
vt 0.408447266 0.931640625
vt 0.402832031 0.935546875
vt 0.403320312 0.931640625
vt 0.397949219 0.934570312
vt 0.3984375 0.930664062
vt 0.392089844 0.931640625
vt 0.393798828 0.928222656
vt 0.387695312 0.927734375
vt 0.389892578 0.924804688
vt 0.38671875 0.920898438
vt 0.384521484 0.924316406
vt 0.3828125 0.921386719
vt 0.381103516 0.91796875
vt 0.384521484 0.916015625
vt 0.383300781 0.910644531
vt 0.380126953 0.913574219
vt 0.379638672 0.91015625
vt 0.379638672 0.905761719
vt 0.383300781 0.905273438
vt 0.380859375 0.899414062
vt 0.384277344 0.900390625
vt 0.386474609 0.895507812
vt 0.382324219 0.895507812
vt 0.384277344 0.892089844
vt 0.386474609 0.889160156
vt 0.389648438 0.891113281
vt 0.389160156 0.88671875
vt 0.393554688 0.887695312
vt 0.392822266 0.883789062
vt 0.398193359 0.885742188
vt 0.398193359 0.881835938
vt 0.402587891 0.880371094
vt 0.403076172 0.884277344
f 3/3 2/2 1/1
f 2/2 4/4 1/1
f 1/1 4/4 5/5
f 4/4 6/6 5/5
f 5/5 6/6 7/7
f 6/6 8/8 7/7
f 7/7 8/8 9/9
f 8/8 10/10 9/9
f 9/9 10/10 11/11
f 10/10 12/12 11/11
f 11/11 12/12 13/13
f 12/12 14/14 13/13
f 13/13 14/14 15/15
f 14/14 16/16 15/15
f 15/15 16/16 17/17
f 16/16 18/18 17/17
f 17/17 18/18 19/19
f 18/18 20/20 19/19
f 19/19 20/20 21/21
f 20/20 22/22 21/21
f 21/21 22/22 23/23
f 22/22 24/24 23/23
f 23/23 24/24 25/25
f 24/24 26/26 25/25
f 25/25 26/26 27/27
f 26/26 28/28 27/27
f 27/27 28/28 29/29
f 28/28 30/30 29/29
f 29/29 30/30 31/31
f 30/30 32/32 31/31
f 31/31 32/32 33/33
f 32/32 34/34 33/33
f 33/33 34/34 35/35
f 34/34 36/36 35/35
f 35/35 36/36 37/37
f 36/36 38/38 37/37
f 37/37 38/38 39/39
f 38/38 40/40 39/39
f 39/39 40/40 41/41
f 40/40 42/42 41/41
f 41/41 42/42 43/43
f 42/42 44/44 43/43
f 43/43 44/44 45/45
f 44/44 46/46 45/45
f 45/45 46/46 47/47
f 46/46 48/48 47/47
f 47/47 48/48 49/49
f 48/48 50/50 49/49
f 49/49 50/50 51/51
f 50/50 52/52 51/51
f 51/51 52/52 53/53
f 52/52 54/54 53/53
f 53/53 54/54 55/55
f 54/54 56/56 55/55
f 55/55 56/56 57/57
f 56/56 58/58 57/57
f 61/61 60/60 59/59
f 62/62 60/60 61/61
f 63/63 62/62 61/61
f 64/64 60/60 62/62
f 65/65 60/60 64/64
f 66/66 62/62 63/63
f 64/64 62/62 66/66
f 67/67 65/65 64/64
f 67/67 64/64 66/66
f 68/68 66/66 63/63
f 68/68 63/63 69/69
f 70/70 66/66 68/68
f 71/71 66/66 70/70
f 71/71 67/67 66/66
f 72/72 71/71 70/70
f 67/67 73/73 65/65
f 71/71 73/73 67/67
f 65/65 73/73 74/74
f 71/71 75/75 73/73
f 73/73 75/75 74/74
f 76/76 75/75 71/71
f 74/74 75/75 76/76
f 72/72 76/76 71/71
f 76/76 77/77 74/74
f 72/72 77/77 76/76
f 74/74 77/77 78/78
f 79/79 77/77 72/72
f 77/77 79/79 78/78
f 72/72 80/80 79/79
f 79/79 81/81 78/78
f 78/78 81/81 82/82
f 80/80 83/83 79/79
f 84/84 83/83 80/80
f 83/83 84/84 85/85
f 79/79 86/86 81/81
f 81/81 86/86 82/82
f 83/83 86/86 79/79
f 87/87 83/83 85/85
f 86/86 83/83 87/87
f 87/87 85/85 88/88
f 89/89 82/82 86/86
f 89/89 86/86 87/87
f 90/90 82/82 89/89
f 89/89 91/91 90/90
f 89/89 87/87 91/91
f 90/90 91/91 92/92
f 93/93 87/87 88/88
f 93/93 91/91 87/87
f 91/91 94/94 92/92
f 93/93 94/94 91/91
f 93/93 88/88 95/95
f 95/95 94/94 93/93
f 88/88 96/96 95/95
f 97/97 95/95 96/96
f 97/97 94/94 95/95
f 97/97 96/96 98/98
f 99/99 92/92 94/94
f 99/99 94/94 97/97
f 100/100 92/92 99/99
f 101/101 99/99 97/97
f 99/99 101/101 100/100
f 97/97 98/98 101/101
f 100/100 101/101 102/102
f 101/101 98/98 103/103
f 101/101 103/103 102/102
f 104/104 103/103 98/98
f 103/103 105/105 102/102
f 102/102 105/105 106/106
f 103/103 104/104 107/107
f 104/104 108/108 107/107
f 105/105 103/103 109/109
f 105/105 109/109 106/106
f 103/103 107/107 109/109
f 107/107 108/108 110/110
f 109/109 107/107 110/110
f 110/110 108/108 111/111
f 109/109 112/112 106/106
f 109/109 110/110 112/112
f 106/106 112/112 113/113
f 110/110 111/111 114/114
f 112/112 110/110 114/114
f 114/114 111/111 115/115
f 112/112 116/116 113/113
f 116/116 117/117 113/113
f 112/112 117/117 116/116
f 112/112 114/114 117/117
f 113/113 117/117 118/118
f 114/114 119/119 117/117
f 114/114 115/115 119/119
f 118/118 117/117 119/119
f 115/115 120/120 119/119
f 120/120 115/115 121/121
f 122/122 118/118 119/119
f 119/119 120/120 122/122
f 123/123 118/118 122/122
f 124/124 120/120 121/121
f 120/120 124/124 122/122
f 125/125 124/124 121/121
f 122/122 126/126 123/123
f 122/122 124/124 126/126
f 123/123 126/126 127/127
f 128/128 124/124 125/125
f 124/124 128/128 126/126
f 129/129 128/128 125/125
f 126/126 130/130 127/127
f 127/127 130/130 131/131
f 131/131 130/130 126/126
f 126/126 128/128 131/131
f 132/132 127/127 131/131
f 128/128 129/129 133/133
f 128/128 133/133 131/131
f 129/129 134/134 133/133
f 135/135 134/134 129/129
f 136/136 132/132 131/131
f 131/131 133/133 136/136
f 133/133 134/134 136/136
f 137/137 132/132 136/136
f 134/134 137/137 136/136
f 138/138 137/137 134/134
f 134/134 135/135 139/139
f 135/135 140/140 139/139
f 141/141 138/138 134/134
f 141/141 134/134 139/139
f 142/142 138/138 141/141
f 139/139 140/140 143/143
f 144/144 143/143 140/140
f 141/141 139/139 145/145
f 145/145 142/142 141/141
f 145/145 139/139 143/143
f 145/145 146/146 142/142
f 143/143 146/146 145/145
f 142/142 146/146 147/147
f 144/144 148/148 143/143
f 148/148 146/146 143/143
f 149/149 147/147 146/146
f 146/146 148/148 149/149
f 150/150 147/147 149/149
f 151/151 148/148 144/144
f 148/148 151/151 149/149
f 152/152 151/151 144/144
f 149/149 151/151 153/153
f 153/153 150/150 149/149
f 151/151 152/152 153/153
f 153/153 154/154 150/150
f 153/153 152/152 154/154
f 150/150 154/154 155/155
f 152/152 156/156 154/154
f 154/154 157/157 155/155
f 154/154 156/156 157/157
f 155/155 157/157 158/158
f 156/156 159/159 157/157
f 159/159 156/156 160/160
f 159/159 160/160 161/161
f 157/157 159/159 161/161
f 161/161 160/160 162/162
f 158/158 157/157 163/163
f 157/157 161/161 163/163
f 163/163 164/164 158/158
f 163/163 161/161 164/164
f 164/164 161/161 162/162
f 158/158 164/164 165/165
f 164/164 162/162 166/166
f 164/164 166/166 165/165
f 162/162 167/167 166/166
f 168/168 165/165 166/166
f 167/167 169/169 166/166
f 169/169 167/167 170/170
f 171/171 168/168 166/166
f 169/169 171/171 166/166
f 172/172 168/168 171/171
f 171/171 169/169 173/173
f 173/173 172/172 171/171
f 174/174 169/169 170/170
f 173/173 169/169 174/174
f 175/175 174/174 170/170
f 173/173 174/174 175/175
f 170/170 176/176 175/175
f 177/177 172/172 173/173
f 177/177 173/173 175/175
f 178/178 172/172 177/177
f 176/176 179/179 175/175
f 177/177 175/175 179/179
f 177/177 179/179 178/178
f 180/180 179/179 176/176
f 179/179 181/181 178/178
f 181/181 179/179 180/180
f 178/178 181/181 182/182
f 183/183 181/181 180/180
f 181/181 183/183 182/182
f 183/183 180/180 184/184
f 185/185 183/183 184/184
f 183/183 186/186 182/182
f 186/186 183/183 185/185
f 182/182 186/186 187/187
f 188/188 186/186 185/185
f 187/187 186/186 188/188
f 188/188 185/185 189/189
f 190/190 187/187 188/188
f 191/191 187/187 190/190
f 192/192 188/188 189/189
f 190/190 188/188 192/192
f 192/192 189/189 193/193
f 194/194 191/191 190/190
f 192/192 194/194 190/190
f 193/193 194/194 192/192
f 195/195 191/191 194/194
f 196/196 195/195 194/194
f 193/193 196/196 194/194
f 197/197 195/195 196/196
f 198/198 197/197 196/196
f 198/198 196/196 193/193
f 199/199 198/198 193/193
f 202/202 201/201 200/200
f 203/203 202/202 200/200
f 200/200 204/204 203/203
f 204/204 200/200 205/205
f 205/205 206/206 204/204
f 206/206 205/205 207/207
f 207/207 205/205 208/208
f 207/207 208/208 209/209
f 209/209 208/208 210/210
f 210/210 208/208 211/211
f 212/212 210/210 211/211
f 211/211 213/213 212/212
f 214/214 213/213 211/211
f 215/215 213/213 214/214
f 216/216 215/215 214/214
f 217/217 215/215 216/216
f 218/218 217/217 216/216
f 219/219 218/218 216/216
f 220/220 218/218 219/219
f 221/221 220/220 219/219
f 222/222 220/220 221/221
f 223/223 222/222 221/221
f 224/224 222/222 223/223
f 225/225 224/224 223/223
f 225/225 223/223 226/226
f 227/227 225/225 226/226
f 228/228 225/225 227/227
f 229/229 228/228 227/227
f 229/229 227/227 230/230
f 229/229 230/230 231/231
f 232/232 231/231 230/230
f 231/231 232/232 233/233
f 233/233 232/232 234/234
f 234/234 232/232 235/235
f 234/234 235/235 236/236
f 236/236 235/235 237/237
f 237/237 238/238 236/236
f 238/238 237/237 239/239
f 242/242 241/241 240/240
f 241/241 243/243 240/240
f 243/243 244/244 240/240
f 244/244 245/245 240/240
f 246/246 245/245 244/244
f 246/246 247/247 245/245
f 247/247 248/248 245/245
f 245/245 248/248 249/249
f 245/245 249/249 250/250
f 250/250 249/249 251/251
f 250/250 251/251 252/252
f 241/241 253/253 243/243
f 243/243 253/253 254/254
f 241/241 255/255 253/253
f 253/253 256/256 254/254
f 255/255 257/257 253/253
f 253/253 257/257 256/256
f 257/257 258/258 256/256
f 257/257 259/259 258/258
f 260/260 259/259 257/257
f 261/261 259/259 260/260
f 262/262 259/259 261/261
f 262/262 261/261 263/263
f 264/264 262/262 263/263
f 262/262 264/264 265/265
f 264/264 266/266 265/265
f 265/265 266/266 267/267
f 268/268 267/267 266/266
f 268/268 269/269 267/267
f 270/270 269/269 268/268
f 266/266 271/271 268/268
f 272/272 271/271 266/266
f 268/268 273/273 270/270
f 270/270 273/273 274/274
f 273/273 275/275 274/274
f 275/275 276/276 274/274
f 274/274 276/276 277/277
f 276/276 278/278 277/277
f 279/279 277/277 278/278
f 280/280 279/279 278/278
f 280/280 278/278 281/281
f 282/282 281/281 278/278
f 282/282 283/283 281/281
f 281/281 283/283 284/284
f 285/285 284/284 283/283
f 285/285 286/286 284/284
f 284/284 286/286 287/287
f 286/286 288/288 287/287
f 289/289 287/287 288/288
f 290/290 287/287 289/289
f 290/290 289/289 291/291
f 292/292 291/291 289/289
f 293/293 291/291 292/292
f 292/292 294/294 293/293
f 295/295 294/294 292/292
f 296/296 295/295 292/292
f 292/292 297/297 296/296
f 298/298 295/295 296/296
f 297/297 299/299 296/296
f 298/298 296/296 300/300
f 296/296 299/299 301/301
f 296/296 301/301 300/300
f 302/302 301/301 299/299
f 303/303 301/301 302/302
f 303/303 304/304 301/301
f 300/300 301/301 305/305
f 301/301 304/304 305/305
f 305/305 306/306 300/300
f 305/305 304/304 307/307
f 304/304 308/308 307/307
f 307/307 308/308 309/309
f 307/307 309/309 310/310
f 311/311 307/307 310/310
f 312/312 306/306 305/305
f 305/305 307/307 312/312
f 312/312 307/307 311/311
f 313/313 306/306 312/312
f 252/252 312/312 311/311
f 251/251 313/313 312/312
f 251/251 312/312 252/252
f 316/316 315/315 314/314
f 317/317 315/315 316/316
f 318/318 317/317 316/316
f 316/316 319/319 318/318
f 318/318 319/319 320/320
f 320/320 317/317 318/318
f 320/320 319/319 321/321
f 319/319 322/322 321/321
f 321/321 322/322 323/323
f 323/323 322/322 324/324
f 322/322 325/325 324/324
f 317/317 320/320 326/326
f 325/325 327/327 324/324
f 327/327 325/325 328/328
f 324/324 327/327 329/329
f 328/328 330/330 327/327
f 315/315 317/317 331/331
f 331/331 317/317 326/326
f 332/332 315/315 331/331
f 332/332 331/331 326/326
f 333/333 315/315 332/332
f 334/334 332/332 326/326
f 335/335 333/333 332/332
f 335/335 332/332 334/334
f 336/336 333/333 335/335
f 327/327 337/337 329/329
f 330/330 337/337 327/327
f 337/337 338/338 329/329
f 337/337 330/330 338/338
f 338/338 330/330 339/339
f 329/329 338/338 340/340
f 338/338 339/339 341/341
f 338/338 342/342 340/340
f 342/342 338/338 341/341
f 340/340 342/342 343/343
f 344/344 342/342 341/341
f 345/345 335/335 334/334
f 334/334 346/346 345/345
f 342/342 347/347 343/343
f 344/344 347/347 342/342
f 343/343 347/347 348/348
f 348/348 347/347 344/344
f 349/349 348/348 344/344
f 350/350 343/343 348/348
f 351/351 348/348 349/349
f 348/348 352/352 350/350
f 351/351 352/352 348/348
f 350/350 352/352 353/353
f 354/354 352/352 351/351
f 352/352 354/354 353/353
f 355/355 354/354 351/351
f 353/353 354/354 356/356
f 356/356 354/354 355/355
f 356/356 357/357 353/353
f 358/358 356/356 355/355
f 356/356 359/359 357/357
f 360/360 356/356 358/358
f 356/356 360/360 359/359
f 361/361 360/360 358/358
f 359/359 360/360 362/362
f 363/363 360/360 361/361
f 360/360 363/363 362/362
f 364/364 363/363 361/361
f 365/365 363/363 364/364
f 362/362 363/363 366/366
f 365/365 366/366 363/363
f 367/367 362/362 366/366
f 368/368 366/366 365/365
f 367/367 366/366 368/368
f 369/369 368/368 365/365
f 368/368 370/370 367/367
f 371/371 368/368 369/369
f 368/368 371/371 370/370
f 372/372 371/371 369/369
f 370/370 371/371 373/373
f 374/374 371/371 372/372
f 371/371 374/374 373/373
f 375/375 374/374 372/372
f 373/373 374/374 376/376
f 377/377 374/374 375/375
f 374/374 377/377 376/376
f 378/378 377/377 375/375
f 376/376 377/377 379/379
f 379/379 377/377 378/378
f 380/380 376/376 379/379
f 381/381 379/379 378/378
f 379/379 382/382 380/380
f 383/383 379/379 381/381
f 379/379 383/383 382/382
f 384/384 383/383 381/381
f 382/382 383/383 385/385
f 384/384 386/386 383/383
f 383/383 387/387 385/385
f 386/386 387/387 383/383
f 385/385 387/387 388/388
f 387/387 386/386 389/389
f 388/388 387/387 389/389
f 389/389 386/386 390/390
f 389/389 391/391 388/388
f 389/389 390/390 391/391
f 390/390 392/392 391/391
f 388/388 391/391 393/393
f 391/391 392/392 394/394
f 391/391 394/394 393/393
f 392/392 395/395 394/394
f 393/393 394/394 396/396
f 394/394 395/395 396/396
f 397/397 393/393 396/396
f 395/395 398/398 396/396
f 396/396 399/399 397/397
f 396/396 398/398 399/399
f 398/398 400/400 399/399
f 397/397 399/399 401/401
f 399/399 400/400 402/402
f 402/402 401/401 399/399
f 400/400 403/403 402/402
f 402/402 403/403 404/404
f 405/405 401/401 402/402
f 402/402 404/404 405/405
f 406/406 401/401 405/405
f 405/405 404/404 407/407
f 407/407 406/406 405/405
f 404/404 408/408 407/407
f 406/406 407/407 409/409
f 407/407 408/408 410/410
f 407/407 410/410 409/409
f 408/408 411/411 410/410
f 410/410 412/412 409/409
f 410/410 411/411 412/412
f 409/409 412/412 413/413
f 411/411 414/414 412/412
f 415/415 413/413 412/412
f 412/412 414/414 415/415
f 416/416 413/413 415/415
f 415/415 414/414 417/417
f 418/418 416/416 415/415
f 415/415 417/417 418/418
f 419/419 416/416 418/418
f 417/417 420/420 418/418
f 420/420 417/417 421/421
f 422/422 420/420 421/421
f 423/423 420/420 422/422
f 418/418 424/424 419/419
f 418/418 420/420 424/424
f 424/424 420/420 423/423
f 424/424 425/425 419/419
f 423/423 426/426 424/424
f 424/424 426/426 425/425
f 427/427 426/426 423/423
f 425/425 426/426 428/428
f 429/429 425/425 428/428
f 430/430 426/426 427/427
f 426/426 430/430 428/428
f 428/428 431/431 429/429
f 431/431 346/346 429/429
f 432/432 430/430 427/427
f 427/427 433/433 432/432
f 336/336 430/430 432/432
f 428/428 430/430 434/434
f 434/434 431/431 428/428
f 430/430 336/336 434/434
f 346/346 431/431 435/435
f 435/435 431/431 434/434
f 345/345 346/346 435/435
f 434/434 336/336 436/436
f 434/434 436/436 435/435
f 435/435 436/436 345/345
f 436/436 336/336 335/335
f 436/436 335/335 345/345
f 439/439 438/438 437/437
f 438/438 440/440 437/437
f 437/437 440/440 441/441
f 441/441 440/440 442/442
f 440/440 438/438 443/443
f 443/443 438/438 444/444
f 440/440 445/445 442/442
f 445/445 440/440 443/443
f 442/442 445/445 446/446
f 446/446 445/445 447/447
f 448/448 443/443 444/444
f 449/449 448/448 444/444
f 450/450 445/445 443/443
f 450/450 443/443 448/448
f 447/447 445/445 451/451
f 451/451 445/445 450/450
f 451/451 452/452 447/447
f 450/450 453/453 451/451
f 453/453 452/452 451/451
f 454/454 450/450 448/448
f 453/453 450/450 454/454
f 447/447 452/452 455/455
f 455/455 456/456 447/447
f 457/457 456/456 455/455
f 458/458 456/456 457/457
f 449/449 459/459 448/448
f 448/448 460/460 454/454
f 459/459 460/460 448/448
f 460/460 461/461 454/454
f 462/462 460/460 459/459
f 449/449 463/463 459/459
f 463/463 462/462 459/459
f 464/464 463/463 449/449
f 465/465 463/463 464/464
f 461/461 466/466 454/454
f 466/466 453/453 454/454
f 461/461 467/467 466/466
f 463/463 468/468 462/462
f 468/468 463/463 465/465
f 462/462 468/468 469/469
f 470/470 453/453 466/466
f 466/466 467/467 470/470
f 452/452 453/453 470/470
f 470/470 467/467 471/471
f 468/468 465/465 472/472
f 469/469 468/468 472/472
f 472/472 465/465 473/473
f 474/474 469/469 472/472
f 475/475 472/472 473/473
f 470/470 476/476 452/452
f 476/476 470/470 471/471
f 452/452 476/476 455/455
f 477/477 474/474 472/472
f 477/477 472/472 475/475
f 478/478 477/477 475/475
f 477/477 479/479 474/474
f 480/480 476/476 471/471
f 476/476 480/480 455/455
f 455/455 480/480 457/457
f 481/481 480/480 471/471
f 480/480 481/481 457/457
f 457/457 481/481 458/458
f 482/482 477/477 478/478
f 482/482 479/479 477/477
f 483/483 482/482 478/478
f 458/458 481/481 484/484
f 481/481 485/485 484/484
f 486/486 458/458 484/484
f 484/484 485/485 486/486
f 485/485 487/487 486/486
f 488/488 479/479 482/482
f 488/488 482/482 483/483
f 489/489 479/479 488/488
f 490/490 488/488 483/483
f 488/488 491/491 489/489
f 491/491 488/488 490/490
f 492/492 489/489 491/491
f 493/493 491/491 490/490
f 491/491 494/494 492/492
f 494/494 491/491 493/493
f 495/495 494/494 493/493
f 492/492 494/494 496/496
f 497/497 494/494 495/495
f 494/494 497/497 496/496
f 498/498 497/497 495/495
f 497/497 499/499 496/496
f 499/499 497/497 498/498
f 496/496 499/499 500/500
f 501/501 499/499 498/498
f 500/500 499/499 502/502
f 502/502 499/499 501/501
f 501/501 503/503 502/502
f 502/502 504/504 500/500
f 502/502 503/503 505/505
f 502/502 505/505 504/504
f 503/503 506/506 505/505
f 507/507 504/504 505/505
f 505/505 506/506 507/507
f 508/508 504/504 507/507
f 506/506 509/509 507/507
f 510/510 508/508 507/507
f 510/510 507/507 509/509
f 511/511 508/508 510/510
f 512/512 510/510 509/509
f 510/510 512/512 511/511
f 509/509 513/513 512/512
f 511/511 512/512 514/514
f 513/513 515/515 512/512
f 512/512 516/516 514/514
f 512/512 515/515 516/516
f 514/514 516/516 517/517
f 518/518 517/517 516/516
f 515/515 519/519 516/516
f 518/518 516/516 520/520
f 520/520 516/516 519/519
f 521/521 518/518 520/520
f 522/522 520/520 519/519
f 522/522 521/521 520/520
f 519/519 523/523 522/522
f 523/523 524/524 522/522
f 522/522 525/525 521/521
f 525/525 522/522 524/524
f 526/526 521/521 525/525
f 527/527 525/525 524/524
f 525/525 528/528 526/526
f 528/528 525/525 527/527
f 529/529 528/528 527/527
f 526/526 528/528 530/530
f 531/531 528/528 529/529
f 530/530 528/528 531/531
f 532/532 531/531 529/529
f 531/531 533/533 530/530
f 533/533 531/531 532/532
f 530/530 533/533 534/534
f 535/535 533/533 532/532
f 533/533 536/536 534/534
f 536/536 533/533 535/535
f 536/536 537/537 534/534
f 538/538 536/536 535/535
f 537/537 536/536 539/539
f 539/539 536/536 538/538
f 540/540 537/537 539/539
f 541/541 539/539 538/538
f 539/539 542/542 540/540
f 543/543 539/539 541/541
f 542/542 539/539 543/543
f 544/544 543/543 541/541
f 545/545 542/542 543/543
f 546/546 543/543 544/544
f 546/546 545/545 543/543
f 547/547 546/546 544/544
f 545/545 546/546 548/548
f 549/549 546/546 547/547
f 546/546 549/549 548/548
f 547/547 550/550 549/549
f 549/549 550/550 548/548
f 551/551 550/550 547/547
f 548/548 550/550 552/552
f 551/551 553/553 550/550
f 550/550 554/554 552/552
f 553/553 554/554 550/550
f 555/555 552/552 554/554
f 554/554 553/553 556/556
f 556/556 555/555 554/554
f 556/556 553/553 557/557
f 557/557 558/558 556/556
f 559/559 555/555 556/556
f 556/556 558/558 559/559
f 558/558 560/560 559/559
f 559/559 560/560 561/561
f 560/560 562/562 561/561
f 561/561 562/562 563/563
f 562/562 564/564 563/563
f 563/563 564/564 565/565
f 564/564 566/566 565/565
f 566/566 567/567 565/565
f 565/565 567/567 487/487
f 564/564 568/568 566/566
f 566/566 568/568 567/567
f 567/567 568/568 487/487
f 568/568 564/564 486/486
f 486/486 487/487 568/568
f 571/571 570/570 569/569
f 570/570 572/572 569/569
f 569/569 572/572 573/573
f 572/572 570/570 574/574
f 573/573 572/572 575/575
f 576/576 572/572 574/574
f 575/575 572/572 577/577
f 578/578 575/575 577/577
f 579/579 578/578 577/577
f 579/579 580/580 578/578
f 580/580 579/579 581/581
f 577/577 572/572 582/582
f 582/582 579/579 577/577
f 572/572 576/576 583/583
f 572/572 583/583 582/582
f 583/583 576/576 584/584
f 582/582 583/583 584/584
f 576/576 585/585 584/584
f 585/585 586/586 584/584
f 584/584 586/586 587/587
f 588/588 579/579 582/582
f 584/584 588/588 582/582
f 579/579 589/589 581/581
f 589/589 579/579 588/588
f 587/587 590/590 584/584
f 590/590 588/588 584/584
f 589/589 591/591 581/581
f 581/581 591/591 592/592
f 593/593 592/592 591/591
f 593/593 591/591 594/594
f 593/593 594/594 595/595
f 589/589 596/596 591/591
f 591/591 596/596 594/594
f 588/588 597/597 589/589
f 597/597 596/596 589/589
f 595/595 594/594 598/598
f 599/599 595/595 598/598
f 600/600 597/597 588/588
f 590/590 600/600 588/588
f 601/601 600/600 590/590
f 594/594 596/596 602/602
f 594/594 602/602 598/598
f 603/603 596/596 597/597
f 600/600 603/603 597/597
f 596/596 603/603 602/602
f 604/604 599/599 598/598
f 599/599 604/604 605/605
f 603/603 600/600 606/606
f 600/600 601/601 606/606
f 602/602 603/603 607/607
f 607/607 603/603 606/606
f 598/598 602/602 608/608
f 608/608 604/604 598/598
f 602/602 607/607 608/608
f 604/604 609/609 605/605
f 609/609 610/610 605/605
f 610/610 609/609 611/611
f 609/609 612/612 611/611
f 604/604 608/608 613/613
f 609/609 604/604 613/613
f 608/608 607/607 614/614
f 613/613 608/608 614/614
f 606/606 615/615 607/607
f 607/607 615/615 614/614
f 616/616 612/612 609/609
f 613/613 616/616 609/609
f 616/616 617/617 612/612
f 613/613 617/617 616/616
f 612/612 617/617 618/618
f 613/613 614/614 619/619
f 617/617 613/613 619/619
f 618/618 617/617 619/619
f 614/614 615/615 619/619
f 619/619 620/620 618/618
f 619/619 615/615 620/620
f 615/615 606/606 621/621
f 606/606 601/601 621/621
f 615/615 622/622 620/620
f 615/615 621/621 622/622
f 620/620 622/622 623/623
f 622/622 624/624 623/623
f 622/622 621/621 624/624
f 623/623 624/624 625/625
f 626/626 621/621 601/601
f 624/624 621/621 626/626
f 624/624 627/627 625/625
f 625/625 627/627 628/628
f 629/629 624/624 626/626
f 627/627 624/624 629/629
f 630/630 628/628 627/627
f 631/631 628/628 630/630
f 632/632 627/627 629/629
f 630/630 627/627 632/632
f 626/626 633/633 629/629
f 601/601 634/634 626/626
f 634/634 633/633 626/626
f 629/629 635/635 632/632
f 633/633 635/635 629/629
f 636/636 631/631 630/630
f 637/637 630/630 632/632
f 636/636 630/630 637/637
f 636/636 638/638 631/631
f 631/631 638/638 639/639
f 635/635 640/640 632/632
f 632/632 640/640 637/637
f 641/641 636/636 637/637
f 638/638 636/636 641/641
f 642/642 639/639 638/638
f 643/643 639/639 642/642
f 640/640 644/644 637/637
f 637/637 644/644 641/641
f 645/645 638/638 641/641
f 642/642 638/638 645/645
f 646/646 643/643 642/642
f 647/647 643/643 646/646
f 644/644 648/648 641/641
f 641/641 648/648 645/645
f 649/649 642/642 645/645
f 646/646 642/642 649/649
f 646/646 650/650 647/647
f 647/647 650/650 651/651
f 648/648 652/652 645/645
f 645/645 652/652 649/649
f 653/653 646/646 649/649
f 650/650 646/646 653/653
f 654/654 651/651 650/650
f 655/655 651/651 654/654
f 654/654 650/650 656/656
f 656/656 650/650 653/653
f 655/655 654/654 657/657
f 657/657 654/654 656/656
f 658/658 655/655 657/657
f 649/649 659/659 653/653
f 652/652 659/659 649/649
f 653/653 660/660 656/656
f 659/659 660/660 653/653
f 657/657 661/661 658/658
f 658/658 661/661 662/662
f 657/657 656/656 663/663
f 660/660 663/663 656/656
f 661/661 657/657 663/663
f 664/664 662/662 661/661
f 665/665 662/662 664/664
f 664/664 666/666 665/665
f 665/665 666/666 667/667
f 668/668 667/667 666/666
f 668/668 669/669 667/667
f 670/670 669/669 668/668
f 671/671 669/669 670/670
f 660/660 659/659 672/672
f 660/660 673/673 663/663
f 673/673 660/660 672/672
f 661/661 663/663 674/674
f 673/673 674/674 663/663
f 664/664 661/661 675/675
f 675/675 661/661 674/674
f 666/666 664/664 676/676
f 676/676 664/664 675/675
f 668/668 666/666 677/677
f 677/677 666/666 676/676
f 670/670 668/668 678/678
f 678/678 668/668 677/677
f 672/672 659/659 679/679
f 659/659 652/652 679/679
f 679/679 652/652 680/680
f 652/652 648/648 680/680
f 680/680 648/648 681/681
f 648/648 644/644 681/681
f 681/681 644/644 682/682
f 644/644 640/640 682/682
f 682/682 640/640 683/683
f 640/640 635/635 683/683
f 683/683 635/635 684/684
f 635/635 633/633 684/684
f 683/683 685/685 682/682
f 684/684 685/685 683/683
f 685/685 686/686 682/682
f 682/682 686/686 681/681
f 687/687 681/681 686/686
f 680/680 681/681 687/687
f 687/687 688/688 680/680
f 680/680 688/688 679/679
f 688/688 689/689 679/679
f 690/690 685/685 684/684
f 679/679 689/689 672/672
f 691/691 690/690 684/684
f 689/689 692/692 672/672
f 693/693 691/691 684/684
f 684/684 633/633 693/693
f 633/633 634/634 693/693
f 694/694 691/691 693/693
f 693/693 634/634 694/694
f 695/695 691/691 694/694
f 694/694 634/634 601/601
f 695/695 694/694 696/696
f 696/696 694/694 601/601
f 587/587 695/695 696/696
f 696/696 601/601 590/590
f 587/587 696/696 590/590
f 672/672 692/692 697/697
f 672/672 697/697 673/673
f 698/698 697/697 692/692
f 699/699 698/698 692/692
f 700/700 673/673 697/697
f 700/700 697/697 698/698
f 674/674 673/673 700/700
f 701/701 698/698 699/699
f 701/701 700/700 698/698
f 702/702 701/701 699/699
f 702/702 703/703 701/701
f 704/704 674/674 700/700
f 704/704 700/700 701/701
f 675/675 674/674 704/704
f 701/701 703/703 705/705
f 705/705 704/704 701/701
f 703/703 706/706 705/705
f 707/707 675/675 704/704
f 707/707 704/704 705/705
f 676/676 675/675 707/707
f 705/705 706/706 708/708
f 708/708 707/707 705/705
f 708/708 706/706 709/709
f 710/710 676/676 707/707
f 710/710 707/707 708/708
f 677/677 676/676 710/710
f 709/709 711/711 708/708
f 711/711 710/710 708/708
f 709/709 712/712 711/711
f 713/713 677/677 710/710
f 713/713 710/710 711/711
f 678/678 677/677 713/713
f 711/711 712/712 714/714
f 714/714 713/713 711/711
f 714/714 712/712 715/715
f 716/716 678/678 713/713
f 716/716 713/713 714/714
f 715/715 717/717 714/714
f 717/717 716/716 714/714
f 718/718 678/678 716/716
f 718/718 670/670 678/678
f 717/717 715/715 719/719
f 715/715 720/720 719/719
f 721/721 716/716 717/717
f 721/721 718/718 716/716
f 719/719 721/721 717/717
f 722/722 670/670 718/718
f 670/670 722/722 671/671
f 719/719 720/720 723/723
f 720/720 724/724 723/723
f 725/725 721/721 719/719
f 723/723 725/725 719/719
f 726/726 718/718 721/721
f 726/726 722/722 718/718
f 725/725 726/726 721/721
f 671/671 722/722 727/727
f 671/671 727/727 728/728
f 722/722 729/729 727/727
f 727/727 729/729 728/728
f 729/729 722/722 726/726
f 730/730 728/728 729/729
f 723/723 724/724 731/731
f 724/724 732/732 731/731
f 733/733 725/725 723/723
f 731/731 733/733 723/723
f 734/734 726/726 725/725
f 734/734 729/729 726/726
f 733/733 734/734 725/725
f 735/735 730/730 729/729
f 735/735 729/729 734/734
f 731/731 732/732 736/736
f 736/736 732/732 737/737
f 738/738 733/733 731/731
f 736/736 738/738 731/731
f 739/739 734/734 733/733
f 739/739 735/735 734/734
f 738/738 739/739 733/733
f 740/740 730/730 735/735
f 740/740 735/735 739/739
f 741/741 730/730 740/740
f 742/742 739/739 738/738
f 742/742 740/740 739/739
f 743/743 741/741 740/740
f 741/741 743/743 744/744
f 745/745 743/743 740/740
f 744/744 743/743 745/745
f 745/745 740/740 742/742
f 746/746 742/742 738/738
f 746/746 738/738 736/736
f 747/747 744/744 745/745
f 748/748 744/744 747/747
f 749/749 745/745 742/742
f 749/749 742/742 746/746
f 745/745 750/750 747/747
f 747/747 750/750 748/748
f 750/750 745/745 749/749
f 750/750 751/751 748/748
f 751/751 750/750 749/749
f 748/748 751/751 752/752
f 751/751 753/753 752/752
f 754/754 749/749 746/746
f 749/749 754/754 751/751
f 755/755 746/746 736/736
f 754/754 746/746 755/755
f 756/756 753/753 751/751
f 757/757 753/753 756/756
f 751/751 754/754 758/758
f 754/754 755/755 758/758
f 758/758 756/756 751/751
f 756/756 759/759 757/757
f 760/760 757/757 759/759
f 736/736 761/761 755/755
f 737/737 761/761 736/736
f 761/761 737/737 762/762
f 755/755 761/761 763/763
f 763/763 761/761 762/762
f 764/764 755/755 763/763
f 758/758 755/755 764/764
f 762/762 765/765 763/763
f 763/763 765/765 764/764
f 762/762 766/766 765/765
f 758/758 767/767 756/756
f 767/767 759/759 756/756
f 764/764 768/768 758/758
f 765/765 768/768 764/764
f 768/768 767/767 758/758
f 766/766 769/769 765/765
f 765/765 769/769 768/768
f 766/766 770/770 769/769
f 768/768 771/771 767/767
f 769/769 771/771 768/768
f 770/770 772/772 769/769
f 769/769 772/772 771/771
f 770/770 773/773 772/772
f 767/767 774/774 759/759
f 771/771 774/774 767/767
f 772/772 773/773 775/775
f 775/775 773/773 776/776
f 777/777 772/772 775/775
f 772/772 778/778 771/771
f 778/778 772/772 777/777
f 771/771 778/778 774/774
f 779/779 778/778 777/777
f 780/780 778/778 779/779
f 778/778 780/780 774/774
f 781/781 780/780 779/779
f 774/774 782/782 759/759
f 774/774 780/780 782/782
f 759/759 782/782 760/760
f 783/783 760/760 782/782
f 783/783 781/781 784/784
f 785/785 780/780 781/781
f 780/780 785/785 782/782
f 785/785 781/781 783/783
f 782/782 785/785 783/783
f 788/788 787/787 786/786
f 789/789 788/788 786/786
f 789/789 790/790 788/788
f 790/790 791/791 788/788
f 788/788 791/791 792/792
f 792/792 791/791 793/793
f 791/791 794/794 793/793
f 791/791 795/795 794/794
f 796/796 795/795 791/791
f 797/797 796/796 791/791
f 791/791 798/798 797/797
f 799/799 798/798 791/791
f 800/800 799/799 791/791
f 801/801 799/799 800/800
f 802/802 799/799 801/801
f 803/803 802/802 801/801
f 803/803 801/801 804/804
f 801/801 805/805 804/804
f 801/801 806/806 805/805
f 807/807 806/806 801/801
f 808/808 807/807 801/801
f 801/801 809/809 808/808
f 810/810 809/809 801/801
f 811/811 810/810 801/801
f 812/812 810/810 811/811
f 812/812 813/813 810/810
f 816/816 815/815 814/814
f 817/817 815/815 816/816
f 818/818 817/817 816/816
f 819/819 817/817 818/818
f 820/820 819/819 818/818
f 821/821 819/819 820/820
f 822/822 821/821 820/820
f 823/823 821/821 822/822
f 824/824 823/823 822/822
f 825/825 823/823 824/824
f 826/826 825/825 824/824
f 827/827 825/825 826/826
f 828/828 827/827 826/826
f 829/829 827/827 828/828
f 830/830 829/829 828/828
f 831/831 829/829 830/830
f 832/832 831/831 830/830
f 833/833 831/831 832/832
f 834/834 833/833 832/832
f 835/835 833/833 834/834
f 836/836 835/835 834/834
f 837/837 835/835 836/836
f 838/838 837/837 836/836
f 839/839 837/837 838/838
f 840/840 839/839 838/838
f 841/841 839/839 840/840
f 842/842 841/841 840/840
f 843/843 841/841 842/842
f 844/844 843/843 842/842
f 845/845 843/843 844/844
f 846/846 845/845 844/844
f 847/847 845/845 846/846
f 848/848 847/847 846/846
f 849/849 847/847 848/848
f 850/850 849/849 848/848
f 851/851 849/849 850/850
f 852/852 851/851 850/850
f 853/853 851/851 852/852
f 854/854 853/853 852/852
f 855/855 853/853 854/854
f 856/856 855/855 854/854
f 857/857 855/855 856/856
f 858/858 857/857 856/856
f 859/859 857/857 858/858
f 860/860 859/859 858/858
f 861/861 859/859 860/860
f 862/862 861/861 860/860
f 863/863 861/861 862/862
f 864/864 863/863 862/862
f 865/865 863/863 864/864
f 866/866 865/865 864/864
f 867/867 865/865 866/866
f 868/868 867/867 866/866
f 869/869 867/867 868/868
f 870/870 869/869 868/868
f 871/871 869/869 870/870
f 874/874 873/873 872/872
f 875/875 874/874 872/872
f 872/872 876/876 875/875
f 877/877 876/876 872/872
f 878/878 877/877 872/872
f 872/872 879/879 878/878
f 880/880 879/879 872/872
f 881/881 880/880 872/872
f 872/872 882/882 881/881
f 883/883 882/882 872/872
f 884/884 883/883 872/872
f 872/872 885/885 884/884
f 886/886 885/885 872/872
f 887/887 886/886 872/872
f 872/872 888/888 887/887
f 872/872 889/889 888/888
f 890/890 889/889 872/872
f 891/891 890/890 872/872
f 872/872 892/892 891/891
f 893/893 892/892 872/872
f 894/894 893/893 872/872
f 872/872 895/895 894/894
f 896/896 895/895 872/872
f 897/897 896/896 872/872
f 872/872 898/898 897/897
f 899/899 898/898 872/872
f 902/902 901/901 900/900
f 901/901 903/903 900/900
f 900/900 903/903 904/904
f 903/903 905/905 904/904
f 904/904 905/905 906/906
f 905/905 907/907 906/906
f 906/906 907/907 908/908
f 907/907 909/909 908/908
f 908/908 909/909 910/910
f 909/909 911/911 910/910
f 910/910 911/911 912/912
f 911/911 913/913 912/912
f 912/912 913/913 914/914
f 913/913 915/915 914/914
f 914/914 915/915 916/916
f 915/915 917/917 916/916
f 916/916 917/917 918/918
f 917/917 919/919 918/918
f 918/918 919/919 920/920
f 919/919 921/921 920/920
f 920/920 921/921 922/922
f 921/921 923/923 922/922
f 922/922 923/923 924/924
f 923/923 925/925 924/924
f 924/924 925/925 926/926
f 925/925 927/927 926/926
f 926/926 927/927 928/928
f 927/927 929/929 928/928
f 928/928 929/929 930/930
f 929/929 931/931 930/930
f 930/930 931/931 932/932
f 931/931 933/933 932/932
f 932/932 933/933 934/934
f 933/933 935/935 934/934
f 934/934 935/935 936/936
f 935/935 937/937 936/936
f 936/936 937/937 938/938
f 937/937 939/939 938/938
f 938/938 939/939 940/940
f 939/939 941/941 940/940
f 940/940 941/941 942/942
f 941/941 943/943 942/942
f 942/942 943/943 944/944
f 943/943 945/945 944/944
f 944/944 945/945 946/946
f 945/945 947/947 946/946
f 946/946 947/947 948/948
f 947/947 949/949 948/948
f 948/948 949/949 950/950
f 949/949 951/951 950/950
f 950/950 951/951 952/952
f 951/951 953/953 952/952
f 952/952 953/953 954/954
f 953/953 955/955 954/954
f 954/954 955/955 956/956
f 955/955 957/957 956/956
f 960/960 959/959 958/958
f 961/961 959/959 960/960
f 962/962 961/961 960/960
f 960/960 963/963 962/962
f 964/964 963/963 960/960
f 965/965 964/964 960/960
f 960/960 966/966 965/965
f 967/967 966/966 960/960
f 968/968 967/967 960/960
f 960/960 969/969 968/968
f 970/970 969/969 960/960
f 971/971 970/970 960/960
f 960/960 972/972 971/971
f 960/960 973/973 972/972
f 974/974 973/973 960/960
f 975/975 974/974 960/960
f 960/960 976/976 975/975
f 977/977 976/976 960/960
f 978/978 977/977 960/960
f 960/960 979/979 978/978
f 980/980 979/979 960/960
f 981/981 980/980 960/960
f 960/960 982/982 981/981
f 983/983 982/982 960/960
f 984/984 983/983 960/960
f 960/960 985/985 984/984
f 988/988 987/987 986/986
f 989/989 988/988 986/986
f 986/986 987/987 990/990
f 986/986 991/991 989/989
f 987/987 992/992 990/990
f 989/989 991/991 993/993
f 990/990 992/992 994/994
f 991/991 995/995 993/993
f 992/992 996/996 994/994
f 993/993 995/995 997/997
f 994/994 996/996 998/998
f 995/995 999/999 997/997
f 996/996 1000/1000 998/998
f 997/997 999/999 1001/1001
f 998/998 1000/1000 1002/1002
f 999/999 1003/1003 1001/1001
f 1000/1000 1004/1004 1002/1002
f 1001/1001 1003/1003 1005/1005
f 1002/1002 1004/1004 1006/1006
f 1003/1003 1007/1007 1005/1005
f 1004/1004 1008/1008 1006/1006
f 1005/1005 1007/1007 1009/1009
f 1006/1006 1008/1008 1010/1010
f 1007/1007 1011/1011 1009/1009
f 1008/1008 1012/1012 1010/1010
f 1009/1009 1011/1011 1013/1013
f 1010/1010 1012/1012 1014/1014
f 1011/1011 1015/1015 1013/1013
f 1012/1012 1016/1016 1014/1014
f 1013/1013 1015/1015 1017/1017
f 1014/1014 1016/1016 1018/1018
f 1015/1015 1019/1019 1017/1017
f 1016/1016 1020/1020 1018/1018
f 1017/1017 1019/1019 1021/1021
f 1018/1018 1020/1020 1022/1022
f 1019/1019 1023/1023 1021/1021
f 1020/1020 1024/1024 1022/1022
f 1021/1021 1023/1023 1025/1025
f 1022/1022 1024/1024 1026/1026
f 1023/1023 1027/1027 1025/1025
f 1024/1024 1028/1028 1026/1026
f 1025/1025 1027/1027 1029/1029
f 1026/1026 1028/1028 1030/1030
f 1027/1027 1031/1031 1029/1029
f 1028/1028 1032/1032 1030/1030
f 1029/1029 1031/1031 1033/1033
f 1030/1030 1032/1032 1034/1034
f 1031/1031 1035/1035 1033/1033
f 1032/1032 1036/1036 1034/1034
f 1033/1033 1035/1035 1037/1037
f 1034/1034 1036/1036 1038/1038
f 1035/1035 1039/1039 1037/1037
f 1036/1036 1040/1040 1038/1038
f 1037/1037 1039/1039 1041/1041
f 1038/1038 1040/1040 1042/1042
f 1039/1039 1042/1042 1041/1041
f 1042/1042 1040/1040 1043/1043
f 1041/1041 1042/1042 1043/1043
f 1046/1046 1045/1045 1044/1044
f 1044/1044 1047/1047 1046/1046
f 1048/1048 1045/1045 1046/1046
f 1046/1046 1047/1047 1049/1049
f 1050/1050 1045/1045 1048/1048
f 1051/1051 1049/1049 1047/1047
f 1048/1048 1052/1052 1050/1050
f 1050/1050 1052/1052 1053/1053
f 1054/1054 1049/1049 1051/1051
f 1055/1055 1054/1054 1051/1051
f 1055/1055 1056/1056 1054/1054
f 1057/1057 1053/1053 1052/1052
f 1058/1058 1053/1053 1057/1057
f 1057/1057 1059/1059 1058/1058
f 1054/1054 1056/1056 1060/1060
f 1060/1060 1056/1056 1061/1061
f 1062/1062 1059/1059 1057/1057
f 1063/1063 1059/1059 1062/1062
f 1064/1064 1063/1063 1062/1062
f 1061/1061 1065/1065 1060/1060
f 1060/1060 1065/1065 1066/1066
f 1066/1066 1065/1065 1067/1067
f 1065/1065 1068/1068 1067/1067
f 1069/1069 1067/1067 1068/1068
f 1068/1068 1070/1070 1069/1069
f 1069/1069 1070/1070 1071/1071
f 1070/1070 1072/1072 1071/1071
f 1071/1071 1072/1072 1073/1073
f 1074/1074 1073/1073 1072/1072
f 1075/1075 1073/1073 1074/1074
f 1076/1076 1064/1064 1062/1062
f 1077/1077 1064/1064 1076/1076
f 1077/1077 1076/1076 1078/1078
f 1076/1076 1079/1079 1078/1078
f 1080/1080 1078/1078 1079/1079
f 1081/1081 1080/1080 1079/1079
f 1080/1080 1081/1081 1082/1082
f 1083/1083 1075/1075 1074/1074
f 1075/1075 1083/1083 1084/1084
f 1081/1081 1085/1085 1082/1082
f 1085/1085 1086/1086 1082/1082
f 1087/1087 1086/1086 1085/1085
f 1088/1088 1087/1087 1085/1085
f 1088/1088 1089/1089 1087/1087
f 1084/1084 1083/1083 1090/1090
f 1083/1083 1091/1091 1090/1090
f 1091/1091 1092/1092 1090/1090
f 1090/1090 1092/1092 1093/1093
f 1093/1093 1092/1092 1094/1094
f 1095/1095 1089/1089 1088/1088
f 1096/1096 1089/1089 1095/1095
f 1096/1096 1095/1095 1097/1097
f 1093/1093 1094/1094 1098/1098
f 1094/1094 1099/1099 1098/1098
f 1100/1100 1098/1098 1099/1099
f 1101/1101 1098/1098 1100/1100
f 1100/1100 1102/1102 1101/1101
f 1101/1101 1102/1102 1103/1103
f 1095/1095 1104/1104 1097/1097
f 1104/1104 1105/1105 1097/1097
f 1103/1103 1102/1102 1106/1106
f 1106/1106 1105/1105 1104/1104
f 1107/1107 1103/1103 1106/1106
f 1107/1107 1106/1106 1104/1104
f 1110/1110 1109/1109 1108/1108
f 1111/1111 1110/1110 1108/1108
f 1108/1108 1109/1109 1112/1112
f 1113/1113 1111/1111 1108/1108
f 1114/1114 1112/1112 1109/1109
f 1115/1115 1111/1111 1113/1113
f 1116/1116 1112/1112 1114/1114
f 1117/1117 1115/1115 1113/1113
f 1118/1118 1115/1115 1117/1117
f 1117/1117 1119/1119 1118/1118
f 1118/1118 1119/1119 1120/1120
f 1119/1119 1121/1121 1120/1120
f 1120/1120 1121/1121 1122/1122
f 1121/1121 1123/1123 1122/1122
f 1123/1123 1124/1124 1122/1122
f 1125/1125 1124/1124 1123/1123
f 1126/1126 1124/1124 1125/1125
f 1125/1125 1127/1127 1126/1126
f 1128/1128 1126/1126 1127/1127
f 1129/1129 1128/1128 1127/1127
f 1130/1130 1128/1128 1129/1129
f 1129/1129 1131/1131 1130/1130
f 1130/1130 1131/1131 1132/1132
f 1131/1131 1133/1133 1132/1132
f 1134/1134 1133/1133 1131/1131
f 1135/1135 1133/1133 1134/1134
f 1134/1134 1136/1136 1135/1135
f 1135/1135 1136/1136 1137/1137
f 1136/1136 1138/1138 1137/1137
f 1139/1139 1137/1137 1138/1138
f 1140/1140 1139/1139 1138/1138
f 1139/1139 1140/1140 1141/1141
f 1140/1140 1142/1142 1141/1141
f 1143/1143 1141/1141 1142/1142
f 1144/1144 1143/1143 1142/1142
f 1145/1145 1143/1143 1144/1144
f 1146/1146 1143/1143 1145/1145
f 1145/1145 1147/1147 1146/1146
f 1148/1148 1147/1147 1145/1145
f 1149/1149 1148/1148 1145/1145
f 1150/1150 1148/1148 1149/1149
f 1151/1151 1148/1148 1150/1150
f 1150/1150 1152/1152 1151/1151
f 1153/1153 1152/1152 1150/1150
f 1154/1154 1153/1153 1150/1150
f 1155/1155 1153/1153 1154/1154
f 1156/1156 1155/1155 1154/1154
f 1157/1157 1155/1155 1156/1156
f 1158/1158 1155/1155 1157/1157
f 1159/1159 1158/1158 1157/1157
f 1159/1159 1157/1157 1160/1160
f 1157/1157 1161/1161 1160/1160
f 1161/1161 1162/1162 1160/1160
f 1163/1163 1162/1162 1161/1161
f 1163/1163 1164/1164 1162/1162
f 1165/1165 1164/1164 1163/1163
f 1166/1166 1164/1164 1165/1165
f 1166/1166 1165/1165 1167/1167
f 1165/1165 1168/1168 1167/1167
f 1168/1168 1116/1116 1167/1167
f 1167/1167 1116/1116 1114/1114
