v -0.00778967841 0.0429725221 0.329083994
v 0.00100445077 0.042498579 0.325353133
v 0.0140250489 0.0448684023 0.329563779
v 0.0140250489 0.0448684023 0.329563779
v 0.0123620302 0.0419397507 0.320384183
v 0.0169508404 0.0426987828 0.321810773
v 0.0383817837 0.046986433 0.339073893
v 0.033536005 0.0448552008 0.328165141
v 0.048956017 0.0460783941 0.337373758
v 0.0580290826 0.0486962594 0.356372406
v 0.0561001767 0.0463430132 0.343639352
v 0.062439029 0.046418584 0.350755189
v 0.070597216 0.0497916288 0.379372858
v 0.0720471161 0.0463619122 0.36600959
v 0.0797653829 0.0465292194 0.390620827
v 0.0745702557 0.0501404494 0.405301064
v 0.079833334 0.0466832091 0.416583231
v 0.0694690024 0.0497006252 0.43102971
v 0.0707443369 0.0461386801 0.441825794
v 0.0669691569 0.0492778483 0.437740544
v 0.0658257944 0.0493848312 0.437054786
v 0.096700336 -0.00199738449 0.357364289
v 0.0891675688 -0.00224738889 0.322999849
v 0.0967657562 -0.00224738467 0.357349824
v 0.0891021577 -0.00199738872 0.323014315
v 0.0965216383 -0.00181437057 0.357403818
v 0.0889828957 -0.00209663214 0.32216498
v 0.08892346 -0.00181437493 0.323053835
v 0.0962775299 -0.00174738465 0.357457811
v 0.0889359565 -0.00186170754 0.322262941
v 0.0887897911 -0.00147099107 0.321602175
v 0.0888204958 -0.00166251928 0.321430818
v 0.0886999598 -0.000997388653 0.320885897
v 0.0886793607 -0.00174738902 0.323107851
v 0.0896182724 -0.0017473904 0.358404232
v 0.0820201123 -0.00174739476 0.324054263
v 0.0887707829 -0.00168974113 0.322363588
v 0.088545883 -0.00164951922 0.322504396
v 0.0842530584 -0.00162678712 0.323386355
v 0.081742443 -0.00127949921 0.322799014
v 0.0884254656 -0.00136543105 0.321960024
v 0.0886364956 -0.00133079344 0.321756563
v 0.0883299045 -0.000922956613 0.321527987
v 0.0816460178 -0.00074739463 0.322363086
v 0.0885368508 -0.000780897082 0.321306032
v 0.0882685495 -0.000365430916 0.321250612
v 0.0815947126 -9.47151336e-05 0.322131121
v 0.0886813151 -0.000872388637 0.321111757
v 0.0886399963 -0.00044270113 0.320924944
v 0.0886358123 -0.000181531606 0.320595949
v 0.088498879 -0.000386121669 0.321134431
v 0.0882474031 0.000252611156 0.321155046
v 0.0815947119 0.000599895608 0.322131121
v 0.0886235978 -0.000138105128 0.320850802
v 0.0884838175 -0.000106336463 0.321066301
v 0.0886162033 0.000252611479 0.320817415
v 0.0886358115 0.00068672418 0.320595949
v 0.0884770324 0.000252611374 0.321035646
v 0.0882685483 0.000870622808 0.321250612
v 0.0816460159 0.0012526057 0.322363086
v 0.0884838169 0.000611528685 0.321066301
v 0.0886235971 0.000643297623 0.320850802
v 0.0883299024 0.00142817893 0.321527987
v 0.0817424401 0.00178467985 0.322799014
v 0.0884988779 0.000891344374 0.321134432
v 0.088639995 0.000947893637 0.320924944
v 0.0886999575 0.00150261165 0.320885897
v 0.0885622964 0.00146754691 0.321421083
v 0.0887090069 0.0015751214 0.321237002
v 0.0888204923 0.00216771181 0.321430818
v 0.0884254626 0.00187062293 0.321960024
v 0.0818723703 0.00213196983 0.323386355
v 0.0886610672 0.00192482251 0.321867586
v 0.088816527 0.00207289354 0.321723025
v 0.0889828914 0.0026018246 0.32216498
v 0.0885458795 0.00215471097 0.322504396
v 0.0820201086 0.00225260575 0.324054263
v 0.0887855041 0.00221843197 0.322430178
v 0.0889519869 0.00239247391 0.322335451
v 0.0891675643 0.00275261214 0.322999849
v 0.088679357 0.0022526115 0.323107851
v 0.0896182687 0.00225261026 0.358404232
v 0.0891021536 0.00250261184 0.323014315
v 0.0889234562 0.00231959773 0.323053835
v 0.0962775262 0.00225261586 0.357457811
v 0.0967003319 0.00250261621 0.35736429
v 0.0967657516 0.00275261622 0.357349824
v 0.0969504066 0.00260182892 0.358184693
v 0.0965216345 0.00231960195 0.357403819
v 0.0964110129 0.00215471537 0.358061258
v 0.0897659982 0.00213197439 0.359072124
v 0.0968665332 0.00236690462 0.358115671
v 0.0971128065 0.00216771648 0.358918862
v 0.0965314394 0.00187062763 0.358605639
v 0.089895929 0.00178468444 0.359659464
v 0.0966743116 0.00219493773 0.358094086
v 0.0970126986 0.00197621885 0.35877643
v 0.0972333425 0.00150261662 0.359463785
v 0.0968085898 0.00183602103 0.358701097
v 0.0966270005 0.00142818374 0.35903766
v 0.0899923542 0.00125261041 0.360095401
v 0.0969082528 0.00128609419 0.359151635
v 0.0966883556 0.000870627636 0.359315033
v 0.0900436685 0.000599900454 0.360327349
v 0.0971211746 0.00137761656 0.359266862
v 0.0971624934 0.000947898531 0.35945366
v 0.0972974718 0.000686729165 0.359753732
v 0.0969462064 0.00089134922 0.359323246
v 0.0967094928 0.000252616011 0.359410607
v 0.0900436691 -9.47102872e-05 0.360327349
v 0.096961277 0.000611533549 0.35939136
v 0.0971788919 0.000643302538 0.359527811
v 0.0971862864 0.000252616404 0.35956119
v 0.0972974726 -0.000181526639 0.359753732
v 0.0969680622 0.000252616248 0.359422024
v 0.0966883567 -0.000365426088 0.359315033
v 0.089992356 -0.000747389851 0.360095401
v 0.0969612777 -0.000106331599 0.35939136
v 0.0971788926 -0.000138100213 0.359527811
v 0.0966270027 -0.000922951794 0.35903766
v 0.0898959318 -0.00127949463 0.359659464
v 0.0969462076 -0.000386116788 0.359323246
v 0.0971624946 -0.000442696236 0.35945366
v 0.0972333448 -0.000997383823 0.359463785
v 0.0965314424 -0.00136542635 0.358605638
v 0.0897660016 -0.00162678475 0.359072123
v 0.0968827981 -0.000962349881 0.359036577
v 0.0970934827 -0.00106992417 0.359141617
v 0.09711281 -0.0016625146 0.358918861
v 0.0964110164 -0.00164951468 0.358061258
v 0.0896182724 -0.0017473904 0.358404232
v 0.0962775299 -0.00174738465 0.357457811
v 0.0965216383 -0.00181437057 0.357403818
v 0.0967840274 -0.00141962533 0.358590088
v 0.0969859626 -0.0015676966 0.358655597
v 0.0969504109 -0.00209662768 0.358184692
v 0.0966595996 -0.00171320452 0.358027475
v 0.096700336 -0.00199738449 0.357364289
v 0.0968504936 -0.00188727683 0.35804317
v 0.0967657562 -0.00224738467 0.357349824
v 0.0963309623 -0.0114914659 0.355384264
v 0.096099241 -0.0113498339 0.354646805
v 0.0961636608 -0.0115997732 0.354627917
v 0.096249817 -0.0112523302 0.355327523
v 0.0959212618 -0.0111668505 0.354689567
v 0.0963865047 -0.0109441637 0.355945505
v 0.0964828477 -0.0111490581 0.35607091
v 0.0960595778 -0.0110772811 0.35531492
v 0.0964959348 -0.0104554853 0.356440256
v 0.0966044376 -0.0106060896 0.356620638
v 0.0958112583 -0.0110131949 0.355349831
v 0.0956774262 -0.0110998642 0.354744753
v 0.0890181505 -0.0110998703 0.355691163
v 0.0891663436 -0.0109916858 0.356361085
v 0.0959327667 -0.0107392698 0.355899148
v 0.0892976017 -0.0106553511 0.356954478
v 0.0961851606 -0.01079417 0.355882638
v 0.0965674114 -0.00983417747 0.356763354
v 0.0966838632 -0.00991572041 0.356979639
v 0.0962857049 -0.0103452558 0.356337144
v 0.096030055 -0.010304912 0.356338929
v 0.0893960995 -0.0101314241 0.35739976
v 0.0965939135 -0.00914100141 0.356883171
v 0.0967133029 -0.00914551753 0.357112764
v 0.0963513608 -0.00977445455 0.356633967
v 0.0960935736 -0.00975260417 0.35662613
v 0.089449941 -0.00948314009 0.357643236
v 0.096572858 -0.00844382759 0.356787972
v 0.0966899009 -0.00837088999 0.35700699
v 0.0965062915 -0.00781089198 0.356487084
v 0.0966159582 -0.00766764248 0.356672664
v 0.0964986874 -0.00710462375 0.356142519
v 0.0963756984 -0.00913767513 0.356744036
v 0.096117129 -0.00913645437 0.356732629
v 0.089452678 -0.00878868166 0.357655535
v 0.0963563528 -0.00849720262 0.356656579
v 0.096098411 -0.00851676439 0.35664801
v 0.0894039193 -0.00813175982 0.357435167
v 0.0962951978 -0.00791578194 0.356380159
v 0.0960392478 -0.00795414239 0.356380555
v 0.0893095951 -0.00759165978 0.357008723
v 0.0961982452 -0.00745026616 0.355941844
v 0.095945442 -0.00750373332 0.355956437
v 0.0891810467 -0.00723353604 0.356427622
v 0.0958261524 -0.00720960504 0.355417177
v 0.0890338175 -0.0071005407 0.355761972
v 0.0964007441 -0.00730417837 0.356009952
v 0.0962665568 -0.00697327638 0.355403284
v 0.0963495935 -0.00673694805 0.355468438
v 0.0961832285 -0.00660062625 0.354716423
v 0.0960749719 -0.00714628066 0.355384515
v 0.095937447 -0.00703354887 0.35476275
v 0.0956930749 -0.0071005351 0.354815562
v 0.0894954188 -0.00658018358 0.32679709
v 0.0828361705 -0.00658018919 0.327743502
v 0.0826879774 -0.00668840439 0.32707358
v 0.0961168447 -0.00685056516 0.354726466
v 0.0899191886 -0.00633024378 0.326707994
v 0.0899855997 -0.00608027417 0.326697969
v 0.0898182891 -0.0061886116 0.325941606
v 0.0897397909 -0.00651322748 0.326744295
v 0.0897686218 -0.00642774797 0.326027284
v 0.0896014568 -0.0066027969 0.326118928
v 0.089631934 -0.00673588378 0.325409303
v 0.0896663946 -0.00653101889 0.32525496
v 0.089347244 -0.00668839879 0.326127168
v 0.089475883 -0.00688587782 0.32555121
v 0.0895224949 -0.00722456225 0.324914552
v 0.0895447955 -0.00707398795 0.324705232
v 0.0892159859 -0.00702473291 0.325533784
v 0.0825567194 -0.00702473908 0.326480196
v 0.0893753478 -0.00733479146 0.325096712
v 0.0894510182 -0.00784589961 0.324591447
v 0.0894653791 -0.00776435655 0.324346223
v 0.0891174972 -0.00754862815 0.325088502
v 0.0824582215 -0.00754863375 0.326034914
v 0.0893096919 -0.00790559274 0.324799897
v 0.0894334289 -0.00814906211 0.324511918
v 0.0894359485 -0.00853452874 0.324213106
v 0.0890636374 -0.00819691383 0.324845033
v 0.08240438 -0.00819691887 0.325791445
v 0.0892935395 -0.00818409542 0.324726838
v 0.0894245162 -0.0085390768 0.324471635
v 0.0890609187 -0.00889140182 0.324832735
v 0.0824016612 -0.00889140742 0.325779146
v 0.0892853453 -0.00854240229 0.324689821
v 0.0894303828 -0.00893034205 0.324498079
v 0.0894593414 -0.00930918754 0.324318879
v 0.0892907117 -0.00890183919 0.324714128
v 0.0891096591 -0.00954829296 0.325053102
v 0.0824503926 -0.009548298 0.325999514
v 0.0894455716 -0.00923625063 0.324566835
v 0.0893046909 -0.00918284523 0.324777284
v 0.0894852078 -0.00966935546 0.324746003
v 0.089533284 -0.0100124044 0.324653199
v 0.0893410983 -0.00958073329 0.324941866
v 0.0892039834 -0.0100883941 0.325479539
v 0.0825447259 -0.0100884003 0.326425951
v 0.0894385876 -0.01013893 0.3253826
v 0.0895913283 -0.0102769605 0.325225739
v 0.089650564 -0.0105754225 0.325183351
v 0.0897359384 -0.0106798848 0.325879487
v 0.0897996579 -0.0109430982 0.325857423
v 0.0893325227 -0.0104465474 0.326060639
v 0.0826732652 -0.0104465536 0.327007052
v 0.0895714288 -0.0105090477 0.325983156
v 0.0894797701 -0.0105795428 0.326726289
v 0.0828205036 -0.0105795489 0.327672701
v 0.0890181505 -0.0110998703 0.355691163
v 0.0956774262 -0.0110998642 0.354744753
v 0.0897236057 -0.0106464984 0.326671113
v 0.0959212618 -0.0111668505 0.354689567
v 0.0899015849 -0.0108294818 0.326628328
v 0.0899660047 -0.0110794814 0.326609452
v 0.096099241 -0.0113498339 0.354646805
v 0.0961636608 -0.0115997732 0.354627917
v 0.102190387 0.00126137605 0.415240539
v 0.102190389 -0.000756171914 0.415240539
v 0.108370259 0.000252622574 0.414441929
v 0.108238132 -0.00361011042 0.413844573
v 0.102120296 -0.00274738351 0.414923635
v 0.101977861 -0.00470432319 0.414279685
v 0.108627423 -0.00363360828 0.413832595
v 0.10876036 0.000252622897 0.414433598
v 0.10912394 0.000252623187 0.414575179
v 0.107854655 -0.00709469918 0.412110976
v 0.10165794 -0.0072555019 0.412833425
v 0.101217819 -0.0093884978 0.410843677
v 0.10898871 -0.00370062494 0.413963835
v 0.109405665 0.000252623412 0.414845126
v 0.108241627 -0.00713943801 0.412088457
v 0.107257401 -0.00986011185 0.409410841
v 0.100681991 -0.010984507 0.408421284
v 0.106504805 -0.0116355941 0.406008489
v 0.10039711 -0.0115362352 0.407133412
v 0.100003554 -0.012027598 0.405354199
v 0.105670552 -0.0122473811 0.402236937
v 0.0994994845 -0.0122473868 0.403075365
v 0.0991345403 -0.0121326406 0.401425542
v 0.104778892 -0.0115459349 0.398205889
v 0.0985222129 -0.0113996689 0.398657308
v 0.0979016264 -0.00982294859 0.395851776
v 0.108596267 -0.00726684826 0.41218962
v 0.103987292 -0.00952029999 0.394627259
v 0.0973908972 -0.00755350804 0.393542865
v 0.107640717 -0.00992169681 0.409371887
v 0.109267007 -0.00380087491 0.414218275
v 0.109562626 0.000252623535 0.415202349
v 0.10941993 -0.00391913043 0.414557207
v 0.109570957 0.000252623519 0.41559244
v 0.108864604 -0.00745755261 0.412399086
v 0.109424222 -0.00403738553 0.414929
v 0.109429375 0.000252623368 0.415956029
v 0.103384622 -0.00639780223 0.391902695
v 0.0970251411 -0.00474738615 0.391889331
v 0.103038501 -0.00252890605 0.390337965
v 0.096878656 -0.00274738663 0.391227115
v 0.0968085503 -0.000756175053 0.390910206
v 0.102987783 0.00165215581 0.390108704
v 0.0968085484 0.00126137298 0.390910206
v 0.0969193316 0.00393166128 0.391411015
v 0.103238154 0.00567614413 0.391240634
v 0.0970251319 0.00525261563 0.391889318
v 0.0973908829 0.00805870702 0.393542866
v 0.109279204 -0.00413763589 0.415277082
v 0.109159437 0.000252623121 0.416237745
v 0.103761539 0.00909145847 0.393606721
v 0.0979016079 0.0103281477 0.395851778
v 0.109006956 -0.00420462215 0.415548448
v 0.108843368 -0.00809811729 0.413306752
v 0.108802224 0.000252622819 0.416394714
v 0.108613354 -0.00470666736 0.415540899
v 0.108069553 -0.00906781399 0.413082425
v 0.107236394 -0.0123047533 0.409315835
v 0.108998337 -0.00790741311 0.413003645
v 0.107601829 -0.0122388362 0.409196018
v 0.106740893 -0.0131397142 0.407075777
v 0.107895177 -0.0120510911 0.409020122
v 0.107309163 -0.0132591599 0.406370845
v 0.109005803 -0.00768249728 0.412684921
v 0.106585151 -0.0139521534 0.40459985
v 0.10621436 -0.0140271053 0.40469542
v 0.105697211 -0.0140271056 0.402357518
v 0.106893788 -0.0137386515 0.404493039
v 0.108360747 -0.0106691327 0.409768781
v 0.108237846 -0.0103595316 0.4095656
v 0.108335008 -0.010978702 0.41000485
v 0.107984997 -0.0100970505 0.409426229
v 0.107742445 -0.0108263587 0.408329697
v 0.107989136 -0.0111073344 0.408441265
v 0.108104797 -0.0114387246 0.408611649
v 0.108071792 -0.0117701457 0.40881493
v 0.107402284 -0.0106386154 0.408293945
v 0.107214766 -0.0119141285 0.405944138
v 0.107499166 -0.0129506272 0.406226136
v 0.107547951 -0.0125866746 0.406094236
v 0.107448079 -0.0122227221 0.40599521
v 0.107093277 -0.0134191935 0.404391207
v 0.106883527 -0.0117079815 0.405948808
v 0.106515855 -0.012132451 0.404286579
v 0.106840745 -0.0123459512 0.404253251
v 0.107064581 -0.0126654099 0.404261445
v 0.106044191 -0.0123234907 0.402154296
v 0.105572536 -0.0121324516 0.400022022
v 0.106360968 -0.0125402878 0.402084229
v 0.107153248 -0.0130423022 0.404309889
v 0.106572617 -0.0128646896 0.402037403
v 0.105881182 -0.0123459518 0.399915193
v 0.10514711 -0.0116177722 0.398098691
v 0.106646942 -0.0132473789 0.402020969
v 0.104686113 -0.010638616 0.396014639
v 0.106080662 -0.0126654105 0.399813366
v 0.105448417 -0.0118223923 0.397958724
v 0.105636919 -0.0121286065 0.397807284
v 0.10497948 -0.0108263593 0.395838742
v 0.10435069 -0.00957980846 0.394498275
v 0.103963489 -0.00783115141 0.392747802
v 0.104638282 -0.00974927322 0.394296235
v 0.106140644 -0.0130423029 0.399732043
v 0.105156095 -0.0111073351 0.395633547
v 0.105683949 -0.0124898123 0.397667436
v 0.106051959 -0.0134191942 0.399683595
v 0.105582322 -0.0128510183 0.39756047
v 0.105189083 -0.0114387254 0.395430279
v 0.104806247 -0.0100029346 0.394051922
v 0.104402366 -0.00817905208 0.392226121
v 0.104244396 -0.00797049484 0.39251559
v 0.104021477 -0.0065536248 0.391507829
v 0.106572618 -0.0136300705 0.402037403
v 0.10636097 -0.0139544727 0.402084229
v 0.105828151 -0.0137386522 0.399675414
v 0.104829031 -0.0103021299 0.393802507
v 0.103744345 -0.00643829885 0.391757113
v 0.103491831 -0.00404868034 0.390615529
v 0.105503234 -0.0139521541 0.399708724
v 0.10512674 -0.014027106 0.399778478
v 0.104656757 -0.0132350522 0.39765378
v 0.105347527 -0.0131572318 0.397502654
v 0.105073441 -0.0117701477 0.395259885
v 0.104826749 -0.012051092 0.395148327
v 0.104703175 -0.0106013231 0.393585988
v 0.104486571 -0.012238837 0.395112565
v 0.104104711 -0.0123047542 0.395158054
v 0.103739838 -0.0108872135 0.393508576
v 0.104447825 -0.0108549553 0.393435307
v 0.104275738 -0.00867099564 0.391653657
v 0.104010402 -0.00887955214 0.391457811
v 0.104413389 -0.00842502379 0.391923445
v 0.104178138 -0.00692981499 0.390859973
v 0.103657773 -0.00901889616 0.391365739
v 0.103271528 -0.00906781597 0.391391468
v 0.10304448 -0.00724689319 0.390364958
v 0.104033838 -0.0071334277 0.390560031
v 0.103762845 -0.00730603584 0.390338642
v 0.104173791 -0.00672623199 0.391192798
v 0.103910407 -0.00423376922 0.390002074
v 0.10390707 -0.00436465915 0.389634525
v 0.103755075 -0.00449554922 0.389299849
v 0.103477579 -0.00460651153 0.389048997
v 0.103764597 -0.00412280731 0.390346559
v 0.103396123 -0.00254584306 0.390182864
v 0.103667243 -0.00259409093 0.389906432
v 0.103328027 0.000252619778 0.389874986
v 0.103810589 -0.00266626488 0.389550797
v 0.103804332 -0.00275140892 0.389170078
v 0.103597965 0.000252620008 0.389593261
v 0.103345096 0.001660701 0.389952194
v 0.103491823 0.00455389058 0.390615529
v 0.103649436 -0.00283658381 0.388822237
v 0.103739546 0.000252620159 0.389229677
v 0.103615344 0.00168496275 0.389671801
v 0.10375737 0.00172127875 0.389310213
v 0.103731233 0.000252620175 0.388839586
v 0.103574254 0.000252620052 0.388482377
v 0.103369466 -0.00290875786 0.38856023
v 0.103764589 0.00462804879 0.39034656
v 0.10311681 -0.00468063909 0.388920185
v 0.10272771 -0.00470667061 0.388932986
v 0.102656913 -0.00284763194 0.388612917
v 0.103292529 0.000252619845 0.388212435
v 0.10292894 0.000252619555 0.388070849
v 0.102538849 0.000252619214 0.388079162
v 0.102948538 0.00186757955 0.388159393
v 0.102727701 0.00521190978 0.388932987
v 0.103311818 0.00184328784 0.388299651
v 0.103116801 0.00518587869 0.388920186
v 0.103593115 0.0018069721 0.388567611
v 0.103237444 0.00651089111 0.389465551
v 0.103271511 0.00957302544 0.391391469
v 0.103749558 0.00176412549 0.388922473
v 0.103910399 0.00473901044 0.390002075
v 0.103907061 0.00486987028 0.389634525
v 0.103755066 0.00500076011 0.38929985
v 0.10347757 0.00511172165 0.389048997
v 0.103596385 0.00641683659 0.389586172
v 0.104019974 0.00611004387 0.390144961
v 0.103871581 0.00580325006 0.390830265
v 0.103871189 0.00627608966 0.389824755
v 0.104020111 0.00594399795 0.39049805
v 0.103597005 0.00570919495 0.391091018
v 0.104413374 0.00893023529 0.391923446
v 0.104275721 0.00917623648 0.391653658
v 0.104244381 0.00847573665 0.392515591
v 0.103963474 0.00833639268 0.392747803
v 0.104010385 0.00938476352 0.391457812
v 0.104402351 0.00868426295 0.392226122
v 0.105073419 0.0122753589 0.395259887
v 0.103657756 0.00952410634 0.39136574
v 0.105189061 0.0119439686 0.395430281
v 0.105156074 0.0116125475 0.395633548
v 0.10497946 0.0113315725 0.395838744
v 0.104686093 0.0111438582 0.39601464
v 0.104826727 0.0125563334 0.395148328
v 0.104486548 0.0127440472 0.395112567
v 0.104104688 0.0128099647 0.395158055
v 0.106051934 0.0139243771 0.399683596
v 0.106140619 0.0135475155 0.399732045
v 0.106080638 0.0131706537 0.399813367
v 0.105503208 0.0144573667 0.399708726
v 0.105126713 0.0145323178 0.399778479
v 0.106214333 0.0145323185 0.404695421
v 0.105828125 0.0142438961 0.399675415
v 0.106893763 0.0142438968 0.404493041
v 0.107093251 0.0139243778 0.404391209
v 0.106585125 0.0144573674 0.404599852
v 0.107153224 0.0135475161 0.404309891
v 0.105881159 0.0128511651 0.399915195
v 0.107601806 0.0127440481 0.409196019
v 0.107236371 0.0128099656 0.409315836
v 0.108069535 0.00957302741 0.413082426
v 0.107895155 0.0125563354 0.409020123
v 0.10807177 0.0122753597 0.408814932
v 0.107064558 0.0131706544 0.404261447
v 0.108104776 0.0119439705 0.408611651
v 0.105572513 0.0126376643 0.400022024
v 0.106840722 0.0128511657 0.404253252
v 0.107989115 0.0116125482 0.408441266
v 0.108880478 0.00893023705 0.412118489
v 0.108869482 0.0091762389 0.41242116
v 0.104499155 0.0115147386 0.396941411
v 0.100902885 0.0119049028 0.398657309
v 0.0988078726 0.0123355034 0.399948806
v 0.10536825 0.0126740108 0.400870428
v 0.099386957 0.0127417535 0.402566763
v 0.0998227054 0.0126626835 0.404536688
v 0.106515833 0.0126376649 0.404286581
v 0.10627127 0.0124392083 0.404952808
v 0.100250005 0.0122598207 0.4064685
v 0.100541235 0.0117844484 0.407785048
v 0.107742424 0.0113315732 0.408329698
v 0.10710687 0.0108366698 0.408730376
v 0.101217801 0.00989370117 0.410843679
v 0.107402264 0.0111438588 0.408293946
v 0.108742844 0.00868426463 0.411848697
v 0.107781254 0.00804623323 0.411779184
v 0.101657926 0.00776070584 0.412833426
v 0.101977852 0.00520952755 0.414279686
v 0.108477508 0.00847573827 0.411652846
v 0.108124879 0.00833639481 0.411560778
v 0.108957307 0.00462805159 0.413821882
v 0.109234803 0.00473901333 0.41407272
v 0.108218752 0.00438110232 0.413757016
v 0.10212029 0.00325261762 0.414923635
v 0.108596547 0.00455389333 0.413693052
v 0.108370259 0.000252622574 0.414441929
v 0.102190387 0.00126137605 0.415240539
v 0.10876036 0.000252622897 0.414433598
v 0.10858194 0.00450253243 0.413788912
v 0.10912394 0.000252623187 0.414575179
v 0.109405665 0.000252623412 0.414845126
v 0.109562626 0.000252623535 0.415202349
v 0.109386798 0.00486987327 0.414407405
v 0.109570957 0.000252623519 0.41559244
v 0.109390144 0.0050007632 0.414774968
v 0.109429375 0.000252623368 0.415956029
v 0.108711484 0.00938476544 0.412710634
v 0.109244325 0.00511172483 0.415119449
v 0.109159437 0.000252623121 0.416237745
v 0.108430587 0.00952410887 0.412942837
v 0.108971549 0.0051858825 0.415388413
v 0.108802224 0.000252622819 0.416394714
v 0.108613345 0.00521191304 0.415540899
v 0.096878656 -0.00274738663 0.391227115
v 0.0968085484 0.00126137298 0.390910206
v 0.0968085503 -0.000756175053 0.390910206
v 0.0969193316 0.00393166128 0.391411015
v 0.0970251411 -0.00474738615 0.391889331
v 0.0979016079 0.0103281477 0.395851778
v 0.0973908829 0.00805870702 0.393542866
v 0.0970251319 0.00525261563 0.391889318
v 0.0991345403 -0.0121326406 0.401425542
v 0.0985222129 -0.0113996689 0.398657308
v 0.0979016264 -0.00982294859 0.395851776
v 0.0973908972 -0.00755350804 0.393542865
v 0.0998227054 0.0126626835 0.404536688
v 0.0988078726 0.0123355034 0.399948806
v 0.099386957 0.0127417535 0.402566763
v 0.100250005 0.0122598207 0.4064685
v 0.100681991 -0.010984507 0.408421284
v 0.100541235 0.0117844484 0.407785048
v 0.0994994845 -0.0122473868 0.403075365
v 0.10039711 -0.0115362352 0.407133412
v 0.100003554 -0.012027598 0.405354199
v 0.101977852 0.00520952755 0.414279686
v 0.101217801 0.00989370117 0.410843679
v 0.101657926 0.00776070584 0.412833426
v 0.101977861 -0.00470432319 0.414279685
v 0.101217819 -0.0093884978 0.410843677
v 0.10165794 -0.0072555019 0.412833425
v 0.102120296 -0.00274738351 0.414923635
v 0.102190387 0.00126137605 0.415240539
v 0.10212029 0.00325261762 0.414923635
v 0.102190389 -0.000756171914 0.415240539
v 0.0816460178 -0.00074739463 0.322363086
v 0.0815947119 0.000599895608 0.322131121
v 0.0815947126 -9.47151336e-05 0.322131121
v 0.0817424401 0.00178467985 0.322799014
v 0.0816460159 0.0012526057 0.322363086
v 0.0818723703 0.00213196983 0.323386355
v 0.0820201123 -0.00174739476 0.324054263
v 0.081742443 -0.00127949921 0.322799014
v 0.0820201086 0.00225260575 0.324054263
v 0.0896182724 -0.0017473904 0.358404232
v 0.0896182687 0.00225261026 0.358404232
v 0.0897659982 0.00213197439 0.359072124
v 0.0900436685 0.000599900454 0.360327349
v 0.089895929 0.00178468444 0.359659464
v 0.0899923542 0.00125261041 0.360095401
v 0.0900436691 -9.47102872e-05 0.360327349
v 0.089992356 -0.000747389851 0.360095401
v 0.0897660016 -0.00162678475 0.359072123
v 0.0898959318 -0.00127949463 0.359659464
v 0.0824503746 0.0100534804 0.325999515
v 0.0824016444 0.00939658977 0.325779147
v 0.0824043645 0.00870210179 0.325791446
v 0.0824582072 0.00805381674 0.326034915
v 0.082556706 0.00752992106 0.326480197
v 0.0828361579 0.00708540166 0.327743503
v 0.0826879647 0.00719358655 0.327073581
v 0.0825447069 0.0105935806 0.326425952
v 0.0828204837 0.0110847307 0.327672702
v 0.0826732456 0.0109517352 0.327007053
v 0.0890181297 0.011605059 0.355691164
v 0.089033804 0.00760572996 0.355761973
v 0.0894039039 0.00863698082 0.357435168
v 0.0891810329 0.00773872605 0.356427623
v 0.0893095807 0.00809688066 0.357008724
v 0.0893960804 0.0106366451 0.357399761
v 0.0891663229 0.0114968747 0.356361087
v 0.0892975816 0.0111605402 0.35695448
v 0.0894526614 0.00929387146 0.357655536
v 0.0894499231 0.00998835944 0.357643238
v 0.08240438 -0.00819691887 0.325791445
v 0.0824016612 -0.00889140742 0.325779146
v 0.0824582215 -0.00754863375 0.326034914
v 0.0824503926 -0.009548298 0.325999514
v 0.0825567194 -0.00702473908 0.326480196
v 0.0826879774 -0.00668840439 0.32707358
v 0.0828205036 -0.0105795489 0.327672701
v 0.0825447259 -0.0100884003 0.326425951
v 0.0826732652 -0.0104465536 0.327007052
v 0.0828361705 -0.00658018919 0.327743502
v 0.0890181505 -0.0110998703 0.355691163
v 0.0890338175 -0.0071005407 0.355761972
v 0.0893960995 -0.0101314241 0.35739976
v 0.0891663436 -0.0109916858 0.356361085
v 0.0892976017 -0.0106553511 0.356954478
v 0.0891810467 -0.00723353604 0.356427622
v 0.089449941 -0.00948314009 0.357643236
v 0.0894039193 -0.00813175982 0.357435167
v 0.0893095951 -0.00759165978 0.357008723
v 0.089452678 -0.00878868166 0.357655535
v -0.0102332129 -0.0810667013 0.407861352
v -0.0101211847 -0.0812077547 0.407663855
v -0.0095455279 -0.0811268818 0.406269282
v -0.0107817526 -0.0815706074 0.408501536
v -0.0114215734 -0.0809627654 0.409121612
v -0.0116090877 -0.0820007265 0.409190497
v -0.0129674738 -0.0808275159 0.409898239
v -0.013263161 -0.0828044396 0.409931499
v -0.0146847076 -0.0806773053 0.4100977
v -0.015096579 -0.0836374476 0.41008624
v -0.0163664334 -0.0805301505 0.409695958
v -0.0168828888 -0.0844108291 0.409615677
v -0.0178100901 -0.0804038684 0.408741426
v -0.0180503401 -0.0846298273 0.40885905
v -0.0189646734 -0.0848082892 0.407820089
v -0.0188417918 -0.0803136019 0.407349062
v -0.0196325581 -0.0849501345 0.406311874
v -0.0193372637 -0.0802702649 0.405686565
v -0.019766013 -0.084999029 0.404673397
v -0.0192368341 -0.0802790504 0.4039542
v -0.0193506225 -0.0849497066 0.403081722
v -0.0185525957 -0.0803388762 0.40236062
v -0.0184312639 -0.0848074334 0.401708812
v -0.0173669623 -0.0804426302 0.401097791
v -0.0171072716 -0.0845876436 0.400702997
v -0.0161469984 -0.0841802345 0.400321009
v -0.015822748 -0.0805776979 0.40031779
v -0.0151293975 -0.0837344356 0.400128901
v -0.0141059505 -0.0807278993 0.400114591
v -0.0133123526 -0.0828956887 0.400269891
v -0.0124233576 -0.0808751178 0.400512658
v -0.0116512104 -0.0820662825 0.400996573
v -0.0109776387 -0.0810015817 0.401464044
v -0.0102887629 -0.0813200044 0.402301811
v -0.00994292828 -0.0810921575 0.402854165
v -0.00994712813 -0.0812504823 0.402873315
v -0.00944385878 -0.0811358038 0.404515571
v -0.00994712813 -0.0812504823 0.402873315
v -0.00891865367 -0.0811247526 0.399163218
v -0.0102887629 -0.0813200044 0.402301811
v -0.00944385878 -0.0811358038 0.404515571
v -0.00657572211 -0.0807465096 0.396686577
v 0.00372444402 -0.0789089113 0.397165184
v -0.00354234543 -0.0802308231 0.395170403
v -0.000184111916 -0.0796398212 0.394797401
v 0.00309423681 -0.0790448449 0.395612545
v 0.00484067152 -0.0786912046 0.39842829
v 0.0023649022 -0.0789014102 0.413369469
v -0.0095455279 -0.0811268818 0.406269282
v -0.00437330519 -0.0800909902 0.413872811
v -0.00155859186 -0.079581043 0.414510567
v 0.00131873441 -0.0790732875 0.414281292
v -0.00687776068 -0.0805582181 0.412424114
v -0.0088516073 -0.0809417628 0.410291922
v -0.0101211847 -0.0812077547 0.407663855
v 0.00362496156 -0.0786866863 0.412771567
v 0.00832927919 -0.0779255164 0.407911263
v 0.00700223118 -0.0781219869 0.410470664
v 0.00518986656 -0.0784420035 0.412529278
v 0.00887146737 -0.0778727832 0.405073403
v 0.00608270369 -0.0784590822 0.39916895
v 0.00858241263 -0.0779683621 0.402199819
v 0.0074868453 -0.0782040222 0.399536295
v -0.00891865367 -0.0811247526 0.399163218
v -0.0116512104 -0.0820662825 0.400996573
v -0.0102887629 -0.0813200044 0.402301811
v -0.0133123526 -0.0828956887 0.400269891
v -0.0151179457 -0.0843101182 0.395764732
v -0.0151293975 -0.0837344356 0.400128901
v -0.0161469984 -0.0841802345 0.400321009
v -0.0171072716 -0.0845876436 0.400702997
v -0.0117473518 -0.0837741678 0.391669272
v -0.00657572211 -0.0807465096 0.396686577
v -0.00731391833 -0.0830304514 0.388803536
v -0.00354234543 -0.0802308231 0.395170403
v -0.002236485 -0.0821492098 0.387438243
v -0.000184111916 -0.0796398212 0.394797401
v 0.00328334504 -0.0798047911 0.392697305
v 0.00296763647 -0.0794431582 0.394143551
v 0.00309423681 -0.0790448449 0.395612545
v 0.00400446202 -0.0800805492 0.391436622
v 0.00300527343 -0.0812137896 0.387702387
v 0.00509669262 -0.0802623653 0.390422476
v 0.00643978799 -0.0803365879 0.389784907
v 0.00789222164 -0.0803135127 0.389570962
v 0.00791615841 -0.0803124121 0.389570989
v -0.00155859186 -0.079581043 0.414510567
v 0.000533644179 -0.0794680637 0.415455032
v 0.00131873441 -0.0790732875 0.414281292
v 9.39210081e-05 -0.0798830484 0.416832252
v 6.63626705e-05 -0.080250348 0.418258767
v -0.00437330519 -0.0800909902 0.413872811
v -0.00260134144 -0.0816842512 0.421902167
v 0.000450831562 -0.0805360019 0.419623437
v 0.00123495853 -0.0807268497 0.420845743
v 0.00233985169 -0.0808080939 0.421779885
v -0.00736628174 -0.0825512042 0.420582463
v -0.00687776068 -0.0805582181 0.412424114
v -0.0115558649 -0.0833363656 0.417931278
v -0.0088516073 -0.0809417628 0.410291922
v -0.014819179 -0.0839740607 0.414170699
v -0.013263161 -0.0828044396 0.409931499
v -0.015096579 -0.0836374476 0.41008624
v -0.0168828888 -0.0844108291 0.409615677
v -0.0116090877 -0.0820007265 0.409190497
v -0.0107817526 -0.0815706074 0.408501536
v -0.0101211847 -0.0812077547 0.407663855
v 0.00978493419 -0.0783008813 0.399269399
v 0.0116264545 -0.0786380292 0.398065865
v 0.0112830518 -0.0784319835 0.398401164
v 0.0123949934 -0.0785292074 0.397070941
v 0.0124901632 -0.0788601998 0.396839884
v 0.0129866446 -0.0785810298 0.395439185
v 0.012941691 -0.0790991509 0.395436747
v 0.0129866444 -0.0785810297 0.393702705
v 0.0129595218 -0.079348607 0.39397141
v 0.0125164113 -0.0794506617 0.392457529
v 0.0123949928 -0.0785292071 0.392070944
v 0.0116154248 -0.0796307697 0.391153205
v 0.011283051 -0.0784319831 0.390740713
v 0.0103459088 -0.0798711867 0.390187785
v 0.00978493316 -0.0783008807 0.389872477
v 0.0091701231 -0.0800871382 0.389730569
v 0.00808134115 -0.0781518342 0.389570962
v 0.00791615841 -0.0803124121 0.389570989
v 0.00789222164 -0.0803135127 0.389570962
v 0.00637774694 -0.0780027878 0.389872478
v 0.00643978799 -0.0803365879 0.389784907
v 0.00509669262 -0.0802623653 0.390422476
v 0.00487963269 -0.0778717492 0.390740713
v 0.00400446202 -0.0800805492 0.391436622
v 0.00376769118 -0.0777744617 0.392070945
v 0.00328334504 -0.0798047911 0.392697305
v 0.00317603877 -0.0777227029 0.393702706
v 0.00296763647 -0.0794431582 0.394143551
v 0.00309423681 -0.0790448449 0.395612545
v 0.00317603896 -0.0777227031 0.395439186
v 0.00372444402 -0.0789089113 0.397165184
v 0.00376769172 -0.077774462 0.397070942
v 0.00484067152 -0.0786912046 0.39842829
v 0.00487963353 -0.0778717497 0.398401164
v 0.00608270369 -0.0784590822 0.39916895
v 0.00637774796 -0.0780027884 0.3992694
v 0.0074868453 -0.0782040222 0.399536295
v 0.00808134224 -0.0781518348 0.399570947
v 0.00858241263 -0.0779683621 0.402199819
v 0.00808134224 -0.0781518348 0.399570947
v 0.0074868453 -0.0782040222 0.399536295
v 0.00978493419 -0.0783008813 0.399269399
v 0.0165689979 -0.0785528872 0.404011895
v 0.00887146737 -0.0778727832 0.405073403
v 0.0159275409 -0.0785842021 0.409389719
v 0.0155464252 -0.0788162503 0.398699805
v 0.00832927919 -0.0779255164 0.407911263
v 0.0116264545 -0.0786380292 0.398065865
v 0.0124901632 -0.0788601998 0.396839884
v 0.012941691 -0.0790991509 0.395436747
v 0.0129595218 -0.079348607 0.39397141
v 0.0136845979 -0.0789071387 0.414308876
v 0.00899691468 -0.0787674265 0.414306039
v 0.00700223118 -0.0781219869 0.410470664
v 0.00973708124 -0.0789827669 0.415517813
v 0.0100978532 -0.0792295854 0.416896807
v 0.0100588681 -0.0794902104 0.418289789
v 0.00794804745 -0.0785946415 0.41336172
v 0.00660652192 -0.0784745257 0.412734287
v 0.00518986656 -0.0784420035 0.412529278
v -0.00986777265 -0.0808926974 0.425227963
v -0.00486743483 -0.0798207896 0.426944069
v -0.00396569742 -0.0798176783 0.426937485
v -0.00586089526 -0.0795997196 0.427254325
v -0.00664393434 -0.0794012959 0.427802987
v -0.010193985 -0.0804253538 0.425761117
v -0.00696005258 -0.0793514286 0.428165848
v -0.014766226 -0.0812800829 0.423011306
v -0.015076467 -0.0818688355 0.421937193
v -0.0105481112 -0.080124084 0.426424403
v -0.00720829034 -0.0793528385 0.42857935
v -0.0152651372 -0.0810058616 0.423587517
v -0.0189050826 -0.0817066032 0.420074821
v -0.0186556659 -0.0820304013 0.419162607
v -0.0187092241 -0.0823916072 0.418336495
v -0.0191914211 -0.0826710226 0.417318061
v -0.0155541332 -0.080943416 0.423944866
v -0.019358879 -0.0816288419 0.420967927
v -0.0107477325 -0.0800449218 0.426835495
v -0.0117331184 -0.0801829204 0.426882488
v -0.00736540637 -0.0793746939 0.428973262
v -0.00746624201 -0.079386281 0.429385599
v -0.00750877761 -0.0793873815 0.429808105
v -0.00763532985 -0.0793462454 0.433942668
v -0.0158370674 -0.0809516563 0.424311693
v -0.0197831832 -0.0816962268 0.421491905
v -0.0309089308 -0.0835185106 0.431548825
v -0.0352337346 -0.0842401898 0.434592586
v -0.0401502627 -0.0850846149 0.436491021
v -0.100695936 -0.0939607108 0.558923256
v -0.0962798827 -0.092922383 0.575423018
v -0.0453691068 -0.0860021636 0.437132397
v -0.0481456714 -0.0864955762 0.437129196
v -0.00396569742 -0.0798176783 0.426937485
v -0.00486743483 -0.0798207896 0.426944069
v -0.00519019304 -0.0729264415 0.426831538
v -0.00617819958 -0.073101552 0.426861179
v -0.00586089526 -0.0795997196 0.427254325
v -0.00710214213 -0.0732601825 0.427220138
v -0.00664393434 -0.0794012959 0.427802987
v -0.00785856979 -0.0733846339 0.427868235
v -0.00696005258 -0.0793514286 0.428165848
v -0.00720829034 -0.0793528385 0.42857935
v -0.00836278874 -0.0734609274 0.428732883
v -0.00736540637 -0.0793746939 0.428973262
v -0.00746624201 -0.079386281 0.429385599
v -0.00855834521 -0.0734805818 0.429717292
v -0.00750877761 -0.0793873815 0.429808105
v -0.00868489745 -0.0734395094 0.433851864
v -0.00763532985 -0.0793462454 0.433942668
v -0.00810491653 -0.0773385544 0.437824091
v -0.00845477174 -0.0753695575 0.437793833
v -0.0211058883 -0.076691896 0.415894156
v -0.0237031155 -0.076482978 0.409461082
v -0.0208939904 -0.0758761609 0.416464728
v -0.0203212858 -0.0811075473 0.415962032
v -0.0222964355 -0.0833300268 0.410339099
v -0.0191914211 -0.0826710226 0.417318061
v -0.0229109238 -0.0835566457 0.402700239
v -0.0240634023 -0.0766632124 0.40190144
v -0.0211297515 -0.0842878512 0.41222389
v -0.0209635361 -0.0833245313 0.395288417
v -0.0219340622 -0.0763964916 0.39464158
v -0.0224181821 -0.0846331235 0.404659086
v -0.0166803828 -0.0826607049 0.388964245
v -0.017556156 -0.0757129518 0.388503413
v -0.0210799979 -0.0845116042 0.397096001
v -0.0105587899 -0.0816422103 0.384462013
v -0.0114252853 -0.0746899962 0.384181771
v -0.0172766076 -0.0839379819 0.39044688
v -0.00330954329 -0.0803872553 0.382304496
v -0.00423550013 -0.0734434722 0.382165903
v 0.00422564017 -0.0790416053 0.382742194
v 0.00319926773 -0.0721144206 0.382684028
v -0.00435118527 -0.0817574375 0.382891456
v 0.0111718368 -0.0777615124 0.385724313
v 0.0100373607 -0.070853368 0.385677483
v 0.0167225243 -0.0766955887 0.390904562
v 0.0155046635 -0.0698030105 0.390807383
v 0.0189822489 -0.0690823058 0.397493001
v 0.00321184574 -0.0804134882 0.382896458
v -0.0114667516 -0.082981506 0.385513699
v 0.0202331995 -0.075967558 0.39768148
v 0.0200764286 -0.0687727905 0.404977497
v 0.0103101326 -0.0791117219 0.385528085
v -0.00419957149 -0.0821731493 0.383333903
v 0.0212962244 -0.0756620764 0.405268166
v 0.0186633338 -0.0689095711 0.412413562
v 0.0197881897 -0.0758144777 0.412783744
v 0.0149029399 -0.0694771452 0.418959396
v 0.0213177504 -0.0762950711 0.4046796
v 0.0200127749 -0.0766447453 0.397017635
v 0.00321216338 -0.0808560666 0.383338795
v 0.0160875162 -0.0780092454 0.390468923
v 0.0158841821 -0.0764071358 0.419355571
v 0.0092209405 -0.0704112292 0.42387396
v 0.010168452 -0.0795803575 0.385917776
v 0.0100375028 -0.0773712515 0.424220559
v 0.00226058015 -0.0716060665 0.426600917
v 0.0199623835 -0.0764181183 0.412339819
v 0.021135586 -0.0768936462 0.404687858
v 0.0161101443 -0.0769991167 0.419074346
v 0.0198471564 -0.0772388548 0.397123036
v 0.0195146911 -0.0777449617 0.397280779
v 0.0158302615 -0.0784999091 0.39075977
v 0.0102256664 -0.0779679345 0.424070883
v 0.00292701667 -0.0785948925 0.426813856
v 0.00301871022 -0.0792076828 0.426726799
v 0.000637198961 -0.0789973643 0.427098428
v -0.00519019304 -0.0729264415 0.426831538
v 0.000738853751 -0.0796084447 0.427010144
v -0.00166870204 -0.0794064208 0.427139783
v -0.00396569742 -0.0798176783 0.426937485
v -0.00155701439 -0.0800157368 0.427051308
v -0.00384401783 -0.0804252207 0.426849891
v -0.00972041607 -0.0814955377 0.425147827
v -0.00986777265 -0.0808926974 0.425227963
v -0.0115927302 -0.082414975 0.423818855
v -0.015076467 -0.0818688355 0.421937193
v -0.00950899173 -0.0820281923 0.424896524
v -0.00370711166 -0.0809714177 0.426577006
v -0.00144911145 -0.080567127 0.426775867
v 0.000817646045 -0.0801649645 0.426735221
v -0.00356838209 -0.0814028273 0.426145533
v 0.00306858967 -0.0797693321 0.426455479
v -0.00135555136 -0.0810066403 0.426340419
v 0.0101841553 -0.0785452636 0.423833241
v 0.0159940092 -0.0775887787 0.41890006
v 0.0100449939 -0.0790252405 0.423456656
v 0.00307177214 -0.0802247798 0.426026443
v 0.00982180639 -0.079360817 0.422977989
v 0.0197974017 -0.0770151655 0.412250943
v 0.015738628 -0.0780878642 0.418622154
v 0.0207773455 -0.0774066471 0.404694266
v 0.0194659322 -0.0775257198 0.412106052
v 0.000865857593 -0.0806125268 0.426300574
v 0.0153689869 -0.0784475424 0.418267843
v 0.0190479228 -0.0781134894 0.397475411
v 0.0202781014 -0.0777838423 0.404698204
v 0.0184925468 -0.0783083128 0.397687873
v 0.0154582626 -0.0788490281 0.391122136
v 0.00994208814 -0.0799017004 0.386404683
v 0.0190004212 -0.0778998682 0.411919333
v 0.0184464367 -0.0781009853 0.411709085
v 0.0149212791 -0.0786325977 0.417871803
v 0.0150079423 -0.0790223055 0.391520526
v 0.00965320094 -0.0800442276 0.386941121
v 0.00316473014 -0.0811445676 0.383892036
v 0.0196867231 -0.0779883701 0.404699286
v -0.00405636157 -0.0824277259 0.383887262
v -0.0111727925 -0.0833726704 0.385903663
v -0.0168664245 -0.0843100559 0.390738169
v -0.0205937304 -0.0848721912 0.39725428
v -0.0219051426 -0.0849912821 0.404666062
v -0.0206424881 -0.0846529584 0.412079535
v 0.0165689979 -0.0785528872 0.404011895
v 0.0159275409 -0.0785842021 0.409389719
v 0.0155464252 -0.0788162503 0.398699805
v 0.0129595218 -0.079348607 0.39397141
v 0.0136845979 -0.0789071387 0.414308876
v 0.0125164113 -0.0794506617 0.392457529
v 0.0116154248 -0.0796307697 0.391153205
v 0.0100588681 -0.0794902104 0.418289789
v 0.0103459088 -0.0798711867 0.390187785
v 0.0091701231 -0.0800871382 0.389730569
v 0.00791615841 -0.0803124121 0.389570989
v 0.00954069502 -0.0795583867 0.419844707
v 0.00300527343 -0.0812137896 0.387702387
v 0.0095364411 -0.0795191421 0.422444106
v 0.00853810571 -0.0797164124 0.421151587
v 0.00715850239 -0.0799474254 0.422070422
v 0.00554967567 -0.0802266691 0.422502787
v 0.00294140883 -0.080653734 0.424874504
v 0.0038839782 -0.0805241482 0.422402334
v 0.00233985169 -0.0808080939 0.421779885
v -0.00260134144 -0.0816842512 0.421902167
v 0.00307418668 -0.0812507148 0.384502021
v -0.002236485 -0.0821492098 0.387438243
v -0.00393557541 -0.0824963199 0.384497388
v -0.00731391833 -0.0830304514 0.388803536
v -0.0105306049 -0.0836308482 0.38692779
v -0.0117473518 -0.0837741678 0.391669272
v -0.0108502195 -0.0835964332 0.386390938
v -0.0159154428 -0.0845173926 0.391500089
v -0.0151179457 -0.0843101182 0.395764732
v -0.0194405999 -0.0850490141 0.397662807
v -0.0171072716 -0.0845876436 0.400702997
v -0.0184312639 -0.0848074334 0.401708812
v -0.0193506225 -0.0849497066 0.403081722
v -0.0163973995 -0.0845097078 0.391101084
v -0.0200288305 -0.085057382 0.397449576
v -0.0206808874 -0.0851616293 0.404672601
v -0.019766013 -0.084999029 0.404673397
v -0.0196325581 -0.0849501345 0.406311874
v -0.0194867111 -0.0848416775 0.411684014
v -0.0189646734 -0.0848082892 0.407820089
v -0.0180503401 -0.0846298273 0.40885905
v -0.0168828888 -0.0844108291 0.409615677
v -0.014819179 -0.0839740607 0.414170699
v -0.0213065129 -0.0851734079 0.404670723
v -0.0200763331 -0.0848437608 0.411893516
v -0.0160021066 -0.0841276848 0.417851361
v -0.0115558649 -0.0833363656 0.417931278
v -0.0177319578 -0.0843553511 0.416569128
v -0.0106473676 -0.0831057718 0.422430766
v -0.00736628174 -0.0825512042 0.420582463
v -0.00406835155 -0.0818992846 0.424869866
v -0.0182362148 -0.0841516065 0.416878593
v -0.0186743598 -0.083776313 0.4171209
v -0.0173701112 -0.0835175242 0.418878017
v -0.0169580586 -0.083898011 0.418600548
v -0.0190035001 -0.083266114 0.41727234
v -0.0164866764 -0.0841082767 0.418246791
v -0.01427204 -0.0833787781 0.421328459
v -0.0138697475 -0.0836024134 0.420904543
v -0.0149064495 -0.0824674012 0.421871345
v -0.0146292617 -0.082987732 0.421661598
v -0.0112962497 -0.0828175626 0.423442561
v -0.0109705011 -0.0830556044 0.422964248
v -0.00898097423 -0.0826862113 0.423993196
v -0.00925419823 -0.0824384651 0.424498666
v -0.00344140789 -0.08167724 0.425597699
v -0.00128549561 -0.0812912484 0.425787574
v 0.000878774904 -0.0809072759 0.425748756
v 0.00302795063 -0.0805295243 0.425481665
v -0.0206703911 -0.0770565213 0.416908961
v -0.0211058883 -0.076691896 0.415894156
v -0.0208939904 -0.0758761609 0.416464728
v -0.0205344284 -0.0758019458 0.417138254
v -0.0206061053 -0.0773944168 0.417894735
v -0.0202585263 -0.0757419462 0.417853181
v -0.0200482147 -0.0756894 0.418839291
v -0.0208393699 -0.0776763968 0.418757891
v -0.0200589796 -0.075675844 0.419844319
v -0.021114958 -0.0778288648 0.419240569
v -0.0216033656 -0.0779829792 0.419770559
v -0.0203266688 -0.0757098413 0.420726211
v -0.0208327525 -0.0757894317 0.42140111
v -0.0329156619 -0.0798358313 0.429996109
v -0.0319584955 -0.07761177 0.431458004
v -0.0368473117 -0.0804918992 0.432763165
v -0.0362833085 -0.0783333947 0.434501774
v -0.0411998365 -0.0791778198 0.436400226
v -0.0413168822 -0.0812595443 0.434489032
v -0.0464186693 -0.0800953048 0.437041602
v -0.0460612772 -0.0820936646 0.435072101
v -0.047982969 -0.0824351544 0.435069872
v -0.0491952384 -0.0805887083 0.437038392
v -0.0211058883 -0.076691896 0.415894156
v -0.0200433889 -0.0805852061 0.416963203
v -0.0203212858 -0.0811075473 0.415962032
v -0.0206703911 -0.0770565213 0.416908961
v -0.0201046379 -0.0802166152 0.417938136
v -0.0206061053 -0.0773944168 0.417894735
v -0.0204253089 -0.0800066587 0.418793707
v -0.0208393699 -0.0776763968 0.418757891
v -0.0207391016 -0.0799440948 0.419273084
v -0.021114958 -0.0778288648 0.419240569
v -0.0212535062 -0.0799519079 0.419800845
v -0.0216033656 -0.0779829792 0.419770559
v -0.0329156619 -0.0798358313 0.429996109
v -0.032565807 -0.0818047691 0.430026377
v -0.0368473117 -0.0804918992 0.432763165
v -0.0364974568 -0.082460837 0.432793442
v -0.0413168822 -0.0812595443 0.434489032
v -0.0409670228 -0.083228473 0.4345193
v -0.0460612772 -0.0820936646 0.435072101
v -0.0457114268 -0.0840625842 0.435102368
v -0.0476331163 -0.0844040831 0.43510014
v -0.047982969 -0.0824351544 0.435069872
v -0.0200433889 -0.0805852061 0.416963203
v -0.0191914211 -0.0826710226 0.417318061
v -0.0203212858 -0.0811075473 0.415962032
v -0.0201046379 -0.0802166152 0.417938136
v -0.0204253089 -0.0800066587 0.418793707
v -0.0187092241 -0.0823916072 0.418336495
v -0.0186556659 -0.0820304013 0.419162607
v -0.0189050826 -0.0817066032 0.420074821
v -0.0207391016 -0.0799440948 0.419273084
v -0.0212535062 -0.0799519079 0.419800845
v -0.019358879 -0.0816288419 0.420967927
v -0.0197831832 -0.0816962268 0.421491905
v -0.032565807 -0.0818047691 0.430026377
v -0.0309089308 -0.0835185106 0.431548825
v -0.0364974568 -0.082460837 0.432793442
v -0.0352337346 -0.0842401898 0.434592586
v -0.0409670228 -0.083228473 0.4345193
v -0.0401502627 -0.0850846149 0.436491021
v -0.0453691068 -0.0860021636 0.437132397
v -0.0457114268 -0.0840625842 0.435102368
v -0.0476331163 -0.0844040831 0.43510014
v -0.0481456714 -0.0864955762 0.437129196
v -0.0481456714 -0.0864955762 0.437129196
v -0.101745498 -0.0880539794 0.558832416
v -0.100695936 -0.0939607108 0.558923256
v -0.0491952384 -0.0805887083 0.437038392
v -0.047982969 -0.0824351544 0.435069872
v -0.0476331163 -0.0844040831 0.43510014
v -0.101745498 -0.0880539794 0.558832416
v -0.0491952384 -0.0805887083 0.437038392
v -0.0464186693 -0.0800953048 0.437041602
v -0.0411998365 -0.0791778198 0.436400226
v -0.00868489745 -0.0734395094 0.433851864
v -0.0973294451 -0.0870156424 0.575332178
v -0.0362833085 -0.0783333947 0.434501774
v -0.0319584955 -0.07761177 0.431458004
v -0.0208327525 -0.0757894317 0.42140111
v -0.00855834521 -0.0734805818 0.429717292
v -0.00836278874 -0.0734609274 0.428732883
v -0.0203266688 -0.0757098413 0.420726211
v -0.00785856979 -0.0733846339 0.427868235
v -0.0113909473 -0.0740572448 0.424946283
v -0.00710214213 -0.0732601825 0.427220138
v -0.00617819958 -0.073101552 0.426861179
v -0.00519019304 -0.0729264415 0.426831538
v -0.0167777102 -0.0750690307 0.421390232
v -0.0200589796 -0.075675844 0.419844319
v -0.0200482147 -0.0756894 0.418839291
v -0.0202585263 -0.0757419462 0.417853181
v -0.0205344284 -0.0758019458 0.417138254
v -0.0208939904 -0.0758761609 0.416464728
v -0.00810491653 -0.0773385544 0.437824091
v -0.0962798827 -0.092922383 0.575423018
v -0.0959319844 -0.0907893809 0.577999689
v -0.00763532985 -0.0793462454 0.433942668
v -0.0959319844 -0.0907893809 0.577999689
v -0.00845477174 -0.0753695575 0.437793833
v -0.00810491653 -0.0773385544 0.437824091
v -0.0962818416 -0.0888204523 0.577969421
v -0.00845477174 -0.0753695575 0.437793833
v -0.0962818416 -0.0888204523 0.577969421
v -0.0973294451 -0.0870156424 0.575332178
v -0.00868489745 -0.0734395094 0.433851864
v -0.0962798827 -0.092922383 0.575423018
v -0.0962818416 -0.0888204523 0.577969421
v -0.0959319844 -0.0907893809 0.577999689
v -0.0973294451 -0.0870156424 0.575332178
v -0.101745498 -0.0880539794 0.558832416
v -0.100695936 -0.0939607108 0.558923256
v 0.0186633338 -0.0689095711 0.412413562
v 0.0195384487 -0.0681122115 0.409708188
v 0.0200764286 -0.0687727905 0.404977497
v 0.0200436132 -0.0681563984 0.40238787
v 0.0189822489 -0.0690823058 0.397493001
v 0.0182565936 -0.0680000256 0.395297513
v 0.0155046635 -0.0698030105 0.390807383
v 0.0143674585 -0.0676597595 0.389191202
v 0.0100373607 -0.070853368 0.385677483
v 0.00878985316 -0.0671717886 0.384718422
v 0.00319926773 -0.0721144206 0.382684028
v 0.00211700923 -0.0665879898 0.382354882
v -0.00423550013 -0.0734434722 0.382165903
v -0.00494135228 -0.0659705084 0.382351986
v -0.0114252853 -0.0746899962 0.384181771
v -0.0116345101 -0.0653849456 0.384710016
v -0.017556156 -0.0757129518 0.388503413
v -0.0172505853 -0.0648936146 0.389178191
v -0.0219340622 -0.0763964916 0.39464158
v -0.0211922503 -0.0645487654 0.395281278
v -0.0240634023 -0.0766632124 0.40190144
v -0.0230402761 -0.0643870821 0.402370158
v -0.0237031155 -0.076482978 0.409461082
v -0.0225981062 -0.064425722 0.409690849
v -0.0208939904 -0.0758761609 0.416464728
v -0.0199127717 -0.0646607061 0.416464728
v -0.0167777102 -0.0750690307 0.421390232
v -0.015897836 -0.0650119587 0.421390233
v -0.0113909473 -0.0740572448 0.424946283
v -0.0106398405 -0.0654719766 0.424946284
v -0.00519019304 -0.0729264415 0.426831538
v -0.00458436556 -0.066001761 0.426831538
v 0.000760252315 -0.0664693456 0.426913511
v 0.00226058015 -0.0716060665 0.426600917
v 0.00596652279 -0.0669247794 0.425631232
v 0.0092209405 -0.0704112292 0.42387396
v 0.0121045728 -0.0674618257 0.421982611
v 0.0149029399 -0.0694771452 0.418959396
v 0.0167948352 -0.0678721624 0.41647984
v 0.0186633338 -0.0689095711 0.412413562
v 0.0195384487 -0.0681122115 0.409708188
v -0.0102333502 0.0817627339 0.407861362
v -0.00954566532 0.0818229068 0.406269291
v -0.0101213222 0.0819037876 0.407663865
v -0.0107818907 0.082266639 0.408501546
v -0.0114217105 0.0816587866 0.409121622
v -0.0116092265 0.0826967474 0.409190507
v -0.0129676111 0.081523525 0.409898248
v -0.0132633013 0.0835004573 0.409931509
v -0.0146848446 0.0813733204 0.41009771
v -0.0150967203 0.084333471 0.41008625
v -0.0163665695 0.0812261626 0.409695968
v -0.0168830315 0.0851068402 0.409615687
v -0.0178102266 0.081099878 0.408741435
v -0.0180504832 0.0853258273 0.40885906
v -0.0189648168 0.0855042967 0.407820099
v -0.0188419269 0.0810096097 0.407349072
v -0.0196327024 0.085646141 0.406311884
v -0.0193373988 0.0809662719 0.405686575
v -0.0197661562 0.0856950354 0.404673407
v -0.0192369692 0.0809750579 0.40395421
v -0.0193507661 0.0856457231 0.403081732
v -0.0185527309 0.0810348761 0.40236063
v -0.0184314073 0.0855034426 0.401708822
v -0.0173670988 0.0811386415 0.401097801
v -0.0171074146 0.0852836645 0.400703007
v -0.0161471407 0.0848762481 0.40032102
v -0.0158228848 0.081273712 0.4003178
v -0.0151295389 0.084430451 0.400128911
v -0.0141060873 0.0814239167 0.4001146
v -0.013312493 0.0835917075 0.400269901
v -0.0124234949 0.0815711382 0.400512668
v -0.0116513495 0.0827622951 0.400996583
v -0.0109777758 0.0816976047 0.401464054
v -0.0102889007 0.0820160285 0.402301821
v -0.00994306564 0.0817881821 0.402854175
v -0.00994726575 0.081946507 0.402873325
v -0.00944399621 0.0818318201 0.404515581
v -0.00994726575 0.081946507 0.402873325
v -0.0102889007 0.0820160285 0.402301821
v -0.00891879102 0.0818207705 0.399163227
v -0.00944399621 0.0818318201 0.404515581
v -0.0065758589 0.0814425412 0.396686587
v 0.00372430975 0.0796049618 0.397165193
v -0.00354248156 0.0809268605 0.395170413
v -0.000184246389 0.0803358557 0.394797411
v 0.0030941023 0.0797408944 0.395612554
v 0.00484053652 0.0793872569 0.398428299
v 0.00236476794 0.0795974562 0.413369479
v -0.00954566532 0.0818229068 0.406269291
v -0.00437344106 0.0807870329 0.413872821
v -0.00155872679 0.0802770726 0.414510577
v 0.00131859871 0.0797693315 0.414281302
v -0.00687789712 0.0812542472 0.412424124
v -0.00885174445 0.0816377886 0.410291932
v -0.0101213222 0.0819037876 0.407663865
v 0.0036248277 0.0793827348 0.412771577
v 0.00832914673 0.0786215741 0.407911273
v 0.00700209836 0.0788180418 0.410470673
v 0.00518973315 0.0791380457 0.412529287
v 0.008871335 0.0785688422 0.405073413
v 0.00608257025 0.0791551368 0.39916896
v 0.00858228009 0.0786644118 0.402199828
v 0.00748671233 0.0789000793 0.399536305
v -0.00891879102 0.0818207705 0.399163227
v -0.0102889007 0.0820160285 0.402301821
v -0.0116513495 0.0827622951 0.400996583
v -0.013312493 0.0835917075 0.400269901
v -0.0151180882 0.0850061343 0.395764742
v -0.0151295389 0.084430451 0.400128911
v -0.0161471407 0.0848762481 0.40032102
v -0.0171074146 0.0852836645 0.400703007
v -0.0117474938 0.0844701905 0.391669282
v -0.0065758589 0.0814425412 0.396686587
v -0.00731405903 0.0837264735 0.388803546
v -0.00354248156 0.0809268605 0.395170413
v -0.00223662465 0.0828452596 0.387438253
v -0.000184246389 0.0803358557 0.394797411
v 0.00328321027 0.0805008413 0.392697314
v 0.00296750122 0.0801392076 0.394143561
v 0.0030941023 0.0797408944 0.395612554
v 0.00400432674 0.0807766009 0.391436632
v 0.0030051372 0.0819098399 0.387702397
v 0.00509655814 0.0809584282 0.390422486
v 0.0064396511 0.0810326442 0.389784916
v 0.00789208366 0.0810095717 0.389570971
v 0.00791602043 0.0810084712 0.389570999
v -0.00155872679 0.0802770726 0.414510577
v 0.00131859871 0.0797693315 0.414281302
v 0.000533508884 0.0801641061 0.415455041
v 9.37849508e-05 0.0805790808 0.416832262
v 6.62270751e-05 0.0809463893 0.418258777
v -0.00437344106 0.0807870329 0.413872821
v -0.00260147967 0.0823802962 0.421902177
v 0.000450695442 0.0812320346 0.419623446
v 0.00123482206 0.0814228927 0.420845753
v 0.00233971507 0.0815041298 0.421779895
v -0.00736642157 0.0832472315 0.420582473
v -0.00687789712 0.0812542472 0.412424124
v -0.0115560062 0.0840323856 0.417931288
v -0.00885174445 0.0816377886 0.410291932
v -0.0148193208 0.0846700751 0.414170709
v -0.0132633013 0.0835004573 0.409931509
v -0.0150967203 0.084333471 0.41008625
v -0.0168830315 0.0851068402 0.409615687
v -0.0116092265 0.0826967474 0.409190507
v -0.0107818907 0.082266639 0.408501546
v -0.0101213222 0.0819037876 0.407663865
v 0.00978480104 0.0789969335 0.399269409
v 0.0112829162 0.0791280477 0.398401173
v 0.0116263207 0.0793341032 0.398065874
v 0.0123948575 0.0792252738 0.39707095
v 0.012490029 0.0795562664 0.396839893
v 0.012986511 0.0792770975 0.395439194
v 0.0129415564 0.0797952276 0.395436757
v 0.0129865108 0.0792770976 0.393702714
v 0.0129593867 0.0800446748 0.39397142
v 0.012516276 0.0801467198 0.392457539
v 0.012394857 0.0792252741 0.392070953
v 0.0116152892 0.0803268354 0.391153214
v 0.0112829153 0.0791280482 0.390740722
v 0.0103457727 0.0805672502 0.390187795
v 0.00978480001 0.0789969341 0.389872487
v 0.00916998666 0.0807831905 0.389730578
v 0.00808120828 0.0788478936 0.389570971
v 0.00791602043 0.0810084712 0.389570999
v 0.00789208366 0.0810095717 0.389570971
v 0.00637761433 0.078698844 0.389872487
v 0.0064396511 0.0810326442 0.389784916
v 0.00509655814 0.0809584282 0.390422486
v 0.00487949919 0.0785677935 0.390740723
v 0.00400432674 0.0807766009 0.391436632
v 0.00376755786 0.0784705037 0.392070954
v 0.00328321027 0.0805008413 0.392697314
v 0.00317590554 0.0784187528 0.393702715
v 0.00296750122 0.0801392076 0.394143561
v 0.0030941023 0.0797408944 0.395612554
v 0.00317590573 0.0784187527 0.395439195
v 0.00372430975 0.0796049618 0.397165193
v 0.0037675584 0.0784705034 0.397070951
v 0.00484053652 0.0793872569 0.398428299
v 0.00487950003 0.078567793 0.398401174
v 0.00608257025 0.0791551368 0.39916896
v 0.00637761536 0.0786988435 0.399269409
v 0.00748671233 0.0789000793 0.399536305
v 0.00808120937 0.078847893 0.399570956
v 0.00858228009 0.0786644118 0.402199828
v 0.00748671233 0.0789000793 0.399536305
v 0.00808120937 0.078847893 0.399570956
v 0.00978480104 0.0789969335 0.399269409
v 0.0165688643 0.0792489605 0.404011904
v 0.008871335 0.0785688422 0.405073413
v 0.0159274072 0.0792802735 0.409389728
v 0.0155462912 0.0795123314 0.398699814
v 0.00832914673 0.0786215741 0.407911273
v 0.0116263207 0.0793341032 0.398065874
v 0.012490029 0.0795562664 0.396839893
v 0.0129415564 0.0797952276 0.395436757
v 0.0129593867 0.0800446748 0.39397142
v 0.0136844636 0.0796032055 0.414308885
v 0.00899678067 0.0794634937 0.414306048
v 0.00700209836 0.0788180418 0.410470673
v 0.00973694683 0.0796788172 0.415517823
v 0.0100977184 0.0799256543 0.416896817
v 0.0100587328 0.08018627 0.418289799
v 0.00794791376 0.0792906978 0.413361729
v 0.00660638845 0.0791705797 0.412734296
v 0.00518973315 0.0791380457 0.412529287
v -0.00986790966 0.0815887105 0.425227972
v -0.00396583278 0.0805137111 0.426937494
v -0.0048675702 0.0805168298 0.426944079
v -0.00586102994 0.0802957489 0.427254335
v -0.00664406894 0.0800973236 0.427802997
v -0.0101941212 0.0811213662 0.425761127
v -0.00696018681 0.0800474557 0.428165858
v -0.0147663638 0.0819761054 0.423011316
v -0.0150766062 0.0825648485 0.421937203
v -0.0105482469 0.0808201048 0.426424412
v -0.00720842457 0.0800488652 0.42857936
v -0.0152652748 0.081701865 0.423587526
v -0.0189052203 0.0824026185 0.420074831
v -0.0186558042 0.0827263989 0.419162617
v -0.0187093631 0.0830876139 0.418336505
v -0.0191915605 0.0833670285 0.417318071
v -0.0155542701 0.0816394278 0.423944876
v -0.0193590165 0.0823248562 0.420967936
v -0.010747868 0.0807409421 0.426835504
v -0.0117332542 0.0808789389 0.426882498
v -0.00736554064 0.0800707111 0.428973271
v -0.0074663763 0.0800823161 0.429385609
v -0.00750891219 0.0800834074 0.429808114
v -0.00763546421 0.0800422706 0.433942677
v -0.0158372048 0.0816476676 0.424311702
v -0.0197833214 0.0823922312 0.421491915
v -0.0309090735 0.0842144933 0.431548835
v -0.0352338787 0.0849361733 0.434592596
v -0.0401504083 0.0857805801 0.436491031
v -0.100696091 0.0946565683 0.558923267
v -0.0962800449 0.0936182375 0.575423029
v -0.0453692519 0.0866981191 0.437132407
v -0.048145815 0.0871915266 0.437129206
v -0.00396583278 0.0805137111 0.426937494
v -0.00519031632 0.0736224721 0.426831547
v -0.0048675702 0.0805168298 0.426944079
v -0.00617832346 0.0737975853 0.426861187
v -0.00586102994 0.0802957489 0.427254335
v -0.00710226601 0.073956214 0.427220147
v -0.00664406894 0.0800973236 0.427802997
v -0.00785869405 0.0740806594 0.427868244
v -0.00696018681 0.0800474557 0.428165858
v -0.00720842457 0.0800488652 0.42857936
v -0.00836291314 0.0741569519 0.428732891
v -0.00736554064 0.0800707111 0.428973271
v -0.0074663763 0.0800823161 0.429385609
v -0.00855846979 0.0741766058 0.429717301
v -0.00750891219 0.0800834074 0.429808114
v -0.00868502181 0.0741355327 0.433851873
v -0.00763546421 0.0800422706 0.433942677
v -0.00810504749 0.0780345783 0.437824101
v -0.0084548995 0.0760655853 0.437793842
v -0.0211060197 0.0773878986 0.415894166
v -0.0208941191 0.0765721638 0.416464737
v -0.0237032453 0.0771789766 0.409461092
v -0.020321423 0.0818035514 0.415962041
v -0.0222965767 0.0840260279 0.410339109
v -0.0191915605 0.0833670285 0.417318071
v -0.0229110643 0.0842526466 0.402700249
v -0.0240635324 0.0773592113 0.401901449
v -0.0211298933 0.0849838542 0.4122239
v -0.0209636762 0.0840205276 0.395288427
v -0.0219341918 0.0770924952 0.394641589
v -0.0224183247 0.085329125 0.404659096
v -0.0166805228 0.0833567189 0.388964255
v -0.0175562844 0.0764089597 0.388503422
v -0.0210801401 0.0852076091 0.397096011
v -0.0105589282 0.082338227 0.384462023
v -0.0114254119 0.0753860158 0.38418178
v -0.0172767494 0.0846340037 0.39044689
v -0.00330967914 0.0810832946 0.382304505
v -0.00423562493 0.0741395053 0.382165912
v 0.00422550566 0.0797376584 0.382742203
v 0.00319914595 0.0728104673 0.382684036
v -0.00435132421 0.0824534748 0.382891466
v 0.0111717047 0.0784575779 0.385724322
v 0.0100372412 0.0715494315 0.385677492
v 0.0167223941 0.0773916638 0.390904571
v 0.0155045459 0.0704990788 0.390807391
v 0.0189821327 0.0697783797 0.397493009
v 0.00321170984 0.0811095486 0.382896468
v -0.0114668922 0.0836775209 0.385513709
v 0.0202330706 0.0766636342 0.397681489
v 0.0200763107 0.0694688746 0.404977505
v 0.010309998 0.079807795 0.385528094
v -0.00419971118 0.0828691778 0.383333913
v 0.0212961007 0.0763581536 0.405268175
v 0.0186632179 0.0696056518 0.41241357
v 0.0197880589 0.0765105558 0.412783753
v 0.014902823 0.0701732091 0.418959404
v 0.0213176232 0.076991153 0.404679609
v 0.0200126448 0.0773408257 0.397017644
v 0.00321202667 0.0815521087 0.383338805
v 0.0160873836 0.0787053194 0.390468933
v 0.0158840524 0.077103206 0.41935558
v 0.00922082185 0.0711072912 0.423873968
v 0.0101683165 0.0802764211 0.385917785
v 0.0100373713 0.0780673103 0.424220568
v 0.0022604593 0.0723021016 0.426600925
v 0.0199622538 0.0771141968 0.412339828
v 0.0211354554 0.0775897277 0.404687867
v 0.0161100136 0.0776951873 0.419074355
v 0.0198470252 0.077934944 0.397123045
v 0.0195145589 0.0784410411 0.397280788
v 0.015830128 0.0791959825 0.39075978
v 0.0102255339 0.0786639937 0.424070892
v 0.00292688298 0.079290938 0.426813866
v 0.0030185754 0.0799037284 0.426726809
v 0.000637064531 0.0796933964 0.427098438
v -0.00519031632 0.0736224721 0.426831547
v 0.000738718199 0.0803044861 0.427010153
v -0.00166883723 0.0801024578 0.427139793
v -0.00396583278 0.0805137111 0.426937494
v -0.00155714956 0.080711774 0.427051317
v -0.00384415431 0.0811212537 0.426849901
v -0.00972055413 0.0821915602 0.425147837
v -0.00986790966 0.0815887105 0.425227972
v -0.0115928699 0.0831109941 0.423818865
v -0.0150766062 0.0825648485 0.421937203
v -0.0095091307 0.0827242151 0.424896534
v -0.00370724858 0.0816674601 0.426577016
v -0.00144924706 0.0812631644 0.426775877
v 0.000817509469 0.0808610061 0.426735231
v -0.0035685198 0.0820988519 0.426145543
v 0.00306845496 0.0804653779 0.426455488
v -0.00135568777 0.0817026779 0.426340429
v 0.0101840217 0.0792413228 0.423833251
v 0.0159938774 0.07828484 0.418900069
v 0.0100448571 0.0797212995 0.423456665
v 0.00307163773 0.0809208166 0.426026453
v 0.00982167129 0.0800568756 0.422977998
v 0.0197972709 0.0777112437 0.412250953
v 0.0157384953 0.0787839251 0.418622164
v 0.020777214 0.0781027189 0.404694275
v 0.0194658005 0.0782217974 0.412106061
v 0.000865722469 0.0813085777 0.426300584
v 0.0153688535 0.0791436118 0.418267852
v 0.01904779 0.078809568 0.39747542
v 0.0202779692 0.0784799223 0.404698213
v 0.0184924136 0.0790043995 0.397687883
v 0.0154581284 0.0795451009 0.391122145
v 0.00994195205 0.0805977727 0.386404693
v 0.0190002888 0.078595945 0.411919342
v 0.0184463039 0.0787970611 0.411709094
v 0.0149211453 0.0793286663 0.417871812
v 0.0150078078 0.0797183774 0.391520536
v 0.00965306458 0.0807402811 0.386941131
v 0.00316459403 0.0818406277 0.383892046
v 0.0196865905 0.078684449 0.404699295
v -0.00405650173 0.0831237546 0.383887272
v -0.0111729336 0.084068704 0.385903673
v -0.016866567 0.0850060784 0.390738179
v -0.0205938734 0.085568206 0.39725429
v -0.0219052869 0.0856872846 0.404666072
v -0.0206426318 0.0853489623 0.412079545
v 0.0165688643 0.0792489605 0.404011904
v 0.0159274072 0.0792802735 0.409389728
v 0.0155462912 0.0795123314 0.398699814
v 0.0129593867 0.0800446748 0.39397142
v 0.0136844636 0.0796032055 0.414308885
v 0.012516276 0.0801467198 0.392457539
v 0.0116152892 0.0803268354 0.391153214
v 0.0100587328 0.08018627 0.418289799
v 0.0103457727 0.0805672502 0.390187795
v 0.00916998666 0.0807831905 0.389730578
v 0.00791602043 0.0810084712 0.389570999
v 0.00954055956 0.0802544451 0.419844716
v 0.0030051372 0.0819098399 0.387702397
v 0.00953630571 0.0802152003 0.422444116
v 0.00853796996 0.0804124598 0.421151597
v 0.00715836622 0.0806434792 0.422070432
v 0.00554954126 0.0809227108 0.422502797
v 0.00294127249 0.0813497798 0.424874514
v 0.00388384324 0.081220196 0.422402343
v 0.00233971507 0.0815041298 0.421779895
v -0.00260147967 0.0823802962 0.421902177
v 0.00307404924 0.0819467656 0.38450203
v -0.00223662465 0.0828452596 0.387438253
v -0.00393571513 0.0831923578 0.384497397
v -0.00731405903 0.0837264735 0.388803546
v -0.0105307466 0.0843268828 0.3869278
v -0.0117474938 0.0844701905 0.391669282
v -0.0108503611 0.0842924581 0.386390948
v -0.0159155857 0.0852134077 0.391500099
v -0.0151180882 0.0850061343 0.395764742
v -0.0194407437 0.085745022 0.397662817
v -0.0171074146 0.0852836645 0.400703007
v -0.0184314073 0.0855034426 0.401708822
v -0.0193507661 0.0856457231 0.403081732
v -0.0163975424 0.085205722 0.391101094
v -0.0200289749 0.0857533797 0.397449586
v -0.0206810308 0.085857625 0.404672611
v -0.0197661562 0.0856950354 0.404673407
v -0.0196327024 0.085646141 0.406311884
v -0.0194868545 0.0855376836 0.411684024
v -0.0189648168 0.0855042967 0.407820099
v -0.0180504832 0.0853258273 0.40885906
v -0.0168830315 0.0851068402 0.409615687
v -0.0148193208 0.0846700751 0.414170709
v -0.0213066576 0.0858694024 0.404670733
v -0.0200764772 0.0855397567 0.411893526
v -0.0160022488 0.0848236966 0.417851371
v -0.0115560062 0.0840323856 0.417931288
v -0.0177321004 0.0850513598 0.416569138
v -0.0106475083 0.0838017928 0.422430776
v -0.00736642157 0.0832472315 0.420582473
v -0.00406849017 0.0825953174 0.424869876
v -0.018236357 0.0848476234 0.416878603
v -0.0186745013 0.0844723199 0.41712091
v -0.0173702523 0.0842135243 0.418878027
v -0.0169582003 0.0845940209 0.418600558
v -0.0190036407 0.0839621294 0.41727235
v -0.0164868185 0.0848042875 0.418246801
v -0.014272181 0.0840748017 0.421328469
v -0.013869889 0.0842984378 0.420904553
v -0.0149065897 0.0831634236 0.421871355
v -0.0146294024 0.0836837459 0.421661608
v -0.0112963899 0.0835135823 0.423442571
v -0.0109706417 0.0837516156 0.422964258
v -0.00898111423 0.0833822352 0.423993206
v -0.00925433785 0.0831344976 0.424498676
v -0.00344154667 0.0823732648 0.425597708
v -0.00128563255 0.0819872862 0.425787583
v 0.000878638102 0.0816033086 0.425748766
v 0.00302781452 0.0812255701 0.425481674
v -0.0206705219 0.0777525246 0.416908971
v -0.0208941191 0.0765721638 0.416464737
v -0.0211060197 0.0773878986 0.415894166
v -0.020534557 0.0764979493 0.417138263
v -0.0206062368 0.0780904201 0.417894745
v -0.0202586548 0.0764379501 0.41785319
v -0.020048343 0.0763853997 0.4188393
v -0.0208395019 0.0783723996 0.418757901
v -0.0200591079 0.0763718481 0.419844328
v -0.0211150914 0.0785248579 0.419240579
v -0.0216034982 0.0786789714 0.419770569
v -0.0203267972 0.0764058447 0.42072622
v -0.020832881 0.0764854341 0.42140112
v -0.0329157979 0.0805318105 0.429996119
v -0.0319586274 0.0783077508 0.431458013
v -0.0368474489 0.0811878799 0.432763175
v -0.0362834417 0.0790293672 0.434501783
v -0.0411999713 0.079873783 0.436400236
v -0.0413170163 0.0819555076 0.434489042
v -0.0464188012 0.0807912584 0.437041612
v -0.046061415 0.08278961 0.43507211
v -0.0479831052 0.0831311054 0.435069882
v -0.0491953735 0.0812846659 0.437038402
v -0.0211060197 0.0773878986 0.415894166
v -0.020321423 0.0818035514 0.415962041
v -0.0200435251 0.0812812105 0.416963213
v -0.0206705219 0.0777525246 0.416908971
v -0.0201047735 0.0809126285 0.417938146
v -0.0206062368 0.0780904201 0.417894745
v -0.020425444 0.0807026622 0.418793717
v -0.0208395019 0.0783723996 0.418757901
v -0.0207392367 0.0806400977 0.419273093
v -0.0211150914 0.0785248579 0.419240579
v -0.0212536424 0.0806479098 0.419800855
v -0.0216034982 0.0786789714 0.419770569
v -0.0329157979 0.0805318105 0.429996119
v -0.0325659466 0.0825007489 0.430026387
v -0.0368474489 0.0811878799 0.432763175
v -0.0364975976 0.0831568093 0.432793452
v -0.0413170163 0.0819555076 0.434489042
v -0.040967165 0.083924446 0.43451931
v -0.046061415 0.08278961 0.43507211
v -0.045711566 0.0847585484 0.435102378
v -0.0476332584 0.0851000347 0.43510015
v -0.0479831052 0.0831311054 0.435069882
v -0.0200435251 0.0812812105 0.416963213
v -0.020321423 0.0818035514 0.415962041
v -0.0191915605 0.0833670285 0.417318071
v -0.0201047735 0.0809126285 0.417938146
v -0.020425444 0.0807026622 0.418793717
v -0.0187093631 0.0830876139 0.418336505
v -0.0186558042 0.0827263989 0.419162617
v -0.0189052203 0.0824026185 0.420074831
v -0.0207392367 0.0806400977 0.419273093
v -0.0212536424 0.0806479098 0.419800855
v -0.0193590165 0.0823248562 0.420967936
v -0.0197833214 0.0823922312 0.421491915
v -0.0325659466 0.0825007489 0.430026387
v -0.0309090735 0.0842144933 0.431548835
v -0.0364975976 0.0831568093 0.432793452
v -0.0352338787 0.0849361733 0.434592596
v -0.040967165 0.083924446 0.43451931
v -0.0401504083 0.0857805801 0.436491031
v -0.0453692519 0.0866981191 0.437132407
v -0.045711566 0.0847585484 0.435102378
v -0.0476332584 0.0851000347 0.43510015
v -0.048145815 0.0871915266 0.437129206
v -0.048145815 0.0871915266 0.437129206
v -0.100696091 0.0946565683 0.558923267
v -0.101745642 0.0887498258 0.558832427
v -0.0491953735 0.0812846659 0.437038402
v -0.0479831052 0.0831311054 0.435069882
v -0.0476332584 0.0851000347 0.43510015
v -0.101745642 0.0887498258 0.558832427
v -0.0464188012 0.0807912584 0.437041612
v -0.0491953735 0.0812846659 0.437038402
v -0.0411999713 0.079873783 0.436400236
v -0.00868502181 0.0741355327 0.433851873
v -0.0973295966 0.087711495 0.575332188
v -0.0362834417 0.0790293672 0.434501783
v -0.0319586274 0.0783077508 0.431458013
v -0.020832881 0.0764854341 0.42140112
v -0.00855846979 0.0741766058 0.429717301
v -0.00836291314 0.0741569519 0.428732891
v -0.0203267972 0.0764058447 0.42072622
v -0.00785869405 0.0740806594 0.427868244
v -0.0113910728 0.0747532642 0.424946292
v -0.00710226601 0.073956214 0.427220147
v -0.00617832346 0.0737975853 0.426861187
v -0.00519031632 0.0736224721 0.426831547
v -0.0167778379 0.0757650406 0.421390241
v -0.0200591079 0.0763718481 0.419844328
v -0.020048343 0.0763853997 0.4188393
v -0.0202586548 0.0764379501 0.41785319
v -0.020534557 0.0764979493 0.417138263
v -0.0208941191 0.0765721638 0.416464737
v -0.00810504749 0.0780345783 0.437824101
v -0.0959321336 0.0914852449 0.5779997
v -0.0962800449 0.0936182375 0.575423029
v -0.00763546421 0.0800422706 0.433942677
v -0.0959321336 0.0914852449 0.5779997
v -0.00810504749 0.0780345783 0.437824101
v -0.0084548995 0.0760655853 0.437793842
v -0.0962819872 0.0895163156 0.577969432
v -0.0084548995 0.0760655853 0.437793842
v -0.0973295966 0.087711495 0.575332188
v -0.0962819872 0.0895163156 0.577969432
v -0.00868502181 0.0741355327 0.433851873
v -0.0962800449 0.0936182375 0.575423029
v -0.0959321336 0.0914852449 0.5779997
v -0.0962819872 0.0895163156 0.577969432
v -0.0973295966 0.087711495 0.575332188
v -0.101745642 0.0887498258 0.558832427
v -0.100696091 0.0946565683 0.558923267
v 0.0186632179 0.0696056518 0.41241357
v 0.0200763107 0.0694688746 0.404977505
v 0.0195383342 0.0688082895 0.409708196
v 0.0200434987 0.0688524782 0.402387878
v 0.0189821327 0.0697783797 0.397493009
v 0.0182564794 0.0686961076 0.395297521
v 0.0155045459 0.0704990788 0.390807391
v 0.0143673449 0.068355826 0.38919121
v 0.0100372412 0.0715494315 0.385677492
v 0.00878973933 0.0678678453 0.38471843
v 0.00319914595 0.0728104673 0.382684036
v 0.00211689647 0.0672840437 0.38235489
v -0.00423562493 0.0741395053 0.382165912
v -0.00494146391 0.0666665402 0.382351994
v -0.0114254119 0.0753860158 0.38418178
v -0.0116346211 0.0660809602 0.384710023
v -0.0175562844 0.0764089597 0.388503422
v -0.017250695 0.0655896275 0.389178199
v -0.0219341918 0.0770924952 0.394641589
v -0.0211923605 0.0652447749 0.395281286
v -0.0240635324 0.0773592113 0.401901449
v -0.023040386 0.0650830873 0.402370165
v -0.0237032453 0.0771789766 0.409461092
v -0.0225982161 0.0651217272 0.409690856
v -0.0208941191 0.0765721638 0.416464737
v -0.0199128821 0.0653567109 0.416464736
v -0.0167778379 0.0757650406 0.421390241
v -0.0158979459 0.0657079748 0.421390241
v -0.0113910728 0.0747532642 0.424946292
v -0.0106399515 0.0661679974 0.424946292
v -0.00519031632 0.0736224721 0.426831547
v -0.00458447725 0.0666977927 0.426831546
v 0.000760138632 0.0671653871 0.426913519
v 0.0022604593 0.0723021016 0.426600925
v 0.00596641055 0.0676208306 0.42563124
v 0.00922082185 0.0711072912 0.423873968
v 0.0121044596 0.0681578931 0.421982619
v 0.014902823 0.0701732091 0.418959404
v 0.0167947212 0.06856823 0.416479848
v 0.0186632179 0.0696056518 0.41241357
v 0.0195383342 0.0688082895 0.409708196
v 0.111774718 -0.0192725162 0.425250909
v 0.111901319 -0.0188062488 0.425823281
v 0.112103572 -0.0175273955 0.426737623
v 0.111245456 -0.0201981913 0.422858174
v 0.112225443 -0.0163780202 0.427288641
v 0.109733145 -0.00799737814 0.415973136
v 0.110791182 -0.0205444727 0.420804516
v 0.108937614 -0.0123871499 0.412376648
v 0.110156429 -0.00261258064 0.417886777
v 0.107865785 -0.0152523242 0.407531097
v 0.109101239 -0.0203359539 0.413162669
v 0.112501323 -0.00951848316 0.428535031
v 0.106627439 -0.0195627257 0.401978722
v 0.106646944 -0.0162473828 0.402020969
v 0.105428101 -0.0152523246 0.396510818
v 0.112515567 0.00890070072 0.428599561
v 0.112375927 0.0142371986 0.427968308
v 0.112105449 0.0178503167 0.426746256
v 0.110156423 0.00311779761 0.417886777
v 0.0997049954 -0.0176121162 0.370684047
v 0.104356277 -0.0123871517 0.391665285
v 0.103560746 -0.00799738101 0.388068802
v 0.103137444 -0.00261258492 0.386155153
v 0.0972333448 -0.000997383823 0.359463785
v 0.111863276 0.0192396927 0.425651471
v 0.10973313 0.00850262497 0.415973137
v 0.0972974726 -0.000181526639 0.359753732
v 0.103137439 0.00311779334 0.386155153
v 0.0972974718 0.000686729165 0.359753732
v 0.0972333425 0.00150261662 0.359463785
v 0.101017809 0.0186801587 0.376618816
v 0.103560731 0.00850262153 0.388068803
v 0.104356254 0.0128923324 0.391665286
v 0.105428073 0.0157575375 0.39651082
v 0.110456104 0.0209836663 0.419289892
v 0.108937591 0.0128923343 0.412376649
v 0.107865757 0.015757539 0.407531098
v 0.111276314 0.0206012038 0.422997893
v 0.111508891 0.0202761642 0.424049296
v 0.108066442 0.0206291437 0.408484713
v 0.106646914 0.0167526222 0.40202097
v 0.096706774 0.00921599641 0.357083368
v 0.0971128065 0.00216771648 0.358918862
v 0.0966458568 0.00839485952 0.356807909
v 0.0969504066 0.00260182892 0.358184693
v 0.0965279504 0.00771974995 0.356274852
v 0.0967033899 0.0100840996 0.357068002
v 0.0967657516 0.00275261622 0.357349824
v 0.0966360683 0.0108944628 0.35676366
v 0.0965129403 0.0115493411 0.356207049
v 0.0963488669 0.0119697504 0.355465311
v 0.0939689044 0.0167311249 0.344752471
v 0.096163639 0.0121050036 0.354627919
v 0.0907502743 0.0156206342 0.330201579
v 0.0899659839 0.0115846457 0.326609454
v 0.0885360092 0.0143155804 0.320190447
v 0.0963672703 0.00727205726 0.355548486
v 0.0961832159 0.0071058282 0.354716424
v 0.0899855881 0.00658543852 0.32669797
v 0.0897996373 0.0114483237 0.325857424
v 0.0891675643 0.00275261214 0.322999849
v 0.0896505441 0.0110806478 0.325183352
v 0.0898182772 0.00669380642 0.325941607
v 0.0896663821 0.00703621351 0.325254961
v 0.0895447821 0.00757918242 0.324705233
v 0.0889828914 0.0026018246 0.32216498
v 0.0895332652 0.0105176284 0.3246532
v 0.0894653643 0.00826955091 0.324346224
v 0.0894593239 0.00981438189 0.32431888
v 0.0888204923 0.00216771181 0.321430818
v 0.0894359323 0.00903975376 0.324213107
v 0.0872672762 0.0101549783 0.314457278
v 0.0879664293 0.013607378 0.317618083
v 0.0886999575 0.00150261165 0.320885897
v 0.087449601 0.0120168554 0.315281558
v 0.0875519551 0.0125622499 0.315744288
v 0.0871017608 0.00617382088 0.313707803
v 0.0871818341 -0.00520109176 0.313708322
v 0.0886358115 0.00068672418 0.320595949
v 0.0886358123 -0.000181531606 0.320595949
v 0.0886999598 -0.000997388653 0.320885897
v 0.0872574446 -0.00972815232 0.314411759
v 0.0888204958 -0.00166251928 0.321430818
v 0.0889828957 -0.00209663214 0.32216498
v 0.0894653791 -0.00776435655 0.324346223
v 0.0895447955 -0.00707398795 0.324705232
v 0.0894359485 -0.00853452874 0.324213106
v 0.0891675688 -0.00224738889 0.322999849
v 0.0896663946 -0.00653101889 0.32525496
v 0.0898182891 -0.0061886116 0.325941606
v 0.0899855997 -0.00608027417 0.326697969
v 0.0967657562 -0.00224738467 0.357349824
v 0.0961832285 -0.00660062625 0.354716423
v 0.0963495935 -0.00673694805 0.355468438
v 0.0964986874 -0.00710462375 0.356142519
v 0.0969504109 -0.00209662768 0.358184692
v 0.0966159582 -0.00766764248 0.356672664
v 0.09711281 -0.0016625146 0.358918861
v 0.0966899009 -0.00837088999 0.35700699
v 0.0967133029 -0.00914551753 0.357112764
v 0.0966838632 -0.00991572041 0.356979639
v 0.0966044376 -0.0106060896 0.356620638
v 0.0964828477 -0.0111490581 0.35607091
v 0.0963309623 -0.0114914659 0.355384264
v 0.0961636608 -0.0115997732 0.354627917
v 0.0927837163 -0.0156617556 0.339393288
v 0.0899660047 -0.0110794814 0.326609452
v 0.0881892715 -0.0135654037 0.318625375
v 0.0897996579 -0.0109430982 0.325857423
v 0.089650564 -0.0105754225 0.325183351
v 0.089533284 -0.0100124044 0.324653199
v 0.0894593414 -0.00930918754 0.324318879
v 0.0874777899 -0.0117329562 0.31540886
v 0.0876476206 -0.0124788135 0.31617666
v 0.0669692471 -0.0489057031 0.437740539
v 0.0692013816 -0.0456024526 0.444475129
v 0.0707444214 -0.0457665239 0.441825788
v 0.0628599656 -0.0448958497 0.45348844
v 0.0519742066 -0.0476027985 0.458299641
v 0.0552106457 -0.0440354478 0.461750036
v 0.0404510722 -0.0424821176 0.472814805
v 0.0633049066 -0.0487944938 0.443429492
v 0.0658206916 -0.0490122969 0.437274832
v 0.0469696342 -0.0473774578 0.46212283
v 0.0321900426 -0.0458838041 0.472248554
v 0.0161542553 -0.040292809 0.482322847
v 0.0254725978 -0.045510963 0.474479354
v 0.00960011332 -0.0439209853 0.47916309
v -0.0111158018 -0.038042462 0.484607528
v 0.00114332741 -0.0433972696 0.47915999
v -0.0139498202 -0.0418748073 0.478740523
v -0.0233817217 -0.0412654587 0.475657565
v -0.0454674621 -0.033717477 0.479767274
v -0.0271117891 -0.0407311339 0.475168657
v -0.0454448895 -0.0393465261 0.464351639
v -0.043537967 -0.0363155583 0.474054201
v -0.0514081499 -0.0358075077 0.467930328
v -0.0592004973 -0.0294976994 0.47682677
v -0.0576179088 -0.0354685852 0.461539519
v -0.039417605 -0.0396619427 0.469287821
v -0.0500692214 -0.0387364001 0.461585657
v -0.0599297526 -0.0378796735 0.451303793
v -0.0626552591 -0.0378484937 0.446467346
v -0.06607036 -0.0275863883 0.470257627
v -0.0653261895 -0.0259185404 0.475484866
v -0.0695836845 -0.0214926399 0.474650187
v -0.0711944026 -0.0244073218 0.467312857
v -0.0673013967 -0.0293713068 0.463700671
v -0.07249038 -0.0223279132 0.468096214
v -0.0641039964 -0.0332265294 0.458598005
v -0.0722086875 -0.0157206061 0.474363643
v -0.0633468409 -0.0346404701 0.455722164
v -0.0634479219 -0.0351814854 0.453969759
v -0.0637359816 -0.0353194218 0.45309447
v -0.0747093841 -0.0167214685 0.469437501
v -0.0733234204 -0.00917400696 0.474468781
v -0.0759338298 -0.00962848311 0.470177612
v -0.0727161356 0.01397999 0.474371093
v -0.0762615245 0.00433663819 0.470375674
v -0.075149709 0.0152648632 0.469703631
v -0.0715334869 0.0181189679 0.474399733
v -0.0724904213 0.0226998372 0.468096217
v -0.0695837244 0.0218644843 0.47465019
v 0.072489476 -0.0431608015 0.443714181
v 0.0707444214 -0.0457665239 0.441825788
v 0.0692013816 -0.0456024526 0.444475129
v 0.072873261 -0.0385578936 0.449460442
v 0.0628599656 -0.0448958497 0.45348844
v 0.078631931 -0.0321069619 0.450361105
v 0.0604402418 -0.0401109408 0.460207733
v 0.0552106457 -0.0440354478 0.461750036
v 0.0749569822 -0.0335470891 0.452522911
v 0.0620729577 -0.0347155523 0.462783695
v 0.0461736223 -0.0317913121 0.474997492
v 0.0404510722 -0.0424821176 0.472814805
v 0.0769348736 -0.0275241944 0.455611946
v 0.0828014813 -0.0200586778 0.454873127
v 0.063748751 -0.0284214215 0.46555498
v 0.049093737 -0.0210565034 0.478448543
v 0.0600947605 -0.0181402353 0.473219693
v 0.0654065317 -0.0168647785 0.470126365
v 0.0549262055 -0.0172684735 0.476680703
v 0.0525032148 -0.0160068792 0.478438056
v 0.0701972425 -0.0136097681 0.467729837
v 0.0503247731 -0.0142405843 0.480076911
v 0.0800818832 -0.0102232227 0.460538952
v 0.073819965 -0.00875637165 0.466116011
v 0.084810115 -0.00576445381 0.45704672
v 0.0757547279 -0.0028520106 0.465298594
v 0.0806235325 0.000186080663 0.46120122
v 0.0757240176 0.00341370709 0.465311472
v 0.0848101041 0.00613676309 0.45704672
v 0.0800818641 0.0105953836 0.460538954
v 0.073731973 0.00929581676 0.466153656
v 0.0796228645 0.0157291735 0.459494954
v 0.0700646673 0.0141077658 0.467791711
v 0.0828014259 0.0204309229 0.454873102
v 0.0652478799 0.0173069809 0.470211896
v 0.0637486985 0.0287935529 0.465554983
v 0.0599311815 0.0185176692 0.473322577
v 0.049093698 0.0214285495 0.478448545
v 0.046173609 0.0321634715 0.474997587
v 0.0547764888 0.0175805617 0.47678698
v 0.0503247466 0.0146126313 0.480076913
v 0.0374555757 0.0160822549 0.485245409
v 0.0473273329 0.0106017937 0.482402655
v 0.0769348227 0.0278963467 0.455611949
v 0.0786318716 0.0324791384 0.450361109
v 0.0620728936 0.0350876537 0.462783699
v 0.0749569202 0.0339192654 0.452522915
v 0.0728731898 0.0389300664 0.449460447
v 0.0724893964 0.0435329379 0.443714187
v 0.0604401677 0.0404830668 0.460207738
v 0.0692013066 0.0459745602 0.444475134
v 0.0707443369 0.0461386801 0.441825794
v 0.0628598827 0.0452679855 0.453488445
v 0.0552105644 0.044407564 0.461750041
v 0.0404510028 0.0428541735 0.47281481
v 0.0327653911 0.0368398222 0.479108041
v 0.016123922 0.040662318 0.482329791
v 0.0343983167 0.0317076511 0.480714444
v 0.0213288902 0.0361823399 0.483031557
v 0.0356435019 0.0265397751 0.482421975
v 0.00934921597 0.0355397229 0.485456926
v -0.0111158662 0.0384144627 0.484607533
v 0.0219906774 0.0312874756 0.484846871
v 0.0366154567 0.0213312786 0.484009334
v 0.0225556535 0.0263275459 0.486581477
v 0.00902980698 0.0309016899 0.4872841
v -0.00440511115 0.0305490505 0.487915437
v 0.00878660123 0.0261595335 0.488977033
v 0.0230667899 0.0212738654 0.488114576
v 0.0235655072 0.0161082762 0.489329879
v 0.00866911166 0.0212617671 0.490458564
v 0.0171696378 0.0179033447 0.490190007
v 0.0228260068 0.0152855203 0.489672013
v 0.0109750225 0.0184594303 0.4909305
v 0.027286012 0.0109196172 0.489405257
v 0.00497514228 0.016886458 0.491774621
v 0.0381385567 0.0108012793 0.486101425
v 0.0454234148 0.00564372282 0.483913817
v 0.0300315024 0.00531021366 0.489318818
v 0.0385974609 0.00549900212 0.486599064
v 0.0447701797 0.000186049037 0.484437358
v 0.0387653131 0.000186043844 0.486760117
v 0.030732997 -0.000893431035 0.489308104
v 0.0385974707 -0.00512691543 0.486599064
v 0.0454232884 -0.00527095252 0.483913998
v 0.0293035177 -0.00697518989 0.489335279
v 0.0381385762 -0.0104291929 0.486101424
v 0.0473281979 -0.0102312781 0.482401908
v 0.0259154087 -0.0122263229 0.489471685
v 0.0374556049 -0.0157101991 0.485245407
v 0.0235655364 -0.0157362112 0.489329877
v 0.0209655684 -0.0160415742 0.489822387
v 0.0366154956 -0.0209591651 0.484009331
v 0.0230668286 -0.0209018023 0.488114573
v 0.0150431286 -0.0179671167 0.490426601
v 0.0356435412 -0.0261676632 0.482421972
v 0.00866914698 -0.0208897308 0.490458561
v 0.00883295559 -0.0177779134 0.491219354
v 0.0225556947 -0.025955454 0.486581474
v 0.0343983655 -0.0313355709 0.480714441
v 0.0327654494 -0.0364677789 0.479108036
v 0.0161542553 -0.040292809 0.482322847
v 0.0219907277 -0.0309154163 0.484846868
v -0.00635613888 -0.0209284391 0.49073574
v 0.00306777948 -0.0154987429 0.492064311
v 0.00878664441 -0.0257874967 0.48897703
v -0.00552888687 -0.0256659877 0.489407005
v -0.00682392583 -0.0159140944 0.49184889
v -0.00159086425 -0.0114038672 0.492811007
v 0.0213289495 -0.0358103158 0.483031552
v 0.00902986001 -0.0305296252 0.487284097
v 0.00934927638 -0.0351676847 0.485456921
v -0.00308351573 -0.0345370843 0.486315286
v -0.0111158018 -0.038042462 0.484607528
v -0.0044050599 -0.0301770333 0.487915433
v -0.0218076 -0.0210202507 0.48879026
v -0.00701324788 -0.0106732192 0.492699777
v -0.00461785049 -0.00596587983 0.493328601
v -0.0202601245 -0.0255903767 0.487793926
v -0.0182208298 -0.0298520357 0.486729781
v -0.0227633141 -0.016075667 0.489686677
v -0.00704106541 -0.00528137293 0.493243382
v -0.00566655227 0.000186005976 0.493518177
v -0.0220399568 -0.00692115576 0.491072311
v -0.0251823329 -0.0121898673 0.489824338
v -0.0298468331 -0.0160237333 0.488129714
v -0.0355164336 -0.0179628871 0.486301102
v -0.0207396223 -0.000824565827 0.491620791
v -0.0070243502 0.00018600484 0.493434613
v -0.00505023263 0.00493149027 0.493405673
v -0.0214103555 0.00538957654 0.491334591
v -0.0070410746 0.00565338235 0.493243383
v -0.00324089793 0.0093552902 0.493089278
v -0.00701326612 0.0110452299 0.492699778
v -0.000362205345 0.0131515886 0.492608701
v -0.00682395314 0.0162861055 0.491848891
v 0.00213732324 0.0152612415 0.49220905
v -0.0232402475 0.0111971326 0.490417949
v -0.0239859365 0.0109962029 0.490288455
v -0.0282008535 0.0153459321 0.488707499
v -0.0227633429 0.0164476843 0.489686679
v -0.0218076356 0.0213922335 0.488790263
v -0.0336070139 0.0179326909 0.486889765
v -0.00635617427 0.0213004819 0.490735743
v -0.00552893068 0.0260380004 0.489407008
v -0.0202601685 0.0259623352 0.48779393
v -0.018220881 0.0302239935 0.486729784
v -0.0352921426 0.0259207281 0.484556457
v -0.0322681442 0.0299032747 0.484114607
v -0.0375637474 0.0215261924 0.485065447
v -0.0396014542 0.0184490716 0.485128766
v -0.0454711734 0.0168348085 0.483626736
v -0.0158456283 0.0342775528 0.485621474
v -0.0286778827 0.0335915365 0.483725506
v -0.0454675153 0.0340893288 0.479767278
v -0.0464050638 0.0295657984 0.480554327
v -0.0592005428 0.0298696536 0.476826774
v -0.0653262284 0.0262904835 0.47548487
v -0.0505165137 0.0258993526 0.48023705
v -0.0695837244 0.0218644843 0.47465019
v -0.0535229542 0.0216883205 0.480154377
v -0.0715334869 0.0181189679 0.474399733
v -0.0553918707 0.0168764579 0.480319669
v -0.0482087378 0.0152281186 0.482986889
v -0.0506391108 0.0131515464 0.482445048
v -0.0727161356 0.01397999 0.474371093
v -0.0563562305 0.0115814132 0.480618674
v -0.0535011785 0.00935689713 0.48183425
v -0.0567153257 0.00596422439 0.480905219
v -0.0553061307 0.00493703365 0.481464195
v -0.0567685213 0.000185963624 0.481033221
v -0.0559243145 0.000185964311 0.481341558
v -0.0733234204 -0.00917400696 0.474468781
v -0.0567153151 -0.00559229625 0.480905219
v -0.0548709774 -0.00597904476 0.481552078
v -0.0563562096 -0.011209485 0.480618673
v -0.0722086875 -0.0157206061 0.474363643
v -0.051846379 -0.0114205406 0.482183922
v -0.0553918401 -0.0165045278 0.480319667
v -0.047223431 -0.015510504 0.483213351
v -0.0695836845 -0.0214926399 0.474650187
v -0.0535229147 -0.0213163563 0.480154375
v -0.0415501682 -0.0177833276 0.484608151
v -0.0505164756 -0.0255274147 0.480237047
v -0.0653261895 -0.0259185404 0.475484866
v -0.0375637105 -0.0211542358 0.485065445
v -0.0352920999 -0.025548765 0.484556454
v -0.0464050166 -0.0291938552 0.480554324
v -0.0592004973 -0.0294976994 0.47682677
v -0.0322680919 -0.029531306 0.484114603
v -0.0413332156 -0.0324293262 0.481055482
v -0.0454674621 -0.033717477 0.479767274
v -0.0286778258 -0.0332195384 0.483725502
v -0.0158455707 -0.033905561 0.48562147
v -0.0764447564 0.0368165978 0.405843421
v -0.0822614337 0.0302328571 0.405842079
v -0.0692928125 0.0374380031 0.404844217
v -0.0782082928 0.000497986058 0.404843052
v -0.0866313218 0.0223340472 0.40584077
v -0.0887917728 0.0130235886 0.405840055
v -0.0894397669 0.000185940558 0.405839809
v -0.0887904668 -0.0126618406 0.405840054
v -0.0782082722 -0.0219275232 0.404843328
v -0.0866312811 -0.0219621327 0.405840767
v -0.0822613785 -0.0298609345 0.405842076
v -0.0764446891 -0.0364446918 0.405843416
v -0.0692927486 -0.0370661317 0.404844213
v -0.0822458763 -0.0298429424 0.404842073
v -0.0764703415 -0.0364424976 0.404843436
v -0.0866181208 -0.02192754 0.404840764
v -0.0887862469 -0.012626086 0.404840051
v -0.0894339736 0.000185928011 0.404839806
v -0.088784988 0.0130079522 0.404840052
v -0.0866181615 0.0222993978 0.404840767
v -0.0822459315 0.0302148082 0.404842076
v -0.0764704088 0.0368143605 0.40484344
v 0.0692013066 0.0459745602 0.444475134
v 0.0669691569 0.0492778483 0.437740544
v 0.0707443369 0.0461386801 0.441825794
v 0.0559087516 0.0485252303 0.453455495
v 0.0658257944 0.0493848312 0.437054786
v 0.0519786163 0.0479753048 0.458296218
v 0.0628598827 0.0452679855 0.453488445
v 0.0552105644 0.044407564 0.461750041
v 0.0356928177 0.0465601834 0.46977849
v 0.0321898079 0.0462558358 0.472248269
v 0.0404510028 0.0428541735 0.47281481
v 0.016123922 0.040662318 0.482329791
v 0.0095996321 0.0442929884 0.479161959
v 0.0107765158 0.0446063332 0.478303714
v -0.0111158662 0.0384144627 0.484607533
v -0.0139491415 0.0422468216 0.478740829
v -0.0153518615 0.0423355598 0.477729034
v -0.0271099646 0.0411032837 0.475169463
v -0.0454675153 0.0340893288 0.479767278
v -0.0397085918 0.0402175292 0.468218942
v -0.0435380273 0.0366875075 0.474054205
v -0.0394176668 0.0400338796 0.469287825
v -0.0514082115 0.0361794114 0.467930333
v -0.0592005428 0.0298696536 0.476826774
v -0.0576179652 0.0358404805 0.461539523
v -0.0500692838 0.0391083365 0.461585661
v -0.0593558907 0.0385077028 0.450920436
v -0.0601261915 0.0380895595 0.451440931
v -0.0633468958 0.0350123464 0.455722168
v -0.0634479778 0.0355534231 0.453969763
v -0.0641040532 0.0335984631 0.458598009
v -0.0673014419 0.0297432363 0.463700674
v -0.0660704019 0.0279582692 0.470257631
v -0.0653262284 0.0262904835 0.47548487
v -0.0711944432 0.0247792437 0.46731286
v -0.0695837244 0.0218644843 0.47465019
v -0.0724904213 0.0226998372 0.468096217
v -0.0637359816 -0.0353194218 0.45309447
v -0.0599297526 -0.0378796735 0.451303793
v -0.0642020751 -0.0353329123 0.452290332
v -0.0696302872 -0.03492258 0.443325152
v -0.0678338787 -0.0371928932 0.439134364
v -0.0626552591 -0.0378484937 0.446467346
v -0.0704581461 -0.0347362365 0.442108576
v -0.0712945316 -0.0343928552 0.441363718
v -0.0731478588 -0.0369335274 0.423942738
v -0.0734817481 -0.0367021387 0.424864292
v -0.0722158185 -0.0339195276 0.44081079
v -0.0752333288 -0.0319143421 0.43998858
v -0.0755446655 -0.0365229377 0.415448021
v -0.0757856332 -0.0367009205 0.399218711
v -0.0790324631 -0.0320596683 0.424355567
v -0.0789924879 -0.0284272832 0.440196419
v -0.0764446891 -0.0364446918 0.405843416
v -0.0764703415 -0.0364424976 0.404843436
v -0.0822613785 -0.0298609345 0.405842076
v -0.0827490817 -0.0268243127 0.428864024
v -0.0818415842 -0.0242897733 0.441479407
v -0.0866312811 -0.0219621327 0.405840767
v -0.0825560301 -0.0227554107 0.442081393
v -0.0754607582 -0.0365302576 0.390843616
v -0.0822458763 -0.0298429424 0.404842073
v -0.0702827324 -0.0371758886 0.374974506
v -0.0879434584 -0.0172046862 0.412743887
v -0.0887904668 -0.0126618406 0.405840054
v -0.081442093 -0.0298939046 0.395419757
v -0.0866181208 -0.02192754 0.404840764
v -0.0801732975 -0.0306726513 0.390842607
v -0.085636787 -0.0214008043 0.390841071
v -0.0887862469 -0.012626086 0.404840051
v -0.0754107315 -0.036534523 0.390543628
v -0.0886380469 -0.0112238012 0.3963209
v -0.0880522499 -0.0123199928 0.390840294
v -0.0894339736 0.000185928011 0.404839806
v -0.0887226865 0.000185929446 0.390840063
v -0.0891512778 -0.00586044741 0.414377304
v -0.0894397669 0.000185940558 0.405839809
v -0.0891838906 0.00018592869 0.397004095
v -0.0886380678 0.0115956597 0.396320902
v -0.0880505449 0.0127039676 0.390840296
v -0.088784988 0.0130079522 0.404840052
v -0.0856368267 0.0217726361 0.390841074
v -0.0866181615 0.0222993978 0.404840767
v -0.0814421483 0.0302657435 0.395419761
v -0.0801733542 0.0310445545 0.390842611
v -0.0822459315 0.0302148082 0.404842076
v -0.0754608257 0.0369020716 0.39084362
v -0.0764704088 0.0368143605 0.40484344
v -0.0758970593 0.0370635059 0.40199177
v -0.0764447564 0.0368165978 0.405843421
v -0.075410799 0.036906435 0.390543632
v -0.075544733 0.0368947828 0.415448026
v -0.0707958105 0.0375033347 0.376263128
v -0.0719240195 0.0374123266 0.427919971
v -0.077674771 0.0339827962 0.422659236
v -0.0803433256 0.0308006985 0.425970989
v -0.0822614337 0.0302328571 0.405842079
v -0.0866313218 0.0223340472 0.40584077
v -0.0734818159 0.0370740455 0.424864297
v -0.0678339383 0.0375647724 0.439134368
v -0.0593558907 0.0385077028 0.450920436
v -0.0601261915 0.0380895595 0.451440931
v -0.0749829791 0.0342316404 0.43294412
v -0.0778558063 0.0310359296 0.436206642
v -0.0713413572 0.0372600171 0.375621757
v -0.0673320369 0.037608376 0.366822927
v -0.0572355506 0.0386787319 0.353837347
v -0.0759427015 0.0338375539 0.381658164
v -0.0801973057 0.0309403673 0.390542609
v -0.0725501552 0.0341805167 0.37218499
v -0.079772726 0.0302582695 0.385968055
v -0.0855994328 0.0217610378 0.390541086
v -0.0622384124 0.03805098 0.358611122
v -0.0772976734 0.0304114699 0.376954644
v -0.0836378488 0.0211330796 0.378031823
v -0.0880228963 0.0126869999 0.390540303
v -0.0750328182 0.0302233617 0.3691867
v -0.0547737896 0.0386995437 0.349756124
v -0.049272397 0.0391775521 0.347349264
v -0.0627312562 0.0349037321 0.353237509
v -0.0687151376 0.0315629382 0.356694587
v -0.0706663253 0.0297428053 0.356709098
v -0.074458704 0.0297476852 0.366157598
v -0.0740048471 0.0283462885 0.361296531
v -0.0770283407 0.0240458986 0.359492484
v -0.0804441669 0.0193324884 0.360986914
v -0.0860498244 0.0107836823 0.375422659
v -0.0822313702 0.0149557759 0.361768804
v -0.088002186 0.0113160593 0.388710686
v -0.0886941556 0.00018592949 0.390540062
v -0.0836096097 0.0103158206 0.363929711
v -0.0832705359 0.00968132896 0.362223442
v -0.0841877025 0.000185934845 0.364504704
v -0.0836801121 -0.00152542962 0.362402639
v -0.0866548151 0.000185932084 0.37606353
v -0.0885792047 0.000185929664 0.389386954
v -0.083609591 -0.00994394893 0.36392971
v -0.0828198157 -0.0121741727 0.362026265
v -0.0804441318 -0.0189606106 0.360986912
v -0.0860498049 -0.0104118165 0.375422658
v -0.0836378103 -0.0207612131 0.37803182
v -0.0880021656 -0.0109441987 0.388710685
v -0.0880210907 -0.0123276223 0.390540302
v -0.0855993932 -0.0213891468 0.390541083
v -0.0785618496 -0.0241753922 0.365585591
v -0.075032763 -0.0298514783 0.369186696
v -0.0770282969 -0.0236739882 0.359492482
v -0.0714415966 -0.0296505488 0.359004634
v -0.0706662755 -0.0293709465 0.356709095
v -0.0772976178 -0.0300395894 0.376954641
v -0.0655825397 -0.0348927898 0.358658175
v -0.0627312015 -0.0345318265 0.353237505
v -0.0797726708 -0.0298863946 0.385968052
v -0.0801972491 -0.0305685255 0.390542606
v -0.0716319382 -0.0313445789 0.363566853
v -0.0725500928 -0.0338086291 0.372184986
v -0.0759426397 -0.0334656805 0.38165816
v -0.0622383519 -0.0376790515 0.358611117
v -0.0713412982 -0.0368881141 0.375621752
v -0.0673319772 -0.0372364805 0.366822923
v -0.0572354935 -0.0383068595 0.353837343
v -0.0586892713 -0.0379874508 0.354045244
v -0.0592774519 -0.036859398 0.352738289
v -0.0547737325 -0.0383276571 0.349756106
v -0.048435076 -0.0390706629 0.346614625
v -0.0634479778 0.0355534231 0.453969763
v -0.0637360423 0.0356913637 0.453094475
v -0.0642021358 0.0357048193 0.452290336
v -0.0696303472 0.0352945053 0.443325156
v -0.0704582012 0.0351081333 0.44210858
v -0.0712945906 0.0347647505 0.441363722
v -0.0722158767 0.0342914213 0.440810795
v -0.0752333878 0.0322861984 0.439988584
v -0.0789925405 0.0287991667 0.440196422
v -0.0818416292 0.0246616833 0.44147941
v -0.0825560723 0.0231272875 0.442081395
v -0.0872792217 0.0178175977 0.422677808
v -0.0846444247 0.0157895766 0.443841049
v -0.0879434903 0.0175765986 0.412743889
v -0.0887917728 0.0130235886 0.405840055
v -0.0891512889 0.00623232786 0.414377304
v -0.0884643828 0.00632900777 0.424299964
v -0.0856269793 0.0060772934 0.444668916
v -0.0884643715 -0.00595712724 0.424299964
v -0.0851159492 -0.0122616379 0.444238342
v 0.0428616272 0.000186047627 0.481359692
v 0.0447701797 0.000186049037 0.484437358
v 0.0454234148 0.00564372282 0.483913817
v 0.0438013751 0.00645735049 0.480776915
v 0.0473273329 0.0106017937 0.482402655
v 0.0465073262 0.0119722768 0.479098861
v 0.0503247466 0.0146126313 0.480076913
v 0.0506530771 0.0160655749 0.476527938
v 0.0547764888 0.0175805617 0.47678698
v 0.0557385879 0.018243588 0.473374219
v 0.0599311815 0.0185176692 0.473322577
v 0.0611504911 0.0182435931 0.470018092
v 0.0652478799 0.0173069809 0.470211896
v 0.066236015 0.0160655875 0.466864382
v 0.0700646673 0.0141077658 0.467791711
v 0.0703817733 0.0119722985 0.464293422
v 0.073731973 0.00929581676 0.466153656
v 0.0730877255 0.00645737677 0.462615376
v 0.0757240176 0.00341370709 0.465311472
v 0.0740275031 0.00018607505 0.462032589
v 0.0757547279 -0.0028520106 0.465298594
v 0.073087737 -0.00608522783 0.462615375
v 0.073819965 -0.00875637165 0.466116011
v 0.070381795 -0.0116001547 0.46429342
v 0.0701972425 -0.0136097681 0.467729837
v 0.0662360442 -0.0156934505 0.46686438
v 0.0654065317 -0.0168647785 0.470126365
v 0.0611505243 -0.017871434 0.47001809
v 0.0600947605 -0.0181402353 0.473219693
v 0.055738621 -0.0178714392 0.473374217
v 0.0549262055 -0.0172684735 0.476680703
v 0.0506531062 -0.0156934643 0.476527936
v 0.0525032148 -0.0160068792 0.478438056
v 0.0503247731 -0.0142405843 0.480076911
v 0.0465073479 -0.0116001764 0.47909886
v 0.0473281979 -0.0102312781 0.482401908
v 0.0438013867 -0.00608525411 0.480776914
v 0.0454232884 -0.00527095252 0.483913998
v 0.0428616272 0.000186047627 0.481359692
v 0.0447701797 0.000186049037 0.484437358
v 0.0611504911 0.0182435931 0.470018092
v 0.066236015 0.0160655875 0.466864382
v 0.0703817733 0.0119722985 0.464293422
v 0.0506530771 0.0160655749 0.476527938
v 0.0465073479 -0.0116001764 0.47909886
v 0.0557385879 0.018243588 0.473374219
v 0.0730877255 0.00645737677 0.462615376
v 0.0438013751 0.00645735049 0.480776915
v 0.0465073262 0.0119722768 0.479098861
v 0.0438013867 -0.00608525411 0.480776914
v 0.0428616272 0.000186047627 0.481359692
v 0.073087737 -0.00608522783 0.462615375
v 0.0740275031 0.00018607505 0.462032589
v 0.0662360442 -0.0156934505 0.46686438
v 0.070381795 -0.0116001547 0.46429342
v 0.055738621 -0.0178714392 0.473374217
v 0.0506531062 -0.0156934643 0.476527936
v 0.0611505243 -0.017871434 0.47001809
v -0.00605667992 0.000186005873 0.489821681
v -0.00566655227 0.000186005976 0.493518177
v -0.00505023263 0.00493149027 0.493405673
v -0.00495698961 0.00645730914 0.48970563
v -0.00324089793 0.0093552902 0.493089278
v -0.00179055148 0.0119722364 0.489371427
v -0.000362205345 0.0131515886 0.492608701
v 0.00213732324 0.0152612415 0.49220905
v 0.00306071747 0.0160655327 0.488859454
v 0.00497514228 0.016886458 0.491774621
v 0.00901168452 0.0182435476 0.488231393
v 0.0109750225 0.0184594303 0.4909305
v 0.0153445698 0.0182435534 0.487563023
v 0.0171696378 0.0179033447 0.490190007
v 0.0212955374 0.0160655496 0.486934961
v 0.0228260068 0.0152855203 0.489672013
v 0.0261468162 0.01197226 0.48642297
v 0.027286012 0.0109196172 0.489405257
v 0.0293132593 0.00645733857 0.486088784
v 0.0300315024 0.00531021366 0.489318818
v 0.0304129626 0.000186036838 0.485972714
v 0.030732997 -0.000893431035 0.489308104
v 0.0293132708 -0.00608526661 0.486088783
v 0.0293035177 -0.00697518989 0.489335279
v 0.0261468378 -0.0116001933 0.486422968
v 0.0259154087 -0.0122263229 0.489471685
v 0.0212955666 -0.0156934896 0.486934959
v 0.0209655684 -0.0160415742 0.489822387
v 0.0153446007 -0.0178714738 0.487563021
v 0.0150431286 -0.0179671167 0.490426601
v 0.00901171429 -0.0178714796 0.488231391
v 0.00883295559 -0.0177779134 0.491219354
v 0.00306074551 -0.0156935065 0.488859452
v 0.00306777948 -0.0154987429 0.492064311
v -0.00179053153 -0.011600218 0.489371426
v -0.00159086425 -0.0114038672 0.492811007
v -0.00495697923 -0.00608529603 0.489705629
v -0.00461785049 -0.00596587983 0.493328601
v -0.00605667992 0.000186005873 0.489821681
v -0.00566655227 0.000186005976 0.493518177
v 0.0293132593 0.00645733857 0.486088784
v 0.0212955374 0.0160655496 0.486934961
v 0.0261468162 0.01197226 0.48642297
v 0.00901168452 0.0182435476 0.488231393
v 0.0153445698 0.0182435534 0.487563023
v -0.00179055148 0.0119722364 0.489371427
v 0.00306071747 0.0160655327 0.488859454
v -0.00495697923 -0.00608529603 0.489705629
v -0.00495698961 0.00645730914 0.48970563
v -0.00605667992 0.000186005873 0.489821681
v 0.0304129626 0.000186036838 0.485972714
v 0.0293132708 -0.00608526661 0.486088783
v 0.00901171429 -0.0178714796 0.488231391
v -0.00179053153 -0.011600218 0.489371426
v 0.00306074551 -0.0156935065 0.488859452
v 0.0261468378 -0.0116001933 0.486422968
v 0.0212955666 -0.0156934896 0.486934959
v 0.0153446007 -0.0178714738 0.487563021
v -0.0547535995 0.000185965516 0.477673484
v -0.0559243145 0.000185964311 0.481341558
v -0.0553061307 0.00493703365 0.481464195
v -0.0537001601 0.00645726846 0.478009688
v -0.0535011785 0.00935689713 0.48183425
v -0.050666877 0.0119721955 0.478977781
v -0.0506391108 0.0131515464 0.482445048
v -0.0482087378 0.0152281186 0.482986889
v -0.0460196325 0.0160654915 0.480461012
v -0.0454711734 0.0168348085 0.483626736
v -0.0403189229 0.018243506 0.482280474
v -0.0396014542 0.0184490716 0.485128766
v -0.0342523557 0.0182435115 0.48421667
v -0.0336070139 0.0179326909 0.486889765
v -0.0285516466 0.0160655072 0.486036131
v -0.0282008535 0.0153459321 0.488707499
v -0.0239043878 0.0119722173 0.487519389
v -0.0239859365 0.0109962029 0.490288455
v -0.020871098 0.00645729573 0.488487473
v -0.0214103555 0.00538957654 0.491334591
v -0.0198176459 0.00018599432 0.488823731
v -0.0207396223 -0.000824565827 0.491620791
v -0.0208710876 -0.00608530888 0.488487472
v -0.0220399568 -0.00692115576 0.491072311
v -0.0239043684 -0.0116002359 0.487519388
v -0.0251823329 -0.0121898673 0.489824338
v -0.0285516208 -0.0156935319 0.486036129
v -0.0298468331 -0.0160237333 0.488129714
v -0.034252327 -0.0178715146 0.484216668
v -0.0355164336 -0.0179628871 0.486301102
v -0.0403188943 -0.01787152 0.482280472
v -0.0415501682 -0.0177833276 0.484608151
v -0.0460196033 -0.0156935476 0.480461011
v -0.047223431 -0.015510504 0.483213351
v -0.0506668553 -0.0116002577 0.47897778
v -0.051846379 -0.0114205406 0.482183922
v -0.0537001486 -0.00608533614 0.478009687
v -0.0548709774 -0.00597904476 0.481552078
v -0.0547535995 0.000185965516 0.477673484
v -0.0559243145 0.000185964311 0.481341558
v -0.0198176459 0.00018599432 0.488823731
v -0.0239043878 0.0119722173 0.487519389
v -0.020871098 0.00645729573 0.488487473
v -0.0547535995 0.000185965516 0.477673484
v -0.0537001486 -0.00608533614 0.478009687
v -0.0506668553 -0.0116002577 0.47897778
v -0.0460196325 0.0160654915 0.480461012
v -0.0537001601 0.00645726846 0.478009688
v -0.050666877 0.0119721955 0.478977781
v -0.0403189229 0.018243506 0.482280474
v -0.0285516466 0.0160655072 0.486036131
v -0.0342523557 0.0182435115 0.48421667
v -0.0285516208 -0.0156935319 0.486036129
v -0.0239043684 -0.0116002359 0.487519388
v -0.0208710876 -0.00608530888 0.488487472
v -0.0403188943 -0.01787152 0.482280472
v -0.0460196033 -0.0156935476 0.480461011
v -0.034252327 -0.0178715146 0.484216668
v -0.0801732975 -0.0306726513 0.390842607
v -0.0754607582 -0.0365302576 0.390843616
v -0.0681062322 -0.0371692232 0.390844242
v -0.0806191495 -0.0214007997 0.390842762
v -0.0754107315 -0.036534523 0.390543628
v -0.0801972491 -0.0305685255 0.390542606
v -0.0855993932 -0.0213891468 0.390541083
v -0.085636787 -0.0214008043 0.390841071
v -0.0880210907 -0.0123276223 0.390540302
v -0.0834941049 -0.00507456508 0.390842459
v -0.0880522499 -0.0123199928 0.390840294
v -0.0886941556 0.00018592949 0.390540062
v -0.0887226865 0.000185929446 0.390840063
v -0.0834941191 0.0103550945 0.390841728
v -0.0880228963 0.0126869999 0.390540303
v -0.0880505449 0.0127039676 0.390840296
v -0.0855994328 0.0217610378 0.390541086
v -0.0856368267 0.0217726361 0.390841074
v -0.0801973057 0.0309403673 0.390542609
v -0.0801733542 0.0310445545 0.390842611
v -0.0681062917 0.0375411145 0.390844247
v -0.075410799 0.036906435 0.390543632
v -0.0754608257 0.0369020716 0.39084362
v -0.0822313702 0.0149557759 0.361768804
v -0.0770283407 0.0240458986 0.359492484
v -0.0804441669 0.0193324884 0.360986914
v -0.0832705359 0.00968132896 0.362223442
v -0.0471001442 -0.00972159629 0.346398903
v -0.0706663253 0.0297428053 0.356709098
v -0.0479790131 -0.0107568148 0.346783409
v -0.0836801121 -0.00152542962 0.362402639
v -0.0459295909 -0.00904773682 0.345886788
v -0.0627312562 0.0349037321 0.353237509
v -0.0547737896 0.0386995437 0.349756124
v -0.0483966749 -0.0117467447 0.346966143
v -0.0828198157 -0.0121741727 0.362026265
v -0.0804441318 -0.0189606106 0.360986912
v -0.0446041548 -0.00881403177 0.345306916
v -0.049272397 0.0391775521 0.347349264
v -0.0485393555 -0.0128140359 0.347028565
v -0.0770282969 -0.0236739882 0.359492482
v -0.0706662755 -0.0293709465 0.356709095
v -0.048539349 -0.0248140381 0.347028564
v -0.0627312015 -0.0345318265 0.353237505
v -0.0484052567 -0.0258493182 0.346969895
v -0.0415068286 0.0398523318 0.343951816
v -0.0547737325 -0.0383276571 0.349756106
v -0.0480121244 -0.0268140395 0.346797906
v -0.0473867505 -0.0276424682 0.3465243
v -0.046571738 -0.0282781498 0.346167731
v -0.0456226457 -0.0286777468 0.345752503
v -0.048435076 -0.0390706629 0.346614625
v -0.0415067648 -0.0394804248 0.343951804
v -0.0446041433 -0.0288140359 0.345306915
v -0.0415067746 -0.028814033 0.343951812
v -0.0259643581 -0.0408308689 0.337152005
v -0.041506793 -0.00881402884 0.343951813
v -0.0259644266 0.0412028054 0.337151995
v 0.0474657264 -0.00566221774 0.305026328
v 0.047950636 0.000538527976 0.304814184
v 0.0472819922 0.00700801099 0.30510671
v 0.0551372924 -0.00587607877 0.301670019
v 0.0556005997 0.0024000459 0.301467321
v 0.0544429065 0.00929824059 0.301973805
v 0.0519620864 -0.0151672201 0.303059177
v 0.0509265921 0.0173536586 0.303512182
v 0.0458309513 -0.0116371661 0.30574155
v 0.0482969138 -0.0207017703 0.304662693
v 0.043062586 -0.0170718927 0.306952702
v 0.0426344046 -0.0265350914 0.30714008
v 0.0369382453 -0.0238313596 0.309632191
v 0.0351631827 -0.0320081201 0.310408697
v 0.0271441423 -0.0297820549 0.31391703
v 0.0123621001 -0.04156771 0.320384178
v 0.0123620968 -0.0354785374 0.320384178
v 0.00100452284 -0.042126619 0.325353128
v -0.00806804092 -0.0425763454 0.32929835
v 0.0448151946 0.0143406215 0.30618592
v 0.0420482708 0.0189019891 0.307396462
v 0.0426343328 0.0269071506 0.307140069
v 0.0369380829 0.0242034694 0.309632181
v 0.035163169 0.0323801674 0.310408685
v 0.0271437666 0.0301542667 0.313917186
v 0.0123620302 0.0419397507 0.320384183
v 0.0123620358 0.0358505781 0.320384183
v 0.00100445077 0.042498579 0.325353133
v -0.00778967841 0.0429725221 0.329083994
v -0.0415067746 -0.028814033 0.343951812
v -0.0366018663 -0.0288140287 0.347263487
v -0.0408075612 -0.0288140326 0.349103485
v -0.0446041433 -0.0288140359 0.345306915
v -0.0418260682 -0.0286777435 0.349549081
v -0.0456226457 -0.0286777468 0.345752503
v -0.0427751605 -0.0282781465 0.349964311
v -0.046571738 -0.0282781498 0.346167731
v -0.043590173 -0.0276424672 0.350320876
v -0.0473867505 -0.0276424682 0.3465243
v -0.0442155447 -0.0268140385 0.350594475
v -0.0480121244 -0.0268140395 0.346797906
v -0.044608677 -0.0258493173 0.350766472
v -0.0484052567 -0.0258493182 0.346969895
v -0.0447427738 -0.0248140371 0.350825134
v -0.048539349 -0.0248140381 0.347028564
v -0.0485393555 -0.0128140359 0.347028565
v -0.0447427757 -0.0128140326 0.350825135
v -0.0483966749 -0.0117467447 0.346966143
v -0.0446000997 -0.0117467414 0.350762719
v -0.0479790131 -0.0107568148 0.346783409
v -0.0441824356 -0.0107568116 0.350579988
v -0.0471001442 -0.00972159629 0.346398903
v -0.0433035645 -0.00972159303 0.350195481
v -0.0459295909 -0.00904773682 0.345886788
v -0.0421330203 -0.00904773355 0.349683364
v -0.0446041548 -0.00881403177 0.345306916
v -0.0408075796 -0.00881402908 0.349103486
v -0.041506793 -0.00881402884 0.343951813
v -0.0366018824 -0.0088140251 0.347263488
v -0.0415067746 -0.028814033 0.343951812
v -0.041506793 -0.00881402884 0.343951813
v -0.0366018824 -0.0088140251 0.347263488
v -0.0366018663 -0.0288140287 0.347263487
v -0.0447427757 -0.0128140326 0.350825135
v -0.0441824356 -0.0107568116 0.350579988
v -0.0446000997 -0.0117467414 0.350762719
v -0.0433035645 -0.00972159303 0.350195481
v -0.0421330203 -0.00904773355 0.349683364
v -0.0408075796 -0.00881402908 0.349103486
v -0.0366018824 -0.0088140251 0.347263488
v -0.0366018663 -0.0288140287 0.347263487
v -0.0447427738 -0.0248140371 0.350825134
v -0.0408075612 -0.0288140326 0.349103485
v -0.0418260682 -0.0286777435 0.349549081
v -0.0427751605 -0.0282781465 0.349964311
v -0.043590173 -0.0276424672 0.350320876
v -0.0442155447 -0.0268140385 0.350594475
v -0.044608677 -0.0258493173 0.350766472
v 0.0351631827 -0.0320081201 0.310408697
v 0.0123621001 -0.04156771 0.320384178
v 0.0169509117 -0.042326743 0.321810768
v 0.0386213838 -0.037577882 0.319541707
v 0.033536078 -0.0444830995 0.328165136
v 0.0388531084 -0.0366456904 0.318230382
v 0.0389041103 -0.0384030165 0.320914739
v 0.0395721586 -0.0356976937 0.317122991
v 0.0407002497 -0.0348247663 0.316341924
v 0.0421187881 -0.0341152316 0.315972692
v 0.0396719975 -0.0390335732 0.322203328
v 0.0455443707 -0.0273268359 0.309082005
v 0.0407354884 -0.0393790302 0.323198888
v 0.0436789442 -0.0336487981 0.316053853
v 0.0452145625 -0.0334822955 0.316572911
v 0.0465630934 -0.0336359807 0.317471454
v 0.047583147 -0.0340925849 0.318654682
v 0.0636231573 -0.0203049712 0.310248051
v 0.0481662977 -0.0348024838 0.319997486
v 0.0482513455 -0.0356900553 0.321357578
v 0.078808299 -0.0172476463 0.314106843
v 0.0420417005 -0.0394618522 0.323924657
v 0.0465224959 -0.0399388965 0.326902134
v 0.0488568299 -0.0457011042 0.337297733
v 0.0434757827 -0.0392701976 0.32431902
v 0.0446191994 -0.0389320055 0.324370259
v 0.0456946311 -0.0384511637 0.32418462
v 0.0469475049 -0.0376161439 0.323567021
v 0.0478303232 -0.036661735 0.322590458
v 0.0887376995 -0.0160487824 0.321104707
v 0.0786830359 -0.0269750028 0.330711305
v 0.0700902451 -0.0343420783 0.335252016
v 0.0606795233 -0.0421739952 0.340812289
v 0.0561002615 -0.0459709359 0.343639347
v 0.062439114 -0.0460464913 0.350755184
v 0.0777119511 -0.0356994341 0.350211709
v 0.0714308505 -0.0427482686 0.356444086
v 0.072047201 -0.0459897855 0.366009585
v 0.0872999504 -0.0368593993 0.382624758
v 0.081793311 -0.0432607748 0.386226857
v 0.0797654681 -0.0461570769 0.390620822
v 0.0909348233 -0.0372719334 0.415642198
v 0.0832552365 -0.0434429653 0.417000002
v 0.0798334194 -0.0463110695 0.416583226
v 0.0785652457 -0.0426379768 0.434828163
v 0.0707444214 -0.0457665239 0.441825788
v 0.072489476 -0.0431608015 0.443714181
v 0.0837279704 -0.0285664922 0.34458819
v 0.092709592 -0.0302962838 0.379356539
v 0.0894645746 -0.0213470029 0.339555756
v 0.0860705101 -0.0200068556 0.326709809
v 0.0980222723 -0.0235714238 0.376422195
v 0.111216581 -0.0221868336 0.422727706
v 0.0982454553 -0.0312110757 0.413908192
v 0.105167497 -0.0252461655 0.411826121
v 0.106527229 -0.0251493014 0.422691227
v 0.0979392474 -0.0305546443 0.427482527
v 0.0954338679 -0.0255980414 0.439901624
v 0.11188475 -0.0211115761 0.425748357
v 0.112264281 -0.0197064859 0.427464155
v 0.112501631 -0.0181311066 0.428537177
v 0.11266382 -0.0163446073 0.429270493
v 0.0894739932 -0.0361541391 0.429782349
v 0.0883360887 -0.0371647003 0.429198736
v 0.087038968 -0.0381484066 0.429125167
v 0.0857221022 -0.039001132 0.429570637
v 0.0845203964 -0.0396217997 0.430481314
v 0.0903218963 -0.0352095575 0.43080634
v 0.0907736327 -0.0344060912 0.432152101
v 0.0835462642 -0.0399311244 0.431755398
v 0.082891237 -0.0398788792 0.433252518
v 0.0826179609 -0.0394568239 0.434807126
v 0.0907644737 -0.0338064205 0.43366983
v 0.0902878255 -0.0334692031 0.43519628
v 0.0894925633 -0.0334349614 0.436464025
v 0.0827536115 -0.0387062087 0.436250521
v 0.0884426973 -0.0336853918 0.43749863
v 0.0832882209 -0.0377152408 0.437430955
v 0.0841748865 -0.0366047673 0.438230837
v 0.0853337547 -0.0355082088 0.43857448
v 0.078631931 -0.0321069619 0.450361105
v 0.0866767503 -0.0345413486 0.438423459
v 0.0828014813 -0.0200586778 0.454873127
v 0.0942972172 -0.0144871389 0.446640562
v 0.0873120524 -0.014943445 0.452827182
v 0.084810115 -0.00576445381 0.45704672
v 0.0878992132 -0.00497283162 0.454256972
v 0.0878992038 0.00534498092 0.454256972
v 0.0848101041 0.00613676309 0.45704672
v 0.0873120246 0.0153155939 0.452827184
v 0.0828014259 0.0204309229 0.454873102
v 0.0946979136 0.00525856109 0.447890582
v 0.0946979229 -0.00488639967 0.447890581
v 0.106880686 -0.0135211852 0.435365336
v 0.1070735 -0.00465646845 0.436185901
v 0.11296452 0.000186097153 0.430629889
v 0.107073491 0.00502865286 0.436185902
v 0.112663817 0.0167168603 0.429270541
v 0.0954338205 0.0259702046 0.439901627
v 0.112501597 0.018503299 0.428537179
v 0.112264245 0.0200787065 0.427464139
v 0.111884711 0.0214837985 0.425748359
v 0.0786318716 0.0324791384 0.450361109
v 0.11121654 0.0225589619 0.422727709
v 0.0984055969 0.031451868 0.421462622
v 0.0876759762 0.0343703465 0.438004504
v 0.0866766865 0.0349134345 0.438423463
v 0.0853336891 0.035880324 0.438574485
v 0.0884426351 0.0340574787 0.437498634
v 0.0894924287 0.033807114 0.43646412
v 0.0902876454 0.033841355 0.435196493
v 0.0724893964 0.0435329379 0.443714187
v 0.0907643839 0.0341784871 0.433670043
v 0.0841748189 0.0369769123 0.438230823
v 0.0907735964 0.0347781535 0.432152287
v 0.0832881331 0.0380874115 0.437430932
v 0.0827535218 0.0390783512 0.436250481
v 0.082617888 0.0398289937 0.434807076
v 0.0828911725 0.0402510178 0.43325245
v 0.0707443369 0.0461386801 0.441825794
v 0.0814769042 0.0435633062 0.426141584
v 0.0835462359 0.0403032644 0.431755312
v 0.084520396 0.039993878 0.430481219
v 0.090321904 0.0355816214 0.430806472
v 0.079833334 0.0466832091 0.416583231
v 0.0857221393 0.0393732126 0.429570596
v 0.0901463964 0.0373595454 0.424174473
v 0.0894740355 0.0365262016 0.429782444
v 0.0870390158 0.0385204942 0.429125153
v 0.0883361383 0.0375367289 0.429198767
v 0.0838874907 0.0438598776 0.407267922
v 0.0797653829 0.0465292194 0.390620827
v 0.0972600772 0.0314367021 0.404316332
v 0.0907154651 0.0376412244 0.405839701
v 0.0918866203 0.0224050825 0.349485187
v 0.0887376697 0.0164209485 0.321104708
v 0.086613345 0.029552629 0.354298925
v 0.0875581609 0.0210656323 0.332172016
v 0.0810866898 0.0282308789 0.336886448
v 0.0812298573 0.0365088336 0.35967652
v 0.048956017 0.0460783941 0.337373758
v 0.078808267 0.0176197927 0.314106845
v 0.0757361573 0.0432736941 0.36561797
v 0.0720471161 0.0463619122 0.36600959
v 0.0739905139 0.0355064465 0.342176589
v 0.0663844479 0.0429118349 0.348184737
v 0.062439029 0.046418584 0.350755189
v 0.0561001767 0.0463430132 0.343639352
v 0.0481187068 0.0365052698 0.321949532
v 0.0465224312 0.0403109946 0.326902139
v 0.0636230741 0.0206771232 0.310248053
v 0.033536005 0.0448552008 0.328165141
v 0.0482689606 0.0355659392 0.32062954
v 0.0474755476 0.0374828692 0.323080163
v 0.0479101655 0.034763478 0.319260185
v 0.0470806111 0.0341827899 0.317987389
v 0.0458688776 0.0338857296 0.316945153
v 0.0464075271 0.0383947618 0.323901819
v 0.0426343328 0.0269071506 0.307140069
v 0.0444001206 0.0339047095 0.316241357
v 0.0428303413 0.0342378674 0.315953728
v 0.0450271452 0.0391419242 0.32432911
v 0.0434757148 0.0396422586 0.324319024
v 0.0420413957 0.0398339698 0.32392457
v 0.035163169 0.0323801674 0.310408685
v 0.0407353111 0.0397511136 0.323198801
v 0.0413267912 0.0348441921 0.316116952
v 0.0396719345 0.039405682 0.322203333
v 0.0390659475 0.0389677552 0.321276529
v 0.0387107401 0.0384149594 0.320285455
v 0.0400485546 0.0356518996 0.316715585
v 0.0169508404 0.0426987828 0.321810773
v 0.039127613 0.0365771596 0.317686472
v 0.0123620302 0.0419397507 0.320384183
v 0.0386643929 0.0375290023 0.318922022
v 0.0455443707 -0.0273268359 0.309082005
v 0.0426344046 -0.0265350914 0.30714008
v 0.0351631827 -0.0320081201 0.310408697
v 0.0636231573 -0.0203049712 0.310248051
v 0.0553190038 -0.0189698334 0.306078266
v 0.048458381 -0.0207181888 0.304729466
v 0.0482969138 -0.0207017703 0.304662693
v 0.0541785152 -0.014080365 0.30331635
v 0.0519620864 -0.0151672201 0.303059177
v 0.0551372924 -0.00587607877 0.301670019
v 0.0592664526 0.000186059536 0.302263617
v 0.0596329366 -0.0127158586 0.304462224
v 0.068411715 -0.0147006538 0.308268711
v 0.05707035 0.000186057709 0.301756201
v 0.0556005997 0.0024000459 0.301467321
v 0.0544429065 0.00929824059 0.301973805
v 0.054178489 0.0144525073 0.303316351
v 0.0509265921 0.0173536586 0.303512182
v 0.0553189686 0.0193419706 0.306078269
v 0.0426343328 0.0269071506 0.307140069
v 0.0636230741 0.0206771232 0.310248053
v 0.0596329129 0.0130879482 0.304462225
v 0.0636107549 0.000186063128 0.303309635
v 0.0701069633 -0.00992944224 0.306756657
v 0.0719160847 0.000186069997 0.305651233
v 0.0701069448 0.0103015793 0.306756659
v 0.0784094708 -0.0116001814 0.310288315
v 0.0788744647 -0.00792491793 0.309236881
v 0.0869821967 -0.011656144 0.313168503
v 0.078808299 -0.0172476463 0.314106843
v 0.0867581213 -0.00830168161 0.312155457
v 0.0871435514 -0.0128543863 0.313897859
v 0.0874023948 -0.0140072186 0.315068025
v 0.0877810458 -0.0149410558 0.316779817
v 0.0887376995 -0.0160487824 0.321104707
v 0.0866457487 -0.00346757478 0.311647447
v 0.0794914039 0.000186076221 0.308468203
v 0.0866847571 0.00629445088 0.311823855
v 0.0788744498 0.00829707022 0.309236881
v 0.0684116876 0.0150727887 0.308268712
v 0.0784094492 0.0119723321 0.310288317
v 0.086982175 0.0120282783 0.313168505
v 0.078808267 0.0176197927 0.314106845
v 0.0871435365 0.0132265504 0.31389789
v 0.0874023687 0.0143794137 0.315068072
v 0.0877810181 0.0153132219 0.316779848
v 0.0887376697 0.0164209485 0.321104708
v 0.0840250174 -0.0339137268 0.437803948
v 0.0841748865 -0.0366047673 0.438230837
v 0.0853337547 -0.0355082088 0.43857448
v 0.0827759 -0.0350368359 0.437363907
v 0.0832882209 -0.0377152408 0.437430955
v 0.08184878 -0.0361564043 0.43641394
v 0.0827536115 -0.0387062087 0.436250521
v 0.0813554617 -0.0371372994 0.43506867
v 0.0826179609 -0.0394568239 0.434807126
v 0.0813554622 -0.0378613004 0.433490314
v 0.082891237 -0.0398788792 0.433252518
v 0.0818487815 -0.0382410617 0.431869249
v 0.0835462642 -0.0399311244 0.431755398
v 0.0827759021 -0.0382306835 0.430401015
v 0.0845203964 -0.0396217997 0.430481314
v 0.0840250201 -0.0378315732 0.42926271
v 0.0857221022 -0.039001132 0.429570637
v 0.0854454593 -0.0370917069 0.428591603
v 0.087038968 -0.0381484066 0.429125167
v 0.0868658983 -0.0361004312 0.428468657
v 0.0883360887 -0.0371647003 0.429198736
v 0.0881150157 -0.0349773222 0.428908716
v 0.0894739932 -0.0361541391 0.429782349
v 0.0890421356 -0.0338577514 0.429858665
v 0.0903218963 -0.0352095575 0.43080634
v 0.089535454 -0.0328768563 0.431203953
v 0.0907736327 -0.0344060912 0.432152101
v 0.0895354535 -0.0321528576 0.432782309
v 0.0907644737 -0.0338064205 0.43366983
v 0.0890421342 -0.0317730986 0.434403356
v 0.0902878255 -0.0334692031 0.43519628
v 0.0894925633 -0.0334349614 0.436464025
v 0.0881150135 -0.0317834746 0.435871589
v 0.0884426973 -0.0336853918 0.43749863
v 0.0868658956 -0.0321825849 0.437009904
v 0.0866767503 -0.0345413486 0.438423459
v 0.0854454564 -0.0329224535 0.43768102
v 0.0853337547 -0.0355082088 0.43857448
v 0.0840250174 -0.0339137268 0.437803948
v 0.0853336891 0.035880324 0.438574485
v 0.0840249547 0.0342858397 0.437803952
v 0.0854453956 0.0332946008 0.437681024
v 0.0866766865 0.0349134345 0.438423463
v 0.0876759762 0.0343703465 0.438004504
v 0.0868658361 0.0325547622 0.437009908
v 0.0884426351 0.0340574787 0.437498634
v 0.0881149548 0.0321556248 0.435871593
v 0.0894924287 0.033807114 0.43646412
v 0.0890420755 0.0321452802 0.434403359
v 0.0902876454 0.033841355 0.435196493
v 0.0907643839 0.0341784871 0.433670043
v 0.089535394 0.0325250108 0.432782312
v 0.0907735964 0.0347781535 0.432152287
v 0.0895353932 0.0332489801 0.431203957
v 0.090321904 0.0355816214 0.430806472
v 0.0890420731 0.0342299063 0.429858669
v 0.0894740355 0.0365262016 0.429782444
v 0.0881149511 0.0353494732 0.42890872
v 0.0883361383 0.0375367289 0.429198767
v 0.0868658316 0.0364726095 0.428468661
v 0.0870390158 0.0385204942 0.429125153
v 0.0854453908 0.0374638485 0.428591607
v 0.0857221393 0.0393732126 0.429570596
v 0.0840249502 0.0382036871 0.429262714
v 0.084520396 0.039993878 0.430481219
v 0.0827758316 0.038602854 0.43040102
v 0.0835462359 0.0403032644 0.431755312
v 0.0818487109 0.0386131668 0.431869254
v 0.0828911725 0.0402510178 0.43325245
v 0.0813553923 0.0382334385 0.433490319
v 0.082617888 0.0398289937 0.434807076
v 0.0813553931 0.0375094691 0.435068674
v 0.0827535218 0.0390783512 0.436250481
v 0.0818487133 0.0365285452 0.436413944
v 0.0832881331 0.0380874115 0.437430932
v 0.0827758352 0.0354089761 0.437363911
v 0.0841748189 0.0369769123 0.438230823
v 0.0840249547 0.0342858397 0.437803952
v 0.0853336891 0.035880324 0.438574485
v 0.0400485546 0.0356518996 0.316715585
v 0.0397647442 0.0336524158 0.317686624
v 0.0386884108 0.0346285847 0.318637384
v 0.039127613 0.0365771596 0.317686472
v 0.0381156965 0.0356542783 0.319916178
v 0.0386643929 0.0375290023 0.318922022
v 0.0381156958 0.0366057848 0.321368784
v 0.0387107401 0.0384149594 0.320285455
v 0.0390659475 0.0389677552 0.321276529
v 0.0386884087 0.0373682967 0.322819956
v 0.0396719345 0.039405682 0.322203333
v 0.039764741 0.0378499297 0.32409469
v 0.0407353111 0.0397511136 0.323198801
v 0.0412148668 0.0379925079 0.325039224
v 0.0420413957 0.0398339698 0.32392457
v 0.0428639131 0.0377788531 0.325539636
v 0.0434757148 0.0396422586 0.324319024
v 0.0450271452 0.0391419242 0.32432911
v 0.044512946 0.0372347562 0.325535562
v 0.0464075271 0.0383947618 0.323901819
v 0.0459630816 0.0364258597 0.325027505
v 0.0474755476 0.0374828692 0.323080163
v 0.047039415 0.0354496635 0.32407673
v 0.0481187068 0.0365052698 0.321949532
v 0.0476121201 0.0344239677 0.322797921
v 0.0482689606 0.0355659392 0.32062954
v 0.0476121209 0.0334724929 0.321345345
v 0.0479101655 0.034763478 0.319260185
v 0.0470394171 0.032709947 0.319894174
v 0.0470806111 0.0341827899 0.317987389
v 0.0459630848 0.0322283481 0.318619424
v 0.0458688776 0.0338857296 0.316945153
v 0.0445129499 0.0320857698 0.317674905
v 0.0444001206 0.0339047095 0.316241357
v 0.0428639172 0.0322993905 0.317174493
v 0.0428303413 0.0342378674 0.315953728
v 0.0412148707 0.0328434897 0.317178566
v 0.0413267912 0.0348441921 0.316116952
v 0.0397647442 0.0336524158 0.317686624
v 0.0400485546 0.0356518996 0.316715585
v 0.0397647966 -0.0332803336 0.31768662
v 0.0407002497 -0.0348247663 0.316341924
v 0.0395721586 -0.0356976937 0.317122991
v 0.0412149262 -0.0324714343 0.317178562
v 0.0421187881 -0.0341152316 0.315972692
v 0.0428639671 -0.0319273048 0.317174489
v 0.0436789442 -0.0336487981 0.316053853
v 0.0445129994 -0.0317136811 0.317674901
v 0.0452145625 -0.0334822955 0.316572911
v 0.0459631346 -0.0318562568 0.31861942
v 0.0465630934 -0.0336359807 0.317471454
v 0.047583147 -0.0340925849 0.318654682
v 0.0470394677 -0.0323378198 0.31989417
v 0.0481662977 -0.0348024838 0.319997486
v 0.0476121729 -0.0331003944 0.321345341
v 0.0482513455 -0.0356900553 0.321357578
v 0.047612174 -0.0340518716 0.322797917
v 0.0478303232 -0.036661735 0.322590458
v 0.0470394707 -0.0350775709 0.324076725
v 0.0469475049 -0.0376161439 0.323567021
v 0.0459631391 -0.0360537669 0.325027501
v 0.0456946311 -0.0384511637 0.32418462
v 0.044513005 -0.0368626661 0.325535557
v 0.0446191994 -0.0389320055 0.324370259
v 0.0428639731 -0.0374068571 0.325539632
v 0.0434757827 -0.0392701976 0.32431902
v 0.0420417005 -0.0394618522 0.323924657
v 0.0412149317 -0.0376204216 0.32503922
v 0.0407354884 -0.0393790302 0.323198888
v 0.0397648011 -0.0374778459 0.324094686
v 0.0396719975 -0.0390335732 0.322203328
v 0.038688468 -0.0369962193 0.322819951
v 0.0389041103 -0.0384030165 0.320914739
v 0.0381157536 -0.0362337038 0.32136878
v 0.0386213838 -0.037577882 0.319541707
v 0.0381157526 -0.0352821675 0.319916174
v 0.0388531084 -0.0366456904 0.318230382
v 0.038688465 -0.0342565318 0.31863738
v 0.0395721586 -0.0356976937 0.317122991
v 0.0397647966 -0.0332803336 0.31768662
v 0.00100452284 -0.042126619 0.325353128
v -0.00806804092 -0.0425763454 0.32929835
v 0.00993710591 -0.0441410238 0.328864113
v 0.0123621001 -0.04156771 0.320384178
v 0.0169509117 -0.042326743 0.321810768
v 0.033536078 -0.0444830995 0.328165136
v 0.0335533063 -0.0461943509 0.336370672
v 0.0488568299 -0.0457011042 0.337297733
v 0.0534615968 -0.0479265118 0.351167593
v 0.0561002615 -0.0459709359 0.343639347
v 0.062439114 -0.0460464913 0.350755184
v 0.0675046234 -0.0491497116 0.371651415
v 0.072047201 -0.0459897855 0.366009585
v 0.0797654681 -0.0461570769 0.390620822
v 0.0741605826 -0.0497313743 0.395602389
v 0.0798334194 -0.0463110695 0.416583226
v 0.0727082129 -0.0496085726 0.42042505
v 0.0707444214 -0.0457665239 0.441825788
v 0.0669692471 -0.0489057031 0.437740539
v 0.0658206916 -0.0490122969 0.437274832
v -0.00732586595 0.0662275076 0.442386025
v 0.0185525155 0.0684916009 0.43629761
v 0.00614806135 0.0674063572 0.44163208
v 0.0283913402 0.0693523883 0.427026093
v 0.0344778325 0.0698848993 0.41493577
v 0.0360778779 0.0700248864 0.401484939
v 0.0329984727 0.0697554738 0.388295956
v 0.0256110411 0.0691091671 0.37695961
v -0.0202441015 0.0650973122 0.438468569
v 0.0148066198 0.0681638741 0.368843217
v 0.00188838195 0.0670336742 0.364925752
v -0.0310485194 0.0641520466 0.430352176
v -0.0384359487 0.063505708 0.419015825
v -0.0115855431 0.065854861 0.365679736
v -0.0415153608 0.0632362999 0.405826847
v -0.0399153222 0.0633762871 0.392376016
v -0.0338288299 0.0639087936 0.380285698
v -0.0239899972 0.0647695809 0.371014176
v 0.0379877964 0.0633185206 0.447729611
v 0.0459288717 0.0640132597 0.438827521
v 0.046839961 0.0610126506 0.439437373
v 0.0388125246 0.0603103717 0.448412432
v 0.0284395482 0.062483154 0.454865707
v 0.0291728313 0.0594669787 0.455613084
v 0.0183030256 0.0585160097 0.46075384
v 0.0176667197 0.0615406389 0.459949829
v 0.00726087568 0.0575499388 0.459635154
v 0.00737263141 0.0575597021 0.463520925
v 0.00707964157 0.0606143949 0.462632849
v 0.00682193863 0.0625669393 0.459635154
v 0.00681843661 0.06298201 0.458902138
v 0.00750156988 0.0575709939 0.457948878
v 0.00692833043 0.0633762944 0.458166375
v 0.00742280614 0.0640089532 0.456895483
v 0.00829222762 0.0576401482 0.456441627
v 0.00829919706 0.0645144786 0.455784927
v 0.00954107522 0.0577494343 0.455288306
v 0.00950765382 0.0648572274 0.454963853
v 0.0111031597 0.0578860965 0.454622746
v 0.0101377654 0.0649514608 0.454717034
v 0.0108004824 0.0650047487 0.454558873
v 0.0127971733 0.0580342911 0.454522238
v 0.0122662652 0.0649754188 0.454531388
v 0.0138078843 0.0647130037 0.454975949
v 0.0144264877 0.0581768377 0.454998431
v 0.0152369127 0.0641611826 0.455943778
v 0.0158019895 0.0582971969 0.455996046
v 0.0163343556 0.0632925295 0.457399324
v 0.0167640328 0.0583813669 0.457399324
v 0.0176667197 0.0615406389 0.459949829
v 0.0183030256 0.0585160097 0.46075384
v -0.0348416243 0.0538664011 0.449709361
v -0.0374998271 0.0536337952 0.45253637
v -0.0371597653 0.0567439041 0.451890266
v -0.0352805625 0.0588833971 0.449709361
v -0.0334836214 0.0539852052 0.448687852
v -0.0343749929 0.059651098 0.448912098
v -0.0332484364 0.0603336886 0.448367065
v -0.031862804 0.0541270197 0.448183274
v -0.0318089454 0.0609464484 0.448141374
v -0.0301673079 0.0542753371 0.448254187
v -0.0303030952 0.0613575233 0.448383827
v -0.0285939285 0.0544130042 0.448892361
v -0.0289048333 0.0615289416 0.449101409
v -0.027325273 0.0545239955 0.450023708
v -0.0277859362 0.0614415128 0.450213339
v -0.0270586093 0.0611008712 0.451573524
v -0.0265086079 0.0545954415 0.451516917
v -0.0267496554 0.060461069 0.453181229
v -0.0262387254 0.0546190613 0.453198691
v -0.0269766143 0.0595032752 0.454873798
v -0.0265469371 0.0545920489 0.454873798
v -0.0277836183 0.0575642222 0.457507868
v -0.0278217028 0.0544805707 0.458338218
v -0.00480632208 0.0595744948 0.463290942
v 0.00707964157 0.0606143949 0.462632849
v 0.00737263141 0.0575597021 0.463520925
v -0.00462579127 0.0565099794 0.464169341
v -0.0165847263 0.0585439992 0.461559493
v -0.0165143461 0.0554698384 0.462418629
v -0.0278217028 0.0544805707 0.458338218
v -0.0277836183 0.0575642222 0.457507868
v -0.0614917372 0.0515347751 0.412918265
v -0.0608744887 0.0546691132 0.412892627
v -0.0576207183 0.0518734655 0.412806088
v -0.0580596542 0.0568904614 0.412806088
v -0.0559408951 0.0520204368 0.413047704
v -0.0568753926 0.057682487 0.412927533
v -0.0557083567 0.0583692567 0.413378469
v -0.0544393828 0.0521518147 0.413841384
v -0.0545441855 0.0589576963 0.414270911
v -0.0532904361 0.0522523103 0.415094995
v -0.0536578876 0.0593143282 0.415528069
v -0.0526274143 0.0523103275 0.416663045
v -0.0531761508 0.0594054508 0.4170306
v -0.0525272878 0.0523190859 0.418363527
v -0.0531635812 0.0592211871 0.418599678
v -0.0535971733 0.0587789538 0.420052742
v -0.0530016573 0.0522775806 0.419999072
v -0.0544942299 0.058033681 0.421367662
v -0.0539954894 0.0521906364 0.42137983
v -0.0558230918 0.0569794843 0.422345551
v -0.0553934055 0.0520683489 0.42234555
v -0.0582016961 0.0549029097 0.423520154
v -0.0587351983 0.0517759568 0.423890436
v -0.0460279655 0.0559680155 0.443918846
v -0.0371597653 0.0567439041 0.451890266
v -0.0374998271 0.0536337952 0.45253637
v -0.0464407322 0.0528515901 0.444478267
v -0.0531369005 0.0553460606 0.434334127
v -0.0536139867 0.052224019 0.434801744
v -0.0587351983 0.0517759568 0.423890436
v -0.0582016961 0.0549029097 0.423520154
v -0.0533071975 0.0571996415 0.378869134
v -0.0598052074 0.0547626526 0.389137871
v -0.0557690254 0.0551157774 0.377896198
v -0.0517024858 0.0582779491 0.379178717
v -0.0399153222 0.0633762871 0.392376016
v -0.05015881 0.059079834 0.378926705
v -0.0488389016 0.059599607 0.378231819
v -0.0615300584 0.0546117742 0.400961266
v -0.0338288299 0.0639087936 0.380285698
v -0.0477472945 0.0598804328 0.377124809
v -0.0470281798 0.0598942578 0.375716925
v -0.0467624026 0.0596381853 0.374180975
v -0.0469449629 0.0591353801 0.372693565
v -0.0239899972 0.0647695809 0.371014176
v -0.0415153608 0.0632362999 0.405826847
v -0.0422316958 0.0563001761 0.359582165
v -0.0474372243 0.0585083013 0.371511799
v -0.0481716635 0.0577556163 0.370542778
v -0.0501727824 0.0556054051 0.368484241
v -0.0326834498 0.0571355426 0.352446078
v -0.0199727721 0.0610807156 0.351368037
v -0.0209027184 0.0600346912 0.349912477
v -0.0219106293 0.0580780259 0.347361941
v -0.0186611959 0.0618723411 0.352335887
v -0.0115855431 0.065854861 0.365679736
v -0.0171885201 0.0623984624 0.352780411
v -0.0157502668 0.0626818578 0.352752915
v -0.0144514406 0.0627610806 0.352347949
v -0.0132018371 0.0626333932 0.351526857
v -0.0122509739 0.0622877179 0.350416323
v 0.00188838195 0.0670336742 0.364925752
v -0.0116541412 0.0617505527 0.349145417
v 0.000562414236 0.0600442018 0.344020851
v -0.0114774441 0.0613813207 0.348409646
v -0.011408825 0.0609719572 0.347676674
v -0.01132355 0.0590042745 0.344678933
v 0.0123408173 0.061074702 0.345752296
v 0.0222115733 0.0654115002 0.355738257
v 0.0148066198 0.0681638741 0.368843217
v 0.0220184175 0.0647277556 0.354130552
v 0.0224082549 0.0638239183 0.352437987
v 0.0235397156 0.0620544745 0.349803899
v 0.022868699 0.0658732649 0.357098447
v 0.0256110411 0.0691091671 0.37695961
v 0.0239554178 0.0661536631 0.35821037
v 0.0253621994 0.06622767 0.358927955
v 0.0269165627 0.0660843304 0.359170408
v 0.0284405853 0.0657308476 0.358944714
v 0.0417840684 0.0636506493 0.363392942
v 0.0296685629 0.0652542462 0.358399679
v 0.0306936731 0.0646554676 0.357602445
v 0.0329158569 0.0628747971 0.35542152
v 0.0488929943 0.0642726361 0.372977658
v 0.0329984727 0.0697554738 0.388295956
v 0.0497629522 0.0671551072 0.385944151
v 0.0512547245 0.0663477046 0.384966244
v 0.0539577945 0.0647157187 0.383791636
v 0.0487500883 0.0677333266 0.387259153
v 0.0482463281 0.0680935224 0.388712244
v 0.0360778779 0.0700248864 0.401484939
v 0.0482268376 0.0682771812 0.390281795
v 0.0487176148 0.0682709515 0.391784926
v 0.049653117 0.0680733872 0.393042216
v 0.0509020858 0.0676958207 0.393934185
v 0.0572861613 0.0650069179 0.406350519
v 0.0521698993 0.0672222797 0.394384507
v 0.0534727694 0.0666483987 0.394505688
v 0.0566305825 0.0649495471 0.394419172
v 0.0344778325 0.0698848993 0.41493577
v 0.0555613058 0.0648560123 0.418173914
v 0.0469712626 0.0669108755 0.428133073
v 0.0487388393 0.0661275792 0.428442638
v 0.0515251284 0.0645028556 0.429415587
v 0.0453117797 0.0674325102 0.428385085
v 0.0439216621 0.0677151616 0.429079948
v 0.0283913402 0.0693523883 0.427026093
v 0.0427978767 0.0678021674 0.430186985
v 0.0420872932 0.0676909309 0.431594856
v 0.0418700108 0.0673925844 0.433130793
v 0.0421371072 0.0669291151 0.434618226
v 0.0185525155 0.0684916009 0.43629761
v 0.0379877964 0.0633185206 0.447729611
v 0.0427307852 0.0663970384 0.435799987
v 0.0435847651 0.0657833347 0.436769026
v 0.0459288717 0.0640132597 0.438827521
v 0.0284395482 0.062483154 0.454865707
v 0.0152369127 0.0641611826 0.455943778
v 0.0163343556 0.0632925295 0.457399324
v 0.0176667197 0.0615406389 0.459949829
v 0.0138078843 0.0647130037 0.454975949
v 0.00614806135 0.0674063572 0.44163208
v 0.0122662652 0.0649754188 0.454531388
v 0.0108004824 0.0650047487 0.454558873
v 0.0101377654 0.0649514608 0.454717034
v 0.00950765382 0.0648572274 0.454963853
v 0.00829919706 0.0645144786 0.455784927
v 0.00742280614 0.0640089532 0.456895483
v -0.00732586595 0.0662275076 0.442386025
v 0.00692833043 0.0633762944 0.458166375
v -0.00480632208 0.0595744948 0.463290942
v 0.00681843661 0.06298201 0.458902138
v 0.00682193863 0.0625669393 0.459635154
v 0.00707964157 0.0606143949 0.462632849
v -0.0165847263 0.0585439992 0.461559493
v -0.0270586093 0.0611008712 0.451573524
v -0.0202441015 0.0650973122 0.438468569
v -0.0267496554 0.060461069 0.453181229
v -0.0269766143 0.0595032752 0.454873798
v -0.0277836183 0.0575642222 0.457507868
v -0.0277859362 0.0614415128 0.450213339
v -0.0310485194 0.0641520466 0.430352176
v -0.0289048333 0.0615289416 0.449101409
v -0.0303030952 0.0613575233 0.448383827
v -0.0318089454 0.0609464484 0.448141374
v -0.0332484364 0.0603336886 0.448367065
v -0.0460279655 0.0559680155 0.443918846
v -0.0343749929 0.059651098 0.448912098
v -0.0352805625 0.0588833971 0.449709361
v -0.0371597653 0.0567439041 0.451890266
v -0.0531369005 0.0553460606 0.434334127
v -0.0384359487 0.063505708 0.419015825
v -0.0544942299 0.058033681 0.421367662
v -0.0558230918 0.0569794843 0.422345551
v -0.0582016961 0.0549029097 0.423520154
v -0.0535971733 0.0587789538 0.420052742
v -0.0531635812 0.0592211871 0.418599678
v -0.0531761508 0.0594054508 0.4170306
v -0.0536578876 0.0593143282 0.415528069
v -0.0545441855 0.0589576963 0.414270911
v -0.0557083567 0.0583692567 0.413378469
v -0.0568753926 0.057682487 0.412927533
v -0.0580596542 0.0568904614 0.412806088
v -0.0608744887 0.0546691132 0.412892627
v -0.0505489694 0.0524921858 0.367874411
v -0.0501727824 0.0556054051 0.368484241
v -0.0477327231 0.0527385249 0.370542778
v -0.0481716635 0.0577556163 0.370542778
v -0.0467151074 0.0528276108 0.371905964
v -0.0474372243 0.0585083013 0.371511799
v -0.0469449629 0.0591353801 0.372693565
v -0.0462124545 0.0528715807 0.373532964
v -0.0467624026 0.0596381853 0.374180975
v -0.0462830925 0.0528653868 0.375234942
v -0.0470281798 0.0598942578 0.375716925
v -0.0469188292 0.0528097842 0.376814339
v -0.0477472945 0.0598804328 0.377124809
v -0.0480458704 0.0527111802 0.378087837
v -0.0488389016 0.059599607 0.378231819
v -0.05015881 0.059079834 0.378926705
v -0.0495334172 0.052581021 0.378907614
v -0.0517024858 0.0582779491 0.379178717
v -0.0512087748 0.0524344452 0.379178535
v -0.0533071975 0.0571996415 0.378869134
v -0.0528775249 0.0522884152 0.378869134
v -0.0557690254 0.0551157774 0.377896198
v -0.0563287621 0.0519865053 0.377589502
v -0.0615300584 0.0546117742 0.400961266
v -0.0608744887 0.0546691132 0.412892627
v -0.0614917372 0.0515347751 0.412918265
v -0.0621376662 0.0514782865 0.400874018
v -0.0598052074 0.0547626526 0.389137871
v -0.0603936204 0.0516308748 0.388940056
v -0.0563287621 0.0519865053 0.377589502
v -0.0557690254 0.0551157774 0.377896198
v -0.01132355 0.0590042745 0.344678933
v -0.0109698864 0.0559549294 0.347676674
v -0.0110816423 0.0559451616 0.343790865
v -0.011408825 0.0609719572 0.347676674
v -0.0114774441 0.0613813207 0.348409646
v -0.0112105823 0.0559338697 0.349362893
v -0.0116541412 0.0617505527 0.349145417
v -0.0122509739 0.0622877179 0.350416323
v -0.0120012392 0.0558647155 0.350870149
v -0.0132018371 0.0626333932 0.351526857
v -0.0132500873 0.0557554339 0.352023486
v -0.0144514406 0.0627610806 0.352347949
v -0.0148121715 0.0556187717 0.352689036
v -0.0157502668 0.0626818578 0.352752915
v -0.0165061834 0.0554705771 0.352789551
v -0.0171885201 0.0623984624 0.352780411
v -0.0186611959 0.0618723411 0.352335887
v -0.0181354979 0.0553280305 0.352313356
v -0.0199727721 0.0610807156 0.351368037
v -0.0195110019 0.0552076622 0.351315736
v -0.0209027184 0.0600346912 0.349912477
v -0.0204730423 0.0551234967 0.349912477
v -0.0219106293 0.0580780259 0.347361941
v -0.0220120409 0.0549888539 0.346557924
v -0.0422316958 0.0563001761 0.359582165
v -0.0501727824 0.0556054051 0.368484241
v -0.0505489694 0.0524921858 0.367874411
v -0.0425215422 0.0531944965 0.358899358
v -0.0326834498 0.0571355426 0.352446078
v -0.032881842 0.0540378531 0.351698703
v -0.0220120409 0.0549888539 0.346557924
v -0.0219106293 0.0580780259 0.347361941
v 0.0329158569 0.0628747971 0.35542152
v 0.0311326136 0.0596384625 0.357602445
v 0.0337908073 0.0598710093 0.354775426
v 0.0306936731 0.0646554676 0.357602445
v 0.0297746016 0.0595196585 0.35862393
v 0.0296685629 0.0652542462 0.358399679
v 0.0284405853 0.0657308476 0.358944714
v 0.0281537956 0.059377844 0.359128507
v 0.0269165627 0.0660843304 0.359170408
v 0.0264582972 0.0592294902 0.3590576
v 0.0253621994 0.06622767 0.358927955
v 0.0248849144 0.0590918594 0.358419431
v 0.0239554178 0.0661536631 0.35821037
v 0.0236162669 0.0589808636 0.357288083
v 0.022868699 0.0658732649 0.357098447
v 0.0222115733 0.0654115002 0.355738257
v 0.0227995995 0.0589094221 0.355794866
v 0.0220184175 0.0647277556 0.354130552
v 0.0225297113 0.0588858024 0.354113096
v 0.0224082549 0.0638239183 0.352437987
v 0.0228379253 0.0589127511 0.352437987
v 0.0235397156 0.0620544745 0.349803899
v 0.0241126909 0.0590242929 0.348973569
v 0.000562414236 0.0600442018 0.344020851
v -0.01132355 0.0590042745 0.344678933
v -0.0110816423 0.0559451616 0.343790865
v 0.000916782279 0.0569948888 0.343142463
v 0.0123408173 0.061074702 0.345752296
v 0.0128053354 0.0580350298 0.344893164
v 0.0241126909 0.0590242929 0.348973569
v 0.0235397156 0.0620544745 0.349803899
v 0.0577827288 0.0619700613 0.394393506
v 0.0566305825 0.0649495471 0.394419172
v 0.0539117053 0.0616314027 0.394505688
v 0.0534727694 0.0666483987 0.394505688
v 0.0522318958 0.0614844268 0.394264081
v 0.0521698993 0.0672222797 0.394384507
v 0.0509020858 0.0676958207 0.393934185
v 0.0507303789 0.0613530535 0.393470392
v 0.049653117 0.0680733872 0.393042216
v 0.0495814277 0.0612525215 0.392216777
v 0.0487176148 0.0682709515 0.391784926
v 0.0489184149 0.0611945407 0.390648726
v 0.0482268376 0.0682771812 0.390281795
v 0.0488182748 0.0611857823 0.388948253
v 0.0482463281 0.0680935224 0.388712244
v 0.0487500883 0.0677333266 0.387259153
v 0.0492926535 0.0612272831 0.387312708
v 0.0497629522 0.0671551072 0.385944151
v 0.050286481 0.0613142318 0.385931954
v 0.0512547245 0.0663477046 0.384966244
v 0.0516844107 0.0614364874 0.384966244
v 0.0539577945 0.0647157187 0.383791636
v 0.0550261808 0.0617289068 0.383421366
v 0.0417840684 0.0636506493 0.363392942
v 0.0329158569 0.0628747971 0.35542152
v 0.0337908073 0.0598710093 0.354775426
v 0.0427317238 0.0606532781 0.362833523
v 0.0488929943 0.0642726361 0.372977658
v 0.0499049738 0.0612808447 0.372510036
v 0.0550261808 0.0617289068 0.383421366
v 0.0539577945 0.0647157187 0.383791636
v 0.046839961 0.0610126506 0.439437373
v 0.0459288717 0.0640132597 0.438827521
v 0.0440237056 0.0607662796 0.436769025
v 0.0435847651 0.0657833347 0.436769026
v 0.043006099 0.0606772574 0.43540582
v 0.0427307852 0.0663970384 0.435799987
v 0.0421371072 0.0669291151 0.434618226
v 0.0425034438 0.060633283 0.433778825
v 0.0418700108 0.0673925844 0.433130793
v 0.0425740841 0.0606394768 0.432076842
v 0.0420872932 0.0676909309 0.431594856
v 0.0432098208 0.0606950795 0.43049745
v 0.0427978767 0.0678021674 0.430186985
v 0.044336862 0.0607936835 0.429223948
v 0.0439216621 0.0677151616 0.429079948
v 0.0453117797 0.0674325102 0.428385085
v 0.0458243997 0.0609238427 0.428404166
v 0.0469712626 0.0669108755 0.428133073
v 0.0474997663 0.0610704184 0.428133255
v 0.0487388393 0.0661275792 0.428442638
v 0.0491685119 0.0612163893 0.428442637
v 0.0515251284 0.0645028556 0.429415587
v 0.0526197446 0.0615183629 0.429722287
v 0.0572861613 0.0650069179 0.406350519
v 0.0566305825 0.0649495471 0.394419172
v 0.0577827288 0.0619700613 0.394393506
v 0.0584286578 0.0620265771 0.406437767
v 0.0555613058 0.0648560123 0.418173914
v 0.056684612 0.0618739889 0.418371729
v 0.0526197446 0.0615183629 0.429722287
v 0.0515251284 0.0645028556 0.429415587
v -0.0511516911 0.0524394525 0.371878867
v -0.0499584069 0.0478258909 0.372017569
v -0.0507420549 0.0477573188 0.371878866
v -0.0503680386 0.0525079927 0.372017569
v -0.0492692736 0.0478862001 0.37241695
v -0.0496789053 0.0525682974 0.372416951
v -0.0487577782 0.0479309341 0.373028863
v -0.0491674144 0.0526130359 0.373028863
v -0.0484856209 0.0479547403 0.373779469
v -0.0488952526 0.0526368739 0.373779469
v -0.0484856208 0.0479547403 0.374578255
v -0.0488952525 0.0526368739 0.374578256
v -0.0487577779 0.0479309339 0.375328861
v -0.0491674142 0.0526130357 0.375328862
v -0.0492692732 0.0478861999 0.375940756
v -0.0496789049 0.0525682972 0.375940756
v -0.0499584064 0.0478258907 0.376340156
v -0.0503680381 0.0525079925 0.376340156
v -0.0507420544 0.0477573186 0.376478859
v -0.0511516952 0.0524394522 0.376478872
v -0.0515257024 0.0476887783 0.376340156
v -0.0519353432 0.0523708756 0.376340156
v -0.0522148402 0.0476284737 0.375940756
v -0.0526244765 0.0523106027 0.375940756
v -0.0527263265 0.0475837352 0.375328862
v -0.0531359719 0.0522658324 0.375328862
v -0.0529984929 0.0475599289 0.374578256
v -0.0534081292 0.0522420262 0.374578256
v -0.052998493 0.047559929 0.373779469
v -0.0534081292 0.0522420262 0.37377947
v -0.0527263268 0.0475837353 0.373028863
v -0.0531359721 0.0522658326 0.373028864
v -0.0522148406 0.0476284739 0.372416951
v -0.0526244769 0.052310603 0.372416951
v -0.0515257028 0.0476887786 0.372017569
v -0.0519353436 0.0523708758 0.372017569
v -0.0507420549 0.0477573188 0.371878866
v -0.0511516911 0.0524394525 0.371878867
v 0.0122397738 0.0579855188 0.457190823
v 0.0134330648 0.0533719663 0.45732952
v 0.0126494123 0.0533034215 0.457190822
v 0.0130234263 0.0580540954 0.457329521
v 0.0141221981 0.0534322664 0.457728934
v 0.0137125596 0.0581144001 0.457728934
v 0.0146336912 0.0534770095 0.458340833
v 0.0142240527 0.058159134 0.458340833
v 0.0149058508 0.0535008384 0.459091439
v 0.0144962123 0.0581829402 0.459091439
v 0.0149058509 0.0535008384 0.459890202
v 0.0144962124 0.0581829402 0.459890203
v 0.0146336915 0.0534770093 0.460640827
v 0.014224053 0.0581591339 0.460640827
v 0.0141221985 0.0534322662 0.461252735
v 0.01371256 0.0581143998 0.461252735
v 0.0134330653 0.0533719661 0.461652112
v 0.0130234268 0.0580540951 0.461652112
v 0.0126494128 0.0533034212 0.461790837
v 0.0122397766 0.0579854912 0.461790838
v 0.011865758 0.0532348446 0.461652112
v 0.0114561217 0.0579169783 0.461652113
v 0.0111766269 0.0531745763 0.461252735
v 0.0107669884 0.0578566781 0.461252735
v 0.0106651315 0.053129806 0.460640827
v 0.0102554953 0.0578119351 0.460640827
v 0.010392972 0.0531060043 0.459890203
v 0.00998333575 0.0577881016 0.459890203
v 0.0103929719 0.0531060044 0.459091439
v 0.00998333566 0.0577881016 0.459091439
v 0.0106651313 0.0531298062 0.458340833
v 0.0102554951 0.0578119352 0.458340833
v 0.0111766265 0.0531745765 0.457728934
v 0.010766988 0.0578566783 0.457728934
v 0.0118657575 0.0532348449 0.45732952
v 0.0114561213 0.0579169785 0.457329521
v 0.0126494123 0.0533034215 0.457190822
v 0.0122397738 0.0579855188 0.457190823
v 0.053767968 0.0616188338 0.387207775
v 0.0549612568 0.0570052768 0.387346477
v 0.0541776042 0.0569367002 0.387207775
v 0.0545516114 0.0616873741 0.387346477
v 0.0556503901 0.0570655496 0.387745872
v 0.0552407448 0.0617476742 0.387745873
v 0.0561618809 0.05711032 0.388357767
v 0.0557522401 0.0617924172 0.388357767
v 0.0564340428 0.0571341216 0.389108377
v 0.0560243974 0.0618162234 0.389108378
v 0.0564340428 0.0571341216 0.389907159
v 0.0560243975 0.0618162234 0.38990716
v 0.0561618812 0.0571103198 0.39065777
v 0.0557522404 0.0617924171 0.39065777
v 0.0556503905 0.0570655494 0.391269678
v 0.0552407451 0.061747674 0.391269678
v 0.0549612572 0.0570052766 0.391669064
v 0.0545516119 0.0616873738 0.391669065
v 0.0541776047 0.0569366999 0.391807781
v 0.0537679685 0.0616188335 0.391807781
v 0.0533939522 0.0568681278 0.391669065
v 0.0529843159 0.0615502569 0.391669065
v 0.0527048189 0.056807855 0.391269678
v 0.0522951781 0.0614899523 0.391269679
v 0.052193328 0.0567630847 0.39065777
v 0.0517836827 0.0614452138 0.390657771
v 0.0519211571 0.0567392785 0.38990716
v 0.05151153 0.0614214121 0.38990716
v 0.051921157 0.0567392785 0.389108378
v 0.0515115299 0.0614214121 0.389108378
v 0.0521933278 0.0567630848 0.388357767
v 0.0517836824 0.0614452139 0.388357768
v 0.0527048185 0.0568078552 0.387745873
v 0.0522951777 0.0614899525 0.387745873
v 0.0533939517 0.0568681281 0.387346477
v 0.0529843155 0.0615502572 0.387346478
v 0.0541776042 0.0569367002 0.387207775
v 0.053767968 0.0616188338 0.387207775
v -0.0159487884 0.0555193452 0.345520952
v -0.0147554971 0.0509057881 0.34565966
v -0.0155391504 0.0508372161 0.345520951
v -0.0151651347 0.0555878899 0.345659661
v -0.0140663643 0.0509660655 0.346059053
v -0.014476002 0.0556481901 0.346059053
v -0.0135548703 0.0510108313 0.346670953
v -0.013964508 0.0556929285 0.346670953
v -0.0132827125 0.0510346375 0.347421563
v -0.0136923484 0.0557167348 0.347421563
v -0.0132827124 0.0510346375 0.348220345
v -0.0136923483 0.0557167347 0.348220345
v -0.0135548701 0.0510108312 0.348970955
v -0.0139645077 0.0556929284 0.348970956
v -0.0140663639 0.0509660653 0.349582857
v -0.0144760016 0.0556481898 0.349582857
v -0.0147554966 0.0509057879 0.349982248
v -0.0151651342 0.0555878897 0.349982248
v -0.0155391499 0.0508372158 0.350120959
v -0.0159487879 0.055519313 0.35012096
v -0.0163228036 0.0507686392 0.349982248
v -0.016732441 0.0554507728 0.349982248
v -0.0170119364 0.0507083663 0.349582857
v -0.0174215737 0.0553904681 0.349582857
v -0.01752343 0.0506636006 0.348970956
v -0.0179330663 0.0553457297 0.348970956
v -0.0177955896 0.0506397943 0.348220345
v -0.0182052276 0.0553219234 0.348220346
v -0.0177955897 0.0506397944 0.347421563
v -0.0182052276 0.0553219235 0.347421564
v -0.0175234303 0.0506636007 0.346670953
v -0.0179330665 0.0553457298 0.346670953
v -0.0170119368 0.0507083665 0.346059053
v -0.0174215741 0.0553904683 0.346059053
v -0.0163228041 0.0507686394 0.345659661
v -0.0167324415 0.0554507731 0.345659661
v -0.0155391504 0.0508372161 0.345520951
v -0.0159487884 0.0555193452 0.345520952
v -0.0595554363 0.046986252 0.416540609
v -0.05580724 0.0520320965 0.415562384
v -0.0553975947 0.0473500265 0.415562384
v -0.0599650725 0.051668322 0.41654061
v -0.0602858422 0.0516403047 0.41675124
v -0.0598762151 0.0469581756 0.416751239
v -0.060396696 0.0516306002 0.417119576
v -0.0599870643 0.0469484712 0.417119576
v -0.0602457516 0.051643788 0.417473278
v -0.0598361154 0.0469616862 0.41747326
v -0.0573228988 0.0518994905 0.420598702
v -0.0569132581 0.047217425 0.420598702
v -0.0569807878 0.0519294632 0.420772234
v -0.0565711516 0.0472473341 0.420772233
v -0.0566075948 0.0519621144 0.42068444
v -0.0561979495 0.0472799898 0.42068444
v -0.0563779338 0.051982169 0.420376394
v -0.055968293 0.047300099 0.420376376
v -0.0547333178 0.0474081302 0.416272708
v -0.0551429449 0.0520902638 0.416272709
v -0.0551642772 0.0520883721 0.415888538
v -0.0547546501 0.0474062703 0.415888538
v -0.0554266255 0.0520654207 0.415608013
v -0.0550169893 0.0473833189 0.415608013
v -0.05580724 0.0520320965 0.415562384
v -0.0553975947 0.0473500265 0.415562384
v -0.0337074773 0.0539655824 0.451877987
v -0.0295496311 0.054329357 0.450899789
v -0.0291399971 0.049647287 0.45089977
v -0.0332978342 0.0492835125 0.451877987
v -0.0340282469 0.0539375651 0.452088608
v -0.033618613 0.0492554361 0.452088607
v -0.0341390939 0.0539278607 0.452456944
v -0.0337294599 0.0492457589 0.452456944
v -0.0339881541 0.053941044 0.452810628
v -0.033578511 0.0492589422 0.452810628
v -0.0310652945 0.0541967873 0.455936088
v -0.0306556605 0.0495146855 0.455936061
v -0.0307231857 0.0542267236 0.456109602
v -0.0303135495 0.0495445945 0.456109601
v -0.0303499927 0.0542593748 0.456021799
v -0.029940352 0.0495772458 0.456021799
v -0.0301203317 0.0542794294 0.455713762
v -0.0297106909 0.0495973595 0.455713762
v -0.0288853463 0.0543875243 0.451610113
v -0.0284757055 0.0497053906 0.451610094
v -0.0284970457 0.0497035307 0.451225906
v -0.0289066796 0.0543856325 0.451225906
v -0.0291690234 0.0543626767 0.450945381
v -0.0287593906 0.0496805794 0.450945381
v -0.0295496311 0.054329357 0.450899789
v -0.0291399971 0.049647287 0.45089977
v 0.044954582 0.0608477306 0.431869514
v 0.0491124236 0.0612115051 0.430891306
v 0.0495220508 0.056529376 0.430891306
v 0.0453642183 0.0561656015 0.431869513
v 0.0446338032 0.0608196542 0.432080153
v 0.045043444 0.0561375569 0.432080152
v 0.0445229632 0.0608099816 0.432448489
v 0.0449325903 0.0561278525 0.432448489
v 0.0446738984 0.0608231648 0.432802164
v 0.0450835392 0.0561410676 0.432802164
v 0.0475967648 0.0610789036 0.435927606
v 0.0480063965 0.0563967746 0.435927606
v 0.0479388667 0.0611088127 0.436101147
v 0.048348503 0.0564267154 0.436101146
v 0.0483120597 0.0611414639 0.436013353
v 0.048721705 0.0564593666 0.436013353
v 0.0485417253 0.0611615503 0.435705307
v 0.0489513615 0.0564794485 0.435705289
v 0.0501863458 0.0565875115 0.431601639
v 0.0497767096 0.0612696133 0.43160164
v 0.050165009 0.0565856516 0.431217451
v 0.0497553728 0.0612677489 0.431217451
v 0.0499026653 0.056562673 0.430936935
v 0.049493029 0.0612448021 0.430936936
v 0.0495220508 0.056529376 0.430891306
v 0.0491124236 0.0612115051 0.430891306
v 0.0254318883 0.0544217543 0.352906994
v 0.0291801005 0.0594675943 0.351928783
v 0.0295897368 0.0547855243 0.351928782
v 0.0250222566 0.0591038834 0.352906995
v 0.0247014869 0.059075807 0.353117636
v 0.0251111186 0.0543936779 0.353117636
v 0.0245906378 0.059066098 0.353485965
v 0.0250002672 0.0543840008 0.353485965
v 0.0247415798 0.0590792858 0.353839659
v 0.0251512092 0.054397184 0.353839652
v 0.0276644349 0.0593350246 0.356965094
v 0.0280740734 0.0546529274 0.356965094
v 0.0280065436 0.0593649655 0.357138632
v 0.0284161798 0.0546828319 0.357138632
v 0.0283797366 0.0593976167 0.357050832
v 0.0287893728 0.0547154876 0.357050832
v 0.0286093976 0.0594176668 0.356742772
v 0.0290190384 0.0547355968 0.356742763
v 0.0302540136 0.0548436325 0.352639111
v 0.0298443865 0.0595257616 0.352639112
v 0.0298230542 0.0595239017 0.352254932
v 0.0302326859 0.0548417726 0.352254932
v 0.0295606968 0.0595009185 0.351974401
v 0.0299703421 0.0548188213 0.3519744
v 0.0291801005 0.0594675943 0.351928783
v 0.0295897368 0.0547855243 0.351928782
v 0.0140250489 0.0448684023 0.329563779
v -0.0121033248 0.0425976244 0.328989121
v -0.00778967841 0.0429725221 0.329083994
v 0.0104883062 0.0578322969 0.341542068
v -0.0114193978 0.055915621 0.341050371
v -0.0368518784 0.0404479783 0.337419238
v 0.0309072854 0.0596187495 0.3495256
v 0.0383817837 0.046986433 0.339073893
v 0.0580290826 0.0486962594 0.356372406
v 0.0473747084 0.0610594718 0.36403805
v 0.070597216 0.0497916288 0.379372858
v 0.0579043589 0.0619807122 0.383328989
v 0.0745702557 0.0501404494 0.405301064
v 0.0612262136 0.0622713339 0.405071669
v 0.0694690024 0.0497006252 0.43102971
v -0.0321734369 0.054099836 0.348109829
v -0.049272397 0.0391775521 0.347349264
v -0.0572355506 0.0386787319 0.353837347
v -0.0492705705 0.0526040052 0.361868965
v 0.0569395943 0.061896294 0.426643565
v 0.0658257944 0.0493848312 0.437054786
v 0.0559087516 0.0485252303 0.453455495
v 0.045561553 0.0609008358 0.445442822
v 0.0356928177 0.0465601834 0.46977849
v 0.0284644217 0.0594050276 0.459201941
v 0.0107765158 0.0446063332 0.478303714
v 0.0077103851 0.0575892472 0.466261432
v -0.0153518615 0.0423355598 0.477729034
v -0.0141973177 0.0556725667 0.465769725
v -0.0397085918 0.0402175292 0.468218942
v -0.0346162984 0.0538861096 0.457786192
v -0.0593558907 0.0385077028 0.450920436
v -0.0510837122 0.0524453964 0.443273732
v -0.0719240195 0.0374123266 0.427919971
v -0.0616133718 0.051524156 0.423982787
v -0.0758970593 0.0370635059 0.40199177
v -0.0649352174 0.0512335342 0.40224012
v -0.0707958105 0.0375033347 0.376263128
v -0.0606486118 0.0516085697 0.380668202
v -0.0132827125 0.0510346375 0.347421563
v -0.0140663643 0.0509660655 0.346059053
v -0.0135548703 0.0510108313 0.346670953
v -0.0163228041 0.0507686394 0.345659661
v -0.0147554971 0.0509057881 0.34565966
v -0.0155391504 0.0508372161 0.345520951
v -0.0170119368 0.0507083665 0.346059053
v -0.0132827124 0.0510346375 0.348220345
v -0.0140663639 0.0509660653 0.349582857
v -0.0135548701 0.0510108312 0.348970955
v -0.0170119364 0.0507083663 0.349582857
v -0.0147554966 0.0509057879 0.349982248
v -0.0163228036 0.0507686392 0.349982248
v -0.0155391499 0.0508372158 0.350120959
v -0.01752343 0.0506636006 0.348970956
v -0.0177955896 0.0506397943 0.348220345
v -0.0175234303 0.0506636007 0.346670953
v -0.0177955897 0.0506397944 0.347421563
v -0.0499584069 0.0478258909 0.372017569
v -0.0492692736 0.0478862001 0.37241695
v -0.0487577782 0.0479309341 0.373028863
v -0.0507420549 0.0477573188 0.371878866
v -0.0484856209 0.0479547403 0.373779469
v -0.0492692732 0.0478861999 0.375940756
v -0.0484856208 0.0479547403 0.374578255
v -0.0487577779 0.0479309339 0.375328861
v -0.0527263268 0.0475837353 0.373028863
v -0.0522148406 0.0476284739 0.372416951
v -0.0515257028 0.0476887786 0.372017569
v -0.052998493 0.047559929 0.373779469
v -0.0507420544 0.0477573186 0.376478859
v -0.0499584064 0.0478258907 0.376340156
v -0.0529984929 0.0475599289 0.374578256
v -0.0522148402 0.0476284737 0.375940756
v -0.0527263265 0.0475837352 0.375328862
v -0.0515257024 0.0476887783 0.376340156
v -0.0595554363 0.046986252 0.416540609
v -0.0599870643 0.0469484712 0.417119576
v -0.0598762151 0.0469581756 0.416751239
v -0.0598361154 0.0469616862 0.41747326
v -0.0569132581 0.047217425 0.420598702
v -0.055968293 0.047300099 0.420376376
v -0.0561979495 0.0472799898 0.42068444
v -0.0565711516 0.0472473341 0.420772233
v -0.0547333178 0.0474081302 0.416272708
v -0.0553975947 0.0473500265 0.415562384
v -0.0550169893 0.0473833189 0.415608013
v -0.0547546501 0.0474062703 0.415888538
v -0.0332978342 0.0492835125 0.451877987
v -0.0337294599 0.0492457589 0.452456944
v -0.033618613 0.0492554361 0.452088607
v -0.033578511 0.0492589422 0.452810628
v -0.0297106909 0.0495973595 0.455713762
v -0.0306556605 0.0495146855 0.455936061
v -0.0303135495 0.0495445945 0.456109601
v -0.029940352 0.0495772458 0.456021799
v -0.0291399971 0.049647287 0.45089977
v -0.0284757055 0.0497053906 0.451610094
v -0.0284970457 0.0497035307 0.451225906
v -0.0287593906 0.0496805794 0.450945381
v 0.0111766265 0.0531745765 0.457728934
v 0.0103929719 0.0531060044 0.459091439
v 0.0106651313 0.0531298062 0.458340833
v 0.010392972 0.0531060043 0.459890203
v 0.0106651315 0.053129806 0.460640827
v 0.011865758 0.0532348446 0.461652112
v 0.0111766269 0.0531745763 0.461252735
v 0.0134330653 0.0533719661 0.461652112
v 0.0126494128 0.0533034212 0.461790837
v 0.0146336915 0.0534770093 0.460640827
v 0.0141221985 0.0534322662 0.461252735
v 0.0141221981 0.0534322664 0.457728934
v 0.0149058509 0.0535008384 0.459890202
v 0.0149058508 0.0535008384 0.459091439
v 0.0146336912 0.0534770095 0.458340833
v 0.0126494123 0.0533034215 0.457190822
v 0.0134330648 0.0533719663 0.45732952
v 0.0118657575 0.0532348449 0.45732952
v 0.0453642183 0.0561656015 0.431869513
v 0.0449325903 0.0561278525 0.432448489
v 0.045043444 0.0561375569 0.432080152
v 0.0450835392 0.0561410676 0.432802164
v 0.0480063965 0.0563967746 0.435927606
v 0.0495220508 0.056529376 0.430891306
v 0.0489513615 0.0564794485 0.435705289
v 0.048348503 0.0564267154 0.436101146
v 0.048721705 0.0564593666 0.436013353
v 0.0501863458 0.0565875115 0.431601639
v 0.0499026653 0.056562673 0.430936935
v 0.050165009 0.0565856516 0.431217451
v 0.0533939517 0.0568681281 0.387346477
v 0.0541776042 0.0569367002 0.387207775
v 0.0527048185 0.0568078552 0.387745873
v 0.0556503901 0.0570655496 0.387745872
v 0.0549612568 0.0570052768 0.387346477
v 0.0519211571 0.0567392785 0.38990716
v 0.051921157 0.0567392785 0.389108378
v 0.0521933278 0.0567630848 0.388357767
v 0.0564340428 0.0571341216 0.389907159
v 0.0564340428 0.0571341216 0.389108377
v 0.0561618809 0.05711032 0.388357767
v 0.0561618812 0.0571103198 0.39065777
v 0.052193328 0.0567630847 0.39065777
v 0.0533939522 0.0568681278 0.391669065
v 0.0527048189 0.056807855 0.391269678
v 0.0549612572 0.0570052766 0.391669064
v 0.0556503905 0.0570655494 0.391269678
v 0.0541776047 0.0569366999 0.391807781
v 0.0284161798 0.0546828319 0.357138632
v 0.0290190384 0.0547355968 0.356742763
v 0.0287893728 0.0547154876 0.357050832
v 0.0280740734 0.0546529274 0.356965094
v 0.0251512092 0.054397184 0.353839652
v 0.0302540136 0.0548436325 0.352639111
v 0.0254318883 0.0544217543 0.352906994
v 0.0250002672 0.0543840008 0.353485965
v 0.0251111186 0.0543936779 0.353117636
v 0.0295897368 0.0547855243 0.351928782
v 0.0302326859 0.0548417726 0.352254932
v 0.0299703421 0.0548188213 0.3519744
v -0.0368518784 0.0404479783 0.337419238
v -0.049272397 0.0391775521 0.347349264
v -0.0415068286 0.0398523318 0.343951816
v -0.0259644266 0.0412028054 0.337151995
v -0.0121033248 0.0425976244 0.328989121
v -0.00778967841 0.0429725221 0.329083994
v -0.0239898877 -0.0643976631 0.371014168
v 0.00188849455 -0.0666616763 0.364925744
v -0.0115854322 -0.0654828606 0.365679714
v -0.0338287242 -0.0635368267 0.38028569
v -0.0399152174 -0.0630043602 0.392376009
v -0.0415152517 -0.0628643503 0.40582684
v -0.0384358438 -0.0631338133 0.419015818
v -0.0310484132 -0.063780117 0.430352168
v 0.0148067334 -0.067791853 0.368843209
v -0.0202439914 -0.0647253637 0.438468561
v -0.00732575454 -0.0658555359 0.442386017
v 0.0256111609 -0.0687370951 0.376959602
v 0.0329985823 -0.0693834534 0.388295948
v 0.00614817122 -0.0670343561 0.441632063
v 0.0360779926 -0.0696528528 0.40148493
v 0.0344779515 -0.0695128474 0.414935762
v 0.0283914628 -0.0689803809 0.427026085
v 0.0185526297 -0.0681196127 0.436297602
v 0.0284396582 -0.062111118 0.4548657
v 0.0176668256 -0.0611686233 0.459949822
v 0.018303126 -0.0581439658 0.460753833
v 0.0291729312 -0.0590949415 0.455613077
v 0.0388126306 -0.0599383159 0.448412424
v 0.0379878988 -0.062946489 0.447729603
v 0.0468400545 -0.0606406426 0.439437357
v 0.0459289799 -0.0636411988 0.438827513
v 0.00707974578 -0.0602423627 0.462632841
v 0.00737272888 -0.0571877331 0.463520918
v 0.00726097427 -0.0571779059 0.459635111
v 0.00682204189 -0.0621949345 0.45963511
v 0.0075016685 -0.0571989604 0.457948871
v 0.00692843518 -0.0630043211 0.458166367
v 0.00742291205 -0.0636369515 0.456895476
v 0.00829232637 -0.0572681767 0.45644162
v 0.00829930389 -0.064142507 0.455784919
v 0.00954117418 -0.0573774285 0.455288299
v 0.00950775901 -0.0644852171 0.454963827
v 0.0111032589 -0.0575140832 0.454622739
v 0.0108005901 -0.0646327405 0.454558865
v 0.0127972727 -0.0576622747 0.454522231
v 0.0122663774 -0.0646033807 0.45453138
v 0.013807996 -0.0643409946 0.454975941
v 0.0144265875 -0.0578048502 0.454998424
v 0.0152370235 -0.063789171 0.455943771
v 0.0158020895 -0.057925157 0.45599604
v 0.0163344579 -0.0629205161 0.457399317
v 0.0167641284 -0.0580093254 0.457399317
v 0.0176668256 -0.0611686233 0.459949822
v 0.018303126 -0.0581439658 0.460753833
v -0.0371596682 -0.0563719747 0.451890259
v -0.0374997357 -0.0532619256 0.452536346
v -0.0348415325 -0.0534944671 0.449709336
v -0.0352804637 -0.0585115003 0.449709336
v -0.0334835316 -0.053613305 0.448687846
v -0.0343748905 -0.059279204 0.448912091
v -0.033248335 -0.0599617561 0.448367058
v -0.0318627117 -0.0537550892 0.448183267
v -0.0318088429 -0.060574486 0.448141366
v -0.0301672154 -0.0539034035 0.44825418
v -0.0303029896 -0.0609856217 0.448383819
v -0.0285938368 -0.054041095 0.448892354
v -0.0289047274 -0.0611570057 0.449101401
v -0.0273251811 -0.0541520614 0.450023702
v -0.0277858305 -0.0610695432 0.450213331
v -0.0270585053 -0.0607289049 0.451573517
v -0.0265085148 -0.0542235288 0.45151691
v -0.0267495526 -0.0600891342 0.453181222
v -0.0262386322 -0.0542471483 0.453198684
v -0.02697652 -0.0591313683 0.454873791
v -0.0265468439 -0.054220173 0.454873792
v -0.0277835208 -0.0571922807 0.457507861
v -0.027821611 -0.0541086021 0.458338212
v -0.0371596682 -0.0563719747 0.451890259
v -0.0352804637 -0.0585115003 0.449709336
v -0.0460278857 -0.0555961014 0.443918839
v -0.0343748905 -0.059279204 0.448912091
v -0.033248335 -0.0599617561 0.448367058
v -0.0310484132 -0.063780117 0.430352168
v -0.0318088429 -0.060574486 0.448141366
v -0.0303029896 -0.0609856217 0.448383819
v -0.0531368082 -0.0549741629 0.434334121
v -0.0202439914 -0.0647253637 0.438468561
v -0.0289047274 -0.0611570057 0.449101401
v -0.0277858305 -0.0610695432 0.450213331
v -0.0270585053 -0.0607289049 0.451573517
v -0.00732575454 -0.0658555359 0.442386017
v -0.0384358438 -0.0631338133 0.419015818
v -0.0165846276 -0.0581720694 0.461559486
v -0.0267495526 -0.0600891342 0.453181222
v -0.02697652 -0.0591313683 0.454873791
v -0.0277835208 -0.0571922807 0.457507861
v -0.00480622262 -0.0592025164 0.463290935
v 0.00692843518 -0.0630043211 0.458166367
v 0.00682204189 -0.0621949345 0.45963511
v 0.00707974578 -0.0602423627 0.462632841
v 0.00742291205 -0.0636369515 0.456895476
v 0.00614817122 -0.0670343561 0.441632063
v 0.00829930389 -0.064142507 0.455784919
v 0.00950775901 -0.0644852171 0.454963827
v 0.0108005901 -0.0646327405 0.454558865
v 0.0122663774 -0.0646033807 0.45453138
v 0.013807996 -0.0643409946 0.454975941
v 0.0185526297 -0.0681196127 0.436297602
v 0.0152370235 -0.063789171 0.455943771
v 0.0284396582 -0.062111118 0.4548657
v 0.0163344579 -0.0629205161 0.457399317
v 0.0176668256 -0.0611686233 0.459949822
v 0.0379878988 -0.062946489 0.447729603
v 0.0421372253 -0.066557097 0.434618218
v 0.0283914628 -0.0689803809 0.427026085
v 0.0427308932 -0.066024992 0.435799979
v 0.0435848811 -0.0654112869 0.436769
v 0.0459289799 -0.0636411988 0.438827513
v 0.0418701297 -0.0670205394 0.433130803
v 0.0420874036 -0.0673188761 0.431594848
v 0.0427979873 -0.067430143 0.430186977
v 0.0344779515 -0.0695128474 0.414935762
v 0.0439217726 -0.0673431078 0.42907994
v 0.0453118851 -0.0670604491 0.428385077
v 0.0469713625 -0.0665388477 0.428133065
v 0.055561411 -0.0644839584 0.418173906
v 0.0487389468 -0.0657555119 0.42844263
v 0.0515252284 -0.0641308196 0.42941558
v 0.0572862622 -0.0646348413 0.406350511
v 0.0360779926 -0.0696528528 0.40148493
v 0.0509021962 -0.0673237498 0.393934177
v 0.0521700089 -0.0668501747 0.394384499
v 0.0534728779 -0.0662763232 0.39450568
v 0.0566306833 -0.0645774703 0.394419151
v 0.0496532281 -0.0677013095 0.393042208
v 0.0487177217 -0.0678988843 0.391784918
v 0.0482269445 -0.0679051102 0.390281787
v 0.0482464438 -0.0677214603 0.388712236
v 0.0329985823 -0.0693834534 0.388295948
v 0.0487502079 -0.0673612316 0.387259145
v 0.0497630662 -0.066783042 0.385944143
v 0.048893103 -0.06390053 0.37297765
v 0.051254837 -0.0659756047 0.384966236
v 0.0539578904 -0.064343641 0.383791628
v 0.0256111609 -0.0687370951 0.376959602
v 0.0417841668 -0.0632785825 0.363392934
v 0.0284407012 -0.0653587911 0.358944706
v 0.0269166747 -0.0657122495 0.3591704
v 0.0296686733 -0.0648822283 0.358399671
v 0.030693778 -0.064283475 0.357602424
v 0.032915963 -0.0625027046 0.355421512
v 0.025362314 -0.0658556191 0.358927947
v 0.0148067334 -0.067791853 0.368843209
v 0.0239555322 -0.0657816511 0.358210362
v 0.0228688106 -0.0655012594 0.357098439
v 0.0222116841 -0.0650394639 0.355738249
v 0.00188849455 -0.0666616763 0.364925744
v 0.0123409224 -0.0607026781 0.345752289
v 0.022018527 -0.0643557467 0.354130545
v 0.0224083628 -0.063451872 0.352437964
v 0.0235398225 -0.0616824668 0.349803892
v 0.000562515131 -0.0596722311 0.344020844
v -0.0116540373 -0.0613785414 0.34914541
v -0.0114087225 -0.0605999771 0.34767666
v -0.0113234509 -0.0586323211 0.344678926
v -0.0122508729 -0.0619157079 0.350416315
v -0.0115854322 -0.0654828606 0.365679714
v -0.0132017354 -0.0622614123 0.351526849
v -0.0144513348 -0.0623891021 0.352347941
v -0.0157501611 -0.0623098772 0.352752908
v -0.0171884154 -0.0620264936 0.352780404
v -0.0186610956 -0.0615003703 0.35233588
v -0.0239898877 -0.0643976631 0.371014168
v -0.0199726738 -0.0607087471 0.35136803
v -0.032683352 -0.0567635704 0.352446071
v -0.0209026175 -0.0596627288 0.34991247
v -0.021910532 -0.0577060651 0.34736192
v -0.0422316063 -0.0559282449 0.359582159
v -0.0469448637 -0.0587634592 0.372693558
v -0.0338287242 -0.0635368267 0.38028569
v -0.047437124 -0.0581363857 0.371511792
v -0.0481715669 -0.0573836974 0.370542771
v -0.0501726896 -0.0552334896 0.368484235
v -0.0467623093 -0.0592662643 0.374180968
v -0.047028086 -0.0595223693 0.375716918
v -0.0477472007 -0.0595085184 0.377124802
v -0.0399152174 -0.0630043602 0.392376009
v -0.0488388061 -0.0592276947 0.378231826
v -0.0501587155 -0.0587079197 0.378926698
v -0.0517024018 -0.0579060423 0.37917871
v -0.0598051116 -0.0543907891 0.389137865
v -0.0533071018 -0.056827733 0.378869127
v -0.0557689381 -0.0547438733 0.377896191
v -0.061529972 -0.0542398516 0.40096126
v -0.0415152517 -0.0628643503 0.40582684
v -0.0557082634 -0.0579973567 0.413378463
v -0.0568753006 -0.0573105891 0.412927526
v -0.0580595546 -0.056518593 0.412806081
v -0.0608744022 -0.0542972272 0.41289262
v -0.0545440866 -0.0585857943 0.414270904
v -0.0536577971 -0.0589424202 0.415528062
v -0.0531760465 -0.0590335466 0.417030593
v -0.0531634864 -0.0588492831 0.418599671
v -0.0535970747 -0.0584070826 0.420052735
v -0.0544941327 -0.0576617843 0.421367655
v -0.0558229965 -0.0566076447 0.422345544
v -0.0582016092 -0.0545310474 0.423520147
v -0.0165846276 -0.0581720694 0.461559486
v -0.0277835208 -0.0571922807 0.457507861
v -0.027821611 -0.0541086021 0.458338212
v -0.016514253 -0.0550979087 0.462418622
v -0.0046256963 -0.0561380007 0.464169334
v -0.00480622262 -0.0592025164 0.463290935
v 0.00737272888 -0.0571877331 0.463520918
v 0.00707974578 -0.0602423627 0.462632841
v -0.0608744022 -0.0542972272 0.41289262
v -0.0614916565 -0.0511628857 0.412918259
v -0.0576206324 -0.0515015689 0.412806082
v -0.0580595546 -0.056518593 0.412806081
v -0.055940818 -0.0516485372 0.413047698
v -0.0568753006 -0.0573105891 0.412927526
v -0.0557082634 -0.0579973567 0.413378463
v -0.0544392919 -0.0517798851 0.413841377
v -0.0545440866 -0.0585857943 0.414270904
v -0.053290345 -0.0518804061 0.415094988
v -0.0536577971 -0.0589424202 0.415528062
v -0.0526273276 -0.0519384541 0.416663039
v -0.0531760465 -0.0590335466 0.417030593
v -0.0525271965 -0.0519471807 0.418363521
v -0.0531634864 -0.0588492831 0.418599671
v -0.0535970747 -0.0584070826 0.420052735
v -0.0530015753 -0.0519056764 0.419999066
v -0.0544941327 -0.0576617843 0.421367655
v -0.0539954075 -0.0518187661 0.421379824
v -0.0558229965 -0.0566076447 0.422345544
v -0.0553933238 -0.0516964495 0.422345544
v -0.0582016092 -0.0545310474 0.423520147
v -0.0587351126 -0.0514040955 0.423890412
v -0.0531368082 -0.0549741629 0.434334121
v -0.0582016092 -0.0545310474 0.423520147
v -0.0587351126 -0.0514040955 0.423890412
v -0.0536139002 -0.0518520904 0.434801738
v -0.0464406514 -0.0524797086 0.44447826
v -0.0460278857 -0.0555961014 0.443918839
v -0.0374997357 -0.0532619256 0.452536346
v -0.0371596682 -0.0563719747 0.451890259
v -0.0501726896 -0.0552334896 0.368484235
v -0.0505488778 -0.0521202709 0.367874405
v -0.0477326333 -0.0523666688 0.370542771
v -0.0481715669 -0.0573836974 0.370542771
v -0.0467150266 -0.0524556575 0.371905958
v -0.047437124 -0.0581363857 0.371511792
v -0.0469448637 -0.0587634592 0.372693558
v -0.0462123713 -0.052499663 0.373532958
v -0.0467623093 -0.0592662643 0.374180968
v -0.0462830116 -0.0524934968 0.375234936
v -0.047028086 -0.0595223693 0.375716918
v -0.0469187461 -0.0524378364 0.376814333
v -0.0477472007 -0.0595085184 0.377124802
v -0.0480457875 -0.0523392619 0.37808783
v -0.0488388061 -0.0592276947 0.378231826
v -0.0501587155 -0.0587079197 0.378926698
v -0.0495333255 -0.0522091374 0.378907608
v -0.0517024018 -0.0579060423 0.37917871
v -0.0512086878 -0.0520625329 0.379178528
v -0.0533071018 -0.056827733 0.378869127
v -0.0528774382 -0.0519165378 0.378869128
v -0.0557689381 -0.0547438733 0.377896191
v -0.056328676 -0.0516146022 0.377589496
v -0.0598051116 -0.0543907891 0.389137865
v -0.0557689381 -0.0547438733 0.377896191
v -0.056328676 -0.0516146022 0.377589496
v -0.0603935349 -0.0512589532 0.38894005
v -0.0621375765 -0.0511063696 0.400874012
v -0.061529972 -0.0542398516 0.40096126
v -0.0614916565 -0.0511628857 0.412918259
v -0.0608744022 -0.0542972272 0.41289262
v -0.0110815482 -0.0555731804 0.343790842
v -0.0109697924 -0.055582944 0.347676661
v -0.0113234509 -0.0586323211 0.344678926
v -0.0114087225 -0.0605999771 0.34767666
v -0.0112104882 -0.0555618895 0.349362887
v -0.0116540373 -0.0613785414 0.34914541
v -0.0122508729 -0.0619157079 0.350416315
v -0.0120011452 -0.0554927369 0.350870142
v -0.0132017354 -0.0622614123 0.351526849
v -0.0132499935 -0.055383485 0.352023479
v -0.0144513348 -0.0623891021 0.352347941
v -0.0148120782 -0.0552468258 0.35268903
v -0.0157501611 -0.0623098772 0.352752908
v -0.0165060898 -0.0550985751 0.352789545
v -0.0171884154 -0.0620264936 0.352780404
v -0.0186610956 -0.0615003703 0.35233588
v -0.0181354045 -0.0549560588 0.35231335
v -0.0199726738 -0.0607087471 0.35136803
v -0.0195109082 -0.054835702 0.351315729
v -0.0209026175 -0.0596627288 0.34991247
v -0.0204729494 -0.0547515336 0.34991247
v -0.021910532 -0.0577060651 0.34736192
v -0.022011947 -0.0546168886 0.346557917
v -0.032683352 -0.0567635704 0.352446071
v -0.021910532 -0.0577060651 0.34736192
v -0.022011947 -0.0546168886 0.346557917
v -0.0328817499 -0.0536659129 0.351698696
v -0.0425214516 -0.0528225931 0.358899351
v -0.0422316063 -0.0559282449 0.359582159
v -0.0505488778 -0.0521202709 0.367874405
v -0.0501726896 -0.0552334896 0.368484235
v 0.0337909124 -0.059498988 0.354775419
v 0.0311327092 -0.0592663827 0.357602424
v 0.032915963 -0.0625027046 0.355421512
v 0.030693778 -0.064283475 0.357602424
v 0.0297747061 -0.0591476085 0.358623923
v 0.0296686733 -0.0648822283 0.358399671
v 0.0284407012 -0.0653587911 0.358944706
v 0.0281538998 -0.0590058244 0.3591285
v 0.0269166747 -0.0657122495 0.3591704
v 0.0264583989 -0.0588574509 0.359057593
v 0.025362314 -0.0658556191 0.358927947
v 0.0248850158 -0.0587198185 0.358419424
v 0.0239555322 -0.0657816511 0.358210362
v 0.0236163658 -0.0586087975 0.357288076
v 0.0228688106 -0.0655012594 0.357098439
v 0.0222116841 -0.0650394639 0.355738249
v 0.0227997006 -0.0585373847 0.355794859
v 0.022018527 -0.0643557467 0.354130545
v 0.0225298101 -0.0585137652 0.354113089
v 0.0224083628 -0.063451872 0.352437964
v 0.0228380264 -0.058540745 0.352437964
v 0.0235398225 -0.0616824668 0.349803892
v 0.02411279 -0.0586522523 0.348973547
v 0.0123409224 -0.0607026781 0.345752289
v 0.0235398225 -0.0616824668 0.349803892
v 0.02411279 -0.0586522523 0.348973547
v 0.0128054349 -0.0576630003 0.344893157
v 0.000916876435 -0.0566229128 0.343142456
v 0.000562515131 -0.0596722311 0.344020844
v -0.0110815482 -0.0555731804 0.343790842
v -0.0113234509 -0.0586323211 0.344678926
v 0.0566306833 -0.0645774703 0.394419151
v 0.0577828241 -0.0615979641 0.394393498
v 0.0539118001 -0.0612592855 0.39450568
v 0.0534728779 -0.0662763232 0.39450568
v 0.0522319948 -0.0611123126 0.394264073
v 0.0521700089 -0.0668501747 0.394384499
v 0.0509021962 -0.0673237498 0.393934177
v 0.0507304777 -0.0609809693 0.393470385
v 0.0496532281 -0.0677013095 0.393042208
v 0.0495815217 -0.0608804438 0.392216769
v 0.0487177217 -0.0678988843 0.391784918
v 0.0489185088 -0.060822464 0.390648719
v 0.0482269445 -0.0679051102 0.390281787
v 0.0488183824 -0.0608136692 0.388948245
v 0.0482464438 -0.0677214603 0.388712236
v 0.0487502079 -0.0673612316 0.387259145
v 0.0492927611 -0.0608551734 0.387312701
v 0.0497630662 -0.066783042 0.385944143
v 0.0502865797 -0.060942152 0.385931947
v 0.051254837 -0.0659756047 0.384966236
v 0.0516845096 -0.0610644595 0.384966236
v 0.0539578904 -0.064343641 0.383791628
v 0.0550262803 -0.061356818 0.383421359
v 0.048893103 -0.06390053 0.37297765
v 0.0539578904 -0.064343641 0.383791628
v 0.0550262803 -0.061356818 0.383421359
v 0.0499050769 -0.060908764 0.372510029
v 0.0427318213 -0.0602812049 0.362833516
v 0.0417841668 -0.0632785825 0.363392934
v 0.0337909124 -0.059498988 0.354775419
v 0.032915963 -0.0625027046 0.355421512
v 0.0459289799 -0.0636411988 0.438827513
v 0.0468400545 -0.0606406426 0.439437357
v 0.0440238123 -0.0603942447 0.436769
v 0.0435848811 -0.0654112869 0.436769
v 0.0430062011 -0.0603051969 0.435405813
v 0.0427308932 -0.066024992 0.435799979
v 0.0421372253 -0.066557097 0.434618218
v 0.0425035412 -0.0602612505 0.433778818
v 0.0418701297 -0.0670205394 0.433130803
v 0.0425741815 -0.0602674167 0.432076835
v 0.0420874036 -0.0673188761 0.431594848
v 0.0432099228 -0.060323018 0.430497443
v 0.0427979873 -0.067430143 0.430186977
v 0.0443369643 -0.0604216516 0.429223941
v 0.0439217726 -0.0673431078 0.42907994
v 0.0453118851 -0.0670604491 0.428385077
v 0.0458245022 -0.0605517761 0.428404159
v 0.0469713625 -0.0665388477 0.428133065
v 0.0474998691 -0.0606983215 0.428133247
v 0.0487389468 -0.0657555119 0.42844263
v 0.0491686059 -0.0608443121 0.42844263
v 0.0515252284 -0.0641308196 0.42941558
v 0.0526198436 -0.0611462522 0.429722261
v 0.055561411 -0.0644839584 0.418173906
v 0.0515252284 -0.0641308196 0.42941558
v 0.0526198436 -0.0611462522 0.429722261
v 0.0566847117 -0.0615018966 0.418371722
v 0.0584287533 -0.0616544848 0.406437759
v 0.0572862622 -0.0646348413 0.406350511
v 0.0577828241 -0.0615979641 0.394393498
v 0.0566306833 -0.0645774703 0.394419151
v -0.050741972 -0.0473854048 0.371878861
v -0.0511516087 -0.0520675392 0.37187886
v -0.0519352614 -0.0519989958 0.372017563
v -0.0515256247 -0.047316866 0.372017563
v -0.0526243947 -0.0519386925 0.372416945
v -0.052214758 -0.0472565626 0.372416945
v -0.0531358855 -0.0518939549 0.373028857
v -0.0527262579 -0.0472118251 0.373028858
v -0.0534080472 -0.0518701537 0.373779464
v -0.0529984105 -0.0471880193 0.373779464
v -0.0534080471 -0.0518701538 0.37457825
v -0.0529984104 -0.0471880194 0.37457825
v -0.0531358853 -0.051893955 0.375328856
v -0.0527262576 -0.0472118252 0.375328856
v -0.0526243943 -0.0519386927 0.37594075
v -0.0522147576 -0.0472565628 0.37594075
v -0.0519352609 -0.0519989961 0.37634015
v -0.0515256242 -0.0473168663 0.37634015
v -0.0511516082 -0.0520675395 0.376478853
v -0.0507419715 -0.0473854051 0.376478853
v -0.0503679556 -0.0521360783 0.37634015
v -0.049958328 -0.047453953 0.37634015
v -0.0496788223 -0.0521963817 0.37594075
v -0.0492691946 -0.0475142518 0.37594075
v -0.0491673269 -0.0522411192 0.375328855
v -0.0487577039 -0.0475589894 0.375328856
v -0.0488951698 -0.052264925 0.374578249
v -0.0484855421 -0.0475828542 0.37457825
v -0.0488951698 -0.0522649249 0.373779463
v -0.0484855422 -0.0475828542 0.373779463
v -0.0491673272 -0.0522411191 0.373028857
v -0.0487577041 -0.0475589892 0.373028857
v -0.0496788226 -0.0521963815 0.372416945
v -0.049269195 -0.0475142516 0.372416945
v -0.0503679561 -0.052136078 0.372017563
v -0.0499583285 -0.0474539527 0.372017563
v -0.0511516087 -0.0520675392 0.37187886
v -0.050741972 -0.0473854048 0.371878861
v 0.0126495031 -0.0529313784 0.457190816
v 0.0122398709 -0.0576135083 0.457190816
v 0.0114562183 -0.0575449649 0.457329514
v 0.0118658482 -0.0528628396 0.457329514
v 0.0107670872 -0.0574846661 0.457728928
v 0.0111767148 -0.0528025362 0.457728928
v 0.0102555941 -0.057439924 0.458340827
v 0.0106652218 -0.0527577987 0.458340827
v 0.00998343468 -0.0574161273 0.459091433
v 0.0103930623 -0.052733993 0.459091433
v 0.00998343477 -0.0574161274 0.459890196
v 0.0103930624 -0.052733993 0.459890197
v 0.010665222 -0.0527577988 0.460640821
v 0.0102555944 -0.0574399241 0.46064082
v 0.0107670876 -0.0574846663 0.461252728
v 0.0111767152 -0.0528025364 0.461252729
v 0.0114562187 -0.0575449652 0.461652106
v 0.0118658486 -0.0528628399 0.461652106
v 0.0122398714 -0.0576135085 0.461790831
v 0.0126495036 -0.0529313787 0.461790831
v 0.0130235263 -0.0576820519 0.461652106
v 0.0134331539 -0.0529999857 0.461652106
v 0.0137126574 -0.0577423553 0.461252728
v 0.0141222895 -0.0530602255 0.461252728
v 0.0142241527 -0.0577870928 0.46064082
v 0.0146337826 -0.0531050221 0.46064082
v 0.0144963122 -0.0578109577 0.459890196
v 0.0149059421 -0.0531288279 0.459890196
v 0.0144963121 -0.0578109576 0.459091432
v 0.014905942 -0.0531288278 0.459091432
v 0.0142241524 -0.0577870927 0.458340826
v 0.0146337824 -0.053105022 0.458340826
v 0.013712657 -0.0577423551 0.457728927
v 0.0141222892 -0.0530602252 0.457728928
v 0.0130235258 -0.0576820516 0.457329514
v 0.0134331535 -0.0529999855 0.457329514
v 0.0122398709 -0.0576135083 0.457190816
v 0.0126495031 -0.0529313784 0.457190816
v 0.0541776949 -0.0565645816 0.387207768
v 0.0545517108 -0.0613153139 0.38734647
v 0.0537680581 -0.0612467114 0.387207768
v 0.054961343 -0.056633184 0.38734647
v 0.0552408442 -0.0613755537 0.387745865
v 0.055650481 -0.0566934829 0.387745866
v 0.0557523397 -0.0614203549 0.38835776
v 0.0561619673 -0.0567382251 0.38835776
v 0.056024497 -0.0614441562 0.38910837
v 0.0564341292 -0.0567620309 0.389108371
v 0.0560244971 -0.0614441563 0.389907152
v 0.0564341293 -0.056762031 0.389907152
v 0.0557523399 -0.0614203551 0.390657763
v 0.0561619676 -0.0567382252 0.390657763
v 0.0552408446 -0.0613755539 0.391269671
v 0.0556504813 -0.0566934831 0.391269671
v 0.0545517113 -0.0613153141 0.391669057
v 0.0549613434 -0.0566331843 0.391669058
v 0.0537680586 -0.0612467117 0.391807774
v 0.0541776954 -0.0565645818 0.391807774
v 0.052984406 -0.0611781728 0.391669058
v 0.0533940427 -0.0564960385 0.391669058
v 0.0522952771 -0.0611178649 0.391269671
v 0.0527049047 -0.0564357396 0.391269671
v 0.0517837862 -0.0610731318 0.390657763
v 0.0521934183 -0.0563909974 0.390657763
v 0.0515116243 -0.061049326 0.389907153
v 0.0519212565 -0.0563671961 0.389907153
v 0.0515116242 -0.0610493259 0.389108371
v 0.0519212564 -0.0563671961 0.389108371
v 0.0517837859 -0.0610731316 0.38835776
v 0.0521934181 -0.0563909973 0.38835776
v 0.0522952767 -0.0611178646 0.387745866
v 0.0527049043 -0.0564357394 0.387745866
v 0.0529844055 -0.0611781726 0.38734647
v 0.0533940422 -0.0564960382 0.38734647
v 0.0537680581 -0.0612467114 0.387207768
v 0.0541776949 -0.0565645816 0.387207768
v -0.0155390648 -0.0504652706 0.345520945
v -0.0159486952 -0.0551473413 0.345520945
v -0.0167323479 -0.055078798 0.345659654
v -0.0163227185 -0.0503966727 0.345659655
v -0.0174214812 -0.0550184991 0.346059047
v -0.0170118513 -0.0503363647 0.346059047
v -0.0179329743 -0.054973757 0.346670947
v -0.0175233449 -0.0502916317 0.346670947
v -0.0182051337 -0.0549499558 0.347421557
v -0.017795505 -0.050267826 0.347421557
v -0.0182051336 -0.0549499559 0.348220339
v -0.0177955049 -0.050267826 0.348220339
v -0.017932974 -0.0549737571 0.34897095
v -0.0175233447 -0.0502916319 0.34897095
v -0.0174214808 -0.0550184993 0.349582851
v -0.0170118509 -0.0503363649 0.349582851
v -0.0163227181 -0.0503966729 0.349982242
v -0.0167323474 -0.0550787982 0.349982242
v -0.0159486947 -0.0551473416 0.350120953
v -0.0155390643 -0.0504652709 0.350120953
v -0.0147554108 -0.0505338142 0.349982242
v -0.015165041 -0.055215944 0.349982242
v -0.0144759082 -0.0552761838 0.34958285
v -0.014066278 -0.0505941176 0.349582851
v -0.013964414 -0.055320985 0.348970949
v -0.0135547844 -0.0506388552 0.348970949
v -0.0136922545 -0.0553447907 0.348220339
v -0.0132826266 -0.0506626563 0.348220339
v -0.0136922546 -0.0553447907 0.347421557
v -0.0132826267 -0.0506626563 0.347421557
v -0.0139644142 -0.0553209849 0.346670946
v -0.0135547846 -0.050638855 0.346670946
v -0.0144759086 -0.0552761836 0.346059046
v -0.0140662784 -0.0505941174 0.346059046
v -0.0151650414 -0.0552159438 0.345659654
v -0.0147554112 -0.050533814 0.345659654
v -0.0159486952 -0.0551473413 0.345520945
v -0.0155390648 -0.0504652706 0.345520945
v -0.0558071538 -0.0516602561 0.415562378
v -0.059555364 -0.0466143595 0.416540604
v -0.0553975171 -0.0469781263 0.415562378
v -0.059964987 -0.0512964939 0.416540604
v -0.0602857659 -0.0512684135 0.416751234
v -0.0598761337 -0.0465862882 0.416751234
v -0.0603966151 -0.0512587093 0.41711957
v -0.0599869874 -0.0465765841 0.41711957
v -0.0602456662 -0.0512718924 0.417473254
v -0.0598360431 -0.0465898262 0.417473254
v -0.0573228084 -0.0515276307 0.420598696
v -0.0569131807 -0.0468454963 0.420598696
v -0.0565710742 -0.0468754684 0.420772228
v -0.0569807064 -0.0515575346 0.420772228
v -0.0561978812 -0.0469081189 0.420684434
v -0.0566075088 -0.0515901897 0.420684434
v -0.0559682246 -0.0469282004 0.42037637
v -0.0563778523 -0.0516103302 0.42037637
v -0.0551428678 -0.0517183632 0.416272702
v -0.0547332356 -0.0470362288 0.416272703
v -0.0547545678 -0.0470343416 0.415888532
v -0.0551641955 -0.0517164714 0.415888532
v -0.0554265484 -0.0516935205 0.415608007
v -0.0550169208 -0.0470113907 0.415608008
v -0.0558071538 -0.0516602561 0.415562378
v -0.0553975171 -0.0469781263 0.415562378
v -0.0295495384 -0.0539574771 0.450899764
v -0.0332977531 -0.048911585 0.451877981
v -0.0291399131 -0.0492753518 0.450899764
v -0.0337073853 -0.0535937149 0.45187798
v -0.0336185296 -0.0488835092 0.452088602
v -0.034028155 -0.0535656391 0.452088601
v -0.0337293766 -0.048873805 0.452456938
v -0.0341390019 -0.0535559349 0.452456938
v -0.0335784277 -0.0488870472 0.452810622
v -0.0339880621 -0.0535691179 0.452810622
v -0.0310652021 -0.0538248517 0.455936055
v -0.0306555767 -0.0491427218 0.455936055
v -0.0307230932 -0.0538547601 0.456109595
v -0.0303134656 -0.0491726894 0.456109595
v -0.0303499002 -0.0538874152 0.456021793
v -0.029940268 -0.0492053399 0.456021793
v -0.0301202391 -0.0539075512 0.455713756
v -0.029710607 -0.0492254259 0.455713756
v -0.0288852546 -0.0540155841 0.451610088
v -0.0284756225 -0.0493334588 0.451610088
v -0.0284969627 -0.0493315625 0.4512259
v -0.0289065869 -0.0540136924 0.4512259
v -0.0287593065 -0.0493086117 0.450945375
v -0.0291689307 -0.0539907461 0.450945375
v -0.0291399131 -0.0492753518 0.450899764
v -0.0295495384 -0.0539574771 0.450899764
v 0.0449546798 -0.0604756661 0.431869506
v 0.0495221498 -0.0561572985 0.430891299
v 0.0491125221 -0.0608394283 0.430891299
v 0.0453643075 -0.0557935317 0.431869507
v 0.0450435377 -0.0557654604 0.432080146
v 0.0446339101 -0.0604475903 0.432080145
v 0.0445230609 -0.0604378861 0.432448482
v 0.0449326885 -0.0557558154 0.432448482
v 0.0446740007 -0.0604511282 0.432802157
v 0.0450836283 -0.0557689984 0.432802157
v 0.0475968631 -0.0607068029 0.435927599
v 0.0480064907 -0.0560247322 0.435927599
v 0.047938965 -0.0607367704 0.436101139
v 0.0483486018 -0.0560546406 0.43610114
v 0.0483121626 -0.0607694255 0.436013346
v 0.0487217948 -0.0560872911 0.436013346
v 0.0485418282 -0.0607895024 0.435705282
v 0.0489514513 -0.0561073771 0.435705282
v 0.0501864358 -0.0562154055 0.431601633
v 0.0497768128 -0.0608975353 0.431601632
v 0.0501651036 -0.0562135729 0.431217444
v 0.0497554669 -0.0608957027 0.431217444
v 0.0499027552 -0.0561906265 0.430936928
v 0.0494931276 -0.0608726973 0.430936928
v 0.0495221498 -0.0561572985 0.430891299
v 0.0491125221 -0.0608394283 0.430891299
v 0.0250223581 -0.0587318415 0.352906988
v 0.029589828 -0.0544134785 0.351928776
v 0.0291802004 -0.0590956083 0.351928776
v 0.0254319789 -0.0540497117 0.352906988
v 0.0247015883 -0.0587037658 0.353117629
v 0.0251112091 -0.0540216359 0.353117629
v 0.0245907391 -0.0586940616 0.353485958
v 0.0250003599 -0.0540119317 0.353485959
v 0.0247416812 -0.0587072446 0.353839636
v 0.025151302 -0.0540251784 0.353839645
v 0.0276645367 -0.0589629829 0.356965087
v 0.0280741644 -0.0542808485 0.356965087
v 0.0284162754 -0.0543108206 0.357138625
v 0.0280066455 -0.0589928868 0.357138625
v 0.0287894639 -0.0543434712 0.357050825
v 0.0283798363 -0.0590255419 0.357050825
v 0.0290191295 -0.0543635526 0.356742756
v 0.0286095019 -0.0590456824 0.356742756
v 0.0298444864 -0.0591537154 0.352639105
v 0.0302541095 -0.054471581 0.352639105
v 0.0302327773 -0.0544697529 0.352254925
v 0.0298231542 -0.0591518236 0.352254925
v 0.0295607967 -0.0591288727 0.351974394
v 0.0299704334 -0.0544467429 0.351974394
v 0.0291802004 -0.0590956083 0.351928776
v 0.029589828 -0.0544134785 0.351928776
v -0.0572354935 -0.0383068595 0.353837343
v -0.0380577991 -0.0399713302 0.338097746
v -0.048435076 -0.0390706629 0.346614625
v -0.0492704788 -0.0522320872 0.361868959
v -0.0702827324 -0.0371758886 0.374974506
v -0.0321733447 -0.0537279214 0.348109822
v -0.0606485218 -0.0512366749 0.380668195
v -0.0148278124 -0.0419888907 0.329461375
v -0.0757856332 -0.0367009205 0.399218711
v -0.0649351373 -0.0508616181 0.402240114
v -0.0731478588 -0.0369335274 0.423942738
v -0.0616132866 -0.0511522636 0.423982781
v -0.0626552591 -0.0378484937 0.446467346
v -0.0510836299 -0.0520734597 0.443273726
v -0.0454448895 -0.0393465261 0.464351639
v -0.0346162065 -0.0535141853 0.457786185
v -0.0233817217 -0.0412654587 0.475657565
v -0.0141972243 -0.0553006058 0.465769719
v 0.00114332741 -0.0433972696 0.47915999
v 0.00771048262 -0.0572172734 0.466261425
v 0.0254725978 -0.045510963 0.474479354
v 0.028464526 -0.0590329921 0.459201934
v 0.0469696342 -0.0473774578 0.46212283
v 0.0455616509 -0.0605287672 0.445442814
v 0.0633049066 -0.0487944938 0.443429492
v 0.0569396895 -0.0615242386 0.426643558
v 0.0658206916 -0.0490122969 0.437274832
v 0.0727082129 -0.0496085726 0.42042505
v 0.061226314 -0.0618992318 0.405071662
v 0.0741605826 -0.0497313743 0.395602389
v 0.0579044542 -0.0616085863 0.383328981
v 0.0675046234 -0.0491497116 0.371651415
v 0.0473748157 -0.0606873902 0.364038043
v 0.0534615968 -0.0479265118 0.351167593
v 0.030907381 -0.0592466691 0.349525593
v 0.0335533063 -0.0461943509 0.336370672
v 0.010488403 -0.0574603077 0.341542061
v 0.00993710591 -0.0441410238 0.328864113
v -0.0114193056 -0.0555436402 0.341050364
v -0.00806804092 -0.0425763454 0.32929835
v -0.0380577991 -0.0399713302 0.338097746
v -0.0415067648 -0.0394804248 0.343951804
v -0.048435076 -0.0390706629 0.346614625
v -0.0259643581 -0.0408308689 0.337152005
v -0.0148278124 -0.0419888907 0.329461375
v -0.00806804092 -0.0425763454 0.32929835
v -0.0287593065 -0.0493086117 0.450945375
v -0.0291399131 -0.0492753518 0.450899764
v -0.0284969627 -0.0493315625 0.4512259
v -0.0284756225 -0.0493334588 0.451610088
v -0.029710607 -0.0492254259 0.455713756
v -0.0306555767 -0.0491427218 0.455936055
v -0.0303134656 -0.0491726894 0.456109595
v -0.029940268 -0.0492053399 0.456021793
v -0.0335784277 -0.0488870472 0.452810622
v -0.0332977531 -0.048911585 0.451877981
v -0.0337293766 -0.048873805 0.452456938
v -0.0336185296 -0.0488835092 0.452088602
v -0.0547545678 -0.0470343416 0.415888532
v -0.0550169208 -0.0470113907 0.415608008
v -0.0547332356 -0.0470362288 0.416272703
v -0.0553975171 -0.0469781263 0.415562378
v -0.059555364 -0.0466143595 0.416540604
v -0.0559682246 -0.0469282004 0.42037637
v -0.0598360431 -0.0465898262 0.417473254
v -0.0599869874 -0.0465765841 0.41711957
v -0.0598761337 -0.0465862882 0.416751234
v -0.0569131807 -0.0468454963 0.420598696
v -0.0565710742 -0.0468754684 0.420772228
v -0.0561978812 -0.0469081189 0.420684434
v -0.049269195 -0.0475142516 0.372416945
v -0.0499583285 -0.0474539527 0.372017563
v -0.0487577041 -0.0475589892 0.373028857
v -0.050741972 -0.0473854048 0.371878861
v -0.0492691946 -0.0475142518 0.37594075
v -0.0484855421 -0.0475828542 0.37457825
v -0.0484855422 -0.0475828542 0.373779463
v -0.0487577039 -0.0475589894 0.375328856
v -0.0522147576 -0.0472565628 0.37594075
v -0.0507419715 -0.0473854051 0.376478853
v -0.049958328 -0.047453953 0.37634015
v -0.0515256242 -0.0473168663 0.37634015
v -0.0529984105 -0.0471880193 0.373779464
v -0.0515256247 -0.047316866 0.372017563
v -0.0529984104 -0.0471880194 0.37457825
v -0.0527262576 -0.0472118252 0.375328856
v -0.0527262579 -0.0472118251 0.373028858
v -0.052214758 -0.0472565626 0.372416945
v -0.0147554112 -0.050533814 0.345659654
v -0.0155390648 -0.0504652706 0.345520945
v -0.0163227185 -0.0503966727 0.345659655
v -0.017795505 -0.050267826 0.347421557
v -0.0175233449 -0.0502916317 0.346670947
v -0.0170118513 -0.0503363647 0.346059047
v -0.0132826267 -0.0506626563 0.347421557
v -0.0140662784 -0.0505941174 0.346059046
v -0.0135547846 -0.050638855 0.346670946
v -0.0132826266 -0.0506626563 0.348220339
v -0.0147554108 -0.0505338142 0.349982242
v -0.0177955049 -0.050267826 0.348220339
v -0.014066278 -0.0505941176 0.349582851
v -0.0135547844 -0.0506388552 0.348970949
v -0.0163227181 -0.0503966729 0.349982242
v -0.0155390643 -0.0504652709 0.350120953
v -0.0170118509 -0.0503363649 0.349582851
v -0.0175233447 -0.0502916319 0.34897095
v 0.0299704334 -0.0544467429 0.351974394
v 0.029589828 -0.0544134785 0.351928776
v 0.0302327773 -0.0544697529 0.352254925
v 0.0302541095 -0.054471581 0.352639105
v 0.025151302 -0.0540251784 0.353839645
v 0.0254319789 -0.0540497117 0.352906988
v 0.0251112091 -0.0540216359 0.353117629
v 0.0250003599 -0.0540119317 0.353485959
v 0.0290191295 -0.0543635526 0.356742756
v 0.0280741644 -0.0542808485 0.356965087
v 0.0284162754 -0.0543108206 0.357138625
v 0.0287894639 -0.0543434712 0.357050825
v 0.0561619676 -0.0567382252 0.390657763
v 0.0549613434 -0.0566331843 0.391669058
v 0.0556504813 -0.0566934831 0.391269671
v 0.0564341293 -0.056762031 0.389907152
v 0.0533940427 -0.0564960385 0.391669058
v 0.0541776954 -0.0565645818 0.391807774
v 0.0521934183 -0.0563909974 0.390657763
v 0.0527049047 -0.0564357396 0.391269671
v 0.0519212565 -0.0563671961 0.389907153
v 0.055650481 -0.0566934829 0.387745866
v 0.0564341292 -0.0567620309 0.389108371
v 0.0561619673 -0.0567382251 0.38835776
v 0.0541776949 -0.0565645816 0.387207768
v 0.054961343 -0.056633184 0.38734647
v 0.0527049043 -0.0564357394 0.387745866
v 0.0533940422 -0.0564960382 0.38734647
v 0.0519212564 -0.0563671961 0.389108371
v 0.0521934181 -0.0563909973 0.38835776
v 0.0501651036 -0.0562135729 0.431217444
v 0.0499027552 -0.0561906265 0.430936928
v 0.0501864358 -0.0562154055 0.431601633
v 0.0495221498 -0.0561572985 0.430891299
v 0.0480064907 -0.0560247322 0.435927599
v 0.0489514513 -0.0561073771 0.435705282
v 0.0483486018 -0.0560546406 0.43610114
v 0.0487217948 -0.0560872911 0.436013346
v 0.0450836283 -0.0557689984 0.432802157
v 0.0453643075 -0.0557935317 0.431869507
v 0.0449326885 -0.0557558154 0.432448482
v 0.0450435377 -0.0557654604 0.432080146
v 0.0146337826 -0.0531050221 0.46064082
v 0.0134331539 -0.0529999857 0.461652106
v 0.0141222895 -0.0530602255 0.461252728
v 0.0141222892 -0.0530602252 0.457728928
v 0.0149059421 -0.0531288279 0.459890196
v 0.014905942 -0.0531288278 0.459091432
v 0.0146337824 -0.053105022 0.458340826
v 0.0118658486 -0.0528628399 0.461652106
v 0.0126495036 -0.0529313787 0.461790831
v 0.0111767148 -0.0528025362 0.457728928
v 0.0126495031 -0.0529313784 0.457190816
v 0.0134331535 -0.0529999855 0.457329514
v 0.0118658482 -0.0528628396 0.457329514
v 0.0103930624 -0.052733993 0.459890197
v 0.0103930623 -0.052733993 0.459091433
v 0.0106652218 -0.0527577987 0.458340827
v 0.010665222 -0.0527577988 0.460640821
v 0.0111767152 -0.0528025364 0.461252729
v -0.0804887053 0.023185934 0.47293081
v -0.0711944432 0.0247792437 0.46731286
v -0.0724904213 0.0226998372 0.468096217
v -0.0806538943 0.0252859416 0.472700344
v -0.0811422903 0.0272253025 0.472019033
v -0.0673014419 0.0297432363 0.463700674
v -0.081842862 0.0287238675 0.471041699
v -0.082745073 0.0298651941 0.469783058
v -0.0641040532 0.0335984631 0.458598009
v -0.0839059895 0.030625142 0.468163567
v -0.0851495649 0.0308132517 0.466428751
v -0.0633468958 0.0350123464 0.455722168
v -0.0634479778 0.0355534231 0.453969763
v -0.0642021358 0.0357048193 0.452290336
v -0.0637360423 0.0356913637 0.453094475
v -0.0903930213 0.0303939975 0.459113977
v -0.0696303472 0.0352945053 0.443325156
v -0.0919471022 0.0298254528 0.456945978
v -0.0704582012 0.0351081333 0.44210858
v -0.0712945906 0.0347647505 0.441363722
v -0.0722158767 0.0342914213 0.440810795
v -0.0752333878 0.0322861984 0.439988584
v -0.0933193378 0.0284451113 0.455031683
v -0.0789925405 0.0287991667 0.440196422
v -0.0943658282 0.0263955798 0.453571771
v -0.0948763259 0.0244379986 0.452859637
v -0.0818416292 0.0246616833 0.44147941
v -0.0950538755 0.0223218495 0.452611954
v -0.0825560723 0.0231272875 0.442081395
v -0.0846444247 0.0157895766 0.443841049
v -0.0856269793 0.0060772934 0.444668916
v -0.0950538349 -0.0219500106 0.452611951
v -0.0851159492 -0.0122616379 0.444238342
v -0.0825560301 -0.0227554107 0.442081393
v -0.0818415842 -0.0242897733 0.441479407
v -0.0948868861 -0.0240028062 0.452844836
v -0.0789924879 -0.0284272832 0.440196419
v -0.0944058615 -0.0259107646 0.453515861
v -0.0936579277 -0.0275480934 0.454559252
v -0.0752333288 -0.0319143421 0.43998858
v -0.0926985185 -0.0288231794 0.455897673
v -0.0915880516 -0.0296666849 0.45744677
v -0.0722158185 -0.0339195276 0.44081079
v -0.0903929658 -0.0300222122 0.459113973
v -0.0712945316 -0.0343928552 0.441363718
v -0.0704581461 -0.0347362365 0.442108576
v -0.0696302872 -0.03492258 0.443325152
v -0.0642020751 -0.0353329123 0.452290332
v -0.0851495086 -0.0304413986 0.466428748
v -0.0839059336 -0.0302532867 0.468163563
v -0.0637359816 -0.0353194218 0.45309447
v -0.0634479219 -0.0351814854 0.453969759
v -0.0827450185 -0.0294933369 0.469783055
v -0.0633468409 -0.0346404701 0.455722164
v -0.0641039964 -0.0332265294 0.458598005
v -0.0818428096 -0.0283519792 0.471041695
v -0.0673013967 -0.0293713068 0.463700671
v -0.0811422406 -0.0268534426 0.472019029
v -0.0711944026 -0.0244073218 0.467312857
v -0.0806538482 -0.0249140491 0.472700341
v -0.0804886631 -0.0228140731 0.472930807
v -0.07249038 -0.0223279132 0.468096214
v -0.0747093841 -0.0167214685 0.469437501
v -0.0759338298 -0.00962848311 0.470177612
v -0.0762615245 0.00433663819 0.470375674
v -0.0804887053 0.023185934 0.47293081
v -0.075149709 0.0152648632 0.469703631
v -0.0724904213 0.0226998372 0.468096217
v -0.0827450185 -0.0294933369 0.469783055
v -0.0811422406 -0.0268534426 0.472019029
v -0.0818428096 -0.0283519792 0.471041695
v -0.0839059336 -0.0302532867 0.468163563
v -0.0806538482 -0.0249140491 0.472700341
v -0.0851495086 -0.0304413986 0.466428748
v -0.0804886631 -0.0228140731 0.472930807
v -0.0837961908 -0.0138586894 0.468316696
v -0.0834438571 -0.0136599588 0.468808223
v -0.0840307543 -0.0136595932 0.467989496
v -0.0832261427 -0.0131586167 0.46911194
v -0.0832370346 -0.0124056254 0.469096742
v -0.0831222344 -0.00658265681 0.469256895
v -0.0804887053 0.023185934 0.47293081
v -0.083249705 0.00868507674 0.469079099
v -0.0903929658 -0.0300222122 0.459113973
v -0.083358348 -0.011998032 0.468927494
v -0.0831340018 0.011629505 0.469240507
v -0.083334306 0.013320881 0.468961083
v -0.0835197798 0.0139176516 0.468702332
v -0.083823183 0.0141732671 0.468279081
v -0.0842425692 0.0139760008 0.467694003
v -0.0839864299 0.00601143073 0.468051334
v -0.0835959123 -0.00740306134 0.468596093
v -0.0836912463 -0.0114915323 0.468463115
v -0.0838291157 -0.0075986484 0.468270767
v -0.0841471524 -0.00767988645 0.467827097
v -0.0855716945 -0.00755497932 0.465839788
v -0.0864427129 -0.0079320856 0.464624721
v -0.086361932 -0.0074593989 0.464737407
v -0.0851495649 0.0308132517 0.466428751
v -0.0806538943 0.0252859416 0.472700344
v -0.0839059895 0.030625142 0.468163567
v -0.0811422903 0.0272253025 0.472019033
v -0.082745073 0.0298651941 0.469783058
v -0.081842862 0.0287238675 0.471041699
v -0.0874737266 0.0130365752 0.463186466
v -0.0847008537 0.0129325119 0.467054719
v -0.0844305883 0.0131649961 0.467431714
v -0.0886387353 0.013240218 0.461561226
v -0.0903930213 0.0303939975 0.459113977
v -0.0897656088 0.01337776 0.45998921
v -0.0950538755 0.0223218495 0.452611954
v -0.0919471022 0.0298254528 0.456945978
v -0.0919011667 0.0134552733 0.457010051
v -0.0933193378 0.0284451113 0.455031683
v -0.0922368976 0.0133227358 0.456541707
v -0.0943658282 0.0263955798 0.453571771
v -0.0948763259 0.0244379986 0.452859637
v -0.0923995877 0.0129756588 0.456314733
v -0.091972055 0.00594974837 0.456911134
v -0.0950538349 -0.0219500106 0.452611951
v -0.0921908212 0.0118579523 0.456605963
v -0.0917796881 0.00643394028 0.457179508
v -0.091858055 0.0116708195 0.457070196
v -0.0908619811 0.00714423776 0.458459722
v -0.0891335894 0.0109370561 0.46087091
v -0.0889747439 0.00854691856 0.46109249
v -0.0885739948 0.010433974 0.46165152
v -0.0887419152 0.0107492821 0.46141728
v -0.0885304832 0.00888801417 0.461712229
v -0.0883501579 0.00917887759 0.461963795
v -0.0919365741 -0.00556264354 0.456960637
v -0.091817115 -0.0120673142 0.457127265
v -0.0918835984 -0.012893364 0.457034515
v -0.0916546326 -0.0133148726 0.457353939
v -0.0914574357 -0.0135648721 0.457629015
v -0.0912130089 -0.0135635907 0.457970012
v -0.091826952 -0.00625572854 0.45711355
v -0.0915829706 -0.00660039391 0.457453892
v -0.091381604 -0.0114018467 0.457734817
v -0.0886873561 -0.00735258863 0.461493358
v -0.088358109 -0.00831944788 0.461952671
v -0.0883507973 -0.00762178461 0.461962867
v -0.0882167647 -0.00797185191 0.462149877
v -0.0912525688 0.00286027032 0.457914852
v -0.0913703049 0.00497660418 0.457750607
v -0.0911425308 0.00476996941 0.458068329
v -0.0909166383 0.00342988125 0.45838346
v -0.0906142041 0.00362803229 0.458805375
v -0.0906861919 0.00495063412 0.458704939
v -0.0902558904 0.00369849769 0.459305251
v -0.0878600564 0.00712684561 0.462647517
v -0.0910114323 0.000544016846 0.458251229
v -0.0911122148 0.0020487775 0.458110648
v -0.0917186323 -0.00497670585 0.457264654
v -0.0909548058 -0.000953419928 0.4583302
v -0.0907936148 -0.00217970803 0.458555091
v -0.0914698856 -0.00479732314 0.457611672
v -0.0912029307 -0.00476155646 0.457984082
v -0.090565604 -0.00268208835 0.458873168
v -0.0905738965 -0.00491438802 0.458861581
v -0.0903444055 -0.00289043183 0.459181741
v -0.0899525859 -0.00303731264 0.459728348
v -0.0897064039 -0.00289125524 0.460071764
v -0.088590277 0.00288136004 0.46162881
v -0.08972499 0.00269486632 0.460045898
v -0.0887152593 0.00242454227 0.461454442
v -0.0897502553 0.00213956839 0.46001061
v -0.0886264008 0.00144770524 0.461578451
v -0.0897229684 -7.93343694e-05 0.460048663
v -0.0885531495 0.000784802436 0.461680615
v -0.0885479462 -0.000189227276 0.461687854
v -0.0896295353 -0.000755390317 0.460179021
v -0.0884687831 -0.00090736693 0.461798303
v -0.0896749004 -0.00138737906 0.460115747
v -0.0884717384 -0.00153673118 0.461794183
v -0.0881665434 0.00300199635 0.462219945
v -0.0895980198 -0.00245604368 0.460222976
v -0.087702601 0.0030950753 0.46286716
v -0.0880036709 0.00285188067 0.462447155
v -0.0868015209 0.00536381462 0.46412419
v -0.0872547655 0.00295609861 0.46349191
v -0.0861720361 0.00476539597 0.465002344
v -0.0883705745 -0.00240825268 0.461935327
v -0.0883557411 -0.00190358293 0.461955982
v -0.0881987341 -0.00284990295 0.462175061
v -0.0879663578 -0.00324785193 0.462499187
v -0.0839222404 -0.00595121795 0.468140891
v -0.0875511917 -0.00302870483 0.463078371
v -0.0871971436 -0.0029397764 0.463572254
v -0.0861641306 0.00257954307 0.465013349
v -0.0870690812 0.00093549944 0.463750915
v -0.0854913138 0.00289909294 0.465951965
v -0.0853031725 0.00441679414 0.466214436
v -0.0851883653 0.00262928729 0.466374598
v -0.084937965 0.00464827055 0.466723881
v -0.0858865253 -0.00254930274 0.465400629
v -0.084738961 0.00243855267 0.467001513
v -0.0844177299 0.00525160314 0.467449621
v -0.084692221 0.00135313428 0.467066696
v -0.08472716 -0.00283580117 0.467017965
v -0.0849267481 -0.00337370415 0.466739551
v -0.0852384773 -0.00360435629 0.466304676
v -0.0869912171 -0.00145149436 0.463859582
v -0.086933427 -0.00232765446 0.463940163
v -0.0856589691 -0.0031773238 0.465718107
v -0.0874031923 -0.00992949283 0.463284808
v -0.0869008784 -0.00976289683 0.463985583
v -0.0845734142 -0.012922289 0.467232424
v -0.0885751302 -0.0110663351 0.461649946
v -0.0900303299 -0.0125266019 0.459619899
v -0.0909261998 -0.0134093538 0.458370108
v -0.0915880516 -0.0296666849 0.45744677
v -0.0926985185 -0.0288231794 0.455897673
v -0.0936579277 -0.0275480934 0.454559252
v -0.0944058615 -0.0259107646 0.453515861
v -0.0948868861 -0.0240028062 0.452844836
v -0.0830402218 0.0141857496 0.467447239
v -0.0827260321 0.0141054585 0.46788557
v -0.0825625274 0.0138067214 0.468113653
v -0.0834120818 0.0135232425 0.466928499
v -0.0833341431 0.0139672125 0.467037248
v -0.0824124739 0.0132729993 0.468322982
v -0.083637909 0.0130147893 0.466613487
v -0.0822158529 0.0113349194 0.468597285
v -0.0833808741 0.0102855717 0.466972073
v -0.0839571507 0.0129099913 0.466168098
v -0.0833786185 0.0102584721 0.466975174
v -0.0843175178 0.0106347521 0.465665393
v -0.0833776863 0.0102311884 0.466976484
v -0.0833780955 0.0102037842 0.46697592
v -0.083379819 0.0101762265 0.466973537
v -0.0823516653 0.00860167295 0.468407828
v -0.0834631825 0.00930839783 0.466857213
v -0.0835734355 0.00879695355 0.466703408
v -0.0837739787 0.00821830946 0.46642362
v -0.0830753617 0.00601143161 0.467398244
v -0.0842399393 0.00724849085 0.465773604
v -0.0836981329 0.00502086104 0.466529449
v -0.084545302 0.00699925376 0.465347633
v -0.0840813937 0.00455864094 0.465994793
v -0.084564199 0.00444294825 0.465321231
v -0.0853886702 0.00486515866 0.464171102
v -0.0849175858 0.00717399754 0.464828303
v -0.0858980652 0.00537467941 0.463460468
v -0.0853285688 0.0076299298 0.464254939
v -0.0869489882 0.00712684592 0.4619944
v -0.0859103692 0.00878370708 0.463443325
v -0.0875261555 0.00900269958 0.46118926
v -0.0862191576 0.0101000528 0.46301257
v -0.0880636666 0.00854691943 0.4604394
v -0.0874558249 0.00969129978 0.46128734
v -0.0884501996 0.00596452163 0.459900161
v -0.0861379266 0.0106510783 0.463125875
v -0.0906825738 0.00661320161 0.456785969
v -0.087724636 0.0106033478 0.460912365
v -0.0894403024 0.00518177544 0.458518938
v -0.0901624683 0.00477668469 0.4575115
v -0.0904592367 0.00497660505 0.457097517
v -0.0910609868 0.00594974925 0.45625808
v -0.0882225212 0.010937057 0.46021782
v -0.0909900985 0.0134552742 0.456356961
v -0.0909469777 0.0116708203 0.456417106
v -0.0913603344 0.0119546938 0.455840459
v -0.09128221 0.0133601817 0.455949417
v -0.0914793428 0.013086194 0.455674458
v -0.0856838032 0.00706687932 0.465683446
v -0.0850903398 0.00735136526 0.466511332
v -0.0853376402 0.00704100107 0.466166333
v -0.0862927698 0.00770710747 0.464833906
v -0.0858502668 0.0106478747 0.465451234
v -0.0868987584 0.00900886466 0.46398853
v -0.0871302349 0.0101000519 0.463665651
v -0.0870489993 0.0106510774 0.463778992
v -0.0844840217 0.00879869208 0.46735718
v -0.0849815216 0.0105826283 0.466663172
v -0.0843724181 0.0093213061 0.467512868
v -0.0842909054 0.0101762256 0.467626591
v -0.0842919468 0.0102855708 0.467625127
v -0.0842891682 0.0102037833 0.467629001
v -0.0842887726 0.0102311875 0.467629574
v -0.0842896913 0.0102584713 0.467628292
v -0.0869489882 0.00712684592 0.4619944
v -0.0858980652 0.00537467941 0.463460468
v -0.0878600564 0.00712684561 0.462647517
v -0.0868015209 0.00536381462 0.46412419
v -0.0853886702 0.00486515866 0.464171102
v -0.0861720361 0.00476539597 0.465002344
v -0.084564199 0.00444294825 0.465321231
v -0.0853031725 0.00441679414 0.466214436
v -0.0840813937 0.00455864094 0.465994793
v -0.084937965 0.00464827055 0.466723881
v -0.0836981329 0.00502086104 0.466529449
v -0.0844177299 0.00525160314 0.467449621
v -0.0830753617 0.00601143161 0.467398244
v -0.0839864299 0.00601143073 0.468051334
v -0.0823516653 0.00860167295 0.468407828
v -0.083249705 0.00868507674 0.469079099
v -0.0822158529 0.0113349194 0.468597285
v -0.0831340018 0.011629505 0.469240507
v -0.0824124739 0.0132729993 0.468322982
v -0.083334306 0.013320881 0.468961083
v -0.0825625274 0.0138067214 0.468113653
v -0.0835197798 0.0139176516 0.468702332
v -0.0827260321 0.0141054585 0.46788557
v -0.083823183 0.0141732671 0.468279081
v -0.0830402218 0.0141857496 0.467447239
v -0.0842425692 0.0139760008 0.467694003
v -0.0833341431 0.0139672125 0.467037248
v -0.0884501996 0.00596452163 0.459900161
v -0.0869489882 0.00712684592 0.4619944
v -0.0878600564 0.00712684561 0.462647517
v -0.0906861919 0.00495063412 0.458704939
v -0.0894403024 0.00518177544 0.458518938
v -0.0901624683 0.00477668469 0.4575115
v -0.0911425308 0.00476996941 0.458068329
v -0.0904592367 0.00497660505 0.457097517
v -0.0913703049 0.00497660418 0.457750607
v -0.0910609868 0.00594974925 0.45625808
v -0.091972055 0.00594974837 0.456911134
v -0.0917796881 0.00643394028 0.457179508
v -0.0906825738 0.00661320161 0.456785969
v -0.0908619811 0.00714423776 0.458459722
v -0.0880636666 0.00854691943 0.4604394
v -0.0889747439 0.00854691856 0.46109249
v -0.0885304832 0.00888801417 0.461712229
v -0.0875261555 0.00900269958 0.46118926
v -0.0883501579 0.00917887759 0.461963795
v -0.0874558249 0.00969129978 0.46128734
v -0.0885739948 0.010433974 0.46165152
v -0.087724636 0.0106033478 0.460912365
v -0.0887419152 0.0107492821 0.46141728
v -0.0882225212 0.010937057 0.46021782
v -0.0891335894 0.0109370561 0.46087091
v -0.0909469777 0.0116708203 0.456417106
v -0.091858055 0.0116708195 0.457070196
v -0.0921908212 0.0118579523 0.456605963
v -0.0913603344 0.0119546938 0.455840459
v -0.0923995877 0.0129756588 0.456314733
v -0.0914793428 0.013086194 0.455674458
v -0.0922368976 0.0133227358 0.456541707
v -0.09128221 0.0133601817 0.455949417
v -0.0919011667 0.0134552733 0.457010051
v -0.0909900985 0.0134552742 0.456356961
v -0.0897656088 0.01337776 0.45998921
v -0.0886387353 0.013240218 0.461561226
v -0.0839571507 0.0129099913 0.466168098
v -0.0874737266 0.0130365752 0.463186466
v -0.0847008537 0.0129325119 0.467054719
v -0.083637909 0.0130147893 0.466613487
v -0.0844305883 0.0131649961 0.467431714
v -0.0834120818 0.0135232425 0.466928499
v -0.0842425692 0.0139760008 0.467694003
v -0.0833341431 0.0139672125 0.467037248
v -0.0849815216 0.0105826283 0.466663172
v -0.0833808741 0.0102855717 0.466972073
v -0.0842919468 0.0102855708 0.467625127
v -0.0843175178 0.0106347521 0.465665393
v -0.0858502668 0.0106478747 0.465451234
v -0.0861379266 0.0106510783 0.463125875
v -0.0870489993 0.0106510774 0.463778992
v -0.0870489993 0.0106510774 0.463778992
v -0.0862191576 0.0101000528 0.46301257
v -0.0861379266 0.0106510783 0.463125875
v -0.0871302349 0.0101000519 0.463665651
v -0.0868987584 0.00900886466 0.46398853
v -0.0859103692 0.00878370708 0.463443325
v -0.0862927698 0.00770710747 0.464833906
v -0.0853285688 0.0076299298 0.464254939
v -0.0849175858 0.00717399754 0.464828303
v -0.0856838032 0.00706687932 0.465683446
v -0.084545302 0.00699925376 0.465347633
v -0.0853376402 0.00704100107 0.466166333
v -0.0842399393 0.00724849085 0.465773604
v -0.0850903398 0.00735136526 0.466511332
v -0.0837739787 0.00821830946 0.46642362
v -0.0844840217 0.00879869208 0.46735718
v -0.0835734355 0.00879695355 0.466703408
v -0.0834631825 0.00930839783 0.466857213
v -0.0843724181 0.0093213061 0.467512868
v -0.083379819 0.0101762265 0.466973537
v -0.0842909054 0.0101762256 0.467626591
v -0.0833780955 0.0102037842 0.46697592
v -0.0842891682 0.0102037833 0.467629001
v -0.0833776863 0.0102311884 0.466976484
v -0.0842887726 0.0102311875 0.467629574
v -0.0833786185 0.0102584721 0.466975174
v -0.0842896913 0.0102584713 0.467628292
v -0.0833808741 0.0102855717 0.466972073
v -0.0842919468 0.0102855708 0.467625127
v -0.0865913564 -0.00300242832 0.462493293
v -0.0861440761 -0.00271959097 0.463117288
v -0.0863493853 -0.00298326307 0.462830861
v -0.0860150783 -0.00226997526 0.463297241
v -0.0860801444 -0.00145149363 0.463206455
v -0.0874705572 -0.00177974171 0.461266803
v -0.0874681284 -0.00230943591 0.461270205
v -0.0872876386 -0.00284990207 0.461521998
v -0.087023821 -0.00325316106 0.461889998
v -0.0876305482 6.42830929e-05 0.461043613
v -0.086158013 0.000935500245 0.463097834
v -0.0877153235 0.00144770612 0.460925334
v -0.0870926027 0.00285188155 0.461794101
v -0.0863436973 0.00295609948 0.46283882
v -0.0867900594 0.00309525949 0.462216098
v -0.087804173 0.00242454286 0.460801379
v -0.0872554661 0.00300199723 0.461566882
v -0.0876792088 0.00288136091 0.460975729
v -0.0863436973 0.00295609948 0.46283882
v -0.0867900594 0.00309525949 0.462216098
v -0.0872547655 0.00295609861 0.46349191
v -0.087702601 0.0030950753 0.46286716
v -0.0870926027 0.00285188155 0.461794101
v -0.0880036709 0.00285188067 0.462447155
v -0.0872554661 0.00300199723 0.461566882
v -0.0881665434 0.00300199635 0.462219945
v -0.088590277 0.00288136004 0.46162881
v -0.0876792088 0.00288136091 0.460975729
v -0.0887152593 0.00242454227 0.461454442
v -0.087804173 0.00242454286 0.460801379
v -0.0886264008 0.00144770524 0.461578451
v -0.0877153235 0.00144770612 0.460925334
v -0.0885531495 0.000784802436 0.461680615
v -0.0876305482 6.42830929e-05 0.461043613
v -0.0885479462 -0.000189227276 0.461687854
v -0.0884687831 -0.00090736693 0.461798303
v -0.0874705572 -0.00177974171 0.461266803
v -0.0884717384 -0.00153673118 0.461794183
v -0.0883557411 -0.00190358293 0.461955982
v -0.0874681284 -0.00230943591 0.461270205
v -0.0883705745 -0.00240825268 0.461935327
v -0.0872876386 -0.00284990207 0.461521998
v -0.0881987341 -0.00284990295 0.462175061
v -0.0879663578 -0.00324785193 0.462499187
v -0.087023821 -0.00325316106 0.461889998
v -0.086158013 0.000935500245 0.463097834
v -0.0863436973 0.00295609948 0.46283882
v -0.0872547655 0.00295609861 0.46349191
v -0.0870690812 0.00093549944 0.463750915
v -0.0860801444 -0.00145149363 0.463206455
v -0.0869912171 -0.00145149436 0.463859582
v -0.0860150783 -0.00226997526 0.463297241
v -0.086933427 -0.00232765446 0.463940163
v -0.0861440761 -0.00271959097 0.463117288
v -0.0871971436 -0.0029397764 0.463572254
v -0.0863493853 -0.00298326307 0.462830861
v -0.0875511917 -0.00302870483 0.463078371
v -0.0865913564 -0.00300242832 0.462493293
v -0.087023821 -0.00325316106 0.461889998
v -0.0879663578 -0.00324785193 0.462499187
v -0.0892992595 -0.0029543652 0.458715698
v -0.0886869516 -0.0024560428 0.459569859
v -0.0888859304 -0.00300468834 0.459292309
v -0.0896069237 -0.00274263449 0.45828648
v -0.0898406188 -0.00231715851 0.457960472
v -0.0899609091 -0.00179677252 0.457792688
v -0.0900437376 -0.000953419052 0.457677146
v -0.0888139127 0.00269486719 0.459392808
v -0.0901254937 0.000858440263 0.457563059
v -0.09013418 0.00149869904 0.457550963
v -0.0891345556 0.00318513182 0.458945473
v -0.0902011466 0.00204877838 0.457457558
v -0.0894935247 0.00369062506 0.458444705
v -0.0892175929 0.00363096328 0.458829631
v -0.0903415006 0.0028602712 0.457261762
v -0.0888139127 0.00269486719 0.459392808
v -0.08972499 0.00269486632 0.460045898
v -0.0897502553 0.00213956839 0.46001061
v -0.0897229684 -7.93343694e-05 0.460048663
v -0.0886869516 -0.0024560428 0.459569859
v -0.0896295353 -0.000755390317 0.460179021
v -0.0896749004 -0.00138737906 0.460115747
v -0.0895980198 -0.00245604368 0.460222976
v -0.0897064039 -0.00289125524 0.460071764
v -0.0888859304 -0.00300468834 0.459292309
v -0.0899525859 -0.00303731264 0.459728348
v -0.0892992595 -0.0029543652 0.458715698
v -0.0903444055 -0.00289043183 0.459181741
v -0.0896069237 -0.00274263449 0.45828648
v -0.090565604 -0.00268208835 0.458873168
v -0.0898406188 -0.00231715851 0.457960472
v -0.0907936148 -0.00217970803 0.458555091
v -0.0899609091 -0.00179677252 0.457792688
v -0.0909548058 -0.000953419928 0.4583302
v -0.0900437376 -0.000953419052 0.457677146
v -0.0910114323 0.000544016846 0.458251229
v -0.0901254937 0.000858440263 0.457563059
v -0.09013418 0.00149869904 0.457550963
v -0.0911122148 0.0020487775 0.458110648
v -0.0902011466 0.00204877838 0.457457558
v -0.0912525688 0.00286027032 0.457914852
v -0.0903415006 0.0028602712 0.457261762
v -0.0907172678 0.00324341912 0.457699584
v -0.0909166383 0.00342988125 0.45838346
v -0.0894935247 0.00369062506 0.458444705
v -0.0906142041 0.00362803229 0.458805375
v -0.0902558904 0.00369849769 0.459305251
v -0.0892175929 0.00363096328 0.458829631
v -0.0891345556 0.00318513182 0.458945473
v -0.08972499 0.00269486632 0.460045898
v -0.0888139127 0.00269486719 0.459392808
v -0.084459477 -0.00351652617 0.465467322
v -0.0838405616 -0.00297001646 0.466330724
v -0.0841232003 -0.00351231436 0.46593644
v -0.0848208971 -0.00304359541 0.464963153
v -0.0837787308 -0.00166706813 0.466417008
v -0.0850443789 -0.00224491972 0.464651397
v -0.0852530579 0.00257954367 0.464360286
v -0.0842873152 0.00263133281 0.465707502
v -0.0845802411 0.00289909382 0.465298884
v -0.083811349 0.00237718269 0.466371497
v -0.083811349 0.00237718269 0.466371497
v -0.084738961 0.00243855267 0.467001513
v -0.084692221 0.00135313428 0.467066696
v -0.0837787308 -0.00166706813 0.466417008
v -0.08472716 -0.00283580117 0.467017965
v -0.0838405616 -0.00297001646 0.466330724
v -0.0849267481 -0.00337370415 0.466739551
v -0.0841232003 -0.00351231436 0.46593644
v -0.0852384773 -0.00360435629 0.466304676
v -0.084459477 -0.00351652617 0.465467322
v -0.0856589691 -0.0031773238 0.465718107
v -0.0848208971 -0.00304359541 0.464963153
v -0.0858865253 -0.00254930274 0.465400629
v -0.0850443789 -0.00224491972 0.464651397
v -0.0861641306 0.00257954307 0.465013349
v -0.0852530579 0.00257954367 0.464360286
v -0.0853346489 0.00292100485 0.46520849
v -0.0845802411 0.00289909382 0.465298884
v -0.0854913138 0.00289909294 0.465951965
v -0.0842873152 0.00263133281 0.465707502
v -0.0851883653 0.00262928729 0.466374598
v -0.084738961 0.00243855267 0.467001513
v -0.083811349 0.00237718269 0.466371497
v -0.0830330247 -0.0137547471 0.46745725
v -0.0825173366 -0.0136357267 0.468176652
v -0.082760167 -0.013874375 0.467837919
v -0.0823137421 -0.0131504372 0.468460669
v -0.0823259482 -0.0124056246 0.468443652
v -0.0824444376 -0.0120037689 0.46827837
v -0.0827801736 -0.0114915315 0.467810025
v -0.0847225547 -0.0115331891 0.465100341
v -0.0850669559 -0.00857734876 0.464619891
v -0.0855817648 -0.0103210014 0.463901691
v -0.0860974672 -0.00968944069 0.463182262
v -0.0855604806 -0.00756956636 0.463931368
v -0.0873773827 -0.00821791378 0.46139677
v -0.0866264564 -0.0100485415 0.462444325
v -0.0876400991 -0.0085044441 0.461030262
v -0.0876640529 -0.0110663342 0.460996856
v -0.0905667602 -0.0115154941 0.456947494
v -0.0898172984 -0.0132472444 0.457992986
v -0.0901708916 -0.0135071942 0.45749973
v -0.0904412026 -0.0135825722 0.457122645
v -0.0910946757 -0.0124909573 0.456211049
v -0.0874244859 -0.00764335921 0.461331059
v -0.085183274 -0.00553675981 0.464457619
v -0.0876847836 -0.00739213877 0.460967943
v -0.0832451291 -0.00768055747 0.467161374
v -0.0903052685 -0.00476027435 0.457312275
v -0.0891252876 -0.00705754478 0.458958378
v -0.083011154 -0.00595121707 0.467487801
v -0.0829213808 -0.00760032611 0.467613029
v -0.0826848395 -0.00740306046 0.467943003
v -0.0822111616 -0.00658265593 0.468603805
v -0.0906067006 -0.00663643399 0.456891761
v -0.0907524306 -0.00492137638 0.45668848
v -0.0909878524 -0.00597990977 0.456360061
v -0.0909996946 -0.00533696514 0.456343554
v -0.0908350386 -0.00645058232 0.456573238
v -0.0860974672 -0.00968944069 0.463182262
v -0.0869008784 -0.00976289683 0.463985583
v -0.0874031923 -0.00992949283 0.463284808
v -0.0866264564 -0.0100485415 0.462444325
v -0.0885751302 -0.0110663351 0.461649946
v -0.0876640529 -0.0110663342 0.460996856
v -0.0900303299 -0.0125266019 0.459619899
v -0.0898172984 -0.0132472444 0.457992986
v -0.0909261998 -0.0134093538 0.458370108
v -0.0901708916 -0.0135071942 0.45749973
v -0.0912130089 -0.0135635907 0.457970012
v -0.0904412026 -0.0135825722 0.457122645
v -0.0914574357 -0.0135648721 0.457629015
v -0.0916546326 -0.0133148726 0.457353939
v -0.0915595183 -0.0127464519 0.456524598
v -0.0918835984 -0.012893364 0.457034515
v -0.0910946757 -0.0124909573 0.456211049
v -0.091817115 -0.0120673142 0.457127265
v -0.0905667602 -0.0115154941 0.456947494
v -0.091381604 -0.0114018467 0.457734817
v -0.0876400991 -0.0085044441 0.461030262
v -0.088358109 -0.00831944788 0.461952671
v -0.0873773827 -0.00821791378 0.46139677
v -0.0882167647 -0.00797185191 0.462149877
v -0.0874244859 -0.00764335921 0.461331059
v -0.0883507973 -0.00762178461 0.461962867
v -0.0876847836 -0.00739213877 0.460967943
v -0.0886873561 -0.00735258863 0.461493358
v -0.0891252876 -0.00705754478 0.458958378
v -0.0915829706 -0.00660039391 0.457453892
v -0.0906067006 -0.00663643399 0.456891761
v -0.0908350386 -0.00645058232 0.456573238
v -0.091826952 -0.00625572854 0.45711355
v -0.0909878524 -0.00597990977 0.456360061
v -0.0919365741 -0.00556264354 0.456960637
v -0.0909996946 -0.00533696514 0.456343554
v -0.0917186323 -0.00497670585 0.457264654
v -0.0907524306 -0.00492137638 0.45668848
v -0.0914698856 -0.00479732314 0.457611672
v -0.0903052685 -0.00476027435 0.457312275
v -0.0912029307 -0.00476155646 0.457984082
v -0.0905738965 -0.00491438802 0.458861581
v -0.085183274 -0.00553675981 0.464457619
v -0.0839222404 -0.00595121795 0.468140891
v -0.083011154 -0.00595121707 0.467487801
v -0.0831222344 -0.00658265681 0.469256895
v -0.0822111616 -0.00658265593 0.468603805
v -0.0860974672 -0.00968944069 0.463182262
v -0.0855817648 -0.0103210014 0.463901691
v -0.0869008784 -0.00976289683 0.463985583
v -0.0847225547 -0.0115331891 0.465100341
v -0.0845734142 -0.012922289 0.467232424
v -0.0830330247 -0.0137547471 0.46745725
v -0.0840307543 -0.0136595932 0.467989496
v -0.0837961908 -0.0138586894 0.468316696
v -0.082760167 -0.013874375 0.467837919
v -0.0834438571 -0.0136599588 0.468808223
v -0.0825173366 -0.0136357267 0.468176652
v -0.0832261427 -0.0131586167 0.46911194
v -0.0823137421 -0.0131504372 0.468460669
v -0.0832370346 -0.0124056254 0.469096742
v -0.0823259482 -0.0124056246 0.468443652
v -0.0824444376 -0.0120037689 0.46827837
v -0.083358348 -0.011998032 0.468927494
v -0.0827801736 -0.0114915315 0.467810025
v -0.0836912463 -0.0114915323 0.468463115
v -0.0850669559 -0.00857734876 0.464619891
v -0.0864427129 -0.0079320856 0.464624721
v -0.0855604806 -0.00756956636 0.463931368
v -0.086361932 -0.0074593989 0.464737407
v -0.0855716945 -0.00755497932 0.465839788
v -0.0832451291 -0.00768055747 0.467161374
v -0.0841471524 -0.00767988645 0.467827097
v -0.0829213808 -0.00760032611 0.467613029
v -0.0838291157 -0.0075986484 0.468270767
v -0.0826848395 -0.00740306046 0.467943003
v -0.0835959123 -0.00740306134 0.468596093
v -0.0822111616 -0.00658265593 0.468603805
v -0.0831222344 -0.00658265681 0.469256895
v 0.0871435514 -0.0128543863 0.313897859
v 0.0873987549 -0.0119371333 0.315051522
v 0.0869821967 -0.011656144 0.313168503
v 0.0874023948 -0.0140072186 0.315068025
v 0.0875992449 -0.0128177277 0.315958016
v 0.0877810458 -0.0149410558 0.316779817
v 0.0881673349 -0.0139573334 0.318526208
v 0.0871819113 -0.0100283277 0.314103325
v 0.0867581213 -0.00830168161 0.312155457
v 0.0887376995 -0.0160487824 0.321104707
v 0.0866457487 -0.00346757478 0.311647447
v 0.0870880103 -0.00494695679 0.313315293
v 0.087010884 0.00624366434 0.313314906
v 0.0866847571 0.00629445088 0.311823855
v 0.0871879225 0.0104098881 0.314098628
v 0.086982175 0.0120282783 0.313168505
v 0.0873251913 0.0118144586 0.314719149
v 0.0871435365 0.0132265504 0.31389789
v 0.087545852 0.0130023522 0.315716724
v 0.0874023687 0.0143794137 0.315068072
v 0.0879341237 0.0139813452 0.31747195
v 0.0877810181 0.0153132219 0.316779848
v 0.0885568817 0.0147564489 0.320287447
v 0.0887376697 0.0164209485 0.321104708
v 0.090489449 0.0158963837 0.329024234
v 0.0939629832 0.0171303102 0.344727466
v 0.101012197 0.0190794486 0.376595638
v 0.108061494 0.0210286325 0.408464295
v 0.11121654 0.0225589619 0.422727709
v 0.11061089 0.0213676324 0.419989657
v 0.111127611 0.0211259299 0.422325658
v 0.11160567 0.0204661736 0.424486917
v 0.111884711 0.0214837985 0.425748359
v 0.11192152 0.0195424795 0.42591476
v 0.112264245 0.0200787065 0.427464139
v 0.112204029 0.0179216007 0.427191963
v 0.112501597 0.018503299 0.428537179
v 0.112663817 0.0167168603 0.429270541
v 0.112440719 0.0147644328 0.428261911
v 0.112595584 0.00888206864 0.428962058
v 0.11296452 0.000186097153 0.430629889
v 0.112581668 -0.00964676224 0.428899056
v 0.11266382 -0.0163446073 0.429270493
v 0.112304806 -0.0165372909 0.427647391
v 0.112501631 -0.0181311066 0.428537177
v 0.112177768 -0.0177353071 0.427073045
v 0.112264281 -0.0197064859 0.427464155
v 0.11202562 -0.0186973231 0.42638523
v 0.11188475 -0.0211115761 0.425748357
v 0.111706552 -0.0198554752 0.424942808
v 0.11126381 -0.0206286825 0.422941192
v 0.111216581 -0.0221868336 0.422727706
v 0.110847825 -0.0209473402 0.42106063
v 0.109442719 -0.0207777635 0.414708383
v 0.106621555 -0.0199619485 0.401954462
v 0.0996993569 -0.0180113776 0.37066041
v 0.0927762769 -0.0160605611 0.339362382
v -0.0510836299 -0.0520734597 0.443273726
v -0.0464406514 -0.0524797086 0.44447826
v -0.0536139002 -0.0518520904 0.434801738
v -0.0374997357 -0.0532619256 0.452536346
v -0.0616132866 -0.0511522636 0.423982781
v -0.0346162065 -0.0535141853 0.457786185
v -0.0587351126 -0.0514040955 0.423890412
v -0.0573228084 -0.0515276307 0.420598696
v -0.0569807064 -0.0515575346 0.420772228
v -0.0602456662 -0.0512718924 0.417473254
v -0.0553933238 -0.0516964495 0.422345544
v -0.0566075088 -0.0515901897 0.420684434
v -0.0563778523 -0.0516103302 0.42037637
v -0.0539954075 -0.0518187661 0.421379824
v -0.0530015753 -0.0519056764 0.419999066
v -0.0551428678 -0.0517183632 0.416272702
v -0.0525271965 -0.0519471807 0.418363521
v -0.0526273276 -0.0519384541 0.416663039
v -0.053290345 -0.0518804061 0.415094988
v -0.0551641955 -0.0517164714 0.415888532
v -0.0544392919 -0.0517798851 0.413841377
v -0.0554265484 -0.0516935205 0.415608007
v -0.0558071538 -0.0516602561 0.415562378
v -0.055940818 -0.0516485372 0.413047698
v -0.0576206324 -0.0515015689 0.412806082
v -0.059964987 -0.0512964939 0.416540604
v -0.0614916565 -0.0511628857 0.412918259
v -0.0602857659 -0.0512684135 0.416751234
v -0.0603966151 -0.0512587093 0.41711957
v -0.0649351373 -0.0508616181 0.402240114
v -0.0621375765 -0.0511063696 0.400874012
v -0.0603935349 -0.0512589532 0.38894005
v -0.0606485218 -0.0512366749 0.380668195
v -0.056328676 -0.0516146022 0.377589496
v -0.0531358855 -0.0518939549 0.373028857
v -0.0492704788 -0.0522320872 0.361868959
v -0.0534080472 -0.0518701537 0.373779464
v -0.0534080471 -0.0518701538 0.37457825
v -0.0531358853 -0.051893955 0.375328856
v -0.0526243943 -0.0519386927 0.37594075
v -0.0528774382 -0.0519165378 0.378869128
v -0.0519352609 -0.0519989961 0.37634015
v -0.0512086878 -0.0520625329 0.379178528
v -0.0511516082 -0.0520675395 0.376478853
v -0.0495333255 -0.0522091374 0.378907608
v -0.0503679556 -0.0521360783 0.37634015
v -0.0480457875 -0.0523392619 0.37808783
v -0.0496788223 -0.0521963817 0.37594075
v -0.0469187461 -0.0524378364 0.376814333
v -0.0491673269 -0.0522411192 0.375328855
v -0.0462830116 -0.0524934968 0.375234936
v -0.0488951698 -0.052264925 0.374578249
v -0.0462123713 -0.052499663 0.373532958
v -0.0488951698 -0.0522649249 0.373779463
v -0.0467150266 -0.0524556575 0.371905958
v -0.0491673272 -0.0522411191 0.373028857
v -0.0477326333 -0.0523666688 0.370542771
v -0.0496788226 -0.0521963815 0.372416945
v -0.0503679561 -0.052136078 0.372017563
v -0.0505488778 -0.0521202709 0.367874405
v -0.0511516087 -0.0520675392 0.37187886
v -0.0519352614 -0.0519989958 0.372017563
v -0.0526243947 -0.0519386925 0.372416945
v -0.0425214516 -0.0528225931 0.358899351
v -0.0321733447 -0.0537279214 0.348109822
v -0.0328817499 -0.0536659129 0.351698696
v -0.022011947 -0.0546168886 0.346557917
v -0.0114193056 -0.0555436402 0.341050364
v -0.0167323479 -0.055078798 0.345659654
v -0.0174214812 -0.0550184991 0.346059047
v -0.0179329743 -0.054973757 0.346670947
v -0.0182051337 -0.0549499558 0.347421557
v -0.0159486952 -0.0551473413 0.345520945
v -0.0204729494 -0.0547515336 0.34991247
v -0.0182051336 -0.0549499559 0.348220339
v -0.017932974 -0.0549737571 0.34897095
v -0.0195109082 -0.054835702 0.351315729
v -0.0174214808 -0.0550184993 0.349582851
v -0.0181354045 -0.0549560588 0.35231335
v -0.0167323474 -0.0550787982 0.349982242
v -0.0165060898 -0.0550985751 0.352789545
v -0.0159486947 -0.0551473416 0.350120953
v -0.0148120782 -0.0552468258 0.35268903
v -0.015165041 -0.055215944 0.349982242
v -0.0132499935 -0.055383485 0.352023479
v -0.0144759082 -0.0552761838 0.34958285
v -0.0120011452 -0.0554927369 0.350870142
v -0.013964414 -0.055320985 0.348970949
v -0.0112104882 -0.0555618895 0.349362887
v -0.0136922545 -0.0553447907 0.348220339
v -0.0109697924 -0.055582944 0.347676661
v -0.0136922546 -0.0553447907 0.347421557
v -0.0139644142 -0.0553209849 0.346670946
v -0.0110815482 -0.0555731804 0.343790842
v -0.0144759086 -0.0552761836 0.346059046
v -0.0151650414 -0.0552159438 0.345659654
v 0.000916876435 -0.0566229128 0.343142456
v 0.010488403 -0.0574603077 0.341542061
v 0.0128054349 -0.0576630003 0.344893157
v 0.02411279 -0.0586522523 0.348973547
v 0.030907381 -0.0592466691 0.349525593
v 0.0291802004 -0.0590956083 0.351928776
v 0.0250223581 -0.0587318415 0.352906988
v 0.0295607967 -0.0591288727 0.351974394
v 0.0228380264 -0.058540745 0.352437964
v 0.0247015883 -0.0587037658 0.353117629
v 0.0245907391 -0.0586940616 0.353485958
v 0.0225298101 -0.0585137652 0.354113089
v 0.0247416812 -0.0587072446 0.353839636
v 0.0227997006 -0.0585373847 0.355794859
v 0.0236163658 -0.0586087975 0.357288076
v 0.0276645367 -0.0589629829 0.356965087
v 0.0248850158 -0.0587198185 0.358419424
v 0.0264583989 -0.0588574509 0.359057593
v 0.0280066455 -0.0589928868 0.357138625
v 0.0281538998 -0.0590058244 0.3591285
v 0.0283798363 -0.0590255419 0.357050825
v 0.0297747061 -0.0591476085 0.358623923
v 0.0286095019 -0.0590456824 0.356742756
v 0.0311327092 -0.0592663827 0.357602424
v 0.0298444864 -0.0591537154 0.352639105
v 0.0337909124 -0.059498988 0.354775419
v 0.0298231542 -0.0591518236 0.352254925
v 0.0473748157 -0.0606873902 0.364038043
v 0.0427318213 -0.0602812049 0.362833516
v 0.0499050769 -0.060908764 0.372510029
v 0.0579044542 -0.0616085863 0.383328981
v 0.0550262803 -0.061356818 0.383421359
v 0.0552408442 -0.0613755537 0.387745865
v 0.0545517108 -0.0613153139 0.38734647
v 0.0537680581 -0.0612467114 0.387207768
v 0.0557523397 -0.0614203549 0.38835776
v 0.0516845096 -0.0610644595 0.384966236
v 0.0529844055 -0.0611781726 0.38734647
v 0.0522952767 -0.0611178646 0.387745866
v 0.0502865797 -0.060942152 0.385931947
v 0.0517837859 -0.0610731316 0.38835776
v 0.0492927611 -0.0608551734 0.387312701
v 0.0515116242 -0.0610493259 0.389108371
v 0.0488183824 -0.0608136692 0.388948245
v 0.0515116243 -0.061049326 0.389907153
v 0.0489185088 -0.060822464 0.390648719
v 0.0517837862 -0.0610731318 0.390657763
v 0.0495815217 -0.0608804438 0.392216769
v 0.0522952771 -0.0611178649 0.391269671
v 0.0507304777 -0.0609809693 0.393470385
v 0.052984406 -0.0611781728 0.391669058
v 0.0522319948 -0.0611123126 0.394264073
v 0.0537680586 -0.0612467117 0.391807774
v 0.0539118001 -0.0612592855 0.39450568
v 0.0545517113 -0.0613153141 0.391669057
v 0.0577828241 -0.0615979641 0.394393498
v 0.0552408446 -0.0613755539 0.391269671
v 0.0557523399 -0.0614203551 0.390657763
v 0.0560244971 -0.0614441563 0.389907152
v 0.056024497 -0.0614441562 0.38910837
v 0.061226314 -0.0618992318 0.405071662
v 0.0584287533 -0.0616544848 0.406437759
v 0.0566847117 -0.0615018966 0.418371722
v 0.0569396895 -0.0615242386 0.426643558
v 0.0526198436 -0.0611462522 0.429722261
v 0.0485418282 -0.0607895024 0.435705282
v 0.0455616509 -0.0605287672 0.445442814
v 0.0497768128 -0.0608975353 0.431601632
v 0.0497554669 -0.0608957027 0.431217444
v 0.0494931276 -0.0608726973 0.430936928
v 0.0491686059 -0.0608443121 0.42844263
v 0.0491125221 -0.0608394283 0.430891299
v 0.0474998691 -0.0606983215 0.428133247
v 0.0458245022 -0.0605517761 0.428404159
v 0.0449546798 -0.0604756661 0.431869506
v 0.0443369643 -0.0604216516 0.429223941
v 0.0432099228 -0.060323018 0.430497443
v 0.0446339101 -0.0604475903 0.432080145
v 0.0425741815 -0.0602674167 0.432076835
v 0.0445230609 -0.0604378861 0.432448482
v 0.0425035412 -0.0602612505 0.433778818
v 0.0446740007 -0.0604511282 0.432802157
v 0.0430062011 -0.0603051969 0.435405813
v 0.0440238123 -0.0603942447 0.436769
v 0.0475968631 -0.0607068029 0.435927599
v 0.0468400545 -0.0606406426 0.439437357
v 0.047938965 -0.0607367704 0.436101139
v 0.0483121626 -0.0607694255 0.436013346
v 0.0388126306 -0.0599383159 0.448412424
v 0.028464526 -0.0590329921 0.459201934
v 0.0291729312 -0.0590949415 0.455613077
v 0.018303126 -0.0581439658 0.460753833
v 0.00771048262 -0.0572172734 0.466261425
v 0.0130235263 -0.0576820519 0.461652106
v 0.0122398714 -0.0576135085 0.461790831
v 0.0137126574 -0.0577423553 0.461252728
v 0.0142241527 -0.0577870928 0.46064082
v 0.0144963122 -0.0578109577 0.459890196
v 0.0167641284 -0.0580093254 0.457399317
v 0.0144963121 -0.0578109576 0.459091432
v 0.0142241524 -0.0577870927 0.458340826
v 0.0158020895 -0.057925157 0.45599604
v 0.013712657 -0.0577423551 0.457728927
v 0.0144265875 -0.0578048502 0.454998424
v 0.0130235258 -0.0576820516 0.457329514
v 0.0127972727 -0.0576622747 0.454522231
v 0.0122398709 -0.0576135083 0.457190816
v 0.0111032589 -0.0575140832 0.454622739
v 0.0114562183 -0.0575449649 0.457329514
v 0.00954117418 -0.0573774285 0.455288299
v 0.0107670872 -0.0574846661 0.457728928
v 0.00829232637 -0.0572681767 0.45644162
v 0.0102555941 -0.057439924 0.458340827
v 0.0075016685 -0.0571989604 0.457948871
v 0.00998343468 -0.0574161273 0.459091433
v 0.00726097427 -0.0571779059 0.459635111
v 0.00998343477 -0.0574161274 0.459890196
v 0.0102555944 -0.0574399241 0.46064082
v 0.00737272888 -0.0571877331 0.463520918
v 0.0107670876 -0.0574846663 0.461252728
v 0.0114562187 -0.0575449652 0.461652106
v -0.0046256963 -0.0561380007 0.464169334
v -0.0141972243 -0.0553006058 0.465769719
v -0.016514253 -0.0550979087 0.462418622
v -0.027821611 -0.0541086021 0.458338212
v -0.0307230932 -0.0538547601 0.456109595
v -0.0310652021 -0.0538248517 0.455936055
v -0.0303499002 -0.0538874152 0.456021793
v -0.0339880621 -0.0535691179 0.452810622
v -0.0301202391 -0.0539075512 0.455713756
v -0.0265468439 -0.054220173 0.454873792
v -0.0341390019 -0.0535559349 0.452456938
v -0.034028155 -0.0535656391 0.452088601
v -0.0348415325 -0.0534944671 0.449709336
v -0.0288852546 -0.0540155841 0.451610088
v -0.0262386322 -0.0542471483 0.453198684
v -0.0265085148 -0.0542235288 0.45151691
v -0.0289065869 -0.0540136924 0.4512259
v -0.0273251811 -0.0541520614 0.450023702
v -0.0291689307 -0.0539907461 0.450945375
v -0.0285938368 -0.054041095 0.448892354
v -0.0337073853 -0.0535937149 0.45187798
v -0.0334835316 -0.053613305 0.448687846
v -0.0318627117 -0.0537550892 0.448183267
v -0.0295495384 -0.0539574771 0.450899764
v -0.0301672154 -0.0539034035 0.44825418
v -0.0321734369 0.054099836 0.348109829
v -0.032881842 0.0540378531 0.351698703
v -0.0425215422 0.0531944965 0.358899358
v -0.0220120409 0.0549888539 0.346557924
v -0.0492705705 0.0526040052 0.361868965
v -0.0505489694 0.0524921858 0.367874411
v -0.0114193978 0.055915621 0.341050371
v -0.0531359721 0.0522658326 0.373028864
v -0.0606486118 0.0516085697 0.380668202
v -0.0526244769 0.052310603 0.372416951
v -0.0519353436 0.0523708758 0.372017569
v -0.0511516911 0.0524394525 0.371878867
v -0.0503680386 0.0525079927 0.372017569
v -0.0477327231 0.0527385249 0.370542778
v -0.0496789053 0.0525682974 0.372416951
v -0.0491674144 0.0526130359 0.373028863
v -0.0467151074 0.0528276108 0.371905964
v -0.0488952526 0.0526368739 0.373779469
v -0.0462124545 0.0528715807 0.373532964
v -0.0488952525 0.0526368739 0.374578256
v -0.0462830925 0.0528653868 0.375234942
v -0.0491674142 0.0526130357 0.375328862
v -0.0469188292 0.0528097842 0.376814339
v -0.0496789049 0.0525682972 0.375940756
v -0.0480458704 0.0527111802 0.378087837
v -0.0503680381 0.0525079925 0.376340156
v -0.0495334172 0.052581021 0.378907614
v -0.0511516952 0.0524394522 0.376478872
v -0.0512087748 0.0524344452 0.379178535
v -0.0519353432 0.0523708756 0.376340156
v -0.0528775249 0.0522884152 0.378869134
v -0.0526244765 0.0523106027 0.375940756
v -0.0563287621 0.0519865053 0.377589502
v -0.0531359719 0.0522658324 0.375328862
v -0.0534081292 0.0522420262 0.374578256
v -0.0534081292 0.0522420262 0.37377947
v -0.0603936204 0.0516308748 0.388940056
v -0.0649352174 0.0512335342 0.40224012
v -0.0621376662 0.0514782865 0.400874018
v -0.0614917372 0.0515347751 0.412918265
v -0.0616133718 0.051524156 0.423982787
v -0.060396696 0.0516306002 0.417119576
v -0.0602858422 0.0516403047 0.41675124
v -0.0599650725 0.051668322 0.41654061
v -0.0576207183 0.0518734655 0.412806088
v -0.0602457516 0.051643788 0.417473278
v -0.05580724 0.0520320965 0.415562384
v -0.0559408951 0.0520204368 0.413047704
v -0.0544393828 0.0521518147 0.413841384
v -0.0554266255 0.0520654207 0.415608013
v -0.0551642772 0.0520883721 0.415888538
v -0.0532904361 0.0522523103 0.415094995
v -0.0551429449 0.0520902638 0.416272709
v -0.0526274143 0.0523103275 0.416663045
v -0.0525272878 0.0523190859 0.418363527
v -0.0530016573 0.0522775806 0.419999072
v -0.0563779338 0.051982169 0.420376394
v -0.0539954894 0.0521906364 0.42137983
v -0.0553934055 0.0520683489 0.42234555
v -0.0566075948 0.0519621144 0.42068444
v -0.0569807878 0.0519294632 0.420772234
v -0.0587351983 0.0517759568 0.423890436
v -0.0573228988 0.0518994905 0.420598702
v -0.0536139867 0.052224019 0.434801744
v -0.0510837122 0.0524453964 0.443273732
v -0.0464407322 0.0528515901 0.444478267
v -0.0374998271 0.0536337952 0.45253637
v -0.0346162984 0.0538861096 0.457786192
v -0.0339881541 0.053941044 0.452810628
v -0.0341390939 0.0539278607 0.452456944
v -0.0340282469 0.0539375651 0.452088608
v -0.0348416243 0.0538664011 0.449709361
v -0.0310652945 0.0541967873 0.455936088
v -0.0337074773 0.0539655824 0.451877987
v -0.0334836214 0.0539852052 0.448687852
v -0.031862804 0.0541270197 0.448183274
v -0.0295496311 0.054329357 0.450899789
v -0.0301673079 0.0542753371 0.448254187
v -0.0285939285 0.0544130042 0.448892361
v -0.0291690234 0.0543626767 0.450945381
v -0.027325273 0.0545239955 0.450023708
v -0.0289066796 0.0543856325 0.451225906
v -0.0265086079 0.0545954415 0.451516917
v -0.0288853463 0.0543875243 0.451610113
v -0.0262387254 0.0546190613 0.453198691
v -0.0265469371 0.0545920489 0.454873798
v -0.0301203317 0.0542794294 0.455713762
v -0.0278217028 0.0544805707 0.458338218
v -0.0303499927 0.0542593748 0.456021799
v -0.0307231857 0.0542267236 0.456109602
v -0.0141973177 0.0556725667 0.465769725
v -0.0165143461 0.0554698384 0.462418629
v -0.00462579127 0.0565099794 0.464169341
v 0.0077103851 0.0575892472 0.466261432
v 0.00737263141 0.0575597021 0.463520925
v 0.0114561217 0.0579169783 0.461652113
v 0.0107669884 0.0578566781 0.461252735
v 0.0102554953 0.0578119351 0.460640827
v 0.0122397766 0.0579854912 0.461790838
v 0.00726087568 0.0575499388 0.459635154
v 0.00998333575 0.0577881016 0.459890203
v 0.00998333566 0.0577881016 0.459091439
v 0.00750156988 0.0575709939 0.457948878
v 0.0102554951 0.0578119352 0.458340833
v 0.00829222762 0.0576401482 0.456441627
v 0.010766988 0.0578566783 0.457728934
v 0.00954107522 0.0577494343 0.455288306
v 0.0114561213 0.0579169785 0.457329521
v 0.0111031597 0.0578860965 0.454622746
v 0.0122397738 0.0579855188 0.457190823
v 0.0127971733 0.0580342911 0.454522238
v 0.0130234263 0.0580540954 0.457329521
v 0.0144264877 0.0581768377 0.454998431
v 0.0137125596 0.0581144001 0.457728934
v 0.0158019895 0.0582971969 0.455996046
v 0.0142240527 0.058159134 0.458340833
v 0.0167640328 0.0583813669 0.457399324
v 0.0144962123 0.0581829402 0.459091439
v 0.0144962124 0.0581829402 0.459890203
v 0.0183030256 0.0585160097 0.46075384
v 0.014224053 0.0581591339 0.460640827
v 0.01371256 0.0581143998 0.461252735
v 0.0130234268 0.0580540951 0.461652112
v 0.0284644217 0.0594050276 0.459201941
v 0.0291728313 0.0594669787 0.455613084
v 0.0388125246 0.0603103717 0.448412432
v 0.045561553 0.0609008358 0.445442822
v 0.046839961 0.0610126506 0.439437373
v 0.0485417253 0.0611615503 0.435705307
v 0.0569395943 0.061896294 0.426643565
v 0.0483120597 0.0611414639 0.436013353
v 0.0479388667 0.0611088127 0.436101147
v 0.0475967648 0.0610789036 0.435927606
v 0.0440237056 0.0607662796 0.436769025
v 0.0446738984 0.0608231648 0.432802164
v 0.043006099 0.0606772574 0.43540582
v 0.0425034438 0.060633283 0.433778825
v 0.0445229632 0.0608099816 0.432448489
v 0.0425740841 0.0606394768 0.432076842
v 0.0446338032 0.0608196542 0.432080153
v 0.0432098208 0.0606950795 0.43049745
v 0.044954582 0.0608477306 0.431869514
v 0.044336862 0.0607936835 0.429223948
v 0.0458243997 0.0609238427 0.428404166
v 0.0491124236 0.0612115051 0.430891306
v 0.0474997663 0.0610704184 0.428133255
v 0.0491685119 0.0612163893 0.428442637
v 0.049493029 0.0612448021 0.430936936
v 0.0526197446 0.0615183629 0.429722287
v 0.0497553728 0.0612677489 0.431217451
v 0.0497767096 0.0612696133 0.43160164
v 0.056684612 0.0618739889 0.418371729
v 0.0612262136 0.0622713339 0.405071669
v 0.0584286578 0.0620265771 0.406437767
v 0.0577827288 0.0619700613 0.394393506
v 0.0579043589 0.0619807122 0.383328989
v 0.0560243974 0.0618162234 0.389108378
v 0.0557522401 0.0617924172 0.388357767
v 0.0560243975 0.0618162234 0.38990716
v 0.0557522404 0.0617924171 0.39065777
v 0.0552407451 0.061747674 0.391269678
v 0.0545516119 0.0616873738 0.391669065
v 0.0539117053 0.0616314027 0.394505688
v 0.0537679685 0.0616188335 0.391807781
v 0.0522318958 0.0614844268 0.394264081
v 0.0529843159 0.0615502569 0.391669065
v 0.0507303789 0.0613530535 0.393470392
v 0.0522951781 0.0614899523 0.391269679
v 0.0495814277 0.0612525215 0.392216777
v 0.0517836827 0.0614452138 0.390657771
v 0.0489184149 0.0611945407 0.390648726
v 0.05151153 0.0614214121 0.38990716
v 0.0488182748 0.0611857823 0.388948253
v 0.0515115299 0.0614214121 0.389108378
v 0.0492926535 0.0612272831 0.387312708
v 0.0517836824 0.0614452139 0.388357768
v 0.050286481 0.0613142318 0.385931954
v 0.0522951777 0.0614899525 0.387745873
v 0.0516844107 0.0614364874 0.384966244
v 0.0529843155 0.0615502572 0.387346478
v 0.053767968 0.0616188338 0.387207775
v 0.0550261808 0.0617289068 0.383421366
v 0.0545516114 0.0616873741 0.387346477
v 0.0552407448 0.0617476742 0.387745873
v 0.0499049738 0.0612808447 0.372510036
v 0.0473747084 0.0610594718 0.36403805
v 0.0427317238 0.0606532781 0.362833523
v 0.0337908073 0.0598710093 0.354775426
v 0.0309072854 0.0596187495 0.3495256
v 0.0298230542 0.0595239017 0.352254932
v 0.0298443865 0.0595257616 0.352639112
v 0.0311326136 0.0596384625 0.357602445
v 0.0286093976 0.0594176668 0.356742772
v 0.0297746016 0.0595196585 0.35862393
v 0.0283797366 0.0593976167 0.357050832
v 0.0281537956 0.059377844 0.359128507
v 0.0280065436 0.0593649655 0.357138632
v 0.0264582972 0.0592294902 0.3590576
v 0.0295606968 0.0595009185 0.351974401
v 0.0276644349 0.0593350246 0.356965094
v 0.0248849144 0.0590918594 0.358419431
v 0.0236162669 0.0589808636 0.357288083
v 0.0247415798 0.0590792858 0.353839659
v 0.0227995995 0.0589094221 0.355794866
v 0.0225297113 0.0588858024 0.354113096
v 0.0245906378 0.059066098 0.353485965
v 0.0228379253 0.0589127511 0.352437987
v 0.0247014869 0.059075807 0.353117636
v 0.0250222566 0.0591038834 0.352906995
v 0.0241126909 0.0590242929 0.348973569
v 0.0291801005 0.0594675943 0.351928783
v 0.0104883062 0.0578322969 0.341542068
v 0.0128053354 0.0580350298 0.344893164
v 0.000916782279 0.0569948888 0.343142463
v -0.0110816423 0.0559451616 0.343790865
v -0.0151651347 0.0555878899 0.345659661
v -0.0159487884 0.0555193452 0.345520952
v -0.014476002 0.0556481901 0.346059053
v -0.0167324415 0.0554507731 0.345659661
v -0.013964508 0.0556929285 0.346670953
v -0.0109698864 0.0559549294 0.347676674
v -0.0136923484 0.0557167348 0.347421563
v -0.0136923483 0.0557167347 0.348220345
v -0.0112105823 0.0559338697 0.349362893
v -0.0139645077 0.0556929284 0.348970956
v -0.0120012392 0.0558647155 0.350870149
v -0.0144760016 0.0556481898 0.349582857
v -0.0132500873 0.0557554339 0.352023486
v -0.0151651342 0.0555878897 0.349982248
v -0.0148121715 0.0556187717 0.352689036
v -0.0159487879 0.055519313 0.35012096
v -0.0165061834 0.0554705771 0.352789551
v -0.016732441 0.0554507728 0.349982248
v -0.0181354979 0.0553280305 0.352313356
v -0.0174215737 0.0553904681 0.349582857
v -0.0195110019 0.0552076622 0.351315736
v -0.0179330663 0.0553457297 0.348970956
v -0.0204730423 0.0551234967 0.349912477
v -0.0182052276 0.0553219234 0.348220346
v -0.0182052276 0.0553219235 0.347421564
v -0.0179330665 0.0553457298 0.346670953
v -0.0174215741 0.0553904683 0.346059053
v 0.0397648011 -0.0374778459 0.324094686
v 0.0412149317 -0.0376204216 0.32503922
v 0.0428639656 -0.0346671105 0.321357061
v 0.038688468 -0.0369962193 0.322819951
v 0.0428639731 -0.0374068571 0.325539632
v 0.0381157536 -0.0362337038 0.32136878
v 0.044513005 -0.0368626661 0.325535557
v 0.0381157526 -0.0352821675 0.319916174
v 0.0459631391 -0.0360537669 0.325027501
v 0.038688465 -0.0342565318 0.31863738
v 0.0470394707 -0.0350775709 0.324076725
v 0.0397647966 -0.0332803336 0.31768662
v 0.047612174 -0.0340518716 0.322797917
v 0.0412149262 -0.0324714343 0.317178562
v 0.0476121729 -0.0331003944 0.321345341
v 0.0428639671 -0.0319273048 0.317174489
v 0.0470394677 -0.0323378198 0.31989417
v 0.0445129994 -0.0317136811 0.317674901
v 0.0459631346 -0.0318562568 0.31861942
v 0.0827759 -0.0350368359 0.437363907
v 0.0840250174 -0.0339137268 0.437803948
v 0.0854454578 -0.0350071086 0.433136302
v 0.08184878 -0.0361564043 0.43641394
v 0.0854454564 -0.0329224535 0.43768102
v 0.0813554617 -0.0371372994 0.43506867
v 0.0868658956 -0.0321825849 0.437009904
v 0.0813554622 -0.0378613004 0.433490314
v 0.0881150135 -0.0317834746 0.435871589
v 0.0818487815 -0.0382410617 0.431869249
v 0.0890421342 -0.0317730986 0.434403356
v 0.0827759021 -0.0382306835 0.430401015
v 0.0895354535 -0.0321528576 0.432782309
v 0.0840250201 -0.0378315732 0.42926271
v 0.089535454 -0.0328768563 0.431203953
v 0.0854454593 -0.0370917069 0.428591603
v 0.0890421356 -0.0338577514 0.429858665
v 0.0868658983 -0.0361004312 0.428468657
v 0.0881150157 -0.0349773222 0.428908716
v 0.00487950003 0.078567793 0.398401174
v 0.00807495946 0.0788473658 0.394578667
v 0.00637761536 0.0786988435 0.399269409
v 0.0037675584 0.0784705034 0.397070951
v 0.00808120937 0.078847893 0.399570956
v 0.00317590573 0.0784187527 0.395439195
v 0.00978480104 0.0789969335 0.399269409
v 0.00317590554 0.0784187528 0.393702715
v 0.0112829162 0.0791280477 0.398401173
v 0.00376755786 0.0784705037 0.392070954
v 0.0123948575 0.0792252738 0.39707095
v 0.00487949919 0.0785677935 0.390740723
v 0.012986511 0.0792770975 0.395439194
v 0.00637761433 0.078698844 0.389872487
v 0.0129865108 0.0792770976 0.393702714
v 0.00808120828 0.0788478936 0.389570971
v 0.012394857 0.0792252741 0.392070953
v 0.00978480001 0.0789969341 0.389872487
v 0.0112829153 0.0791280482 0.390740722
v 0.00201339325 0.07856798 0.421359499
v 0.00502297129 0.078831309 0.417712561
v 0.00351150858 0.0786990759 0.422227739
v 0.000901451624 0.0784706813 0.420029281
v 0.00521510145 0.0788481255 0.42252929
v 0.000309798952 0.0784189215 0.41839752
v 0.00691869539 0.0789971205 0.422227738
v 0.000309798763 0.0784189216 0.416661049
v 0.00841680939 0.0791282165 0.421359498
v 0.000901451079 0.0784706816 0.415029288
v 0.00952875301 0.0792255154 0.42002928
v 0.00201339242 0.0785679805 0.413699052
v 0.0101204042 0.0792772754 0.418397519
v 0.00351150755 0.0786990765 0.412830812
v 0.010120404 0.0792772755 0.416661048
v 0.00521510036 0.0788481261 0.412529296
v 0.00952875246 0.0792255157 0.415029287
v 0.00691869437 0.0789971211 0.412830812
v 0.00841680856 0.079128217 0.413699051
v 0.0036248277 0.0793827348 0.412771577
v 0.00351150755 0.0786990765 0.412830812
v 0.00236476794 0.0795974562 0.413369479
v 0.00518973315 0.0791380457 0.412529287
v 0.00201339242 0.0785679805 0.413699052
v 0.00521510036 0.0788481261 0.412529296
v 0.00131859871 0.0797693315 0.414281302
v 0.00660638845 0.0791705797 0.412734296
v 0.000901451079 0.0784706816 0.415029288
v 0.00691869437 0.0789971211 0.412830812
v 0.000533508884 0.0801641061 0.415455041
v 0.00794791376 0.0792906978 0.413361729
v 0.000309798763 0.0784189216 0.416661049
v 0.00841680856 0.079128217 0.413699051
v 9.37849508e-05 0.0805790808 0.416832262
v 0.00899678067 0.0794634937 0.414306048
v 0.000309798952 0.0784189215 0.41839752
v 0.00952875246 0.0792255157 0.415029287
v 6.62270751e-05 0.0809463893 0.418258777
v 0.00973694683 0.0796788172 0.415517823
v 0.010120404 0.0792772755 0.416661048
v 0.0100977184 0.0799256543 0.416896817
v 0.000901451624 0.0784706813 0.420029281
v 0.000450695442 0.0812320346 0.419623446
v 0.00123482206 0.0814228927 0.420845753
v 0.00201339325 0.07856798 0.421359499
v 0.00233971507 0.0815041298 0.421779895
v 0.00351150858 0.0786990759 0.422227739
v 0.00388384324 0.081220196 0.422402343
v 0.00521510145 0.0788481255 0.42252929
v 0.00554954126 0.0809227108 0.422502797
v 0.00691869539 0.0789971205 0.422227738
v 0.00715836622 0.0806434792 0.422070432
v 0.00841680939 0.0791282165 0.421359498
v 0.00853796996 0.0804124598 0.421151597
v 0.00952875301 0.0792255154 0.42002928
v 0.00954055956 0.0802544451 0.419844716
v 0.0101204042 0.0792772754 0.418397519
v 0.0100587328 0.08018627 0.418289799
v 0.00487963353 -0.0778717497 0.398401164
v 0.00637774796 -0.0780027884 0.3992694
v 0.00807509006 -0.0781512888 0.394578658
v 0.00376769172 -0.077774462 0.397070942
v 0.00808134224 -0.0781518348 0.399570947
v 0.00317603896 -0.0777227031 0.395439186
v 0.00978493419 -0.0783008813 0.399269399
v 0.00317603877 -0.0777227029 0.393702706
v 0.0112830518 -0.0784319835 0.398401164
v 0.00376769118 -0.0777744617 0.392070945
v 0.0123949934 -0.0785292074 0.397070941
v 0.00487963269 -0.0778717492 0.390740713
v 0.0129866446 -0.0785810298 0.395439185
v 0.00637774694 -0.0780027878 0.389872478
v 0.0129866444 -0.0785810297 0.393702705
v 0.00808134115 -0.0781518342 0.389570962
v 0.0123949928 -0.0785292071 0.392070944
v 0.00978493316 -0.0783008807 0.389872477
v 0.011283051 -0.0784319831 0.390740713
v 0.00201352561 -0.0778719265 0.421359489
v 0.00351164118 -0.0780030379 0.422227729
v 0.00502310186 -0.0781352495 0.417712552
v 0.000901583807 -0.0777746388 0.420029272
v 0.00521523433 -0.0781520844 0.422529281
v 0.000309932177 -0.0777228799 0.418397511
v 0.00691882854 -0.0783010672 0.422227729
v 0.000309931987 -0.0777228798 0.41666104
v 0.00841694279 -0.0784321694 0.421359489
v 0.000901583262 -0.0777746385 0.415029279
v 0.00952888658 -0.078529457 0.420029271
v 0.00201352478 -0.077871926 0.413699043
v 0.0101205378 -0.0785812157 0.41839751
v 0.00351164016 -0.0780030374 0.412830803
v 0.0101205377 -0.0785812156 0.416661039
v 0.00521523324 -0.0781520838 0.412529287
v 0.00952888603 -0.0785294567 0.415029278
v 0.00691882752 -0.0783010666 0.412830802
v 0.00841694195 -0.078432169 0.413699042
v 0.00362496156 -0.0786866863 0.412771567
v 0.0023649022 -0.0789014102 0.413369469
v 0.00351164016 -0.0780030374 0.412830803
v 0.00518986656 -0.0784420035 0.412529278
v 0.00201352478 -0.077871926 0.413699043
v 0.00521523324 -0.0781520838 0.412529287
v 0.00131873441 -0.0790732875 0.414281292
v 0.00660652192 -0.0784745257 0.412734287
v 0.000901583262 -0.0777746385 0.415029279
v 0.00691882752 -0.0783010666 0.412830802
v 0.000533644179 -0.0794680637 0.415455032
v 0.00794804745 -0.0785946415 0.41336172
v 0.000309931987 -0.0777228798 0.41666104
v 0.00841694195 -0.078432169 0.413699042
v 9.39210081e-05 -0.0798830484 0.416832252
v 0.00899691468 -0.0787674265 0.414306039
v 0.000309932177 -0.0777228799 0.418397511
v 0.00952888603 -0.0785294567 0.415029278
v 6.63626705e-05 -0.080250348 0.418258767
v 0.00973708124 -0.0789827669 0.415517813
v 0.0101205377 -0.0785812156 0.416661039
v 0.0100978532 -0.0792295854 0.416896807
v 0.000901583807 -0.0777746388 0.420029272
v 0.000450831562 -0.0805360019 0.419623437
v 0.00123495853 -0.0807268497 0.420845743
v 0.00201352561 -0.0778719265 0.421359489
v 0.00233985169 -0.0808080939 0.421779885
v 0.00351164118 -0.0780030379 0.422227729
v 0.0038839782 -0.0805241482 0.422402334
v 0.00521523433 -0.0781520844 0.422529281
v 0.00554967567 -0.0802266691 0.422502787
v 0.00691882854 -0.0783010672 0.422227729
v 0.00715850239 -0.0799474254 0.422070422
v 0.00841694279 -0.0784321694 0.421359489
v 0.00853810571 -0.0797164124 0.421151587
v 0.00952888658 -0.078529457 0.420029271
v 0.00954069502 -0.0795583867 0.419844707
v 0.0101205378 -0.0785812157 0.41839751
v 0.0100588681 -0.0794902104 0.418289789
v 0.0961832159 0.0071058282 0.354716424
v 0.0899191765 0.00683543869 0.326707995
v 0.0899855881 0.00658543852 0.32669797
v 0.0961168317 0.00735576699 0.354726467
v 0.0898182772 0.00669380642 0.325941607
v 0.0897397785 0.00701842206 0.326744295
v 0.0959374336 0.00753874979 0.354762751
v 0.0897686095 0.00693294212 0.326027285
v 0.0896663821 0.00703621351 0.325254961
v 0.0894954063 0.00708540727 0.326797091
v 0.0956930614 0.00760573613 0.354815563
v 0.089033804 0.00760572996 0.355761973
v 0.0828361579 0.00708540166 0.327743503
v 0.089361574 0.0071720468 0.326192019
v 0.0826879647 0.00719358655 0.327073581
v 0.0896014442 0.00710799073 0.326118929
v 0.0892400561 0.00744597235 0.325642702
v 0.082556706 0.00752992106 0.326480197
v 0.0896319212 0.00724110845 0.325409304
v 0.0895447821 0.00757918242 0.324705233
v 0.0894758699 0.00739110218 0.325551211
v 0.0891427851 0.0078803601 0.325202914
v 0.0824582072 0.00805381674 0.326034915
v 0.0895224812 0.00772975551 0.324914553
v 0.0894653643 0.00826955091 0.324346224
v 0.0893753339 0.00784001513 0.325096713
v 0.0890792564 0.00843263602 0.324915712
v 0.0824043645 0.00870210179 0.325791446
v 0.0894510033 0.00835109392 0.324591448
v 0.0894359323 0.00903975376 0.324213107
v 0.0893096769 0.00841078563 0.324799898
v 0.0890556999 0.00904881705 0.324809207
v 0.0824016444 0.00939658977 0.325779147
v 0.0894245 0.00904427051 0.324471636
v 0.0894593239 0.00981438189 0.32431888
v 0.0892853291 0.00904759628 0.324689822
v 0.0890744167 0.00966850649 0.324893832
v 0.0824503746 0.0100534804 0.325999515
v 0.0894455542 0.00974144493 0.324566836
v 0.0895332652 0.0105176284 0.3246532
v 0.0893046735 0.00968806881 0.324777285
v 0.0891335789 0.0102310984 0.325161287
v 0.0825447069 0.0105935806 0.326425952
v 0.0895121196 0.0103743795 0.324867724
v 0.0896505441 0.0110806478 0.325183352
v 0.0893658183 0.0102694896 0.325053698
v 0.0892273838 0.0106815076 0.325585421
v 0.0826732456 0.0109517352 0.327007053
v 0.089617666 0.0108810932 0.325344851
v 0.0897996373 0.0114483237 0.325857424
v 0.0894627701 0.0107350055 0.325492022
v 0.0893466639 0.0109756668 0.326124667
v 0.0828204837 0.0110847307 0.327672702
v 0.0897518527 0.0112119948 0.325951525
v 0.0899659839 0.0115846457 0.326609454
v 0.0895860428 0.0110389906 0.326049349
v 0.0897235857 0.0111517225 0.326671114
v 0.0894797502 0.0110847369 0.32672629
v 0.0956774053 0.0116050652 0.354744755
v 0.0890181297 0.011605059 0.355691164
v 0.0899015646 0.0113347062 0.326628329
v 0.0958112376 0.0115184256 0.355349832
v 0.0891663229 0.0114968747 0.356361087
v 0.0959212408 0.0116720508 0.354689569
v 0.0960992197 0.0118550345 0.354646807
v 0.096163639 0.0121050036 0.354627919
v 0.0963488669 0.0119697504 0.355465311
v 0.0959327465 0.0112444995 0.355899149
v 0.0892975816 0.0111605402 0.35695448
v 0.0960743817 0.0115602354 0.355381928
v 0.0962659212 0.0117333306 0.355400471
v 0.0964135781 0.0113549433 0.356068035
v 0.0965129403 0.0115493411 0.356207049
v 0.0966360683 0.0108944628 0.35676366
v 0.0960300356 0.0108101123 0.356338931
v 0.0893960804 0.0106366451 0.357399761
v 0.0962100424 0.011212639 0.355995196
v 0.0965243825 0.0107655566 0.35656898
v 0.0960935552 0.0102578353 0.356626131
v 0.0894499231 0.00998835944 0.357643238
v 0.0963118336 0.0106711964 0.356455394
v 0.0965673929 0.0103393787 0.356763355
v 0.0967033899 0.0100840996 0.357068002
v 0.0963513424 0.0102796873 0.356633968
v 0.0961171117 0.00964165482 0.35673263
v 0.0894526614 0.00929387146 0.357655536
v 0.0965849828 0.010036218 0.356842881
v 0.0963674953 0.0100011829 0.356707026
v 0.0965938962 0.00964620272 0.356883172
v 0.096706774 0.00921599641 0.357083368
v 0.0963756811 0.00964287605 0.356744038
v 0.0960983949 0.00902196481 0.356648011
v 0.0894039039 0.00863698082 0.357435168
v 0.0963703063 0.00928343971 0.356719729
v 0.0965880485 0.0092549369 0.356856715
v 0.0960392327 0.00845937344 0.356380556
v 0.0893095807 0.00809688066 0.357008724
v 0.0963563367 0.00900240352 0.356656581
v 0.096572842 0.00894902887 0.356787973
v 0.0966458568 0.00839485952 0.356807909
v 0.0962951828 0.00842098276 0.35638016
v 0.0965062767 0.00831612444 0.356487085
v 0.0965279504 0.00771974995 0.356274852
v 0.0959454278 0.00800896424 0.355956438
v 0.0891810329 0.00773872605 0.356427623
v 0.096198231 0.00795546742 0.355941845
v 0.0960749583 0.00765148177 0.355384516
v 0.0964007302 0.00780938056 0.356009952
v 0.0963672703 0.00727205726 0.355548486
v 0.0958261387 0.00771480625 0.355417178
v 0.089033804 0.00760572996 0.355761973
v 0.0956930614 0.00760573613 0.354815563
v 0.0959374336 0.00753874979 0.354762751
v 0.0961168317 0.00735576699 0.354726467
v 0.0962665436 0.0074784784 0.355403285
v 0.0961832159 0.0071058282 0.354716424
v 0.0428639061 0.0350391411 0.321357065
v 0.0428639131 0.0377788531 0.325539636
v 0.0412148668 0.0379925079 0.325039224
v 0.044512946 0.0372347562 0.325535562
v 0.039764741 0.0378499297 0.32409469
v 0.0459630816 0.0364258597 0.325027505
v 0.0386884087 0.0373682967 0.322819956
v 0.047039415 0.0354496635 0.32407673
v 0.0381156958 0.0366057848 0.321368784
v 0.0476121201 0.0344239677 0.322797921
v 0.0381156965 0.0356542783 0.319916178
v 0.0476121209 0.0334724929 0.321345345
v 0.0386884108 0.0346285847 0.318637384
v 0.0470394171 0.032709947 0.319894174
v 0.0397647442 0.0336524158 0.317686624
v 0.0459630848 0.0322283481 0.318619424
v 0.0412148707 0.0328434897 0.317178566
v 0.0445129499 0.0320857698 0.317674905
v 0.0428639172 0.0322993905 0.317174493
v 0.0854453932 0.0353792246 0.433136325
v 0.0854453956 0.0332946008 0.437681024
v 0.0840249547 0.0342858397 0.437803952
v 0.0868658361 0.0325547622 0.437009908
v 0.0827758352 0.0354089761 0.437363911
v 0.0881149548 0.0321556248 0.435871593
v 0.0818487133 0.0365285452 0.436413944
v 0.0890420755 0.0321452802 0.434403359
v 0.0813553931 0.0375094691 0.435068674
v 0.089535394 0.0325250108 0.432782312
v 0.0813553923 0.0382334385 0.433490319
v 0.0895353932 0.0332489801 0.431203957
v 0.0818487109 0.0386131668 0.431869254
v 0.0890420731 0.0342299063 0.429858669
v 0.0827758316 0.038602854 0.43040102
v 0.0881149511 0.0353494732 0.42890872
v 0.0840249502 0.0382036871 0.429262714
v 0.0868658316 0.0364726095 0.428468661
v 0.0854453908 0.0374638485 0.428591607
v -0.0148896409 0.0813553944 0.404778284
v -0.0109777758 0.0816976047 0.401464054
v -0.00994306564 0.0817881821 0.402854175
v -0.0124234949 0.0815711382 0.400512668
v -0.00944399621 0.0818318201 0.404515581
v -0.0141060873 0.0814239167 0.4001146
v -0.00954566532 0.0818229068 0.406269291
v -0.0158228848 0.081273712 0.4003178
v -0.0102333502 0.0817627339 0.407861362
v -0.0173670988 0.0811386415 0.401097801
v -0.0114217105 0.0816587866 0.409121622
v -0.0185527309 0.0810348761 0.40236063
v -0.0129676111 0.081523525 0.409898248
v -0.0192369692 0.0809750579 0.40395421
v -0.0146848446 0.0813733204 0.41009771
v -0.0193373988 0.0809662719 0.405686575
v -0.0163665695 0.0812261626 0.409695968
v -0.0188419269 0.0810096097 0.407349072
v -0.0178102266 0.081099878 0.408741435
v -0.0148895046 -0.0806593699 0.404778275
v -0.00994292828 -0.0810921575 0.402854165
v -0.0109776387 -0.0810015817 0.401464044
v -0.0124233576 -0.0808751178 0.400512658
v -0.00944385878 -0.0811358038 0.404515571
v -0.0141059505 -0.0807278993 0.400114591
v -0.0095455279 -0.0811268818 0.406269282
v -0.015822748 -0.0805776979 0.40031779
v -0.0102332129 -0.0810667013 0.407861352
v -0.0173669623 -0.0804426302 0.401097791
v -0.0114215734 -0.0809627654 0.409121612
v -0.0185525957 -0.0803388762 0.40236062
v -0.0129674738 -0.0808275159 0.409898239
v -0.0192368341 -0.0802790504 0.4039542
v -0.0146847076 -0.0806773053 0.4100977
v -0.0193372637 -0.0802702649 0.405686565
v -0.0163664334 -0.0805301505 0.409695958
v -0.0188417918 -0.0803136019 0.407349062
v -0.0178100901 -0.0804038684 0.408741426
v 0.0872672762 0.0101549783 0.314457278
v 0.0856370704 0.0101556703 0.314820018
v 0.0854715641 0.00617451285 0.314070544
v 0.0871017608 0.00617382088 0.313707803
v 0.087449601 0.0120168554 0.315281558
v 0.0855516374 -0.00520039978 0.314071061
v 0.0858194043 0.0120175473 0.315644297
v 0.0871818341 -0.00520109176 0.313708322
v 0.0875519551 0.0125622499 0.315744288
v 0.0856272661 -0.00972746035 0.3147745
v 0.0859217493 0.0125629408 0.316107028
v 0.0872574446 -0.00972815232 0.314411759
v 0.0879664293 0.013607378 0.317618083
v 0.0858475841 -0.0117322642 0.3157716
v 0.0863362417 0.01360807 0.317980822
v 0.0874777899 -0.0117329562 0.31540886
v 0.0885360092 0.0143155804 0.320190447
v 0.0860174148 -0.0124781204 0.316539399
v 0.0869058034 0.0143162712 0.320553188
v 0.0876476206 -0.0124788135 0.31617666
v 0.0907502743 0.0156206342 0.330201579
v 0.0865590748 -0.0135647117 0.318988114
v 0.0891200685 0.0156213273 0.330564319
v 0.0881892715 -0.0135654037 0.318625375
v 0.0939689044 0.0167311249 0.344752471
v 0.0911535195 -0.0156610648 0.339756028
v 0.0923386986 0.0167318169 0.345115214
v 0.0927837163 -0.0156617556 0.339393288
v 0.101017809 0.0186801587 0.376618816
v 0.0980747896 -0.0176114253 0.371046795
v 0.0993876127 0.0186808507 0.376981559
v 0.0997049954 -0.0176121162 0.370684047
v 0.108066442 0.0206291437 0.408484713
v 0.104997251 -0.019562036 0.402341461
v 0.106436245 0.0206298357 0.408847456
v 0.106627439 -0.0195627257 0.401978722
v 0.110456104 0.0209836663 0.419289892
v 0.107471043 -0.0203352619 0.413525412
v 0.108825907 0.020984356 0.419652644
v 0.109101239 -0.0203359539 0.413162669
v 0.111276314 0.0206012038 0.422997893
v 0.109160985 -0.020543783 0.42116725
v 0.109646108 0.0206018935 0.423360626
v 0.110791182 -0.0205444727 0.420804516
v 0.111508891 0.0202761642 0.424049296
v 0.10961525 -0.0201975016 0.423220926
v 0.109878685 0.0202768561 0.424412039
v 0.111245456 -0.0201981913 0.422858174
v 0.111863276 0.0192396927 0.425651471
v 0.110144512 -0.0192718265 0.425613652
v 0.11023308 0.0192403824 0.426014204
v 0.111774718 -0.0192725162 0.425250909
v 0.112105449 0.0178503167 0.426746256
v 0.110271113 -0.0188055569 0.426186024
v 0.110475261 0.0178510064 0.427109
v 0.111901319 -0.0188062488 0.425823281
v 0.112375927 0.0142371986 0.427968308
v 0.110473366 -0.0175267035 0.427100366
v 0.11074574 0.0142378894 0.428331051
v 0.112103572 -0.0175273955 0.426737623
v 0.112515567 0.00890070072 0.428599561
v 0.110595255 -0.0163773305 0.427651384
v 0.110885379 0.00890139326 0.428962294
v 0.112225443 -0.0163780202 0.427288641
v 0.112501323 -0.00951848316 0.428535031
v 0.110871108 -0.00951779119 0.428897774
v 0.087010884 0.00624366434 0.313314906
v 0.0853806782 0.00624435631 0.313677645
v 0.0855577258 0.0104105801 0.314461367
v 0.0870880103 -0.00494695679 0.313315293
v 0.0871879225 0.0104098881 0.314098628
v 0.0854578045 -0.00494626482 0.313678034
v 0.0856950037 0.0118151505 0.31508189
v 0.0871819113 -0.0100283277 0.314103325
v 0.0873251913 0.0118144586 0.314719149
v 0.0855517237 -0.0100276346 0.314466066
v 0.0859156462 0.0130030442 0.316079463
v 0.0873987549 -0.0119371333 0.315051522
v 0.087545852 0.0130023522 0.315716724
v 0.08576854 -0.0119364413 0.315414262
v 0.086303927 0.0139820383 0.317834689
v 0.0875992449 -0.0128177277 0.315958016
v 0.0879341237 0.0139813452 0.31747195
v 0.0859690573 -0.0128170357 0.316320756
v 0.0869266941 0.0147571409 0.320650187
v 0.0881673349 -0.0139573334 0.318526208
v 0.0885568817 0.0147564489 0.320287447
v 0.0865371473 -0.0139566403 0.318888948
v 0.0888592614 0.0158970769 0.329386973
v 0.0927762769 -0.0160605611 0.339362382
v 0.090489449 0.0158963837 0.329024234
v 0.0911460711 -0.0160598703 0.339725122
v 0.0923327956 0.0171310021 0.345090209
v 0.0996993569 -0.0180113776 0.37066041
v 0.0939629832 0.0171303102 0.344727466
v 0.0980691602 -0.0180106868 0.371023153
v 0.0993820098 0.0190801383 0.376958381
v 0.106621555 -0.0199619485 0.401954462
v 0.101012197 0.0190794486 0.376595638
v 0.104991376 -0.0199612565 0.402317205
v 0.106431306 0.0210293222 0.408827047
v 0.109442719 -0.0207777635 0.414708383
v 0.108061494 0.0210286325 0.408464295
v 0.107812513 -0.0207770716 0.415071117
v 0.108980694 0.0213683221 0.420352391
v 0.110847825 -0.0209473402 0.42106063
v 0.11061089 0.0213676324 0.419989657
v 0.109217638 -0.0209466482 0.421423373
v 0.109497415 0.0211266196 0.422688392
v 0.11126381 -0.0206286825 0.422941192
v 0.111127611 0.0211259299 0.422325658
v 0.109633604 -0.0206279928 0.423303926
v 0.109975482 0.0204668633 0.424849669
v 0.111706552 -0.0198554752 0.424942808
v 0.11160567 0.0204661736 0.424486917
v 0.110076364 -0.0198547832 0.425305551
v 0.110291333 0.0195431715 0.426277494
v 0.11202562 -0.0186973231 0.42638523
v 0.11192152 0.0195424795 0.42591476
v 0.110395432 -0.0186966311 0.426747973
v 0.110573842 0.0179222915 0.427554716
v 0.112177768 -0.0177353071 0.427073045
v 0.112204029 0.0179216007 0.427191963
v 0.110547563 -0.0177346163 0.427435779
v 0.110810513 0.0147651259 0.428624663
v 0.112304806 -0.0165372909 0.427647391
v 0.112440719 0.0147644328 0.428261911
v 0.1106746 -0.0165365989 0.428010125
v 0.110965397 0.00888276118 0.429324801
v 0.112581668 -0.00964676224 0.428899056
v 0.112595584 0.00888206864 0.428962058
v 0.110951462 -0.00964606913 0.429261799
v 0.0855516374 -0.00520039978 0.314071061
v 0.0854578045 -0.00494626482 0.313678034
v 0.0855517237 -0.0100276346 0.314466066
v 0.0856272661 -0.00972746035 0.3147745
v 0.0854715641 0.00617451285 0.314070544
v 0.08576854 -0.0119364413 0.315414262
v 0.0853806782 0.00624435631 0.313677645
v 0.0858475841 -0.0117322642 0.3157716
v 0.0856370704 0.0101556703 0.314820018
v 0.0859690573 -0.0128170357 0.316320756
v 0.0855577258 0.0104105801 0.314461367
v 0.0860174148 -0.0124781204 0.316539399
v 0.0858194043 0.0120175473 0.315644297
v 0.0865371473 -0.0139566403 0.318888948
v 0.0856950037 0.0118151505 0.31508189
v 0.0865590748 -0.0135647117 0.318988114
v 0.0859217493 0.0125629408 0.316107028
v 0.0911460711 -0.0160598703 0.339725122
v 0.0859156462 0.0130030442 0.316079463
v 0.0911535195 -0.0156610648 0.339756028
v 0.0863362417 0.01360807 0.317980822
v 0.0980691602 -0.0180106868 0.371023153
v 0.086303927 0.0139820383 0.317834689
v 0.0980747896 -0.0176114253 0.371046795
v 0.0869058034 0.0143162712 0.320553188
v 0.104991376 -0.0199612565 0.402317205
v 0.0869266941 0.0147571409 0.320650187
v 0.104997251 -0.019562036 0.402341461
v 0.0891200685 0.0156213273 0.330564319
v 0.107812513 -0.0207770716 0.415071117
v 0.0888592614 0.0158970769 0.329386973
v 0.107471043 -0.0203352619 0.413525412
v 0.0923386986 0.0167318169 0.345115214
v 0.109217638 -0.0209466482 0.421423373
v 0.0923327956 0.0171310021 0.345090209
v 0.109160985 -0.020543783 0.42116725
v 0.0993876127 0.0186808507 0.376981559
v 0.109633604 -0.0206279928 0.423303926
v 0.0993820098 0.0190801383 0.376958381
v 0.10961525 -0.0201975016 0.423220926
v 0.106436245 0.0206298357 0.408847456
v 0.110076364 -0.0198547832 0.425305551
v 0.106431306 0.0210293222 0.408827047
v 0.110144512 -0.0192718265 0.425613652
v 0.108825907 0.020984356 0.419652644
v 0.110395432 -0.0186966311 0.426747973
v 0.108980694 0.0213683221 0.420352391
v 0.110271113 -0.0188055569 0.426186024
v 0.109646108 0.0206018935 0.423360626
v 0.110547563 -0.0177346163 0.427435779
v 0.109497415 0.0211266196 0.422688392
v 0.110473366 -0.0175267035 0.427100366
v 0.109878685 0.0202768561 0.424412039
v 0.1106746 -0.0165365989 0.428010125
v 0.109975482 0.0204668633 0.424849669
v 0.110595255 -0.0163773305 0.427651384
v 0.11023308 0.0192403824 0.426014204
v 0.110951462 -0.00964606913 0.429261799
v 0.110291333 0.0195431715 0.426277494
v 0.110871108 -0.00951779119 0.428897774
v 0.110475261 0.0178510064 0.427109
v 0.110965397 0.00888276118 0.429324801
v 0.110573842 0.0179222915 0.427554716
v 0.110885379 0.00890139326 0.428962294
v 0.11074574 0.0142378894 0.428331051
v 0.110810513 0.0147651259 0.428624663
v 0.10782236 0.0121263124 0.411964994
v 0.108069535 0.00957302741 0.413082426
v 0.108569686 0.00800262346 0.415343521
v 0.107236371 0.0128099656 0.409315836
v 0.108613345 0.00521191304 0.415540899
v 0.106815491 0.0148178412 0.407413137
v 0.108967341 0.00294415126 0.417141192
v 0.106214333 0.0145323185 0.404695421
v 0.108802224 0.000252622819 0.416394714
v 0.105670527 0.0157526238 0.402236939
v 0.108967346 -0.00243893696 0.417141191
v 0.105126713 0.0145323178 0.399778479
v 0.108613354 -0.00470666736 0.415540899
v 0.104525555 0.0148178397 0.397060746
v 0.108569701 -0.00749737813 0.41534352
v 0.104104688 0.0128099647 0.395158055
v 0.108069553 -0.00906781399 0.413082425
v 0.103518691 0.0121263107 0.392508879
v 0.107822381 -0.0116210674 0.411964993
v 0.103271511 0.00957302544 0.391391469
v 0.107236394 -0.0123047533 0.409315835
v 0.102771381 0.00800262083 0.389130375
v 0.106815518 -0.014312626 0.407413135
v 0.102727701 0.00521190978 0.388932987
v 0.10621436 -0.0140271053 0.40469542
v 0.102373736 0.00294414783 0.38733269
v 0.105670555 -0.0152473805 0.402236937
v 0.102538849 0.000252619214 0.388079162
v 0.10512674 -0.014027106 0.399778478
v 0.102373741 -0.00243894039 0.387332689
v 0.104525582 -0.0143126275 0.397060744
v 0.10272771 -0.00470667061 0.388932986
v 0.104104711 -0.0123047542 0.395158054
v 0.102771395 -0.00749738132 0.389130374
v 0.103518713 -0.0116210702 0.392508878
v 0.103271528 -0.00906781597 0.391391468
v 0.103137439 0.00311779334 0.386155153
v 0.102373741 -0.00243894039 0.387332689
v 0.102373736 0.00294414783 0.38733269
v 0.103137444 -0.00261258492 0.386155153
v 0.103560731 0.00850262153 0.388068803
v 0.102771395 -0.00749738132 0.389130374
v 0.102771381 0.00800262083 0.389130375
v 0.103560746 -0.00799738101 0.388068802
v 0.104356254 0.0128923324 0.391665286
v 0.103518713 -0.0116210702 0.392508878
v 0.103518691 0.0121263107 0.392508879
v 0.104356277 -0.0123871517 0.391665285
v 0.105428073 0.0157575375 0.39651082
v 0.104525582 -0.0143126275 0.397060744
v 0.104525555 0.0148178397 0.397060746
v 0.105428101 -0.0152523246 0.396510818
v 0.106646914 0.0167526222 0.40202097
v 0.105670555 -0.0152473805 0.402236937
v 0.105670527 0.0157526238 0.402236939
v 0.106646944 -0.0162473828 0.402020969
v 0.107865757 0.015757539 0.407531098
v 0.106815518 -0.014312626 0.407413135
v 0.106815491 0.0148178412 0.407413137
v 0.107865785 -0.0152523242 0.407531097
v 0.108937591 0.0128923343 0.412376649
v 0.107822381 -0.0116210674 0.411964993
v 0.10782236 0.0121263124 0.411964994
v 0.108937614 -0.0123871499 0.412376648
v 0.10973313 0.00850262497 0.415973137
v 0.108569701 -0.00749737813 0.41534352
v 0.108569686 0.00800262346 0.415343521
v 0.109733145 -0.00799737814 0.415973136
v 0.110156423 0.00311779761 0.417886777
v 0.108967346 -0.00243893696 0.417141191
v 0.108967341 0.00294415126 0.417141192
v 0.110156429 -0.00261258064 0.417886777
vt 0.319580078 0.808105469
vt 0.337158203 0.803710938
vt 0.3515625 0.782226562
vt 0.3515625 0.782226562
vt 0.359863281 0.798828125
vt 0.364990234 0.791015625
vt 0.377685547 0.740722656
vt 0.382568359 0.762695312
vt 0.395507812 0.731933594
vt 0.388183594 0.693359375
vt 0.399658203 0.71484375
vt 0.401611328 0.697265625
vt 0.382324219 0.645019531
vt 0.400146484 0.663574219
vt 0.386962891 0.617675781
vt 0.362548828 0.600097656
vt 0.361816406 0.576171875
vt 0.330810547 0.562988281
vt 0.324707031 0.542480469
vt 0.321044922 0.554199219
vt 0.319580078 0.556152344
vt 0.177856445 0.00295257568
vt 0.188354492 0.0668945312
vt 0.178344727 0.00288009644
vt 0.187988281 0.0670166016
vt 0.177490234 0.00302505493
vt 0.188598633 0.0684204102
vt 0.1875 0.0671386719
vt 0.177001953 0.00309753418
vt 0.188110352 0.0684814453
vt 0.188232422 0.0699462891
vt 0.188720703 0.0698852539
vt 0.188720703 0.0713500977
vt 0.187011719 0.067199707
vt 0.165161133 0.00573348999
vt 0.173950195 0.0681762695
vt 0.18762207 0.0685424805
vt 0.187133789 0.0684204102
vt 0.178466797 0.0685424805
vt 0.173950195 0.0706787109
vt 0.187255859 0.0697021484
vt 0.187744141 0.0699462891
vt 0.187255859 0.0709838867
vt 0.173950195 0.0719604492
vt 0.187866211 0.0714111328
vt 0.18737793 0.072265625
vt 0.173950195 0.0732421875
vt 0.188354492 0.0713500977
vt 0.188354492 0.0722045898
vt 0.188720703 0.0727539062
vt 0.187866211 0.072265625
vt 0.18737793 0.0735473633
vt 0.174072266 0.0745849609
vt 0.188354492 0.0728149414
vt 0.187866211 0.0728149414
vt 0.188354492 0.0734863281
vt 0.188842773 0.0741577148
vt 0.187866211 0.0734863281
vt 0.18737793 0.0748291016
vt 0.174072266 0.0758666992
vt 0.187866211 0.07421875
vt 0.188354492 0.07421875
vt 0.1875 0.0761108398
vt 0.174194336 0.0771484375
vt 0.187988281 0.0747680664
vt 0.188476562 0.0747680664
vt 0.188964844 0.0755615234
vt 0.187988281 0.0760498047
vt 0.188476562 0.0760498047
vt 0.188964844 0.0770874023
vt 0.1875 0.0773925781
vt 0.174194336 0.0784301758
vt 0.187988281 0.0773925781
vt 0.188476562 0.0773925781
vt 0.188964844 0.0786132812
vt 0.1875 0.0786743164
vt 0.174316406 0.0797729492
vt 0.187988281 0.0786743164
vt 0.188476562 0.0787353516
vt 0.188842773 0.0801391602
vt 0.18737793 0.0798950195
vt 0.168945312 0.141845703
vt 0.188354492 0.0800170898
vt 0.187866211 0.0799560547
vt 0.181152344 0.145629883
vt 0.182128906 0.145629883
vt 0.182617188 0.145629883
vt 0.182495117 0.147216797
vt 0.181640625 0.145629883
vt 0.181030273 0.146850586
vt 0.168701172 0.143066406
vt 0.182006836 0.147094727
vt 0.182128906 0.148681641
vt 0.180786133 0.148071289
vt 0.168334961 0.144287109
vt 0.181518555 0.147094727
vt 0.181762695 0.14855957
vt 0.181762695 0.150024414
vt 0.181274414 0.1484375
vt 0.180541992 0.149291992
vt 0.16796875 0.145507812
vt 0.180908203 0.149780273
vt 0.180175781 0.150512695
vt 0.167602539 0.146728516
vt 0.181396484 0.149902344
vt 0.181152344 0.150756836
vt 0.181396484 0.151367188
vt 0.180664062 0.150634766
vt 0.17980957 0.151611328
vt 0.167236328 0.147949219
vt 0.180541992 0.151123047
vt 0.180908203 0.151245117
vt 0.180786133 0.151977539
vt 0.180908203 0.152832031
vt 0.180297852 0.151855469
vt 0.179321289 0.152832031
vt 0.166748047 0.149169922
vt 0.180053711 0.15246582
vt 0.180541992 0.152587891
vt 0.178833008 0.153930664
vt 0.166259766 0.150390625
vt 0.17980957 0.152954102
vt 0.180297852 0.153198242
vt 0.180419922 0.154174805
vt 0.178344727 0.155151367
vt 0.165649414 0.151489258
vt 0.179321289 0.154174805
vt 0.17980957 0.154418945
vt 0.1796875 0.155517578
vt 0.177612305 0.15612793
vt 0.165161133 0.152709961
vt 0.177001953 0.157104492
vt 0.177368164 0.157470703
vt 0.178710938 0.155395508
vt 0.179199219 0.155639648
vt 0.178955078 0.156860352
vt 0.178100586 0.156494141
vt 0.177734375 0.157714844
vt 0.178466797 0.156738281
vt 0.177978516 0.158081055
vt 0.281494141 0.162475586
vt 0.282714844 0.161743164
vt 0.282226562 0.161376953
vt 0.281982422 0.162719727
vt 0.282958984 0.161987305
vt 0.28125 0.16394043
vt 0.280761719 0.163696289
vt 0.282226562 0.163085938
vt 0.280761719 0.165161133
vt 0.280273438 0.164916992
vt 0.282714844 0.163330078
vt 0.283447266 0.162353516
vt 0.295166016 0.166503906
vt 0.294677734 0.167602539
vt 0.282226562 0.164428711
vt 0.294189453 0.168823242
vt 0.281738281 0.16418457
vt 0.280273438 0.166259766
vt 0.279785156 0.166137695
vt 0.281005859 0.165283203
vt 0.281494141 0.165527344
vt 0.293701172 0.170043945
vt 0.279785156 0.167480469
vt 0.279296875 0.167358398
vt 0.280761719 0.166503906
vt 0.281005859 0.166625977
vt 0.293457031 0.171264648
vt 0.279296875 0.168701172
vt 0.278808594 0.168579102
vt 0.279052734 0.170043945
vt 0.278564453 0.169921875
vt 0.278320312 0.171142578
vt 0.280273438 0.167724609
vt 0.280761719 0.16784668
vt 0.29296875 0.172485352
vt 0.279785156 0.168823242
vt 0.280273438 0.169067383
vt 0.292480469 0.173706055
vt 0.279541016 0.170166016
vt 0.280029297 0.170166016
vt 0.292236328 0.174926758
vt 0.279296875 0.171386719
vt 0.279785156 0.171508789
vt 0.291992188 0.176147461
vt 0.279541016 0.172729492
vt 0.291748047 0.177368164
vt 0.278808594 0.171264648
vt 0.278564453 0.172607422
vt 0.278076172 0.172485352
vt 0.277832031 0.173828125
vt 0.279052734 0.172607422
vt 0.278808594 0.173828125
vt 0.279296875 0.173950195
vt 0.275146484 0.227661133
vt 0.288085938 0.227783203
vt 0.288330078 0.229003906
vt 0.278320312 0.173828125
vt 0.274169922 0.227539062
vt 0.273681641 0.227416992
vt 0.2734375 0.228881836
vt 0.274658203 0.227661133
vt 0.273925781 0.228881836
vt 0.274414062 0.228881836
vt 0.273925781 0.230102539
vt 0.2734375 0.230102539
vt 0.275146484 0.229003906
vt 0.274414062 0.230102539
vt 0.273925781 0.231445312
vt 0.273681641 0.231445312
vt 0.275146484 0.23046875
vt 0.288330078 0.23034668
vt 0.274414062 0.231445312
vt 0.274169922 0.232788086
vt 0.273681641 0.232788086
vt 0.275146484 0.231811523
vt 0.288574219 0.231689453
vt 0.274658203 0.232788086
vt 0.274169922 0.233398438
vt 0.273681641 0.234130859
vt 0.275146484 0.233276367
vt 0.288574219 0.232910156
vt 0.274658203 0.233276367
vt 0.274169922 0.234008789
vt 0.275146484 0.234741211
vt 0.288574219 0.23425293
vt 0.274658203 0.234008789
vt 0.274169922 0.234741211
vt 0.273681641 0.235351562
vt 0.274658203 0.234741211
vt 0.275146484 0.236206055
vt 0.288574219 0.235595703
vt 0.274169922 0.235351562
vt 0.274658203 0.235351562
vt 0.274169922 0.236206055
vt 0.273681641 0.236694336
vt 0.274658203 0.236206055
vt 0.275146484 0.237670898
vt 0.288574219 0.236816406
vt 0.274658203 0.237670898
vt 0.274169922 0.237670898
vt 0.273681641 0.238037109
vt 0.274414062 0.239135742
vt 0.273925781 0.239379883
vt 0.275390625 0.239013672
vt 0.288574219 0.23815918
vt 0.274902344 0.239135742
vt 0.275390625 0.240356445
vt 0.288574219 0.239501953
vt 0.295166016 0.290039062
vt 0.283447266 0.292480469
vt 0.274902344 0.240478516
vt 0.282958984 0.292480469
vt 0.274414062 0.240600586
vt 0.274169922 0.240722656
vt 0.282714844 0.292724609
vt 0.282226562 0.292724609
vt 0.0279998779 0.234741211
vt 0.0309143066 0.236572266
vt 0.0353088379 0.22668457
vt 0.0417785645 0.23034668
vt 0.0338439941 0.238647461
vt 0.0367431641 0.240722656
vt 0.0422058105 0.229736328
vt 0.0356445312 0.226074219
vt 0.035949707 0.225463867
vt 0.0479125977 0.235107422
vt 0.0405578613 0.244140625
vt 0.0441589355 0.247680664
vt 0.0426330566 0.229125977
vt 0.0362243652 0.224731445
vt 0.0484313965 0.23449707
vt 0.0534057617 0.240600586
vt 0.0473022461 0.251464844
vt 0.0581054688 0.247070312
vt 0.0486755371 0.253662109
vt 0.0504455566 0.256347656
vt 0.0621337891 0.25390625
vt 0.0522766113 0.259765625
vt 0.0535888672 0.262451172
vt 0.0656738281 0.261474609
vt 0.0553283691 0.267089844
vt 0.0570983887 0.272460938
vt 0.0489501953 0.233886719
vt 0.0682373047 0.26953125
vt 0.0583190918 0.277587891
vt 0.0540161133 0.240112305
vt 0.0430297852 0.228515625
vt 0.0364685059 0.224121094
vt 0.0434570312 0.227905273
vt 0.0367126465 0.223388672
vt 0.0494689941 0.233276367
vt 0.0438537598 0.227294922
vt 0.0369567871 0.22265625
vt 0.0698852539 0.277832031
vt 0.0590209961 0.282958984
vt 0.0706787109 0.286376953
vt 0.059173584 0.286376953
vt 0.0592346191 0.289794922
vt 0.0704956055 0.294677734
vt 0.0590515137 0.293212891
vt 0.0587158203 0.297851562
vt 0.069519043 0.303222656
vt 0.0583496094 0.300292969
vt 0.0574035645 0.305419922
vt 0.0442504883 0.22668457
vt 0.0372619629 0.222045898
vt 0.067565918 0.311279297
vt 0.0559692383 0.310791016
vt 0.0446472168 0.226074219
vt 0.0509643555 0.231689453
vt 0.0375976562 0.221435547
vt 0.0458374023 0.225952148
vt 0.0533752441 0.231811523
vt 0.0599060059 0.239013672
vt 0.0504760742 0.232177734
vt 0.0592956543 0.239501953
vt 0.0625 0.242797852
vt 0.0587158203 0.239990234
vt 0.0619812012 0.244506836
vt 0.0499572754 0.232788086
vt 0.0645751953 0.247314453
vt 0.065246582 0.246948242
vt 0.0673217773 0.250976562
vt 0.0639648438 0.247680664
vt 0.0558166504 0.238647461
vt 0.0552368164 0.239135742
vt 0.056427002 0.23815918
vt 0.0546264648 0.239624023
vt 0.0563049316 0.241821289
vt 0.0569152832 0.241333008
vt 0.0575256348 0.240844727
vt 0.0581054688 0.240356445
vt 0.0556640625 0.24230957
vt 0.0594177246 0.24621582
vt 0.0613708496 0.244873047
vt 0.0607299805 0.245361328
vt 0.0600891113 0.245727539
vt 0.0633544922 0.248046875
vt 0.0587768555 0.246582031
vt 0.0606689453 0.249633789
vt 0.061340332 0.249267578
vt 0.0620117188 0.248779297
vt 0.0628662109 0.253417969
vt 0.0648193359 0.257568359
vt 0.0635375977 0.253173828
vt 0.0626831055 0.248413086
vt 0.0642089844 0.252685547
vt 0.0654907227 0.257080078
vt 0.06640625 0.261230469
vt 0.0648803711 0.252441406
vt 0.0679321289 0.265625
vt 0.0662231445 0.256835938
vt 0.0671386719 0.260986328
vt 0.0678710938 0.260742188
vt 0.0687255859 0.265380859
vt 0.0689697266 0.269287109
vt 0.0701293945 0.274414062
vt 0.0697631836 0.269287109
vt 0.0669555664 0.256591797
vt 0.0694580078 0.265380859
vt 0.0685424805 0.260498047
vt 0.0676269531 0.256103516
vt 0.0692749023 0.260253906
vt 0.0701904297 0.265136719
vt 0.0704956055 0.269042969
vt 0.0716552734 0.273925781
vt 0.0708618164 0.274169922
vt 0.071472168 0.277587891
vt 0.0655517578 0.251953125
vt 0.0662231445 0.251708984
vt 0.0682983398 0.255859375
vt 0.0712280273 0.268798828
vt 0.0706787109 0.277832031
vt 0.0712890625 0.282958984
vt 0.0689697266 0.255615234
vt 0.0696411133 0.255371094
vt 0.0711669922 0.259521484
vt 0.0699462891 0.260009766
vt 0.0709228516 0.264892578
vt 0.0715942383 0.264648438
vt 0.0719604492 0.268554688
vt 0.0723266602 0.264404297
vt 0.0729980469 0.264160156
vt 0.0739746094 0.268066406
vt 0.0726928711 0.268554688
vt 0.0731201172 0.273681641
vt 0.0738525391 0.273681641
vt 0.0723876953 0.273925781
vt 0.0729980469 0.27734375
vt 0.0745849609 0.2734375
vt 0.0753173828 0.2734375
vt 0.0758666992 0.277099609
vt 0.0737304688 0.27734375
vt 0.0744628906 0.277099609
vt 0.072265625 0.277587891
vt 0.0728149414 0.282958984
vt 0.0736083984 0.282958984
vt 0.0743408203 0.282958984
vt 0.0751342773 0.282714844
vt 0.0720825195 0.282958984
vt 0.071472168 0.286376953
vt 0.072265625 0.286132812
vt 0.0714111328 0.291992188
vt 0.0729980469 0.286132812
vt 0.0737915039 0.286132812
vt 0.0722045898 0.291992188
vt 0.0712890625 0.294921875
vt 0.0706787109 0.30078125
vt 0.0745239258 0.286132812
vt 0.0729980469 0.291992188
vt 0.0720825195 0.294921875
vt 0.0728149414 0.294921875
vt 0.0737915039 0.291992188
vt 0.0745239258 0.291992188
vt 0.0753173828 0.286132812
vt 0.0714111328 0.30078125
vt 0.0758666992 0.282714844
vt 0.0765991211 0.282714844
vt 0.0766601562 0.286132812
vt 0.0752563477 0.292236328
vt 0.0760498047 0.292236328
vt 0.0767822266 0.292236328
vt 0.0757446289 0.295166016
vt 0.0759277344 0.301513672
vt 0.0750732422 0.295166016
vt 0.0751342773 0.301513672
vt 0.0743408203 0.294921875
vt 0.0747070312 0.303955078
vt 0.0741577148 0.310546875
vt 0.0736083984 0.294921875
vt 0.0722045898 0.301025391
vt 0.0729370117 0.301025391
vt 0.0736694336 0.301269531
vt 0.0744628906 0.301269531
vt 0.0739746094 0.303955078
vt 0.0725097656 0.303710938
vt 0.0710449219 0.303466797
vt 0.0732421875 0.303710938
vt 0.0717773438 0.303466797
vt 0.0702514648 0.303222656
vt 0.0712280273 0.310058594
vt 0.0719604492 0.310058594
vt 0.0697021484 0.309570312
vt 0.0689697266 0.309326172
vt 0.0726928711 0.310302734
vt 0.0704956055 0.309814453
vt 0.0692138672 0.318847656
vt 0.073425293 0.310546875
vt 0.0684814453 0.318603516
vt 0.0677490234 0.318359375
vt 0.0670776367 0.318115234
vt 0.0663452148 0.317871094
vt 0.0698852539 0.319335938
vt 0.0706176758 0.319580078
vt 0.0712890625 0.319824219
vt 0.0653686523 0.327392578
vt 0.0646972656 0.326904297
vt 0.0640258789 0.326660156
vt 0.0667114258 0.328125
vt 0.0673828125 0.328369141
vt 0.0623779297 0.336425781
vt 0.0660400391 0.327636719
vt 0.0611572266 0.335693359
vt 0.060546875 0.335205078
vt 0.0617675781 0.3359375
vt 0.0599365234 0.334716797
vt 0.0633544922 0.326416016
vt 0.055847168 0.343261719
vt 0.0563659668 0.34375
vt 0.0493774414 0.350097656
vt 0.0552978516 0.342773438
vt 0.0547485352 0.342285156
vt 0.0593261719 0.334228516
vt 0.0541992188 0.341796875
vt 0.0626831055 0.325927734
vt 0.0586853027 0.333984375
vt 0.0536499023 0.341308594
vt 0.0475463867 0.347900391
vt 0.0480041504 0.348388672
vt 0.0648803711 0.319335938
vt 0.057434082 0.318115234
vt 0.0530700684 0.318115234
vt 0.0612182617 0.326904297
vt 0.0509643555 0.322021484
vt 0.0492553711 0.324951172
vt 0.0580749512 0.333496094
vt 0.0567016602 0.333984375
vt 0.0473327637 0.327636719
vt 0.0458679199 0.329589844
vt 0.0531005859 0.340820312
vt 0.0513305664 0.340332031
vt 0.0418395996 0.333984375
vt 0.0525512695 0.340332031
vt 0.047088623 0.347412109
vt 0.0451965332 0.345947266
vt 0.0380554199 0.337158203
vt 0.0340576172 0.340087891
vt 0.0466308594 0.346679688
vt 0.0461730957 0.346191406
vt 0.0393981934 0.3515625
vt 0.0397644043 0.352294922
vt 0.0384521484 0.350341797
vt 0.0310516357 0.341796875
vt 0.0390930176 0.350830078
vt 0.0312042236 0.353515625
vt 0.0279998779 0.343261719
vt 0.031463623 0.354003906
vt 0.0389099121 0.351074219
vt 0.0317382812 0.354980469
vt 0.0319213867 0.355712891
vt 0.0320739746 0.356201172
vt 0.0401306152 0.352783203
vt 0.0322570801 0.356933594
vt 0.0404663086 0.353515625
vt 0.0324401855 0.357666016
vt 0.0484619141 0.349121094
vt 0.0408325195 0.354003906
vt 0.0326538086 0.358398438
vt 0.0489196777 0.349609375
vt 0.0411682129 0.354736328
vt 0.0329284668 0.359130859
vt 0.0415344238 0.35546875
vt 0.583984375 0.428466797
vt 0.577636719 0.432861328
vt 0.581054688 0.430908203
vt 0.572753906 0.434814453
vt 0.586425781 0.425537109
vt 0.558105469 0.43359375
vt 0.563964844 0.435302734
vt 0.5703125 0.435302734
vt 0.588867188 0.402832031
vt 0.590332031 0.408203125
vt 0.590332031 0.414306641
vt 0.589355469 0.420166016
vt 0.545898438 0.421630859
vt 0.55078125 0.428955078
vt 0.547851562 0.425048828
vt 0.544433594 0.418212891
vt 0.580078125 0.392578125
vt 0.543945312 0.415527344
vt 0.587402344 0.400146484
vt 0.58203125 0.394287109
vt 0.584472656 0.396728516
vt 0.548339844 0.398681641
vt 0.543945312 0.408691406
vt 0.545410156 0.403564453
vt 0.563964844 0.389160156
vt 0.575195312 0.390136719
vt 0.569824219 0.388916016
vt 0.560058594 0.389892578
vt 0.553710938 0.393310547
vt 0.55078125 0.395751953
vt 0.556640625 0.391357422
vt 0.246337891 0.0428771973
vt 0.248901367 0.0424194336
vt 0.247558594 0.0424194336
vt 0.250976562 0.0437011719
vt 0.25 0.0428771973
vt 0.251708984 0.0448303223
vt 0.244506836 0.046081543
vt 0.245361328 0.0437011719
vt 0.251953125 0.046081543
vt 0.244506836 0.111450195
vt 0.251953125 0.111450195
vt 0.251708984 0.112731934
vt 0.248901367 0.115112305
vt 0.250976562 0.113891602
vt 0.25 0.114685059
vt 0.247558594 0.115112305
vt 0.246337891 0.114685059
vt 0.244750977 0.112731934
vt 0.245361328 0.113891602
vt 0.263916016 0.213012695
vt 0.262695312 0.212524414
vt 0.261230469 0.212524414
vt 0.260009766 0.213012695
vt 0.259033203 0.213867188
vt 0.258300781 0.216186523
vt 0.258544922 0.21496582
vt 0.264892578 0.213867188
vt 0.265869141 0.216186523
vt 0.265625 0.21496582
vt 0.265869141 0.26953125
vt 0.258300781 0.26953125
vt 0.260009766 0.272705078
vt 0.258544922 0.270751953
vt 0.259033203 0.271972656
vt 0.263916016 0.272705078
vt 0.265625 0.270751953
vt 0.264892578 0.271972656
vt 0.261230469 0.273193359
vt 0.262695312 0.273193359
vt 0.0362854004 0.255371094
vt 0.0349731445 0.255371094
vt 0.0375061035 0.255859375
vt 0.0337524414 0.255859375
vt 0.038482666 0.256835938
vt 0.0391540527 0.2578125
vt 0.0318603516 0.259033203
vt 0.0327453613 0.256835938
vt 0.0321044922 0.2578125
vt 0.0393676758 0.259033203
vt 0.0318603516 0.3125
vt 0.0393676758 0.3125
vt 0.0337524414 0.315673828
vt 0.0321044922 0.313720703
vt 0.0327453613 0.314941406
vt 0.0391540527 0.313720703
vt 0.0349731445 0.316162109
vt 0.0375061035 0.315673828
vt 0.038482666 0.314941406
vt 0.0362854004 0.316162109
vt 0.373046875 0.00693893433
vt 0.373291016 0.00650405884
vt 0.372802734 0.00371742249
vt 0.374023438 0.00843811035
vt 0.373046875 0.0101623535
vt 0.375 0.010383606
vt 0.373046875 0.0133895874
vt 0.376708984 0.0136184692
vt 0.373046875 0.0166168213
vt 0.378662109 0.0168914795
vt 0.373046875 0.0198364258
vt 0.380371094 0.0201873779
vt 0.373046875 0.0230712891
vt 0.380859375 0.0227355957
vt 0.381347656 0.0252838135
vt 0.373046875 0.0262908936
vt 0.381835938 0.0283508301
vt 0.373046875 0.029510498
vt 0.381835938 0.0314025879
vt 0.373046875 0.0327453613
vt 0.381835938 0.0344543457
vt 0.373046875 0.0359802246
vt 0.381347656 0.0375061035
vt 0.373046875 0.0391845703
vt 0.380615234 0.0405578613
vt 0.379638672 0.0424194336
vt 0.373046875 0.0424194336
vt 0.378662109 0.0442504883
vt 0.373046875 0.0456542969
vt 0.376953125 0.0474853516
vt 0.373046875 0.0488586426
vt 0.375 0.0507202148
vt 0.373046875 0.0520935059
vt 0.373535156 0.0541381836
vt 0.373046875 0.0553283691
vt 0.373291016 0.0553588867
vt 0.372802734 0.0585327148
vt 0.837402344 0.420410156
vt 0.835449219 0.4140625
vt 0.836425781 0.419921875
vt 0.83984375 0.422119141
vt 0.836425781 0.408447266
vt 0.851074219 0.398925781
vt 0.839355469 0.403320312
vt 0.843261719 0.399658203
vt 0.848632812 0.397460938
vt 0.854003906 0.399658203
vt 0.866210938 0.422607422
vt 0.841308594 0.424804688
vt 0.856933594 0.430419922
vt 0.861816406 0.428222656
vt 0.865722656 0.424804688
vt 0.8515625 0.430908203
vt 0.846679688 0.429931641
vt 0.841796875 0.427246094
vt 0.8671875 0.420410156
vt 0.868652344 0.408691406
vt 0.869140625 0.413574219
vt 0.869140625 0.418212891
vt 0.866210938 0.404296875
vt 0.856445312 0.399414062
vt 0.862792969 0.400878906
vt 0.858886719 0.3984375
vt 0.835449219 0.4140625
vt 0.833007812 0.419433594
vt 0.836425781 0.419921875
vt 0.829589844 0.420166016
vt 0.822265625 0.415527344
vt 0.826660156 0.421630859
vt 0.825195312 0.423095703
vt 0.82421875 0.424560547
vt 0.823242188 0.406738281
vt 0.836425781 0.408447266
vt 0.826660156 0.3984375
vt 0.839355469 0.403320312
vt 0.832519531 0.391601562
vt 0.843261719 0.399658203
vt 0.846191406 0.393310547
vt 0.847167969 0.395751953
vt 0.848632812 0.397460938
vt 0.845703125 0.390869141
vt 0.840332031 0.38671875
vt 0.846191406 0.388427734
vt 0.847167969 0.386230469
vt 0.849121094 0.384521484
vt 0.849121094 0.384521484
vt 0.861816406 0.428222656
vt 0.865722656 0.427490234
vt 0.865722656 0.424804688
vt 0.866699219 0.429931641
vt 0.868164062 0.432128906
vt 0.856933594 0.430419922
vt 0.868164062 0.440917969
vt 0.870117188 0.433837891
vt 0.872558594 0.434814453
vt 0.875488281 0.435058594
vt 0.858886719 0.444580078
vt 0.8515625 0.430908203
vt 0.849609375 0.445068359
vt 0.846679688 0.429931641
vt 0.840332031 0.442382812
vt 0.838867188 0.434082031
vt 0.836425781 0.436279297
vt 0.833007812 0.437255859
vt 0.840820312 0.431152344
vt 0.841796875 0.429199219
vt 0.841796875 0.427246094
vt 0.373535156 0.18737793
vt 0.373779297 0.183227539
vt 0.373291016 0.184082031
vt 0.373291016 0.180908203
vt 0.374023438 0.180419922
vt 0.373535156 0.177612305
vt 0.374511719 0.177612305
vt 0.373535156 0.174438477
vt 0.375 0.174926758
vt 0.375244141 0.17199707
vt 0.373535156 0.171264648
vt 0.375732422 0.169067383
vt 0.373535156 0.16796875
vt 0.376464844 0.166137695
vt 0.373535156 0.164794922
vt 0.376953125 0.163818359
vt 0.373535156 0.161499023
vt 0.377685547 0.161621094
vt 0.377685547 0.161499023
vt 0.373535156 0.158325195
vt 0.377929688 0.158813477
vt 0.377929688 0.156005859
vt 0.373535156 0.155029297
vt 0.377685547 0.153320312
vt 0.373535156 0.151855469
vt 0.377441406 0.150512695
vt 0.373535156 0.14855957
vt 0.376708984 0.147827148
vt 0.375976562 0.145019531
vt 0.373535156 0.145385742
vt 0.375488281 0.141967773
vt 0.373535156 0.142211914
vt 0.375 0.138793945
vt 0.373535156 0.138916016
vt 0.374267578 0.136230469
vt 0.373535156 0.135742188
vt 0.373535156 0.133544922
vt 0.373291016 0.132446289
vt 0.862792969 0.400878906
vt 0.859863281 0.397949219
vt 0.858886719 0.3984375
vt 0.861328125 0.395751953
vt 0.875488281 0.395019531
vt 0.866210938 0.404296875
vt 0.880371094 0.402832031
vt 0.868652344 0.389160156
vt 0.868652344 0.408691406
vt 0.862792969 0.392333984
vt 0.862792969 0.389648438
vt 0.861816406 0.387451172
vt 0.860351562 0.385498047
vt 0.8828125 0.411865234
vt 0.876464844 0.416748047
vt 0.869140625 0.413574219
vt 0.878417969 0.417724609
vt 0.880859375 0.419189453
vt 0.882324219 0.421142578
vt 0.873535156 0.416503906
vt 0.87109375 0.416992188
vt 0.869140625 0.418212891
vt 0.419189453 0.524902344
vt 0.421386719 0.534667969
vt 0.422363281 0.536132812
vt 0.419677734 0.533691406
vt 0.41796875 0.533203125
vt 0.417724609 0.525390625
vt 0.416992188 0.533203125
vt 0.417480469 0.515136719
vt 0.418945312 0.513671875
vt 0.416259766 0.525390625
vt 0.416015625 0.533203125
vt 0.415771484 0.515136719
vt 0.417480469 0.505859375
vt 0.419433594 0.504882812
vt 0.420654297 0.50390625
vt 0.421875 0.501953125
vt 0.415039062 0.515136719
vt 0.415771484 0.505859375
vt 0.415283203 0.525390625
vt 0.414306641 0.523925781
vt 0.415283203 0.533203125
vt 0.414550781 0.533203125
vt 0.413818359 0.533691406
vt 0.407226562 0.537597656
vt 0.4140625 0.515136719
vt 0.414550781 0.505859375
vt 0.387207031 0.498046875
vt 0.377929688 0.494384766
vt 0.370117188 0.48828125
vt 0.114746094 0.514160156
vt 0.0931396484 0.537597656
vt 0.363769531 0.480712891
vt 0.360839844 0.476318359
vt 0.331298828 0.00242233276
vt 0.331542969 0.0044708252
vt 0.347412109 0.00261116028
vt 0.347412109 0.00492095947
vt 0.332519531 0.00675964355
vt 0.347412109 0.00723266602
vt 0.333007812 0.00888824463
vt 0.347412109 0.00953674316
vt 0.333251953 0.00997924805
vt 0.333496094 0.0110855103
vt 0.347412109 0.0118484497
vt 0.333496094 0.0120697021
vt 0.333496094 0.0130462646
vt 0.347412109 0.0141601562
vt 0.333496094 0.0140228271
vt 0.347167969 0.0236816406
vt 0.333251953 0.0235443115
vt 0.338378906 0.0310058594
vt 0.342041016 0.0312805176
vt 0.82421875 0.461914062
vt 0.812011719 0.452880859
vt 0.82421875 0.464111328
vt 0.831054688 0.454589844
vt 0.82421875 0.444580078
vt 0.8359375 0.453613281
vt 0.815917969 0.433349609
vt 0.802246094 0.438232422
vt 0.828613281 0.4453125
vt 0.812011719 0.420410156
vt 0.797363281 0.421142578
vt 0.819824219 0.435058594
vt 0.812011719 0.406982422
vt 0.797851562 0.403076172
vt 0.814941406 0.423095703
vt 0.816894531 0.394287109
vt 0.8046875 0.386230469
vt 0.813964844 0.41015625
vt 0.825195312 0.383789062
vt 0.81640625 0.372070312
vt 0.836914062 0.376708984
vt 0.83203125 0.362792969
vt 0.825195312 0.386962891
vt 0.850097656 0.373779297
vt 0.849609375 0.359375
vt 0.863769531 0.375244141
vt 0.8671875 0.362060547
vt 0.883300781 0.369140625
vt 0.8359375 0.379638672
vt 0.817871094 0.397460938
vt 0.875488281 0.381103516
vt 0.896484375 0.380615234
vt 0.848632812 0.375976562
vt 0.826171875 0.387695312
vt 0.885253906 0.390136719
vt 0.905761719 0.396240234
vt 0.891601562 0.401855469
vt 0.909179688 0.414306641
vt 0.883789062 0.389892578
vt 0.873535156 0.381347656
vt 0.836425781 0.380615234
vt 0.861328125 0.376953125
vt 0.894042969 0.415527344
vt 0.906738281 0.433349609
vt 0.848632812 0.377197266
vt 0.891601562 0.429443359
vt 0.897949219 0.450439453
vt 0.890136719 0.401611328
vt 0.8828125 0.390625
vt 0.893066406 0.415039062
vt 0.873046875 0.382324219
vt 0.872558594 0.383056641
vt 0.861328125 0.377929688
vt 0.890625 0.428955078
vt 0.884765625 0.442138672
vt 0.883789062 0.44140625
vt 0.881347656 0.445800781
vt 0.885253906 0.464111328
vt 0.880371094 0.445068359
vt 0.877929688 0.44921875
vt 0.873535156 0.452148438
vt 0.876953125 0.448242188
vt 0.873046875 0.450927734
vt 0.860839844 0.455322266
vt 0.861328125 0.456787109
vt 0.855957031 0.454833984
vt 0.848144531 0.457275391
vt 0.860839844 0.454101562
vt 0.872558594 0.449707031
vt 0.876464844 0.447265625
vt 0.879882812 0.444091797
vt 0.871582031 0.448730469
vt 0.8828125 0.440917969
vt 0.875488281 0.446289062
vt 0.889648438 0.428466797
vt 0.891601562 0.415039062
vt 0.888183594 0.428222656
vt 0.881835938 0.440185547
vt 0.887207031 0.427734375
vt 0.889160156 0.401855469
vt 0.890625 0.415039062
vt 0.881835938 0.391357422
vt 0.888183594 0.40234375
vt 0.87890625 0.443359375
vt 0.889648438 0.415039062
vt 0.872070312 0.384033203
vt 0.881347656 0.392089844
vt 0.871582031 0.384765625
vt 0.860839844 0.379150391
vt 0.848632812 0.378173828
vt 0.887207031 0.402587891
vt 0.886230469 0.403076172
vt 0.888183594 0.415039062
vt 0.860839844 0.380126953
vt 0.848632812 0.379150391
vt 0.836914062 0.381591797
vt 0.880371094 0.392578125
vt 0.826660156 0.388427734
vt 0.818847656 0.397949219
vt 0.814941406 0.41015625
vt 0.815917969 0.422851562
vt 0.820800781 0.434570312
vt 0.829101562 0.444580078
vt 0.875488281 0.395019531
vt 0.880371094 0.402832031
vt 0.868652344 0.389160156
vt 0.860351562 0.385498047
vt 0.8828125 0.411865234
vt 0.858398438 0.383789062
vt 0.85546875 0.383056641
vt 0.882324219 0.421142578
vt 0.853027344 0.3828125
vt 0.851074219 0.383544922
vt 0.849121094 0.384521484
vt 0.883300781 0.423828125
vt 0.840332031 0.38671875
vt 0.886230469 0.427490234
vt 0.883300781 0.426757812
vt 0.882324219 0.4296875
vt 0.880859375 0.432128906
vt 0.879882812 0.438720703
vt 0.878417969 0.434082031
vt 0.875488281 0.435058594
vt 0.868164062 0.440917969
vt 0.837402344 0.382324219
vt 0.832519531 0.391601562
vt 0.827636719 0.389160156
vt 0.826660156 0.3984375
vt 0.8203125 0.398925781
vt 0.823242188 0.406738281
vt 0.819824219 0.3984375
vt 0.817382812 0.410400391
vt 0.822265625 0.415527344
vt 0.817871094 0.422363281
vt 0.82421875 0.424560547
vt 0.823242188 0.427246094
vt 0.823242188 0.429931641
vt 0.81640625 0.41015625
vt 0.816894531 0.422607422
vt 0.822753906 0.43359375
vt 0.823730469 0.432617188
vt 0.825683594 0.434814453
vt 0.830566406 0.442871094
vt 0.828125 0.436523438
vt 0.830566406 0.437255859
vt 0.833007812 0.437255859
vt 0.840332031 0.442382812
vt 0.821777344 0.434082031
vt 0.830078125 0.443603516
vt 0.842285156 0.449462891
vt 0.849609375 0.445068359
vt 0.837890625 0.44921875
vt 0.855957031 0.451171875
vt 0.858886719 0.444580078
vt 0.869140625 0.447265625
vt 0.837402344 0.450195312
vt 0.836914062 0.451416016
vt 0.840820312 0.452880859
vt 0.841308594 0.451660156
vt 0.836425781 0.452392578
vt 0.841796875 0.450683594
vt 0.848632812 0.453369141
vt 0.849121094 0.452148438
vt 0.848632812 0.455810547
vt 0.848632812 0.454589844
vt 0.855957031 0.453613281
vt 0.855957031 0.452392578
vt 0.860351562 0.451660156
vt 0.860351562 0.452880859
vt 0.87109375 0.447753906
vt 0.874511719 0.4453125
vt 0.877929688 0.442382812
vt 0.880859375 0.439453125
vt 0.108764648 0.251220703
vt 0.108032227 0.249267578
vt 0.106750488 0.250244141
vt 0.106567383 0.251464844
vt 0.109375 0.252929688
vt 0.106262207 0.252685547
vt 0.105895996 0.254150391
vt 0.109863281 0.254882812
vt 0.10546875 0.255859375
vt 0.110107422 0.256103516
vt 0.110412598 0.257324219
vt 0.105224609 0.257568359
vt 0.10534668 0.259033203
vt 0.110717773 0.286376953
vt 0.105529785 0.286132812
vt 0.110717773 0.295654297
vt 0.105285645 0.295654297
vt 0.10534668 0.305419922
vt 0.110717773 0.305419922
vt 0.105773926 0.314941406
vt 0.110900879 0.314697266
vt 0.111022949 0.318115234
vt 0.106079102 0.320068359
vt 0.108032227 0.249267578
vt 0.115600586 0.250976562
vt 0.116149902 0.249023438
vt 0.108764648 0.251220703
vt 0.115112305 0.252929688
vt 0.109375 0.252929688
vt 0.114807129 0.254882812
vt 0.109863281 0.254882812
vt 0.114562988 0.255859375
vt 0.110107422 0.256103516
vt 0.114318848 0.257324219
vt 0.110412598 0.257324219
vt 0.110717773 0.286376953
vt 0.114440918 0.286376953
vt 0.110717773 0.295654297
vt 0.114624023 0.295654297
vt 0.110717773 0.305419922
vt 0.114624023 0.305175781
vt 0.110900879 0.314697266
vt 0.114624023 0.314697266
vt 0.114562988 0.318115234
vt 0.111022949 0.318115234
vt 0.115600586 0.250976562
vt 0.119628906 0.250976562
vt 0.116149902 0.249023438
vt 0.115112305 0.252929688
vt 0.114807129 0.254882812
vt 0.120056152 0.252685547
vt 0.119995117 0.254394531
vt 0.119689941 0.255859375
vt 0.114562988 0.255859375
vt 0.114318848 0.257324219
vt 0.119567871 0.257568359
vt 0.119445801 0.258789062
vt 0.114440918 0.286376953
vt 0.119628906 0.285888672
vt 0.114624023 0.295654297
vt 0.119995117 0.295410156
vt 0.114624023 0.305175781
vt 0.120056152 0.305419922
vt 0.119812012 0.314941406
vt 0.114624023 0.314697266
vt 0.114562988 0.318115234
vt 0.119506836 0.319824219
vt 0.0137786865 0.153320312
vt 0.00253105164 0.400390625
vt 0.0137786865 0.400390625
vt 0.00253105164 0.153320312
vt 0.0062789917 0.149291992
vt 0.0100326538 0.149291992
vt 0.408447266 0.0239715576
vt 0.370117188 0.268066406
vt 0.374511719 0.270751953
vt 0.382324219 0.277099609
vt 0.432128906 0.313964844
vt 0.432128906 0.00256729126
vt 0.388427734 0.284912109
vt 0.392333984 0.294189453
vt 0.399902344 0.321044922
vt 0.428222656 0.320556641
vt 0.427490234 0.322265625
vt 0.400146484 0.322753906
vt 0.427490234 0.32421875
vt 0.418701172 0.325195312
vt 0.427978516 0.325927734
vt 0.428955078 0.327392578
vt 0.430664062 0.328369141
vt 0.406494141 0.325195312
vt 0.399658203 0.324462891
vt 0.398681641 0.325927734
vt 0.397460938 0.327392578
vt 0.396240234 0.328125
vt 0.395019531 0.328857422
vt 0.338378906 0.0310058594
vt 0.332763672 0.329345703
vt 0.338134766 0.332763672
vt 0.333251953 0.0235443115
vt 0.338134766 0.332763672
vt 0.342041016 0.0312805176
vt 0.338378906 0.0310058594
vt 0.342041016 0.332763672
vt 0.342041016 0.0312805176
vt 0.342041016 0.332763672
vt 0.347412109 0.329345703
vt 0.347167969 0.0236816406
vt 0.0137786865 0.432128906
vt 0.0062789917 0.437255859
vt 0.0100326538 0.437255859
vt 0.00253105164 0.432128906
vt 0.00253105164 0.400390625
vt 0.0137786865 0.400390625
vt 0.00190925598 0.553222656
vt 0.000160455704 0.55859375
vt 0.00137233734 0.567382812
vt 0.000103533268 0.572265625
vt 0.00204467773 0.581542969
vt 7.27176666e-05 0.5859375
vt 0.00389862061 0.595214844
vt 4.70876694e-05 0.599121094
vt 0.00671768188 0.609375
vt 2.9027462e-05 0.612792969
vt 0.0101699829 0.623046875
vt 1.71661377e-05 0.625976562
vt 0.0138549805 0.636230469
vt 9.7155571e-06 0.639160156
vt 0.0173492432 0.649902344
vt 5.00679016e-06 0.65234375
vt 0.0202636719 0.6640625
vt 2.20537186e-06 0.665527344
vt 0.0222473145 0.677734375
vt 5.96046448e-07 0.679199219
vt 0.0231018066 0.691894531
vt 0 0.692871094
vt 0.0227050781 0.706054688
vt 5.96046448e-08 0.706542969
vt 0.0211029053 0.719726562
vt 5.96046448e-07 0.719726562
vt 0.0189361572 0.731933594
vt 9.53674316e-07 0.731933594
vt 0.0161590576 0.743652344
vt 1.37090683e-06 0.743652344
vt 0.0130310059 0.755371094
vt 1.78813934e-06 0.755371094
vt 2.14576721e-06 0.765136719
vt 0.00936889648 0.769042969
vt 2.95042992e-05 0.775390625
vt 0.00607299805 0.782714844
vt 9.86456871e-05 0.788574219
vt 0.00349235535 0.796386719
vt 0.000175118446 0.802246094
vt 0.00193786621 0.810546875
vt 0.000257492065 0.815917969
vt 0.239135742 0.348144531
vt 0.239013672 0.351318359
vt 0.239379883 0.348388672
vt 0.240112305 0.346435547
vt 0.239135742 0.344726562
vt 0.241088867 0.344726562
vt 0.239135742 0.341552734
vt 0.242919922 0.341308594
vt 0.239135742 0.338378906
vt 0.244750977 0.338134766
vt 0.239135742 0.335205078
vt 0.246459961 0.334716797
vt 0.239135742 0.33203125
vt 0.247070312 0.332275391
vt 0.247558594 0.329589844
vt 0.239135742 0.328613281
vt 0.247924805 0.326660156
vt 0.239135742 0.325439453
vt 0.248046875 0.323486328
vt 0.239135742 0.322265625
vt 0.247924805 0.320556641
vt 0.239135742 0.319091797
vt 0.247436523 0.317382812
vt 0.239135742 0.315673828
vt 0.246826172 0.314453125
vt 0.245849609 0.3125
vt 0.239135742 0.3125
vt 0.244873047 0.310791016
vt 0.239135742 0.309326172
vt 0.243041992 0.307373047
vt 0.239135742 0.306152344
vt 0.241210938 0.304199219
vt 0.239135742 0.302978516
vt 0.239624023 0.30078125
vt 0.239135742 0.299560547
vt 0.239379883 0.299560547
vt 0.239013672 0.296386719
vt 0.678710938 0.133666992
vt 0.679199219 0.134765625
vt 0.685058594 0.135742188
vt 0.676757812 0.131347656
vt 0.690917969 0.134765625
vt 0.700195312 0.120178223
vt 0.695800781 0.132080078
vt 0.699707031 0.127807617
vt 0.701660156 0.122558594
vt 0.699707031 0.117370605
vt 0.676757812 0.10546875
vt 0.674316406 0.129760742
vt 0.668457031 0.114562988
vt 0.670898438 0.109863281
vt 0.674316406 0.106018066
vt 0.66796875 0.119750977
vt 0.668945312 0.124816895
vt 0.671875 0.129272461
vt 0.678710938 0.104370117
vt 0.690429688 0.103088379
vt 0.685546875 0.102172852
vt 0.680664062 0.102478027
vt 0.694824219 0.105224609
vt 0.700195312 0.114929199
vt 0.698242188 0.108520508
vt 0.700683594 0.112670898
vt 0.685058594 0.135742188
vt 0.679199219 0.134765625
vt 0.6796875 0.138183594
vt 0.679199219 0.141479492
vt 0.68359375 0.148681641
vt 0.677246094 0.14440918
vt 0.676269531 0.145874023
vt 0.674804688 0.147094727
vt 0.692382812 0.147827148
vt 0.690917969 0.134765625
vt 0.700683594 0.144287109
vt 0.695800781 0.132080078
vt 0.707519531 0.138549805
vt 0.699707031 0.127807617
vt 0.706054688 0.125366211
vt 0.703613281 0.124267578
vt 0.701660156 0.122558594
vt 0.708496094 0.125732422
vt 0.712402344 0.130981445
vt 0.7109375 0.125366211
vt 0.712890625 0.124206543
vt 0.71484375 0.122436523
vt 0.71484375 0.122436523
vt 0.670898438 0.109863281
vt 0.674316406 0.106018066
vt 0.671386719 0.105895996
vt 0.668945312 0.105041504
vt 0.666992188 0.10357666
vt 0.668457031 0.114562988
vt 0.657714844 0.103515625
vt 0.665039062 0.101501465
vt 0.6640625 0.0989990234
vt 0.6640625 0.0963134766
vt 0.654296875 0.112426758
vt 0.66796875 0.119750977
vt 0.653808594 0.121887207
vt 0.668945312 0.124816895
vt 0.656738281 0.130859375
vt 0.665039062 0.132202148
vt 0.662597656 0.135009766
vt 0.661621094 0.138427734
vt 0.66796875 0.130249023
vt 0.669921875 0.129516602
vt 0.671875 0.129272461
vt 0.373535156 0.0680541992
vt 0.373291016 0.0712890625
vt 0.373779297 0.0722045898
vt 0.373291016 0.0745239258
vt 0.374023438 0.075012207
vt 0.373535156 0.0777587891
vt 0.374511719 0.0777587891
vt 0.373535156 0.0809936523
vt 0.375 0.0805053711
vt 0.375244141 0.0833740234
vt 0.373535156 0.0842285156
vt 0.375732422 0.0863037109
vt 0.373535156 0.0874633789
vt 0.376464844 0.0892333984
vt 0.373535156 0.0906982422
vt 0.376953125 0.0915527344
vt 0.373535156 0.0938720703
vt 0.377685547 0.0938720703
vt 0.377685547 0.0938720703
vt 0.373535156 0.0971069336
vt 0.377929688 0.0966186523
vt 0.377929688 0.0993652344
vt 0.373535156 0.100341797
vt 0.377685547 0.102172852
vt 0.373535156 0.10357666
vt 0.377441406 0.104858398
vt 0.373535156 0.106811523
vt 0.376708984 0.107666016
vt 0.375976562 0.110351562
vt 0.373535156 0.110046387
vt 0.375488281 0.113464355
vt 0.373535156 0.11328125
vt 0.375 0.116577148
vt 0.373535156 0.116516113
vt 0.374267578 0.11920166
vt 0.373535156 0.119689941
vt 0.373535156 0.121887207
vt 0.373291016 0.122924805
vt 0.698242188 0.108520508
vt 0.700683594 0.112670898
vt 0.701660156 0.111877441
vt 0.703613281 0.109924316
vt 0.704101562 0.0961914062
vt 0.694824219 0.105224609
vt 0.696289062 0.0913085938
vt 0.710449219 0.102966309
vt 0.690429688 0.103088379
vt 0.70703125 0.108703613
vt 0.709472656 0.108825684
vt 0.711914062 0.109680176
vt 0.713867188 0.11114502
vt 0.6875 0.0889892578
vt 0.682617188 0.0953979492
vt 0.685546875 0.102172852
vt 0.681640625 0.0930175781
vt 0.6796875 0.091003418
vt 0.677734375 0.0894775391
vt 0.682617188 0.0978393555
vt 0.682128906 0.100341797
vt 0.680664062 0.102478027
vt 0.482421875 0.425292969
vt 0.493652344 0.428466797
vt 0.4921875 0.427490234
vt 0.491210938 0.42578125
vt 0.490478516 0.424072266
vt 0.482666016 0.423828125
vt 0.490478516 0.423095703
vt 0.472412109 0.423583984
vt 0.470703125 0.425048828
vt 0.482666016 0.422363281
vt 0.490478516 0.422363281
vt 0.472167969 0.422119141
vt 0.462890625 0.423583984
vt 0.462158203 0.425537109
vt 0.461181641 0.426757812
vt 0.459228516 0.427978516
vt 0.472167969 0.421142578
vt 0.463134766 0.421875
vt 0.482910156 0.421386719
vt 0.481445312 0.420410156
vt 0.490478516 0.421386719
vt 0.490722656 0.420654297
vt 0.491210938 0.420166016
vt 0.495117188 0.413330078
vt 0.472167969 0.420410156
vt 0.462890625 0.420654297
vt 0.455322266 0.393554688
vt 0.451416016 0.384521484
vt 0.4453125 0.376464844
vt 0.471435547 0.123535156
vt 0.495117188 0.102111816
vt 0.4375 0.370361328
vt 0.433105469 0.367431641
vt 0.349853516 0.356201172
vt 0.366210938 0.355957031
vt 0.350341797 0.354003906
vt 0.366210938 0.353759766
vt 0.351074219 0.351806641
vt 0.365966797 0.351318359
vt 0.351806641 0.349609375
vt 0.365966797 0.349121094
vt 0.352050781 0.348632812
vt 0.352050781 0.347412109
vt 0.365966797 0.346679688
vt 0.352050781 0.346435547
vt 0.352050781 0.345458984
vt 0.365966797 0.344482422
vt 0.352050781 0.344482422
vt 0.365966797 0.334960938
vt 0.352050781 0.334960938
vt 0.357177734 0.327636719
vt 0.360839844 0.327392578
vt 0.63671875 0.146728516
vt 0.634765625 0.146850586
vt 0.645996094 0.159057617
vt 0.644042969 0.140014648
vt 0.654296875 0.146972656
vt 0.645019531 0.135375977
vt 0.665527344 0.154907227
vt 0.660644531 0.168701172
vt 0.653320312 0.142700195
vt 0.678710938 0.159057617
vt 0.678222656 0.173706055
vt 0.6640625 0.151367188
vt 0.692382812 0.158813477
vt 0.696289062 0.172973633
vt 0.676269531 0.15625
vt 0.705078125 0.154296875
vt 0.713378906 0.166503906
vt 0.688964844 0.156982422
vt 0.715332031 0.145874023
vt 0.727539062 0.154907227
vt 0.72265625 0.134399414
vt 0.736816406 0.139282227
vt 0.712402344 0.145996094
vt 0.725585938 0.121337891
vt 0.740234375 0.121520996
vt 0.724121094 0.107971191
vt 0.737304688 0.104248047
vt 0.73046875 0.0886230469
vt 0.719726562 0.135375977
vt 0.701660156 0.153442383
vt 0.718261719 0.0962524414
vt 0.71875 0.0755615234
vt 0.723632812 0.122924805
vt 0.711425781 0.145141602
vt 0.709472656 0.0865478516
vt 0.703125 0.0663452148
vt 0.697265625 0.080078125
vt 0.684570312 0.0625
vt 0.709472656 0.0880737305
vt 0.718261719 0.0978393555
vt 0.71875 0.134887695
vt 0.72265625 0.109985352
vt 0.68359375 0.0777587891
vt 0.665527344 0.0650634766
vt 0.722167969 0.122802734
vt 0.669433594 0.0802001953
vt 0.6484375 0.0737304688
vt 0.697753906 0.0814208984
vt 0.708496094 0.0888671875
vt 0.684082031 0.078918457
vt 0.717285156 0.098449707
vt 0.716308594 0.0989990234
vt 0.721679688 0.110290527
vt 0.669921875 0.081237793
vt 0.656738281 0.087097168
vt 0.657226562 0.0881347656
vt 0.652832031 0.0901489258
vt 0.634765625 0.0866699219
vt 0.653808594 0.0910644531
vt 0.649902344 0.09375
vt 0.646484375 0.0979003906
vt 0.650878906 0.094543457
vt 0.647949219 0.0985107422
vt 0.643554688 0.110473633
vt 0.642089844 0.110168457
vt 0.644042969 0.115356445
vt 0.641601562 0.12310791
vt 0.64453125 0.110717773
vt 0.648925781 0.0991821289
vt 0.651855469 0.0953369141
vt 0.654785156 0.0919799805
vt 0.649902344 0.0997924805
vt 0.658203125 0.089050293
vt 0.652832031 0.0961303711
vt 0.670410156 0.0822753906
vt 0.684082031 0.080078125
vt 0.670898438 0.0833740234
vt 0.658691406 0.0899658203
vt 0.671386719 0.0844116211
vt 0.697265625 0.0824584961
vt 0.684082031 0.0811767578
vt 0.708007812 0.0897216797
vt 0.696777344 0.0834350586
vt 0.655761719 0.0928344727
vt 0.684082031 0.0822753906
vt 0.715332031 0.0995483398
vt 0.707519531 0.0905151367
vt 0.714355469 0.100097656
vt 0.720214844 0.110534668
vt 0.721191406 0.122680664
vt 0.696777344 0.0844726562
vt 0.696289062 0.0854492188
vt 0.684082031 0.0833740234
vt 0.719238281 0.110778809
vt 0.720214844 0.122619629
vt 0.717773438 0.134521484
vt 0.706542969 0.0913696289
vt 0.7109375 0.14440918
vt 0.701171875 0.15246582
vt 0.688964844 0.155883789
vt 0.676269531 0.155273438
vt 0.664550781 0.150390625
vt 0.654296875 0.141967773
vt 0.704101562 0.0961914062
vt 0.696289062 0.0913085938
vt 0.710449219 0.102966309
vt 0.713867188 0.11114502
vt 0.6875 0.0889892578
vt 0.715820312 0.11328125
vt 0.716308594 0.115783691
vt 0.677734375 0.0894775391
vt 0.716308594 0.118469238
vt 0.715820312 0.120544434
vt 0.71484375 0.122436523
vt 0.675292969 0.0884399414
vt 0.712402344 0.130981445
vt 0.671386719 0.0855102539
vt 0.672363281 0.0883178711
vt 0.669433594 0.0891723633
vt 0.666992188 0.0909423828
vt 0.66015625 0.091796875
vt 0.665039062 0.0933837891
vt 0.6640625 0.0963134766
vt 0.657714844 0.103515625
vt 0.716796875 0.134033203
vt 0.707519531 0.138549805
vt 0.709960938 0.143676758
vt 0.700683594 0.144287109
vt 0.700195312 0.150634766
vt 0.692382812 0.147827148
vt 0.700683594 0.151489258
vt 0.688964844 0.153808594
vt 0.68359375 0.148681641
vt 0.676757812 0.153198242
vt 0.674804688 0.147094727
vt 0.671875 0.148071289
vt 0.668945312 0.148071289
vt 0.688964844 0.154907227
vt 0.676757812 0.154174805
vt 0.665527344 0.14855957
vt 0.666503906 0.147216797
vt 0.6640625 0.145629883
vt 0.65625 0.14050293
vt 0.662597656 0.143188477
vt 0.661621094 0.140869141
vt 0.661621094 0.138427734
vt 0.656738281 0.130859375
vt 0.665039062 0.149536133
vt 0.655273438 0.141235352
vt 0.649414062 0.129150391
vt 0.653808594 0.121887207
vt 0.649902344 0.133178711
vt 0.647460938 0.115661621
vt 0.654296875 0.112426758
vt 0.651367188 0.102355957
vt 0.6484375 0.133666992
vt 0.647460938 0.134277344
vt 0.645996094 0.130249023
vt 0.646972656 0.129882812
vt 0.646484375 0.134765625
vt 0.6484375 0.129516602
vt 0.645507812 0.122619629
vt 0.646484375 0.122497559
vt 0.643066406 0.122924805
vt 0.644042969 0.122802734
vt 0.645507812 0.115478516
vt 0.646484375 0.115539551
vt 0.646972656 0.111206055
vt 0.645996094 0.110961914
vt 0.651367188 0.100463867
vt 0.653808594 0.096862793
vt 0.656738281 0.0936889648
vt 0.659667969 0.0908813477
vt 0.291748047 0.0720214844
vt 0.289794922 0.0729370117
vt 0.291015625 0.0739135742
vt 0.289550781 0.0717163086
vt 0.292480469 0.0701293945
vt 0.289306641 0.0704956055
vt 0.288818359 0.0689086914
vt 0.29296875 0.0682983398
vt 0.288574219 0.0672607422
vt 0.293212891 0.067199707
vt 0.293457031 0.0657348633
vt 0.288330078 0.0656738281
vt 0.288330078 0.0642089844
vt 0.293701172 0.0368041992
vt 0.288574219 0.037109375
vt 0.293701172 0.0274200439
vt 0.288330078 0.0274505615
vt 0.288330078 0.0176849365
vt 0.293701172 0.0178375244
vt 0.288818359 0.00811004639
vt 0.293945312 0.00852203369
vt 0.294189453 0.00498962402
vt 0.2890625 0.00311660767
vt 0.291015625 0.0739135742
vt 0.299316406 0.0741577148
vt 0.298583984 0.0721435547
vt 0.291748047 0.0720214844
vt 0.298095703 0.0702514648
vt 0.292480469 0.0701293945
vt 0.297851562 0.068359375
vt 0.29296875 0.0682983398
vt 0.297607422 0.0672607422
vt 0.293212891 0.067199707
vt 0.297363281 0.0657958984
vt 0.293457031 0.0657348633
vt 0.293701172 0.0368041992
vt 0.297607422 0.0368347168
vt 0.293701172 0.0274200439
vt 0.297607422 0.0274810791
vt 0.293701172 0.0178375244
vt 0.297607422 0.0178985596
vt 0.293945312 0.00852203369
vt 0.297607422 0.00855255127
vt 0.297607422 0.00503921509
vt 0.294189453 0.00498962402
vt 0.298583984 0.0721435547
vt 0.299316406 0.0741577148
vt 0.302734375 0.0722045898
vt 0.298095703 0.0702514648
vt 0.297851562 0.068359375
vt 0.303222656 0.0703735352
vt 0.302978516 0.0688476562
vt 0.302734375 0.067199707
vt 0.297607422 0.0672607422
vt 0.297363281 0.0657958984
vt 0.302734375 0.0654907227
vt 0.302490234 0.0643310547
vt 0.297607422 0.0368347168
vt 0.302734375 0.0372009277
vt 0.297607422 0.0274810791
vt 0.302978516 0.027633667
vt 0.297607422 0.0178985596
vt 0.303222656 0.017868042
vt 0.302978516 0.0082244873
vt 0.297607422 0.00855255127
vt 0.297607422 0.00503921509
vt 0.302490234 0.00324821472
vt 0.313476562 0.130004883
vt 0.313476562 0.376953125
vt 0.324707031 0.376953125
vt 0.324707031 0.130004883
vt 0.321044922 0.125854492
vt 0.317382812 0.125854492
vt 0.16784668 0.447753906
vt 0.416748047 0.414306641
vt 0.4140625 0.409912109
vt 0.423095703 0.421875
vt 0.460449219 0.471191406
vt 0.146240234 0.471191406
vt 0.431152344 0.427978516
vt 0.440429688 0.431884766
vt 0.467529297 0.439453125
vt 0.467041016 0.467285156
vt 0.46875 0.466796875
vt 0.469238281 0.439697266
vt 0.470703125 0.466552734
vt 0.471679688 0.458007812
vt 0.472412109 0.467285156
vt 0.473876953 0.468261719
vt 0.475097656 0.469726562
vt 0.471679688 0.446044922
vt 0.470947266 0.439208984
vt 0.472412109 0.438232422
vt 0.473876953 0.436767578
vt 0.474609375 0.435791016
vt 0.475341797 0.434326172
vt 0.357177734 0.327636719
vt 0.356933594 0.0258483887
vt 0.3515625 0.0292816162
vt 0.352050781 0.334960938
vt 0.356933594 0.0258483887
vt 0.357177734 0.327636719
vt 0.360839844 0.327392578
vt 0.360839844 0.0258331299
vt 0.360839844 0.327392578
vt 0.366210938 0.0292816162
vt 0.360839844 0.0258331299
vt 0.365966797 0.334960938
vt 0.313476562 0.408691406
vt 0.317382812 0.413818359
vt 0.321044922 0.413818359
vt 0.324707031 0.408691406
vt 0.324707031 0.376953125
vt 0.313476562 0.376953125
vt 0.439453125 0.265380859
vt 0.438964844 0.251464844
vt 0.437744141 0.260253906
vt 0.437744141 0.246582031
vt 0.439453125 0.237304688
vt 0.4375 0.232910156
vt 0.44140625 0.223388672
vt 0.4375 0.219482422
vt 0.444335938 0.209594727
vt 0.4375 0.206176758
vt 0.447753906 0.195922852
vt 0.4375 0.192993164
vt 0.451416016 0.182373047
vt 0.4375 0.17980957
vt 0.454833984 0.168701172
vt 0.4375 0.166625977
vt 0.457763672 0.154907227
vt 0.4375 0.153198242
vt 0.459716797 0.140991211
vt 0.4375 0.139648438
vt 0.460693359 0.126953125
vt 0.4375 0.126098633
vt 0.460205078 0.112854004
vt 0.4375 0.112426758
vt 0.458740234 0.0988769531
vt 0.4375 0.0988769531
vt 0.456542969 0.0870361328
vt 0.4375 0.0870361328
vt 0.453613281 0.0751953125
vt 0.4375 0.0751953125
vt 0.450683594 0.0634155273
vt 0.4375 0.0634155273
vt 0.4375 0.0534057617
vt 0.447021484 0.0498046875
vt 0.4375 0.0434265137
vt 0.443603516 0.0361022949
vt 0.437744141 0.0301055908
vt 0.440917969 0.022277832
vt 0.437744141 0.0166473389
vt 0.439453125 0.00828552246
vt 0.437744141 0.00305747986
vt 0.398193359 0.9921875
vt 0.399169922 0.993164062
vt 0.401611328 0.994628906
vt 0.396484375 0.987304688
vt 0.403808594 0.995605469
vt 0.419433594 0.974121094
vt 0.395751953 0.983398438
vt 0.411132812 0.967285156
vt 0.429443359 0.978027344
vt 0.405761719 0.958007812
vt 0.396240234 0.96875
vt 0.416503906 0.998046875
vt 0.397460938 0.947753906
vt 0.403808594 0.947753906
vt 0.405517578 0.937011719
vt 0.451171875 0.998046875
vt 0.461181641 0.997070312
vt 0.467773438 0.994628906
vt 0.440185547 0.978027344
vt 0.401123047 0.888183594
vt 0.410888672 0.928222656
vt 0.419189453 0.920898438
vt 0.429199219 0.917480469
vt 0.432128906 0.866699219
vt 0.470458984 0.992675781
vt 0.450195312 0.974121094
vt 0.43359375 0.8671875
vt 0.439941406 0.917480469
vt 0.435302734 0.8671875
vt 0.436767578 0.866699219
vt 0.468994141 0.898925781
vt 0.450195312 0.920898438
vt 0.458251953 0.927734375
vt 0.463867188 0.937011719
vt 0.473632812 0.98046875
vt 0.458496094 0.967285156
vt 0.463867188 0.958007812
vt 0.473144531 0.987304688
vt 0.472412109 0.989257812
vt 0.472900391 0.959960938
vt 0.465576172 0.947753906
vt 0.451171875 0.861816406
vt 0.437988281 0.865722656
vt 0.449707031 0.861328125
vt 0.438720703 0.864257812
vt 0.448486328 0.860351562
vt 0.452880859 0.861816406
vt 0.439208984 0.862792969
vt 0.454345703 0.861328125
vt 0.455566406 0.860351562
vt 0.456298828 0.858886719
vt 0.465332031 0.838378906
vt 0.456542969 0.857421875
vt 0.463134766 0.811035156
vt 0.455566406 0.804199219
vt 0.460449219 0.791992188
vt 0.447509766 0.858886719
vt 0.447265625 0.857421875
vt 0.446044922 0.804199219
vt 0.455078125 0.802734375
vt 0.438964844 0.797363281
vt 0.454589844 0.801269531
vt 0.446289062 0.802734375
vt 0.447021484 0.801269531
vt 0.447998047 0.800292969
vt 0.438476562 0.795410156
vt 0.453369141 0.800292969
vt 0.44921875 0.799804688
vt 0.452148438 0.799804688
vt 0.437744141 0.794433594
vt 0.450683594 0.799316406
vt 0.452636719 0.780761719
vt 0.459228516 0.786621094
vt 0.436523438 0.79296875
vt 0.456298828 0.782226562
vt 0.457275391 0.783203125
vt 0.4453125 0.779296875
vt 0.423828125 0.779785156
vt 0.435058594 0.792480469
vt 0.433349609 0.792480469
vt 0.431884766 0.79296875
vt 0.415527344 0.780761719
vt 0.430664062 0.794433594
vt 0.4296875 0.795410156
vt 0.419189453 0.799804688
vt 0.420410156 0.800292969
vt 0.417724609 0.799804688
vt 0.429443359 0.797363281
vt 0.421386719 0.801757812
vt 0.422119141 0.802734375
vt 0.422363281 0.804199219
vt 0.4296875 0.862792969
vt 0.421630859 0.857421875
vt 0.421386719 0.858886719
vt 0.420654297 0.860351562
vt 0.429931641 0.864257812
vt 0.419677734 0.861328125
vt 0.430908203 0.865722656
vt 0.418212891 0.861816406
vt 0.416748047 0.862304688
vt 0.415283203 0.861816406
vt 0.4140625 0.861328125
vt 0.413085938 0.860351562
vt 0.412353516 0.858886719
vt 0.412109375 0.857421875
vt 0.404541016 0.828613281
vt 0.412841797 0.804199219
vt 0.408203125 0.7890625
vt 0.413330078 0.802734375
vt 0.413818359 0.801269531
vt 0.415039062 0.800292969
vt 0.416259766 0.799804688
vt 0.411621094 0.782714844
vt 0.41015625 0.784179688
vt 0.301269531 0.362304688
vt 0.286132812 0.363525391
vt 0.290039062 0.367919922
vt 0.272460938 0.347167969
vt 0.270751953 0.323730469
vt 0.260498047 0.328857422
vt 0.24609375 0.296142578
vt 0.292724609 0.352294922
vt 0.302734375 0.360351562
vt 0.266357422 0.312744141
vt 0.253662109 0.28125
vt 0.237792969 0.247680664
vt 0.252197266 0.268066406
vt 0.248901367 0.237548828
vt 0.242431641 0.197143555
vt 0.251464844 0.222290039
vt 0.256347656 0.194824219
vt 0.264404297 0.178466797
vt 0.260009766 0.135253906
vt 0.266113281 0.17175293
vt 0.290039062 0.140991211
vt 0.270751953 0.140991211
vt 0.283935547 0.127929688
vt 0.267578125 0.109069824
vt 0.297119141 0.117919922
vt 0.279541016 0.150756836
vt 0.296142578 0.133056641
vt 0.317138672 0.11706543
vt 0.326660156 0.11315918
vt 0.280761719 0.0965576172
vt 0.270263672 0.0959472656
vt 0.270996094 0.0844726562
vt 0.286132812 0.0853271484
vt 0.293701172 0.0966186523
vt 0.284179688 0.0809936523
vt 0.303466797 0.10559082
vt 0.269287109 0.0728759766
vt 0.309082031 0.108276367
vt 0.3125 0.108764648
vt 0.314208984 0.108459473
vt 0.279541016 0.0705566406
vt 0.265136719 0.0612182617
vt 0.273925781 0.0582275391
vt 0.247192383 0.0220794678
vt 0.263671875 0.0344543457
vt 0.255126953 0.0158538818
vt 0.242919922 0.0153579712
vt 0.249145508 0.00216293335
vt 0.237792969 0.00939178467
vt 0.66015625 0.652832031
vt 0.667480469 0.65234375
vt 0.665527344 0.646972656
vt 0.647460938 0.646484375
vt 0.66015625 0.626464844
vt 0.632324219 0.654785156
vt 0.6484375 0.614746094
vt 0.65625 0.604492188
vt 0.635253906 0.646484375
vt 0.636230469 0.614746094
vt 0.629394531 0.577148438
vt 0.651855469 0.568847656
vt 0.621582031 0.645996094
vt 0.606445312 0.65625
vt 0.622558594 0.614746094
vt 0.607421875 0.579101562
vt 0.6015625 0.601074219
vt 0.599121094 0.612792969
vt 0.599609375 0.58984375
vt 0.59765625 0.584472656
vt 0.592773438 0.622558594
vt 0.594238281 0.579101562
vt 0.586425781 0.645507812
vt 0.583496094 0.629882812
vt 0.578125 0.656738281
vt 0.572265625 0.633300781
vt 0.56640625 0.645507812
vt 0.561035156 0.633300781
vt 0.5546875 0.65625
vt 0.546875 0.64453125
vt 0.549804688 0.62890625
vt 0.536621094 0.645019531
vt 0.541015625 0.62109375
vt 0.526367188 0.654785156
vt 0.53515625 0.611328125
vt 0.51171875 0.612304688
vt 0.533691406 0.599609375
vt 0.528808594 0.577636719
vt 0.506835938 0.574707031
vt 0.536132812 0.588378906
vt 0.541992188 0.578613281
vt 0.539550781 0.553222656
vt 0.549316406 0.571777344
vt 0.51171875 0.644042969
vt 0.500488281 0.651855469
vt 0.498291016 0.612304688
vt 0.497802734 0.643554688
vt 0.485839844 0.643554688
vt 0.47265625 0.649414062
vt 0.486328125 0.611816406
vt 0.467529297 0.643066406
vt 0.465576172 0.6484375
vt 0.473632812 0.622558594
vt 0.478515625 0.601074219
vt 0.484863281 0.565429688
vt 0.499023438 0.547851562
vt 0.491943359 0.515136719
vt 0.509277344 0.549804688
vt 0.500976562 0.524902344
vt 0.51953125 0.551269531
vt 0.502929688 0.501953125
vt 0.497070312 0.462890625
vt 0.511230469 0.525390625
vt 0.529785156 0.552246094
vt 0.520996094 0.526367188
vt 0.512695312 0.500976562
vt 0.513671875 0.476074219
vt 0.521972656 0.500488281
vt 0.530761719 0.526855469
vt 0.540527344 0.52734375
vt 0.53125 0.5
vt 0.537597656 0.515625
vt 0.541992188 0.525878906
vt 0.536621094 0.504394531
vt 0.549804688 0.534179688
vt 0.539550781 0.493408203
vt 0.549316406 0.554199219
vt 0.55859375 0.567871094
vt 0.559570312 0.5390625
vt 0.559082031 0.5546875
vt 0.568359375 0.56640625
vt 0.568359375 0.555175781
vt 0.570800781 0.540527344
vt 0.578125 0.555175781
vt 0.578125 0.567871094
vt 0.581542969 0.538085938
vt 0.587890625 0.5546875
vt 0.586914062 0.572265625
vt 0.591308594 0.532226562
vt 0.597167969 0.554199219
vt 0.59765625 0.528320312
vt 0.598632812 0.523925781
vt 0.607421875 0.553710938
vt 0.607421875 0.528320312
vt 0.602050781 0.513183594
vt 0.617675781 0.553222656
vt 0.607910156 0.501953125
vt 0.602050781 0.501953125
vt 0.6171875 0.528320312
vt 0.627929688 0.552246094
vt 0.638183594 0.55078125
vt 0.646972656 0.518554688
vt 0.626953125 0.527832031
vt 0.608886719 0.474609375
vt 0.598144531 0.491210938
vt 0.617675781 0.502441406
vt 0.618164062 0.476318359
vt 0.599609375 0.473632812
vt 0.590820312 0.482666016
vt 0.637207031 0.527832031
vt 0.626953125 0.503417969
vt 0.636230469 0.504882812
vt 0.635742188 0.481201172
vt 0.643554688 0.466064453
vt 0.626953125 0.478515625
vt 0.610351562 0.446044922
vt 0.58984375 0.472900391
vt 0.581054688 0.477050781
vt 0.619140625 0.448974609
vt 0.626953125 0.452880859
vt 0.601074219 0.444335938
vt 0.580078125 0.47265625
vt 0.5703125 0.474853516
vt 0.583984375 0.445556641
vt 0.59375 0.439941406
vt 0.6015625 0.431152344
vt 0.60546875 0.420410156
vt 0.572753906 0.447753906
vt 0.5703125 0.472412109
vt 0.561523438 0.475830078
vt 0.561523438 0.446289062
vt 0.560546875 0.472167969
vt 0.553710938 0.479003906
vt 0.55078125 0.472167969
vt 0.546875 0.483886719
vt 0.541015625 0.472167969
vt 0.54296875 0.48828125
vt 0.55078125 0.442382812
vt 0.551269531 0.441162109
vt 0.54296875 0.432861328
vt 0.541015625 0.442871094
vt 0.531738281 0.444335938
vt 0.538085938 0.422363281
vt 0.531738281 0.472900391
vt 0.522460938 0.474121094
vt 0.522949219 0.446777344
vt 0.514160156 0.450195312
vt 0.522949219 0.418212891
vt 0.515136719 0.423339844
vt 0.531738281 0.414306641
vt 0.537597656 0.410888672
vt 0.540527344 0.399414062
vt 0.505859375 0.454101562
vt 0.5078125 0.4296875
vt 0.506835938 0.397216797
vt 0.515625 0.395996094
vt 0.515625 0.370605469
vt 0.522460938 0.358642578
vt 0.522949219 0.388427734
vt 0.53125 0.350585938
vt 0.53125 0.383056641
vt 0.538574219 0.346923828
vt 0.540527344 0.379882812
vt 0.543945312 0.394287109
vt 0.547851562 0.389648438
vt 0.546386719 0.344726562
vt 0.55078125 0.378417969
vt 0.555175781 0.384277344
vt 0.561523438 0.377929688
vt 0.563476562 0.380859375
vt 0.572753906 0.378173828
vt 0.572753906 0.379882812
vt 0.591796875 0.344726562
vt 0.583496094 0.378417969
vt 0.584472656 0.382324219
vt 0.594238281 0.379394531
vt 0.604492188 0.347412109
vt 0.594238281 0.388427734
vt 0.604492188 0.381347656
vt 0.602050781 0.397705078
vt 0.615722656 0.352783203
vt 0.613769531 0.385009766
vt 0.60546875 0.408691406
vt 0.621582031 0.390869141
vt 0.624023438 0.361572266
vt 0.611816406 0.416259766
vt 0.620117188 0.420654297
vt 0.628417969 0.398925781
vt 0.630371094 0.373779297
vt 0.627441406 0.426269531
vt 0.634277344 0.408691406
vt 0.637207031 0.400634766
vt 0.634277344 0.432861328
vt 0.635253906 0.45703125
vt 0.225585938 0.168334961
vt 0.233398438 0.155029297
vt 0.213256836 0.17175293
vt 0.216674805 0.101196289
vt 0.238769531 0.140014648
vt 0.240112305 0.122802734
vt 0.238647461 0.0993652344
vt 0.237182617 0.0765380859
vt 0.218994141 0.054473877
vt 0.236328125 0.0595703125
vt 0.234130859 0.0433654785
vt 0.231445312 0.0286407471
vt 0.222412109 0.0212097168
vt 0.20715332 0.0415649414
vt 0.211547852 0.0272064209
vt 0.202514648 0.0562133789
vt 0.197509766 0.0733642578
vt 0.194335938 0.0974121094
vt 0.191040039 0.12097168
vt 0.191040039 0.138061523
vt 0.194702148 0.153442383
vt 0.201416016 0.167236328
vt 0.473144531 0.480712891
vt 0.48828125 0.483398438
vt 0.477783203 0.476806641
vt 0.462402344 0.510742188
vt 0.490234375 0.485351562
vt 0.454345703 0.51953125
vt 0.458007812 0.496337891
vt 0.444580078 0.513671875
vt 0.437255859 0.554199219
vt 0.43359375 0.561035156
vt 0.427246094 0.545410156
vt 0.416259766 0.593261719
vt 0.426757812 0.604003906
vt 0.428222656 0.6015625
vt 0.418457031 0.643554688
vt 0.432128906 0.646484375
vt 0.434326172 0.6484375
vt 0.440917969 0.669921875
vt 0.433349609 0.706054688
vt 0.455566406 0.69140625
vt 0.444335938 0.700683594
vt 0.453613281 0.69140625
vt 0.456787109 0.714355469
vt 0.439697266 0.732421875
vt 0.469482422 0.725097656
vt 0.469238281 0.709960938
vt 0.490234375 0.725585938
vt 0.489257812 0.727050781
vt 0.480957031 0.734863281
vt 0.484375 0.734863281
vt 0.475341797 0.737304688
vt 0.465087891 0.74609375
vt 0.452148438 0.745605469
vt 0.441650391 0.745605469
vt 0.45703125 0.756835938
vt 0.441894531 0.756835938
vt 0.454833984 0.761230469
vt 0.939941406 0.684082031
vt 0.948730469 0.680664062
vt 0.938964844 0.682617188
vt 0.928710938 0.665039062
vt 0.934082031 0.65625
vt 0.943847656 0.670898438
vt 0.927246094 0.662597656
vt 0.925292969 0.661132812
vt 0.924804688 0.627441406
vt 0.923828125 0.62890625
vt 0.923339844 0.659667969
vt 0.916503906 0.658203125
vt 0.919921875 0.611816406
vt 0.918457031 0.583007812
vt 0.910644531 0.628417969
vt 0.90625 0.659179688
vt 0.91796875 0.594726562
vt 0.917480469 0.592773438
vt 0.90234375 0.595214844
vt 0.898925781 0.637207031
vt 0.895996094 0.661621094
vt 0.886230469 0.595214844
vt 0.892578125 0.663085938
vt 0.918457031 0.568359375
vt 0.90234375 0.593261719
vt 0.926757812 0.5390625
vt 0.877441406 0.607910156
vt 0.869140625 0.595214844
vt 0.902832031 0.576660156
vt 0.886230469 0.59375
vt 0.905273438 0.568359375
vt 0.885742188 0.568359375
vt 0.869140625 0.59375
vt 0.918457031 0.567871094
vt 0.866699219 0.578125
vt 0.868652344 0.568359375
vt 0.845703125 0.593261719
vt 0.846191406 0.568359375
vt 0.856933594 0.610839844
vt 0.845703125 0.595214844
vt 0.846191406 0.579589844
vt 0.825195312 0.578125
vt 0.823242188 0.567871094
vt 0.822753906 0.593261719
vt 0.806640625 0.567871094
vt 0.805664062 0.592773438
vt 0.789550781 0.575683594
vt 0.787109375 0.567382812
vt 0.789550781 0.592285156
vt 0.773925781 0.567382812
vt 0.774414062 0.591796875
vt 0.7734375 0.586914062
vt 0.774414062 0.59375
vt 0.773925781 0.566894531
vt 0.771972656 0.610351562
vt 0.767089844 0.540039062
vt 0.764648438 0.6328125
vt 0.777832031 0.623535156
vt 0.78515625 0.629882812
vt 0.789550781 0.594238281
vt 0.805664062 0.594726562
vt 0.768066406 0.626953125
vt 0.756835938 0.653808594
vt 0.739746094 0.676757812
vt 0.741210938 0.677734375
vt 0.772460938 0.642578125
vt 0.780273438 0.649414062
vt 0.768066406 0.5390625
vt 0.763671875 0.521484375
vt 0.749023438 0.493896484
vt 0.778808594 0.55078125
vt 0.787597656 0.566894531
vt 0.774902344 0.532226562
vt 0.788085938 0.55859375
vt 0.806640625 0.567382812
vt 0.756835938 0.504394531
vt 0.785644531 0.541992188
vt 0.806640625 0.544433594
vt 0.823242188 0.567382812
vt 0.783691406 0.526855469
vt 0.745605469 0.485107422
vt 0.735839844 0.478515625
vt 0.762207031 0.493652344
vt 0.774414062 0.501464844
vt 0.779785156 0.501953125
vt 0.783691406 0.520996094
vt 0.785644531 0.511230469
vt 0.795898438 0.508300781
vt 0.807617188 0.511230469
vt 0.826171875 0.539550781
vt 0.816894531 0.513183594
vt 0.825683594 0.564453125
vt 0.846191406 0.567871094
vt 0.826171875 0.517089844
vt 0.827148438 0.513671875
vt 0.846191406 0.518066406
vt 0.849609375 0.514160156
vt 0.846191406 0.541015625
vt 0.846191406 0.565429688
vt 0.866210938 0.517578125
vt 0.87109375 0.513671875
vt 0.885742188 0.511230469
vt 0.866210938 0.540039062
vt 0.886230469 0.544921875
vt 0.866699219 0.564453125
vt 0.869140625 0.567871094
vt 0.885742188 0.567871094
vt 0.896484375 0.520507812
vt 0.909667969 0.52734375
vt 0.897460938 0.508300781
vt 0.913574219 0.506835938
vt 0.914550781 0.502441406
vt 0.907226562 0.542480469
vt 0.929199219 0.505859375
vt 0.933105469 0.494628906
vt 0.904296875 0.559570312
vt 0.904785156 0.567871094
vt 0.916015625 0.516113281
vt 0.918457031 0.533203125
vt 0.9140625 0.551757812
vt 0.937988281 0.505859375
vt 0.924804688 0.540527344
vt 0.930175781 0.522949219
vt 0.946289062 0.495361328
vt 0.943359375 0.49609375
vt 0.940917969 0.493408203
vt 0.949707031 0.486572266
vt 0.961425781 0.478515625
vt 0.749023438 0.68359375
vt 0.749511719 0.681640625
vt 0.750488281 0.680175781
vt 0.76171875 0.662597656
vt 0.763183594 0.660644531
vt 0.765136719 0.659179688
vt 0.767089844 0.658203125
vt 0.774414062 0.656738281
vt 0.784667969 0.657714844
vt 0.794921875 0.660644531
vt 0.797851562 0.662109375
vt 0.8125 0.625
vt 0.813476562 0.666503906
vt 0.813964844 0.606933594
vt 0.822753906 0.595214844
vt 0.834472656 0.610839844
vt 0.833984375 0.62890625
vt 0.833007812 0.668945312
vt 0.857421875 0.629394531
vt 0.87109375 0.66796875
vt 0.0181274414 0.413574219
vt 0.0249176025 0.413818359
vt 0.0248413086 0.403564453
vt 0.0182647705 0.401855469
vt 0.0244293213 0.393310547
vt 0.0183563232 0.389892578
vt 0.0237579346 0.383056641
vt 0.0184326172 0.378173828
vt 0.0229797363 0.371337891
vt 0.0184783936 0.366210938
vt 0.0225982666 0.359619141
vt 0.0185394287 0.354492188
vt 0.0229492188 0.347900391
vt 0.0185699463 0.342529297
vt 0.0238800049 0.336425781
vt 0.0186157227 0.330810547
vt 0.0249176025 0.324707031
vt 0.0186309814 0.318847656
vt 0.0255584717 0.313232422
vt 0.0186462402 0.307128906
vt 0.0255889893 0.301513672
vt 0.018661499 0.295166016
vt 0.0249938965 0.289794922
vt 0.0186767578 0.283447266
vt 0.0239868164 0.278320312
vt 0.0186767578 0.271728516
vt 0.0230865479 0.266601562
vt 0.018661499 0.259765625
vt 0.0227508545 0.254882812
vt 0.0186462402 0.247924805
vt 0.0231323242 0.243286133
vt 0.0186309814 0.236083984
vt 0.0235137939 0.237304688
vt 0.0239257812 0.231201172
vt 0.0184936523 0.224243164
vt 0.0245361328 0.221069336
vt 0.0183258057 0.212402344
vt 0.0249023438 0.210693359
vt 0.0181274414 0.200561523
vt 0.0249176025 0.200439453
vt 0.451904297 0.0420837402
vt 0.456054688 0.0532226562
vt 0.463623047 0.062286377
vt 0.456054688 0.0191345215
vt 0.5078125 0.0100631714
vt 0.451904297 0.0302581787
vt 0.474121094 0.0681762695
vt 0.474121094 0.00414657593
vt 0.463623047 0.0100631714
vt 0.497558594 0.00414657593
vt 0.485839844 0.00209236145
vt 0.497558594 0.0681762695
vt 0.485839844 0.0702514648
vt 0.515625 0.0532226562
vt 0.5078125 0.062286377
vt 0.51953125 0.0302581787
vt 0.515625 0.0191345215
vt 0.51953125 0.0420837402
vt 0.309082031 0.138183594
vt 0.302001953 0.138061523
vt 0.302001953 0.146972656
vt 0.308837891 0.150024414
vt 0.302001953 0.155883789
vt 0.30859375 0.161865234
vt 0.302246094 0.164794922
vt 0.302490234 0.170898438
vt 0.30859375 0.173706055
vt 0.302734375 0.177001953
vt 0.30859375 0.185546875
vt 0.303222656 0.188598633
vt 0.30859375 0.197387695
vt 0.303466797 0.200317383
vt 0.30859375 0.209228516
vt 0.303222656 0.211914062
vt 0.30859375 0.221069336
vt 0.302734375 0.223510742
vt 0.30859375 0.232910156
vt 0.302490234 0.235107422
vt 0.30859375 0.244750977
vt 0.302490234 0.246704102
vt 0.308837891 0.256591797
vt 0.302734375 0.258300781
vt 0.308837891 0.268310547
vt 0.303222656 0.270019531
vt 0.308837891 0.280273438
vt 0.303466797 0.281494141
vt 0.308837891 0.291992188
vt 0.303466797 0.293212891
vt 0.308837891 0.303955078
vt 0.303222656 0.304931641
vt 0.308837891 0.315673828
vt 0.302978516 0.31640625
vt 0.309082031 0.327636719
vt 0.302490234 0.328125
vt 0.309082031 0.339355469
vt 0.302246094 0.339599609
vt 0.309082031 0.351318359
vt 0.302001953 0.351318359
vt 0.881835938 0.8125
vt 0.863769531 0.827148438
vt 0.874023438 0.821289062
vt 0.840332031 0.827148438
vt 0.852050781 0.829589844
vt 0.822265625 0.8125
vt 0.830078125 0.821289062
vt 0.822265625 0.778320312
vt 0.818359375 0.801269531
vt 0.818359375 0.789550781
vt 0.885742188 0.801269531
vt 0.885742188 0.789550781
vt 0.852050781 0.761230469
vt 0.830078125 0.769042969
vt 0.840332031 0.763183594
vt 0.881835938 0.778320312
vt 0.874023438 0.769042969
vt 0.863769531 0.763183594
vt 0.629882812 0.0484313965
vt 0.622558594 0.0482788086
vt 0.622558594 0.0571899414
vt 0.629882812 0.0602722168
vt 0.623046875 0.0661010742
vt 0.629394531 0.0720825195
vt 0.623535156 0.075012207
vt 0.623535156 0.0809936523
vt 0.629394531 0.0839233398
vt 0.624023438 0.0870361328
vt 0.629394531 0.0957641602
vt 0.625 0.0986328125
vt 0.629394531 0.10760498
vt 0.625 0.110290527
vt 0.629394531 0.119445801
vt 0.625 0.121948242
vt 0.629394531 0.131225586
vt 0.624511719 0.133544922
vt 0.629394531 0.143066406
vt 0.624023438 0.145141602
vt 0.629394531 0.154907227
vt 0.624023438 0.156860352
vt 0.629394531 0.166748047
vt 0.624511719 0.168457031
vt 0.629394531 0.178588867
vt 0.625 0.180053711
vt 0.629882812 0.190429688
vt 0.625 0.191772461
vt 0.629882812 0.202270508
vt 0.625488281 0.203369141
vt 0.629882812 0.214111328
vt 0.625 0.21496582
vt 0.629882812 0.225952148
vt 0.624023438 0.22668457
vt 0.629882812 0.237792969
vt 0.623535156 0.23828125
vt 0.629882812 0.249633789
vt 0.623046875 0.24987793
vt 0.629882812 0.261474609
vt 0.622558594 0.261474609
vt 0.670898438 0.249755859
vt 0.648925781 0.241821289
vt 0.659179688 0.247680664
vt 0.670898438 0.181640625
vt 0.682617188 0.18371582
vt 0.692871094 0.189575195
vt 0.641113281 0.198730469
vt 0.659179688 0.18371582
vt 0.648925781 0.189575195
vt 0.637207031 0.209838867
vt 0.641113281 0.232788086
vt 0.637207031 0.221679688
vt 0.700683594 0.232788086
vt 0.692871094 0.241821289
vt 0.682617188 0.247680664
vt 0.704589844 0.209838867
vt 0.700683594 0.198730469
vt 0.704589844 0.221679688
vt 0.13671875 0.145629883
vt 0.13671875 0.158813477
vt 0.146240234 0.16784668
vt 0.146362305 0.128662109
vt 0.155273438 0.159667969
vt 0.15625 0.145996094
vt 0.156494141 0.124389648
vt 0.13684082 0.124694824
vt 0.156860352 0.106933594
vt 0.146972656 0.0940551758
vt 0.135620117 0.107055664
vt 0.156738281 0.0836791992
vt 0.137573242 0.0828857422
vt 0.147827148 0.0605163574
vt 0.158691406 0.0583190918
vt 0.137207031 0.0576171875
vt 0.161376953 0.0415039062
vt 0.135620117 0.0406799316
vt 0.160644531 0.0236816406
vt 0.137573242 0.0227661133
vt 0.149780273 0.00513839722
vt 0.159057617 0.0118713379
vt 0.139892578 0.0112915039
vt 0.101806641 0.900390625
vt 0.111633301 0.8828125
vt 0.105102539 0.892089844
vt 0.100158691 0.91015625
vt 0.17578125 0.942871094
vt 0.124145508 0.871582031
vt 0.174072266 0.944824219
vt 0.100280762 0.931152344
vt 0.178100586 0.94140625
vt 0.139892578 0.861328125
vt 0.155883789 0.853515625
vt 0.173339844 0.946777344
vt 0.103027344 0.950683594
vt 0.108459473 0.962890625
vt 0.180786133 0.940917969
vt 0.166992188 0.852050781
vt 0.173095703 0.948730469
vt 0.115844727 0.971679688
vt 0.129394531 0.981445312
vt 0.174194336 0.970703125
vt 0.145996094 0.990234375
vt 0.174560547 0.97265625
vt 0.182861328 0.850097656
vt 0.162597656 0.996582031
vt 0.175415039 0.974609375
vt 0.176757812 0.976074219
vt 0.178588867 0.977050781
vt 0.180541992 0.978027344
vt 0.17590332 0.997558594
vt 0.189941406 0.997558594
vt 0.182617188 0.978027344
vt 0.188964844 0.977539062
vt 0.221801758 0.998535156
vt 0.187133789 0.940429688
vt 0.214477539 0.846191406
vt 0.368652344 0.926269531
vt 0.369140625 0.914550781
vt 0.3671875 0.902832031
vt 0.384521484 0.92578125
vt 0.384765625 0.91015625
vt 0.381591797 0.897460938
vt 0.37890625 0.943359375
vt 0.373779297 0.883300781
vt 0.365966797 0.9375
vt 0.371826172 0.954101562
vt 0.360839844 0.947753906
vt 0.360839844 0.965332031
vt 0.348876953 0.9609375
vt 0.345947266 0.976074219
vt 0.329345703 0.97265625
vt 0.300292969 0.99609375
vt 0.299560547 0.984863281
vt 0.277099609 0.998535156
vt 0.258544922 1
vt 0.361572266 0.889160156
vt 0.35546875 0.880859375
vt 0.355957031 0.866210938
vt 0.344482422 0.871582031
vt 0.340332031 0.856933594
vt 0.323974609 0.861816406
vt 0.292724609 0.841308594
vt 0.293212891 0.852539062
vt 0.26953125 0.841308594
vt 0.251464844 0.841308594
vt 0.380615234 0.354980469
vt 0.370117188 0.363037109
vt 0.37890625 0.364501953
vt 0.387207031 0.358886719
vt 0.380859375 0.365234375
vt 0.388916016 0.360107422
vt 0.382324219 0.366210938
vt 0.390625 0.361572266
vt 0.383544922 0.3671875
vt 0.392333984 0.36328125
vt 0.384521484 0.368652344
vt 0.393554688 0.365234375
vt 0.385009766 0.370117188
vt 0.39453125 0.3671875
vt 0.385253906 0.372070312
vt 0.395263672 0.369140625
vt 0.395751953 0.394287109
vt 0.385009766 0.391845703
vt 0.395019531 0.396484375
vt 0.385009766 0.393798828
vt 0.394042969 0.398681641
vt 0.384521484 0.395751953
vt 0.392333984 0.401367188
vt 0.383056641 0.397460938
vt 0.390136719 0.403564453
vt 0.381347656 0.398925781
vt 0.387695312 0.405761719
vt 0.37890625 0.399902344
vt 0.381103516 0.409912109
vt 0.370117188 0.402099609
vt 0.358398438 0.363037109
vt 0.358398438 0.402099609
vt 0.370117188 0.402099609
vt 0.370117188 0.363037109
vt 0.385009766 0.391845703
vt 0.384521484 0.395751953
vt 0.385009766 0.393798828
vt 0.383056641 0.397460938
vt 0.381347656 0.398925781
vt 0.37890625 0.399902344
vt 0.370117188 0.402099609
vt 0.370117188 0.363037109
vt 0.385253906 0.372070312
vt 0.37890625 0.364501953
vt 0.380859375 0.365234375
vt 0.382324219 0.366210938
vt 0.383544922 0.3671875
vt 0.384521484 0.368652344
vt 0.385009766 0.370117188
vt 0.0347595215 0.596191406
vt 0.0708007812 0.630371094
vt 0.071472168 0.62109375
vt 0.0522766113 0.584472656
vt 0.0747680664 0.588378906
vt 0.0492553711 0.584960938
vt 0.0550231934 0.583007812
vt 0.046295166 0.584472656
vt 0.0436401367 0.583007812
vt 0.0416564941 0.580566406
vt 0.0571899414 0.581054688
vt 0.0225372314 0.578613281
vt 0.0584716797 0.578613281
vt 0.0404968262 0.577636719
vt 0.0402832031 0.574707031
vt 0.0410766602 0.571777344
vt 0.0427856445 0.569335938
vt 0.00748825073 0.545410156
vt 0.0451965332 0.567382812
vt 0.0480651855 0.56640625
vt 0.00224876404 0.516601562
vt 0.0589599609 0.575683594
vt 0.0615539551 0.565917969
vt 0.0816650391 0.555664062
vt 0.0586242676 0.573242188
vt 0.0577392578 0.571289062
vt 0.056427002 0.569335938
vt 0.0540161133 0.567382812
vt 0.0511169434 0.56640625
vt 0.00604248047 0.493896484
vt 0.0368347168 0.506347656
vt 0.0557250977 0.519042969
vt 0.076965332 0.532226562
vt 0.0874633789 0.538574219
vt 0.0946655273 0.522460938
vt 0.0750732422 0.494384766
vt 0.0948486328 0.501953125
vt 0.111938477 0.493652344
vt 0.119140625 0.448974609
vt 0.133911133 0.457763672
vt 0.14440918 0.458251953
vt 0.167114258 0.409667969
vt 0.179931641 0.423095703
vt 0.184082031 0.430419922
vt 0.211181641 0.408691406
vt 0.231079102 0.413085938
vt 0.231201172 0.40625
vt 0.0562744141 0.486328125
vt 0.104736328 0.439941406
vt 0.0383911133 0.478271484
vt 0.0198059082 0.494873047
vt 0.0906982422 0.430419922
vt 0.150756836 0.36328125
vt 0.154296875 0.396972656
vt 0.141113281 0.385253906
vt 0.156738281 0.371826172
vt 0.175048828 0.382080078
vt 0.194824219 0.366210938
vt 0.154174805 0.358154297
vt 0.155883789 0.354492188
vt 0.156982422 0.351074219
vt 0.157592773 0.347412109
vt 0.189575195 0.395019531
vt 0.190307617 0.397949219
vt 0.191894531 0.400634766
vt 0.194335938 0.40234375
vt 0.197265625 0.403564453
vt 0.189819336 0.392089844
vt 0.191040039 0.389160156
vt 0.200317383 0.403564453
vt 0.203125 0.402587891
vt 0.205688477 0.400878906
vt 0.193115234 0.386962891
vt 0.195800781 0.385498047
vt 0.198486328 0.385009766
vt 0.207397461 0.3984375
vt 0.201293945 0.385498047
vt 0.208251953 0.395507812
vt 0.208007812 0.392333984
vt 0.20690918 0.389648438
vt 0.231201172 0.379882812
vt 0.204956055 0.387207031
vt 0.231201172 0.354980469
vt 0.204956055 0.343994141
vt 0.222412109 0.344970703
vt 0.231201172 0.327880859
vt 0.223388672 0.326416016
vt 0.223388672 0.307128906
vt 0.231201172 0.305664062
vt 0.222412109 0.288574219
vt 0.231201172 0.278564453
vt 0.206054688 0.307373047
vt 0.206054688 0.326171875
vt 0.173339844 0.342285156
vt 0.174072266 0.325683594
vt 0.158935547 0.316650391
vt 0.174194336 0.307617188
vt 0.157592773 0.285888672
vt 0.194824219 0.267333984
vt 0.156982422 0.282470703
vt 0.155883789 0.279052734
vt 0.154174805 0.275146484
vt 0.231323242 0.253662109
vt 0.150756836 0.270019531
vt 0.165771484 0.245117188
vt 0.203125 0.247436523
vt 0.204956055 0.24621582
vt 0.20703125 0.243896484
vt 0.201416016 0.248046875
vt 0.198608398 0.248413086
vt 0.195922852 0.247802734
vt 0.231323242 0.227172852
vt 0.193237305 0.246337891
vt 0.208129883 0.241088867
vt 0.191162109 0.244140625
vt 0.208374023 0.238037109
vt 0.207519531 0.235107422
vt 0.205810547 0.232666016
vt 0.20324707 0.230834961
vt 0.231201172 0.220336914
vt 0.19543457 0.218261719
vt 0.200439453 0.229980469
vt 0.197387695 0.229980469
vt 0.189941406 0.241333008
vt 0.184204102 0.20300293
vt 0.194458008 0.230957031
vt 0.180908203 0.232299805
vt 0.189697266 0.23840332
vt 0.192138672 0.232910156
vt 0.190429688 0.235473633
vt 0.164550781 0.200561523
vt 0.14440918 0.175292969
vt 0.140258789 0.225219727
vt 0.15234375 0.213134766
vt 0.0524902344 0.16809082
vt 0.00601577759 0.139404297
vt 0.0697021484 0.16027832
vt 0.0277709961 0.145507812
vt 0.0455627441 0.136108398
vt 0.0876464844 0.153198242
vt 0.0818481445 0.0780029297
vt 0.00224876404 0.11706543
vt 0.106262207 0.146606445
vt 0.111938477 0.139770508
vt 0.0646972656 0.126342773
vt 0.0852050781 0.116394043
vt 0.0947265625 0.110961914
vt 0.0875854492 0.0947265625
vt 0.0495605469 0.0670776367
vt 0.0616455078 0.0672607422
vt 0.00752639771 0.0878295898
vt 0.0748901367 0.0451660156
vt 0.0465698242 0.0665283203
vt 0.0525817871 0.0666503906
vt 0.0438842773 0.0650634766
vt 0.0418395996 0.0628662109
vt 0.0406188965 0.0600891113
vt 0.0552978516 0.065246582
vt 0.0203094482 0.048614502
vt 0.0403442383 0.0570678711
vt 0.0410766602 0.054107666
vt 0.0574035645 0.0630493164
vt 0.0587158203 0.060333252
vt 0.0590820312 0.0575561523
vt 0.0348205566 0.0372924805
vt 0.05859375 0.0548095703
vt 0.0427246094 0.051574707
vt 0.0573120117 0.0523376465
vt 0.0557861328 0.0507202148
vt 0.0539245605 0.0494689941
vt 0.0451049805 0.0496826172
vt 0.0716552734 0.0120391846
vt 0.0479736328 0.0486450195
vt 0.0710449219 0.0030002594
vt 0.0510253906 0.0485839844
vt 0.907226562 0.352294922
vt 0.905761719 0.358886719
vt 0.921386719 0.368652344
vt 0.888671875 0.321044922
vt 0.88671875 0.338623047
vt 0.891601562 0.351074219
vt 0.891601562 0.351318359
vt 0.876953125 0.343017578
vt 0.879394531 0.346923828
vt 0.860839844 0.34375
vt 0.849121094 0.336914062
vt 0.873046875 0.333007812
vt 0.875488281 0.314941406
vt 0.849121094 0.341308594
vt 0.845214844 0.344482422
vt 0.832519531 0.347412109
vt 0.822753906 0.347900391
vt 0.817382812 0.354248047
vt 0.812011719 0.345214844
vt 0.797363281 0.368652344
vt 0.807128906 0.328613281
vt 0.82421875 0.337402344
vt 0.848144531 0.328857422
vt 0.865722656 0.313720703
vt 0.846679688 0.312988281
vt 0.828125 0.317138672
vt 0.867675781 0.296875
vt 0.860351562 0.297119141
vt 0.866210938 0.280029297
vt 0.879882812 0.292724609
vt 0.859863281 0.281494141
vt 0.868652344 0.279052734
vt 0.871582031 0.277587891
vt 0.874511719 0.275390625
vt 0.880859375 0.270019531
vt 0.850585938 0.282958984
vt 0.845214844 0.298095703
vt 0.832519531 0.284423828
vt 0.830078125 0.300048828
vt 0.818359375 0.320068359
vt 0.822753906 0.30078125
vt 0.821289062 0.284179688
vt 0.810058594 0.299072266
vt 0.818847656 0.283691406
vt 0.815917969 0.282714844
vt 0.8125 0.28125
vt 0.8046875 0.276855469
vt 0.145629883 0.335449219
vt 0.141357422 0.332519531
vt 0.141601562 0.335693359
vt 0.145629883 0.332275391
vt 0.141235352 0.329589844
vt 0.145629883 0.329101562
vt 0.141235352 0.326660156
vt 0.145629883 0.325683594
vt 0.141235352 0.323486328
vt 0.145629883 0.322509766
vt 0.141357422 0.320556641
vt 0.145629883 0.319335938
vt 0.141479492 0.317382812
vt 0.145629883 0.316162109
vt 0.141723633 0.314453125
vt 0.145629883 0.312744141
vt 0.141967773 0.311523438
vt 0.145629883 0.309570312
vt 0.142089844 0.308349609
vt 0.145629883 0.306396484
vt 0.142089844 0.305419922
vt 0.145629883 0.303222656
vt 0.141967773 0.302246094
vt 0.145629883 0.300048828
vt 0.141723633 0.299316406
vt 0.145629883 0.296630859
vt 0.141601562 0.296386719
vt 0.145629883 0.293457031
vt 0.141479492 0.293212891
vt 0.145629883 0.290283203
vt 0.141479492 0.290283203
vt 0.141479492 0.287353516
vt 0.145629883 0.287109375
vt 0.141601562 0.284667969
vt 0.145629883 0.283691406
vt 0.141601562 0.280517578
vt 0.145629883 0.280517578
vt 0.141601562 0.277587891
vt 0.145629883 0.27734375
vt 0.127685547 0.319824219
vt 0.131835938 0.320068359
vt 0.131835938 0.316894531
vt 0.127685547 0.316894531
vt 0.127685547 0.314453125
vt 0.131835938 0.313476562
vt 0.127685547 0.312744141
vt 0.131713867 0.310302734
vt 0.127563477 0.310058594
vt 0.131713867 0.307128906
vt 0.127563477 0.307128906
vt 0.127563477 0.304199219
vt 0.131713867 0.303955078
vt 0.127685547 0.301025391
vt 0.131713867 0.30078125
vt 0.127929688 0.298095703
vt 0.131713867 0.297363281
vt 0.128051758 0.295166016
vt 0.131713867 0.294189453
vt 0.128295898 0.291992188
vt 0.131713867 0.291015625
vt 0.128295898 0.2890625
vt 0.131713867 0.287841797
vt 0.128173828 0.285888672
vt 0.131835938 0.284423828
vt 0.127929688 0.282958984
vt 0.131835938 0.28125
vt 0.127685547 0.280029297
vt 0.131835938 0.278076172
vt 0.127441406 0.276855469
vt 0.131835938 0.274902344
vt 0.127441406 0.273925781
vt 0.131835938 0.271728516
vt 0.127441406 0.270751953
vt 0.131835938 0.268310547
vt 0.127441406 0.267822266
vt 0.131835938 0.265136719
vt 0.127685547 0.264648438
vt 0.131835938 0.261962891
vt 0.127807617 0.26171875
vt 0.310791016 0.061706543
vt 0.314941406 0.0624389648
vt 0.314941406 0.0592346191
vt 0.310791016 0.0586853027
vt 0.314941406 0.0559997559
vt 0.310791016 0.0556640625
vt 0.314941406 0.0527648926
vt 0.310791016 0.0526428223
vt 0.310791016 0.0504150391
vt 0.314941406 0.0495300293
vt 0.310791016 0.0482177734
vt 0.314941406 0.0463256836
vt 0.310546875 0.0454101562
vt 0.314941406 0.0430908203
vt 0.310546875 0.0426330566
vt 0.314941406 0.039855957
vt 0.310546875 0.039855957
vt 0.310546875 0.0368347168
vt 0.314941406 0.0366210938
vt 0.310546875 0.0338134766
vt 0.314941406 0.0333862305
vt 0.310546875 0.0307769775
vt 0.314941406 0.030166626
vt 0.310546875 0.0277557373
vt 0.314941406 0.0269470215
vt 0.310791016 0.0247344971
vt 0.314941406 0.0237121582
vt 0.310791016 0.0217132568
vt 0.314941406 0.0204925537
vt 0.310791016 0.0186767578
vt 0.314941406 0.0172576904
vt 0.310791016 0.0156555176
vt 0.314941406 0.0140380859
vt 0.310791016 0.0126342773
vt 0.314941406 0.0108108521
vt 0.310791016 0.00960540771
vt 0.314941406 0.00757980347
vt 0.310791016 0.00657653809
vt 0.314941406 0.00435256958
vt 0.310791016 0.0035533905
vt 0.196899414 0.0602416992
vt 0.192749023 0.0594177246
vt 0.192749023 0.0624389648
vt 0.196777344 0.0570373535
vt 0.192749023 0.0563964844
vt 0.196777344 0.0538024902
vt 0.192749023 0.0533752441
vt 0.196777344 0.050567627
vt 0.192749023 0.0503540039
vt 0.196777344 0.0473327637
vt 0.192626953 0.0473022461
vt 0.192626953 0.0442810059
vt 0.196777344 0.044128418
vt 0.192626953 0.0412597656
vt 0.196777344 0.0408935547
vt 0.192504883 0.0382385254
vt 0.196777344 0.0376586914
vt 0.192504883 0.0352172852
vt 0.196777344 0.0344238281
vt 0.192504883 0.0321960449
vt 0.196777344 0.0312042236
vt 0.192382812 0.0291748047
vt 0.196777344 0.0279693604
vt 0.192382812 0.0269622803
vt 0.196777344 0.0247497559
vt 0.192382812 0.0247344971
vt 0.192504883 0.0219573975
vt 0.196777344 0.0215148926
vt 0.192504883 0.0191802979
vt 0.196777344 0.0182952881
vt 0.192626953 0.0163879395
vt 0.196777344 0.0150680542
vt 0.192626953 0.0133666992
vt 0.196777344 0.0118408203
vt 0.192749023 0.010345459
vt 0.196777344 0.00861358643
vt 0.192749023 0.00732421875
vt 0.196777344 0.00538253784
vt 0.192749023 0.00430297852
vt 0.196899414 0.0021572113
vt 0.0361938477 0.19152832
vt 0.0181274414 0.187255859
vt 0.0453491211 0.207275391
vt 0.0588684082 0.196777344
vt 0.0640258789 0.204223633
vt 0.0816040039 0.232543945
vt 0.072265625 0.245117188
vt 0.0944213867 0.263183594
vt 0.0857543945 0.289306641
vt 0.098449707 0.280761719
vt 0.100402832 0.298339844
vt 0.0845947266 0.335449219
vt 0.0989379883 0.331787109
vt 0.0856323242 0.377929688
vt 0.0701293945 0.379394531
vt 0.0605773926 0.419189453
vt 0.0442504883 0.41796875
vt 0.0233306885 0.452636719
vt 0.0196380615 0.44140625
vt 0.0181274414 0.439697266
vt 0.651367188 0.932128906
vt 0.60546875 0.951171875
vt 0.629882812 0.945800781
vt 0.580078125 0.948242188
vt 0.557617188 0.937011719
vt 0.540039062 0.918457031
vt 0.530273438 0.895507812
vt 0.529296875 0.870117188
vt 0.666503906 0.912109375
vt 0.536621094 0.846191406
vt 0.551757812 0.826171875
vt 0.673828125 0.887695312
vt 0.672851562 0.862792969
vt 0.573242188 0.812011719
vt 0.663085938 0.83984375
vt 0.645507812 0.821289062
vt 0.623046875 0.809570312
vt 0.59765625 0.806640625
vt 0.589355469 0.990722656
vt 0.567382812 0.987792969
vt 0.56640625 0.993652344
vt 0.589355469 0.997070312
vt 0.611328125 0.991210938
vt 0.611816406 0.997070312
vt 0.634277344 0.994140625
vt 0.633789062 0.98828125
vt 0.104736328 0.359619141
vt 0.104736328 0.366943359
vt 0.110473633 0.365234375
vt 0.114196777 0.359619141
vt 0.114990234 0.358398438
vt 0.104736328 0.356445312
vt 0.115661621 0.356933594
vt 0.116821289 0.354248047
vt 0.104736328 0.353271484
vt 0.117614746 0.3515625
vt 0.104736328 0.350097656
vt 0.118041992 0.348876953
vt 0.104736328 0.346923828
vt 0.118103027 0.34765625
vt 0.118103027 0.346435547
vt 0.104736328 0.34375
vt 0.117797852 0.34375
vt 0.11706543 0.340820312
vt 0.104736328 0.340576172
vt 0.115783691 0.337646484
vt 0.104736328 0.337402344
vt 0.114013672 0.334228516
vt 0.104736328 0.334228516
vt 0.110473633 0.329101562
vt 0.104736328 0.327392578
vt 0.045715332 0.390869141
vt 0.045715332 0.398193359
vt 0.0514526367 0.396484375
vt 0.0551452637 0.390869141
vt 0.045715332 0.387695312
vt 0.056427002 0.388671875
vt 0.0575256348 0.386230469
vt 0.045715332 0.384521484
vt 0.0584411621 0.383300781
vt 0.045715332 0.381347656
vt 0.0589599609 0.380371094
vt 0.045715332 0.378173828
vt 0.0590515137 0.377441406
vt 0.045715332 0.375
vt 0.0587158203 0.374511719
vt 0.0579528809 0.371826172
vt 0.045715332 0.371826172
vt 0.0567016602 0.368652344
vt 0.045715332 0.368652344
vt 0.0549621582 0.365478516
vt 0.045715332 0.365478516
vt 0.0514526367 0.360351562
vt 0.045715332 0.358642578
vt 0.672851562 0.966308594
vt 0.654785156 0.979980469
vt 0.658691406 0.984863281
vt 0.676757812 0.971191406
vt 0.688476562 0.951171875
vt 0.692871094 0.955078125
vt 0.70703125 0.9375
vt 0.702148438 0.93359375
vt 0.279541016 0.00351333618
vt 0.273681641 0.0051574707
vt 0.279541016 0.0107421875
vt 0.270019531 0.0107269287
vt 0.279541016 0.0139083862
vt 0.268798828 0.0130615234
vt 0.267578125 0.0154800415
vt 0.279541016 0.017074585
vt 0.266845703 0.0182800293
vt 0.279541016 0.0202331543
vt 0.266357422 0.0211639404
vt 0.279541016 0.0234069824
vt 0.266113281 0.0240936279
vt 0.279541016 0.0265655518
vt 0.266601562 0.0270233154
vt 0.267333984 0.0298614502
vt 0.279541016 0.0297393799
vt 0.268554688 0.0328674316
vt 0.279541016 0.0328979492
vt 0.270263672 0.0360717773
vt 0.279541016 0.0360717773
vt 0.273681641 0.0412902832
vt 0.279541016 0.0429382324
vt 0.714355469 0.890625
vt 0.711425781 0.912597656
vt 0.717285156 0.913574219
vt 0.720214844 0.891113281
vt 0.714355469 0.869140625
vt 0.720214844 0.868652344
vt 0.717773438 0.846679688
vt 0.711425781 0.847167969
vt 0.652832031 0.784179688
vt 0.674316406 0.79296875
vt 0.656738281 0.779296875
vt 0.650390625 0.787109375
vt 0.645507812 0.821289062
vt 0.647460938 0.788574219
vt 0.64453125 0.7890625
vt 0.689941406 0.80859375
vt 0.623046875 0.809570312
vt 0.641601562 0.788574219
vt 0.638671875 0.787109375
vt 0.63671875 0.78515625
vt 0.635253906 0.782226562
vt 0.59765625 0.806640625
vt 0.663085938 0.83984375
vt 0.613769531 0.767089844
vt 0.634765625 0.779785156
vt 0.634765625 0.776855469
vt 0.635742188 0.770019531
vt 0.591796875 0.766601562
vt 0.5703125 0.779785156
vt 0.5703125 0.775878906
vt 0.569335938 0.76953125
vt 0.569335938 0.783203125
vt 0.573242188 0.812011719
vt 0.567382812 0.785644531
vt 0.564941406 0.787109375
vt 0.5625 0.788085938
vt 0.560058594 0.788085938
vt 0.557128906 0.787109375
vt 0.551757812 0.826171875
vt 0.5546875 0.785644531
vt 0.530273438 0.791503906
vt 0.553222656 0.784667969
vt 0.552246094 0.783691406
vt 0.548339844 0.778320312
vt 0.514648438 0.806640625
vt 0.510253906 0.833496094
vt 0.536621094 0.846191406
vt 0.508789062 0.830566406
vt 0.505859375 0.828125
vt 0.500976562 0.82421875
vt 0.510742188 0.836425781
vt 0.529296875 0.870117188
vt 0.510253906 0.839355469
vt 0.508789062 0.842285156
vt 0.506835938 0.844238281
vt 0.504394531 0.845703125
vt 0.488769531 0.8671875
vt 0.501464844 0.846191406
vt 0.498779297 0.846191406
vt 0.491943359 0.845214844
vt 0.488769531 0.889160156
vt 0.530273438 0.895507812
vt 0.501464844 0.91015625
vt 0.497802734 0.91015625
vt 0.491455078 0.910644531
vt 0.504882812 0.911132812
vt 0.507324219 0.912597656
vt 0.540039062 0.918457031
vt 0.509277344 0.915039062
vt 0.510253906 0.91796875
vt 0.509765625 0.920898438
vt 0.508789062 0.923339844
vt 0.513183594 0.949707031
vt 0.507324219 0.92578125
vt 0.505371094 0.927734375
vt 0.5 0.931640625
vt 0.557617188 0.937011719
vt 0.528808594 0.965332031
vt 0.552734375 0.971191406
vt 0.550292969 0.973632812
vt 0.546386719 0.978515625
vt 0.555664062 0.969726562
vt 0.55859375 0.96875
vt 0.580078125 0.948242188
vt 0.561523438 0.969238281
vt 0.564453125 0.970703125
vt 0.56640625 0.97265625
vt 0.567871094 0.975585938
vt 0.60546875 0.951171875
vt 0.589355469 0.990722656
vt 0.568359375 0.978027344
vt 0.568359375 0.980957031
vt 0.567382812 0.987792969
vt 0.611328125 0.991210938
vt 0.6328125 0.978027344
vt 0.6328125 0.981933594
vt 0.633789062 0.98828125
vt 0.633789062 0.975097656
vt 0.629882812 0.945800781
vt 0.635742188 0.97265625
vt 0.637695312 0.970703125
vt 0.639160156 0.970214844
vt 0.640136719 0.970214844
vt 0.643066406 0.969726562
vt 0.645996094 0.970703125
vt 0.651367188 0.932128906
vt 0.6484375 0.972167969
vt 0.672851562 0.966308594
vt 0.649414062 0.973144531
vt 0.650878906 0.974609375
vt 0.654785156 0.979980469
vt 0.688476562 0.951171875
vt 0.692871094 0.924316406
vt 0.666503906 0.912109375
vt 0.694335938 0.927246094
vt 0.697265625 0.9296875
vt 0.702148438 0.93359375
vt 0.692382812 0.921386719
vt 0.673828125 0.887695312
vt 0.692871094 0.918457031
vt 0.694335938 0.915527344
vt 0.696289062 0.913574219
vt 0.698730469 0.912597656
vt 0.714355469 0.890625
vt 0.701660156 0.911621094
vt 0.704589844 0.911621094
vt 0.711425781 0.912597656
vt 0.714355469 0.869140625
vt 0.672851562 0.862792969
vt 0.701660156 0.848144531
vt 0.705078125 0.848144531
vt 0.711425781 0.847167969
vt 0.698242188 0.847167969
vt 0.695800781 0.845214844
vt 0.693847656 0.843261719
vt 0.693359375 0.840332031
vt 0.693359375 0.837402344
vt 0.694335938 0.834472656
vt 0.695800781 0.83203125
vt 0.697753906 0.830566406
vt 0.703125 0.826171875
vt 0.232299805 0.171386719
vt 0.2265625 0.172973633
vt 0.232299805 0.178588867
vt 0.22277832 0.178588867
vt 0.232299805 0.181762695
vt 0.221557617 0.180908203
vt 0.220458984 0.183349609
vt 0.232299805 0.184936523
vt 0.219482422 0.186157227
vt 0.232299805 0.188110352
vt 0.218994141 0.188964844
vt 0.232299805 0.19128418
vt 0.21887207 0.191894531
vt 0.232299805 0.194458008
vt 0.219238281 0.194824219
vt 0.220092773 0.197631836
vt 0.232299805 0.197509766
vt 0.221313477 0.200683594
vt 0.232299805 0.200683594
vt 0.223022461 0.203857422
vt 0.232299805 0.203857422
vt 0.2265625 0.209106445
vt 0.232299805 0.21081543
vt 0.689941406 0.80859375
vt 0.703125 0.826171875
vt 0.708007812 0.822753906
vt 0.694335938 0.8046875
vt 0.674316406 0.79296875
vt 0.678710938 0.788574219
vt 0.660644531 0.774414062
vt 0.656738281 0.779296875
vt 0.132202148 0.369140625
vt 0.126464844 0.363525391
vt 0.126342773 0.370849609
vt 0.135864258 0.363525391
vt 0.13659668 0.362304688
vt 0.126464844 0.360351562
vt 0.137329102 0.360839844
vt 0.138427734 0.358154297
vt 0.126464844 0.357177734
vt 0.139282227 0.35546875
vt 0.126464844 0.354003906
vt 0.139648438 0.352783203
vt 0.126464844 0.350830078
vt 0.139770508 0.350341797
vt 0.126464844 0.34765625
vt 0.139526367 0.34765625
vt 0.138671875 0.344726562
vt 0.126464844 0.344482422
vt 0.137451172 0.341552734
vt 0.126464844 0.341308594
vt 0.135620117 0.338134766
vt 0.126464844 0.338134766
vt 0.132202148 0.333007812
vt 0.126342773 0.331298828
vt 0.613769531 0.767089844
vt 0.635742188 0.770019531
vt 0.63671875 0.764160156
vt 0.613769531 0.761230469
vt 0.591796875 0.766601562
vt 0.591308594 0.760742188
vt 0.568847656 0.763671875
vt 0.569335938 0.76953125
vt 0.00814819336 0.482421875
vt 0.00240325928 0.476806641
vt 0.00239372253 0.483886719
vt 0.0118484497 0.476806641
vt 0.00240707397 0.473632812
vt 0.0131378174 0.474365234
vt 0.0142288208 0.471923828
vt 0.00240707397 0.470458984
vt 0.0151367188 0.469238281
vt 0.00240707397 0.467285156
vt 0.0156555176 0.466308594
vt 0.00240707397 0.464111328
vt 0.0157470703 0.463378906
vt 0.00240516663 0.4609375
vt 0.0154037476 0.460449219
vt 0.0146408081 0.457519531
vt 0.00240325928 0.457763672
vt 0.0133972168 0.454589844
vt 0.00240135193 0.454589844
vt 0.0116424561 0.451416016
vt 0.00239753723 0.451416016
vt 0.00814819336 0.446289062
vt 0.00239372253 0.444580078
vt 0.530273438 0.791503906
vt 0.548339844 0.778320312
vt 0.544433594 0.7734375
vt 0.526367188 0.787109375
vt 0.514648438 0.806640625
vt 0.510253906 0.802734375
vt 0.49609375 0.8203125
vt 0.500976562 0.82421875
vt 0.404052734 0.370849609
vt 0.409667969 0.369140625
vt 0.404052734 0.363525391
vt 0.413330078 0.363525391
vt 0.404052734 0.360351562
vt 0.414794922 0.361328125
vt 0.415771484 0.358886719
vt 0.404052734 0.357177734
vt 0.416748047 0.355957031
vt 0.404052734 0.354003906
vt 0.417236328 0.353027344
vt 0.404052734 0.350830078
vt 0.417236328 0.350097656
vt 0.404052734 0.34765625
vt 0.416992188 0.347167969
vt 0.416259766 0.344482422
vt 0.404052734 0.344482422
vt 0.415039062 0.341308594
vt 0.404052734 0.341308594
vt 0.413330078 0.338134766
vt 0.404052734 0.338134766
vt 0.409667969 0.333007812
vt 0.404052734 0.331298828
vt 0.488769531 0.8671875
vt 0.491943359 0.845214844
vt 0.485839844 0.844726562
vt 0.482910156 0.8671875
vt 0.488769531 0.889160156
vt 0.482910156 0.889160156
vt 0.485595703 0.911621094
vt 0.491455078 0.910644531
vt 0.260253906 0.413818359
vt 0.266113281 0.412109375
vt 0.260253906 0.406494141
vt 0.269775391 0.406494141
vt 0.260253906 0.403320312
vt 0.270996094 0.404052734
vt 0.272216797 0.401855469
vt 0.260253906 0.400146484
vt 0.272949219 0.398925781
vt 0.260253906 0.396972656
vt 0.2734375 0.395996094
vt 0.260253906 0.393798828
vt 0.273681641 0.393066406
vt 0.260253906 0.390625
vt 0.273193359 0.390136719
vt 0.272460938 0.387451172
vt 0.260253906 0.387451172
vt 0.271240234 0.384277344
vt 0.260253906 0.384277344
vt 0.26953125 0.381103516
vt 0.260253906 0.381103516
vt 0.266113281 0.375976562
vt 0.260253906 0.374267578
vt 0.513183594 0.949707031
vt 0.5 0.931640625
vt 0.495117188 0.935546875
vt 0.508789062 0.953613281
vt 0.528808594 0.965332031
vt 0.524902344 0.969726562
vt 0.542480469 0.983398438
vt 0.546386719 0.978515625
vt 0.783691406 0.711425781
vt 0.774902344 0.709960938
vt 0.774902344 0.711425781
vt 0.783691406 0.709960938
vt 0.774902344 0.708496094
vt 0.783691406 0.708496094
vt 0.774902344 0.70703125
vt 0.783691406 0.70703125
vt 0.774902344 0.705566406
vt 0.783691406 0.705566406
vt 0.774902344 0.704101562
vt 0.783691406 0.704101562
vt 0.774902344 0.702636719
vt 0.783691406 0.702636719
vt 0.774902344 0.701171875
vt 0.783691406 0.701171875
vt 0.774902344 0.69921875
vt 0.783691406 0.69921875
vt 0.774902344 0.697753906
vt 0.783691406 0.697753906
vt 0.774902344 0.696289062
vt 0.783691406 0.696289062
vt 0.774902344 0.694824219
vt 0.783691406 0.694824219
vt 0.774902344 0.693359375
vt 0.783691406 0.693359375
vt 0.774902344 0.691894531
vt 0.783691406 0.691894531
vt 0.774902344 0.690429688
vt 0.783691406 0.690429688
vt 0.774902344 0.688964844
vt 0.783691406 0.688964844
vt 0.774902344 0.6875
vt 0.783691406 0.6875
vt 0.774902344 0.686035156
vt 0.783691406 0.686035156
vt 0.774902344 0.684570312
vt 0.783691406 0.684570312
vt 0.796875 0.711425781
vt 0.788085938 0.709960938
vt 0.788085938 0.711425781
vt 0.796875 0.709960938
vt 0.788085938 0.708496094
vt 0.796875 0.708496094
vt 0.788085938 0.70703125
vt 0.796875 0.70703125
vt 0.788085938 0.705566406
vt 0.796875 0.705566406
vt 0.788085938 0.704101562
vt 0.796875 0.704101562
vt 0.788085938 0.702636719
vt 0.796875 0.702636719
vt 0.788085938 0.701171875
vt 0.796875 0.701171875
vt 0.788085938 0.69921875
vt 0.796875 0.69921875
vt 0.788085938 0.697753906
vt 0.796875 0.697753906
vt 0.788085938 0.696289062
vt 0.796875 0.696289062
vt 0.788085938 0.694824219
vt 0.796875 0.694824219
vt 0.788085938 0.693359375
vt 0.796875 0.693359375
vt 0.788085938 0.691894531
vt 0.796875 0.691894531
vt 0.788085938 0.690429688
vt 0.796875 0.690429688
vt 0.788085938 0.688964844
vt 0.796875 0.688964844
vt 0.788085938 0.6875
vt 0.796875 0.6875
vt 0.788085938 0.686035156
vt 0.796875 0.686035156
vt 0.788085938 0.684570312
vt 0.796875 0.684570312
vt 0.810058594 0.711425781
vt 0.801269531 0.709960938
vt 0.801269531 0.711425781
vt 0.810058594 0.709960938
vt 0.801269531 0.708496094
vt 0.810058594 0.708496094
vt 0.801269531 0.70703125
vt 0.810058594 0.70703125
vt 0.801269531 0.705566406
vt 0.810058594 0.705566406
vt 0.801269531 0.704101562
vt 0.810058594 0.704101562
vt 0.801269531 0.702636719
vt 0.810058594 0.702636719
vt 0.801269531 0.701171875
vt 0.810058594 0.701171875
vt 0.801269531 0.69921875
vt 0.810058594 0.69921875
vt 0.801269531 0.697753906
vt 0.810058594 0.697753906
vt 0.801269531 0.696289062
vt 0.810058594 0.696289062
vt 0.801269531 0.694824219
vt 0.810058594 0.694824219
vt 0.801269531 0.693359375
vt 0.810058594 0.693359375
vt 0.801269531 0.691894531
vt 0.810058594 0.691894531
vt 0.801269531 0.690429688
vt 0.810058594 0.690429688
vt 0.801269531 0.688964844
vt 0.810058594 0.688964844
vt 0.801269531 0.6875
vt 0.810058594 0.6875
vt 0.801269531 0.686035156
vt 0.810058594 0.686035156
vt 0.801269531 0.684570312
vt 0.810058594 0.684570312
vt 0.822753906 0.711425781
vt 0.813964844 0.709960938
vt 0.813964844 0.711425781
vt 0.822753906 0.709960938
vt 0.813964844 0.708496094
vt 0.822753906 0.708496094
vt 0.813964844 0.70703125
vt 0.822753906 0.70703125
vt 0.813964844 0.705566406
vt 0.822753906 0.705566406
vt 0.813964844 0.704101562
vt 0.822753906 0.704101562
vt 0.813964844 0.702636719
vt 0.822753906 0.702636719
vt 0.813964844 0.701171875
vt 0.822753906 0.701171875
vt 0.813964844 0.69921875
vt 0.822753906 0.69921875
vt 0.813964844 0.697753906
vt 0.822753906 0.697753906
vt 0.813964844 0.696289062
vt 0.822753906 0.696289062
vt 0.813964844 0.694824219
vt 0.822753906 0.694824219
vt 0.813964844 0.693359375
vt 0.822753906 0.693359375
vt 0.813964844 0.691894531
vt 0.822753906 0.691894531
vt 0.813964844 0.690429688
vt 0.822753906 0.690429688
vt 0.813964844 0.688964844
vt 0.822753906 0.688964844
vt 0.813964844 0.6875
vt 0.822753906 0.6875
vt 0.813964844 0.686035156
vt 0.822753906 0.686035156
vt 0.813964844 0.684570312
vt 0.822753906 0.684570312
vt 0.578125 0.692382812
vt 0.569335938 0.700195312
vt 0.578125 0.700195312
vt 0.569335938 0.692382812
vt 0.569335938 0.691894531
vt 0.578125 0.691894531
vt 0.569335938 0.690917969
vt 0.578125 0.690917969
vt 0.569335938 0.690429688
vt 0.578125 0.690429688
vt 0.569335938 0.682128906
vt 0.578125 0.682128906
vt 0.569335938 0.681640625
vt 0.578125 0.681640625
vt 0.569335938 0.680664062
vt 0.578125 0.680664062
vt 0.569335938 0.680175781
vt 0.578125 0.680175781
vt 0.578125 0.672363281
vt 0.569335938 0.672363281
vt 0.569335938 0.671386719
vt 0.578125 0.671386719
vt 0.569335938 0.670898438
vt 0.578125 0.670898438
vt 0.569335938 0.669921875
vt 0.578125 0.669921875
vt 0.634277344 0.692382812
vt 0.634277344 0.700195312
vt 0.643066406 0.700195312
vt 0.643066406 0.692382812
vt 0.634277344 0.691894531
vt 0.643066406 0.691894531
vt 0.634277344 0.690917969
vt 0.643066406 0.690917969
vt 0.634277344 0.690429688
vt 0.643066406 0.690429688
vt 0.634277344 0.682128906
vt 0.643066406 0.682128906
vt 0.634277344 0.681640625
vt 0.643066406 0.681640625
vt 0.634277344 0.680664062
vt 0.643066406 0.680664062
vt 0.634277344 0.680175781
vt 0.643066406 0.680175781
vt 0.634277344 0.672363281
vt 0.643066406 0.672363281
vt 0.643066406 0.671386719
vt 0.634277344 0.671386719
vt 0.634277344 0.670898438
vt 0.643066406 0.670898438
vt 0.634277344 0.669921875
vt 0.643066406 0.669921875
vt 0.6171875 0.678222656
vt 0.6171875 0.669921875
vt 0.608398438 0.669921875
vt 0.608398438 0.678222656
vt 0.6171875 0.678710938
vt 0.608398438 0.678710938
vt 0.6171875 0.679199219
vt 0.608398438 0.679199219
vt 0.6171875 0.680175781
vt 0.608398438 0.680175781
vt 0.6171875 0.687988281
vt 0.608398438 0.687988281
vt 0.6171875 0.688964844
vt 0.608398438 0.688964844
vt 0.6171875 0.689453125
vt 0.608398438 0.689453125
vt 0.6171875 0.690429688
vt 0.608398438 0.690429688
vt 0.608398438 0.698242188
vt 0.6171875 0.698242188
vt 0.608398438 0.698730469
vt 0.6171875 0.698730469
vt 0.608398438 0.699707031
vt 0.6171875 0.699707031
vt 0.608398438 0.700195312
vt 0.6171875 0.700195312
vt 0.604003906 0.692382812
vt 0.595214844 0.700195312
vt 0.604003906 0.700195312
vt 0.595214844 0.692382812
vt 0.595214844 0.691894531
vt 0.604003906 0.691894531
vt 0.595214844 0.690917969
vt 0.604003906 0.690917969
vt 0.595214844 0.690429688
vt 0.604003906 0.690429688
vt 0.595214844 0.682128906
vt 0.604003906 0.682128906
vt 0.595214844 0.681640625
vt 0.604003906 0.681640625
vt 0.595214844 0.680664062
vt 0.604003906 0.680664062
vt 0.595214844 0.680175781
vt 0.604003906 0.680175781
vt 0.604003906 0.672363281
vt 0.595214844 0.672363281
vt 0.595214844 0.671386719
vt 0.604003906 0.671386719
vt 0.595214844 0.670898438
vt 0.604003906 0.670898438
vt 0.595214844 0.669921875
vt 0.604003906 0.669921875
vt 0.747558594 0.266845703
vt 0.703125 0.293945312
vt 0.710449219 0.289794922
vt 0.724609375 0.241577148
vt 0.690429688 0.262451172
vt 0.651855469 0.304443359
vt 0.750488281 0.210571289
vt 0.779785156 0.226928711
vt 0.797363281 0.178466797
vt 0.763183594 0.172607422
vt 0.796875 0.126586914
vt 0.762695312 0.132324219
vt 0.778808594 0.0776367188
vt 0.748535156 0.0946655273
vt 0.744628906 0.0380249023
vt 0.650878906 0.270263672
vt 0.620117188 0.300537109
vt 0.600097656 0.297119141
vt 0.610839844 0.263916016
vt 0.722167969 0.0642089844
vt 0.732421875 0.0305786133
vt 0.69921875 0.0118560791
vt 0.687011719 0.0442504883
vt 0.647949219 0.00284194946
vt 0.646972656 0.0375976562
vt 0.595703125 0.0126190186
vt 0.607421875 0.0449829102
vt 0.55078125 0.0392150879
vt 0.572753906 0.0655517578
vt 0.517578125 0.0796508789
vt 0.547363281 0.0968017578
vt 0.5 0.12890625
vt 0.534667969 0.135131836
vt 0.5 0.181152344
vt 0.534667969 0.17565918
vt 0.518066406 0.230712891
vt 0.548828125 0.213623047
vt 0.552734375 0.271728516
vt 0.575195312 0.244262695
vt 0.870605469 0.725097656
vt 0.870117188 0.722167969
vt 0.870117188 0.723632812
vt 0.873046875 0.719238281
vt 0.870605469 0.720703125
vt 0.871582031 0.719726562
vt 0.874511719 0.71875
vt 0.871582031 0.726074219
vt 0.874511719 0.727539062
vt 0.873046875 0.727050781
vt 0.878417969 0.723632812
vt 0.875976562 0.727050781
vt 0.877929688 0.725097656
vt 0.876953125 0.726074219
vt 0.878417969 0.722167969
vt 0.877929688 0.720703125
vt 0.875976562 0.719238281
vt 0.876953125 0.719726562
vt 0.911132812 0.719238281
vt 0.909667969 0.719726562
vt 0.908691406 0.720703125
vt 0.912597656 0.71875
vt 0.908203125 0.722167969
vt 0.909667969 0.726074219
vt 0.908203125 0.723632812
vt 0.908691406 0.725097656
vt 0.916015625 0.720703125
vt 0.915039062 0.719726562
vt 0.9140625 0.719238281
vt 0.916503906 0.722167969
vt 0.912597656 0.727539062
vt 0.911132812 0.727050781
vt 0.916503906 0.723632812
vt 0.915039062 0.726074219
vt 0.916015625 0.725097656
vt 0.9140625 0.727050781
vt 0.763671875 0.727539062
vt 0.762695312 0.729003906
vt 0.763183594 0.728515625
vt 0.762207031 0.728515625
vt 0.754882812 0.724609375
vt 0.754882812 0.72265625
vt 0.754394531 0.723632812
vt 0.754394531 0.724121094
vt 0.762207031 0.71875
vt 0.763671875 0.719726562
vt 0.763183594 0.719238281
vt 0.762695312 0.71875
vt 0.776855469 0.727539062
vt 0.775878906 0.729003906
vt 0.776367188 0.728515625
vt 0.775390625 0.728515625
vt 0.768066406 0.72265625
vt 0.768066406 0.724609375
vt 0.767578125 0.724121094
vt 0.767578125 0.723632812
vt 0.776855469 0.719726562
vt 0.775390625 0.71875
vt 0.775878906 0.71875
vt 0.776367188 0.719238281
vt 0.891113281 0.722167969
vt 0.890625 0.725097656
vt 0.891113281 0.723632812
vt 0.889648438 0.726074219
vt 0.888671875 0.727050781
vt 0.885742188 0.727050781
vt 0.887207031 0.727539062
vt 0.883300781 0.725097656
vt 0.884277344 0.726074219
vt 0.8828125 0.722167969
vt 0.8828125 0.723632812
vt 0.887207031 0.71875
vt 0.883300781 0.720703125
vt 0.884277344 0.719726562
vt 0.885742188 0.719238281
vt 0.889648438 0.719726562
vt 0.888671875 0.719238281
vt 0.890625 0.720703125
vt 0.821289062 0.724609375
vt 0.820800781 0.723632812
vt 0.820800781 0.724121094
vt 0.821289062 0.72265625
vt 0.828125 0.71875
vt 0.828125 0.728515625
vt 0.829589844 0.719726562
vt 0.828613281 0.71875
vt 0.829589844 0.719238281
vt 0.829589844 0.727539062
vt 0.828613281 0.729003906
vt 0.829589844 0.728515625
vt 0.846191406 0.719726562
vt 0.845214844 0.720703125
vt 0.84765625 0.719238281
vt 0.844726562 0.723632812
vt 0.844726562 0.722167969
vt 0.8515625 0.719726562
vt 0.850585938 0.719238281
vt 0.849121094 0.71875
vt 0.84765625 0.727050781
vt 0.846191406 0.726074219
vt 0.845214844 0.725097656
vt 0.849121094 0.727539062
vt 0.852539062 0.720703125
vt 0.853027344 0.723632812
vt 0.853027344 0.722167969
vt 0.8515625 0.726074219
vt 0.850585938 0.727050781
vt 0.852539062 0.725097656
vt 0.7890625 0.71875
vt 0.790039062 0.719726562
vt 0.789550781 0.719238281
vt 0.788574219 0.71875
vt 0.78125 0.72265625
vt 0.790039062 0.727539062
vt 0.78125 0.724609375
vt 0.780761719 0.723632812
vt 0.780761719 0.724121094
vt 0.788574219 0.728515625
vt 0.789550781 0.728515625
vt 0.7890625 0.729003906
vt 0.0867919922 0.059173584
vt 0.0944824219 0.0878295898
vt 0.0944824219 0.0720214844
vt 0.0944824219 0.0403747559
vt 0.0908813477 0.0105819702
vt 0.0942993164 0.00327682495
vt 0.170043945 0.642578125
vt 0.211303711 0.626464844
vt 0.189208984 0.630859375
vt 0.15612793 0.66015625
vt 0.149169922 0.681152344
vt 0.149902344 0.703613281
vt 0.158203125 0.724121094
vt 0.173217773 0.741210938
vt 0.233642578 0.629394531
vt 0.193115234 0.751464844
vt 0.215332031 0.754882812
vt 0.253417969 0.640136719
vt 0.268554688 0.656738281
vt 0.237426758 0.750488281
vt 0.276855469 0.677246094
vt 0.277587891 0.699707031
vt 0.270507812 0.720703125
vt 0.256591797 0.73828125
vt 0.277587891 0.767578125
vt 0.261962891 0.779296875
vt 0.265380859 0.783691406
vt 0.28125 0.771484375
vt 0.295410156 0.757324219
vt 0.291503906 0.75390625
vt 0.307617188 0.741210938
vt 0.303466797 0.737792969
vt 0.336914062 0.348632812
vt 0.331054688 0.346923828
vt 0.331054688 0.354248047
vt 0.340576172 0.354248047
vt 0.331054688 0.357421875
vt 0.342041016 0.356933594
vt 0.343261719 0.359619141
vt 0.331054688 0.360595703
vt 0.343994141 0.362304688
vt 0.331054688 0.363769531
vt 0.344482422 0.364990234
vt 0.331054688 0.366943359
vt 0.344482422 0.367431641
vt 0.331054688 0.370117188
vt 0.344238281 0.370117188
vt 0.343505859 0.373046875
vt 0.331054688 0.373291016
vt 0.342285156 0.376220703
vt 0.331054688 0.376464844
vt 0.340332031 0.379638672
vt 0.331054688 0.379638672
vt 0.336914062 0.384765625
vt 0.331054688 0.386474609
vt 0.47265625 0.0754394531
vt 0.467041016 0.0737915039
vt 0.467041016 0.0809936523
vt 0.476318359 0.0809936523
vt 0.467041016 0.0841674805
vt 0.477783203 0.0833129883
vt 0.478759766 0.0857543945
vt 0.467041016 0.0873413086
vt 0.479736328 0.0885009766
vt 0.467041016 0.0905151367
vt 0.480224609 0.0914306641
vt 0.467041016 0.0936279297
vt 0.480224609 0.0943603516
vt 0.467041016 0.0968017578
vt 0.479980469 0.0972900391
vt 0.479248047 0.100097656
vt 0.467041016 0.0999755859
vt 0.478027344 0.103149414
vt 0.467041016 0.103149414
vt 0.476318359 0.106323242
vt 0.467041016 0.106323242
vt 0.47265625 0.111572266
vt 0.467041016 0.11315918
vt 0.165405273 0.779785156
vt 0.169189453 0.774902344
vt 0.149658203 0.767578125
vt 0.170898438 0.772949219
vt 0.172973633 0.771972656
vt 0.173217773 0.741210938
vt 0.175537109 0.770996094
vt 0.178100586 0.770996094
vt 0.135864258 0.75390625
vt 0.193115234 0.751464844
vt 0.180664062 0.771972656
vt 0.182861328 0.7734375
vt 0.184326172 0.775878906
vt 0.215332031 0.754882812
vt 0.158203125 0.724121094
vt 0.203979492 0.790039062
vt 0.185180664 0.778320312
vt 0.185180664 0.781738281
vt 0.184448242 0.787597656
vt 0.223510742 0.790039062
vt 0.242431641 0.778320312
vt 0.242431641 0.78125
vt 0.243164062 0.787109375
vt 0.243041992 0.775878906
vt 0.237426758 0.750488281
vt 0.244384766 0.773925781
vt 0.24621582 0.771972656
vt 0.248291016 0.770996094
vt 0.250732422 0.770507812
vt 0.253417969 0.770996094
vt 0.256591797 0.73828125
vt 0.256103516 0.772460938
vt 0.277587891 0.767578125
vt 0.258544922 0.774902344
vt 0.261962891 0.779296875
vt 0.291503906 0.75390625
vt 0.295410156 0.73046875
vt 0.270507812 0.720703125
vt 0.296875 0.732421875
vt 0.298583984 0.734375
vt 0.303466797 0.737792969
vt 0.294677734 0.728027344
vt 0.294677734 0.725097656
vt 0.295410156 0.72265625
vt 0.277587891 0.699707031
vt 0.297119141 0.720703125
vt 0.299316406 0.719238281
vt 0.302001953 0.718261719
vt 0.313476562 0.699707031
vt 0.305419922 0.718261719
vt 0.311035156 0.719238281
vt 0.313232422 0.680664062
vt 0.276855469 0.677246094
vt 0.299804688 0.661132812
vt 0.302001953 0.661621094
vt 0.304443359 0.661621094
vt 0.310546875 0.661132812
vt 0.297363281 0.66015625
vt 0.295410156 0.658203125
vt 0.294189453 0.655761719
vt 0.293945312 0.653320312
vt 0.268554688 0.656738281
vt 0.294433594 0.650878906
vt 0.295898438 0.6484375
vt 0.290771484 0.626953125
vt 0.298095703 0.645996094
vt 0.302734375 0.642578125
vt 0.253417969 0.640136719
vt 0.277099609 0.61328125
vt 0.253662109 0.609375
vt 0.251220703 0.609863281
vt 0.255859375 0.607910156
vt 0.257568359 0.606445312
vt 0.261230469 0.6015625
vt 0.248535156 0.609863281
vt 0.233642578 0.629394531
vt 0.24597168 0.609375
vt 0.243896484 0.607910156
vt 0.24230957 0.60546875
vt 0.211303711 0.626464844
vt 0.22265625 0.591308594
vt 0.241455078 0.602539062
vt 0.241455078 0.599609375
vt 0.2421875 0.59375
vt 0.203125 0.591308594
vt 0.184204102 0.603027344
vt 0.184204102 0.600097656
vt 0.18347168 0.59375
vt 0.18359375 0.60546875
vt 0.189208984 0.630859375
vt 0.182373047 0.607421875
vt 0.180419922 0.609375
vt 0.178466797 0.610351562
vt 0.176025391 0.610351562
vt 0.173217773 0.610351562
vt 0.170043945 0.642578125
vt 0.170532227 0.608886719
vt 0.149047852 0.613769531
vt 0.16809082 0.606445312
vt 0.164672852 0.602050781
vt 0.135253906 0.627441406
vt 0.131225586 0.650878906
vt 0.15612793 0.66015625
vt 0.129882812 0.6484375
vt 0.128173828 0.646972656
vt 0.123291016 0.643066406
vt 0.132080078 0.653320312
vt 0.132080078 0.655761719
vt 0.131225586 0.658203125
vt 0.149169922 0.681152344
vt 0.129638672 0.660644531
vt 0.127441406 0.662109375
vt 0.124633789 0.662597656
vt 0.11315918 0.681640625
vt 0.121337891 0.662597656
vt 0.115722656 0.662109375
vt 0.11340332 0.700683594
vt 0.149902344 0.703613281
vt 0.126953125 0.719726562
vt 0.124633789 0.719238281
vt 0.122192383 0.719238281
vt 0.116149902 0.720214844
vt 0.129394531 0.721191406
vt 0.131225586 0.72265625
vt 0.132446289 0.725097656
vt 0.1328125 0.727539062
vt 0.132324219 0.73046875
vt 0.130859375 0.732910156
vt 0.128540039 0.735351562
vt 0.124023438 0.738769531
vt 0.203979492 0.790039062
vt 0.184448242 0.787597656
vt 0.18371582 0.792480469
vt 0.203735352 0.795410156
vt 0.223754883 0.795410156
vt 0.223510742 0.790039062
vt 0.243896484 0.792480469
vt 0.243164062 0.787109375
vt 0.489990234 0.671875
vt 0.484130859 0.669921875
vt 0.484130859 0.677246094
vt 0.493652344 0.677246094
vt 0.484130859 0.680175781
vt 0.494873047 0.6796875
vt 0.49609375 0.682128906
vt 0.484130859 0.68359375
vt 0.497070312 0.684570312
vt 0.484130859 0.686523438
vt 0.497558594 0.6875
vt 0.484130859 0.689941406
vt 0.497558594 0.690429688
vt 0.484130859 0.692871094
vt 0.497314453 0.693359375
vt 0.496582031 0.696289062
vt 0.484130859 0.696289062
vt 0.495117188 0.69921875
vt 0.484130859 0.69921875
vt 0.493408203 0.702636719
vt 0.484130859 0.702636719
vt 0.489990234 0.708007812
vt 0.484130859 0.709472656
vt 0.135864258 0.75390625
vt 0.124023438 0.738769531
vt 0.119689941 0.741699219
vt 0.131958008 0.757324219
vt 0.145996094 0.771484375
vt 0.149658203 0.767578125
vt 0.162109375 0.783691406
vt 0.165405273 0.779785156
vt 0.425537109 0.370117188
vt 0.419677734 0.368408203
vt 0.419677734 0.375732422
vt 0.429199219 0.375732422
vt 0.419677734 0.37890625
vt 0.430419922 0.377929688
vt 0.431640625 0.380371094
vt 0.419677734 0.382080078
vt 0.432373047 0.383300781
vt 0.419677734 0.385253906
vt 0.432861328 0.385986328
vt 0.419677734 0.388427734
vt 0.433105469 0.388916016
vt 0.419677734 0.391601562
vt 0.432617188 0.391845703
vt 0.431884766 0.394775391
vt 0.419677734 0.394775391
vt 0.430664062 0.397705078
vt 0.419677734 0.397949219
vt 0.428955078 0.401123047
vt 0.419677734 0.400878906
vt 0.425537109 0.40625
vt 0.419677734 0.407958984
vt 0.11315918 0.681640625
vt 0.115722656 0.662109375
vt 0.110351562 0.661132812
vt 0.107910156 0.681152344
vt 0.108093262 0.701171875
vt 0.11340332 0.700683594
vt 0.110778809 0.720703125
vt 0.116149902 0.720214844
vt 0.372558594 0.278564453
vt 0.372558594 0.285888672
vt 0.378173828 0.280273438
vt 0.381835938 0.285888672
vt 0.372558594 0.2890625
vt 0.383300781 0.288574219
vt 0.384521484 0.291259766
vt 0.372558594 0.292236328
vt 0.385253906 0.293945312
vt 0.372558594 0.295410156
vt 0.385742188 0.296630859
vt 0.372558594 0.298583984
vt 0.385742188 0.299072266
vt 0.372558594 0.301757812
vt 0.385498047 0.302001953
vt 0.384765625 0.304931641
vt 0.372558594 0.304931641
vt 0.383544922 0.307861328
vt 0.372558594 0.308105469
vt 0.381835938 0.311279297
vt 0.372558594 0.311279297
vt 0.378173828 0.31640625
vt 0.372558594 0.318115234
vt 0.149047852 0.613769531
vt 0.164672852 0.602050781
vt 0.161376953 0.59765625
vt 0.145507812 0.609863281
vt 0.131347656 0.624023438
vt 0.135253906 0.627441406
vt 0.11895752 0.640136719
vt 0.123291016 0.643066406
vt 0.515136719 0.709472656
vt 0.515136719 0.702148438
vt 0.509277344 0.708007812
vt 0.505859375 0.702148438
vt 0.515136719 0.69921875
vt 0.504394531 0.699707031
vt 0.503417969 0.697265625
vt 0.515136719 0.695800781
vt 0.502441406 0.694824219
vt 0.515136719 0.692871094
vt 0.501953125 0.691894531
vt 0.515136719 0.689453125
vt 0.501953125 0.688964844
vt 0.515136719 0.686523438
vt 0.501953125 0.686035156
vt 0.502929688 0.683105469
vt 0.515136719 0.683105469
vt 0.50390625 0.680175781
vt 0.515136719 0.680175781
vt 0.505859375 0.676757812
vt 0.515136719 0.676757812
vt 0.509277344 0.671875
vt 0.515136719 0.669921875
vt 0.22265625 0.591308594
vt 0.2421875 0.59375
vt 0.242919922 0.588378906
vt 0.222900391 0.5859375
vt 0.202880859 0.5859375
vt 0.203125 0.591308594
vt 0.182739258 0.588378906
vt 0.18347168 0.59375
vt 0.321044922 0.101806641
vt 0.326660156 0.10345459
vt 0.326660156 0.0961914062
vt 0.317382812 0.0961914062
vt 0.326660156 0.0930175781
vt 0.315917969 0.0938720703
vt 0.314941406 0.0914916992
vt 0.326660156 0.08984375
vt 0.313964844 0.088684082
vt 0.326660156 0.086730957
vt 0.313476562 0.0857543945
vt 0.326660156 0.0835571289
vt 0.313476562 0.082824707
vt 0.326660156 0.0803833008
vt 0.313720703 0.0799560547
vt 0.314453125 0.0770874023
vt 0.326660156 0.0772094727
vt 0.315673828 0.0740356445
vt 0.326660156 0.0740356445
vt 0.317626953 0.0708618164
vt 0.326660156 0.0708618164
vt 0.321044922 0.0656738281
vt 0.326660156 0.0640258789
vt 0.290771484 0.626953125
vt 0.302734375 0.642578125
vt 0.306884766 0.639160156
vt 0.294677734 0.623535156
vt 0.280517578 0.609375
vt 0.277099609 0.61328125
vt 0.264648438 0.597167969
vt 0.261230469 0.6015625
vt 0.524902344 0.671875
vt 0.51953125 0.669921875
vt 0.51953125 0.677246094
vt 0.528808594 0.677246094
vt 0.51953125 0.680175781
vt 0.530273438 0.6796875
vt 0.53125 0.682128906
vt 0.51953125 0.68359375
vt 0.532226562 0.684570312
vt 0.51953125 0.686523438
vt 0.532714844 0.6875
vt 0.51953125 0.689941406
vt 0.532714844 0.690429688
vt 0.51953125 0.692871094
vt 0.532226562 0.693359375
vt 0.531738281 0.696289062
vt 0.51953125 0.696289062
vt 0.530273438 0.69921875
vt 0.51953125 0.69921875
vt 0.528808594 0.702636719
vt 0.51953125 0.702636719
vt 0.524902344 0.708007812
vt 0.51953125 0.709472656
vt 0.313476562 0.699707031
vt 0.311035156 0.719238281
vt 0.31640625 0.719726562
vt 0.318847656 0.700195312
vt 0.318603516 0.680175781
vt 0.313232422 0.680664062
vt 0.315917969 0.66015625
vt 0.310546875 0.661132812
vt 0.827148438 0.711425781
vt 0.8359375 0.711425781
vt 0.8359375 0.709960938
vt 0.827148438 0.709960938
vt 0.8359375 0.708496094
vt 0.827148438 0.708496094
vt 0.8359375 0.70703125
vt 0.827148438 0.70703125
vt 0.8359375 0.705566406
vt 0.827148438 0.705566406
vt 0.8359375 0.704101562
vt 0.827148438 0.704101562
vt 0.8359375 0.702636719
vt 0.827148438 0.702636719
vt 0.8359375 0.701171875
vt 0.827148438 0.701171875
vt 0.8359375 0.69921875
vt 0.827148438 0.69921875
vt 0.8359375 0.697753906
vt 0.827148438 0.697753906
vt 0.8359375 0.696289062
vt 0.827148438 0.696289062
vt 0.8359375 0.694824219
vt 0.827148438 0.694824219
vt 0.8359375 0.693359375
vt 0.827148438 0.693359375
vt 0.8359375 0.691894531
vt 0.827148438 0.691894531
vt 0.8359375 0.690429688
vt 0.827148438 0.690429688
vt 0.8359375 0.688964844
vt 0.827148438 0.688964844
vt 0.8359375 0.6875
vt 0.827148438 0.6875
vt 0.8359375 0.686035156
vt 0.827148438 0.686035156
vt 0.8359375 0.684570312
vt 0.827148438 0.684570312
vt 0.703125 0.696777344
vt 0.711914062 0.696777344
vt 0.711914062 0.6953125
vt 0.703125 0.6953125
vt 0.711914062 0.693847656
vt 0.703125 0.693847656
vt 0.711914062 0.692382812
vt 0.703125 0.692382812
vt 0.711914062 0.690917969
vt 0.703125 0.690917969
vt 0.711914062 0.689453125
vt 0.703125 0.689453125
vt 0.703125 0.687988281
vt 0.711914062 0.687988281
vt 0.711914062 0.686523438
vt 0.703125 0.686523438
vt 0.711914062 0.685058594
vt 0.703125 0.685058594
vt 0.711914062 0.68359375
vt 0.703125 0.68359375
vt 0.711914062 0.682128906
vt 0.703125 0.682128906
vt 0.711914062 0.680175781
vt 0.703125 0.680175781
vt 0.711914062 0.678710938
vt 0.703125 0.678710938
vt 0.711914062 0.677246094
vt 0.703125 0.677246094
vt 0.711914062 0.67578125
vt 0.703125 0.67578125
vt 0.711914062 0.674316406
vt 0.703125 0.674316406
vt 0.711914062 0.672851562
vt 0.703125 0.672851562
vt 0.711914062 0.671386719
vt 0.703125 0.671386719
vt 0.711914062 0.669921875
vt 0.703125 0.669921875
vt 0.716308594 0.669921875
vt 0.725097656 0.671386719
vt 0.725097656 0.669921875
vt 0.716308594 0.671386719
vt 0.725097656 0.672851562
vt 0.716308594 0.672851562
vt 0.725097656 0.674316406
vt 0.716308594 0.674316406
vt 0.725097656 0.67578125
vt 0.716308594 0.67578125
vt 0.725097656 0.677246094
vt 0.716308594 0.677246094
vt 0.725097656 0.678710938
vt 0.716308594 0.678710938
vt 0.725097656 0.680175781
vt 0.716308594 0.680175781
vt 0.725097656 0.682128906
vt 0.716308594 0.682128906
vt 0.725097656 0.68359375
vt 0.716308594 0.68359375
vt 0.725097656 0.685058594
vt 0.716308594 0.685058594
vt 0.725097656 0.686523438
vt 0.716308594 0.686523438
vt 0.725097656 0.687988281
vt 0.716308594 0.687988281
vt 0.725097656 0.689453125
vt 0.716308594 0.689453125
vt 0.725097656 0.690917969
vt 0.716308594 0.690917969
vt 0.725097656 0.692382812
vt 0.716308594 0.692382812
vt 0.725097656 0.693847656
vt 0.716308594 0.693847656
vt 0.725097656 0.6953125
vt 0.716308594 0.6953125
vt 0.725097656 0.696777344
vt 0.716308594 0.696777344
vt 0.770996094 0.684570312
vt 0.762207031 0.684570312
vt 0.762207031 0.686035156
vt 0.770996094 0.686035156
vt 0.762207031 0.6875
vt 0.770996094 0.6875
vt 0.762207031 0.688964844
vt 0.770996094 0.688964844
vt 0.762207031 0.690429688
vt 0.770996094 0.690429688
vt 0.762207031 0.691894531
vt 0.770996094 0.691894531
vt 0.762207031 0.693359375
vt 0.770996094 0.693359375
vt 0.762207031 0.694824219
vt 0.770996094 0.694824219
vt 0.770996094 0.696289062
vt 0.762207031 0.696289062
vt 0.762207031 0.697753906
vt 0.770996094 0.697753906
vt 0.770996094 0.69921875
vt 0.762207031 0.69921875
vt 0.762207031 0.701171875
vt 0.770996094 0.701171875
vt 0.762207031 0.702636719
vt 0.770996094 0.702636719
vt 0.762207031 0.704101562
vt 0.770996094 0.704101562
vt 0.762207031 0.705566406
vt 0.770996094 0.705566406
vt 0.762207031 0.70703125
vt 0.770996094 0.70703125
vt 0.762207031 0.708496094
vt 0.770996094 0.708496094
vt 0.762207031 0.709960938
vt 0.770996094 0.709960938
vt 0.762207031 0.711425781
vt 0.770996094 0.711425781
vt 0.556152344 0.669921875
vt 0.564941406 0.678222656
vt 0.564941406 0.669921875
vt 0.556152344 0.678222656
vt 0.556152344 0.678710938
vt 0.564941406 0.678710938
vt 0.556152344 0.679199219
vt 0.564941406 0.679199219
vt 0.556152344 0.680175781
vt 0.564941406 0.680175781
vt 0.556152344 0.687988281
vt 0.564941406 0.687988281
vt 0.564941406 0.688964844
vt 0.556152344 0.688964844
vt 0.564941406 0.689453125
vt 0.556152344 0.689453125
vt 0.564941406 0.690429688
vt 0.556152344 0.690429688
vt 0.556152344 0.698242188
vt 0.564941406 0.698242188
vt 0.564941406 0.698730469
vt 0.556152344 0.698730469
vt 0.556152344 0.699707031
vt 0.564941406 0.699707031
vt 0.556152344 0.700195312
vt 0.564941406 0.700195312
vt 0.591308594 0.700195312
vt 0.582519531 0.692382812
vt 0.582519531 0.700195312
vt 0.591308594 0.692382812
vt 0.582519531 0.691894531
vt 0.591308594 0.691894531
vt 0.582519531 0.690917969
vt 0.591308594 0.690917969
vt 0.582519531 0.690429688
vt 0.591308594 0.690429688
vt 0.591308594 0.682128906
vt 0.582519531 0.682128906
vt 0.591308594 0.681640625
vt 0.582519531 0.681640625
vt 0.591308594 0.680664062
vt 0.582519531 0.680664062
vt 0.591308594 0.680175781
vt 0.582519531 0.680175781
vt 0.591308594 0.672363281
vt 0.582519531 0.672363281
vt 0.582519531 0.671386719
vt 0.591308594 0.671386719
vt 0.582519531 0.670898438
vt 0.591308594 0.670898438
vt 0.582519531 0.669921875
vt 0.591308594 0.669921875
vt 0.630371094 0.692382812
vt 0.621582031 0.700195312
vt 0.630371094 0.700195312
vt 0.621582031 0.692382812
vt 0.621582031 0.691894531
vt 0.630371094 0.691894531
vt 0.630371094 0.690917969
vt 0.621582031 0.690917969
vt 0.630371094 0.690429688
vt 0.621582031 0.690429688
vt 0.630371094 0.682128906
vt 0.621582031 0.682128906
vt 0.630371094 0.681640625
vt 0.621582031 0.681640625
vt 0.630371094 0.680664062
vt 0.621582031 0.680664062
vt 0.630371094 0.680175781
vt 0.621582031 0.680175781
vt 0.621582031 0.672363281
vt 0.630371094 0.672363281
vt 0.621582031 0.671386719
vt 0.630371094 0.671386719
vt 0.621582031 0.670898438
vt 0.630371094 0.670898438
vt 0.621582031 0.669921875
vt 0.630371094 0.669921875
vt 0.552246094 0.692382812
vt 0.543457031 0.700195312
vt 0.552246094 0.700195312
vt 0.543457031 0.692382812
vt 0.552246094 0.691894531
vt 0.543457031 0.691894531
vt 0.552246094 0.690917969
vt 0.543457031 0.690917969
vt 0.552246094 0.690429688
vt 0.543457031 0.690429688
vt 0.552246094 0.682128906
vt 0.543457031 0.682128906
vt 0.543457031 0.681640625
vt 0.552246094 0.681640625
vt 0.543457031 0.680664062
vt 0.552246094 0.680664062
vt 0.543457031 0.680175781
vt 0.552246094 0.680175781
vt 0.552246094 0.672363281
vt 0.543457031 0.672363281
vt 0.543457031 0.671386719
vt 0.552246094 0.671386719
vt 0.552246094 0.670898438
vt 0.543457031 0.670898438
vt 0.552246094 0.669921875
vt 0.543457031 0.669921875
vt 0.0637207031 0.704589844
vt 0.0670166016 0.656738281
vt 0.0649414062 0.682617188
vt 0.0970458984 0.702148438
vt 0.0751953125 0.751464844
vt 0.100769043 0.662597656
vt 0.10736084 0.740234375
vt 0.0865478516 0.611816406
vt 0.102050781 0.792480469
vt 0.130493164 0.772460938
vt 0.141479492 0.823242188
vt 0.163818359 0.795410156
vt 0.188842773 0.839355469
vt 0.20324707 0.806152344
vt 0.239135742 0.839355469
vt 0.244018555 0.802734375
vt 0.286621094 0.823242188
vt 0.28125 0.786132812
vt 0.326416016 0.792480469
vt 0.310302734 0.7578125
vt 0.353759766 0.751464844
vt 0.327636719 0.721679688
vt 0.366210938 0.703125
vt 0.331542969 0.681640625
vt 0.361816406 0.653808594
vt 0.321044922 0.643066406
vt 0.356933594 0.642089844
vt 0.341552734 0.608886719
vt 0.297607422 0.610351562
vt 0.307373047 0.572753906
vt 0.264160156 0.587402344
vt 0.262939453 0.549804688
vt 0.224609375 0.577148438
vt 0.213378906 0.541992188
vt 0.183959961 0.581054688
vt 0.163818359 0.55078125
vt 0.146850586 0.598144531
vt 0.119750977 0.574707031
vt 0.118041992 0.626464844
vt 0.0952758789 0.6015625
vt 0.00984191895 0.0617980957
vt 0.00237846375 0.0720825195
vt 0.00302124023 0.0858764648
vt 0.00237846375 0.040435791
vt 0.00722122192 0.0156402588
vt 0.00242233276 0.00396347046
vt 0.741699219 0.719238281
vt 0.741210938 0.719726562
vt 0.7421875 0.71875
vt 0.743164062 0.71875
vt 0.75 0.72265625
vt 0.75 0.724609375
vt 0.750488281 0.724121094
vt 0.750488281 0.723632812
vt 0.743164062 0.728515625
vt 0.741210938 0.727539062
vt 0.7421875 0.729003906
vt 0.741699219 0.728515625
vt 0.81640625 0.719238281
vt 0.815429688 0.71875
vt 0.81640625 0.719726562
vt 0.814941406 0.71875
vt 0.808105469 0.72265625
vt 0.81640625 0.727539062
vt 0.808105469 0.724609375
vt 0.807617188 0.724121094
vt 0.807617188 0.723632812
vt 0.814941406 0.728515625
vt 0.815429688 0.729003906
vt 0.81640625 0.728515625
vt 0.864257812 0.719726562
vt 0.86328125 0.719238281
vt 0.865234375 0.720703125
vt 0.861816406 0.71875
vt 0.864257812 0.726074219
vt 0.865722656 0.723632812
vt 0.865722656 0.722167969
vt 0.865234375 0.725097656
vt 0.858886719 0.726074219
vt 0.861816406 0.727539062
vt 0.86328125 0.727050781
vt 0.860351562 0.727050781
vt 0.857421875 0.722167969
vt 0.860351562 0.719238281
vt 0.857421875 0.723632812
vt 0.857910156 0.725097656
vt 0.857910156 0.720703125
vt 0.858886719 0.719726562
vt 0.937988281 0.71875
vt 0.936523438 0.719238281
vt 0.935058594 0.719726562
vt 0.93359375 0.723632812
vt 0.93359375 0.722167969
vt 0.934082031 0.720703125
vt 0.94140625 0.720703125
vt 0.939453125 0.719238281
vt 0.940429688 0.719726562
vt 0.941894531 0.722167969
vt 0.940429688 0.726074219
vt 0.934082031 0.725097656
vt 0.94140625 0.725097656
vt 0.941894531 0.723632812
vt 0.937988281 0.727539062
vt 0.939453125 0.727050781
vt 0.936523438 0.727050781
vt 0.935058594 0.726074219
vt 0.737304688 0.723632812
vt 0.736816406 0.72265625
vt 0.737304688 0.724121094
vt 0.736816406 0.724609375
vt 0.728027344 0.719726562
vt 0.729492188 0.71875
vt 0.729003906 0.71875
vt 0.728515625 0.719238281
vt 0.729492188 0.728515625
vt 0.728027344 0.727539062
vt 0.728515625 0.728515625
vt 0.729003906 0.729003906
vt 0.929199219 0.723632812
vt 0.927734375 0.726074219
vt 0.928710938 0.725097656
vt 0.929199219 0.722167969
vt 0.925292969 0.727539062
vt 0.926757812 0.727050781
vt 0.922363281 0.726074219
vt 0.923828125 0.727050781
vt 0.921386719 0.725097656
vt 0.926757812 0.719238281
vt 0.928710938 0.720703125
vt 0.927734375 0.719726562
vt 0.923828125 0.719238281
vt 0.925292969 0.71875
vt 0.921386719 0.720703125
vt 0.922363281 0.719726562
vt 0.920898438 0.723632812
vt 0.920898438 0.722167969
vt 0.802734375 0.719238281
vt 0.802246094 0.71875
vt 0.803222656 0.719726562
vt 0.801757812 0.71875
vt 0.801757812 0.728515625
vt 0.803222656 0.727539062
vt 0.802246094 0.729003906
vt 0.802734375 0.728515625
vt 0.794433594 0.724609375
vt 0.794433594 0.72265625
vt 0.794433594 0.724121094
vt 0.794433594 0.723632812
vt 0.90234375 0.726074219
vt 0.899902344 0.727539062
vt 0.901367188 0.727050781
vt 0.903320312 0.720703125
vt 0.903320312 0.725097656
vt 0.903808594 0.723632812
vt 0.903808594 0.722167969
vt 0.896972656 0.726074219
vt 0.8984375 0.727050781
vt 0.8984375 0.719238281
vt 0.901367188 0.719238281
vt 0.90234375 0.719726562
vt 0.899902344 0.71875
vt 0.895507812 0.722167969
vt 0.895996094 0.720703125
vt 0.896972656 0.719726562
vt 0.895507812 0.723632812
vt 0.895996094 0.725097656
vt 0.608886719 0.329101562
vt 0.625 0.31640625
vt 0.620117188 0.315917969
vt 0.611816406 0.331787109
vt 0.614746094 0.334716797
vt 0.638671875 0.315917969
vt 0.6171875 0.337158203
vt 0.619140625 0.340087891
vt 0.651855469 0.314941406
vt 0.621582031 0.343261719
vt 0.624023438 0.346435547
vt 0.658203125 0.315673828
vt 0.661132812 0.316894531
vt 0.663574219 0.319335938
vt 0.662597656 0.318115234
vt 0.6328125 0.360595703
vt 0.675292969 0.334960938
vt 0.635742188 0.364990234
vt 0.677246094 0.337402344
vt 0.677734375 0.339355469
vt 0.677734375 0.341552734
vt 0.677246094 0.348388672
vt 0.637695312 0.369384766
vt 0.674804688 0.357666016
vt 0.640136719 0.374023438
vt 0.641601562 0.377929688
vt 0.671875 0.366943359
vt 0.643066406 0.381591797
vt 0.671386719 0.370117188
vt 0.670898438 0.384765625
vt 0.674804688 0.402587891
vt 0.669921875 0.459228516
vt 0.687011719 0.434326172
vt 0.699707031 0.450683594
vt 0.702148438 0.452880859
vt 0.671386719 0.462890625
vt 0.709960938 0.458496094
vt 0.672363281 0.466552734
vt 0.673339844 0.470458984
vt 0.717773438 0.464111328
vt 0.674316406 0.474121094
vt 0.674804688 0.478027344
vt 0.72265625 0.468994141
vt 0.675292969 0.481933594
vt 0.723632812 0.470947266
vt 0.724609375 0.472900391
vt 0.724609375 0.475830078
vt 0.725585938 0.495117188
vt 0.677246094 0.498535156
vt 0.677734375 0.502441406
vt 0.725585938 0.496826172
vt 0.725097656 0.498535156
vt 0.677734375 0.506347656
vt 0.723144531 0.501464844
vt 0.71875 0.505859375
vt 0.677734375 0.509765625
vt 0.708007812 0.513671875
vt 0.677246094 0.513671875
vt 0.696777344 0.521484375
vt 0.676757812 0.517578125
vt 0.676269531 0.521484375
vt 0.693359375 0.524902344
vt 0.687011719 0.534179688
vt 0.682617188 0.546875
vt 0.677734375 0.572753906
vt 0.663574219 0.605957031
vt 0.677246094 0.593261719
vt 0.681152344 0.607421875
vt 0.587402344 0.0986938477
vt 0.592285156 0.10357666
vt 0.590332031 0.100769043
vt 0.583496094 0.0972900391
vt 0.59375 0.107177734
vt 0.579589844 0.0969238281
vt 0.594726562 0.111083984
vt 0.583984375 0.127685547
vt 0.584960938 0.128051758
vt 0.583007812 0.128051758
vt 0.585449219 0.12902832
vt 0.585449219 0.130493164
vt 0.5859375 0.141235352
vt 0.594726562 0.196533203
vt 0.585449219 0.169677734
vt 0.5625 0.0977172852
vt 0.585449219 0.131225586
vt 0.5859375 0.175048828
vt 0.585449219 0.178222656
vt 0.584960938 0.179321289
vt 0.583984375 0.17980957
vt 0.582519531 0.179443359
vt 0.583007812 0.164672852
vt 0.584472656 0.139770508
vt 0.583984375 0.132080078
vt 0.583496094 0.139404297
vt 0.582519531 0.139160156
vt 0.578125 0.139404297
vt 0.575195312 0.138793945
vt 0.575683594 0.139648438
vt 0.579589844 0.21081543
vt 0.59375 0.200439453
vt 0.583496094 0.210449219
vt 0.592285156 0.204101562
vt 0.587402344 0.208984375
vt 0.590332031 0.20690918
vt 0.571777344 0.177734375
vt 0.581054688 0.177490234
vt 0.58203125 0.177978516
vt 0.568359375 0.178100586
vt 0.5625 0.209960938
vt 0.564453125 0.178344727
vt 0.547851562 0.194946289
vt 0.557617188 0.208984375
vt 0.557617188 0.178466797
vt 0.553222656 0.206420898
vt 0.556640625 0.178222656
vt 0.549804688 0.202514648
vt 0.548339844 0.198852539
vt 0.556152344 0.177612305
vt 0.557617188 0.164550781
vt 0.547851562 0.112670898
vt 0.556640625 0.175537109
vt 0.558105469 0.165405273
vt 0.558105469 0.175170898
vt 0.561035156 0.166748047
vt 0.566894531 0.173828125
vt 0.567382812 0.169433594
vt 0.568359375 0.172851562
vt 0.567871094 0.173461914
vt 0.568847656 0.170043945
vt 0.569335938 0.170532227
vt 0.557617188 0.143188477
vt 0.558105469 0.131103516
vt 0.557617188 0.129516602
vt 0.55859375 0.12878418
vt 0.559082031 0.128295898
vt 0.560058594 0.128295898
vt 0.558105469 0.141845703
vt 0.55859375 0.141235352
vt 0.559570312 0.132324219
vt 0.567871094 0.139770508
vt 0.569335938 0.138061523
vt 0.569335938 0.139282227
vt 0.569824219 0.138671875
vt 0.560058594 0.158813477
vt 0.559570312 0.162719727
vt 0.560058594 0.162353516
vt 0.561035156 0.159912109
vt 0.562011719 0.16027832
vt 0.561523438 0.162719727
vt 0.562988281 0.160400391
vt 0.570800781 0.166748047
vt 0.560546875 0.154541016
vt 0.560058594 0.157348633
vt 0.55859375 0.144287109
vt 0.561035156 0.151733398
vt 0.561523438 0.149414062
vt 0.559082031 0.14453125
vt 0.560058594 0.14465332
vt 0.562011719 0.14855957
vt 0.562011719 0.14440918
vt 0.562988281 0.148071289
vt 0.563964844 0.147827148
vt 0.564941406 0.148071289
vt 0.568359375 0.158813477
vt 0.564941406 0.158447266
vt 0.567871094 0.157958984
vt 0.564453125 0.157470703
vt 0.568359375 0.15612793
vt 0.564941406 0.153320312
vt 0.568359375 0.154907227
vt 0.568359375 0.153198242
vt 0.564941406 0.152099609
vt 0.568847656 0.151855469
vt 0.564941406 0.150878906
vt 0.568847656 0.150634766
vt 0.569824219 0.159057617
vt 0.564941406 0.148925781
vt 0.571289062 0.159301758
vt 0.5703125 0.158813477
vt 0.57421875 0.163452148
vt 0.572753906 0.158935547
vt 0.576171875 0.162353516
vt 0.569335938 0.149047852
vt 0.569335938 0.149902344
vt 0.569824219 0.148193359
vt 0.5703125 0.147460938
vt 0.583496094 0.142456055
vt 0.571777344 0.147827148
vt 0.572753906 0.148071289
vt 0.576171875 0.158325195
vt 0.573242188 0.155273438
vt 0.578613281 0.158935547
vt 0.579101562 0.161743164
vt 0.579589844 0.158325195
vt 0.580078125 0.162109375
vt 0.577148438 0.148803711
vt 0.581054688 0.158081055
vt 0.58203125 0.163208008
vt 0.581054688 0.156005859
vt 0.581054688 0.148193359
vt 0.580078125 0.147216797
vt 0.579101562 0.146850586
vt 0.573730469 0.150756836
vt 0.573730469 0.149169922
vt 0.577636719 0.147583008
vt 0.572265625 0.135009766
vt 0.573730469 0.135375977
vt 0.581542969 0.129516602
vt 0.568359375 0.13293457
vt 0.563964844 0.130249023
vt 0.561035156 0.128540039
vt 0.55859375 0.0983276367
vt 0.555175781 0.0999145508
vt 0.552246094 0.102294922
vt 0.549804688 0.10534668
vt 0.548339844 0.108886719
vt 0.653808594 0.696777344
vt 0.654296875 0.697753906
vt 0.654785156 0.698730469
vt 0.655273438 0.695800781
vt 0.654296875 0.696289062
vt 0.655761719 0.698730469
vt 0.65625 0.694824219
vt 0.659667969 0.69921875
vt 0.661132812 0.6953125
vt 0.65625 0.693847656
vt 0.661132812 0.6953125
vt 0.660644531 0.692382812
vt 0.661621094 0.6953125
vt 0.661621094 0.6953125
vt 0.661621094 0.6953125
vt 0.664550781 0.698730469
vt 0.663085938 0.6953125
vt 0.6640625 0.694824219
vt 0.665039062 0.693847656
vt 0.669433594 0.696289062
vt 0.666992188 0.692382812
vt 0.670898438 0.693847656
vt 0.667480469 0.69140625
vt 0.671875 0.692871094
vt 0.671875 0.69140625
vt 0.670898438 0.688476562
vt 0.666992188 0.690429688
vt 0.669921875 0.687011719
vt 0.666015625 0.688964844
vt 0.666503906 0.684082031
vt 0.663574219 0.6875
vt 0.663085938 0.682128906
vt 0.661132812 0.686523438
vt 0.663574219 0.680664062
vt 0.661621094 0.682617188
vt 0.668457031 0.678710938
vt 0.66015625 0.687011719
vt 0.666992188 0.671875
vt 0.66015625 0.681640625
vt 0.669921875 0.67578125
vt 0.670410156 0.673339844
vt 0.669921875 0.672363281
vt 0.66796875 0.670410156
vt 0.659179688 0.680175781
vt 0.653808594 0.671386719
vt 0.657226562 0.671386719
vt 0.656738281 0.670410156
vt 0.654296875 0.670898438
vt 0.654785156 0.669921875
vt 0.840332031 0.723632812
vt 0.83984375 0.725585938
vt 0.840332031 0.724609375
vt 0.839355469 0.721679688
vt 0.833984375 0.72265625
vt 0.836914062 0.719726562
vt 0.834960938 0.71875
vt 0.833984375 0.71875
vt 0.836914062 0.727539062
vt 0.833984375 0.725585938
vt 0.8359375 0.727539062
vt 0.834472656 0.728027344
vt 0.834472656 0.728027344
vt 0.834472656 0.728027344
vt 0.834472656 0.728027344
vt 0.834472656 0.728027344
vt 0.5390625 0.703125
vt 0.5390625 0.698242188
vt 0.537109375 0.703125
vt 0.537109375 0.698242188
vt 0.5390625 0.696289062
vt 0.537109375 0.696289062
vt 0.5390625 0.693847656
vt 0.537109375 0.693359375
vt 0.5390625 0.692382812
vt 0.537109375 0.691894531
vt 0.5390625 0.690917969
vt 0.537109375 0.689941406
vt 0.5390625 0.687988281
vt 0.537109375 0.687988281
vt 0.5390625 0.682617188
vt 0.537109375 0.682617188
vt 0.5390625 0.677734375
vt 0.537109375 0.677246094
vt 0.5390625 0.673828125
vt 0.537109375 0.673828125
vt 0.5390625 0.672851562
vt 0.537109375 0.672363281
vt 0.5390625 0.671875
vt 0.537109375 0.671386719
vt 0.5390625 0.670898438
vt 0.537109375 0.669921875
vt 0.5390625 0.669921875
vt 0.165161133 0.0639038086
vt 0.165405273 0.0586547852
vt 0.163208008 0.05859375
vt 0.162963867 0.0684814453
vt 0.165039062 0.0673828125
vt 0.165039062 0.0698242188
vt 0.162841797 0.0699462891
vt 0.164916992 0.0708007812
vt 0.162841797 0.0708007812
vt 0.164916992 0.073425293
vt 0.162841797 0.073425293
vt 0.162841797 0.0745239258
vt 0.164916992 0.0751953125
vt 0.162841797 0.0776977539
vt 0.164916992 0.0842895508
vt 0.162841797 0.0842895508
vt 0.162841797 0.0858154297
vt 0.164916992 0.0861816406
vt 0.162841797 0.0866088867
vt 0.164916992 0.0874633789
vt 0.162841797 0.089050293
vt 0.164916992 0.0893554688
vt 0.162841797 0.08984375
vt 0.165039062 0.0910644531
vt 0.162963867 0.0911254883
vt 0.165283203 0.0998535156
vt 0.163208008 0.0999145508
vt 0.163208008 0.101074219
vt 0.165283203 0.101318359
vt 0.163208008 0.103210449
vt 0.165283203 0.10345459
vt 0.163208008 0.104064941
vt 0.165283203 0.104248047
vt 0.163208008 0.105163574
vt 0.165283203 0.105224609
vt 0.163085938 0.111999512
vt 0.162963867 0.115600586
vt 0.164916992 0.127685547
vt 0.162963867 0.11932373
vt 0.162841797 0.128173828
vt 0.164916992 0.128662109
vt 0.162841797 0.129150391
vt 0.164916992 0.129882812
vt 0.162841797 0.130737305
vt 0.164916992 0.130737305
vt 0.948242188 0.725585938
vt 0.946289062 0.727539062
vt 0.948242188 0.727539062
vt 0.946289062 0.724609375
vt 0.948242188 0.72265625
vt 0.946289062 0.71875
vt 0.948242188 0.71875
vt 0.682128906 0.71875
vt 0.684082031 0.719726562
vt 0.684082031 0.71875
vt 0.682128906 0.719726562
vt 0.682128906 0.722167969
vt 0.684082031 0.72265625
vt 0.682128906 0.725097656
vt 0.684082031 0.725097656
vt 0.684082031 0.727050781
vt 0.682128906 0.727539062
vt 0.684082031 0.728027344
vt 0.682128906 0.728515625
vt 0.684082031 0.729003906
vt 0.682128906 0.729492188
vt 0.684082031 0.731445312
vt 0.682128906 0.732910156
vt 0.684082031 0.732910156
vt 0.684082031 0.733886719
vt 0.682128906 0.733886719
vt 0.684082031 0.735351562
vt 0.682128906 0.735351562
vt 0.684082031 0.735351562
vt 0.682128906 0.735351562
vt 0.684082031 0.735351562
vt 0.682128906 0.735351562
vt 0.684082031 0.735351562
vt 0.682128906 0.735351562
vt 0.684082031 0.735839844
vt 0.682128906 0.735351562
vt 0.721679688 0.719238281
vt 0.723144531 0.719238281
vt 0.72265625 0.719238281
vt 0.723632812 0.720214844
vt 0.723632812 0.721679688
vt 0.719238281 0.721679688
vt 0.719238281 0.720703125
vt 0.719238281 0.719726562
vt 0.720214844 0.71875
vt 0.719238281 0.725097656
vt 0.724121094 0.726074219
vt 0.719238281 0.727539062
vt 0.721191406 0.729980469
vt 0.723632812 0.729980469
vt 0.722167969 0.73046875
vt 0.719238281 0.729492188
vt 0.720703125 0.73046875
vt 0.719726562 0.73046875
vt 0.688476562 0.71875
vt 0.688476562 0.720214844
vt 0.690429688 0.71875
vt 0.690429688 0.720214844
vt 0.688476562 0.721191406
vt 0.690429688 0.721191406
vt 0.688476562 0.721679688
vt 0.690429688 0.721679688
vt 0.690429688 0.723144531
vt 0.688476562 0.723144531
vt 0.690429688 0.724121094
vt 0.688476562 0.724121094
vt 0.690429688 0.726074219
vt 0.688476562 0.726074219
vt 0.690429688 0.727050781
vt 0.688476562 0.728515625
vt 0.690429688 0.729003906
vt 0.690429688 0.73046875
vt 0.688476562 0.731933594
vt 0.690429688 0.731445312
vt 0.690429688 0.732421875
vt 0.688476562 0.732910156
vt 0.690429688 0.733398438
vt 0.688476562 0.734375
vt 0.690429688 0.734375
vt 0.690429688 0.735351562
vt 0.688476562 0.735351562
vt 0.696777344 0.72265625
vt 0.696777344 0.71875
vt 0.694824219 0.71875
vt 0.694824219 0.72265625
vt 0.696777344 0.727050781
vt 0.694824219 0.727050781
vt 0.696777344 0.728515625
vt 0.694824219 0.728515625
vt 0.696777344 0.729492188
vt 0.694824219 0.729980469
vt 0.696777344 0.73046875
vt 0.694824219 0.731445312
vt 0.696777344 0.730957031
vt 0.696777344 0.732421875
vt 0.694824219 0.732421875
vt 0.704101562 0.730957031
vt 0.702148438 0.73046875
vt 0.702636719 0.731445312
vt 0.705078125 0.73046875
vt 0.705566406 0.729492188
vt 0.706054688 0.728515625
vt 0.706054688 0.727050781
vt 0.701171875 0.720703125
vt 0.705566406 0.723632812
vt 0.705566406 0.72265625
vt 0.702148438 0.719726562
vt 0.705566406 0.721679688
vt 0.703125 0.71875
vt 0.702148438 0.71875
vt 0.706054688 0.719726562
vt 0.647460938 0.700195312
vt 0.649414062 0.700683594
vt 0.649414062 0.69921875
vt 0.649902344 0.6953125
vt 0.647949219 0.690917969
vt 0.649902344 0.693847656
vt 0.649902344 0.692871094
vt 0.649902344 0.690917969
vt 0.649902344 0.689941406
vt 0.647949219 0.689453125
vt 0.649902344 0.688964844
vt 0.647949219 0.688476562
vt 0.649902344 0.687988281
vt 0.647949219 0.687011719
vt 0.649902344 0.687011719
vt 0.647949219 0.686035156
vt 0.649902344 0.686035156
vt 0.647949219 0.685058594
vt 0.649902344 0.68359375
vt 0.647949219 0.68359375
vt 0.649902344 0.680664062
vt 0.647949219 0.680175781
vt 0.647949219 0.679199219
vt 0.649902344 0.677734375
vt 0.647949219 0.677734375
vt 0.649902344 0.676269531
vt 0.647949219 0.676269531
vt 0.648925781 0.67578125
vt 0.649902344 0.674804688
vt 0.647460938 0.673339844
vt 0.649902344 0.673828125
vt 0.649414062 0.672363281
vt 0.647460938 0.672363281
vt 0.647460938 0.671386719
vt 0.649414062 0.669921875
vt 0.647460938 0.669921875
vt 0.712890625 0.73046875
vt 0.7109375 0.729980469
vt 0.711914062 0.730957031
vt 0.714355469 0.729492188
vt 0.710449219 0.727539062
vt 0.71484375 0.728027344
vt 0.71484375 0.719238281
vt 0.711914062 0.719238281
vt 0.712402344 0.71875
vt 0.709960938 0.719726562
vt 0.676269531 0.69921875
vt 0.678222656 0.699707031
vt 0.678222656 0.697265625
vt 0.676269531 0.691894531
vt 0.678222656 0.689453125
vt 0.676269531 0.689453125
vt 0.678222656 0.688476562
vt 0.676269531 0.687988281
vt 0.678222656 0.6875
vt 0.676269531 0.687011719
vt 0.678222656 0.686035156
vt 0.676269531 0.685546875
vt 0.678222656 0.684570312
vt 0.676269531 0.684082031
vt 0.678222656 0.674804688
vt 0.676269531 0.674804688
vt 0.677246094 0.673339844
vt 0.676269531 0.672851562
vt 0.678222656 0.672851562
vt 0.676269531 0.671386719
vt 0.678222656 0.671386719
vt 0.678222656 0.669921875
vt 0.676269531 0.669921875
vt 0.698730469 0.695800781
vt 0.698730469 0.697265625
vt 0.69921875 0.696777344
vt 0.697753906 0.698242188
vt 0.696289062 0.697753906
vt 0.695800781 0.697753906
vt 0.694824219 0.696289062
vt 0.694824219 0.690429688
vt 0.689453125 0.688964844
vt 0.692871094 0.6875
vt 0.69140625 0.686035156
vt 0.6875 0.6875
vt 0.688964844 0.681640625
vt 0.692382812 0.684082031
vt 0.689453125 0.680664062
vt 0.694335938 0.680664062
vt 0.6953125 0.671875
vt 0.698242188 0.674316406
vt 0.698730469 0.672851562
vt 0.69921875 0.672363281
vt 0.697265625 0.669921875
vt 0.687988281 0.681640625
vt 0.68359375 0.688476562
vt 0.6875 0.680664062
vt 0.6875 0.694824219
vt 0.682617188 0.672363281
vt 0.687011719 0.676269531
vt 0.684082031 0.6953125
vt 0.6875 0.695800781
vt 0.687011719 0.696777344
vt 0.685546875 0.698242188
vt 0.686035156 0.671386719
vt 0.683105469 0.670898438
vt 0.685058594 0.669921875
vt 0.68359375 0.669921875
vt 0.686035156 0.670410156
vt 0.102355957 0.00380325317
vt 0.100158691 0.00348472595
vt 0.100158691 0.00519561768
vt 0.102355957 0.00570678711
vt 0.100158691 0.00969696045
vt 0.102355957 0.00969696045
vt 0.100158691 0.0153274536
vt 0.102355957 0.0180511475
vt 0.100097656 0.0187835693
vt 0.102294922 0.0193481445
vt 0.100097656 0.0197906494
vt 0.102294922 0.0202636719
vt 0.100097656 0.0205993652
vt 0.100158691 0.0214233398
vt 0.101318359 0.0228118896
vt 0.100280762 0.0225219727
vt 0.102355957 0.0232086182
vt 0.100280762 0.0241088867
vt 0.102294922 0.0256500244
vt 0.100158691 0.0259399414
vt 0.101867676 0.0363769531
vt 0.0997924805 0.0370178223
vt 0.101867676 0.0373535156
vt 0.0997314453 0.0377807617
vt 0.101867676 0.0384216309
vt 0.0997924805 0.0385437012
vt 0.101867676 0.0393676758
vt 0.0997924805 0.0397033691
vt 0.101989746 0.0439453125
vt 0.100036621 0.0489196777
vt 0.102111816 0.0486755371
vt 0.102172852 0.0494689941
vt 0.100097656 0.0499267578
vt 0.102172852 0.0504455566
vt 0.100097656 0.0512390137
vt 0.102172852 0.0516357422
vt 0.100097656 0.052520752
vt 0.102172852 0.0527038574
vt 0.100097656 0.0533752441
vt 0.102172852 0.0541687012
vt 0.100097656 0.0541992188
vt 0.100097656 0.0562133789
vt 0.102294922 0.0703735352
vt 0.100280762 0.0772094727
vt 0.102355957 0.0772094727
vt 0.100280762 0.0800170898
vt 0.102355957 0.0800170898
vt 0.188842773 0.157226562
vt 0.188842773 0.159179688
vt 0.190917969 0.157592773
vt 0.188842773 0.162719727
vt 0.190795898 0.166992188
vt 0.188720703 0.169555664
vt 0.190795898 0.169189453
vt 0.190795898 0.170043945
vt 0.188720703 0.170410156
vt 0.190795898 0.171264648
vt 0.188720703 0.171264648
vt 0.190795898 0.172363281
vt 0.188720703 0.172485352
vt 0.190795898 0.173828125
vt 0.188720703 0.173828125
vt 0.188720703 0.174682617
vt 0.190795898 0.174682617
vt 0.188720703 0.176025391
vt 0.190917969 0.176025391
vt 0.188842773 0.185180664
vt 0.190917969 0.187011719
vt 0.188842773 0.18762207
vt 0.190917969 0.187988281
vt 0.190917969 0.190551758
vt 0.188720703 0.194946289
vt 0.190795898 0.195068359
vt 0.188720703 0.196044922
vt 0.190795898 0.196044922
vt 0.188720703 0.196899414
vt 0.190795898 0.196899414
vt 0.188720703 0.19909668
vt 0.190795898 0.19909668
vt 0.0221099854 0.771484375
vt 0.0238647461 0.7734375
vt 0.0243377686 0.770019531
vt 0.0199737549 0.7734375
vt 0.0222320557 0.775390625
vt 0.0182800293 0.776855469
vt 0.0201721191 0.780273438
vt 0.0274047852 0.771484375
vt 0.0305938721 0.767578125
vt 0.0163269043 0.78515625
vt 0.039642334 0.766601562
vt 0.0369262695 0.770019531
vt 0.0578918457 0.76953125
vt 0.0579528809 0.766601562
vt 0.0657348633 0.770996094
vt 0.0687255859 0.769042969
vt 0.068359375 0.771972656
vt 0.0709838867 0.770507812
vt 0.0706176758 0.773925781
vt 0.0731811523 0.772949219
vt 0.0725097656 0.77734375
vt 0.075012207 0.775878906
vt 0.0740356445 0.782714844
vt 0.0772094727 0.784179688
vt 0.0764160156 0.799316406
vt 0.0791625977 0.829101562
vt 0.0836181641 0.889648438
vt 0.0883789062 0.950195312
vt 0.0916748047 0.977539062
vt 0.0893554688 0.972167969
vt 0.0889892578 0.9765625
vt 0.0878295898 0.980957031
vt 0.0897827148 0.982910156
vt 0.0861206055 0.983398438
vt 0.0871582031 0.986328125
vt 0.0831298828 0.985839844
vt 0.0842895508 0.98828125
vt 0.0809326172 0.989746094
vt 0.0772094727 0.98828125
vt 0.0662231445 0.989746094
vt 0.0499572754 0.993164062
vt 0.031463623 0.989746094
vt 0.0189056396 0.990722656
vt 0.0184936523 0.987792969
vt 0.0155334473 0.989746094
vt 0.0162353516 0.986816406
vt 0.012550354 0.987304688
vt 0.0144119263 0.985351562
vt 0.00986480713 0.984375
vt 0.0121917725 0.982910156
vt 0.0106887817 0.979003906
vt 0.00775527954 0.978515625
vt 0.0100326538 0.975585938
vt 0.0101699829 0.963378906
vt 0.0113296509 0.938964844
vt 0.0140762329 0.879394531
vt 0.0168304443 0.819824219
vt 0.748046875 0.87109375
vt 0.744628906 0.864257812
vt 0.745605469 0.885742188
vt 0.748535156 0.839355469
vt 0.752441406 0.91015625
vt 0.754882812 0.830078125
vt 0.747558594 0.91015625
vt 0.746582031 0.916992188
vt 0.745605469 0.916992188
vt 0.754394531 0.920898438
vt 0.741699219 0.915039062
vt 0.745117188 0.917480469
vt 0.744628906 0.91796875
vt 0.739257812 0.917480469
vt 0.73828125 0.920898438
vt 0.745117188 0.926757812
vt 0.738769531 0.924804688
vt 0.739746094 0.927734375
vt 0.7421875 0.930664062
vt 0.745605469 0.927734375
vt 0.745605469 0.932128906
vt 0.74609375 0.928222656
vt 0.747070312 0.927734375
vt 0.749023438 0.932617188
vt 0.752929688 0.931640625
vt 0.754394531 0.922851562
vt 0.760253906 0.928222656
vt 0.754882812 0.922363281
vt 0.754882812 0.921386719
vt 0.7734375 0.94140625
vt 0.772460938 0.946289062
vt 0.793945312 0.95703125
vt 0.807128906 0.959960938
vt 0.812988281 0.966308594
vt 0.823242188 0.971191406
vt 0.845214844 0.97265625
vt 0.821777344 0.970703125
vt 0.8203125 0.971191406
vt 0.818847656 0.972167969
vt 0.817871094 0.973144531
vt 0.812011719 0.974121094
vt 0.817382812 0.974609375
vt 0.812011719 0.977539062
vt 0.817382812 0.9765625
vt 0.813476562 0.98046875
vt 0.817871094 0.978027344
vt 0.815917969 0.983398438
vt 0.819335938 0.979003906
vt 0.818847656 0.984863281
vt 0.820800781 0.979980469
vt 0.822265625 0.985351562
vt 0.822265625 0.979980469
vt 0.825683594 0.984863281
vt 0.823730469 0.979492188
vt 0.828613281 0.982910156
vt 0.825195312 0.978515625
vt 0.830566406 0.98046875
vt 0.826171875 0.977539062
vt 0.826660156 0.976074219
vt 0.834472656 0.973632812
vt 0.826660156 0.974121094
vt 0.825683594 0.973144531
vt 0.824707031 0.971679688
vt 0.856933594 0.979492188
vt 0.888671875 0.979980469
vt 0.883789062 0.984863281
vt 0.906738281 0.98046875
vt 0.929199219 0.971679688
vt 0.918457031 0.979980469
vt 0.916992188 0.98046875
vt 0.916015625 0.981445312
vt 0.915039062 0.983398438
vt 0.920410156 0.979492188
vt 0.909667969 0.98828125
vt 0.915039062 0.984863281
vt 0.915527344 0.986816406
vt 0.911621094 0.991210938
vt 0.916503906 0.98828125
vt 0.914550781 0.993652344
vt 0.91796875 0.989257812
vt 0.91796875 0.995117188
vt 0.919433594 0.989257812
vt 0.921386719 0.995117188
vt 0.921386719 0.989257812
vt 0.925292969 0.994140625
vt 0.922851562 0.988769531
vt 0.928222656 0.991699219
vt 0.924316406 0.987304688
vt 0.930175781 0.988769531
vt 0.924804688 0.985839844
vt 0.930664062 0.984863281
vt 0.924804688 0.983886719
vt 0.924316406 0.982421875
vt 0.931152344 0.9765625
vt 0.923339844 0.980957031
vt 0.921875 0.979980469
vt 0.947753906 0.958496094
vt 0.956054688 0.944824219
vt 0.963378906 0.942871094
vt 0.977050781 0.920410156
vt 0.979492188 0.907714844
vt 0.983886719 0.909667969
vt 0.986328125 0.91796875
vt 0.983886719 0.908691406
vt 0.985839844 0.922851562
vt 0.986816406 0.918457031
vt 0.987792969 0.918457031
vt 0.989746094 0.923339844
vt 0.988769531 0.918457031
vt 0.993652344 0.921875
vt 0.997070312 0.919921875
vt 0.994628906 0.910644531
vt 0.999023438 0.916503906
vt 1 0.912597656
vt 0.995117188 0.909667969
vt 0.999511719 0.908691406
vt 0.994628906 0.908691406
vt 0.997558594 0.904785156
vt 0.993652344 0.908691406
vt 0.994628906 0.90234375
vt 0.984863281 0.908203125
vt 0.985839844 0.8984375
vt 0.984375 0.908203125
vt 0.985839844 0.864746094
vt 0.989257812 0.872070312
vt 0.989257812 0.850585938
vt 0.985351562 0.826171875
vt 0.990234375 0.826660156
vt 0.987792969 0.818359375
vt 0.989257812 0.818847656
vt 0.991210938 0.818847656
vt 0.986816406 0.817382812
vt 0.996582031 0.821777344
vt 0.992675781 0.817871094
vt 0.993652344 0.816894531
vt 0.998535156 0.819335938
vt 0.994628906 0.815429688
vt 1 0.815917969
vt 0.994628906 0.813964844
vt 1 0.8125
vt 0.994140625 0.812011719
vt 0.999023438 0.809082031
vt 0.993164062 0.811035156
vt 0.996582031 0.806640625
vt 0.991699219 0.810058594
vt 0.993652344 0.8046875
vt 0.990234375 0.809570312
vt 0.990234375 0.804199219
vt 0.988769531 0.809570312
vt 0.986816406 0.8046875
vt 0.987304688 0.810546875
vt 0.979003906 0.807128906
vt 0.985839844 0.811523438
vt 0.985351562 0.812988281
vt 0.985351562 0.814941406
vt 0.985839844 0.81640625
vt 0.966308594 0.791992188
vt 0.967773438 0.786621094
vt 0.943359375 0.771484375
vt 0.929199219 0.767578125
vt 0.922851562 0.760253906
vt 0.908691406 0.754394531
vt 0.889648438 0.754394531
vt 0.917480469 0.755371094
vt 0.918457031 0.754882812
vt 0.918945312 0.754394531
vt 0.923828125 0.752441406
vt 0.918945312 0.753417969
vt 0.923828125 0.749023438
vt 0.922363281 0.745605469
vt 0.915039062 0.745117188
vt 0.919921875 0.742675781
vt 0.916992188 0.741210938
vt 0.9140625 0.744628906
vt 0.913085938 0.740234375
vt 0.913574219 0.744628906
vt 0.909667969 0.741210938
vt 0.912597656 0.745117188
vt 0.90625 0.743164062
vt 0.904296875 0.745605469
vt 0.907714844 0.752441406
vt 0.900390625 0.753417969
vt 0.907714844 0.753417969
vt 0.908203125 0.75390625
vt 0.878417969 0.75
vt 0.848144531 0.754882812
vt 0.852050781 0.749511719
vt 0.830566406 0.7578125
vt 0.810058594 0.770996094
vt 0.819335938 0.761230469
vt 0.817871094 0.761230469
vt 0.820800781 0.759765625
vt 0.821777344 0.758789062
vt 0.822265625 0.756835938
vt 0.826660156 0.750976562
vt 0.822265625 0.755371094
vt 0.821289062 0.75390625
vt 0.82421875 0.748046875
vt 0.8203125 0.752441406
vt 0.820800781 0.746582031
vt 0.818359375 0.751953125
vt 0.817382812 0.745605469
vt 0.816894531 0.751464844
vt 0.813476562 0.746582031
vt 0.814941406 0.751953125
vt 0.810546875 0.748046875
vt 0.813476562 0.752929688
vt 0.808105469 0.750976562
vt 0.8125 0.754394531
vt 0.806640625 0.754394531
vt 0.8125 0.756347656
vt 0.806640625 0.758300781
vt 0.8125 0.7578125
vt 0.813476562 0.759277344
vt 0.808105469 0.766601562
vt 0.814453125 0.760742188
vt 0.815917969 0.761230469
vt 0.788574219 0.781738281
vt 0.778320312 0.793945312
vt 0.771484375 0.795410156
vt 0.757324219 0.817871094
vt 0.751953125 0.82421875
vt 0.751953125 0.824707031
vt 0.751953125 0.823242188
vt 0.746582031 0.831542969
vt 0.751464844 0.822753906
vt 0.749023438 0.814941406
vt 0.745605469 0.83203125
vt 0.745117188 0.83203125
vt 0.740234375 0.834960938
vt 0.7421875 0.820800781
vt 0.745117188 0.814453125
vt 0.741210938 0.815429688
vt 0.741210938 0.821289062
vt 0.73828125 0.817871094
vt 0.740722656 0.821777344
vt 0.735839844 0.820800781
vt 0.744140625 0.831054688
vt 0.736816406 0.83203125
vt 0.735351562 0.828613281
vt 0.740722656 0.822753906
vt 0.734863281 0.824707031
vt 0.852539062 0.255615234
vt 0.84765625 0.251220703
vt 0.820800781 0.257568359
vt 0.870605469 0.254638672
vt 0.809082031 0.264648438
vt 0.798339844 0.264160156
vt 0.893066406 0.262695312
vt 0.787109375 0.266845703
vt 0.771484375 0.278808594
vt 0.788574219 0.266113281
vt 0.789550781 0.264892578
vt 0.790039062 0.263427734
vt 0.790527344 0.26171875
vt 0.794433594 0.257080078
vt 0.789550781 0.260253906
vt 0.788574219 0.259033203
vt 0.791992188 0.254638672
vt 0.787597656 0.258300781
vt 0.7890625 0.252929688
vt 0.785644531 0.2578125
vt 0.785644531 0.252441406
vt 0.784179688 0.258300781
vt 0.782226562 0.253173828
vt 0.782714844 0.259033203
vt 0.778808594 0.254882812
vt 0.781738281 0.260253906
vt 0.776855469 0.257568359
vt 0.78125 0.26171875
vt 0.775878906 0.260986328
vt 0.78125 0.263427734
vt 0.775878906 0.264404297
vt 0.781738281 0.264892578
vt 0.77734375 0.271728516
vt 0.782714844 0.266113281
vt 0.784179688 0.266845703
vt 0.785644531 0.267089844
vt 0.758789062 0.281738281
vt 0.738769531 0.298339844
vt 0.737304688 0.293212891
vt 0.726074219 0.311767578
vt 0.71875 0.330322266
vt 0.720703125 0.318847656
vt 0.720703125 0.318115234
vt 0.720214844 0.317382812
vt 0.718261719 0.30859375
vt 0.720214844 0.319335938
vt 0.712890625 0.312744141
vt 0.71484375 0.307861328
vt 0.711425781 0.30859375
vt 0.711914062 0.3125
vt 0.711425781 0.312988281
vt 0.708007812 0.310302734
vt 0.7109375 0.313720703
vt 0.706054688 0.312744141
vt 0.704589844 0.316162109
vt 0.704589844 0.319580078
vt 0.7109375 0.322509766
vt 0.705566406 0.322998047
vt 0.708007812 0.325683594
vt 0.7109375 0.323242188
vt 0.711914062 0.323486328
vt 0.713867188 0.330322266
vt 0.712402344 0.323486328
vt 0.712890625 0.354980469
vt 0.715332031 0.369140625
vt 0.712402344 0.376464844
vt 0.716796875 0.401123047
vt 0.723632812 0.41015625
vt 0.715332031 0.409179688
vt 0.71484375 0.408691406
vt 0.713867188 0.408691406
vt 0.708984375 0.405761719
vt 0.721191406 0.415527344
vt 0.713378906 0.409423828
vt 0.706054688 0.408691406
vt 0.704101562 0.412109375
vt 0.709960938 0.418212891
vt 0.704101562 0.416015625
vt 0.705078125 0.419921875
vt 0.709960938 0.418945312
vt 0.707519531 0.422851562
vt 0.710449219 0.419677734
vt 0.7109375 0.425048828
vt 0.711425781 0.419677734
vt 0.71484375 0.42578125
vt 0.71875 0.425292969
vt 0.720214844 0.417480469
vt 0.7265625 0.422363281
vt 0.721191406 0.416992188
vt 0.721191406 0.416259766
vt 0.748535156 0.4453125
vt 0.741699219 0.444091797
vt 0.759277344 0.457275391
vt 0.78125 0.467285156
vt 0.778808594 0.471923828
vt 0.787109375 0.476806641
vt 0.785644531 0.477539062
vt 0.784667969 0.478759766
vt 0.7890625 0.4765625
vt 0.777832031 0.480224609
vt 0.783691406 0.480224609
vt 0.783691406 0.481933594
vt 0.778320312 0.483886719
vt 0.784179688 0.483642578
vt 0.779785156 0.487304688
vt 0.78515625 0.485107422
vt 0.782226562 0.489990234
vt 0.786621094 0.486083984
vt 0.785644531 0.491699219
vt 0.788085938 0.486328125
vt 0.7890625 0.4921875
vt 0.790039062 0.486328125
vt 0.792480469 0.491455078
vt 0.791503906 0.485595703
vt 0.795898438 0.489501953
vt 0.79296875 0.484375
vt 0.798339844 0.486572266
vt 0.793457031 0.482666016
vt 0.793457031 0.480957031
vt 0.802246094 0.479492188
vt 0.79296875 0.479248047
vt 0.791992188 0.478027344
vt 0.790527344 0.477050781
vt 0.819824219 0.482177734
vt 0.823730469 0.487060547
vt 0.849609375 0.485839844
vt 0.860839844 0.481201172
vt 0.871582031 0.482177734
vt 0.880371094 0.480712891
vt 0.899902344 0.467041016
vt 0.879394531 0.480957031
vt 0.87890625 0.481689453
vt 0.879394531 0.482421875
vt 0.875976562 0.489501953
vt 0.884277344 0.489746094
vt 0.878417969 0.4921875
vt 0.881347656 0.493896484
vt 0.885253906 0.490234375
vt 0.885253906 0.494384766
vt 0.886230469 0.490234375
vt 0.888671875 0.493652344
vt 0.88671875 0.489501953
vt 0.892089844 0.491943359
vt 0.894042969 0.489013672
vt 0.890136719 0.481201172
vt 0.895507812 0.485595703
vt 0.895507812 0.481933594
vt 0.890136719 0.48046875
vt 0.894042969 0.474121094
vt 0.889648438 0.479736328
vt 0.889160156 0.479492188
vt 0.9140625 0.462402344
vt 0.936035156 0.440917969
vt 0.937988281 0.446533203
vt 0.948730469 0.425292969
vt 0.954101562 0.406005859
vt 0.955078125 0.416259766
vt 0.956054688 0.414794922
vt 0.954589844 0.417724609
vt 0.954589844 0.419189453
vt 0.955566406 0.420654297
vt 0.956542969 0.421875
vt 0.956542969 0.427734375
vt 0.958007812 0.422607422
vt 0.959960938 0.428222656
vt 0.959472656 0.422607422
vt 0.963378906 0.427246094
vt 0.961425781 0.422119141
vt 0.966308594 0.425537109
vt 0.962402344 0.421142578
vt 0.968261719 0.422607422
vt 0.963378906 0.419921875
vt 0.969238281 0.419189453
vt 0.963867188 0.418457031
vt 0.969238281 0.415771484
vt 0.963867188 0.416748047
vt 0.967773438 0.412597656
vt 0.962890625 0.415283203
vt 0.965332031 0.409912109
vt 0.961914062 0.4140625
vt 0.960449219 0.413574219
vt 0.958984375 0.405517578
vt 0.958496094 0.413574219
vt 0.95703125 0.4140625
vt 0.957519531 0.381835938
vt 0.953125 0.367919922
vt 0.956542969 0.360107422
vt 0.952148438 0.334228516
vt 0.945800781 0.324951172
vt 0.950195312 0.32421875
vt 0.951171875 0.324462891
vt 0.9609375 0.329833984
vt 0.959960938 0.323730469
vt 0.963867188 0.327148438
vt 0.9609375 0.323242188
vt 0.965332031 0.323486328
vt 0.9609375 0.322509766
vt 0.965820312 0.319580078
vt 0.949707031 0.323730469
vt 0.9609375 0.321777344
vt 0.96484375 0.315673828
vt 0.962402344 0.3125
vt 0.954101562 0.314208984
vt 0.959472656 0.310058594
vt 0.955566406 0.309082031
vt 0.953613281 0.313720703
vt 0.951171875 0.309570312
vt 0.952636719 0.313964844
vt 0.952148438 0.314697266
vt 0.942871094 0.3125
vt 0.949707031 0.322998047
vt 0.920898438 0.288818359
vt 0.928222656 0.290283203
vt 0.912109375 0.275146484
vt 0.895019531 0.258056641
vt 0.885742188 0.254638672
vt 0.884277344 0.255126953
vt 0.887207031 0.253662109
vt 0.882324219 0.255126953
vt 0.888183594 0.252197266
vt 0.89453125 0.249511719
vt 0.888671875 0.250732422
vt 0.888183594 0.248901367
vt 0.893554688 0.245849609
vt 0.887695312 0.247314453
vt 0.891601562 0.242797852
vt 0.886230469 0.24609375
vt 0.888183594 0.240600586
vt 0.884765625 0.245483398
vt 0.884765625 0.239501953
vt 0.8828125 0.245361328
vt 0.880859375 0.239746094
vt 0.881347656 0.245849609
vt 0.877441406 0.241088867
vt 0.879882812 0.246826172
vt 0.875 0.243652344
vt 0.87890625 0.248291016
vt 0.873046875 0.246948242
vt 0.878417969 0.25
vt 0.878417969 0.251708984
vt 0.879394531 0.253173828
vt 0.880859375 0.254394531
vt 0.90625 0.704589844
vt 0.909179688 0.703125
vt 0.903320312 0.695800781
vt 0.903320312 0.705078125
vt 0.911132812 0.700683594
vt 0.899902344 0.704589844
vt 0.912597656 0.697753906
vt 0.896972656 0.703125
vt 0.912597656 0.694335938
vt 0.895019531 0.700683594
vt 0.911132812 0.69140625
vt 0.894042969 0.697753906
vt 0.909179688 0.688964844
vt 0.894042969 0.694335938
vt 0.90625 0.687011719
vt 0.895019531 0.69140625
vt 0.903320312 0.686523438
vt 0.896972656 0.688964844
vt 0.899902344 0.687011719
vt 0.616210938 0.720703125
vt 0.613769531 0.723632812
vt 0.622070312 0.728027344
vt 0.618652344 0.719238281
vt 0.612792969 0.7265625
vt 0.622070312 0.71875
vt 0.612792969 0.729492188
vt 0.625 0.719238281
vt 0.613769531 0.732910156
vt 0.627929688 0.720703125
vt 0.616210938 0.735351562
vt 0.630371094 0.723632812
vt 0.618652344 0.736816406
vt 0.631347656 0.7265625
vt 0.622070312 0.737304688
vt 0.631347656 0.729492188
vt 0.625 0.736816406
vt 0.630371094 0.732910156
vt 0.627929688 0.735351562
vt 0.582519531 0.735351562
vt 0.576660156 0.728027344
vt 0.580078125 0.736816406
vt 0.584960938 0.732910156
vt 0.576660156 0.737304688
vt 0.5859375 0.729492188
vt 0.573242188 0.736816406
vt 0.5859375 0.7265625
vt 0.570800781 0.735351562
vt 0.584960938 0.723632812
vt 0.568359375 0.732910156
vt 0.582519531 0.720703125
vt 0.567382812 0.729492188
vt 0.580078125 0.719238281
vt 0.567382812 0.7265625
vt 0.576660156 0.71875
vt 0.568359375 0.723632812
vt 0.573242188 0.719238281
vt 0.570800781 0.720703125
vt 0.537109375 0.735351562
vt 0.531738281 0.728515625
vt 0.534667969 0.736816406
vt 0.539550781 0.732910156
vt 0.53125 0.737304688
vt 0.540527344 0.729492188
vt 0.528320312 0.736816406
vt 0.540527344 0.7265625
vt 0.525390625 0.735351562
vt 0.539550781 0.723632812
vt 0.5234375 0.732910156
vt 0.537109375 0.720703125
vt 0.521972656 0.729492188
vt 0.534667969 0.719238281
vt 0.521972656 0.7265625
vt 0.53125 0.71875
vt 0.5234375 0.723632812
vt 0.528320312 0.719238281
vt 0.525390625 0.720703125
vt 0.869628906 0.704101562
vt 0.870605469 0.703125
vt 0.867675781 0.701171875
vt 0.872070312 0.706054688
vt 0.869628906 0.700195312
vt 0.872558594 0.705566406
vt 0.8671875 0.698242188
vt 0.874511719 0.707519531
vt 0.870117188 0.696777344
vt 0.875488281 0.70703125
vt 0.8671875 0.694335938
vt 0.876953125 0.708007812
vt 0.871582031 0.694335938
vt 0.877929688 0.708007812
vt 0.868164062 0.690917969
vt 0.879394531 0.708496094
vt 0.874023438 0.692382812
vt 0.880859375 0.707519531
vt 0.870605469 0.687988281
vt 0.881835938 0.708007812
vt 0.883789062 0.706054688
vt 0.884765625 0.70703125
vt 0.876464844 0.690917969
vt 0.873535156 0.686035156
vt 0.877441406 0.684570312
vt 0.87890625 0.690429688
vt 0.880859375 0.684570312
vt 0.881835938 0.690917969
vt 0.884765625 0.687011719
vt 0.884277344 0.692382812
vt 0.887695312 0.689941406
vt 0.886230469 0.694824219
vt 0.889648438 0.693847656
vt 0.887207031 0.697753906
vt 0.889648438 0.698242188
vt 0.88671875 0.700683594
vt 0.888671875 0.701660156
vt 0.885742188 0.703613281
vt 0.887207031 0.705078125
vt 0.502441406 0.735351562
vt 0.505371094 0.736816406
vt 0.508789062 0.728027344
vt 0.500488281 0.732910156
vt 0.508789062 0.737304688
vt 0.499511719 0.729492188
vt 0.51171875 0.736816406
vt 0.499511719 0.7265625
vt 0.514648438 0.735351562
vt 0.500488281 0.723632812
vt 0.516601562 0.732910156
vt 0.502441406 0.720703125
vt 0.518066406 0.729492188
vt 0.505371094 0.719238281
vt 0.518066406 0.7265625
vt 0.508789062 0.71875
vt 0.516601562 0.723632812
vt 0.51171875 0.719238281
vt 0.514648438 0.720703125
vt 0.919921875 0.703125
vt 0.922851562 0.704589844
vt 0.925292969 0.696289062
vt 0.917480469 0.700683594
vt 0.92578125 0.705078125
vt 0.916503906 0.697753906
vt 0.929199219 0.704589844
vt 0.916503906 0.694335938
vt 0.931640625 0.703125
vt 0.917480469 0.69140625
vt 0.934082031 0.700683594
vt 0.919921875 0.688964844
vt 0.935058594 0.697753906
vt 0.922851562 0.687011719
vt 0.935058594 0.694335938
vt 0.92578125 0.686523438
vt 0.934082031 0.69140625
vt 0.929199219 0.687011719
vt 0.931640625 0.688964844
vt 0.842773438 0.688964844
vt 0.840820312 0.69140625
vt 0.84375 0.689941406
vt 0.845214844 0.687011719
vt 0.842773438 0.692871094
vt 0.845703125 0.6875
vt 0.840332031 0.694824219
vt 0.84765625 0.685546875
vt 0.843261719 0.695800781
vt 0.848632812 0.685546875
vt 0.840332031 0.698242188
vt 0.850097656 0.684570312
vt 0.844726562 0.698730469
vt 0.851074219 0.685058594
vt 0.841308594 0.702148438
vt 0.852539062 0.684570312
vt 0.846679688 0.700683594
vt 0.854003906 0.685546875
vt 0.84375 0.705078125
vt 0.854980469 0.685058594
vt 0.856933594 0.687011719
vt 0.857910156 0.686035156
vt 0.849609375 0.702148438
vt 0.846679688 0.70703125
vt 0.850097656 0.708496094
vt 0.852050781 0.702148438
vt 0.854003906 0.708007812
vt 0.854980469 0.701660156
vt 0.857910156 0.706054688
vt 0.857421875 0.700195312
vt 0.860839844 0.702636719
vt 0.858886719 0.698242188
vt 0.862792969 0.698730469
vt 0.859863281 0.6953125
vt 0.862792969 0.694824219
vt 0.859863281 0.691894531
vt 0.861816406 0.690917969
vt 0.858886719 0.688964844
vt 0.860351562 0.687988281
vt 0.116821289 0.13659668
vt 0.109680176 0.0846557617
vt 0.10925293 0.084777832
vt 0.117248535 0.13659668
vt 0.109069824 0.0834350586
vt 0.110168457 0.0845336914
vt 0.117736816 0.136474609
vt 0.10949707 0.0833740234
vt 0.108947754 0.0820922852
vt 0.110656738 0.0844726562
vt 0.118225098 0.136352539
vt 0.129882812 0.133911133
vt 0.123535156 0.0836181641
vt 0.110473633 0.0832519531
vt 0.123596191 0.0823364258
vt 0.109985352 0.0833129883
vt 0.110412598 0.08203125
vt 0.123596191 0.0810546875
vt 0.109436035 0.0820922852
vt 0.108947754 0.0808105469
vt 0.109924316 0.08203125
vt 0.110351562 0.0807495117
vt 0.123596191 0.0797119141
vt 0.109375 0.0808105469
vt 0.108886719 0.0795288086
vt 0.109863281 0.0807495117
vt 0.110351562 0.0794677734
vt 0.123596191 0.0784301758
vt 0.109313965 0.0795288086
vt 0.108886719 0.0782470703
vt 0.109802246 0.0794677734
vt 0.110290527 0.0781860352
vt 0.123535156 0.0771484375
vt 0.109313965 0.0782470703
vt 0.108825684 0.076965332
vt 0.109802246 0.0782470703
vt 0.110290527 0.0769042969
vt 0.123474121 0.0758666992
vt 0.10925293 0.076965332
vt 0.108764648 0.0756835938
vt 0.109741211 0.076965332
vt 0.110229492 0.0756835938
vt 0.123413086 0.0745849609
vt 0.109191895 0.0756835938
vt 0.108764648 0.0744018555
vt 0.109741211 0.0756835938
vt 0.110229492 0.0744018555
vt 0.123291016 0.0733032227
vt 0.109191895 0.0744018555
vt 0.108764648 0.073059082
vt 0.109680176 0.0744018555
vt 0.110229492 0.0731201172
vt 0.12322998 0.0720214844
vt 0.109191895 0.0731201172
vt 0.108825684 0.0717163086
vt 0.109680176 0.0731201172
vt 0.109802246 0.0718383789
vt 0.110290527 0.0718994141
vt 0.113769531 0.0179138184
vt 0.126342773 0.0214080811
vt 0.109313965 0.0717773438
vt 0.113891602 0.0166625977
vt 0.126708984 0.0201263428
vt 0.11328125 0.0178833008
vt 0.112792969 0.0178833008
vt 0.112304688 0.0178985596
vt 0.112426758 0.0163421631
vt 0.114135742 0.0154190063
vt 0.126953125 0.0188446045
vt 0.11340332 0.0164642334
vt 0.112915039 0.0164031982
vt 0.11315918 0.0149383545
vt 0.112731934 0.0148468018
vt 0.113037109 0.0134124756
vt 0.114379883 0.014175415
vt 0.127197266 0.017578125
vt 0.113647461 0.015045166
vt 0.113464355 0.0135192871
vt 0.114685059 0.0129470825
vt 0.127563477 0.0163116455
vt 0.113952637 0.0136413574
vt 0.113708496 0.0126724243
vt 0.113464355 0.0120010376
vt 0.114196777 0.0128097534
vt 0.11505127 0.0117263794
vt 0.128051758 0.0150527954
vt 0.113891602 0.0121231079
vt 0.114318848 0.012260437
vt 0.114074707 0.011428833
vt 0.113891602 0.0106201172
vt 0.114562988 0.0115737915
vt 0.115478516 0.0105209351
vt 0.128417969 0.0138092041
vt 0.114746094 0.0108947754
vt 0.114318848 0.0107498169
vt 0.115905762 0.00933074951
vt 0.12890625 0.0125808716
vt 0.114929199 0.0103530884
vt 0.114440918 0.0101928711
vt 0.114318848 0.0092086792
vt 0.11541748 0.00913238525
vt 0.114929199 0.00894927979
vt 0.114929199 0.00778198242
vt 0.116455078 0.00817108154
vt 0.129394531 0.0113677979
vt 0.115966797 0.00793457031
vt 0.116638184 0.00678634644
vt 0.115539551 0.00770568848
vt 0.115722656 0.00638580322
vt 0.11706543 0.00705718994
vt 0.129882812 0.0101699829
vt 0.117736816 0.00603485107
vt 0.11730957 0.00576400757
vt 0.117004395 0.00545120239
vt 0.116210938 0.00651168823
vt 0.116638184 0.00511932373
vt 0.554199219 0.728027344
vt 0.562011719 0.723632812
vt 0.560058594 0.720703125
vt 0.562988281 0.7265625
vt 0.557128906 0.719238281
vt 0.562988281 0.729492188
vt 0.554199219 0.71875
vt 0.562011719 0.732910156
vt 0.55078125 0.719238281
vt 0.560058594 0.735351562
vt 0.547851562 0.720703125
vt 0.557128906 0.736816406
vt 0.545898438 0.723632812
vt 0.554199219 0.737304688
vt 0.544921875 0.7265625
vt 0.55078125 0.736816406
vt 0.544921875 0.729492188
vt 0.547851562 0.735351562
vt 0.545898438 0.732910156
vt 0.599121094 0.728027344
vt 0.593261719 0.735351562
vt 0.596191406 0.736816406
vt 0.591308594 0.732910156
vt 0.599121094 0.737304688
vt 0.590332031 0.729492188
vt 0.602539062 0.736816406
vt 0.590332031 0.7265625
vt 0.60546875 0.735351562
vt 0.591308594 0.723632812
vt 0.607421875 0.732910156
vt 0.593261719 0.720703125
vt 0.608398438 0.729492188
vt 0.596191406 0.719238281
vt 0.608398438 0.7265625
vt 0.599121094 0.71875
vt 0.607421875 0.723632812
vt 0.602539062 0.719238281
vt 0.60546875 0.720703125
vt 0.645507812 0.727539062
vt 0.638671875 0.720703125
vt 0.63671875 0.723632812
vt 0.641601562 0.719238281
vt 0.635253906 0.7265625
vt 0.64453125 0.71875
vt 0.635253906 0.729492188
vt 0.647949219 0.719238281
vt 0.63671875 0.732910156
vt 0.650878906 0.720703125
vt 0.638671875 0.735351562
vt 0.652832031 0.723632812
vt 0.641601562 0.736816406
vt 0.653808594 0.7265625
vt 0.64453125 0.737304688
vt 0.653808594 0.729492188
vt 0.647949219 0.736816406
vt 0.652832031 0.732910156
vt 0.650878906 0.735351562
vt 0.666503906 0.727539062
vt 0.675292969 0.723632812
vt 0.673339844 0.720703125
vt 0.670410156 0.719238281
vt 0.676757812 0.7265625
vt 0.667480469 0.71875
vt 0.676757812 0.729492188
vt 0.6640625 0.719238281
vt 0.675292969 0.732910156
vt 0.661132812 0.720703125
vt 0.673339844 0.735351562
vt 0.659179688 0.723632812
vt 0.670410156 0.736816406
vt 0.658203125 0.7265625
vt 0.667480469 0.737304688
vt 0.658203125 0.729492188
vt 0.6640625 0.736816406
vt 0.659179688 0.732910156
vt 0.661132812 0.735351562
vt 0.860351562 0.00491333008
vt 0.861816406 0.00188922882
vt 0.853515625 0
vt 0.853515625 0.00327682495
vt 0.863769531 0.00658416748
vt 0.831542969 0.000406980515
vt 0.865722656 0.00410842896
vt 0.83203125 0.00378227234
vt 0.864746094 0.00742340088
vt 0.822265625 0.00241470337
vt 0.866699219 0.0051612854
vt 0.823730469 0.0054473877
vt 0.866699219 0.0104675293
vt 0.817871094 0.0051612854
vt 0.869628906 0.00890350342
vt 0.8203125 0.00738525391
vt 0.868652344 0.0149002075
vt 0.81640625 0.00704956055
vt 0.871582031 0.0139465332
vt 0.818847656 0.00879669189
vt 0.872558594 0.0333251953
vt 0.814453125 0.0123214722
vt 0.875488281 0.0328369141
vt 0.817382812 0.0131454468
vt 0.875976562 0.0609436035
vt 0.811035156 0.0521850586
vt 0.87890625 0.0606384277
vt 0.814453125 0.0523681641
vt 0.881347656 0.122070312
vt 0.80859375 0.112548828
vt 0.884765625 0.121826172
vt 0.812011719 0.112670898
vt 0.885742188 0.183227539
vt 0.807128906 0.173217773
vt 0.888671875 0.183105469
vt 0.810546875 0.173217773
vt 0.885253906 0.203857422
vt 0.807128906 0.194946289
vt 0.888671875 0.204223633
vt 0.810546875 0.194824219
vt 0.884277344 0.2109375
vt 0.808105469 0.209960938
vt 0.887695312 0.211914062
vt 0.811523438 0.209472656
vt 0.883789062 0.212768555
vt 0.809082031 0.214233398
vt 0.88671875 0.214233398
vt 0.8125 0.213256836
vt 0.881835938 0.215698242
vt 0.811523438 0.219238281
vt 0.884277344 0.217773438
vt 0.813964844 0.217285156
vt 0.879882812 0.217773438
vt 0.8125 0.220458984
vt 0.881835938 0.220214844
vt 0.814941406 0.218261719
vt 0.874023438 0.220336914
vt 0.815429688 0.222412109
vt 0.875 0.223266602
vt 0.816894531 0.219726562
vt 0.864746094 0.221923828
vt 0.817871094 0.223510742
vt 0.864746094 0.224975586
vt 0.818847656 0.220581055
vt 0.831054688 0.22277832
vt 0.830566406 0.225830078
vt 0.763183594 0.880371094
vt 0.760253906 0.880371094
vt 0.76171875 0.888183594
vt 0.763671875 0.860839844
vt 0.764648438 0.887207031
vt 0.760253906 0.860351562
vt 0.763183594 0.891113281
vt 0.765136719 0.852050781
vt 0.765625 0.889648438
vt 0.762207031 0.851074219
vt 0.765625 0.893554688
vt 0.766601562 0.849609375
vt 0.767578125 0.891601562
vt 0.764648438 0.847167969
vt 0.769042969 0.895996094
vt 0.768554688 0.848144531
vt 0.770507812 0.893554688
vt 0.766601562 0.845214844
vt 0.773925781 0.897949219
vt 0.772949219 0.846191406
vt 0.774902344 0.895019531
vt 0.771972656 0.843261719
vt 0.789550781 0.901367188
vt 0.810058594 0.843261719
vt 0.790039062 0.8984375
vt 0.810058594 0.840332031
vt 0.818359375 0.904785156
vt 0.867675781 0.840820312
vt 0.818359375 0.901855469
vt 0.8671875 0.837890625
vt 0.875976562 0.909667969
vt 0.924804688 0.839355469
vt 0.876464844 0.906738281
vt 0.924804688 0.836425781
vt 0.934082031 0.913574219
vt 0.948242188 0.839355469
vt 0.934570312 0.910644531
vt 0.948242188 0.836425781
vt 0.955566406 0.913574219
vt 0.959472656 0.840332031
vt 0.955078125 0.910644531
vt 0.959960938 0.837402344
vt 0.960449219 0.913085938
vt 0.962890625 0.840820312
vt 0.959472656 0.91015625
vt 0.963867188 0.837890625
vt 0.96484375 0.911621094
vt 0.966308594 0.842285156
vt 0.963378906 0.908691406
vt 0.967773438 0.83984375
vt 0.967773438 0.909667969
vt 0.968261719 0.844238281
vt 0.965820312 0.907226562
vt 0.970703125 0.842285156
vt 0.970703125 0.90625
vt 0.969726562 0.845703125
vt 0.968261719 0.904785156
vt 0.972167969 0.844238281
vt 0.97265625 0.900878906
vt 0.970214844 0.84765625
vt 0.970214844 0.899902344
vt 0.973144531 0.846679688
vt 0.974609375 0.890625
vt 0.97265625 0.858886719
vt 0.971679688 0.890625
vt 0.975585938 0.858886719
vt 0.938476562 0.219238281
vt 0.937988281 0.219970703
vt 0.947753906 0.218505859
vt 0.947265625 0.217895508
vt 0.917480469 0.219360352
vt 0.951171875 0.216674805
vt 0.917480469 0.220092773
vt 0.951171875 0.216064453
vt 0.909667969 0.218017578
vt 0.953125 0.21496582
vt 0.909667969 0.21862793
vt 0.952148438 0.214599609
vt 0.90625 0.216430664
vt 0.955078125 0.210083008
vt 0.906738281 0.217529297
vt 0.954589844 0.209838867
vt 0.905273438 0.215576172
vt 0.958984375 0.170410156
vt 0.904785156 0.215576172
vt 0.958007812 0.170288086
vt 0.903320312 0.212036133
vt 0.962402344 0.110778809
vt 0.902832031 0.212280273
vt 0.961425781 0.110778809
vt 0.901855469 0.20715332
vt 0.965820312 0.0512390137
vt 0.901367188 0.20690918
vt 0.96484375 0.0511779785
vt 0.899414062 0.187988281
vt 0.967285156 0.0269470215
vt 0.898925781 0.190307617
vt 0.966308594 0.0298919678
vt 0.897460938 0.160400391
vt 0.967285156 0.0148468018
vt 0.896484375 0.160400391
vt 0.966796875 0.015335083
vt 0.893554688 0.0997314453
vt 0.966796875 0.0112686157
vt 0.892578125 0.0997314453
vt 0.966308594 0.011428833
vt 0.889648438 0.0390625
vt 0.965332031 0.00746536255
vt 0.888671875 0.0390930176
vt 0.964355469 0.00688171387
vt 0.888671875 0.0184936523
vt 0.963378906 0.00472640991
vt 0.888183594 0.0171661377
vt 0.963378906 0.00579452515
vt 0.889648438 0.011428833
vt 0.961425781 0.0034236908
vt 0.888671875 0.0127105713
vt 0.9609375 0.00406265259
vt 0.890136719 0.00942230225
vt 0.958984375 0.00233840942
vt 0.889648438 0.00859069824
vt 0.958984375 0.00302124023
vt 0.892089844 0.00637054443
vt 0.946289062 0
vt 0.891601562 0.00587081909
vt 0.945800781 0.000693798065
vt 0.89453125 0.00427627563
vt 0.911621094 0
vt 0.89453125 0.00342750549
vt 0.911621094 0.000689983368
vt 0.901367188 0.00192642212
vt 0.900390625 0.00137042999
vt 0.276611328 0.365722656
vt 0.280273438 0.369384766
vt 0.285400391 0.370605469
vt 0.271484375 0.366210938
vt 0.287597656 0.375488281
vt 0.266601562 0.364013672
vt 0.291748047 0.378417969
vt 0.261962891 0.366210938
vt 0.292236328 0.383544922
vt 0.256835938 0.365722656
vt 0.295166016 0.387695312
vt 0.253173828 0.369384766
vt 0.293945312 0.392822266
vt 0.247924805 0.370605469
vt 0.295166016 0.397705078
vt 0.245849609 0.375488281
vt 0.292236328 0.401855469
vt 0.241455078 0.378417969
vt 0.291748047 0.407226562
vt 0.241088867 0.383544922
vt 0.287597656 0.41015625
vt 0.238037109 0.387695312
vt 0.285400391 0.414794922
vt 0.239501953 0.392822266
vt 0.280273438 0.416015625
vt 0.238037109 0.397705078
vt 0.276611328 0.419677734
vt 0.241088867 0.401855469
vt 0.271484375 0.419189453
vt 0.241455078 0.407226562
vt 0.266601562 0.421630859
vt 0.245849609 0.41015625
vt 0.261962891 0.419189453
vt 0.247924805 0.414794922
vt 0.256835938 0.419677734
vt 0.253173828 0.416015625
vt 0.500488281 0.309570312
vt 0.506347656 0.318603516
vt 0.502929688 0.309082031
vt 0.50390625 0.319824219
vt 0.500488281 0.298583984
vt 0.512695312 0.326171875
vt 0.502929688 0.299072266
vt 0.511230469 0.328369141
vt 0.504394531 0.288574219
vt 0.521484375 0.331298828
vt 0.506347656 0.289794922
vt 0.520507812 0.333740234
vt 0.511230469 0.280273438
vt 0.531738281 0.333007812
vt 0.513183594 0.282226562
vt 0.531738281 0.335693359
vt 0.520996094 0.274902344
vt 0.541503906 0.331298828
vt 0.521972656 0.27734375
vt 0.542480469 0.333740234
vt 0.531738281 0.273193359
vt 0.550292969 0.326171875
vt 0.531738281 0.275878906
vt 0.552246094 0.328369141
vt 0.542480469 0.274902344
vt 0.556640625 0.318603516
vt 0.541503906 0.27734375
vt 0.559082031 0.320068359
vt 0.552246094 0.280273438
vt 0.560546875 0.309326172
vt 0.550292969 0.282226562
vt 0.562988281 0.309814453
vt 0.559082031 0.288574219
vt 0.560546875 0.299316406
vt 0.556640625 0.290039062
vt 0.562988281 0.298828125
f 3/3 2/2 1/1
f 5/5 2/2 4/4
f 6/6 5/5 4/4
f 4/4 7/7 6/6
f 7/7 8/8 6/6
f 8/8 7/7 9/9
f 7/7 10/10 9/9
f 9/9 10/10 11/11
f 11/11 10/10 12/12
f 10/10 13/13 12/12
f 13/13 14/14 12/12
f 15/15 14/14 13/13
f 15/15 13/13 16/16
f 15/15 16/16 17/17
f 16/16 18/18 17/17
f 17/17 18/18 19/19
f 18/18 20/20 19/19
f 21/21 20/20 18/18
f 24/24 23/23 22/22
f 23/23 25/25 22/22
f 22/22 25/25 26/26
f 27/27 25/25 23/23
f 25/25 28/28 26/26
f 26/26 28/28 29/29
f 25/25 27/27 30/30
f 28/28 25/25 30/30
f 27/27 31/31 30/30
f 27/27 32/32 31/31
f 32/32 33/33 31/31
f 28/28 34/34 29/29
f 29/29 34/34 35/35
f 34/34 36/36 35/35
f 37/37 28/28 30/30
f 31/31 37/37 30/30
f 38/38 34/34 28/28
f 34/34 38/38 36/36
f 38/38 28/28 37/37
f 38/38 39/39 36/36
f 39/39 40/40 36/36
f 38/38 41/41 39/39
f 41/41 38/38 37/37
f 41/41 40/40 39/39
f 42/42 41/41 37/37
f 31/31 42/42 37/37
f 41/41 43/43 40/40
f 43/43 41/41 42/42
f 43/43 44/44 40/40
f 45/45 42/42 31/31
f 45/45 43/43 42/42
f 43/43 46/46 44/44
f 46/46 43/43 45/45
f 46/46 47/47 44/44
f 48/48 45/45 31/31
f 33/33 48/48 31/31
f 33/33 49/49 48/48
f 49/49 45/45 48/48
f 33/33 50/50 49/49
f 49/49 51/51 45/45
f 51/51 46/46 45/45
f 46/46 52/52 47/47
f 52/52 53/53 47/47
f 50/50 54/54 49/49
f 54/54 51/51 49/49
f 55/55 46/46 51/51
f 52/52 46/46 55/55
f 54/54 55/55 51/51
f 50/50 56/56 54/54
f 50/50 57/57 56/56
f 58/58 55/55 54/54
f 58/58 52/52 55/55
f 56/56 58/58 54/54
f 52/52 59/59 53/53
f 59/59 60/60 53/53
f 61/61 52/52 58/58
f 61/61 58/58 56/56
f 59/59 52/52 61/61
f 57/57 62/62 56/56
f 62/62 61/61 56/56
f 59/59 63/63 60/60
f 63/63 64/64 60/60
f 65/65 59/59 61/61
f 65/65 61/61 62/62
f 63/63 59/59 65/65
f 57/57 66/66 62/62
f 66/66 65/65 62/62
f 57/57 67/67 66/66
f 68/68 65/65 66/66
f 68/68 63/63 65/65
f 67/67 69/69 66/66
f 69/69 68/68 66/66
f 67/67 70/70 69/69
f 63/63 71/71 64/64
f 71/71 72/72 64/64
f 73/73 63/63 68/68
f 73/73 68/68 69/69
f 71/71 63/63 73/73
f 70/70 74/74 69/69
f 74/74 73/73 69/69
f 70/70 75/75 74/74
f 71/71 76/76 72/72
f 76/76 71/71 73/73
f 76/76 77/77 72/72
f 78/78 73/73 74/74
f 78/78 76/76 73/73
f 75/75 79/79 74/74
f 79/79 78/78 74/74
f 75/75 80/80 79/79
f 76/76 81/81 77/77
f 81/81 76/76 78/78
f 81/81 82/82 77/77
f 80/80 83/83 79/79
f 83/83 78/78 79/79
f 84/84 81/81 78/78
f 83/83 84/84 78/78
f 85/85 82/82 81/81
f 84/84 85/85 81/81
f 80/80 86/86 83/83
f 87/87 86/86 80/80
f 88/88 86/86 87/87
f 83/83 89/89 84/84
f 89/89 85/85 84/84
f 86/86 89/89 83/83
f 85/85 90/90 82/82
f 90/90 85/85 89/89
f 90/90 91/91 82/82
f 86/86 88/88 92/92
f 89/89 86/86 92/92
f 88/88 93/93 92/92
f 90/90 94/94 91/91
f 94/94 95/95 91/91
f 90/90 89/89 96/96
f 96/96 89/89 92/92
f 94/94 90/90 96/96
f 93/93 97/97 92/92
f 93/93 98/98 97/97
f 99/99 96/96 92/92
f 99/99 94/94 96/96
f 97/97 99/99 92/92
f 94/94 100/100 95/95
f 100/100 94/94 99/99
f 100/100 101/101 95/95
f 102/102 99/99 97/97
f 102/102 100/100 99/99
f 100/100 103/103 101/101
f 103/103 100/100 102/102
f 103/103 104/104 101/101
f 98/98 105/105 97/97
f 105/105 102/102 97/97
f 98/98 106/106 105/105
f 98/98 107/107 106/106
f 108/108 102/102 105/105
f 108/108 103/103 102/102
f 106/106 108/108 105/105
f 103/103 109/109 104/104
f 109/109 110/110 104/104
f 111/111 103/103 108/108
f 111/111 108/108 106/106
f 109/109 103/103 111/111
f 107/107 112/112 106/106
f 112/112 111/111 106/106
f 107/107 113/113 112/112
f 107/107 114/114 113/113
f 115/115 111/111 112/112
f 115/115 109/109 111/111
f 113/113 115/115 112/112
f 109/109 116/116 110/110
f 116/116 117/117 110/110
f 118/118 109/109 115/115
f 118/118 115/115 113/113
f 116/116 109/109 118/118
f 114/114 119/119 113/113
f 119/119 118/118 113/113
f 116/116 120/120 117/117
f 120/120 121/121 117/117
f 122/122 116/116 118/118
f 122/122 118/118 119/119
f 120/120 116/116 122/122
f 114/114 123/123 119/119
f 123/123 122/122 119/119
f 114/114 124/124 123/123
f 120/120 125/125 121/121
f 125/125 126/126 121/121
f 127/127 120/120 122/122
f 127/127 122/122 123/123
f 125/125 120/120 127/127
f 124/124 128/128 123/123
f 128/128 127/127 123/123
f 124/124 129/129 128/128
f 125/125 130/130 126/126
f 130/130 131/131 126/126
f 130/130 132/132 131/131
f 133/133 132/132 130/130
f 134/134 125/125 127/127
f 134/134 127/127 128/128
f 130/130 125/125 134/134
f 129/129 135/135 128/128
f 135/135 134/134 128/128
f 129/129 136/136 135/135
f 133/133 130/130 137/137
f 137/137 130/130 134/134
f 137/137 134/134 135/135
f 138/138 133/133 137/137
f 136/136 139/139 135/135
f 139/139 137/137 135/135
f 138/138 137/137 139/139
f 136/136 140/140 139/139
f 140/140 138/138 139/139
f 143/143 142/142 141/141
f 141/141 142/142 144/144
f 142/142 145/145 144/144
f 141/141 144/144 146/146
f 147/147 141/141 146/146
f 145/145 148/148 144/144
f 144/144 148/148 146/146
f 147/147 146/146 149/149
f 150/150 147/147 149/149
f 145/145 151/151 148/148
f 145/145 152/152 151/151
f 151/151 152/152 153/153
f 151/151 153/153 154/154
f 155/155 151/151 154/154
f 151/151 155/155 148/148
f 155/155 154/154 156/156
f 148/148 157/157 146/146
f 146/146 157/157 149/149
f 148/148 155/155 157/157
f 150/150 149/149 158/158
f 159/159 150/150 158/158
f 157/157 160/160 149/149
f 157/157 155/155 160/160
f 149/149 160/160 158/158
f 161/161 155/155 156/156
f 155/155 161/161 160/160
f 161/161 156/156 162/162
f 159/159 158/158 163/163
f 164/164 159/159 163/163
f 160/160 165/165 158/158
f 160/160 161/161 165/165
f 158/158 165/165 163/163
f 166/166 161/161 162/162
f 161/161 166/166 165/165
f 166/166 162/162 167/167
f 164/164 163/163 168/168
f 169/169 164/164 168/168
f 169/169 168/168 170/170
f 171/171 169/169 170/170
f 172/172 171/171 170/170
f 165/165 173/173 163/163
f 165/165 166/166 173/173
f 163/163 173/173 168/168
f 174/174 166/166 167/167
f 166/166 174/174 173/173
f 174/174 167/167 175/175
f 173/173 176/176 168/168
f 173/173 174/174 176/176
f 168/168 176/176 170/170
f 177/177 174/174 175/175
f 174/174 177/177 176/176
f 177/177 175/175 178/178
f 176/176 177/177 179/179
f 176/176 179/179 170/170
f 180/180 177/177 178/178
f 177/177 180/180 179/179
f 180/180 178/178 181/181
f 170/170 179/179 182/182
f 179/179 180/180 182/182
f 183/183 180/180 181/181
f 180/180 183/183 182/182
f 183/183 181/181 184/184
f 185/185 183/183 184/184
f 185/185 184/184 186/186
f 170/170 182/182 187/187
f 187/187 182/182 188/188
f 172/172 170/170 187/187
f 172/172 187/187 188/188
f 189/189 172/172 188/188
f 190/190 189/189 188/188
f 182/182 183/183 191/191
f 183/183 185/185 191/191
f 182/182 191/191 188/188
f 185/185 192/192 191/191
f 191/191 192/192 188/188
f 193/193 185/185 186/186
f 185/185 193/193 192/192
f 193/193 186/186 194/194
f 192/192 193/193 194/194
f 194/194 186/186 195/195
f 194/194 195/195 196/196
f 197/197 190/190 188/188
f 192/192 197/197 188/188
f 190/190 197/197 198/198
f 199/199 190/190 198/198
f 199/199 198/198 200/200
f 197/197 192/192 201/201
f 198/198 197/197 201/201
f 201/201 192/192 194/194
f 200/200 198/198 202/202
f 198/198 201/201 202/202
f 201/201 194/194 203/203
f 201/201 203/203 202/202
f 200/200 202/202 204/204
f 202/202 203/203 204/204
f 205/205 200/200 204/204
f 206/206 194/194 196/196
f 194/194 206/206 203/203
f 203/203 207/207 204/204
f 203/203 206/206 207/207
f 205/205 204/204 208/208
f 204/204 207/207 208/208
f 209/209 205/205 208/208
f 210/210 206/206 196/196
f 206/206 210/210 207/207
f 210/210 196/196 211/211
f 207/207 212/212 208/208
f 207/207 210/210 212/212
f 209/209 208/208 213/213
f 208/208 212/212 213/213
f 214/214 209/209 213/213
f 215/215 210/210 211/211
f 210/210 215/215 212/212
f 215/215 211/211 216/216
f 212/212 217/217 213/213
f 212/212 215/215 217/217
f 214/214 213/213 218/218
f 213/213 217/217 218/218
f 219/219 214/214 218/218
f 220/220 215/215 216/216
f 215/215 220/220 217/217
f 220/220 216/216 221/221
f 217/217 222/222 218/218
f 217/217 220/220 222/222
f 219/219 218/218 223/223
f 218/218 222/222 223/223
f 224/224 220/220 221/221
f 224/224 221/221 225/225
f 222/222 220/220 226/226
f 222/222 226/226 223/223
f 220/220 224/224 226/226
f 219/219 223/223 227/227
f 223/223 226/226 227/227
f 228/228 219/219 227/227
f 226/226 229/229 227/227
f 226/226 224/224 229/229
f 230/230 224/224 225/225
f 230/230 225/225 231/231
f 228/228 227/227 232/232
f 227/227 229/229 232/232
f 229/229 224/224 233/233
f 224/224 230/230 233/233
f 229/229 233/233 232/232
f 228/228 232/232 234/234
f 235/235 228/228 234/234
f 232/232 233/233 236/236
f 233/233 230/230 236/236
f 232/232 236/236 234/234
f 237/237 230/230 231/231
f 237/237 231/231 238/238
f 236/236 230/230 239/239
f 234/234 236/236 239/239
f 230/230 237/237 239/239
f 235/235 234/234 240/240
f 234/234 239/239 240/240
f 241/241 235/235 240/240
f 241/241 240/240 242/242
f 240/240 239/239 242/242
f 243/243 241/241 242/242
f 244/244 237/237 238/238
f 244/244 238/238 245/245
f 239/239 237/237 246/246
f 237/237 244/244 246/246
f 239/239 246/246 242/242
f 247/247 244/244 245/245
f 244/244 247/247 246/246
f 247/247 245/245 248/248
f 247/247 248/248 249/249
f 247/247 249/249 250/250
f 247/247 251/251 246/246
f 251/251 247/247 250/250
f 246/246 251/251 242/242
f 252/252 251/251 250/250
f 253/253 243/243 242/242
f 251/251 253/253 242/242
f 253/253 251/251 252/252
f 243/243 253/253 254/254
f 255/255 253/253 252/252
f 254/254 253/253 255/255
f 256/256 254/254 255/255
f 259/259 258/258 257/257
f 259/259 260/260 258/258
f 260/260 261/261 258/258
f 260/260 262/262 261/261
f 260/260 259/259 263/263
f 259/259 264/264 263/263
f 264/264 265/265 263/263
f 260/260 266/266 262/262
f 266/266 267/267 262/262
f 266/266 268/268 267/267
f 265/265 269/269 263/263
f 265/265 270/270 269/269
f 260/260 263/263 271/271
f 266/266 260/260 271/271
f 266/266 272/272 268/268
f 272/272 273/273 268/268
f 272/272 274/274 273/273
f 274/274 275/275 273/273
f 274/274 276/276 275/275
f 274/274 277/277 276/276
f 277/277 278/278 276/276
f 277/277 279/279 278/278
f 277/277 280/280 279/279
f 280/280 281/281 279/279
f 280/280 282/282 281/281
f 263/263 283/283 271/271
f 263/263 269/269 283/283
f 280/280 284/284 282/282
f 284/284 285/285 282/282
f 271/271 283/283 286/286
f 266/266 271/271 286/286
f 272/272 266/266 286/286
f 269/269 287/287 283/283
f 270/270 287/287 269/269
f 270/270 288/288 287/287
f 288/288 289/289 287/287
f 288/288 290/290 289/289
f 287/287 291/291 283/283
f 287/287 289/289 291/291
f 290/290 292/292 289/289
f 290/290 293/293 292/292
f 284/284 294/294 285/285
f 294/294 295/295 285/285
f 294/294 296/296 295/295
f 296/296 297/297 295/295
f 296/296 298/298 297/297
f 296/296 299/299 298/298
f 299/299 300/300 298/298
f 299/299 301/301 300/300
f 299/299 302/302 301/301
f 302/302 303/303 301/301
f 302/302 304/304 303/303
f 293/293 305/305 292/292
f 293/293 306/306 305/305
f 302/302 307/307 304/304
f 307/307 308/308 304/304
f 306/306 309/309 305/305
f 310/310 305/305 309/309
f 306/306 311/311 309/309
f 311/311 312/312 309/309
f 310/310 309/309 312/312
f 313/313 310/310 312/312
f 310/310 313/313 314/314
f 315/315 292/292 305/305
f 310/310 315/315 305/305
f 316/316 310/310 314/314
f 316/316 314/314 317/317
f 318/318 310/310 316/316
f 315/315 310/310 318/318
f 316/316 317/317 319/319
f 318/318 316/316 319/319
f 292/292 315/315 320/320
f 289/289 292/292 320/320
f 289/289 320/320 291/291
f 319/319 317/317 321/321
f 317/317 322/322 321/321
f 321/321 322/322 323/323
f 319/319 321/321 324/324
f 324/324 321/321 323/323
f 325/325 320/320 315/315
f 326/326 291/291 320/320
f 325/325 326/326 320/320
f 327/327 315/315 318/318
f 327/327 325/325 315/315
f 291/291 326/326 328/328
f 283/283 291/291 328/328
f 283/283 328/328 286/286
f 328/328 326/326 329/329
f 286/286 328/328 329/329
f 326/326 325/325 330/330
f 326/326 330/330 329/329
f 325/325 327/327 331/331
f 325/325 331/331 330/330
f 327/327 318/318 332/332
f 327/327 332/332 331/331
f 286/286 329/329 333/333
f 272/272 286/286 333/333
f 274/274 272/272 333/333
f 329/329 330/330 334/334
f 333/333 329/329 334/334
f 332/332 318/318 335/335
f 318/318 319/319 335/335
f 331/331 332/332 336/336
f 332/332 335/335 336/336
f 330/330 331/331 337/337
f 330/330 337/337 334/334
f 331/331 336/336 337/337
f 335/335 319/319 338/338
f 336/336 335/335 338/338
f 319/319 324/324 338/338
f 274/274 333/333 339/339
f 333/333 334/334 339/339
f 274/274 339/339 340/340
f 339/339 334/334 340/340
f 277/277 274/274 340/340
f 334/334 337/337 341/341
f 334/334 341/341 340/340
f 337/337 336/336 342/342
f 337/337 342/342 341/341
f 277/277 340/340 343/343
f 340/340 341/341 343/343
f 277/277 343/343 344/344
f 280/280 277/277 344/344
f 341/341 345/345 343/343
f 341/341 342/342 345/345
f 343/343 345/345 344/344
f 336/336 346/346 342/342
f 336/336 338/338 346/346
f 342/342 347/347 345/345
f 342/342 346/346 347/347
f 345/345 348/348 344/344
f 345/345 347/347 348/348
f 280/280 344/344 349/349
f 344/344 348/348 349/349
f 346/346 338/338 350/350
f 346/346 350/350 347/347
f 280/280 349/349 351/351
f 284/284 280/280 351/351
f 347/347 352/352 348/348
f 347/347 350/350 352/352
f 348/348 353/353 349/349
f 349/349 353/353 351/351
f 348/348 352/352 354/354
f 348/348 354/354 353/353
f 353/353 355/355 351/351
f 353/353 354/354 355/355
f 284/284 351/351 356/356
f 351/351 355/355 356/356
f 284/284 356/356 357/357
f 294/294 284/284 357/357
f 355/355 358/358 356/356
f 356/356 358/358 357/357
f 350/350 359/359 352/352
f 352/352 359/359 354/354
f 354/354 360/360 355/355
f 355/355 360/360 358/358
f 359/359 361/361 354/354
f 354/354 361/361 360/360
f 350/350 362/362 359/359
f 359/359 363/363 361/361
f 359/359 362/362 363/363
f 361/361 364/364 360/360
f 361/361 363/363 364/364
f 360/360 365/365 358/358
f 360/360 364/364 365/365
f 358/358 365/365 366/366
f 358/358 367/367 357/357
f 358/358 366/366 367/367
f 357/357 367/367 368/368
f 367/367 366/366 368/368
f 350/350 369/369 362/362
f 338/338 369/369 350/350
f 338/338 324/324 369/369
f 324/324 370/370 369/369
f 369/369 370/370 362/362
f 324/324 323/323 370/370
f 370/370 371/371 362/362
f 370/370 323/323 371/371
f 362/362 371/371 363/363
f 365/365 372/372 366/366
f 364/364 372/372 365/365
f 357/357 368/368 373/373
f 294/294 357/357 373/373
f 294/294 373/373 374/374
f 373/373 368/368 374/374
f 296/296 294/294 374/374
f 323/323 375/375 371/371
f 323/323 376/376 375/375
f 375/375 376/376 377/377
f 371/371 375/375 377/377
f 371/371 377/377 378/378
f 371/371 378/378 363/363
f 363/363 379/379 364/364
f 363/363 378/378 379/379
f 378/378 377/377 380/380
f 378/378 380/380 379/379
f 364/364 379/379 381/381
f 379/379 380/380 381/381
f 364/364 381/381 372/372
f 377/377 382/382 380/380
f 377/377 383/383 382/382
f 382/382 383/383 384/384
f 380/380 382/382 384/384
f 380/380 385/385 381/381
f 380/380 384/384 385/385
f 372/372 381/381 386/386
f 381/381 385/385 386/386
f 385/385 384/384 387/387
f 385/385 387/387 386/386
f 372/372 386/386 388/388
f 372/372 388/388 366/366
f 388/388 386/386 389/389
f 366/366 388/388 389/389
f 384/384 390/390 387/387
f 384/384 391/391 390/390
f 390/390 391/391 392/392
f 386/386 387/387 393/393
f 386/386 393/393 389/389
f 387/387 390/390 394/394
f 390/390 392/392 394/394
f 387/387 394/394 393/393
f 366/366 389/389 395/395
f 366/366 395/395 368/368
f 395/395 389/389 396/396
f 368/368 395/395 396/396
f 389/389 393/393 397/397
f 389/389 397/397 396/396
f 393/393 394/394 398/398
f 393/393 398/398 397/397
f 394/394 392/392 399/399
f 394/394 399/399 398/398
f 368/368 396/396 400/400
f 368/368 400/400 374/374
f 374/374 400/400 401/401
f 296/296 374/374 401/401
f 400/400 396/396 402/402
f 400/400 402/402 401/401
f 296/296 401/401 403/403
f 401/401 402/402 403/403
f 299/299 296/296 403/403
f 396/396 397/397 404/404
f 396/396 404/404 402/402
f 397/397 398/398 405/405
f 397/397 405/405 404/404
f 402/402 406/406 403/403
f 402/402 404/404 406/406
f 299/299 403/403 407/407
f 403/403 406/406 407/407
f 299/299 407/407 408/408
f 302/302 299/299 408/408
f 398/398 409/409 405/405
f 398/398 399/399 409/409
f 404/404 405/405 410/410
f 404/404 410/410 406/406
f 406/406 411/411 407/407
f 407/407 411/411 408/408
f 406/406 410/410 412/412
f 406/406 412/412 411/411
f 405/405 413/413 410/410
f 410/410 413/413 412/412
f 405/405 409/409 414/414
f 405/405 414/414 413/413
f 399/399 415/415 409/409
f 409/409 415/415 414/414
f 411/411 416/416 408/408
f 411/411 412/412 416/416
f 399/399 417/417 415/415
f 392/392 417/417 399/399
f 392/392 418/418 417/417
f 417/417 418/418 419/419
f 417/417 419/419 415/415
f 415/415 419/419 420/420
f 415/415 420/420 414/414
f 419/419 421/421 420/420
f 419/419 422/422 421/421
f 421/421 422/422 423/423
f 420/420 421/421 423/423
f 422/422 424/424 423/423
f 414/414 420/420 425/425
f 420/420 423/423 425/425
f 423/423 424/424 426/426
f 425/425 423/423 426/426
f 414/414 425/425 427/427
f 413/413 414/414 427/427
f 426/426 424/424 428/428
f 424/424 429/429 428/428
f 413/413 427/427 430/430
f 413/413 430/430 412/412
f 412/412 430/430 431/431
f 412/412 431/431 416/416
f 430/430 427/427 432/432
f 430/430 432/432 431/431
f 427/427 425/425 433/433
f 427/427 433/433 432/432
f 425/425 426/426 434/434
f 425/425 434/434 433/433
f 434/434 426/426 435/435
f 426/426 428/428 435/435
f 433/433 434/434 435/435
f 432/432 433/433 436/436
f 431/431 432/432 436/436
f 416/416 431/431 437/437
f 408/408 416/416 437/437
f 433/433 435/435 438/438
f 433/433 438/438 436/436
f 431/431 436/436 439/439
f 431/431 439/439 437/437
f 408/408 437/437 440/440
f 302/302 408/408 440/440
f 436/436 438/438 441/441
f 439/439 436/436 441/441
f 438/438 435/435 442/442
f 438/438 442/442 441/441
f 437/437 439/439 443/443
f 440/440 437/437 443/443
f 302/302 440/440 444/444
f 440/440 443/443 444/444
f 307/307 302/302 444/444
f 435/435 445/445 442/442
f 435/435 428/428 445/445
f 439/439 441/441 446/446
f 439/439 446/446 443/443
f 442/442 447/447 441/441
f 442/442 445/445 447/447
f 428/428 448/448 445/445
f 428/428 429/429 448/448
f 441/441 449/449 446/446
f 447/447 449/449 441/441
f 446/446 450/450 443/443
f 449/449 450/450 446/446
f 443/443 451/451 444/444
f 450/450 451/451 443/443
f 444/444 452/452 307/307
f 451/451 452/452 444/444
f 445/445 448/448 453/453
f 445/445 453/453 447/447
f 448/448 429/429 454/454
f 448/448 454/454 453/453
f 429/429 455/455 454/454
f 447/447 456/456 449/449
f 447/447 453/453 456/456
f 449/449 457/457 450/450
f 456/456 457/457 449/449
f 450/450 458/458 451/451
f 457/457 458/458 450/450
f 454/454 455/455 459/459
f 455/455 460/460 459/459
f 460/460 461/461 459/459
f 453/453 454/454 462/462
f 453/453 462/462 456/456
f 454/454 459/459 462/462
f 456/456 462/462 463/463
f 462/462 459/459 463/463
f 456/456 464/464 457/457
f 456/456 463/463 464/464
f 459/459 461/461 465/465
f 459/459 465/465 463/463
f 464/464 466/466 457/457
f 457/457 466/466 458/458
f 458/458 467/467 451/451
f 451/451 467/467 452/452
f 465/465 461/461 468/468
f 461/461 469/469 468/468
f 469/469 470/470 468/468
f 463/463 465/465 471/471
f 465/465 468/468 471/471
f 464/464 463/463 472/472
f 466/466 464/464 472/472
f 463/463 471/471 472/472
f 466/466 473/473 458/458
f 458/458 473/473 467/467
f 466/466 472/472 474/474
f 466/466 474/474 473/473
f 467/467 475/475 452/452
f 473/473 476/476 467/467
f 467/467 476/476 475/475
f 474/474 477/477 473/473
f 473/473 477/477 476/476
f 474/474 472/472 478/478
f 474/474 478/478 477/477
f 472/472 471/471 479/479
f 472/472 479/479 478/478
f 452/452 475/475 480/480
f 480/480 307/307 452/452
f 307/307 480/480 308/308
f 480/480 481/481 308/308
f 481/481 482/482 308/308
f 480/480 482/482 481/481
f 480/480 483/483 482/482
f 483/483 480/480 475/475
f 483/483 484/484 482/482
f 483/483 485/485 484/484
f 475/475 486/486 483/483
f 476/476 486/486 475/475
f 483/483 487/487 485/485
f 487/487 483/483 486/486
f 487/487 488/488 485/485
f 487/487 489/489 488/488
f 476/476 490/490 486/486
f 477/477 490/490 476/476
f 487/487 491/491 489/489
f 491/491 492/492 489/489
f 486/486 493/493 487/487
f 490/490 493/493 486/486
f 491/491 487/487 493/493
f 477/477 494/494 490/490
f 478/478 494/494 477/477
f 491/491 495/495 492/492
f 495/495 496/496 492/492
f 495/495 497/497 496/496
f 490/490 498/498 493/493
f 494/494 498/498 490/490
f 493/493 499/499 491/491
f 495/495 491/491 499/499
f 498/498 499/499 493/493
f 498/498 500/500 499/499
f 494/494 501/501 498/498
f 494/494 478/478 501/501
f 501/501 500/500 498/498
f 495/495 502/502 497/497
f 502/502 503/503 497/497
f 499/499 504/504 495/495
f 500/500 504/504 499/499
f 502/502 495/495 504/504
f 502/502 505/505 503/503
f 505/505 506/506 503/503
f 502/502 507/507 505/505
f 504/504 508/508 502/502
f 507/507 502/502 508/508
f 500/500 508/508 504/504
f 507/507 508/508 500/500
f 509/509 507/507 500/500
f 510/510 509/509 500/500
f 501/501 510/510 500/500
f 511/511 510/510 501/501
f 512/512 511/511 501/501
f 478/478 512/512 501/501
f 513/513 511/511 512/512
f 478/478 479/479 512/512
f 514/514 513/513 512/512
f 479/479 514/514 512/512
f 515/515 513/513 514/514
f 479/479 516/516 514/514
f 471/471 516/516 479/479
f 471/471 468/468 516/516
f 517/517 515/515 514/514
f 516/516 517/517 514/514
f 518/518 515/515 517/517
f 468/468 519/519 516/516
f 516/516 519/519 517/517
f 468/468 470/470 519/519
f 520/520 518/518 517/517
f 519/519 520/520 517/517
f 519/519 470/470 520/520
f 521/521 518/518 520/520
f 470/470 522/522 520/520
f 522/522 521/521 520/520
f 525/525 524/524 523/523
f 524/524 526/526 523/523
f 523/523 526/526 527/527
f 527/527 526/526 528/528
f 528/528 526/526 529/529
f 529/529 526/526 530/530
f 528/528 531/531 527/527
f 531/531 532/532 527/527
f 527/527 532/532 533/533
f 527/527 533/533 534/534
f 531/531 528/528 535/535
f 535/535 528/528 536/536
f 535/535 536/536 537/537
f 535/535 538/538 531/531
f 539/539 531/531 538/538
f 539/539 538/538 540/540
f 541/541 531/531 539/539
f 542/542 541/541 539/539
f 541/541 542/542 543/543
f 540/540 544/544 539/539
f 540/540 545/545 544/544
f 544/544 545/545 546/546
f 539/539 544/544 547/547
f 547/547 548/548 539/539
f 549/549 548/548 547/547
f 547/547 544/544 550/550
f 551/551 550/550 544/544
f 552/552 551/551 544/544
f 553/553 550/550 551/551
f 556/556 555/555 554/554
f 554/554 555/555 557/557
f 557/557 555/555 558/558
f 557/557 559/559 554/554
f 559/559 560/560 554/554
f 560/560 561/561 554/554
f 559/559 562/562 560/560
f 560/560 562/562 563/563
f 562/562 564/564 563/563
f 565/565 563/563 564/564
f 566/566 563/563 565/565
f 566/566 565/565 567/567
f 568/568 566/566 567/567
f 569/569 563/563 566/566
f 570/570 563/563 569/569
f 571/571 563/563 570/570
f 572/572 571/571 570/570
f 575/575 574/574 573/573
f 576/576 575/575 573/573
f 576/576 573/573 577/577
f 577/577 573/573 578/578
f 579/579 577/577 578/578
f 578/578 573/573 580/580
f 580/580 581/581 578/578
f 582/582 581/581 580/580
f 578/578 581/581 583/583
f 584/584 578/578 583/583
f 585/585 584/584 583/583
f 586/586 584/584 585/585
f 587/587 586/586 585/585
f 588/588 585/585 583/583
f 589/589 588/588 583/583
f 590/590 588/588 589/589
f 585/585 588/588 591/591
f 591/591 588/588 592/592
f 595/595 594/594 593/593
f 596/596 594/594 595/595
f 597/597 596/596 595/595
f 598/598 596/596 597/597
f 598/598 599/599 596/596
f 596/596 599/599 600/600
f 600/600 599/599 601/601
f 599/599 598/598 602/602
f 603/603 599/599 602/602
f 603/603 602/602 604/604
f 603/603 604/604 605/605
f 605/605 606/606 603/603
f 607/607 606/606 605/605
f 605/605 604/604 608/608
f 608/608 609/609 605/605
f 610/610 609/609 608/608
f 611/611 610/610 608/608
f 609/609 610/610 612/612
f 615/615 614/614 613/613
f 613/613 614/614 616/616
f 613/613 616/616 617/617
f 617/617 616/616 618/618
f 617/617 618/618 619/619
f 619/619 618/618 620/620
f 619/619 620/620 621/621
f 621/621 620/620 622/622
f 623/623 621/621 622/622
f 623/623 622/622 624/624
f 625/625 623/623 624/624
f 625/625 624/624 626/626
f 625/625 626/626 627/627
f 628/628 625/625 627/627
f 628/628 627/627 629/629
f 630/630 628/628 629/629
f 630/630 629/629 631/631
f 632/632 630/630 631/631
f 632/632 631/631 633/633
f 634/634 632/632 633/633
f 634/634 633/633 635/635
f 636/636 634/634 635/635
f 636/636 635/635 637/637
f 636/636 637/637 638/638
f 639/639 636/636 638/638
f 639/639 638/638 640/640
f 641/641 639/639 640/640
f 641/641 640/640 642/642
f 643/643 641/641 642/642
f 643/643 642/642 644/644
f 645/645 643/643 644/644
f 645/645 644/644 646/646
f 645/645 646/646 647/647
f 647/647 646/646 648/648
f 647/647 648/648 649/649
f 652/652 651/651 650/650
f 650/650 651/651 653/653
f 651/651 654/654 653/653
f 653/653 654/654 655/655
f 654/654 656/656 655/655
f 656/656 657/657 655/655
f 657/657 658/658 655/655
f 653/653 655/655 659/659
f 653/653 659/659 660/660
f 661/661 653/653 660/660
f 662/662 661/661 660/660
f 663/663 662/662 660/660
f 664/664 663/663 660/660
f 665/665 661/661 662/662
f 666/666 661/661 665/665
f 667/667 661/661 666/666
f 660/660 659/659 668/668
f 668/668 659/659 669/669
f 668/668 669/669 670/670
f 671/671 668/668 670/670
f 659/659 672/672 669/669
f 659/659 673/673 672/672
f 673/673 674/674 672/672
f 673/673 675/675 674/674
f 678/678 677/677 676/676
f 676/676 677/677 679/679
f 676/676 679/679 680/680
f 679/679 681/681 680/680
f 681/681 682/682 680/680
f 682/682 683/683 680/680
f 676/676 680/680 684/684
f 685/685 676/676 684/684
f 685/685 684/684 686/686
f 687/687 685/685 686/686
f 687/687 686/686 688/688
f 689/689 687/687 688/688
f 689/689 688/688 690/690
f 691/691 689/689 690/690
f 692/692 689/689 691/691
f 690/690 688/688 693/693
f 693/693 688/688 694/694
f 693/693 694/694 695/695
f 695/695 694/694 696/696
f 696/696 694/694 697/697
f 697/697 694/694 698/698
f 701/701 700/700 699/699
f 699/699 700/700 702/702
f 699/699 702/702 703/703
f 699/699 703/703 704/704
f 704/704 703/703 705/705
f 703/703 706/706 705/705
f 706/706 707/707 705/705
f 707/707 708/708 705/705
f 704/704 705/705 709/709
f 710/710 704/704 709/709
f 710/710 709/709 711/711
f 712/712 710/710 711/711
f 712/712 711/711 713/713
f 714/714 712/712 713/713
f 714/714 713/713 715/715
f 715/715 713/713 716/716
f 717/717 712/712 714/714
f 718/718 712/712 717/717
f 719/719 712/712 718/718
f 722/722 721/721 720/720
f 723/723 721/721 722/722
f 723/723 724/724 721/721
f 723/723 725/725 724/724
f 725/725 726/726 724/724
f 725/725 727/727 726/726
f 727/727 728/728 726/726
f 727/727 729/729 728/728
f 727/727 730/730 729/729
f 730/730 731/731 729/729
f 730/730 732/732 731/731
f 732/732 733/733 731/731
f 732/732 734/734 733/733
f 734/734 735/735 733/733
f 734/734 736/736 735/735
f 736/736 737/737 735/735
f 736/736 738/738 737/737
f 736/736 739/739 738/738
f 739/739 740/740 738/738
f 739/739 741/741 740/740
f 739/739 742/742 741/741
f 742/742 743/743 741/741
f 742/742 744/744 743/743
f 744/744 745/745 743/743
f 744/744 746/746 745/745
f 746/746 747/747 745/745
f 746/746 748/748 747/747
f 746/746 749/749 748/748
f 749/749 750/750 748/748
f 751/751 750/750 749/749
f 751/751 752/752 750/750
f 753/753 752/752 751/751
f 753/753 754/754 752/752
f 755/755 754/754 753/753
f 755/755 756/756 754/754
f 757/757 756/756 755/755
f 760/760 759/759 758/758
f 759/759 761/761 758/758
f 758/758 761/761 762/762
f 763/763 758/758 762/762
f 763/763 762/762 764/764
f 761/761 765/765 762/762
f 766/766 763/763 764/764
f 761/761 767/767 765/765
f 767/767 768/768 765/765
f 768/768 769/769 765/765
f 769/769 770/770 765/765
f 766/766 764/764 771/771
f 772/772 766/766 771/771
f 773/773 766/766 772/772
f 772/772 771/771 774/774
f 774/774 771/771 775/775
f 775/775 771/771 776/776
f 777/777 773/773 772/772
f 778/778 773/773 777/777
f 773/773 778/778 779/779
f 782/782 781/781 780/780
f 781/781 783/783 780/780
f 783/783 784/784 780/780
f 780/780 784/784 785/785
f 784/784 786/786 785/785
f 780/780 785/785 787/787
f 788/788 780/780 787/787
f 785/785 786/786 789/789
f 786/786 790/790 789/789
f 791/791 787/787 785/785
f 789/789 791/791 785/785
f 791/791 792/792 787/787
f 787/787 792/792 788/788
f 793/793 788/788 792/792
f 794/794 788/788 793/793
f 788/788 794/794 795/795
f 791/791 796/796 792/792
f 796/796 791/791 789/789
f 796/796 797/797 792/792
f 789/789 790/790 798/798
f 798/798 796/796 789/789
f 790/790 799/799 798/798
f 790/790 800/800 799/799
f 800/800 801/801 799/799
f 801/801 802/802 799/799
f 799/799 802/802 803/803
f 804/804 797/797 796/796
f 804/804 796/796 798/798
f 799/799 804/804 798/798
f 805/805 797/797 804/804
f 805/805 804/804 806/806
f 804/804 799/799 806/806
f 799/799 803/803 806/806
f 806/806 803/803 807/807
f 807/807 803/803 808/808
f 808/808 803/803 809/809
f 809/809 803/803 810/810
f 811/811 808/808 809/809
f 812/812 811/811 809/809
f 815/815 814/814 813/813
f 815/815 816/816 814/814
f 816/816 817/817 814/814
f 816/816 818/818 817/817
f 818/818 819/819 817/817
f 818/818 820/820 819/819
f 820/820 821/821 819/819
f 820/820 822/822 821/821
f 820/820 823/823 822/822
f 823/823 824/824 822/822
f 823/823 825/825 824/824
f 823/823 826/826 825/825
f 826/826 827/827 825/825
f 826/826 828/828 827/827
f 827/827 828/828 829/829
f 829/829 828/828 830/830
f 828/828 831/831 830/830
f 834/834 833/833 832/832
f 832/832 833/833 835/835
f 835/835 833/833 836/836
f 836/836 837/837 835/835
f 836/836 833/833 838/838
f 833/833 839/839 838/838
f 837/837 836/836 840/840
f 836/836 838/838 840/840
f 838/838 839/839 841/841
f 839/839 842/842 841/841
f 838/838 843/843 840/840
f 838/838 841/841 843/843
f 841/841 842/842 844/844
f 842/842 845/845 844/844
f 841/841 846/846 843/843
f 841/841 844/844 846/846
f 844/844 845/845 847/847
f 845/845 848/848 847/847
f 844/844 849/849 846/846
f 844/844 847/847 849/849
f 847/847 848/848 850/850
f 848/848 851/851 850/850
f 850/850 851/851 852/852
f 851/851 853/853 852/852
f 850/850 854/854 847/847
f 850/850 852/852 854/854
f 852/852 853/853 855/855
f 853/853 856/856 855/855
f 855/855 856/856 857/857
f 856/856 858/858 857/857
f 858/858 859/859 857/857
f 852/852 855/855 860/860
f 852/852 860/860 854/854
f 854/854 861/861 847/847
f 847/847 861/861 849/849
f 857/857 859/859 862/862
f 859/859 863/863 862/862
f 855/855 864/864 860/860
f 855/855 857/857 864/864
f 854/854 860/860 865/865
f 854/854 865/865 861/861
f 862/862 863/863 866/866
f 863/863 867/867 866/866
f 866/866 867/867 868/868
f 867/867 869/869 868/868
f 862/862 866/866 870/870
f 866/866 868/868 870/870
f 862/862 871/871 857/857
f 871/871 862/862 870/870
f 860/860 864/864 872/872
f 860/860 872/872 865/865
f 857/857 873/873 864/864
f 857/857 871/871 873/873
f 868/868 869/869 874/874
f 869/869 875/875 874/874
f 864/864 876/876 872/872
f 864/864 873/873 876/876
f 874/874 875/875 877/877
f 875/875 878/878 877/877
f 868/868 879/879 870/870
f 871/871 870/870 880/880
f 870/870 879/879 880/880
f 874/874 881/881 868/868
f 881/881 879/879 868/868
f 871/871 882/882 873/873
f 882/882 871/871 880/880
f 882/882 883/883 873/873
f 883/883 882/882 880/880
f 873/873 884/884 876/876
f 883/883 884/884 873/873
f 877/877 885/885 874/874
f 885/885 881/881 874/874
f 877/877 878/878 886/886
f 887/887 885/885 877/877
f 886/886 887/887 877/877
f 886/886 878/878 888/888
f 878/878 889/889 888/888
f 887/887 886/886 890/890
f 886/886 888/888 890/890
f 888/888 889/889 891/891
f 891/891 889/889 892/892
f 888/888 891/891 893/893
f 890/890 888/888 893/893
f 891/891 892/892 894/894
f 893/893 891/891 894/894
f 894/894 892/892 895/895
f 892/892 896/896 895/895
f 895/895 896/896 897/897
f 896/896 898/898 897/897
f 894/894 895/895 899/899
f 899/899 895/895 897/897
f 893/893 894/894 900/900
f 900/900 894/894 899/899
f 890/890 893/893 901/901
f 901/901 893/893 900/900
f 887/887 890/890 902/902
f 902/902 890/890 901/901
f 901/901 900/900 903/903
f 900/900 899/899 903/903
f 904/904 887/887 902/902
f 887/887 904/904 885/885
f 902/902 901/901 905/905
f 905/905 901/901 903/903
f 904/904 906/906 885/885
f 885/885 906/906 881/881
f 906/906 907/907 881/881
f 881/881 907/907 879/879
f 908/908 906/906 904/904
f 906/906 908/908 907/907
f 909/909 904/904 902/902
f 909/909 908/908 904/904
f 908/908 909/909 910/910
f 907/907 911/911 879/879
f 879/879 911/911 880/880
f 908/908 912/912 907/907
f 912/912 908/908 910/910
f 907/907 912/912 911/911
f 880/880 911/911 913/913
f 913/913 883/883 880/880
f 912/912 914/914 911/911
f 911/911 914/914 913/913
f 909/909 902/902 915/915
f 915/915 902/902 905/905
f 916/916 912/912 910/910
f 914/914 912/912 916/916
f 917/917 883/883 913/913
f 918/918 913/913 914/914
f 918/918 917/917 913/913
f 919/919 917/917 918/918
f 883/883 917/917 920/920
f 919/919 920/920 917/917
f 884/884 883/883 920/920
f 884/884 920/920 921/921
f 876/876 884/884 921/921
f 922/922 914/914 916/916
f 918/918 914/914 922/922
f 923/923 922/922 916/916
f 923/923 918/918 922/922
f 924/924 916/916 910/910
f 924/924 923/923 916/916
f 919/919 925/925 920/920
f 925/925 921/921 920/920
f 925/925 926/926 921/921
f 926/926 927/927 921/921
f 876/876 921/921 927/927
f 872/872 876/876 927/927
f 923/923 928/928 918/918
f 928/928 919/919 918/918
f 872/872 927/927 929/929
f 865/865 872/872 929/929
f 865/865 929/929 930/930
f 865/865 930/930 861/861
f 861/861 930/930 931/931
f 849/849 861/861 931/931
f 849/849 931/931 932/932
f 846/846 849/849 932/932
f 846/846 932/932 933/933
f 843/843 846/846 933/933
f 843/843 933/933 934/934
f 840/840 843/843 934/934
f 935/935 919/919 928/928
f 936/936 935/935 928/928
f 937/937 919/919 935/935
f 936/936 928/928 923/923
f 937/937 938/938 919/919
f 939/939 936/936 923/923
f 938/938 925/925 919/919
f 938/938 940/940 925/925
f 940/940 941/941 925/925
f 939/939 923/923 924/924
f 941/941 926/926 925/925
f 942/942 939/939 924/924
f 943/943 926/926 941/941
f 944/944 926/926 943/943
f 945/945 926/926 944/944
f 946/946 942/942 924/924
f 947/947 926/926 945/945
f 948/948 946/946 924/924
f 949/949 946/946 948/948
f 950/950 949/949 948/948
f 951/951 950/950 948/948
f 948/948 924/924 910/910
f 952/952 951/951 948/948
f 952/952 948/948 910/910
f 952/952 953/953 951/951
f 954/954 953/953 952/952
f 955/955 954/954 952/952
f 947/947 956/956 926/926
f 926/926 956/956 927/927
f 957/957 956/956 947/947
f 927/927 956/956 958/958
f 957/957 958/958 956/956
f 959/959 958/958 957/957
f 929/929 927/927 958/958
f 959/959 960/960 958/958
f 929/929 958/958 960/960
f 961/961 960/960 959/959
f 962/962 929/929 960/960
f 929/929 962/962 930/930
f 963/963 960/960 961/961
f 962/962 960/960 963/963
f 964/964 963/963 961/961
f 965/965 963/963 964/964
f 965/965 964/964 966/966
f 967/967 965/965 966/966
f 965/965 967/967 968/968
f 930/930 962/962 969/969
f 969/969 962/962 963/963
f 969/969 963/963 965/965
f 931/931 930/930 969/969
f 931/931 969/969 970/970
f 970/970 969/969 965/965
f 932/932 931/931 970/970
f 971/971 965/965 968/968
f 970/970 965/965 971/971
f 971/971 968/968 972/972
f 971/971 972/972 973/973
f 971/971 973/973 974/974
f 973/973 975/975 974/974
f 975/975 976/976 974/974
f 974/974 976/976 977/977
f 974/974 977/977 978/978
f 932/932 970/970 979/979
f 979/979 970/970 971/971
f 979/979 971/971 974/974
f 933/933 932/932 979/979
f 933/933 979/979 980/980
f 980/980 979/979 974/974
f 934/934 933/933 980/980
f 974/974 978/978 981/981
f 981/981 978/978 982/982
f 974/974 983/983 980/980
f 983/983 934/934 980/980
f 974/974 981/981 983/983
f 981/981 982/982 984/984
f 984/984 982/982 985/985
f 984/984 985/985 986/986
f 985/985 955/955 986/986
f 986/986 955/955 952/952
f 983/983 987/987 934/934
f 987/987 988/988 934/934
f 988/988 840/840 934/934
f 989/989 988/988 987/987
f 990/990 989/989 987/987
f 990/990 987/987 983/983
f 988/988 991/991 840/840
f 989/989 991/991 988/988
f 991/991 837/837 840/840
f 989/989 837/837 991/991
f 898/898 837/837 989/989
f 992/992 990/990 983/983
f 981/981 992/992 983/983
f 993/993 990/990 992/992
f 993/993 989/989 990/990
f 981/981 994/994 992/992
f 994/994 993/993 992/992
f 981/981 984/984 994/994
f 995/995 898/898 989/989
f 897/897 898/898 995/995
f 996/996 995/995 989/989
f 993/993 996/996 989/989
f 897/897 995/995 996/996
f 897/897 996/996 993/993
f 997/997 897/897 993/993
f 997/997 993/993 994/994
f 899/899 897/897 997/997
f 984/984 998/998 994/994
f 998/998 997/997 994/994
f 984/984 999/999 998/998
f 999/999 997/997 998/998
f 984/984 986/986 999/999
f 1000/1000 899/899 997/997
f 999/999 1000/1000 997/997
f 899/899 1000/1000 903/903
f 1000/1000 999/999 1001/1001
f 903/903 1000/1000 1001/1001
f 1001/1001 999/999 986/986
f 905/905 903/903 1001/1001
f 986/986 1002/1002 1001/1001
f 1002/1002 905/905 1001/1001
f 915/915 905/905 1002/1002
f 986/986 952/952 1002/1002
f 1003/1003 915/915 1002/1002
f 952/952 1003/1003 1002/1002
f 909/909 915/915 1003/1003
f 952/952 1004/1004 1003/1003
f 1004/1004 909/909 1003/1003
f 1004/1004 952/952 910/910
f 909/909 1004/1004 910/910
f 1007/1007 1006/1006 1005/1005
f 1005/1005 1008/1008 1007/1007
f 1009/1009 1008/1008 1005/1005
f 1009/1009 1010/1010 1008/1008
f 1010/1010 1009/1009 1011/1011
f 1009/1009 1012/1012 1011/1011
f 1012/1012 1013/1013 1011/1011
f 1014/1014 1013/1013 1012/1012
f 1015/1015 1013/1013 1014/1014
f 1015/1015 1016/1016 1013/1013
f 1017/1017 1016/1016 1015/1015
f 1017/1017 1015/1015 1018/1018
f 1017/1017 1018/1018 1019/1019
f 1018/1018 1020/1020 1019/1019
f 1020/1020 1021/1021 1019/1019
f 1020/1020 1022/1022 1021/1021
f 1023/1023 1022/1022 1020/1020
f 1023/1023 1024/1024 1022/1022
f 1025/1025 1024/1024 1023/1023
f 1025/1025 1026/1026 1024/1024
f 1024/1024 1026/1026 1027/1027
f 1030/1030 1029/1029 1028/1028
f 1029/1029 1031/1031 1028/1028
f 1029/1029 1032/1032 1031/1031
f 1032/1032 1033/1033 1031/1031
f 1032/1032 1034/1034 1033/1033
f 1034/1034 1035/1035 1033/1033
f 1034/1034 1036/1036 1035/1035
f 1036/1036 1037/1037 1035/1035
f 1036/1036 1038/1038 1037/1037
f 1038/1038 1039/1039 1037/1037
f 1040/1040 1039/1039 1038/1038
f 1041/1041 1040/1040 1038/1038
f 1042/1042 1040/1040 1041/1041
f 1042/1042 1041/1041 1043/1043
f 1044/1044 1042/1042 1043/1043
f 1044/1044 1043/1043 1045/1045
f 1046/1046 1044/1044 1045/1045
f 1046/1046 1045/1045 1047/1047
f 1048/1048 1046/1046 1047/1047
f 1049/1049 1046/1046 1048/1048
f 1052/1052 1051/1051 1050/1050
f 1050/1050 1051/1051 1053/1053
f 1053/1053 1051/1051 1054/1054
f 1051/1051 1055/1055 1054/1054
f 1055/1055 1056/1056 1054/1054
f 1056/1056 1057/1057 1054/1054
f 1057/1057 1058/1058 1054/1054
f 1059/1059 1058/1058 1057/1057
f 1060/1060 1059/1059 1057/1057
f 1061/1061 1059/1059 1060/1060
f 1059/1059 1061/1061 1062/1062
f 1061/1061 1063/1063 1062/1062
f 1062/1062 1063/1063 1064/1064
f 1064/1064 1063/1063 1065/1065
f 1064/1064 1065/1065 1066/1066
f 1066/1066 1065/1065 1067/1067
f 1066/1066 1067/1067 1068/1068
f 1069/1069 1066/1066 1068/1068
f 1069/1069 1068/1068 1070/1070
f 1068/1068 1071/1071 1070/1070
f 1074/1074 1073/1073 1072/1072
f 1073/1073 1075/1075 1072/1072
f 1075/1075 1076/1076 1072/1072
f 1072/1072 1076/1076 1077/1077
f 1080/1080 1079/1079 1078/1078
f 1081/1081 1080/1080 1078/1078
f 1082/1082 1081/1081 1078/1078
f 1082/1082 1078/1078 1083/1083
f 1082/1082 1084/1084 1081/1081
f 1082/1082 1085/1085 1084/1084
f 1082/1082 1086/1086 1085/1085
f 1087/1087 1086/1086 1082/1082
f 1087/1087 1088/1088 1086/1086
f 1088/1088 1089/1089 1086/1086
f 1088/1088 1090/1090 1089/1089
f 1091/1091 1089/1089 1090/1090
f 1090/1090 1092/1092 1091/1091
f 1093/1093 1091/1091 1092/1092
f 1094/1094 1091/1091 1093/1093
f 1095/1095 1089/1089 1091/1091
f 1095/1095 1096/1096 1089/1089
f 1095/1095 1097/1097 1096/1096
f 1097/1097 1095/1095 1098/1098
f 1098/1098 1095/1095 1099/1099
f 1099/1099 1095/1095 1100/1100
f 1103/1103 1102/1102 1101/1101
f 1102/1102 1104/1104 1101/1101
f 1107/1107 1106/1106 1105/1105
f 1106/1106 1108/1108 1105/1105
f 1111/1111 1110/1110 1109/1109
f 1111/1111 1109/1109 1112/1112
f 1115/1115 1114/1114 1113/1113
f 1114/1114 1116/1116 1113/1113
f 1113/1113 1116/1116 1117/1117
f 1113/1113 1117/1117 1118/1118
f 1121/1121 1120/1120 1119/1119
f 1121/1121 1122/1122 1120/1120
f 1123/1123 1122/1122 1121/1121
f 1123/1123 1124/1124 1122/1122
f 1125/1125 1124/1124 1123/1123
f 1125/1125 1126/1126 1124/1124
f 1127/1127 1126/1126 1125/1125
f 1127/1127 1128/1128 1126/1126
f 1129/1129 1128/1128 1127/1127
f 1129/1129 1130/1130 1128/1128
f 1131/1131 1130/1130 1129/1129
f 1132/1132 1130/1130 1131/1131
f 1133/1133 1132/1132 1131/1131
f 1134/1134 1132/1132 1133/1133
f 1135/1135 1134/1134 1133/1133
f 1136/1136 1134/1134 1135/1135
f 1137/1137 1136/1136 1135/1135
f 1138/1138 1136/1136 1137/1137
f 1139/1139 1138/1138 1137/1137
f 1140/1140 1138/1138 1139/1139
f 1141/1141 1140/1140 1139/1139
f 1142/1142 1140/1140 1141/1141
f 1143/1143 1142/1142 1141/1141
f 1144/1144 1142/1142 1143/1143
f 1145/1145 1144/1144 1143/1143
f 1146/1146 1144/1144 1145/1145
f 1147/1147 1146/1146 1145/1145
f 1148/1148 1146/1146 1147/1147
f 1149/1149 1148/1148 1147/1147
f 1150/1150 1148/1148 1149/1149
f 1151/1151 1150/1150 1149/1149
f 1152/1152 1151/1151 1149/1149
f 1153/1153 1151/1151 1152/1152
f 1154/1154 1153/1153 1152/1152
f 1154/1154 1155/1155 1153/1153
f 1156/1156 1155/1155 1154/1154
f 1156/1156 1157/1157 1155/1155
f 1158/1158 1157/1157 1156/1156
f 1158/1158 1159/1159 1157/1157
f 1162/1162 1161/1161 1160/1160
f 1162/1162 1160/1160 1163/1163
f 1163/1163 1160/1160 1164/1164
f 1163/1163 1164/1164 1165/1165
f 1165/1165 1164/1164 1166/1166
f 1165/1165 1166/1166 1167/1167
f 1167/1167 1166/1166 1168/1168
f 1167/1167 1168/1168 1169/1169
f 1168/1168 1170/1170 1169/1169
f 1169/1169 1170/1170 1171/1171
f 1170/1170 1172/1172 1171/1171
f 1171/1171 1172/1172 1173/1173
f 1173/1173 1172/1172 1174/1174
f 1172/1172 1175/1175 1174/1174
f 1174/1174 1175/1175 1176/1176
f 1175/1175 1177/1177 1176/1176
f 1176/1176 1177/1177 1178/1178
f 1177/1177 1179/1179 1178/1178
f 1178/1178 1179/1179 1180/1180
f 1179/1179 1181/1181 1180/1180
f 1180/1180 1181/1181 1182/1182
f 1181/1181 1183/1183 1182/1182
f 1182/1182 1183/1183 1184/1184
f 1184/1184 1183/1183 1185/1185
f 1183/1183 1186/1186 1185/1185
f 1185/1185 1186/1186 1187/1187
f 1186/1186 1188/1188 1187/1187
f 1187/1187 1188/1188 1189/1189
f 1188/1188 1190/1190 1189/1189
f 1189/1189 1190/1190 1191/1191
f 1190/1190 1192/1192 1191/1191
f 1191/1191 1192/1192 1193/1193
f 1193/1193 1192/1192 1194/1194
f 1193/1193 1194/1194 1195/1195
f 1195/1195 1194/1194 1196/1196
f 1199/1199 1198/1198 1197/1197
f 1199/1199 1197/1197 1200/1200
f 1201/1201 1199/1199 1200/1200
f 1201/1201 1200/1200 1202/1202
f 1203/1203 1201/1201 1202/1202
f 1204/1204 1203/1203 1202/1202
f 1205/1205 1204/1204 1202/1202
f 1202/1202 1200/1200 1206/1206
f 1206/1206 1200/1200 1207/1207
f 1200/1200 1208/1208 1207/1207
f 1208/1208 1209/1209 1207/1207
f 1209/1209 1210/1210 1207/1207
f 1210/1210 1211/1211 1207/1207
f 1208/1208 1212/1212 1209/1209
f 1208/1208 1213/1213 1212/1212
f 1208/1208 1214/1214 1213/1213
f 1206/1206 1207/1207 1215/1215
f 1206/1206 1215/1215 1216/1216
f 1216/1216 1215/1215 1217/1217
f 1215/1215 1218/1218 1217/1217
f 1219/1219 1206/1206 1216/1216
f 1220/1220 1206/1206 1219/1219
f 1221/1221 1220/1220 1219/1219
f 1222/1222 1220/1220 1221/1221
f 1225/1225 1224/1224 1223/1223
f 1225/1225 1223/1223 1226/1226
f 1226/1226 1223/1223 1227/1227
f 1228/1228 1226/1226 1227/1227
f 1229/1229 1228/1228 1227/1227
f 1230/1230 1229/1229 1227/1227
f 1227/1227 1223/1223 1231/1231
f 1223/1223 1232/1232 1231/1231
f 1231/1231 1232/1232 1233/1233
f 1232/1232 1234/1234 1233/1233
f 1233/1233 1234/1234 1235/1235
f 1234/1234 1236/1236 1235/1235
f 1235/1235 1236/1236 1237/1237
f 1236/1236 1238/1238 1237/1237
f 1236/1236 1239/1239 1238/1238
f 1235/1235 1237/1237 1240/1240
f 1235/1235 1240/1240 1241/1241
f 1241/1241 1240/1240 1242/1242
f 1241/1241 1242/1242 1243/1243
f 1241/1241 1243/1243 1244/1244
f 1241/1241 1244/1244 1245/1245
f 1248/1248 1247/1247 1246/1246
f 1248/1248 1246/1246 1249/1249
f 1249/1249 1246/1246 1250/1250
f 1250/1250 1246/1246 1251/1251
f 1250/1250 1251/1251 1252/1252
f 1253/1253 1250/1250 1252/1252
f 1254/1254 1253/1253 1252/1252
f 1255/1255 1254/1254 1252/1252
f 1252/1252 1251/1251 1256/1256
f 1251/1251 1257/1257 1256/1256
f 1256/1256 1257/1257 1258/1258
f 1257/1257 1259/1259 1258/1258
f 1258/1258 1259/1259 1260/1260
f 1259/1259 1261/1261 1260/1260
f 1260/1260 1261/1261 1262/1262
f 1260/1260 1262/1262 1263/1263
f 1259/1259 1264/1264 1261/1261
f 1259/1259 1265/1265 1264/1264
f 1259/1259 1266/1266 1265/1265
f 1269/1269 1268/1268 1267/1267
f 1269/1269 1270/1270 1268/1268
f 1271/1271 1270/1270 1269/1269
f 1272/1272 1270/1270 1271/1271
f 1273/1273 1272/1272 1271/1271
f 1274/1274 1272/1272 1273/1273
f 1275/1275 1274/1274 1273/1273
f 1276/1276 1274/1274 1275/1275
f 1277/1277 1274/1274 1276/1276
f 1278/1278 1277/1277 1276/1276
f 1279/1279 1277/1277 1278/1278
f 1280/1280 1279/1279 1278/1278
f 1281/1281 1279/1279 1280/1280
f 1282/1282 1281/1281 1280/1280
f 1283/1283 1281/1281 1282/1282
f 1284/1284 1283/1283 1282/1282
f 1285/1285 1283/1283 1284/1284
f 1286/1286 1283/1283 1285/1285
f 1287/1287 1286/1286 1285/1285
f 1288/1288 1286/1286 1287/1287
f 1289/1289 1286/1286 1288/1288
f 1290/1290 1289/1289 1288/1288
f 1291/1291 1289/1289 1290/1290
f 1292/1292 1291/1291 1290/1290
f 1293/1293 1291/1291 1292/1292
f 1294/1294 1293/1293 1292/1292
f 1295/1295 1293/1293 1294/1294
f 1296/1296 1293/1293 1295/1295
f 1297/1297 1296/1296 1295/1295
f 1297/1297 1298/1298 1296/1296
f 1299/1299 1298/1298 1297/1297
f 1299/1299 1300/1300 1298/1298
f 1301/1301 1300/1300 1299/1299
f 1301/1301 1302/1302 1300/1300
f 1303/1303 1302/1302 1301/1301
f 1303/1303 1304/1304 1302/1302
f 1307/1307 1306/1306 1305/1305
f 1308/1308 1307/1307 1305/1305
f 1308/1308 1305/1305 1309/1309
f 1305/1305 1310/1310 1309/1309
f 1309/1309 1310/1310 1311/1311
f 1312/1312 1308/1308 1309/1309
f 1310/1310 1313/1313 1311/1311
f 1314/1314 1308/1308 1312/1312
f 1315/1315 1314/1314 1312/1312
f 1316/1316 1315/1315 1312/1312
f 1317/1317 1316/1316 1312/1312
f 1311/1311 1313/1313 1318/1318
f 1313/1313 1319/1319 1318/1318
f 1313/1313 1320/1320 1319/1319
f 1318/1318 1319/1319 1321/1321
f 1318/1318 1321/1321 1322/1322
f 1318/1318 1322/1322 1323/1323
f 1320/1320 1324/1324 1319/1319
f 1320/1320 1325/1325 1324/1324
f 1325/1325 1320/1320 1326/1326
f 1329/1329 1328/1328 1327/1327
f 1330/1330 1329/1329 1327/1327
f 1331/1331 1330/1330 1327/1327
f 1331/1331 1327/1327 1332/1332
f 1333/1333 1331/1331 1332/1332
f 1332/1332 1327/1327 1334/1334
f 1327/1327 1335/1335 1334/1334
f 1333/1333 1332/1332 1336/1336
f 1337/1337 1333/1333 1336/1336
f 1334/1334 1338/1338 1332/1332
f 1338/1338 1336/1336 1332/1332
f 1339/1339 1338/1338 1334/1334
f 1339/1339 1334/1334 1335/1335
f 1335/1335 1340/1340 1339/1339
f 1335/1335 1341/1341 1340/1340
f 1341/1341 1335/1335 1342/1342
f 1343/1343 1338/1338 1339/1339
f 1338/1338 1343/1343 1336/1336
f 1344/1344 1343/1343 1339/1339
f 1337/1337 1336/1336 1345/1345
f 1343/1343 1345/1345 1336/1336
f 1346/1346 1337/1337 1345/1345
f 1347/1347 1337/1337 1346/1346
f 1348/1348 1347/1347 1346/1346
f 1349/1349 1348/1348 1346/1346
f 1349/1349 1346/1346 1350/1350
f 1344/1344 1351/1351 1343/1343
f 1343/1343 1351/1351 1345/1345
f 1351/1351 1346/1346 1345/1345
f 1344/1344 1352/1352 1351/1351
f 1351/1351 1352/1352 1353/1353
f 1346/1346 1351/1351 1353/1353
f 1350/1350 1346/1346 1353/1353
f 1350/1350 1353/1353 1354/1354
f 1350/1350 1354/1354 1355/1355
f 1350/1350 1355/1355 1356/1356
f 1350/1350 1356/1356 1357/1357
f 1355/1355 1358/1358 1356/1356
f 1358/1358 1359/1359 1356/1356
f 1362/1362 1361/1361 1360/1360
f 1363/1363 1361/1361 1362/1362
f 1364/1364 1363/1363 1362/1362
f 1365/1365 1363/1363 1364/1364
f 1366/1366 1365/1365 1364/1364
f 1367/1367 1365/1365 1366/1366
f 1368/1368 1367/1367 1366/1366
f 1369/1369 1367/1367 1368/1368
f 1370/1370 1367/1367 1369/1369
f 1371/1371 1370/1370 1369/1369
f 1372/1372 1370/1370 1371/1371
f 1373/1373 1370/1370 1372/1372
f 1374/1374 1373/1373 1372/1372
f 1375/1375 1373/1373 1374/1374
f 1375/1375 1374/1374 1376/1376
f 1375/1375 1376/1376 1377/1377
f 1378/1378 1375/1375 1377/1377
f 1381/1381 1380/1380 1379/1379
f 1381/1381 1379/1379 1382/1382
f 1381/1381 1382/1382 1383/1383
f 1384/1384 1383/1383 1382/1382
f 1381/1381 1383/1383 1385/1385
f 1386/1386 1381/1381 1385/1385
f 1383/1383 1384/1384 1387/1387
f 1385/1385 1383/1383 1387/1387
f 1386/1386 1385/1385 1388/1388
f 1389/1389 1386/1386 1388/1388
f 1390/1390 1385/1385 1387/1387
f 1388/1388 1385/1385 1390/1390
f 1389/1389 1388/1388 1391/1391
f 1392/1392 1389/1389 1391/1391
f 1393/1393 1388/1388 1390/1390
f 1391/1391 1388/1388 1393/1393
f 1392/1392 1391/1391 1394/1394
f 1395/1395 1392/1392 1394/1394
f 1396/1396 1391/1391 1393/1393
f 1394/1394 1391/1391 1396/1396
f 1395/1395 1394/1394 1397/1397
f 1398/1398 1395/1395 1397/1397
f 1398/1398 1397/1397 1399/1399
f 1400/1400 1398/1398 1399/1399
f 1401/1401 1397/1397 1394/1394
f 1399/1399 1397/1397 1401/1401
f 1400/1400 1399/1399 1402/1402
f 1403/1403 1400/1400 1402/1402
f 1403/1403 1402/1402 1404/1404
f 1405/1405 1403/1403 1404/1404
f 1406/1406 1405/1405 1404/1404
f 1402/1402 1399/1399 1407/1407
f 1407/1407 1399/1399 1401/1401
f 1408/1408 1401/1401 1394/1394
f 1408/1408 1394/1394 1396/1396
f 1406/1406 1404/1404 1409/1409
f 1410/1410 1406/1406 1409/1409
f 1411/1411 1402/1402 1407/1407
f 1404/1404 1402/1402 1411/1411
f 1407/1407 1401/1401 1412/1412
f 1412/1412 1401/1401 1408/1408
f 1410/1410 1409/1409 1413/1413
f 1414/1414 1410/1410 1413/1413
f 1414/1414 1413/1413 1415/1415
f 1416/1416 1414/1414 1415/1415
f 1413/1413 1409/1409 1417/1417
f 1415/1415 1413/1413 1417/1417
f 1418/1418 1409/1409 1404/1404
f 1409/1409 1418/1418 1417/1417
f 1411/1411 1407/1407 1419/1419
f 1419/1419 1407/1407 1412/1412
f 1420/1420 1404/1404 1411/1411
f 1418/1418 1404/1404 1420/1420
f 1416/1416 1415/1415 1421/1421
f 1422/1422 1416/1416 1421/1421
f 1423/1423 1411/1411 1419/1419
f 1420/1420 1411/1411 1423/1423
f 1422/1422 1421/1421 1424/1424
f 1425/1425 1422/1422 1424/1424
f 1426/1426 1415/1415 1417/1417
f 1417/1417 1418/1418 1427/1427
f 1426/1426 1417/1417 1427/1427
f 1428/1428 1421/1421 1415/1415
f 1426/1426 1428/1428 1415/1415
f 1429/1429 1418/1418 1420/1420
f 1418/1418 1429/1429 1427/1427
f 1430/1430 1429/1429 1420/1420
f 1429/1429 1430/1430 1427/1427
f 1431/1431 1420/1420 1423/1423
f 1431/1431 1430/1430 1420/1420
f 1432/1432 1424/1424 1421/1421
f 1428/1428 1432/1432 1421/1421
f 1425/1425 1424/1424 1433/1433
f 1432/1432 1434/1434 1424/1424
f 1434/1434 1433/1433 1424/1424
f 1425/1425 1433/1433 1435/1435
f 1436/1436 1425/1425 1435/1435
f 1433/1433 1434/1434 1437/1437
f 1435/1435 1433/1433 1437/1437
f 1436/1436 1435/1435 1438/1438
f 1436/1436 1438/1438 1439/1439
f 1438/1438 1435/1435 1440/1440
f 1435/1435 1437/1437 1440/1440
f 1439/1439 1438/1438 1441/1441
f 1438/1438 1440/1440 1441/1441
f 1439/1439 1441/1441 1442/1442
f 1443/1443 1439/1439 1442/1442
f 1443/1443 1442/1442 1444/1444
f 1445/1445 1443/1443 1444/1444
f 1442/1442 1441/1441 1446/1446
f 1442/1442 1446/1446 1444/1444
f 1441/1441 1440/1440 1447/1447
f 1441/1441 1447/1447 1446/1446
f 1440/1440 1437/1437 1448/1448
f 1440/1440 1448/1448 1447/1447
f 1437/1437 1434/1434 1449/1449
f 1437/1437 1449/1449 1448/1448
f 1447/1447 1448/1448 1450/1450
f 1446/1446 1447/1447 1450/1450
f 1434/1434 1451/1451 1449/1449
f 1451/1451 1434/1434 1432/1432
f 1448/1448 1449/1449 1452/1452
f 1448/1448 1452/1452 1450/1450
f 1453/1453 1451/1451 1432/1432
f 1453/1453 1432/1432 1428/1428
f 1454/1454 1453/1453 1428/1428
f 1454/1454 1428/1428 1426/1426
f 1453/1453 1455/1455 1451/1451
f 1455/1455 1453/1453 1454/1454
f 1451/1451 1456/1456 1449/1449
f 1455/1455 1456/1456 1451/1451
f 1456/1456 1455/1455 1457/1457
f 1458/1458 1454/1454 1426/1426
f 1458/1458 1426/1426 1427/1427
f 1459/1459 1455/1455 1454/1454
f 1455/1455 1459/1459 1457/1457
f 1459/1459 1454/1454 1458/1458
f 1458/1458 1427/1427 1460/1460
f 1430/1430 1460/1460 1427/1427
f 1461/1461 1459/1459 1458/1458
f 1461/1461 1458/1458 1460/1460
f 1449/1449 1456/1456 1462/1462
f 1449/1449 1462/1462 1452/1452
f 1459/1459 1463/1463 1457/1457
f 1459/1459 1461/1461 1463/1463
f 1430/1430 1464/1464 1460/1460
f 1460/1460 1465/1465 1461/1461
f 1464/1464 1465/1465 1460/1460
f 1464/1464 1466/1466 1465/1465
f 1464/1464 1430/1430 1467/1467
f 1467/1467 1466/1466 1464/1464
f 1430/1430 1431/1431 1467/1467
f 1467/1467 1431/1431 1468/1468
f 1431/1431 1423/1423 1468/1468
f 1461/1461 1469/1469 1463/1463
f 1461/1461 1465/1465 1469/1469
f 1469/1469 1470/1470 1463/1463
f 1465/1465 1470/1470 1469/1469
f 1463/1463 1471/1471 1457/1457
f 1470/1470 1471/1471 1463/1463
f 1472/1472 1466/1466 1467/1467
f 1468/1468 1472/1472 1467/1467
f 1473/1473 1472/1472 1468/1468
f 1474/1474 1473/1473 1468/1468
f 1468/1468 1423/1423 1474/1474
f 1423/1423 1419/1419 1474/1474
f 1475/1475 1470/1470 1465/1465
f 1466/1466 1475/1475 1465/1465
f 1474/1474 1419/1419 1476/1476
f 1419/1419 1412/1412 1476/1476
f 1476/1476 1412/1412 1477/1477
f 1477/1477 1412/1412 1408/1408
f 1477/1477 1408/1408 1478/1478
f 1408/1408 1396/1396 1478/1478
f 1478/1478 1396/1396 1479/1479
f 1396/1396 1393/1393 1479/1479
f 1479/1479 1393/1393 1480/1480
f 1393/1393 1390/1390 1480/1480
f 1480/1480 1390/1390 1481/1481
f 1390/1390 1387/1387 1481/1481
f 1466/1466 1482/1482 1475/1475
f 1482/1482 1483/1483 1475/1475
f 1466/1466 1484/1484 1482/1482
f 1475/1475 1483/1483 1470/1470
f 1485/1485 1484/1484 1466/1466
f 1483/1483 1486/1486 1470/1470
f 1472/1472 1485/1485 1466/1466
f 1487/1487 1485/1485 1472/1472
f 1488/1488 1487/1487 1472/1472
f 1470/1470 1486/1486 1471/1471
f 1473/1473 1488/1488 1472/1472
f 1486/1486 1489/1489 1471/1471
f 1473/1473 1490/1490 1488/1488
f 1473/1473 1491/1491 1490/1490
f 1473/1473 1492/1492 1491/1491
f 1489/1489 1493/1493 1471/1471
f 1473/1473 1494/1494 1492/1492
f 1493/1493 1495/1495 1471/1471
f 1493/1493 1496/1496 1495/1495
f 1496/1496 1497/1497 1495/1495
f 1497/1497 1498/1498 1495/1495
f 1471/1471 1495/1495 1457/1457
f 1498/1498 1499/1499 1495/1495
f 1495/1495 1499/1499 1457/1457
f 1500/1500 1499/1499 1498/1498
f 1500/1500 1501/1501 1499/1499
f 1501/1501 1502/1502 1499/1499
f 1503/1503 1494/1494 1473/1473
f 1503/1503 1473/1473 1474/1474
f 1503/1503 1504/1504 1494/1494
f 1503/1503 1474/1474 1505/1505
f 1505/1505 1504/1504 1503/1503
f 1505/1505 1506/1506 1504/1504
f 1474/1474 1476/1476 1505/1505
f 1507/1507 1506/1506 1505/1505
f 1505/1505 1476/1476 1507/1507
f 1507/1507 1508/1508 1506/1506
f 1476/1476 1509/1509 1507/1507
f 1509/1509 1476/1476 1477/1477
f 1507/1507 1510/1510 1508/1508
f 1507/1507 1509/1509 1510/1510
f 1510/1510 1511/1511 1508/1508
f 1510/1510 1512/1512 1511/1511
f 1511/1511 1512/1512 1513/1513
f 1512/1512 1514/1514 1513/1513
f 1514/1514 1512/1512 1515/1515
f 1509/1509 1477/1477 1516/1516
f 1509/1509 1516/1516 1510/1510
f 1510/1510 1516/1516 1512/1512
f 1477/1477 1478/1478 1516/1516
f 1516/1516 1478/1478 1517/1517
f 1516/1516 1517/1517 1512/1512
f 1478/1478 1479/1479 1517/1517
f 1512/1512 1518/1518 1515/1515
f 1512/1512 1517/1517 1518/1518
f 1515/1515 1518/1518 1519/1519
f 1519/1519 1518/1518 1520/1520
f 1520/1520 1518/1518 1521/1521
f 1522/1522 1520/1520 1521/1521
f 1523/1523 1522/1522 1521/1521
f 1523/1523 1521/1521 1524/1524
f 1524/1524 1521/1521 1525/1525
f 1517/1517 1479/1479 1526/1526
f 1517/1517 1526/1526 1518/1518
f 1518/1518 1526/1526 1521/1521
f 1479/1479 1480/1480 1526/1526
f 1526/1526 1480/1480 1527/1527
f 1526/1526 1527/1527 1521/1521
f 1480/1480 1481/1481 1527/1527
f 1525/1525 1521/1521 1528/1528
f 1525/1525 1528/1528 1529/1529
f 1530/1530 1521/1521 1527/1527
f 1481/1481 1530/1530 1527/1527
f 1528/1528 1521/1521 1530/1530
f 1529/1529 1528/1528 1531/1531
f 1529/1529 1531/1531 1532/1532
f 1532/1532 1531/1531 1533/1533
f 1502/1502 1532/1532 1533/1533
f 1502/1502 1533/1533 1499/1499
f 1534/1534 1530/1530 1481/1481
f 1535/1535 1534/1534 1481/1481
f 1387/1387 1535/1535 1481/1481
f 1535/1535 1536/1536 1534/1534
f 1536/1536 1537/1537 1534/1534
f 1534/1534 1537/1537 1530/1530
f 1538/1538 1535/1535 1387/1387
f 1538/1538 1536/1536 1535/1535
f 1384/1384 1538/1538 1387/1387
f 1384/1384 1536/1536 1538/1538
f 1384/1384 1445/1445 1536/1536
f 1537/1537 1539/1539 1530/1530
f 1539/1539 1528/1528 1530/1530
f 1537/1537 1540/1540 1539/1539
f 1536/1536 1540/1540 1537/1537
f 1541/1541 1528/1528 1539/1539
f 1540/1540 1541/1541 1539/1539
f 1531/1531 1528/1528 1541/1541
f 1445/1445 1542/1542 1536/1536
f 1445/1445 1444/1444 1542/1542
f 1542/1542 1543/1543 1536/1536
f 1543/1543 1540/1540 1536/1536
f 1542/1542 1444/1444 1543/1543
f 1543/1543 1444/1444 1540/1540
f 1444/1444 1544/1544 1540/1540
f 1540/1540 1544/1544 1541/1541
f 1444/1444 1446/1446 1544/1544
f 1545/1545 1531/1531 1541/1541
f 1544/1544 1545/1545 1541/1541
f 1546/1546 1531/1531 1545/1545
f 1544/1544 1546/1546 1545/1545
f 1533/1533 1531/1531 1546/1546
f 1446/1446 1547/1547 1544/1544
f 1547/1547 1546/1546 1544/1544
f 1547/1547 1446/1446 1450/1450
f 1546/1546 1547/1547 1548/1548
f 1547/1547 1450/1450 1548/1548
f 1546/1546 1548/1548 1533/1533
f 1450/1450 1452/1452 1548/1548
f 1549/1549 1533/1533 1548/1548
f 1452/1452 1549/1549 1548/1548
f 1452/1452 1462/1462 1549/1549
f 1499/1499 1533/1533 1549/1549
f 1462/1462 1550/1550 1549/1549
f 1550/1550 1499/1499 1549/1549
f 1462/1462 1456/1456 1550/1550
f 1551/1551 1499/1499 1550/1550
f 1456/1456 1551/1551 1550/1550
f 1499/1499 1551/1551 1457/1457
f 1551/1551 1456/1456 1457/1457
f 1554/1554 1553/1553 1552/1552
f 1555/1555 1552/1552 1553/1553
f 1555/1555 1556/1556 1552/1552
f 1557/1557 1556/1556 1555/1555
f 1556/1556 1557/1557 1558/1558
f 1559/1559 1556/1556 1558/1558
f 1560/1560 1559/1559 1558/1558
f 1560/1560 1561/1561 1559/1559
f 1560/1560 1562/1562 1561/1561
f 1563/1563 1562/1562 1560/1560
f 1563/1563 1564/1564 1562/1562
f 1562/1562 1564/1564 1565/1565
f 1565/1565 1564/1564 1566/1566
f 1567/1567 1565/1565 1566/1566
f 1568/1568 1567/1567 1566/1566
f 1569/1569 1567/1567 1568/1568
f 1569/1569 1570/1570 1567/1567
f 1571/1571 1570/1570 1569/1569
f 1571/1571 1572/1572 1570/1570
f 1573/1573 1572/1572 1571/1571
f 1573/1573 1571/1571 1574/1574
f 1577/1577 1576/1576 1575/1575
f 1578/1578 1577/1577 1575/1575
f 1579/1579 1577/1577 1578/1578
f 1580/1580 1579/1579 1578/1578
f 1581/1581 1579/1579 1580/1580
f 1582/1582 1581/1581 1580/1580
f 1583/1583 1581/1581 1582/1582
f 1584/1584 1583/1583 1582/1582
f 1585/1585 1583/1583 1584/1584
f 1586/1586 1585/1585 1584/1584
f 1586/1586 1587/1587 1585/1585
f 1587/1587 1588/1588 1585/1585
f 1587/1587 1589/1589 1588/1588
f 1588/1588 1589/1589 1590/1590
f 1589/1589 1591/1591 1590/1590
f 1590/1590 1591/1591 1592/1592
f 1591/1591 1593/1593 1592/1592
f 1592/1592 1593/1593 1594/1594
f 1593/1593 1595/1595 1594/1594
f 1593/1593 1596/1596 1595/1595
f 1599/1599 1598/1598 1597/1597
f 1599/1599 1597/1597 1600/1600
f 1599/1599 1600/1600 1601/1601
f 1602/1602 1599/1599 1601/1601
f 1603/1603 1602/1602 1601/1601
f 1604/1604 1603/1603 1601/1601
f 1605/1605 1604/1604 1601/1601
f 1605/1605 1606/1606 1604/1604
f 1606/1606 1607/1607 1604/1604
f 1606/1606 1608/1608 1607/1607
f 1608/1608 1606/1606 1609/1609
f 1610/1610 1608/1608 1609/1609
f 1610/1610 1609/1609 1611/1611
f 1610/1610 1611/1611 1612/1612
f 1612/1612 1611/1611 1613/1613
f 1612/1612 1613/1613 1614/1614
f 1614/1614 1613/1613 1615/1615
f 1613/1613 1616/1616 1615/1615
f 1615/1615 1616/1616 1617/1617
f 1618/1618 1615/1615 1617/1617
f 1621/1621 1620/1620 1619/1619
f 1622/1622 1621/1621 1619/1619
f 1623/1623 1622/1622 1619/1619
f 1623/1623 1619/1619 1624/1624
f 1627/1627 1626/1626 1625/1625
f 1626/1626 1628/1628 1625/1625
f 1628/1628 1629/1629 1625/1625
f 1625/1625 1629/1629 1630/1630
f 1631/1631 1629/1629 1628/1628
f 1632/1632 1629/1629 1631/1631
f 1633/1633 1629/1629 1632/1632
f 1633/1633 1634/1634 1629/1629
f 1635/1635 1634/1634 1633/1633
f 1636/1636 1635/1635 1633/1633
f 1637/1637 1635/1635 1636/1636
f 1636/1636 1638/1638 1637/1637
f 1639/1639 1637/1637 1638/1638
f 1638/1638 1640/1640 1639/1639
f 1638/1638 1641/1641 1640/1640
f 1636/1636 1642/1642 1638/1638
f 1643/1643 1642/1642 1636/1636
f 1644/1644 1642/1642 1643/1643
f 1642/1642 1644/1644 1645/1645
f 1642/1642 1645/1645 1646/1646
f 1642/1642 1646/1646 1647/1647
f 1650/1650 1649/1649 1648/1648
f 1651/1651 1650/1650 1648/1648
f 1654/1654 1653/1653 1652/1652
f 1655/1655 1654/1654 1652/1652
f 1658/1658 1657/1657 1656/1656
f 1656/1656 1657/1657 1659/1659
f 1662/1662 1661/1661 1660/1660
f 1663/1663 1662/1662 1660/1660
f 1663/1663 1660/1660 1664/1664
f 1664/1664 1660/1660 1665/1665
f 1668/1668 1667/1667 1666/1666
f 1669/1669 1667/1667 1668/1668
f 1669/1669 1670/1670 1667/1667
f 1671/1671 1670/1670 1669/1669
f 1671/1671 1672/1672 1670/1670
f 1673/1673 1672/1672 1671/1671
f 1673/1673 1674/1674 1672/1672
f 1675/1675 1674/1674 1673/1673
f 1675/1675 1676/1676 1674/1674
f 1677/1677 1676/1676 1675/1675
f 1677/1677 1678/1678 1676/1676
f 1677/1677 1679/1679 1678/1678
f 1679/1679 1680/1680 1678/1678
f 1679/1679 1681/1681 1680/1680
f 1681/1681 1682/1682 1680/1680
f 1681/1681 1683/1683 1682/1682
f 1683/1683 1684/1684 1682/1682
f 1683/1683 1685/1685 1684/1684
f 1685/1685 1686/1686 1684/1684
f 1685/1685 1687/1687 1686/1686
f 1687/1687 1688/1688 1686/1686
f 1687/1687 1689/1689 1688/1688
f 1689/1689 1690/1690 1688/1688
f 1689/1689 1691/1691 1690/1690
f 1691/1691 1692/1692 1690/1690
f 1691/1691 1693/1693 1692/1692
f 1693/1693 1694/1694 1692/1692
f 1693/1693 1695/1695 1694/1694
f 1695/1695 1696/1696 1694/1694
f 1695/1695 1697/1697 1696/1696
f 1697/1697 1698/1698 1696/1696
f 1698/1698 1699/1699 1696/1696
f 1698/1698 1700/1700 1699/1699
f 1700/1700 1701/1701 1699/1699
f 1702/1702 1701/1701 1700/1700
f 1702/1702 1703/1703 1701/1701
f 1704/1704 1703/1703 1702/1702
f 1704/1704 1705/1705 1703/1703
f 1706/1706 1705/1705 1704/1704
f 1709/1709 1708/1708 1707/1707
f 1709/1709 1707/1707 1710/1710
f 1711/1711 1709/1709 1710/1710
f 1712/1712 1711/1711 1710/1710
f 1712/1712 1710/1710 1713/1713
f 1714/1714 1712/1712 1713/1713
f 1715/1715 1711/1711 1712/1712
f 1714/1714 1713/1713 1716/1716
f 1713/1713 1717/1717 1716/1716
f 1715/1715 1718/1718 1711/1711
f 1716/1716 1717/1717 1719/1719
f 1720/1720 1716/1716 1719/1719
f 1720/1720 1719/1719 1721/1721
f 1715/1715 1722/1722 1718/1718
f 1723/1723 1722/1722 1715/1715
f 1724/1724 1723/1723 1715/1715
f 1725/1725 1724/1724 1715/1715
f 1721/1721 1719/1719 1726/1726
f 1727/1727 1721/1721 1726/1726
f 1728/1728 1727/1727 1726/1726
f 1729/1729 1728/1728 1726/1726
f 1729/1729 1726/1726 1730/1730
f 1731/1731 1724/1724 1725/1725
f 1732/1732 1731/1731 1725/1725
f 1733/1733 1729/1729 1730/1730
f 1734/1734 1729/1729 1733/1733
f 1735/1735 1734/1734 1733/1733
f 1736/1736 1734/1734 1735/1735
f 1737/1737 1734/1734 1736/1736
f 1737/1737 1738/1738 1734/1734
f 1737/1737 1739/1739 1738/1738
f 1740/1740 1739/1739 1737/1737
f 1741/1741 1731/1731 1732/1732
f 1742/1742 1741/1741 1732/1732
f 1741/1741 1742/1742 1743/1743
f 1744/1744 1731/1731 1741/1741
f 1744/1744 1745/1745 1731/1731
f 1741/1741 1743/1743 1746/1746
f 1746/1746 1740/1740 1737/1737
f 1746/1746 1743/1743 1747/1747
f 1746/1746 1747/1747 1740/1740
f 1748/1748 1737/1737 1736/1736
f 1749/1749 1748/1748 1736/1736
f 1750/1750 1748/1748 1749/1749
f 1750/1750 1749/1749 1751/1751
f 1752/1752 1750/1750 1751/1751
f 1753/1753 1737/1737 1748/1748
f 1752/1752 1751/1751 1754/1754
f 1755/1755 1737/1737 1753/1753
f 1756/1756 1737/1737 1755/1755
f 1737/1737 1756/1756 1757/1757
f 1758/1758 1737/1737 1757/1757
f 1757/1757 1759/1759 1758/1758
f 1758/1758 1759/1759 1760/1760
f 1760/1760 1759/1759 1761/1761
f 1760/1760 1761/1761 1762/1762
f 1763/1763 1752/1752 1754/1754
f 1764/1764 1763/1763 1754/1754
f 1765/1765 1764/1764 1754/1754
f 1761/1761 1766/1766 1762/1762
f 1767/1767 1765/1765 1754/1754
f 1766/1766 1768/1768 1762/1762
f 1769/1769 1765/1765 1767/1767
f 1770/1770 1769/1769 1767/1767
f 1771/1771 1770/1770 1767/1767
f 1771/1771 1767/1767 1772/1772
f 1768/1768 1773/1773 1762/1762
f 1774/1774 1771/1771 1772/1772
f 1773/1773 1775/1775 1762/1762
f 1774/1774 1772/1772 1776/1776
f 1775/1775 1777/1777 1762/1762
f 1778/1778 1774/1774 1776/1776
f 1777/1777 1774/1774 1778/1778
f 1762/1762 1777/1777 1778/1778
f 1779/1779 1762/1762 1778/1778
f 1778/1778 1776/1776 1780/1780
f 1781/1781 1779/1779 1778/1778
f 1782/1782 1779/1779 1781/1781
f 1778/1778 1780/1780 1783/1783
f 1783/1783 1780/1780 1784/1784
f 1780/1780 1785/1785 1784/1784
f 1785/1785 1786/1786 1784/1784
f 1786/1786 1787/1787 1784/1784
f 1784/1784 1787/1787 1788/1788
f 1787/1787 1789/1789 1788/1788
f 1789/1789 1790/1790 1788/1788
f 1790/1790 1791/1791 1788/1788
f 1790/1790 1792/1792 1791/1791
f 1791/1791 1793/1793 1788/1788
f 1790/1790 1794/1794 1792/1792
f 1794/1794 1795/1795 1792/1792
f 1794/1794 1796/1796 1795/1795
f 1794/1794 1797/1797 1796/1796
f 1798/1798 1797/1797 1794/1794
f 1798/1798 1799/1799 1797/1797
f 1798/1798 1800/1800 1799/1799
f 1798/1798 1801/1801 1800/1800
f 1798/1798 1802/1802 1801/1801
f 1801/1801 1802/1802 1803/1803
f 1802/1802 1804/1804 1803/1803
f 1803/1803 1804/1804 1805/1805
f 1805/1805 1804/1804 1806/1806
f 1804/1804 1730/1730 1806/1806
f 1730/1730 1726/1726 1806/1806
f 1806/1806 1726/1726 1807/1807
f 1807/1807 1726/1726 1808/1808
f 1808/1808 1726/1726 1809/1809
f 1726/1726 1810/1810 1809/1809
f 1810/1810 1726/1726 1811/1811
f 1726/1726 1812/1812 1811/1811
f 1811/1811 1812/1812 1813/1813
f 1813/1813 1812/1812 1814/1814
f 1815/1815 1813/1813 1814/1814
f 1816/1816 1815/1815 1814/1814
f 1817/1817 1816/1816 1814/1814
f 1818/1818 1817/1817 1814/1814
f 1793/1793 1818/1818 1814/1814
f 1793/1793 1814/1814 1819/1819
f 1788/1788 1793/1793 1819/1819
f 1819/1819 1814/1814 1820/1820
f 1823/1823 1822/1822 1821/1821
f 1822/1822 1824/1824 1821/1821
f 1824/1824 1825/1825 1821/1821
f 1824/1824 1826/1826 1825/1825
f 1826/1826 1827/1827 1825/1825
f 1825/1825 1828/1828 1821/1821
f 1829/1829 1821/1821 1828/1828
f 1828/1828 1825/1825 1830/1830
f 1827/1827 1831/1831 1825/1825
f 1831/1831 1830/1830 1825/1825
f 1827/1827 1832/1832 1831/1831
f 1830/1830 1831/1831 1833/1833
f 1832/1832 1834/1834 1831/1831
f 1834/1834 1833/1833 1831/1831
f 1832/1832 1835/1835 1834/1834
f 1833/1833 1834/1834 1836/1836
f 1835/1835 1837/1837 1834/1834
f 1837/1837 1836/1836 1834/1834
f 1837/1837 1838/1838 1836/1836
f 1835/1835 1839/1839 1837/1837
f 1837/1837 1840/1840 1838/1838
f 1839/1839 1840/1840 1837/1837
f 1838/1838 1840/1840 1841/1841
f 1842/1842 1840/1840 1839/1839
f 1842/1842 1839/1839 1843/1843
f 1839/1839 1844/1844 1843/1843
f 1844/1844 1845/1845 1843/1843
f 1846/1846 1840/1840 1842/1842
f 1846/1846 1842/1842 1843/1843
f 1840/1840 1846/1846 1841/1841
f 1847/1847 1846/1846 1843/1843
f 1846/1846 1847/1847 1841/1841
f 1845/1845 1847/1847 1843/1843
f 1847/1847 1848/1848 1841/1841
f 1848/1848 1847/1847 1845/1845
f 1841/1841 1848/1848 1849/1849
f 1845/1845 1844/1844 1850/1850
f 1844/1844 1851/1851 1850/1850
f 1851/1851 1852/1852 1850/1850
f 1852/1852 1853/1853 1850/1850
f 1853/1853 1854/1854 1850/1850
f 1854/1854 1845/1845 1850/1850
f 1855/1855 1853/1853 1852/1852
f 1854/1854 1856/1856 1845/1845
f 1852/1852 1857/1857 1855/1855
f 1856/1856 1858/1858 1845/1845
f 1858/1858 1848/1848 1845/1845
f 1859/1859 1848/1848 1858/1858
f 1860/1860 1848/1848 1859/1859
f 1857/1857 1861/1861 1855/1855
f 1857/1857 1862/1862 1861/1861
f 1862/1862 1863/1863 1861/1861
f 1864/1864 1863/1863 1862/1862
f 1864/1864 1865/1865 1863/1863
f 1864/1864 1866/1866 1865/1865
f 1864/1864 1867/1867 1866/1866
f 1867/1867 1868/1868 1866/1866
f 1867/1867 1869/1869 1868/1868
f 1872/1872 1871/1871 1870/1870
f 1872/1872 1870/1870 1873/1873
f 1874/1874 1872/1872 1873/1873
f 1870/1870 1875/1875 1873/1873
f 1874/1874 1873/1873 1876/1876
f 1877/1877 1874/1874 1876/1876
f 1875/1875 1878/1878 1873/1873
f 1873/1873 1878/1878 1876/1876
f 1879/1879 1877/1877 1876/1876
f 1878/1878 1879/1879 1876/1876
f 1880/1880 1877/1877 1879/1879
f 1877/1877 1880/1880 1881/1881
f 1875/1875 1882/1882 1878/1878
f 1878/1878 1882/1882 1879/1879
f 1875/1875 1883/1883 1882/1882
f 1882/1882 1884/1884 1879/1879
f 1884/1884 1880/1880 1879/1879
f 1882/1882 1883/1883 1884/1884
f 1885/1885 1880/1880 1884/1884
f 1886/1886 1885/1885 1884/1884
f 1887/1887 1886/1886 1884/1884
f 1883/1883 1887/1887 1884/1884
f 1886/1886 1888/1888 1885/1885
f 1885/1885 1888/1888 1889/1889
f 1890/1890 1887/1887 1883/1883
f 1885/1885 1889/1889 1891/1891
f 1890/1890 1883/1883 1892/1892
f 1893/1893 1890/1890 1892/1892
f 1883/1883 1894/1894 1892/1892
f 1895/1895 1893/1893 1892/1892
f 1892/1892 1894/1894 1896/1896
f 1895/1895 1892/1892 1896/1896
f 1897/1897 1895/1895 1896/1896
f 1894/1894 1898/1898 1896/1896
f 1897/1897 1896/1896 1899/1899
f 1896/1896 1898/1898 1899/1899
f 1900/1900 1897/1897 1899/1899
f 1899/1899 1898/1898 1901/1901
f 1900/1900 1899/1899 1901/1901
f 1902/1902 1900/1900 1901/1901
f 1898/1898 1903/1903 1901/1901
f 1904/1904 1902/1902 1901/1901
f 1903/1903 1904/1904 1901/1901
f 1904/1904 1903/1903 1905/1905
f 1904/1904 1905/1905 1906/1906
f 1906/1906 1905/1905 1907/1907
f 1908/1908 1907/1907 1905/1905
f 1909/1909 1906/1906 1907/1907
f 1910/1910 1909/1909 1907/1907
f 1910/1910 1907/1907 1911/1911
f 1912/1912 1910/1910 1911/1911
f 1903/1903 1913/1913 1905/1905
f 1903/1903 1914/1914 1913/1913
f 1905/1905 1913/1913 1915/1915
f 1908/1908 1905/1905 1915/1915
f 1913/1913 1914/1914 1916/1916
f 1913/1913 1916/1916 1915/1915
f 1916/1916 1914/1914 1917/1917
f 1914/1914 1918/1918 1917/1917
f 1915/1915 1916/1916 1919/1919
f 1916/1916 1917/1917 1919/1919
f 1918/1918 1920/1920 1917/1917
f 1921/1921 1920/1920 1918/1918
f 1920/1920 1922/1922 1917/1917
f 1917/1917 1922/1922 1919/1919
f 1922/1922 1923/1923 1919/1919
f 1923/1923 1915/1915 1919/1919
f 1923/1923 1908/1908 1915/1915
f 1908/1908 1923/1923 1924/1924
f 1908/1908 1924/1924 1925/1925
f 1924/1924 1926/1926 1925/1925
f 1908/1908 1925/1925 1927/1927
f 1926/1926 1928/1928 1925/1925
f 1925/1925 1928/1928 1927/1927
f 1908/1908 1927/1927 1929/1929
f 1907/1907 1908/1908 1929/1929
f 1926/1926 1930/1930 1928/1928
f 1926/1926 1931/1931 1930/1930
f 1928/1928 1932/1932 1927/1927
f 1927/1927 1932/1932 1929/1929
f 1928/1928 1930/1930 1932/1932
f 1907/1907 1929/1929 1933/1933
f 1907/1907 1933/1933 1911/1911
f 1932/1932 1934/1934 1929/1929
f 1929/1929 1934/1934 1933/1933
f 1930/1930 1935/1935 1932/1932
f 1932/1932 1935/1935 1934/1934
f 1930/1930 1936/1936 1935/1935
f 1931/1931 1936/1936 1930/1930
f 1935/1935 1937/1937 1934/1934
f 1935/1935 1936/1936 1937/1937
f 1934/1934 1938/1938 1933/1933
f 1934/1934 1937/1937 1938/1938
f 1933/1933 1939/1939 1911/1911
f 1938/1938 1939/1939 1933/1933
f 1937/1937 1940/1940 1938/1938
f 1938/1938 1941/1941 1939/1939
f 1940/1940 1941/1941 1938/1938
f 1941/1941 1942/1942 1939/1939
f 1939/1939 1942/1942 1911/1911
f 1943/1943 1941/1941 1940/1940
f 1942/1942 1944/1944 1911/1911
f 1945/1945 1943/1943 1940/1940
f 1911/1911 1944/1944 1946/1946
f 1912/1912 1911/1911 1946/1946
f 1947/1947 1912/1912 1946/1946
f 1944/1944 1948/1948 1946/1946
f 1947/1947 1946/1946 1949/1949
f 1946/1946 1948/1948 1949/1949
f 1950/1950 1947/1947 1949/1949
f 1949/1949 1948/1948 1951/1951
f 1950/1950 1949/1949 1951/1951
f 1948/1948 1952/1952 1951/1951
f 1950/1950 1951/1951 1953/1953
f 1951/1951 1952/1952 1953/1953
f 1954/1954 1950/1950 1953/1953
f 1952/1952 1955/1955 1953/1953
f 1954/1954 1953/1953 1956/1956
f 1953/1953 1955/1955 1956/1956
f 1957/1957 1954/1954 1956/1956
f 1955/1955 1958/1958 1956/1956
f 1957/1957 1956/1956 1959/1959
f 1956/1956 1958/1958 1959/1959
f 1891/1891 1957/1957 1959/1959
f 1885/1885 1891/1891 1959/1959
f 1958/1958 1960/1960 1959/1959
f 1958/1958 1961/1961 1960/1960
f 1885/1885 1959/1959 1962/1962
f 1959/1959 1960/1960 1962/1962
f 1960/1960 1961/1961 1963/1963
f 1960/1960 1963/1963 1962/1962
f 1961/1961 1964/1964 1963/1963
f 1885/1885 1962/1962 1965/1965
f 1880/1880 1885/1885 1965/1965
f 1964/1964 1966/1966 1963/1963
f 1964/1964 1967/1967 1966/1966
f 1963/1963 1968/1968 1962/1962
f 1962/1962 1968/1968 1965/1965
f 1963/1963 1966/1966 1968/1968
f 1880/1880 1965/1965 1969/1969
f 1965/1965 1968/1968 1969/1969
f 1880/1880 1969/1969 1970/1970
f 1881/1881 1880/1880 1970/1970
f 1971/1971 1881/1881 1970/1970
f 1968/1968 1972/1972 1969/1969
f 1969/1969 1972/1972 1970/1970
f 1967/1967 1973/1973 1966/1966
f 1967/1967 1974/1974 1973/1973
f 1966/1966 1975/1975 1968/1968
f 1968/1968 1975/1975 1972/1972
f 1966/1966 1976/1976 1975/1975
f 1973/1973 1976/1976 1966/1966
f 1974/1974 1977/1977 1973/1973
f 1974/1974 1978/1978 1977/1977
f 1979/1979 1971/1971 1970/1970
f 1972/1972 1979/1979 1970/1970
f 1975/1975 1980/1980 1972/1972
f 1975/1975 1976/1976 1980/1980
f 1972/1972 1981/1981 1979/1979
f 1981/1981 1971/1971 1979/1979
f 1980/1980 1981/1981 1972/1972
f 1982/1982 1971/1971 1981/1981
f 1980/1980 1982/1982 1981/1981
f 1983/1983 1971/1971 1982/1982
f 1984/1984 1982/1982 1980/1980
f 1976/1976 1984/1984 1980/1980
f 1984/1984 1983/1983 1982/1982
f 1973/1973 1985/1985 1976/1976
f 1977/1977 1985/1985 1973/1973
f 1978/1978 1986/1986 1977/1977
f 1978/1978 1987/1987 1986/1986
f 1976/1976 1988/1988 1984/1984
f 1985/1985 1988/1988 1976/1976
f 1989/1989 1983/1983 1984/1984
f 1988/1988 1989/1989 1984/1984
f 1990/1990 1985/1985 1977/1977
f 1986/1986 1990/1990 1977/1977
f 1987/1987 1991/1991 1986/1986
f 1987/1987 1992/1992 1991/1991
f 1993/1993 1990/1990 1986/1986
f 1991/1991 1993/1993 1986/1986
f 1993/1993 1994/1994 1990/1990
f 1994/1994 1995/1995 1990/1990
f 1990/1990 1995/1995 1985/1985
f 1995/1995 1996/1996 1985/1985
f 1985/1985 1996/1996 1988/1988
f 1997/1997 1993/1993 1991/1991
f 1992/1992 1998/1998 1991/1991
f 1998/1998 1997/1997 1991/1991
f 1992/1992 1999/1999 1998/1998
f 2000/2000 1997/1997 1998/1998
f 1999/1999 2001/2001 1998/1998
f 2001/2001 2000/2000 1998/1998
f 1999/1999 2002/2002 2001/2001
f 2002/2002 2003/2003 2001/2001
f 2003/2003 2000/2000 2001/2001
f 2002/2002 2004/2004 2003/2003
f 2004/2004 2005/2005 2003/2003
f 2004/2004 2006/2006 2005/2005
f 2006/2006 1945/1945 2005/2005
f 2007/2007 2000/2000 2003/2003
f 2005/2005 2007/2007 2003/2003
f 2008/2008 2000/2000 2007/2007
f 2009/2009 2008/2008 2007/2007
f 2010/2010 2009/2009 2007/2007
f 2010/2010 2007/2007 2005/2005
f 2011/2011 2009/2009 2010/2010
f 2011/2011 2010/2010 2005/2005
f 2012/2012 2009/2009 2011/2011
f 1945/1945 2013/2013 2005/2005
f 2013/2013 2011/2011 2005/2005
f 2013/2013 1945/1945 1940/1940
f 2014/2014 2013/2013 1940/1940
f 2014/2014 2011/2011 2013/2013
f 1937/1937 2014/2014 1940/1940
f 1936/1936 2014/2014 1937/1937
f 2015/2015 2011/2011 2014/2014
f 1936/1936 2015/2015 2014/2014
f 2015/2015 2012/2012 2011/2011
f 2016/2016 2015/2015 1936/1936
f 1931/1931 2016/2016 1936/1936
f 2017/2017 2012/2012 2015/2015
f 2016/2016 2018/2018 2015/2015
f 2018/2018 2017/2017 2015/2015
f 2012/2012 2017/2017 2019/2019
f 2020/2020 2012/2012 2019/2019
f 2021/2021 2020/2020 2019/2019
f 1931/1931 2022/2022 2016/2016
f 2022/2022 2023/2023 2016/2016
f 1931/1931 2023/2023 2022/2022
f 2023/2023 2018/2018 2016/2016
f 1931/1931 2024/2024 2023/2023
f 2023/2023 2025/2025 2018/2018
f 2024/2024 2025/2025 2023/2023
f 2018/2018 2025/2025 2017/2017
f 2024/2024 2026/2026 2025/2025
f 2026/2026 2027/2027 2025/2025
f 2025/2025 2028/2028 2017/2017
f 2025/2025 2027/2027 2028/2028
f 2017/2017 2028/2028 2019/2019
f 2027/2027 2029/2029 2028/2028
f 2028/2028 2030/2030 2019/2019
f 2028/2028 2029/2029 2030/2030
f 2030/2030 2021/2021 2019/2019
f 2029/2029 2031/2031 2030/2030
f 2021/2021 2030/2030 2032/2032
f 2030/2030 2031/2031 2032/2032
f 2033/2033 2021/2021 2032/2032
f 2034/2034 2033/2033 2032/2032
f 2031/2031 2035/2035 2032/2032
f 2034/2034 2032/2032 2036/2036
f 2032/2032 2035/2035 2036/2036
f 2037/2037 2034/2034 2036/2036
f 2037/2037 2036/2036 2038/2038
f 2036/2036 2035/2035 2038/2038
f 2039/2039 2037/2037 2038/2038
f 2038/2038 2035/2035 2040/2040
f 2039/2039 2038/2038 2040/2040
f 2041/2041 2039/2039 2040/2040
f 2035/2035 2042/2042 2040/2040
f 2041/2041 2040/2040 2043/2043
f 2040/2040 2042/2042 2043/2043
f 2044/2044 2041/2041 2043/2043
f 2043/2043 2042/2042 2045/2045
f 2044/2044 2043/2043 2045/2045
f 2042/2042 2046/2046 2045/2045
f 2047/2047 2044/2044 2045/2045
f 2045/2045 2046/2046 2048/2048
f 2047/2047 2045/2045 2048/2048
f 2049/2049 2047/2047 2048/2048
f 2046/2046 2050/2050 2048/2048
f 2049/2049 2048/2048 2051/2051
f 2048/2048 2050/2050 2051/2051
f 2052/2052 2049/2049 2051/2051
f 2051/2051 2050/2050 2053/2053
f 2050/2050 2054/2054 2053/2053
f 2052/2052 2051/2051 2055/2055
f 1996/1996 2052/2052 2055/2055
f 2055/2055 2051/2051 2056/2056
f 1996/1996 2055/2055 2056/2056
f 2051/2051 2053/2053 2056/2056
f 1996/1996 2056/2056 1988/1988
f 2053/2053 2054/2054 2057/2057
f 2053/2053 2057/2057 2056/2056
f 2054/2054 2058/2058 2057/2057
f 2056/2056 2059/2059 1988/1988
f 2056/2056 2057/2057 2059/2059
f 1988/1988 2059/2059 1989/1989
f 2057/2057 2058/2058 2060/2060
f 2058/2058 2061/2061 2060/2060
f 2059/2059 2057/2057 2062/2062
f 2057/2057 2060/2060 2062/2062
f 2060/2060 2061/2061 2062/2062
f 2059/2059 2062/2062 1989/1989
f 2061/2061 1983/1983 2062/2062
f 1989/1989 2062/2062 2063/2063
f 1983/1983 1989/1989 2063/2063
f 2062/2062 1983/1983 2063/2063
f 2066/2066 2065/2065 2064/2064
f 2066/2066 2067/2067 2065/2065
f 2067/2067 2068/2068 2065/2065
f 2067/2067 2069/2069 2068/2068
f 2067/2067 2070/2070 2069/2069
f 2067/2067 2071/2071 2070/2070
f 2067/2067 2072/2072 2071/2071
f 2072/2072 2073/2073 2071/2071
f 2072/2072 2074/2074 2073/2073
f 2072/2072 2075/2075 2074/2074
f 2076/2076 2075/2075 2072/2072
f 2076/2076 2072/2072 2077/2077
f 2078/2078 2076/2076 2077/2077
f 2077/2077 2072/2072 2079/2079
f 2079/2079 2072/2072 2067/2067
f 2080/2080 2079/2079 2067/2067
f 2080/2080 2067/2067 2081/2081
f 2081/2081 2067/2067 2082/2082
f 2082/2082 2067/2067 2083/2083
f 2067/2067 2066/2066 2083/2083
f 2083/2083 2066/2066 2084/2084
f 2084/2084 2066/2066 2085/2085
f 2088/2088 2087/2087 2086/2086
f 2087/2087 2089/2089 2086/2086
f 2089/2089 2087/2087 2090/2090
f 2089/2089 2091/2091 2086/2086
f 2092/2092 2086/2086 2091/2091
f 2093/2093 2092/2092 2091/2091
f 2094/2094 2091/2091 2089/2089
f 2093/2093 2091/2091 2095/2095
f 2091/2091 2094/2094 2095/2095
f 2096/2096 2093/2093 2095/2095
f 2097/2097 2096/2096 2095/2095
f 2098/2098 2095/2095 2094/2094
f 2098/2098 2097/2097 2095/2095
f 2099/2099 2098/2098 2094/2094
f 2100/2100 2097/2097 2098/2098
f 2101/2101 2098/2098 2099/2099
f 2101/2101 2100/2100 2098/2098
f 2102/2102 2101/2101 2099/2099
f 2100/2100 2101/2101 2103/2103
f 2103/2103 2101/2101 2102/2102
f 2104/2104 2100/2100 2103/2103
f 2105/2105 2103/2103 2102/2102
f 2106/2106 2104/2104 2103/2103
f 2105/2105 2107/2107 2103/2103
f 2107/2107 2106/2106 2103/2103
f 2104/2104 2106/2106 2108/2108
f 2106/2106 2107/2107 2108/2108
f 2109/2109 2104/2104 2108/2108
f 2110/2110 2109/2109 2108/2108
f 2111/2111 2107/2107 2105/2105
f 2107/2107 2111/2111 2108/2108
f 2111/2111 2110/2110 2108/2108
f 2112/2112 2111/2111 2105/2105
f 2113/2113 2111/2111 2112/2112
f 2111/2111 2113/2113 2110/2110
f 2113/2113 2114/2114 2110/2110
f 2113/2113 2115/2115 2114/2114
f 2114/2114 2116/2116 2110/2110
f 2116/2116 2117/2117 2110/2110
f 2109/2109 2110/2110 2118/2118
f 2110/2110 2117/2117 2118/2118
f 2119/2119 2109/2109 2118/2118
f 2117/2117 2120/2120 2118/2118
f 2121/2121 2119/2119 2118/2118
f 2120/2120 2121/2121 2118/2118
f 2120/2120 2122/2122 2121/2121
f 2125/2125 2124/2124 2123/2123
f 2126/2126 2124/2124 2125/2125
f 2126/2126 2127/2127 2124/2124
f 2128/2128 2124/2124 2127/2127
f 2129/2129 2127/2127 2126/2126
f 2130/2130 2127/2127 2129/2129
f 2128/2128 2127/2127 2131/2131
f 2127/2127 2130/2130 2132/2132
f 2131/2131 2127/2127 2132/2132
f 2130/2130 2133/2133 2132/2132
f 2132/2132 2133/2133 2134/2134
f 2132/2132 2135/2135 2131/2131
f 2131/2131 2135/2135 2136/2136
f 2137/2137 2132/2132 2134/2134
f 2135/2135 2132/2132 2137/2137
f 2137/2137 2134/2134 2138/2138
f 2135/2135 2139/2139 2136/2136
f 2139/2139 2135/2135 2137/2137
f 2136/2136 2139/2139 2140/2140
f 2141/2141 2139/2139 2137/2137
f 2142/2142 2137/2137 2138/2138
f 2141/2141 2137/2137 2142/2142
f 2143/2143 2142/2142 2138/2138
f 2144/2144 2141/2141 2142/2142
f 2143/2143 2145/2145 2142/2142
f 2145/2145 2144/2144 2142/2142
f 2140/2140 2146/2146 2136/2136
f 2146/2146 2140/2140 2147/2147
f 2136/2136 2146/2146 2148/2148
f 2144/2144 2145/2145 2149/2149
f 2150/2150 2144/2144 2149/2149
f 2146/2146 2147/2147 2151/2151
f 2147/2147 2152/2152 2151/2151
f 2153/2153 2146/2146 2151/2151
f 2154/2154 2153/2153 2151/2151
f 2152/2152 2154/2154 2151/2151
f 2152/2152 2155/2155 2154/2154
f 2146/2146 2156/2156 2148/2148
f 2154/2154 2155/2155 2157/2157
f 2158/2158 2154/2154 2157/2157
f 2155/2155 2159/2159 2157/2157
f 2160/2160 2158/2158 2157/2157
f 2161/2161 2150/2150 2149/2149
f 2162/2162 2150/2150 2161/2161
f 2159/2159 2163/2163 2157/2157
f 2163/2163 2160/2160 2157/2157
f 2159/2159 2164/2164 2163/2163
f 2164/2164 2160/2160 2163/2163
f 2165/2165 2160/2160 2164/2164
f 2159/2159 2166/2166 2164/2164
f 2167/2167 2165/2165 2164/2164
f 2166/2166 2167/2167 2164/2164
f 2166/2166 2168/2168 2167/2167
f 2167/2167 2168/2168 2169/2169
f 2170/2170 2167/2167 2169/2169
f 2168/2168 2171/2171 2169/2169
f 2172/2172 2170/2170 2169/2169
f 2171/2171 2172/2172 2169/2169
f 2173/2173 2172/2172 2171/2171
f 2174/2174 2172/2172 2173/2173
f 2174/2174 2173/2173 2175/2175
f 2176/2176 2172/2172 2174/2174
f 2175/2175 2177/2177 2174/2174
f 2178/2178 2176/2176 2174/2174
f 2174/2174 2177/2177 2179/2179
f 2177/2177 2175/2175 2180/2180
f 2180/2180 2175/2175 2181/2181
f 2175/2175 2182/2182 2181/2181
f 2182/2182 2183/2183 2181/2181
f 2179/2179 2177/2177 2184/2184
f 2184/2184 2177/2177 2180/2180
f 2184/2184 2185/2185 2179/2179
f 2179/2179 2185/2185 2186/2186
f 2186/2186 2185/2185 2187/2187
f 2184/2184 2180/2180 2188/2188
f 2185/2185 2184/2184 2188/2188
f 2180/2180 2181/2181 2189/2189
f 2188/2188 2180/2180 2189/2189
f 2190/2190 2176/2176 2178/2178
f 2178/2178 2191/2191 2190/2190
f 2192/2192 2191/2191 2178/2178
f 2176/2176 2190/2190 2193/2193
f 2194/2194 2176/2176 2193/2193
f 2190/2190 2191/2191 2195/2195
f 2190/2190 2195/2195 2193/2193
f 2194/2194 2193/2193 2196/2196
f 2193/2193 2195/2195 2196/2196
f 2197/2197 2194/2194 2196/2196
f 2198/2198 2191/2191 2192/2192
f 2191/2191 2198/2198 2195/2195
f 2199/2199 2197/2197 2196/2196
f 2195/2195 2199/2199 2196/2196
f 2200/2200 2197/2197 2199/2199
f 2197/2197 2200/2200 2201/2201
f 2202/2202 2200/2200 2199/2199
f 2195/2195 2202/2202 2199/2199
f 2198/2198 2202/2202 2195/2195
f 2192/2192 2203/2203 2198/2198
f 2204/2204 2203/2203 2192/2192
f 2205/2205 2198/2198 2203/2203
f 2198/2198 2205/2205 2206/2206
f 2202/2202 2198/2198 2206/2206
f 2205/2205 2207/2207 2206/2206
f 2208/2208 2202/2202 2206/2206
f 2200/2200 2202/2202 2208/2208
f 2207/2207 2209/2209 2206/2206
f 2209/2209 2208/2208 2206/2206
f 2209/2209 2200/2200 2208/2208
f 2207/2207 2210/2210 2209/2209
f 2210/2210 2200/2200 2209/2209
f 2210/2210 2211/2211 2200/2200
f 2200/2200 2211/2211 2212/2212
f 2211/2211 2213/2213 2212/2212
f 2214/2214 2200/2200 2212/2212
f 2201/2201 2200/2200 2214/2214
f 2215/2215 2201/2201 2214/2214
f 2212/2212 2213/2213 2216/2216
f 2213/2213 2217/2217 2216/2216
f 2216/2216 2217/2217 2218/2218
f 2212/2212 2216/2216 2218/2218
f 2217/2217 2219/2219 2218/2218
f 2214/2214 2212/2212 2220/2220
f 2220/2220 2212/2212 2218/2218
f 2215/2215 2214/2214 2221/2221
f 2221/2221 2214/2214 2220/2220
f 2218/2218 2219/2219 2222/2222
f 2219/2219 2223/2223 2222/2222
f 2223/2223 2224/2224 2222/2222
f 2225/2225 2220/2220 2218/2218
f 2225/2225 2218/2218 2222/2222
f 2221/2221 2220/2220 2225/2225
f 2224/2224 2225/2225 2222/2222
f 2224/2224 2226/2226 2225/2225
f 2215/2215 2221/2221 2227/2227
f 2227/2227 2221/2221 2225/2225
f 2226/2226 2227/2227 2225/2225
f 2228/2228 2215/2215 2227/2227
f 2226/2226 2228/2228 2227/2227
f 2229/2229 2228/2228 2226/2226
f 2226/2226 2224/2224 2230/2230
f 2231/2231 2226/2226 2230/2230
f 2224/2224 2232/2232 2230/2230
f 2230/2230 2232/2232 2233/2233
f 2231/2231 2230/2230 2233/2233
f 2232/2232 2234/2234 2233/2233
f 2229/2229 2226/2226 2235/2235
f 2226/2226 2231/2231 2235/2235
f 2233/2233 2234/2234 2236/2236
f 2234/2234 2237/2237 2236/2236
f 2229/2229 2235/2235 2238/2238
f 2239/2239 2229/2229 2238/2238
f 2231/2231 2233/2233 2240/2240
f 2240/2240 2233/2233 2236/2236
f 2231/2231 2240/2240 2236/2236
f 2231/2231 2241/2241 2235/2235
f 2235/2235 2241/2241 2238/2238
f 2242/2242 2239/2239 2238/2238
f 2241/2241 2242/2242 2238/2238
f 2156/2156 2239/2239 2242/2242
f 2243/2243 2231/2231 2236/2236
f 2237/2237 2243/2243 2236/2236
f 2231/2231 2243/2243 2241/2241
f 2244/2244 2156/2156 2242/2242
f 2241/2241 2244/2244 2242/2242
f 2148/2148 2156/2156 2244/2244
f 2245/2245 2244/2244 2241/2241
f 2244/2244 2245/2245 2148/2148
f 2243/2243 2245/2245 2241/2241
f 2148/2148 2245/2245 2246/2246
f 2245/2245 2243/2243 2246/2246
f 2247/2247 2243/2243 2237/2237
f 2243/2243 2247/2247 2246/2246
f 2247/2247 2237/2237 2248/2248
f 2237/2237 2249/2249 2248/2248
f 2249/2249 2247/2247 2248/2248
f 2247/2247 2249/2249 2246/2246
f 2249/2249 2250/2250 2246/2246
f 2187/2187 2252/2252 2251/2251
f 2187/2187 2253/2253 2252/2252
f 2187/2187 2254/2254 2253/2253
f 2185/2185 2254/2254 2187/2187
f 2185/2185 2255/2255 2254/2254
f 2185/2185 2256/2256 2255/2255
f 2256/2256 2185/2185 2188/2188
f 2257/2257 2256/2256 2188/2188
f 2258/2258 2257/2257 2188/2188
f 2258/2258 2188/2188 2189/2189
f 2259/2259 2258/2258 2189/2189
f 2181/2181 2259/2259 2189/2189
f 2260/2260 2259/2259 2181/2181
f 2261/2261 2260/2260 2181/2181
f 2183/2183 2261/2261 2181/2181
f 2261/2261 2183/2183 2262/2262
f 2263/2263 2261/2261 2262/2262
f 2262/2262 2183/2183 2264/2264
f 2183/2183 2265/2265 2264/2264
f 2264/2264 2265/2265 2266/2266
f 2262/2262 2264/2264 2266/2266
f 2265/2265 2162/2162 2266/2266
f 2266/2266 2162/2162 2161/2161
f 2263/2263 2262/2262 2267/2267
f 2267/2267 2262/2262 2266/2266
f 2267/2267 2266/2266 2161/2161
f 2268/2268 2263/2263 2267/2267
f 2269/2269 2267/2267 2161/2161
f 2268/2268 2267/2267 2269/2269
f 2269/2269 2161/2161 2149/2149
f 2270/2270 2268/2268 2269/2269
f 2145/2145 2269/2269 2149/2149
f 2145/2145 2270/2270 2269/2269
f 2273/2273 2272/2272 2271/2271
f 2273/2273 2271/2271 2274/2274
f 2275/2275 2273/2273 2274/2274
f 2275/2275 2274/2274 2276/2276
f 2277/2277 2275/2275 2276/2276
f 2277/2277 2276/2276 2278/2278
f 2279/2279 2277/2277 2278/2278
f 2279/2279 2278/2278 2280/2280
f 2281/2281 2279/2279 2280/2280
f 2281/2281 2280/2280 2282/2282
f 2283/2283 2281/2281 2282/2282
f 2283/2283 2282/2282 2284/2284
f 2285/2285 2283/2283 2284/2284
f 2285/2285 2284/2284 2286/2286
f 2287/2287 2285/2285 2286/2286
f 2287/2287 2286/2286 2288/2288
f 2289/2289 2287/2287 2288/2288
f 2289/2289 2288/2288 2290/2290
f 2291/2291 2289/2289 2290/2290
f 2291/2291 2290/2290 2292/2292
f 2293/2293 2291/2291 2292/2292
f 2293/2293 2292/2292 2294/2294
f 2295/2295 2293/2293 2294/2294
f 2295/2295 2294/2294 2296/2296
f 2297/2297 2295/2295 2296/2296
f 2297/2297 2296/2296 2298/2298
f 2299/2299 2297/2297 2298/2298
f 2299/2299 2298/2298 2300/2300
f 2301/2301 2299/2299 2300/2300
f 2301/2301 2300/2300 2302/2302
f 2303/2303 2301/2301 2302/2302
f 2304/2304 2303/2303 2302/2302
f 2304/2304 2302/2302 2305/2305
f 2306/2306 2304/2304 2305/2305
f 2306/2306 2305/2305 2307/2307
f 2308/2308 2306/2306 2307/2307
f 2308/2308 2307/2307 2309/2309
f 2310/2310 2308/2308 2309/2309
f 2313/2313 2312/2312 2311/2311
f 2313/2313 2311/2311 2314/2314
f 2313/2313 2314/2314 2315/2315
f 2311/2311 2316/2316 2314/2314
f 2317/2317 2313/2313 2315/2315
f 2314/2314 2318/2318 2315/2315
f 2314/2314 2319/2319 2318/2318
f 2318/2318 2320/2320 2315/2315
f 2318/2318 2321/2321 2320/2320
f 2322/2322 2317/2317 2315/2315
f 2323/2323 2317/2317 2322/2322
f 2324/2324 2322/2322 2315/2315
f 2325/2325 2322/2322 2324/2324
f 2326/2326 2324/2324 2315/2315
f 2327/2327 2326/2326 2315/2315
f 2328/2328 2324/2324 2326/2326
f 2331/2331 2330/2330 2329/2329
f 2331/2331 2329/2329 2332/2332
f 2333/2333 2331/2331 2332/2332
f 2333/2333 2332/2332 2334/2334
f 2335/2335 2333/2333 2334/2334
f 2336/2336 2335/2335 2334/2334
f 2336/2336 2334/2334 2337/2337
f 2338/2338 2336/2336 2337/2337
f 2338/2338 2337/2337 2339/2339
f 2340/2340 2338/2338 2339/2339
f 2340/2340 2339/2339 2341/2341
f 2342/2342 2340/2340 2341/2341
f 2342/2342 2341/2341 2343/2343
f 2344/2344 2342/2342 2343/2343
f 2344/2344 2343/2343 2345/2345
f 2346/2346 2344/2344 2345/2345
f 2346/2346 2345/2345 2347/2347
f 2348/2348 2346/2346 2347/2347
f 2348/2348 2347/2347 2349/2349
f 2350/2350 2348/2348 2349/2349
f 2350/2350 2349/2349 2351/2351
f 2352/2352 2350/2350 2351/2351
f 2352/2352 2351/2351 2353/2353
f 2354/2354 2352/2352 2353/2353
f 2354/2354 2353/2353 2355/2355
f 2356/2356 2354/2354 2355/2355
f 2356/2356 2355/2355 2357/2357
f 2358/2358 2356/2356 2357/2357
f 2358/2358 2357/2357 2359/2359
f 2360/2360 2358/2358 2359/2359
f 2360/2360 2359/2359 2361/2361
f 2362/2362 2360/2360 2361/2361
f 2362/2362 2361/2361 2363/2363
f 2364/2364 2362/2362 2363/2363
f 2364/2364 2363/2363 2365/2365
f 2366/2366 2364/2364 2365/2365
f 2366/2366 2365/2365 2367/2367
f 2368/2368 2366/2366 2367/2367
f 2371/2371 2370/2370 2369/2369
f 2369/2369 2370/2370 2372/2372
f 2370/2370 2373/2373 2372/2372
f 2369/2369 2372/2372 2374/2374
f 2372/2372 2375/2375 2374/2374
f 2369/2369 2374/2374 2376/2376
f 2374/2374 2377/2377 2376/2376
f 2377/2377 2378/2378 2376/2376
f 2379/2379 2369/2369 2376/2376
f 2380/2380 2379/2379 2376/2376
f 2381/2381 2380/2380 2376/2376
f 2381/2381 2376/2376 2382/2382
f 2383/2383 2381/2381 2382/2382
f 2384/2384 2380/2380 2381/2381
f 2385/2385 2384/2384 2381/2381
f 2386/2386 2385/2385 2381/2381
f 2389/2389 2388/2388 2387/2387
f 2389/2389 2387/2387 2390/2390
f 2391/2391 2389/2389 2390/2390
f 2391/2391 2390/2390 2392/2392
f 2393/2393 2391/2391 2392/2392
f 2394/2394 2393/2393 2392/2392
f 2394/2394 2392/2392 2395/2395
f 2396/2396 2394/2394 2395/2395
f 2396/2396 2395/2395 2397/2397
f 2398/2398 2396/2396 2397/2397
f 2398/2398 2397/2397 2399/2399
f 2400/2400 2398/2398 2399/2399
f 2400/2400 2399/2399 2401/2401
f 2402/2402 2400/2400 2401/2401
f 2402/2402 2401/2401 2403/2403
f 2404/2404 2402/2402 2403/2403
f 2404/2404 2403/2403 2405/2405
f 2406/2406 2404/2404 2405/2405
f 2406/2406 2405/2405 2407/2407
f 2408/2408 2406/2406 2407/2407
f 2408/2408 2407/2407 2409/2409
f 2410/2410 2408/2408 2409/2409
f 2410/2410 2409/2409 2411/2411
f 2412/2412 2410/2410 2411/2411
f 2412/2412 2411/2411 2413/2413
f 2414/2414 2412/2412 2413/2413
f 2414/2414 2413/2413 2415/2415
f 2416/2416 2414/2414 2415/2415
f 2416/2416 2415/2415 2417/2417
f 2418/2418 2416/2416 2417/2417
f 2418/2418 2417/2417 2419/2419
f 2420/2420 2418/2418 2419/2419
f 2420/2420 2419/2419 2421/2421
f 2422/2422 2420/2420 2421/2421
f 2422/2422 2421/2421 2423/2423
f 2424/2424 2422/2422 2423/2423
f 2424/2424 2423/2423 2425/2425
f 2426/2426 2424/2424 2425/2425
f 2429/2429 2428/2428 2427/2427
f 2427/2427 2428/2428 2430/2430
f 2427/2427 2430/2430 2431/2431
f 2427/2427 2431/2431 2432/2432
f 2428/2428 2433/2433 2430/2430
f 2433/2433 2434/2434 2430/2430
f 2433/2433 2435/2435 2434/2434
f 2428/2428 2436/2436 2433/2433
f 2428/2428 2437/2437 2436/2436
f 2437/2437 2438/2438 2436/2436
f 2439/2439 2427/2427 2432/2432
f 2440/2440 2427/2427 2439/2439
f 2441/2441 2427/2427 2440/2440
f 2442/2442 2439/2439 2432/2432
f 2443/2443 2442/2442 2432/2432
f 2444/2444 2439/2439 2442/2442
f 2447/2447 2446/2446 2445/2445
f 2448/2448 2447/2447 2445/2445
f 2449/2449 2447/2447 2448/2448
f 2449/2449 2448/2448 2450/2450
f 2450/2450 2448/2448 2451/2451
f 2448/2448 2445/2445 2452/2452
f 2451/2451 2448/2448 2453/2453
f 2448/2448 2452/2452 2454/2454
f 2448/2448 2454/2454 2453/2453
f 2454/2454 2452/2452 2455/2455
f 2453/2453 2454/2454 2456/2456
f 2454/2454 2455/2455 2457/2457
f 2456/2456 2454/2454 2458/2458
f 2458/2458 2454/2454 2457/2457
f 2456/2456 2458/2458 2459/2459
f 2458/2458 2457/2457 2460/2460
f 2459/2459 2458/2458 2461/2461
f 2458/2458 2460/2460 2462/2462
f 2461/2461 2458/2458 2463/2463
f 2458/2458 2462/2462 2464/2464
f 2458/2458 2465/2465 2463/2463
f 2465/2465 2458/2458 2464/2464
f 2463/2463 2465/2465 2466/2466
f 2465/2465 2464/2464 2467/2467
f 2470/2470 2469/2469 2468/2468
f 2468/2468 2469/2469 2471/2471
f 2471/2471 2469/2469 2472/2472
f 2469/2469 2473/2473 2472/2472
f 2471/2471 2472/2472 2474/2474
f 2475/2475 2471/2471 2474/2474
f 2472/2472 2473/2473 2476/2476
f 2473/2473 2477/2477 2476/2476
f 2477/2477 2478/2478 2476/2476
f 2475/2475 2474/2474 2479/2479
f 2480/2480 2475/2475 2479/2479
f 2481/2481 2480/2480 2479/2479
f 2476/2476 2478/2478 2482/2482
f 2478/2478 2483/2483 2482/2482
f 2481/2481 2479/2479 2484/2484
f 2485/2485 2481/2481 2484/2484
f 2486/2486 2485/2485 2484/2484
f 2486/2486 2484/2484 2487/2487
f 2488/2488 2486/2486 2487/2487
f 2488/2488 2487/2487 2489/2489
f 2482/2482 2483/2483 2490/2490
f 2488/2488 2489/2489 2491/2491
f 2489/2489 2492/2492 2491/2491
f 2492/2492 2493/2493 2491/2491
f 2493/2493 2494/2494 2491/2491
f 2491/2491 2494/2494 2495/2495
f 2491/2491 2495/2495 2496/2496
f 2496/2496 2495/2495 2497/2497
f 2495/2495 2498/2498 2497/2497
f 2498/2498 2499/2499 2497/2497
f 2497/2497 2499/2499 2500/2500
f 2482/2482 2490/2490 2501/2501
f 2499/2499 2501/2501 2500/2500
f 2500/2500 2501/2501 2490/2490
f 2502/2502 2500/2500 2490/2490
f 2500/2500 2502/2502 2503/2503
f 2502/2502 2504/2504 2503/2503
f 2502/2502 2505/2505 2504/2504
f 2503/2503 2504/2504 2506/2506
f 2504/2504 2507/2507 2506/2506
f 2504/2504 2505/2505 2507/2507
f 2505/2505 2508/2508 2507/2507
f 2503/2503 2506/2506 2509/2509
f 2505/2505 2510/2510 2508/2508
f 2511/2511 2503/2503 2509/2509
f 2500/2500 2503/2503 2511/2511
f 2511/2511 2509/2509 2512/2512
f 2513/2513 2511/2511 2512/2512
f 2500/2500 2511/2511 2513/2513
f 2514/2514 2513/2513 2512/2512
f 2515/2515 2513/2513 2514/2514
f 2500/2500 2513/2513 2515/2515
f 2516/2516 2515/2515 2514/2514
f 2517/2517 2515/2515 2516/2516
f 2517/2517 2500/2500 2515/2515
f 2518/2518 2517/2517 2516/2516
f 2518/2518 2519/2519 2517/2517
f 2519/2519 2500/2500 2517/2517
f 2520/2520 2519/2519 2518/2518
f 2520/2520 2500/2500 2519/2519
f 2521/2521 2500/2500 2520/2520
f 2522/2522 2510/2510 2505/2505
f 2502/2502 2522/2522 2505/2505
f 2522/2522 2523/2523 2510/2510
f 2502/2502 2523/2523 2522/2522
f 2523/2523 2524/2524 2510/2510
f 2525/2525 2524/2524 2523/2523
f 2525/2525 2523/2523 2502/2502
f 2525/2525 2526/2526 2524/2524
f 2527/2527 2526/2526 2525/2525
f 2502/2502 2527/2527 2525/2525
f 2527/2527 2528/2528 2526/2526
f 2529/2529 2528/2528 2527/2527
f 2502/2502 2529/2529 2527/2527
f 2530/2530 2528/2528 2529/2529
f 2502/2502 2530/2530 2529/2529
f 2531/2531 2530/2530 2502/2502
f 2534/2534 2533/2533 2532/2532
f 2534/2534 2532/2532 2535/2535
f 2536/2536 2534/2534 2535/2535
f 2536/2536 2535/2535 2537/2537
f 2538/2538 2536/2536 2537/2537
f 2538/2538 2537/2537 2539/2539
f 2540/2540 2538/2538 2539/2539
f 2540/2540 2539/2539 2541/2541
f 2542/2542 2540/2540 2541/2541
f 2542/2542 2541/2541 2543/2543
f 2544/2544 2542/2542 2543/2543
f 2544/2544 2543/2543 2545/2545
f 2546/2546 2544/2544 2545/2545
f 2546/2546 2545/2545 2547/2547
f 2547/2547 2548/2548 2546/2546
f 2548/2548 2549/2549 2546/2546
f 2548/2548 2550/2550 2549/2549
f 2550/2550 2551/2551 2549/2549
f 2550/2550 2552/2552 2551/2551
f 2552/2552 2553/2553 2551/2551
f 2552/2552 2554/2554 2553/2553
f 2554/2554 2555/2555 2553/2553
f 2554/2554 2556/2556 2555/2555
f 2556/2556 2557/2557 2555/2555
f 2556/2556 2558/2558 2557/2557
f 2558/2558 2559/2559 2557/2557
f 2560/2560 2559/2559 2558/2558
f 2560/2560 2561/2561 2559/2559
f 2564/2564 2563/2563 2562/2562
f 2565/2565 2564/2564 2562/2562
f 2568/2568 2567/2567 2566/2566
f 2567/2567 2569/2569 2566/2566
f 2569/2569 2570/2570 2566/2566
f 2570/2570 2571/2571 2566/2566
f 2571/2571 2572/2572 2566/2566
f 2572/2572 2573/2573 2566/2566
f 2573/2573 2574/2574 2566/2566
f 2575/2575 2574/2574 2573/2573
f 2576/2576 2574/2574 2575/2575
f 2577/2577 2574/2574 2576/2576
f 2578/2578 2574/2574 2577/2577
f 2579/2579 2574/2574 2578/2578
f 2580/2580 2574/2574 2579/2579
f 2583/2583 2582/2582 2581/2581
f 2583/2583 2581/2581 2584/2584
f 2583/2583 2584/2584 2585/2585
f 2581/2581 2586/2586 2584/2584
f 2584/2584 2587/2587 2585/2585
f 2581/2581 2588/2588 2586/2586
f 2588/2588 2581/2581 2589/2589
f 2589/2589 2581/2581 2590/2590
f 2587/2587 2591/2591 2585/2585
f 2590/2590 2581/2581 2592/2592
f 2585/2585 2591/2591 2593/2593
f 2594/2594 2590/2590 2592/2592
f 2595/2595 2594/2594 2592/2592
f 2596/2596 2595/2595 2592/2592
f 2597/2597 2596/2596 2592/2592
f 2598/2598 2597/2597 2592/2592
f 2599/2599 2597/2597 2598/2598
f 2599/2599 2598/2598 2600/2600
f 2600/2600 2598/2598 2601/2601
f 2585/2585 2593/2593 2602/2602
f 2585/2585 2602/2602 2603/2603
f 2604/2604 2585/2585 2603/2603
f 2602/2602 2605/2605 2603/2603
f 2605/2605 2606/2606 2603/2603
f 2606/2606 2607/2607 2603/2603
f 2607/2607 2608/2608 2603/2603
f 2608/2608 2609/2609 2603/2603
f 2609/2609 2600/2600 2601/2601
f 2609/2609 2604/2604 2603/2603
f 2604/2604 2609/2609 2601/2601
f 2610/2610 2604/2604 2601/2601
f 2604/2604 2610/2610 2611/2611
f 2612/2612 2604/2604 2611/2611
f 2613/2613 2604/2604 2612/2612
f 2614/2614 2604/2604 2613/2613
f 2615/2615 2614/2614 2613/2613
f 2616/2616 2613/2613 2612/2612
f 2616/2616 2612/2612 2611/2611
f 2617/2617 2615/2615 2613/2613
f 2616/2616 2617/2617 2613/2613
f 2618/2618 2615/2615 2617/2617
f 2618/2618 2617/2617 2616/2616
f 2619/2619 2618/2618 2616/2616
f 2620/2620 2618/2618 2619/2619
f 2621/2621 2618/2618 2620/2620
f 2621/2621 2620/2620 2619/2619
f 2622/2622 2621/2621 2619/2619
f 2623/2623 2621/2621 2622/2622
f 2624/2624 2621/2621 2623/2623
f 2625/2625 2624/2624 2623/2623
f 2626/2626 2624/2624 2625/2625
f 2627/2627 2626/2626 2625/2625
f 2619/2619 2616/2616 2628/2628
f 2628/2628 2616/2616 2611/2611
f 2629/2629 2619/2619 2628/2628
f 2622/2622 2619/2619 2629/2629
f 2630/2630 2628/2628 2611/2611
f 2629/2629 2628/2628 2630/2630
f 2630/2630 2611/2611 2631/2631
f 2611/2611 2610/2610 2631/2631
f 2610/2610 2630/2630 2631/2631
f 2610/2610 2632/2632 2630/2630
f 2632/2632 2629/2629 2630/2630
f 2610/2610 2633/2633 2632/2632
f 2634/2634 2629/2629 2632/2632
f 2634/2634 2622/2622 2629/2629
f 2633/2633 2635/2635 2632/2632
f 2635/2635 2634/2634 2632/2632
f 2633/2633 2636/2636 2635/2635
f 2636/2636 2634/2634 2635/2635
f 2633/2633 2637/2637 2636/2636
f 2636/2636 2637/2637 2634/2634
f 2633/2633 2638/2638 2637/2637
f 2633/2633 2639/2639 2638/2638
f 2639/2639 2640/2640 2638/2638
f 2640/2640 2641/2641 2638/2638
f 2641/2641 2642/2642 2638/2638
f 2643/2643 2622/2622 2634/2634
f 2637/2637 2643/2643 2634/2634
f 2643/2643 2644/2644 2622/2622
f 2644/2644 2645/2645 2622/2622
f 2645/2645 2646/2646 2622/2622
f 2646/2646 2623/2623 2622/2622
f 2646/2646 2647/2647 2623/2623
f 2648/2648 2643/2643 2637/2637
f 2647/2647 2625/2625 2623/2623
f 2649/2649 2648/2648 2637/2637
f 2647/2647 2650/2650 2625/2625
f 2650/2650 2651/2651 2625/2625
f 2651/2651 2652/2652 2625/2625
f 2653/2653 2649/2649 2637/2637
f 2654/2654 2653/2653 2637/2637
f 2655/2655 2654/2654 2637/2637
f 2652/2652 2627/2627 2625/2625
f 2637/2637 2638/2638 2655/2655
f 2656/2656 2627/2627 2652/2652
f 2638/2638 2657/2657 2655/2655
f 2658/2658 2627/2627 2656/2656
f 2627/2627 2658/2658 2659/2659
f 2627/2627 2659/2659 2660/2660
f 2661/2661 2627/2627 2660/2660
f 2661/2661 2660/2660 2662/2662
f 2662/2662 2657/2657 2638/2638
f 2661/2661 2662/2662 2638/2638
f 2663/2663 2661/2661 2638/2638
f 2642/2642 2663/2663 2638/2638
f 2663/2663 2642/2642 2664/2664
f 2663/2663 2664/2664 2665/2665
f 2666/2666 2663/2663 2665/2665
f 2666/2666 2665/2665 2667/2667
f 2665/2665 2664/2664 2667/2667
f 2666/2666 2667/2667 2668/2668
f 2669/2669 2666/2666 2668/2668
f 2669/2669 2668/2668 2670/2670
f 2671/2671 2669/2669 2670/2670
f 2667/2667 2672/2672 2668/2668
f 2668/2668 2672/2672 2670/2670
f 2664/2664 2673/2673 2667/2667
f 2667/2667 2673/2673 2672/2672
f 2642/2642 2674/2674 2664/2664
f 2664/2664 2674/2674 2673/2673
f 2674/2674 2642/2642 2675/2675
f 2674/2674 2675/2675 2673/2673
f 2642/2642 2676/2676 2675/2675
f 2675/2675 2677/2677 2673/2673
f 2675/2675 2676/2676 2677/2677
f 2673/2673 2677/2677 2672/2672
f 2676/2676 2678/2678 2677/2677
f 2677/2677 2678/2678 2672/2672
f 2672/2672 2678/2678 2670/2670
f 2678/2678 2671/2671 2670/2670
f 2678/2678 2679/2679 2671/2671
f 2680/2680 2679/2679 2678/2678
f 2681/2681 2679/2679 2680/2680
f 2682/2682 2679/2679 2681/2681
f 2683/2683 2671/2671 2679/2679
f 2684/2684 2679/2679 2682/2682
f 2679/2679 2684/2684 2685/2685
f 2686/2686 2683/2683 2679/2679
f 2686/2686 2687/2687 2683/2683
f 2688/2688 2683/2683 2687/2687
f 2689/2689 2686/2686 2679/2679
f 2689/2689 2679/2679 2690/2690
f 2690/2690 2679/2679 2691/2691
f 2679/2679 2685/2685 2691/2691
f 2692/2692 2683/2683 2688/2688
f 2693/2693 2691/2691 2685/2685
f 2694/2694 2692/2692 2688/2688
f 2695/2695 2693/2693 2685/2685
f 2696/2696 2692/2692 2694/2694
f 2692/2692 2696/2696 2697/2697
f 2692/2692 2697/2697 2698/2698
f 2692/2692 2698/2698 2699/2699
f 2700/2700 2692/2692 2699/2699
f 2700/2700 2699/2699 2701/2701
f 2699/2699 2702/2702 2701/2701
f 2702/2702 2703/2703 2701/2701
f 2704/2704 2695/2695 2685/2685
f 2705/2705 2700/2700 2701/2701
f 2703/2703 2706/2706 2701/2701
f 2707/2707 2704/2704 2685/2685
f 2701/2701 2706/2706 2707/2707
f 2708/2708 2704/2704 2707/2707
f 2706/2706 2709/2709 2707/2707
f 2710/2710 2708/2708 2707/2707
f 2709/2709 2710/2710 2707/2707
f 2705/2705 2701/2701 2711/2711
f 2701/2701 2707/2707 2711/2711
f 2712/2712 2705/2705 2711/2711
f 2707/2707 2685/2685 2713/2713
f 2685/2685 2684/2684 2713/2713
f 2711/2711 2707/2707 2714/2714
f 2712/2712 2711/2711 2714/2714
f 2714/2714 2707/2707 2713/2713
f 2712/2712 2714/2714 2713/2713
f 2713/2713 2684/2684 2715/2715
f 2684/2684 2716/2716 2715/2715
f 2717/2717 2713/2713 2715/2715
f 2712/2712 2713/2713 2717/2717
f 2715/2715 2716/2716 2718/2718
f 2717/2717 2715/2715 2718/2718
f 2716/2716 2719/2719 2718/2718
f 2719/2719 2717/2717 2718/2718
f 2720/2720 2712/2712 2717/2717
f 2720/2720 2717/2717 2719/2719
f 2716/2716 2721/2721 2719/2719
f 2721/2721 2716/2716 2722/2722
f 2723/2723 2712/2712 2720/2720
f 2724/2724 2712/2712 2723/2723
f 2725/2725 2720/2720 2719/2719
f 2723/2723 2720/2720 2725/2725
f 2721/2721 2725/2725 2719/2719
f 2724/2724 2723/2723 2726/2726
f 2726/2726 2723/2723 2725/2725
f 2727/2727 2724/2724 2726/2726
f 2728/2728 2727/2727 2726/2726
f 2728/2728 2726/2726 2725/2725
f 2721/2721 2728/2728 2725/2725
f 2729/2729 2721/2721 2722/2722
f 2721/2721 2729/2729 2730/2730
f 2731/2731 2729/2729 2722/2722
f 2732/2732 2721/2721 2730/2730
f 2731/2731 2733/2733 2729/2729
f 2729/2729 2734/2734 2730/2730
f 2735/2735 2733/2733 2731/2731
f 2736/2736 2735/2735 2731/2731
f 2737/2737 2736/2736 2731/2731
f 2734/2734 2738/2738 2730/2730
f 2739/2739 2737/2737 2731/2731
f 2739/2739 2740/2740 2737/2737
f 2739/2739 2741/2741 2740/2740
f 2738/2738 2742/2742 2730/2730
f 2742/2742 2743/2743 2730/2730
f 2743/2743 2744/2744 2730/2730
f 2744/2744 2732/2732 2730/2730
f 2739/2739 2745/2745 2741/2741
f 2746/2746 2732/2732 2744/2744
f 2745/2745 2747/2747 2741/2741
f 2748/2748 2732/2732 2746/2746
f 2748/2748 2749/2749 2732/2732
f 2749/2749 2750/2750 2732/2732
f 2745/2745 2751/2751 2747/2747
f 2750/2750 2752/2752 2732/2732
f 2751/2751 2745/2745 2753/2753
f 2754/2754 2752/2752 2745/2745
f 2755/2755 2752/2752 2750/2750
f 2753/2753 2745/2745 2755/2755
f 2745/2745 2752/2752 2755/2755
f 2758/2758 2757/2757 2756/2756
f 2757/2757 2759/2759 2756/2756
f 2759/2759 2757/2757 2760/2760
f 2760/2760 2757/2757 2761/2761
f 2757/2757 2762/2762 2761/2761
f 2761/2761 2762/2762 2763/2763
f 2760/2760 2761/2761 2763/2763
f 2762/2762 2764/2764 2763/2763
f 2764/2764 2765/2765 2763/2763
f 2763/2763 2765/2765 2766/2766
f 2767/2767 2760/2760 2763/2763
f 2767/2767 2763/2763 2766/2766
f 2768/2768 2759/2759 2760/2760
f 2768/2768 2760/2760 2767/2767
f 2766/2766 2765/2765 2769/2769
f 2765/2765 2770/2770 2769/2769
f 2770/2770 2771/2771 2769/2769
f 2771/2771 2766/2766 2769/2769
f 2766/2766 2771/2771 2772/2772
f 2771/2771 2773/2773 2772/2772
f 2773/2773 2774/2774 2772/2772
f 2773/2773 2775/2775 2774/2774
f 2775/2775 2776/2776 2774/2774
f 2777/2777 2766/2766 2772/2772
f 2774/2774 2777/2777 2772/2772
f 2778/2778 2767/2767 2766/2766
f 2778/2778 2766/2766 2777/2777
f 2779/2779 2768/2768 2767/2767
f 2779/2779 2767/2767 2778/2778
f 2780/2780 2778/2778 2777/2777
f 2780/2780 2779/2779 2778/2778
f 2781/2781 2777/2777 2774/2774
f 2781/2781 2780/2780 2777/2777
f 2782/2782 2768/2768 2779/2779
f 2782/2782 2759/2759 2768/2768
f 2783/2783 2779/2779 2780/2780
f 2783/2783 2782/2782 2779/2779
f 2784/2784 2759/2759 2782/2782
f 2759/2759 2784/2784 2785/2785
f 2786/2786 2784/2784 2782/2782
f 2786/2786 2782/2782 2783/2783
f 2784/2784 2787/2787 2785/2785
f 2787/2787 2788/2788 2785/2785
f 2788/2788 2789/2789 2785/2785
f 2789/2789 2790/2790 2785/2785
f 2791/2791 2786/2786 2783/2783
f 2792/2792 2783/2783 2780/2780
f 2791/2791 2783/2783 2792/2792
f 2792/2792 2780/2780 2781/2781
f 2793/2793 2791/2791 2792/2792
f 2794/2794 2792/2792 2781/2781
f 2793/2793 2792/2792 2794/2794
f 2794/2794 2781/2781 2795/2795
f 2795/2795 2781/2781 2774/2774
f 2776/2776 2795/2795 2774/2774
f 2793/2793 2794/2794 2796/2796
f 2796/2796 2794/2794 2795/2795
f 2776/2776 2796/2796 2795/2795
f 2797/2797 2793/2793 2796/2796
f 2776/2776 2797/2797 2796/2796
f 2797/2797 2776/2776 2798/2798
f 2799/2799 2797/2797 2798/2798
f 2800/2800 2799/2799 2798/2798
f 2801/2801 2800/2800 2798/2798
f 2802/2802 2801/2801 2798/2798
f 2805/2805 2804/2804 2803/2803
f 2804/2804 2806/2806 2803/2803
f 2804/2804 2807/2807 2806/2806
f 2807/2807 2808/2808 2806/2806
f 2807/2807 2809/2809 2808/2808
f 2809/2809 2810/2810 2808/2808
f 2809/2809 2811/2811 2810/2810
f 2811/2811 2812/2812 2810/2810
f 2811/2811 2813/2813 2812/2812
f 2813/2813 2814/2814 2812/2812
f 2813/2813 2815/2815 2814/2814
f 2815/2815 2816/2816 2814/2814
f 2815/2815 2817/2817 2816/2816
f 2817/2817 2818/2818 2816/2816
f 2817/2817 2819/2819 2818/2818
f 2819/2819 2820/2820 2818/2818
f 2819/2819 2821/2821 2820/2820
f 2821/2821 2822/2822 2820/2820
f 2821/2821 2823/2823 2822/2822
f 2823/2823 2824/2824 2822/2822
f 2823/2823 2825/2825 2824/2824
f 2825/2825 2826/2826 2824/2824
f 2825/2825 2827/2827 2826/2826
f 2827/2827 2828/2828 2826/2826
f 2827/2827 2829/2829 2828/2828
f 2829/2829 2830/2830 2828/2828
f 2829/2829 2831/2831 2830/2830
f 2831/2831 2832/2832 2830/2830
f 2831/2831 2833/2833 2832/2832
f 2833/2833 2834/2834 2832/2832
f 2834/2834 2835/2835 2832/2832
f 2834/2834 2836/2836 2835/2835
f 2836/2836 2837/2837 2835/2835
f 2836/2836 2838/2838 2837/2837
f 2838/2838 2839/2839 2837/2837
f 2838/2838 2840/2840 2839/2839
f 2840/2840 2841/2841 2839/2839
f 2844/2844 2843/2843 2842/2842
f 2844/2844 2842/2842 2845/2845
f 2844/2844 2845/2845 2846/2846
f 2847/2847 2844/2844 2846/2846
f 2847/2847 2846/2846 2848/2848
f 2849/2849 2847/2847 2848/2848
f 2849/2849 2848/2848 2850/2850
f 2851/2851 2849/2849 2850/2850
f 2851/2851 2850/2850 2852/2852
f 2851/2851 2852/2852 2853/2853
f 2854/2854 2851/2851 2853/2853
f 2854/2854 2853/2853 2855/2855
f 2856/2856 2854/2854 2855/2855
f 2856/2856 2855/2855 2857/2857
f 2858/2858 2856/2856 2857/2857
f 2858/2858 2857/2857 2859/2859
f 2860/2860 2858/2858 2859/2859
f 2860/2860 2859/2859 2861/2861
f 2862/2862 2860/2860 2861/2861
f 2862/2862 2861/2861 2863/2863
f 2864/2864 2862/2862 2863/2863
f 2864/2864 2863/2863 2865/2865
f 2866/2866 2864/2864 2865/2865
f 2866/2866 2865/2865 2867/2867
f 2868/2868 2866/2866 2867/2867
f 2868/2868 2867/2867 2869/2869
f 2870/2870 2868/2868 2869/2869
f 2870/2870 2869/2869 2871/2871
f 2872/2872 2870/2870 2871/2871
f 2872/2872 2871/2871 2873/2873
f 2874/2874 2872/2872 2873/2873
f 2874/2874 2873/2873 2875/2875
f 2876/2876 2874/2874 2875/2875
f 2876/2876 2875/2875 2877/2877
f 2878/2878 2876/2876 2877/2877
f 2878/2878 2877/2877 2879/2879
f 2880/2880 2878/2878 2879/2879
f 2880/2880 2879/2879 2881/2881
f 2884/2884 2883/2883 2882/2882
f 2884/2884 2882/2882 2885/2885
f 2886/2886 2884/2884 2885/2885
f 2886/2886 2885/2885 2887/2887
f 2888/2888 2886/2886 2887/2887
f 2888/2888 2887/2887 2889/2889
f 2888/2888 2889/2889 2890/2890
f 2891/2891 2888/2888 2890/2890
f 2891/2891 2890/2890 2892/2892
f 2893/2893 2891/2891 2892/2892
f 2893/2893 2892/2892 2894/2894
f 2895/2895 2893/2893 2894/2894
f 2895/2895 2894/2894 2896/2896
f 2897/2897 2895/2895 2896/2896
f 2897/2897 2896/2896 2898/2898
f 2897/2897 2898/2898 2899/2899
f 2900/2900 2897/2897 2899/2899
f 2900/2900 2899/2899 2901/2901
f 2902/2902 2900/2900 2901/2901
f 2902/2902 2901/2901 2903/2903
f 2904/2904 2902/2902 2903/2903
f 2904/2904 2903/2903 2905/2905
f 2906/2906 2904/2904 2905/2905
f 2906/2906 2905/2905 2907/2907
f 2908/2908 2906/2906 2907/2907
f 2908/2908 2907/2907 2909/2909
f 2910/2910 2908/2908 2909/2909
f 2910/2910 2909/2909 2911/2911
f 2912/2912 2910/2910 2911/2911
f 2912/2912 2911/2911 2913/2913
f 2914/2914 2912/2912 2913/2913
f 2914/2914 2913/2913 2915/2915
f 2916/2916 2914/2914 2915/2915
f 2916/2916 2915/2915 2917/2917
f 2918/2918 2916/2916 2917/2917
f 2918/2918 2917/2917 2919/2919
f 2920/2920 2918/2918 2919/2919
f 2920/2920 2919/2919 2921/2921
f 2924/2924 2923/2923 2922/2922
f 2923/2923 2925/2925 2922/2922
f 2923/2923 2926/2926 2925/2925
f 2926/2926 2927/2927 2925/2925
f 2926/2926 2928/2928 2927/2927
f 2928/2928 2929/2929 2927/2927
f 2928/2928 2930/2930 2929/2929
f 2930/2930 2931/2931 2929/2929
f 2930/2930 2932/2932 2931/2931
f 2932/2932 2933/2933 2931/2931
f 2933/2933 2934/2934 2931/2931
f 2933/2933 2935/2935 2934/2934
f 2935/2935 2936/2936 2934/2934
f 2935/2935 2937/2937 2936/2936
f 2937/2937 2938/2938 2936/2936
f 2937/2937 2939/2939 2938/2938
f 2939/2939 2940/2940 2938/2938
f 2939/2939 2941/2941 2940/2940
f 2941/2941 2942/2942 2940/2940
f 2941/2941 2943/2943 2942/2942
f 2943/2943 2944/2944 2942/2942
f 2943/2943 2945/2945 2944/2944
f 2945/2945 2946/2946 2944/2944
f 2945/2945 2947/2947 2946/2946
f 2947/2947 2948/2948 2946/2946
f 2948/2948 2949/2949 2946/2946
f 2948/2948 2950/2950 2949/2949
f 2950/2950 2951/2951 2949/2949
f 2950/2950 2952/2952 2951/2951
f 2952/2952 2953/2953 2951/2951
f 2952/2952 2954/2954 2953/2953
f 2954/2954 2955/2955 2953/2953
f 2954/2954 2956/2956 2955/2955
f 2956/2956 2957/2957 2955/2955
f 2956/2956 2958/2958 2957/2957
f 2958/2958 2959/2959 2957/2957
f 2958/2958 2960/2960 2959/2959
f 2960/2960 2961/2961 2959/2959
f 2964/2964 2963/2963 2962/2962
f 2962/2962 2965/2965 2964/2964
f 2965/2965 2966/2966 2964/2964
f 2964/2964 2966/2966 2967/2967
f 2968/2968 2964/2964 2967/2967
f 2967/2967 2969/2969 2968/2968
f 2968/2968 2969/2969 2970/2970
f 2970/2970 2969/2969 2971/2971
f 2972/2972 2970/2970 2971/2971
f 2970/2970 2972/2972 2973/2973
f 2973/2973 2972/2972 2974/2974
f 2975/2975 2973/2973 2974/2974
f 2973/2973 2975/2975 2976/2976
f 2975/2975 2977/2977 2976/2976
f 2977/2977 2978/2978 2976/2976
f 2978/2978 2977/2977 2979/2979
f 2978/2978 2979/2979 2980/2980
f 2978/2978 2980/2980 2981/2981
f 2984/2984 2983/2983 2982/2982
f 2983/2983 2985/2985 2982/2982
f 2985/2985 2986/2986 2982/2982
f 2986/2986 2987/2987 2982/2982
f 2982/2982 2987/2987 2988/2988
f 2982/2982 2988/2988 2989/2989
f 2990/2990 2982/2982 2989/2989
f 2990/2990 2989/2989 2991/2991
f 2990/2990 2991/2991 2992/2992
f 2993/2993 2990/2990 2992/2992
f 2994/2994 2993/2993 2992/2992
f 2994/2994 2992/2992 2995/2995
f 2996/2996 2994/2994 2995/2995
f 2996/2996 2995/2995 2997/2997
f 2997/2997 2995/2995 2998/2998
f 2995/2995 2999/2999 2998/2998
f 3002/3002 3001/3001 3000/3000
f 3002/3002 3000/3000 3003/3003
f 3003/3003 3000/3000 3004/3004
f 3003/3003 3004/3004 3005/3005
f 3005/3005 3004/3004 3006/3006
f 3004/3004 3007/3007 3006/3006
f 3010/3010 3009/3009 3008/3008
f 3008/3008 3011/3011 3010/3010
f 3012/3012 3011/3011 3008/3008
f 3012/3012 3008/3008 3013/3013
f 3014/3014 3012/3012 3013/3013
f 3015/3015 3014/3014 3013/3013
f 3015/3015 3013/3013 3016/3016
f 3017/3017 3015/3015 3016/3016
f 3017/3017 3016/3016 3018/3018
f 3019/3019 3017/3017 3018/3018
f 3019/3019 3018/3018 3020/3020
f 3021/3021 3019/3019 3020/3020
f 3022/3022 3021/3021 3020/3020
f 3022/3022 3020/3020 3023/3023
f 3024/3024 3022/3022 3023/3023
f 3025/3025 3024/3024 3023/3023
f 3025/3025 3023/3023 3026/3026
f 3027/3027 3025/3025 3026/3026
f 3027/3027 3026/3026 3028/3028
f 3029/3029 3027/3027 3028/3028
f 3029/3029 3028/3028 3030/3030
f 3031/3031 3029/3029 3030/3030
f 3030/3030 3032/3032 3031/3031
f 3035/3035 3034/3034 3033/3033
f 3035/3035 3033/3033 3036/3036
f 3036/3036 3033/3033 3037/3037
f 3038/3038 3036/3036 3037/3037
f 3039/3039 3038/3038 3037/3037
f 3039/3039 3037/3037 3040/3040
f 3041/3041 3039/3039 3040/3040
f 3041/3041 3040/3040 3042/3042
f 3043/3043 3041/3041 3042/3042
f 3043/3043 3042/3042 3044/3044
f 3045/3045 3043/3043 3044/3044
f 3045/3045 3044/3044 3046/3046
f 3047/3047 3045/3045 3046/3046
f 3048/3048 3047/3047 3046/3046
f 3048/3048 3046/3046 3049/3049
f 3050/3050 3048/3048 3049/3049
f 3050/3050 3049/3049 3051/3051
f 3052/3052 3050/3050 3051/3051
f 3052/3052 3051/3051 3053/3053
f 3054/3054 3052/3052 3053/3053
f 3053/3053 3055/3055 3054/3054
f 3058/3058 3057/3057 3056/3056
f 3058/3058 3056/3056 3059/3059
f 3059/3059 3056/3056 3060/3060
f 3059/3059 3060/3060 3061/3061
f 3061/3061 3060/3060 3062/3062
f 3060/3060 3063/3063 3062/3062
f 3066/3066 3065/3065 3064/3064
f 3065/3065 3066/3066 3067/3067
f 3067/3067 3066/3066 3068/3068
f 3069/3069 3067/3067 3068/3068
f 3070/3070 3069/3069 3068/3068
f 3070/3070 3068/3068 3071/3071
f 3072/3072 3070/3070 3071/3071
f 3072/3072 3071/3071 3073/3073
f 3074/3074 3072/3072 3073/3073
f 3074/3074 3073/3073 3075/3075
f 3076/3076 3074/3074 3075/3075
f 3076/3076 3075/3075 3077/3077
f 3078/3078 3076/3076 3077/3077
f 3079/3079 3078/3078 3077/3077
f 3079/3079 3077/3077 3080/3080
f 3081/3081 3079/3079 3080/3080
f 3081/3081 3080/3080 3082/3082
f 3083/3083 3081/3081 3082/3082
f 3083/3083 3082/3082 3084/3084
f 3084/3084 3085/3085 3083/3083
f 3086/3086 3085/3085 3084/3084
f 3089/3089 3088/3088 3087/3087
f 3089/3089 3087/3087 3090/3090
f 3090/3090 3087/3087 3091/3091
f 3090/3090 3091/3091 3092/3092
f 3092/3092 3091/3091 3093/3093
f 3091/3091 3094/3094 3093/3093
f 3097/3097 3096/3096 3095/3095
f 3095/3095 3096/3096 3098/3098
f 3098/3098 3096/3096 3099/3099
f 3100/3100 3098/3098 3099/3099
f 3101/3101 3100/3100 3099/3099
f 3096/3096 3102/3102 3099/3099
f 3101/3101 3099/3099 3103/3103
f 3104/3104 3101/3101 3103/3103
f 3105/3105 3104/3104 3103/3103
f 3106/3106 3105/3105 3103/3103
f 3107/3107 3106/3106 3103/3103
f 3107/3107 3103/3103 3108/3108
f 3102/3102 3109/3109 3099/3099
f 3110/3110 3107/3107 3108/3108
f 3111/3111 3107/3107 3110/3110
f 3112/3112 3111/3111 3110/3110
f 3110/3110 3113/3113 3112/3112
f 3114/3114 3110/3110 3108/3108
f 3115/3115 3114/3114 3108/3108
f 3116/3116 3114/3114 3115/3115
f 3117/3117 3114/3114 3116/3116
f 3118/3118 3115/3115 3108/3108
f 3118/3118 3108/3108 3119/3119
f 3120/3120 3118/3118 3119/3119
f 3121/3121 3120/3120 3119/3119
f 3122/3122 3121/3121 3119/3119
f 3123/3123 3122/3122 3119/3119
f 3124/3124 3123/3123 3119/3119
f 3124/3124 3119/3119 3125/3125
f 3126/3126 3124/3124 3125/3125
f 3127/3127 3126/3126 3125/3125
f 3128/3128 3126/3126 3127/3127
f 3129/3129 3128/3128 3127/3127
f 3127/3127 3130/3130 3129/3129
f 3131/3131 3127/3127 3125/3125
f 3131/3131 3125/3125 3132/3132
f 3132/3132 3125/3125 3133/3133
f 3134/3134 3131/3131 3132/3132
f 3135/3135 3131/3131 3134/3134
f 3136/3136 3131/3131 3135/3135
f 3137/3137 3132/3132 3133/3133
f 3137/3137 3133/3133 3138/3138
f 3139/3139 3137/3137 3138/3138
f 3140/3140 3139/3139 3138/3138
f 3141/3141 3140/3140 3138/3138
f 3142/3142 3141/3141 3138/3138
f 3143/3143 3142/3142 3138/3138
f 3144/3144 3142/3142 3143/3143
f 3145/3145 3144/3144 3143/3143
f 3143/3143 3146/3146 3145/3145
f 3147/3147 3143/3143 3138/3138
f 3147/3147 3138/3138 3148/3148
f 3149/3149 3147/3147 3148/3148
f 3150/3150 3147/3147 3149/3149
f 3151/3151 3147/3147 3150/3150
f 3152/3152 3149/3149 3148/3148
f 3153/3153 3152/3152 3148/3148
f 3153/3153 3148/3148 3154/3154
f 3155/3155 3153/3153 3154/3154
f 3156/3156 3155/3155 3154/3154
f 3157/3157 3156/3156 3154/3154
f 3158/3158 3157/3157 3154/3154
f 3159/3159 3158/3158 3154/3154
f 3160/3160 3158/3158 3159/3159
f 3161/3161 3160/3160 3159/3159
f 3159/3159 3162/3162 3161/3161
f 3159/3159 3154/3154 3163/3163
f 3164/3164 3159/3159 3163/3163
f 3165/3165 3164/3164 3163/3163
f 3166/3166 3164/3164 3165/3165
f 3167/3167 3164/3164 3166/3166
f 3168/3168 3165/3165 3163/3163
f 3169/3169 3168/3168 3163/3163
f 3169/3169 3163/3163 3170/3170
f 3171/3171 3169/3169 3170/3170
f 3172/3172 3171/3171 3170/3170
f 3173/3173 3172/3172 3170/3170
f 3174/3174 3173/3173 3170/3170
f 3174/3174 3170/3170 3175/3175
f 3176/3176 3174/3174 3175/3175
f 3177/3177 3174/3174 3176/3176
f 3178/3178 3177/3177 3176/3176
f 3176/3176 3179/3179 3178/3178
f 3180/3180 3176/3176 3175/3175
f 3181/3181 3180/3180 3175/3175
f 3182/3182 3180/3180 3181/3181
f 3183/3183 3180/3180 3182/3182
f 3184/3184 3181/3181 3175/3175
f 3184/3184 3175/3175 3185/3185
f 3186/3186 3184/3184 3185/3185
f 3187/3187 3186/3186 3185/3185
f 3188/3188 3187/3187 3185/3185
f 3189/3189 3188/3188 3185/3185
f 3190/3190 3189/3189 3185/3185
f 3191/3191 3190/3190 3185/3185
f 3191/3191 3185/3185 3192/3192
f 3193/3193 3191/3191 3192/3192
f 3194/3194 3193/3193 3192/3192
f 3195/3195 3193/3193 3194/3194
f 3196/3196 3195/3195 3194/3194
f 3196/3196 3194/3194 3197/3197
f 3198/3198 3194/3194 3192/3192
f 3198/3198 3192/3192 3199/3199
f 3199/3199 3192/3192 3200/3200
f 3201/3201 3198/3198 3199/3199
f 3202/3202 3198/3198 3201/3201
f 3203/3203 3198/3198 3202/3202
f 3204/3204 3199/3199 3200/3200
f 3204/3204 3200/3200 3205/3205
f 3206/3206 3204/3204 3205/3205
f 3207/3207 3206/3206 3205/3205
f 3208/3208 3207/3207 3205/3205
f 3209/3209 3208/3208 3205/3205
f 3210/3210 3209/3209 3205/3205
f 3211/3211 3209/3209 3210/3210
f 3212/3212 3211/3211 3210/3210
f 3210/3210 3213/3213 3212/3212
f 3214/3214 3210/3210 3205/3205
f 3214/3214 3205/3205 3215/3215
f 3216/3216 3214/3214 3215/3215
f 3217/3217 3214/3214 3216/3216
f 3218/3218 3214/3214 3217/3217
f 3219/3219 3216/3216 3215/3215
f 3220/3220 3219/3219 3215/3215
f 3220/3220 3215/3215 3109/3109
f 3221/3221 3220/3220 3109/3109
f 3222/3222 3221/3221 3109/3109
f 3223/3223 3222/3222 3109/3109
f 3224/3224 3223/3223 3109/3109
f 3102/3102 3224/3224 3109/3109
f 3225/3225 3224/3224 3102/3102
f 3226/3226 3225/3225 3102/3102
f 3102/3102 3227/3227 3226/3226
f 3230/3230 3229/3229 3228/3228
f 3229/3229 3230/3230 3231/3231
f 3231/3231 3230/3230 3232/3232
f 3233/3233 3231/3231 3232/3232
f 3234/3234 3233/3233 3232/3232
f 3234/3234 3232/3232 3235/3235
f 3236/3236 3234/3234 3235/3235
f 3236/3236 3235/3235 3237/3237
f 3238/3238 3236/3236 3237/3237
f 3238/3238 3237/3237 3239/3239
f 3240/3240 3238/3238 3239/3239
f 3240/3240 3239/3239 3241/3241
f 3242/3242 3240/3240 3241/3241
f 3243/3243 3242/3242 3241/3241
f 3243/3243 3241/3241 3244/3244
f 3245/3245 3243/3243 3244/3244
f 3245/3245 3244/3244 3246/3246
f 3247/3247 3245/3245 3246/3246
f 3247/3247 3246/3246 3248/3248
f 3248/3248 3249/3249 3247/3247
f 3250/3250 3249/3249 3248/3248
f 3253/3253 3252/3252 3251/3251
f 3253/3253 3251/3251 3254/3254
f 3254/3254 3251/3251 3255/3255
f 3254/3254 3255/3255 3256/3256
f 3256/3256 3255/3255 3257/3257
f 3255/3255 3258/3258 3257/3257
f 3261/3261 3260/3260 3259/3259
f 3262/3262 3259/3259 3260/3260
f 3263/3263 3262/3262 3260/3260
f 3263/3263 3260/3260 3264/3264
f 3265/3265 3263/3263 3264/3264
f 3266/3266 3265/3265 3264/3264
f 3266/3266 3264/3264 3267/3267
f 3268/3268 3266/3266 3267/3267
f 3268/3268 3267/3267 3269/3269
f 3270/3270 3268/3268 3269/3269
f 3270/3270 3269/3269 3271/3271
f 3271/3271 3272/3272 3270/3270
f 3272/3272 3271/3271 3273/3273
f 3274/3274 3272/3272 3273/3273
f 3275/3275 3274/3274 3273/3273
f 3275/3275 3273/3273 3276/3276
f 3277/3277 3275/3275 3276/3276
f 3277/3277 3276/3276 3278/3278
f 3279/3279 3277/3277 3278/3278
f 3279/3279 3278/3278 3280/3280
f 3280/3280 3281/3281 3279/3279
f 3281/3281 3280/3280 3282/3282
f 3285/3285 3284/3284 3283/3283
f 3285/3285 3283/3283 3286/3286
f 3286/3286 3283/3283 3287/3287
f 3286/3286 3287/3287 3288/3288
f 3288/3288 3287/3287 3289/3289
f 3287/3287 3290/3290 3289/3289
f 3293/3293 3292/3292 3291/3291
f 3294/3294 3291/3291 3292/3292
f 3294/3294 3292/3292 3295/3295
f 3296/3296 3294/3294 3295/3295
f 3297/3297 3296/3296 3295/3295
f 3297/3297 3295/3295 3298/3298
f 3299/3299 3297/3297 3298/3298
f 3299/3299 3298/3298 3300/3300
f 3301/3301 3299/3299 3300/3300
f 3301/3301 3300/3300 3302/3302
f 3303/3303 3301/3301 3302/3302
f 3303/3303 3302/3302 3304/3304
f 3305/3305 3303/3303 3304/3304
f 3306/3306 3305/3305 3304/3304
f 3306/3306 3304/3304 3307/3307
f 3308/3308 3306/3306 3307/3307
f 3308/3308 3307/3307 3309/3309
f 3310/3310 3308/3308 3309/3309
f 3310/3310 3309/3309 3311/3311
f 3311/3311 3312/3312 3310/3310
f 3312/3312 3311/3311 3313/3313
f 3316/3316 3315/3315 3314/3314
f 3316/3316 3314/3314 3317/3317
f 3317/3317 3314/3314 3318/3318
f 3317/3317 3318/3318 3319/3319
f 3319/3319 3318/3318 3320/3320
f 3318/3318 3321/3321 3320/3320
f 3324/3324 3323/3323 3322/3322
f 3323/3323 3324/3324 3325/3325
f 3325/3325 3324/3324 3326/3326
f 3327/3327 3325/3325 3326/3326
f 3328/3328 3327/3327 3326/3326
f 3328/3328 3326/3326 3329/3329
f 3330/3330 3328/3328 3329/3329
f 3330/3330 3329/3329 3331/3331
f 3332/3332 3330/3330 3331/3331
f 3332/3332 3331/3331 3333/3333
f 3334/3334 3332/3332 3333/3333
f 3334/3334 3333/3333 3335/3335
f 3336/3336 3334/3334 3335/3335
f 3337/3337 3336/3336 3335/3335
f 3337/3337 3335/3335 3338/3338
f 3339/3339 3337/3337 3338/3338
f 3339/3339 3338/3338 3340/3340
f 3341/3341 3339/3339 3340/3340
f 3341/3341 3340/3340 3342/3342
f 3342/3342 3343/3343 3341/3341
f 3344/3344 3343/3343 3342/3342
f 3347/3347 3346/3346 3345/3345
f 3347/3347 3345/3345 3348/3348
f 3348/3348 3345/3345 3349/3349
f 3348/3348 3349/3349 3350/3350
f 3350/3350 3349/3349 3351/3351
f 3349/3349 3352/3352 3351/3351
f 3355/3355 3354/3354 3353/3353
f 3354/3354 3355/3355 3356/3356
f 3356/3356 3355/3355 3357/3357
f 3358/3358 3356/3356 3357/3357
f 3359/3359 3358/3358 3357/3357
f 3359/3359 3357/3357 3360/3360
f 3361/3361 3359/3359 3360/3360
f 3361/3361 3360/3360 3362/3362
f 3363/3363 3361/3361 3362/3362
f 3363/3363 3362/3362 3364/3364
f 3365/3365 3363/3363 3364/3364
f 3365/3365 3364/3364 3366/3366
f 3367/3367 3365/3365 3366/3366
f 3368/3368 3367/3367 3366/3366
f 3368/3368 3366/3366 3369/3369
f 3370/3370 3368/3368 3369/3369
f 3370/3370 3369/3369 3371/3371
f 3372/3372 3370/3370 3371/3371
f 3372/3372 3371/3371 3373/3373
f 3373/3373 3374/3374 3372/3372
f 3375/3375 3374/3374 3373/3373
f 3378/3378 3377/3377 3376/3376
f 3378/3378 3376/3376 3379/3379
f 3379/3379 3376/3376 3380/3380
f 3379/3379 3380/3380 3381/3381
f 3381/3381 3380/3380 3382/3382
f 3380/3380 3383/3383 3382/3382
f 3386/3386 3385/3385 3384/3384
f 3385/3385 3387/3387 3384/3384
f 3385/3385 3388/3388 3387/3387
f 3388/3388 3389/3389 3387/3387
f 3388/3388 3390/3390 3389/3389
f 3390/3390 3391/3391 3389/3389
f 3390/3390 3392/3392 3391/3391
f 3392/3392 3393/3393 3391/3391
f 3392/3392 3394/3394 3393/3393
f 3394/3394 3395/3395 3393/3393
f 3394/3394 3396/3396 3395/3395
f 3396/3396 3397/3397 3395/3395
f 3396/3396 3398/3398 3397/3397
f 3398/3398 3399/3399 3397/3397
f 3398/3398 3400/3400 3399/3399
f 3400/3400 3401/3401 3399/3399
f 3400/3400 3402/3402 3401/3401
f 3402/3402 3403/3403 3401/3401
f 3402/3402 3404/3404 3403/3403
f 3404/3404 3405/3405 3403/3403
f 3404/3404 3406/3406 3405/3405
f 3406/3406 3407/3407 3405/3405
f 3406/3406 3408/3408 3407/3407
f 3408/3408 3409/3409 3407/3407
f 3408/3408 3410/3410 3409/3409
f 3410/3410 3411/3411 3409/3409
f 3410/3410 3412/3412 3411/3411
f 3412/3412 3413/3413 3411/3411
f 3412/3412 3414/3414 3413/3413
f 3414/3414 3415/3415 3413/3413
f 3414/3414 3416/3416 3415/3415
f 3416/3416 3417/3417 3415/3415
f 3416/3416 3418/3418 3417/3417
f 3418/3418 3419/3419 3417/3417
f 3418/3418 3420/3420 3419/3419
f 3420/3420 3421/3421 3419/3419
f 3424/3424 3423/3423 3422/3422
f 3423/3423 3425/3425 3422/3422
f 3423/3423 3426/3426 3425/3425
f 3426/3426 3427/3427 3425/3425
f 3426/3426 3428/3428 3427/3427
f 3428/3428 3429/3429 3427/3427
f 3428/3428 3430/3430 3429/3429
f 3430/3430 3431/3431 3429/3429
f 3430/3430 3432/3432 3431/3431
f 3432/3432 3433/3433 3431/3431
f 3432/3432 3434/3434 3433/3433
f 3434/3434 3435/3435 3433/3433
f 3434/3434 3436/3436 3435/3435
f 3436/3436 3437/3437 3435/3435
f 3436/3436 3438/3438 3437/3437
f 3438/3438 3439/3439 3437/3437
f 3438/3438 3440/3440 3439/3439
f 3440/3440 3441/3441 3439/3439
f 3440/3440 3442/3442 3441/3441
f 3442/3442 3443/3443 3441/3441
f 3442/3442 3444/3444 3443/3443
f 3444/3444 3445/3445 3443/3443
f 3444/3444 3446/3446 3445/3445
f 3446/3446 3447/3447 3445/3445
f 3446/3446 3448/3448 3447/3447
f 3448/3448 3449/3449 3447/3447
f 3448/3448 3450/3450 3449/3449
f 3450/3450 3451/3451 3449/3449
f 3450/3450 3452/3452 3451/3451
f 3452/3452 3453/3453 3451/3451
f 3452/3452 3454/3454 3453/3453
f 3454/3454 3455/3455 3453/3453
f 3454/3454 3456/3456 3455/3455
f 3456/3456 3457/3457 3455/3455
f 3456/3456 3458/3458 3457/3457
f 3458/3458 3459/3459 3457/3457
f 3462/3462 3461/3461 3460/3460
f 3461/3461 3463/3463 3460/3460
f 3461/3461 3464/3464 3463/3463
f 3464/3464 3465/3465 3463/3463
f 3464/3464 3466/3466 3465/3465
f 3466/3466 3467/3467 3465/3465
f 3466/3466 3468/3468 3467/3467
f 3468/3468 3469/3469 3467/3467
f 3468/3468 3470/3470 3469/3469
f 3470/3470 3471/3471 3469/3469
f 3470/3470 3472/3472 3471/3471
f 3472/3472 3473/3473 3471/3471
f 3472/3472 3474/3474 3473/3473
f 3474/3474 3475/3475 3473/3473
f 3474/3474 3476/3476 3475/3475
f 3476/3476 3477/3477 3475/3475
f 3476/3476 3478/3478 3477/3477
f 3478/3478 3479/3479 3477/3477
f 3478/3478 3480/3480 3479/3479
f 3480/3480 3481/3481 3479/3479
f 3480/3480 3482/3482 3481/3481
f 3482/3482 3483/3483 3481/3481
f 3482/3482 3484/3484 3483/3483
f 3484/3484 3485/3485 3483/3483
f 3484/3484 3486/3486 3485/3485
f 3486/3486 3487/3487 3485/3485
f 3486/3486 3488/3488 3487/3487
f 3488/3488 3489/3489 3487/3487
f 3488/3488 3490/3490 3489/3489
f 3490/3490 3491/3491 3489/3489
f 3490/3490 3492/3492 3491/3491
f 3492/3492 3493/3493 3491/3491
f 3492/3492 3494/3494 3493/3493
f 3494/3494 3495/3495 3493/3493
f 3494/3494 3496/3496 3495/3495
f 3496/3496 3497/3497 3495/3495
f 3500/3500 3499/3499 3498/3498
f 3499/3499 3501/3501 3498/3498
f 3499/3499 3502/3502 3501/3501
f 3502/3502 3503/3503 3501/3501
f 3502/3502 3504/3504 3503/3503
f 3504/3504 3505/3505 3503/3503
f 3504/3504 3506/3506 3505/3505
f 3506/3506 3507/3507 3505/3505
f 3506/3506 3508/3508 3507/3507
f 3508/3508 3509/3509 3507/3507
f 3508/3508 3510/3510 3509/3509
f 3510/3510 3511/3511 3509/3509
f 3510/3510 3512/3512 3511/3511
f 3512/3512 3513/3513 3511/3511
f 3512/3512 3514/3514 3513/3513
f 3514/3514 3515/3515 3513/3513
f 3514/3514 3516/3516 3515/3515
f 3516/3516 3517/3517 3515/3515
f 3516/3516 3518/3518 3517/3517
f 3518/3518 3519/3519 3517/3517
f 3518/3518 3520/3520 3519/3519
f 3520/3520 3521/3521 3519/3519
f 3520/3520 3522/3522 3521/3521
f 3522/3522 3523/3523 3521/3521
f 3522/3522 3524/3524 3523/3523
f 3524/3524 3525/3525 3523/3523
f 3524/3524 3526/3526 3525/3525
f 3526/3526 3527/3527 3525/3525
f 3526/3526 3528/3528 3527/3527
f 3528/3528 3529/3529 3527/3527
f 3528/3528 3530/3530 3529/3529
f 3530/3530 3531/3531 3529/3529
f 3530/3530 3532/3532 3531/3531
f 3532/3532 3533/3533 3531/3531
f 3532/3532 3534/3534 3533/3533
f 3534/3534 3535/3535 3533/3533
f 3538/3538 3537/3537 3536/3536
f 3537/3537 3539/3539 3536/3536
f 3539/3539 3540/3540 3536/3536
f 3540/3540 3541/3541 3536/3536
f 3540/3540 3542/3542 3541/3541
f 3542/3542 3543/3543 3541/3541
f 3542/3542 3544/3544 3543/3543
f 3544/3544 3545/3545 3543/3543
f 3544/3544 3546/3546 3545/3545
f 3546/3546 3547/3547 3545/3545
f 3546/3546 3548/3548 3547/3547
f 3548/3548 3549/3549 3547/3547
f 3548/3548 3550/3550 3549/3549
f 3550/3550 3551/3551 3549/3549
f 3550/3550 3552/3552 3551/3551
f 3552/3552 3553/3553 3551/3551
f 3554/3554 3553/3553 3552/3552
f 3554/3554 3552/3552 3555/3555
f 3555/3555 3556/3556 3554/3554
f 3556/3556 3557/3557 3554/3554
f 3556/3556 3558/3558 3557/3557
f 3558/3558 3559/3559 3557/3557
f 3558/3558 3560/3560 3559/3559
f 3560/3560 3561/3561 3559/3559
f 3564/3564 3563/3563 3562/3562
f 3564/3564 3562/3562 3565/3565
f 3562/3562 3566/3566 3565/3565
f 3566/3566 3567/3567 3565/3565
f 3566/3566 3568/3568 3567/3567
f 3568/3568 3569/3569 3567/3567
f 3568/3568 3570/3570 3569/3569
f 3570/3570 3571/3571 3569/3569
f 3570/3570 3572/3572 3571/3571
f 3572/3572 3573/3573 3571/3571
f 3572/3572 3574/3574 3573/3573
f 3574/3574 3575/3575 3573/3573
f 3574/3574 3576/3576 3575/3575
f 3576/3576 3577/3577 3575/3575
f 3576/3576 3578/3578 3577/3577
f 3578/3578 3579/3579 3577/3577
f 3579/3579 3578/3578 3580/3580
f 3581/3581 3579/3579 3580/3580
f 3580/3580 3582/3582 3581/3581
f 3580/3580 3583/3583 3582/3582
f 3583/3583 3584/3584 3582/3582
f 3584/3584 3585/3585 3582/3582
f 3584/3584 3586/3586 3585/3585
f 3586/3586 3587/3587 3585/3585
f 3590/3590 3589/3589 3588/3588
f 3590/3590 3588/3588 3591/3591
f 3588/3588 3592/3592 3591/3591
f 3592/3592 3593/3593 3591/3591
f 3592/3592 3594/3594 3593/3593
f 3594/3594 3595/3595 3593/3593
f 3594/3594 3596/3596 3595/3595
f 3596/3596 3597/3597 3595/3595
f 3596/3596 3598/3598 3597/3597
f 3598/3598 3599/3599 3597/3597
f 3598/3598 3600/3600 3599/3599
f 3600/3600 3601/3601 3599/3599
f 3600/3600 3602/3602 3601/3601
f 3602/3602 3603/3603 3601/3601
f 3602/3602 3604/3604 3603/3603
f 3604/3604 3605/3605 3603/3603
f 3606/3606 3605/3605 3604/3604
f 3606/3606 3604/3604 3607/3607
f 3607/3607 3608/3608 3606/3606
f 3607/3607 3609/3609 3608/3608
f 3609/3609 3610/3610 3608/3608
f 3609/3609 3611/3611 3610/3610
f 3611/3611 3612/3612 3610/3610
f 3611/3611 3613/3613 3612/3612
f 3616/3616 3615/3615 3614/3614
f 3615/3615 3617/3617 3614/3614
f 3617/3617 3618/3618 3614/3614
f 3618/3618 3619/3619 3614/3614
f 3618/3618 3620/3620 3619/3619
f 3620/3620 3621/3621 3619/3619
f 3620/3620 3622/3622 3621/3621
f 3622/3622 3623/3623 3621/3621
f 3622/3622 3624/3624 3623/3623
f 3624/3624 3625/3625 3623/3623
f 3624/3624 3626/3626 3625/3625
f 3626/3626 3627/3627 3625/3625
f 3626/3626 3628/3628 3627/3627
f 3628/3628 3629/3629 3627/3627
f 3628/3628 3630/3630 3629/3629
f 3630/3630 3631/3631 3629/3629
f 3632/3632 3631/3631 3630/3630
f 3632/3632 3630/3630 3633/3633
f 3633/3633 3634/3634 3632/3632
f 3634/3634 3635/3635 3632/3632
f 3634/3634 3636/3636 3635/3635
f 3636/3636 3637/3637 3635/3635
f 3636/3636 3638/3638 3637/3637
f 3638/3638 3639/3639 3637/3637
f 3642/3642 3641/3641 3640/3640
f 3641/3641 3643/3643 3640/3640
f 3641/3641 3644/3644 3643/3643
f 3645/3645 3644/3644 3641/3641
f 3640/3640 3643/3643 3646/3646
f 3640/3640 3646/3646 3647/3647
f 3647/3647 3646/3646 3648/3648
f 3646/3646 3649/3649 3648/3648
f 3648/3648 3649/3649 3650/3650
f 3649/3649 3651/3651 3650/3650
f 3650/3650 3651/3651 3652/3652
f 3651/3651 3653/3653 3652/3652
f 3652/3652 3653/3653 3654/3654
f 3645/3645 3655/3655 3644/3644
f 3656/3656 3655/3655 3645/3645
f 3657/3657 3655/3655 3656/3656
f 3657/3657 3658/3658 3655/3655
f 3653/3653 3659/3659 3654/3654
f 3654/3654 3659/3659 3660/3660
f 3660/3660 3659/3659 3661/3661
f 3659/3659 3662/3662 3661/3661
f 3661/3661 3662/3662 3663/3663
f 3662/3662 3664/3664 3663/3663
f 3663/3663 3664/3664 3665/3665
f 3664/3664 3666/3666 3665/3665
f 3665/3665 3666/3666 3667/3667
f 3666/3666 3668/3668 3667/3667
f 3667/3667 3668/3668 3669/3669
f 3668/3668 3670/3670 3669/3669
f 3669/3669 3670/3670 3671/3671
f 3670/3670 3672/3672 3671/3671
f 3671/3671 3672/3672 3673/3673
f 3672/3672 3674/3674 3673/3673
f 3673/3673 3674/3674 3675/3675
f 3674/3674 3676/3676 3675/3675
f 3675/3675 3676/3676 3677/3677
f 3676/3676 3678/3678 3677/3677
f 3677/3677 3678/3678 3658/3658
f 3677/3677 3658/3658 3657/3657
f 3681/3681 3680/3680 3679/3679
f 3680/3680 3682/3682 3679/3679
f 3683/3683 3682/3682 3680/3680
f 3684/3684 3682/3682 3683/3683
f 3685/3685 3679/3679 3682/3682
f 3686/3686 3679/3679 3685/3685
f 3687/3687 3686/3686 3685/3685
f 3688/3688 3686/3686 3687/3687
f 3687/3687 3685/3685 3689/3689
f 3687/3687 3689/3689 3690/3690
f 3691/3691 3690/3690 3689/3689
f 3690/3690 3691/3691 3692/3692
f 3685/3685 3693/3693 3689/3689
f 3694/3694 3693/3693 3685/3685
f 3694/3694 3685/3685 3695/3695
f 3696/3696 3694/3694 3695/3695
f 3699/3699 3698/3698 3697/3697
f 3699/3699 3697/3697 3700/3700
f 3701/3701 3699/3699 3700/3700
f 3702/3702 3701/3701 3700/3700
f 3703/3703 3701/3701 3702/3702
f 3704/3704 3703/3703 3702/3702
f 3700/3700 3705/3705 3702/3702
f 3700/3700 3706/3706 3705/3705
f 3707/3707 3706/3706 3700/3700
f 3702/3702 3705/3705 3708/3708
f 3709/3709 3702/3702 3708/3708
f 3710/3710 3702/3702 3709/3709
f 3709/3709 3708/3708 3711/3711
f 3709/3709 3711/3711 3712/3712
f 3712/3712 3711/3711 3713/3713
f 3714/3714 3709/3709 3712/3712
f 3717/3717 3716/3716 3715/3715
f 3715/3715 3716/3716 3718/3718
f 3719/3719 3715/3715 3718/3718
f 3719/3719 3720/3720 3715/3715
f 3721/3721 3720/3720 3719/3719
f 3721/3721 3719/3719 3722/3722
f 3715/3715 3720/3720 3723/3723
f 3715/3715 3723/3723 3724/3724
f 3723/3723 3725/3725 3724/3724
f 3726/3726 3725/3725 3723/3723
f 3729/3729 3728/3728 3727/3727
f 3727/3727 3728/3728 3730/3730
f 3731/3731 3727/3727 3730/3730
f 3730/3730 3732/3732 3731/3731
f 3733/3733 3731/3731 3732/3732
f 3734/3734 3731/3731 3733/3733
f 3727/3727 3731/3731 3735/3735
f 3735/3735 3731/3731 3736/3736
f 3735/3735 3736/3736 3737/3737
f 3738/3738 3735/3735 3737/3737
f 3741/3741 3740/3740 3739/3739
f 3740/3740 3742/3742 3739/3739
f 3742/3742 3743/3743 3739/3739
f 3743/3743 3744/3744 3739/3739
f 3745/3745 3744/3744 3743/3743
f 3739/3739 3744/3744 3746/3746
f 3746/3746 3744/3744 3747/3747
f 3748/3748 3739/3739 3746/3746
f 3749/3749 3748/3748 3746/3746
f 3748/3748 3750/3750 3739/3739
f 3751/3751 3750/3750 3748/3748
f 3752/3752 3750/3750 3751/3751
f 3753/3753 3750/3750 3752/3752
f 3754/3754 3739/3739 3750/3750
f 3755/3755 3754/3754 3750/3750
f 3756/3756 3739/3739 3754/3754
f 3759/3759 3758/3758 3757/3757
f 3757/3757 3758/3758 3760/3760
f 3761/3761 3757/3757 3760/3760
f 3762/3762 3757/3757 3761/3761
f 3762/3762 3761/3761 3763/3763
f 3764/3764 3763/3763 3761/3761
f 3765/3765 3763/3763 3764/3764
f 3762/3762 3763/3763 3766/3766
f 3766/3766 3767/3767 3762/3762
f 3768/3768 3767/3767 3766/3766
f 3771/3771 3770/3770 3769/3769
f 3771/3771 3772/3772 3770/3770
f 3770/3770 3772/3772 3773/3773
f 3772/3772 3771/3771 3774/3774
f 3774/3774 3771/3771 3775/3775
f 3775/3775 3771/3771 3776/3776
f 3774/3774 3777/3777 3772/3772
f 3772/3772 3777/3777 3778/3778
f 3772/3772 3778/3778 3779/3779
f 3777/3777 3774/3774 3780/3780
f 3780/3780 3774/3774 3781/3781
f 3780/3780 3781/3781 3782/3782
f 3782/3782 3781/3781 3783/3783
f 3782/3782 3784/3784 3780/3780
f 3780/3780 3784/3784 3785/3785
f 3784/3784 3782/3782 3786/3786
f 3789/3789 3788/3788 3787/3787
f 3787/3787 3788/3788 3790/3790
f 3791/3791 3790/3790 3788/3788
f 3788/3788 3792/3792 3791/3791
f 3791/3791 3792/3792 3793/3793
f 3793/3793 3794/3794 3791/3791
f 3795/3795 3794/3794 3793/3793
f 3793/3793 3792/3792 3796/3796
f 3796/3796 3792/3792 3797/3797
f 3798/3798 3796/3796 3797/3797
f 3801/3801 3800/3800 3799/3799
f 3802/3802 3801/3801 3799/3799
f 3803/3803 3802/3802 3799/3799
f 3803/3803 3804/3804 3802/3802
f 3807/3807 3806/3806 3805/3805
f 3805/3805 3806/3806 3808/3808
f 3808/3808 3806/3806 3809/3809
f 3809/3809 3806/3806 3810/3810
f 3810/3810 3806/3806 3811/3811
f 3811/3811 3806/3806 3812/3812
f 3806/3806 3813/3813 3812/3812
f 3813/3813 3814/3814 3812/3812
f 3813/3813 3815/3815 3814/3814
f 3813/3813 3816/3816 3815/3815
f 3816/3816 3817/3817 3815/3815
f 3817/3817 3818/3818 3815/3815
f 3817/3817 3819/3819 3818/3818
f 3819/3819 3820/3820 3818/3818
f 3820/3820 3821/3821 3818/3818
f 3821/3821 3822/3822 3818/3818
f 3825/3825 3824/3824 3823/3823
f 3825/3825 3823/3823 3826/3826
f 3826/3826 3823/3823 3827/3827
f 3823/3823 3828/3828 3827/3827
f 3827/3827 3828/3828 3829/3829
f 3828/3828 3830/3830 3829/3829
f 3833/3833 3832/3832 3831/3831
f 3831/3831 3834/3834 3833/3833
f 3835/3835 3833/3833 3834/3834
f 3835/3835 3834/3834 3836/3836
f 3835/3835 3836/3836 3837/3837
f 3838/3838 3835/3835 3837/3837
f 3838/3838 3837/3837 3839/3839
f 3840/3840 3838/3838 3839/3839
f 3840/3840 3839/3839 3841/3841
f 3842/3842 3840/3840 3841/3841
f 3842/3842 3841/3841 3843/3843
f 3844/3844 3842/3842 3843/3843
f 3844/3844 3843/3843 3845/3845
f 3844/3844 3845/3845 3846/3846
f 3847/3847 3844/3844 3846/3846
f 3847/3847 3846/3846 3848/3848
f 3849/3849 3847/3847 3848/3848
f 3849/3849 3848/3848 3850/3850
f 3851/3851 3849/3849 3850/3850
f 3852/3852 3851/3851 3850/3850
f 3852/3852 3853/3853 3851/3851
f 3856/3856 3855/3855 3854/3854
f 3854/3854 3857/3857 3856/3856
f 3858/3858 3856/3856 3857/3857
f 3858/3858 3857/3857 3859/3859
f 3858/3858 3859/3859 3860/3860
f 3861/3861 3858/3858 3860/3860
f 3861/3861 3860/3860 3862/3862
f 3863/3863 3861/3861 3862/3862
f 3863/3863 3862/3862 3864/3864
f 3865/3865 3863/3863 3864/3864
f 3865/3865 3864/3864 3866/3866
f 3867/3867 3865/3865 3866/3866
f 3867/3867 3866/3866 3868/3868
f 3867/3867 3868/3868 3869/3869
f 3870/3870 3867/3867 3869/3869
f 3870/3870 3869/3869 3871/3871
f 3872/3872 3870/3870 3871/3871
f 3872/3872 3871/3871 3873/3873
f 3874/3874 3872/3872 3873/3873
f 3873/3873 3875/3875 3874/3874
f 3875/3875 3876/3876 3874/3874
f 3879/3879 3878/3878 3877/3877
f 3880/3880 3878/3878 3879/3879
f 3881/3881 3880/3880 3879/3879
f 3881/3881 3879/3879 3882/3882
f 3883/3883 3881/3881 3882/3882
f 3884/3884 3883/3883 3882/3882
f 3879/3879 3885/3885 3882/3882
f 3886/3886 3884/3884 3882/3882
f 3887/3887 3884/3884 3886/3886
f 3888/3888 3887/3887 3886/3886
f 3889/3889 3888/3888 3886/3886
f 3890/3890 3889/3889 3886/3886
f 3882/3882 3885/3885 3891/3891
f 3890/3890 3892/3892 3889/3889
f 3892/3892 3893/3893 3889/3889
f 3892/3892 3894/3894 3893/3893
f 3892/3892 3895/3895 3894/3894
f 3896/3896 3892/3892 3890/3890
f 3897/3897 3896/3896 3890/3890
f 3897/3897 3898/3898 3896/3896
f 3896/3896 3898/3898 3899/3899
f 3900/3900 3897/3897 3890/3890
f 3901/3901 3900/3900 3890/3890
f 3902/3902 3900/3900 3901/3901
f 3903/3903 3902/3902 3901/3901
f 3901/3901 3904/3904 3903/3903
f 3905/3905 3904/3904 3901/3901
f 3906/3906 3905/3905 3901/3901
f 3907/3907 3906/3906 3901/3901
f 3908/3908 3906/3906 3907/3907
f 3909/3909 3908/3908 3907/3907
f 3909/3909 3910/3910 3908/3908
f 3909/3909 3911/3911 3910/3910
f 3912/3912 3909/3909 3907/3907
f 3913/3913 3912/3912 3907/3907
f 3914/3914 3913/3913 3907/3907
f 3913/3913 3915/3915 3912/3912
f 3915/3915 3916/3916 3912/3912
f 3912/3912 3916/3916 3917/3917
f 3918/3918 3913/3913 3914/3914
f 3919/3919 3918/3918 3914/3914
f 3920/3920 3919/3919 3914/3914
f 3921/3921 3920/3920 3914/3914
f 3922/3922 3920/3920 3921/3921
f 3923/3923 3922/3922 3921/3921
f 3924/3924 3923/3923 3921/3921
f 3925/3925 3924/3924 3921/3921
f 3925/3925 3926/3926 3924/3924
f 3925/3925 3927/3927 3926/3926
f 3928/3928 3925/3925 3921/3921
f 3929/3929 3928/3928 3921/3921
f 3930/3930 3928/3928 3929/3929
f 3930/3930 3931/3931 3928/3928
f 3931/3931 3932/3932 3928/3928
f 3928/3928 3932/3932 3933/3933
f 3934/3934 3930/3930 3929/3929
f 3935/3935 3934/3934 3929/3929
f 3936/3936 3935/3935 3929/3929
f 3937/3937 3936/3936 3929/3929
f 3938/3938 3937/3937 3929/3929
f 3939/3939 3937/3937 3938/3938
f 3940/3940 3939/3939 3938/3938
f 3941/3941 3940/3940 3938/3938
f 3941/3941 3942/3942 3940/3940
f 3941/3941 3943/3943 3942/3942
f 3944/3944 3941/3941 3938/3938
f 3945/3945 3941/3941 3944/3944
f 3946/3946 3945/3945 3944/3944
f 3947/3947 3946/3946 3944/3944
f 3946/3946 3948/3948 3945/3945
f 3948/3948 3949/3949 3945/3945
f 3945/3945 3949/3949 3950/3950
f 3951/3951 3947/3947 3944/3944
f 3952/3952 3951/3951 3944/3944
f 3953/3953 3951/3951 3952/3952
f 3954/3954 3953/3953 3952/3952
f 3955/3955 3954/3954 3952/3952
f 3956/3956 3955/3955 3952/3952
f 3956/3956 3957/3957 3955/3955
f 3957/3957 3958/3958 3955/3955
f 3957/3957 3959/3959 3958/3958
f 3957/3957 3960/3960 3959/3959
f 3961/3961 3957/3957 3956/3956
f 3962/3962 3961/3961 3956/3956
f 3962/3962 3963/3963 3961/3961
f 3961/3961 3963/3963 3964/3964
f 3965/3965 3962/3962 3956/3956
f 3966/3966 3965/3965 3956/3956
f 3967/3967 3965/3965 3966/3966
f 3968/3968 3967/3967 3966/3966
f 3968/3968 3966/3966 3969/3969
f 3970/3970 3969/3969 3966/3966
f 3971/3971 3970/3970 3966/3966
f 3972/3972 3971/3971 3966/3966
f 3973/3973 3971/3971 3972/3972
f 3974/3974 3973/3973 3972/3972
f 3974/3974 3975/3975 3973/3973
f 3976/3976 3975/3975 3974/3974
f 3977/3977 3974/3974 3972/3972
f 3978/3978 3977/3977 3972/3972
f 3979/3979 3978/3978 3972/3972
f 3978/3978 3980/3980 3977/3977
f 3980/3980 3981/3981 3977/3977
f 3982/3982 3977/3977 3981/3981
f 3983/3983 3978/3978 3979/3979
f 3984/3984 3983/3983 3979/3979
f 3985/3985 3984/3984 3979/3979
f 3986/3986 3985/3985 3979/3979
f 3987/3987 3985/3985 3986/3986
f 3988/3988 3987/3987 3986/3986
f 3989/3989 3988/3988 3986/3986
f 3990/3990 3989/3989 3986/3986
f 3990/3990 3991/3991 3989/3989
f 3992/3992 3991/3991 3990/3990
f 3993/3993 3990/3990 3986/3986
f 3994/3994 3993/3993 3986/3986
f 3995/3995 3993/3993 3994/3994
f 3995/3995 3996/3996 3993/3993
f 3996/3996 3997/3997 3993/3993
f 3998/3998 3993/3993 3997/3997
f 3999/3999 3995/3995 3994/3994
f 4000/4000 3999/3999 3994/3994
f 4001/4001 4000/4000 3994/3994
f 4002/4002 4001/4001 3994/3994
f 3891/3891 4002/4002 3994/3994
f 4003/4003 4002/4002 3891/3891
f 4004/4004 4003/4003 3891/3891
f 3885/3885 4004/4004 3891/3891
f 3885/3885 4005/4005 4004/4004
f 4006/4006 4005/4005 3885/3885
f 4009/4009 4008/4008 4007/4007
f 4009/4009 4007/4007 4010/4010
f 4010/4010 4007/4007 4011/4011
f 4007/4007 4012/4012 4011/4011
f 4011/4011 4012/4012 4013/4013
f 4012/4012 4014/4014 4013/4013
f 4017/4017 4016/4016 4015/4015
f 4017/4017 4015/4015 4018/4018
f 4019/4019 4017/4017 4018/4018
f 4019/4019 4018/4018 4020/4020
f 4019/4019 4020/4020 4021/4021
f 4022/4022 4019/4019 4021/4021
f 4022/4022 4021/4021 4023/4023
f 4024/4024 4022/4022 4023/4023
f 4024/4024 4023/4023 4025/4025
f 4026/4026 4024/4024 4025/4025
f 4026/4026 4025/4025 4027/4027
f 4028/4028 4026/4026 4027/4027
f 4028/4028 4027/4027 4029/4029
f 4028/4028 4029/4029 4030/4030
f 4031/4031 4028/4028 4030/4030
f 4031/4031 4030/4030 4032/4032
f 4033/4033 4031/4031 4032/4032
f 4033/4033 4032/4032 4034/4034
f 4035/4035 4033/4033 4034/4034
f 4036/4036 4035/4035 4034/4034
f 4036/4036 4037/4037 4035/4035
f 4040/4040 4039/4039 4038/4038
f 4040/4040 4038/4038 4041/4041
f 4041/4041 4038/4038 4042/4042
f 4038/4038 4043/4043 4042/4042
f 4042/4042 4043/4043 4044/4044
f 4043/4043 4045/4045 4044/4044
f 4048/4048 4047/4047 4046/4046
f 4049/4049 4048/4048 4046/4046
f 4050/4050 4048/4048 4049/4049
f 4050/4050 4049/4049 4051/4051
f 4050/4050 4051/4051 4052/4052
f 4053/4053 4050/4050 4052/4052
f 4053/4053 4052/4052 4054/4054
f 4055/4055 4053/4053 4054/4054
f 4055/4055 4054/4054 4056/4056
f 4057/4057 4055/4055 4056/4056
f 4057/4057 4056/4056 4058/4058
f 4059/4059 4057/4057 4058/4058
f 4059/4059 4058/4058 4060/4060
f 4059/4059 4060/4060 4061/4061
f 4062/4062 4059/4059 4061/4061
f 4062/4062 4061/4061 4063/4063
f 4064/4064 4062/4062 4063/4063
f 4064/4064 4063/4063 4065/4065
f 4066/4066 4064/4064 4065/4065
f 4067/4067 4066/4066 4065/4065
f 4067/4067 4068/4068 4066/4066
f 4071/4071 4070/4070 4069/4069
f 4071/4071 4069/4069 4072/4072
f 4072/4072 4069/4069 4073/4073
f 4069/4069 4074/4074 4073/4073
f 4073/4073 4074/4074 4075/4075
f 4074/4074 4076/4076 4075/4075
f 4079/4079 4078/4078 4077/4077
f 4080/4080 4078/4078 4079/4079
f 4081/4081 4078/4078 4080/4080
f 4081/4081 4080/4080 4082/4082
f 4081/4081 4082/4082 4083/4083
f 4084/4084 4081/4081 4083/4083
f 4084/4084 4083/4083 4085/4085
f 4086/4086 4084/4084 4085/4085
f 4086/4086 4085/4085 4087/4087
f 4088/4088 4086/4086 4087/4087
f 4088/4088 4087/4087 4089/4089
f 4090/4090 4088/4088 4089/4089
f 4090/4090 4089/4089 4091/4091
f 4090/4090 4091/4091 4092/4092
f 4093/4093 4090/4090 4092/4092
f 4093/4093 4092/4092 4094/4094
f 4095/4095 4093/4093 4094/4094
f 4095/4095 4094/4094 4096/4096
f 4097/4097 4095/4095 4096/4096
f 4096/4096 4098/4098 4097/4097
f 4099/4099 4097/4097 4098/4098
f 4102/4102 4101/4101 4100/4100
f 4102/4102 4100/4100 4103/4103
f 4103/4103 4100/4100 4104/4104
f 4100/4100 4105/4105 4104/4104
f 4104/4104 4105/4105 4106/4106
f 4105/4105 4107/4107 4106/4106
f 4110/4110 4109/4109 4108/4108
f 4109/4109 4110/4110 4111/4111
f 4112/4112 4109/4109 4111/4111
f 4112/4112 4111/4111 4113/4113
f 4112/4112 4113/4113 4114/4114
f 4115/4115 4112/4112 4114/4114
f 4115/4115 4114/4114 4116/4116
f 4117/4117 4115/4115 4116/4116
f 4117/4117 4116/4116 4118/4118
f 4119/4119 4117/4117 4118/4118
f 4119/4119 4118/4118 4120/4120
f 4121/4121 4119/4119 4120/4120
f 4121/4121 4120/4120 4122/4122
f 4121/4121 4122/4122 4123/4123
f 4124/4124 4121/4121 4123/4123
f 4124/4124 4123/4123 4125/4125
f 4126/4126 4124/4124 4125/4125
f 4126/4126 4125/4125 4127/4127
f 4128/4128 4126/4126 4127/4127
f 4128/4128 4127/4127 4129/4129
f 4130/4130 4128/4128 4129/4129
f 4133/4133 4132/4132 4131/4131
f 4133/4133 4131/4131 4134/4134
f 4134/4134 4131/4131 4135/4135
f 4131/4131 4136/4136 4135/4135
f 4135/4135 4136/4136 4137/4137
f 4136/4136 4138/4138 4137/4137
f 4141/4141 4140/4140 4139/4139
f 4142/4142 4141/4141 4139/4139
f 4143/4143 4141/4141 4142/4142
f 4143/4143 4142/4142 4144/4144
f 4143/4143 4144/4144 4145/4145
f 4146/4146 4143/4143 4145/4145
f 4146/4146 4145/4145 4147/4147
f 4148/4148 4146/4146 4147/4147
f 4148/4148 4147/4147 4149/4149
f 4150/4150 4148/4148 4149/4149
f 4150/4150 4149/4149 4151/4151
f 4152/4152 4150/4150 4151/4151
f 4152/4152 4151/4151 4153/4153
f 4152/4152 4153/4153 4154/4154
f 4155/4155 4152/4152 4154/4154
f 4155/4155 4154/4154 4156/4156
f 4157/4157 4155/4155 4156/4156
f 4157/4157 4156/4156 4158/4158
f 4159/4159 4157/4157 4158/4158
f 4160/4160 4159/4159 4158/4158
f 4161/4161 4159/4159 4160/4160
f 4164/4164 4163/4163 4162/4162
f 4164/4164 4162/4162 4165/4165
f 4165/4165 4162/4162 4166/4166
f 4162/4162 4167/4167 4166/4166
f 4166/4166 4167/4167 4168/4168
f 4167/4167 4169/4169 4168/4168
f 4172/4172 4171/4171 4170/4170
f 4173/4173 4172/4172 4170/4170
f 4174/4174 4172/4172 4173/4173
f 4174/4174 4173/4173 4175/4175
f 4174/4174 4175/4175 4176/4176
f 4177/4177 4174/4174 4176/4176
f 4177/4177 4176/4176 4178/4178
f 4179/4179 4177/4177 4178/4178
f 4179/4179 4178/4178 4180/4180
f 4181/4181 4179/4179 4180/4180
f 4181/4181 4180/4180 4182/4182
f 4183/4183 4181/4181 4182/4182
f 4183/4183 4182/4182 4184/4184
f 4183/4183 4184/4184 4185/4185
f 4186/4186 4183/4183 4185/4185
f 4186/4186 4185/4185 4187/4187
f 4188/4188 4186/4186 4187/4187
f 4188/4188 4187/4187 4189/4189
f 4190/4190 4188/4188 4189/4189
f 4191/4191 4190/4190 4189/4189
f 4192/4192 4190/4190 4191/4191
f 4195/4195 4194/4194 4193/4193
f 4195/4195 4193/4193 4196/4196
f 4196/4196 4193/4193 4197/4197
f 4193/4193 4198/4198 4197/4197
f 4197/4197 4198/4198 4199/4199
f 4198/4198 4200/4200 4199/4199
f 4203/4203 4202/4202 4201/4201
f 4203/4203 4201/4201 4204/4204
f 4205/4205 4203/4203 4204/4204
f 4205/4205 4204/4204 4206/4206
f 4207/4207 4205/4205 4206/4206
f 4207/4207 4206/4206 4208/4208
f 4209/4209 4207/4207 4208/4208
f 4209/4209 4208/4208 4210/4210
f 4211/4211 4209/4209 4210/4210
f 4211/4211 4210/4210 4212/4212
f 4213/4213 4211/4211 4212/4212
f 4213/4213 4212/4212 4214/4214
f 4215/4215 4213/4213 4214/4214
f 4215/4215 4214/4214 4216/4216
f 4217/4217 4215/4215 4216/4216
f 4217/4217 4216/4216 4218/4218
f 4219/4219 4217/4217 4218/4218
f 4219/4219 4218/4218 4220/4220
f 4221/4221 4219/4219 4220/4220
f 4221/4221 4220/4220 4222/4222
f 4223/4223 4221/4221 4222/4222
f 4223/4223 4222/4222 4224/4224
f 4225/4225 4223/4223 4224/4224
f 4225/4225 4224/4224 4226/4226
f 4227/4227 4225/4225 4226/4226
f 4227/4227 4226/4226 4228/4228
f 4229/4229 4227/4227 4228/4228
f 4229/4229 4228/4228 4230/4230
f 4231/4231 4229/4229 4230/4230
f 4231/4231 4230/4230 4232/4232
f 4233/4233 4231/4231 4232/4232
f 4233/4233 4232/4232 4234/4234
f 4235/4235 4233/4233 4234/4234
f 4235/4235 4234/4234 4236/4236
f 4237/4237 4235/4235 4236/4236
f 4237/4237 4236/4236 4238/4238
f 4241/4241 4240/4240 4239/4239
f 4241/4241 4239/4239 4242/4242
f 4243/4243 4241/4241 4242/4242
f 4243/4243 4242/4242 4244/4244
f 4245/4245 4243/4243 4244/4244
f 4245/4245 4244/4244 4246/4246
f 4247/4247 4245/4245 4246/4246
f 4247/4247 4246/4246 4248/4248
f 4249/4249 4247/4247 4248/4248
f 4249/4249 4248/4248 4250/4250
f 4249/4249 4250/4250 4251/4251
f 4252/4252 4249/4249 4251/4251
f 4253/4253 4252/4252 4251/4251
f 4253/4253 4251/4251 4254/4254
f 4255/4255 4253/4253 4254/4254
f 4255/4255 4254/4254 4256/4256
f 4257/4257 4255/4255 4256/4256
f 4257/4257 4256/4256 4258/4258
f 4259/4259 4257/4257 4258/4258
f 4259/4259 4258/4258 4260/4260
f 4261/4261 4259/4259 4260/4260
f 4261/4261 4260/4260 4262/4262
f 4263/4263 4261/4261 4262/4262
f 4263/4263 4262/4262 4264/4264
f 4265/4265 4263/4263 4264/4264
f 4265/4265 4264/4264 4266/4266
f 4267/4267 4265/4265 4266/4266
f 4267/4267 4266/4266 4268/4268
f 4269/4269 4267/4267 4268/4268
f 4269/4269 4268/4268 4270/4270
f 4271/4271 4269/4269 4270/4270
f 4271/4271 4270/4270 4272/4272
f 4273/4273 4271/4271 4272/4272
f 4273/4273 4272/4272 4274/4274
f 4275/4275 4273/4273 4274/4274
f 4275/4275 4274/4274 4276/4276
f 4279/4279 4278/4278 4277/4277
f 4278/4278 4280/4280 4277/4277
f 4278/4278 4281/4281 4280/4280
f 4281/4281 4282/4282 4280/4280
f 4281/4281 4283/4283 4282/4282
f 4283/4283 4284/4284 4282/4282
f 4283/4283 4285/4285 4284/4284
f 4285/4285 4286/4286 4284/4284
f 4285/4285 4287/4287 4286/4286
f 4287/4287 4288/4288 4286/4286
f 4287/4287 4289/4289 4288/4288
f 4289/4289 4290/4290 4288/4288
f 4289/4289 4291/4291 4290/4290
f 4291/4291 4292/4292 4290/4290
f 4291/4291 4293/4293 4292/4292
f 4293/4293 4294/4294 4292/4292
f 4293/4293 4295/4295 4294/4294
f 4295/4295 4296/4296 4294/4294
f 4295/4295 4297/4297 4296/4296
f 4297/4297 4298/4298 4296/4296
f 4297/4297 4299/4299 4298/4298
f 4299/4299 4300/4300 4298/4298
f 4299/4299 4301/4301 4300/4300
f 4301/4301 4302/4302 4300/4300
f 4301/4301 4303/4303 4302/4302
f 4303/4303 4304/4304 4302/4302
f 4303/4303 4305/4305 4304/4304
f 4305/4305 4306/4306 4304/4304
f 4305/4305 4307/4307 4306/4306
f 4307/4307 4308/4308 4306/4306
f 4307/4307 4309/4309 4308/4308
f 4309/4309 4310/4310 4308/4308
f 4309/4309 4311/4311 4310/4310
f 4311/4311 4312/4312 4310/4310
f 4311/4311 4313/4313 4312/4312
f 4313/4313 4314/4314 4312/4312
f 4317/4317 4316/4316 4315/4315
f 4317/4317 4315/4315 4318/4318
f 4319/4319 4317/4317 4318/4318
f 4319/4319 4318/4318 4320/4320
f 4321/4321 4319/4319 4320/4320
f 4321/4321 4320/4320 4322/4322
f 4323/4323 4321/4321 4322/4322
f 4323/4323 4322/4322 4324/4324
f 4325/4325 4323/4323 4324/4324
f 4325/4325 4324/4324 4326/4326
f 4327/4327 4325/4325 4326/4326
f 4327/4327 4326/4326 4328/4328
f 4329/4329 4327/4327 4328/4328
f 4329/4329 4328/4328 4330/4330
f 4329/4329 4330/4330 4331/4331
f 4332/4332 4329/4329 4331/4331
f 4333/4333 4332/4332 4331/4331
f 4333/4333 4331/4331 4334/4334
f 4333/4333 4334/4334 4335/4335
f 4336/4336 4333/4333 4335/4335
f 4337/4337 4336/4336 4335/4335
f 4337/4337 4335/4335 4338/4338
f 4339/4339 4337/4337 4338/4338
f 4339/4339 4338/4338 4340/4340
f 4341/4341 4339/4339 4340/4340
f 4341/4341 4340/4340 4342/4342
f 4343/4343 4341/4341 4342/4342
f 4343/4343 4342/4342 4344/4344
f 4345/4345 4343/4343 4344/4344
f 4345/4345 4344/4344 4346/4346
f 4347/4347 4345/4345 4346/4346
f 4347/4347 4346/4346 4348/4348
f 4349/4349 4347/4347 4348/4348
f 4349/4349 4348/4348 4350/4350
f 4351/4351 4349/4349 4350/4350
f 4351/4351 4350/4350 4352/4352
f 4355/4355 4354/4354 4353/4353
f 4353/4353 4354/4354 4356/4356
f 4354/4354 4357/4357 4356/4356
f 4354/4354 4358/4358 4357/4357
f 4358/4358 4359/4359 4357/4357
f 4358/4358 4360/4360 4359/4359
f 4360/4360 4361/4361 4359/4359
f 4360/4360 4362/4362 4361/4361
f 4362/4362 4363/4363 4361/4361
f 4362/4362 4364/4364 4363/4363
f 4364/4364 4365/4365 4363/4363
f 4365/4365 4366/4366 4363/4363
f 4365/4365 4367/4367 4366/4366
f 4367/4367 4368/4368 4366/4366
f 4367/4367 4369/4369 4368/4368
f 4369/4369 4370/4370 4368/4368
f 4371/4371 4370/4370 4369/4369
f 4371/4371 4369/4369 4372/4372
f 4372/4372 4373/4373 4371/4371
f 4373/4373 4374/4374 4371/4371
f 4373/4373 4375/4375 4374/4374
f 4373/4373 4376/4376 4375/4375
f 4376/4376 4377/4377 4375/4375
f 4376/4376 4378/4378 4377/4377
f 4381/4381 4380/4380 4379/4379
f 4379/4379 4380/4380 4382/4382
f 4380/4380 4383/4383 4382/4382
f 4383/4383 4384/4384 4382/4382
f 4383/4383 4385/4385 4384/4384
f 4385/4385 4386/4386 4384/4384
f 4385/4385 4387/4387 4386/4386
f 4387/4387 4388/4388 4386/4386
f 4387/4387 4389/4389 4388/4388
f 4387/4387 4390/4390 4389/4389
f 4390/4390 4391/4391 4389/4389
f 4390/4390 4392/4392 4391/4391
f 4392/4392 4393/4393 4391/4391
f 4392/4392 4394/4394 4393/4393
f 4394/4394 4395/4395 4393/4393
f 4394/4394 4396/4396 4395/4395
f 4397/4397 4395/4395 4396/4396
f 4397/4397 4396/4396 4398/4398
f 4398/4398 4399/4399 4397/4397
f 4399/4399 4400/4400 4397/4397
f 4399/4399 4401/4401 4400/4400
f 4401/4401 4402/4402 4400/4400
f 4401/4401 4403/4403 4402/4402
f 4403/4403 4404/4404 4402/4402
f 4407/4407 4406/4406 4405/4405
f 4406/4406 4408/4408 4405/4405
f 4408/4408 4409/4409 4405/4405
f 4409/4409 4410/4410 4405/4405
f 4409/4409 4411/4411 4410/4410
f 4409/4409 4412/4412 4411/4411
f 4412/4412 4413/4413 4411/4411
f 4412/4412 4414/4414 4413/4413
f 4414/4414 4415/4415 4413/4413
f 4414/4414 4416/4416 4415/4415
f 4416/4416 4417/4417 4415/4415
f 4416/4416 4418/4418 4417/4417
f 4418/4418 4419/4419 4417/4417
f 4418/4418 4420/4420 4419/4419
f 4420/4420 4421/4421 4419/4419
f 4420/4420 4422/4422 4421/4421
f 4421/4421 4422/4422 4423/4423
f 4424/4424 4421/4421 4423/4423
f 4423/4423 4425/4425 4424/4424
f 4425/4425 4426/4426 4424/4424
f 4425/4425 4427/4427 4426/4426
f 4427/4427 4428/4428 4426/4426
f 4427/4427 4429/4429 4428/4428
f 4429/4429 4430/4430 4428/4428
f 4433/4433 4432/4432 4431/4431
f 4432/4432 4434/4434 4431/4431
f 4434/4434 4435/4435 4431/4431
f 4434/4434 4436/4436 4435/4435
f 4436/4436 4437/4437 4435/4435
f 4436/4436 4438/4438 4437/4437
f 4438/4438 4439/4439 4437/4437
f 4438/4438 4440/4440 4439/4439
f 4440/4440 4441/4441 4439/4439
f 4440/4440 4442/4442 4441/4441
f 4442/4442 4443/4443 4441/4441
f 4443/4443 4444/4444 4441/4441
f 4443/4443 4445/4445 4444/4444
f 4445/4445 4446/4446 4444/4444
f 4445/4445 4447/4447 4446/4446
f 4447/4447 4448/4448 4446/4446
f 4449/4449 4448/4448 4447/4447
f 4449/4449 4447/4447 4450/4450
f 4450/4450 4451/4451 4449/4449
f 4451/4451 4452/4452 4449/4449
f 4451/4451 4453/4453 4452/4452
f 4451/4451 4454/4454 4453/4453
f 4454/4454 4455/4455 4453/4453
f 4454/4454 4456/4456 4455/4455
f 4459/4459 4458/4458 4457/4457
f 4458/4458 4460/4460 4457/4457
f 4457/4457 4460/4460 4461/4461
f 4458/4458 4462/4462 4460/4460
f 4460/4460 4463/4463 4461/4461
f 4464/4464 4462/4462 4458/4458
f 4461/4461 4463/4463 4465/4465
f 4463/4463 4466/4466 4465/4465
f 4465/4465 4466/4466 4467/4467
f 4466/4466 4468/4468 4467/4467
f 4467/4467 4468/4468 4469/4469
f 4468/4468 4470/4470 4469/4469
f 4469/4469 4470/4470 4471/4471
f 4470/4470 4472/4472 4471/4471
f 4471/4471 4472/4472 4473/4473
f 4472/4472 4474/4474 4473/4473
f 4473/4473 4474/4474 4475/4475
f 4474/4474 4476/4476 4475/4475
f 4475/4475 4476/4476 4477/4477
f 4476/4476 4478/4478 4477/4477
f 4477/4477 4478/4478 4479/4479
f 4478/4478 4480/4480 4479/4479
f 4479/4479 4480/4480 4481/4481
f 4480/4480 4482/4482 4481/4481
f 4481/4481 4482/4482 4483/4483
f 4483/4483 4482/4482 4484/4484
f 4482/4482 4485/4485 4484/4484
f 4484/4484 4485/4485 4486/4486
f 4485/4485 4487/4487 4486/4486
f 4486/4486 4487/4487 4488/4488
f 4487/4487 4489/4489 4488/4488
f 4488/4488 4489/4489 4490/4490
f 4489/4489 4491/4491 4490/4490
f 4490/4490 4491/4491 4492/4492
f 4492/4492 4491/4491 4493/4493
f 4492/4492 4493/4493 4494/4494
f 4494/4494 4493/4493 4495/4495
f 4496/4496 4494/4494 4495/4495
f 4496/4496 4495/4495 4464/4464
f 4464/4464 4495/4495 4462/4462
f 4499/4499 4498/4498 4497/4497
f 4500/4500 4497/4497 4498/4498
f 4500/4500 4501/4501 4497/4497
f 4502/4502 4501/4501 4500/4500
f 4505/4505 4504/4504 4503/4503
f 4505/4505 4506/4506 4504/4504
f 4506/4506 4507/4507 4504/4504
f 4507/4507 4508/4508 4504/4504
f 4508/4508 4507/4507 4509/4509
f 4509/4509 4507/4507 4510/4510
f 4504/4504 4508/4508 4511/4511
f 4504/4504 4511/4511 4512/4512
f 4511/4511 4513/4513 4512/4512
f 4512/4512 4513/4513 4514/4514
f 4517/4517 4516/4516 4515/4515
f 4518/4518 4516/4516 4517/4517
f 4518/4518 4517/4517 4519/4519
f 4519/4519 4517/4517 4520/4520
f 4521/4521 4519/4519 4520/4520
f 4521/4521 4522/4522 4519/4519
f 4519/4519 4522/4522 4523/4523
f 4524/4524 4521/4521 4520/4520
f 4524/4524 4520/4520 4525/4525
f 4525/4525 4520/4520 4526/4526
f 4529/4529 4528/4528 4527/4527
f 4529/4529 4530/4530 4528/4528
f 4531/4531 4530/4530 4529/4529
f 4529/4529 4532/4532 4531/4531
f 4533/4533 4532/4532 4529/4529
f 4531/4531 4532/4532 4534/4534
f 4535/4535 4530/4530 4531/4531
f 4535/4535 4531/4531 4536/4536
f 4536/4536 4531/4531 4537/4537
f 4538/4538 4535/4535 4536/4536
f 4539/4539 4530/4530 4535/4535
f 4539/4539 4540/4540 4530/4530
f 4539/4539 4535/4535 4541/4541
f 4541/4541 4535/4535 4542/4542
f 4543/4543 4540/4540 4539/4539
f 4540/4540 4543/4543 4544/4544
f 4547/4547 4546/4546 4545/4545
f 4547/4547 4545/4545 4548/4548
f 4548/4548 4549/4549 4547/4547
f 4547/4547 4549/4549 4550/4550
f 4545/4545 4551/4551 4548/4548
f 4552/4552 4551/4551 4545/4545
f 4553/4553 4551/4551 4552/4552
f 4548/4548 4551/4551 4554/4554
f 4555/4555 4548/4548 4554/4554
f 4556/4556 4548/4548 4555/4555
f 4555/4555 4554/4554 4557/4557
f 4557/4557 4554/4554 4558/4558
f 4555/4555 4559/4559 4556/4556
f 4559/4559 4555/4555 4560/4560
f 4556/4556 4559/4559 4561/4561
f 4556/4556 4561/4561 4562/4562
f 4565/4565 4564/4564 4563/4563
f 4565/4565 4566/4566 4564/4564
f 4567/4567 4564/4564 4566/4566
f 4568/4568 4564/4564 4567/4567
f 4569/4569 4568/4568 4567/4567
f 4570/4570 4569/4569 4567/4567
f 4567/4567 4566/4566 4571/4571
f 4572/4572 4567/4567 4571/4571
f 4572/4572 4571/4571 4573/4573
f 4573/4573 4571/4571 4574/4574
f 4577/4577 4576/4576 4575/4575
f 4575/4575 4576/4576 4578/4578
f 4578/4578 4576/4576 4579/4579
f 4579/4579 4576/4576 4580/4580
f 4581/4581 4578/4578 4579/4579
f 4582/4582 4581/4581 4579/4579
f 4583/4583 4578/4578 4581/4581
f 4584/4584 4578/4578 4583/4583
f 4585/4585 4578/4578 4584/4584
f 4586/4586 4585/4585 4584/4584
f 4583/4583 4587/4587 4584/4584
f 4588/4588 4584/4584 4587/4587
f 4589/4589 4587/4587 4583/4583
f 4590/4590 4587/4587 4589/4589
f 4591/4591 4589/4589 4583/4583
f 4592/4592 4589/4589 4591/4591
f 4595/4595 4594/4594 4593/4593
f 4596/4596 4594/4594 4595/4595
f 4595/4595 4597/4597 4596/4596
f 4598/4598 4597/4597 4595/4595
f 4597/4597 4598/4598 4599/4599
f 4599/4599 4598/4598 4600/4600
f 4596/4596 4597/4597 4601/4601
f 4602/4602 4596/4596 4601/4601
f 4601/4601 4603/4603 4602/4602
f 4602/4602 4603/4603 4604/4604
f 4607/4607 4606/4606 4605/4605
f 4605/4605 4606/4606 4608/4608
f 4609/4609 4605/4605 4608/4608
f 4610/4610 4609/4609 4608/4608
f 4611/4611 4610/4610 4608/4608
f 4608/4608 4606/4606 4612/4612
f 4612/4612 4606/4606 4613/4613
f 4608/4608 4612/4612 4614/4614
f 4615/4615 4608/4608 4614/4614
f 4616/4616 4608/4608 4615/4615
f 4617/4617 4615/4615 4614/4614
f 4612/4612 4618/4618 4614/4614
f 4619/4619 4614/4614 4618/4618
f 4620/4620 4614/4614 4619/4619
f 4621/4621 4618/4618 4612/4612
f 4622/4622 4621/4621 4612/4612
f 4625/4625 4624/4624 4623/4623
f 4623/4623 4624/4624 4626/4626
f 4624/4624 4627/4627 4626/4626
f 4624/4624 4628/4628 4627/4627
f 4628/4628 4629/4629 4627/4627
f 4629/4629 4628/4628 4630/4630
f 4628/4628 4631/4631 4630/4630
f 4631/4631 4632/4632 4630/4630
f 4631/4631 4633/4633 4632/4632
f 4631/4631 4634/4634 4633/4633
f 4634/4634 4635/4635 4633/4633
f 4635/4635 4636/4636 4633/4633
f 4637/4637 4636/4636 4635/4635
f 4636/4636 4638/4638 4633/4633
f 4636/4636 4639/4639 4638/4638
f 4638/4638 4639/4639 4640/4640
f 4639/4639 4641/4641 4640/4640
f 4641/4641 4642/4642 4640/4640
f 4642/4642 4643/4643 4640/4640
f 4643/4643 4644/4644 4640/4640
f 4640/4640 4644/4644 4645/4645
f 4644/4644 4646/4646 4645/4645
f 4645/4645 4646/4646 4647/4647
f 4647/4647 4646/4646 4648/4648
f 4646/4646 4649/4649 4648/4648
f 4649/4649 4650/4650 4648/4648
f 4650/4650 4649/4649 4651/4651
f 4650/4650 4651/4651 4652/4652
f 4650/4650 4652/4652 4653/4653
f 4650/4650 4653/4653 4654/4654
f 4654/4654 4653/4653 4655/4655
f 4654/4654 4655/4655 4656/4656
f 4654/4654 4656/4656 4657/4657
f 4654/4654 4657/4657 4658/4658
f 4657/4657 4659/4659 4658/4658
f 4659/4659 4660/4660 4658/4658
f 4659/4659 4661/4661 4660/4660
f 4659/4659 4662/4662 4661/4661
f 4662/4662 4663/4663 4661/4661
f 4662/4662 4664/4664 4663/4663
f 4662/4662 4665/4665 4664/4664
f 4665/4665 4666/4666 4664/4664
f 4665/4665 4667/4667 4666/4666
f 4667/4667 4668/4668 4666/4666
f 4668/4668 4669/4669 4666/4666
f 4669/4669 4670/4670 4666/4666
f 4670/4670 4671/4671 4666/4666
f 4671/4671 4670/4670 4672/4672
f 4673/4673 4672/4672 4670/4670
f 4674/4674 4672/4672 4673/4673
f 4674/4674 4675/4675 4672/4672
f 4674/4674 4676/4676 4675/4675
f 4676/4676 4677/4677 4675/4675
f 4675/4675 4677/4677 4678/4678
f 4677/4677 4679/4679 4678/4678
f 4678/4678 4679/4679 4680/4680
f 4679/4679 4681/4681 4680/4680
f 4680/4680 4681/4681 4682/4682
f 4681/4681 4683/4683 4682/4682
f 4681/4681 4684/4684 4683/4683
f 4684/4684 4685/4685 4683/4683
f 4685/4685 4686/4686 4683/4683
f 4686/4686 4687/4687 4683/4683
f 4683/4683 4687/4687 4688/4688
f 4689/4689 4688/4688 4687/4687
f 4690/4690 4688/4688 4689/4689
f 4693/4693 4692/4692 4691/4691
f 4691/4691 4692/4692 4694/4694
f 4692/4692 4695/4695 4694/4694
f 4694/4694 4695/4695 4696/4696
f 4695/4695 4697/4697 4696/4696
f 4696/4696 4697/4697 4698/4698
f 4697/4697 4699/4699 4698/4698
f 4696/4696 4698/4698 4700/4700
f 4699/4699 4697/4697 4701/4701
f 4701/4701 4697/4697 4702/4702
f 4702/4702 4697/4697 4703/4703
f 4703/4703 4697/4697 4704/4704
f 4705/4705 4703/4703 4704/4704
f 4706/4706 4696/4696 4700/4700
f 4707/4707 4702/4702 4703/4703
f 4708/4708 4705/4705 4704/4704
f 4709/4709 4708/4708 4704/4704
f 4710/4710 4709/4709 4704/4704
f 4711/4711 4710/4710 4704/4704
f 4712/4712 4711/4711 4704/4704
f 4713/4713 4703/4703 4705/4705
f 4714/4714 4707/4707 4703/4703
f 4715/4715 4707/4707 4714/4714
f 4715/4715 4714/4714 4716/4716
f 4715/4715 4716/4716 4717/4717
f 4715/4715 4717/4717 4718/4718
f 4715/4715 4718/4718 4719/4719
f 4719/4719 4718/4718 4720/4720
f 4712/4712 4704/4704 4721/4721
f 4704/4704 4722/4722 4721/4721
f 4722/4722 4723/4723 4721/4721
f 4722/4722 4724/4724 4723/4723
f 4724/4724 4725/4725 4723/4723
f 4724/4724 4726/4726 4725/4725
f 4727/4727 4712/4712 4721/4721
f 4728/4728 4712/4712 4727/4727
f 4728/4728 4729/4729 4712/4712
f 4730/4730 4727/4727 4721/4721
f 4730/4730 4721/4721 4731/4731
f 4732/4732 4730/4730 4731/4731
f 4733/4733 4732/4732 4731/4731
f 4733/4733 4731/4731 4734/4734
f 4735/4735 4732/4732 4733/4733
f 4733/4733 4734/4734 4736/4736
f 4737/4737 4735/4735 4733/4733
f 4738/4738 4733/4733 4736/4736
f 4739/4739 4733/4733 4738/4738
f 4740/4740 4737/4737 4733/4733
f 4741/4741 4740/4740 4733/4733
f 4742/4742 4741/4741 4733/4733
f 4741/4741 4743/4743 4740/4740
f 4741/4741 4744/4744 4743/4743
f 4744/4744 4745/4745 4743/4743
f 4744/4744 4746/4746 4745/4745
f 4746/4746 4747/4747 4745/4745
f 4746/4746 4748/4748 4747/4747
f 4748/4748 4749/4749 4747/4747
f 4749/4749 4750/4750 4747/4747
f 4748/4748 4751/4751 4749/4749
f 4751/4751 4752/4752 4749/4749
f 4742/4742 4753/4753 4741/4741
f 4742/4742 4754/4754 4753/4753
f 4742/4742 4755/4755 4754/4754
f 4742/4742 4756/4756 4755/4755
f 4742/4742 4757/4757 4756/4756
f 4742/4742 4758/4758 4757/4757
f 4754/4754 4759/4759 4753/4753
f 4754/4754 4760/4760 4759/4759
f 4754/4754 4761/4761 4760/4760
f 4761/4761 4762/4762 4760/4760
f 4763/4763 4762/4762 4761/4761
f 4763/4763 4764/4764 4762/4762
f 4763/4763 4765/4765 4764/4764
f 4753/4753 4766/4766 4741/4741
f 4766/4766 4767/4767 4741/4741
f 4766/4766 4768/4768 4767/4767
f 4766/4766 4769/4769 4768/4768
f 4769/4769 4770/4770 4768/4768
f 4770/4770 4771/4771 4768/4768
f 4770/4770 4772/4772 4771/4771
f 4772/4772 4773/4773 4771/4771
f 4753/4753 4774/4774 4766/4766
f 4774/4774 4775/4775 4766/4766
f 4753/4753 4776/4776 4774/4774
f 4776/4776 4777/4777 4774/4774
f 4776/4776 4778/4778 4777/4777
f 4776/4776 4779/4779 4778/4778
f 4779/4779 4780/4780 4778/4778
f 4780/4780 4781/4781 4778/4778
f 4780/4780 4782/4782 4781/4781
f 4782/4782 4783/4783 4781/4781
f 4782/4782 4784/4784 4783/4783
f 4782/4782 4785/4785 4784/4784
f 4786/4786 4773/4773 4772/4772
f 4787/4787 4786/4786 4772/4772
f 4788/4788 4786/4786 4787/4787
f 4789/4789 4788/4788 4787/4787
f 4790/4790 4788/4788 4789/4789
f 4791/4791 4790/4790 4789/4789
f 4792/4792 4790/4790 4791/4791
f 4793/4793 4792/4792 4791/4791
f 4794/4794 4793/4793 4791/4791
f 4795/4795 4793/4793 4794/4794
f 4796/4796 4795/4795 4794/4794
f 4797/4797 4795/4795 4796/4796
f 4786/4786 4798/4798 4773/4773
f 4799/4799 4797/4797 4796/4796
f 4798/4798 4800/4800 4773/4773
f 4801/4801 4800/4800 4798/4798
f 4800/4800 4802/4802 4773/4773
f 4800/4800 4803/4803 4802/4802
f 4803/4803 4804/4804 4802/4802
f 4805/4805 4797/4797 4799/4799
f 4805/4805 4806/4806 4797/4797
f 4785/4785 4805/4805 4799/4799
f 4807/4807 4805/4805 4785/4785
f 4808/4808 4807/4807 4785/4785
f 4808/4808 4785/4785 4782/4782
f 4809/4809 4808/4808 4782/4782
f 4809/4809 4810/4810 4808/4808
f 4809/4809 4811/4811 4810/4810
f 4812/4812 4804/4804 4803/4803
f 4813/4813 4812/4812 4803/4803
f 4812/4812 4814/4814 4804/4804
f 4814/4814 4815/4815 4804/4804
f 4814/4814 4816/4816 4815/4815
f 4816/4816 4817/4817 4815/4815
f 4812/4812 4813/4813 4818/4818
f 4816/4816 4819/4819 4817/4817
f 4819/4819 4820/4820 4817/4817
f 4820/4820 4819/4819 4713/4713
f 4819/4819 4821/4821 4713/4713
f 4821/4821 4703/4703 4713/4713
f 4822/4822 4703/4703 4821/4821
f 4809/4809 4703/4703 4822/4822
f 4823/4823 4809/4809 4822/4822
f 4809/4809 4823/4823 4824/4824
f 4825/4825 4818/4818 4813/4813
f 4826/4826 4818/4818 4825/4825
f 4809/4809 4824/4824 4811/4811
f 4811/4811 4818/4818 4826/4826
f 4824/4824 4827/4827 4811/4811
f 4827/4827 4818/4818 4811/4811
f 4830/4830 4829/4829 4828/4828
f 4830/4830 4828/4828 4831/4831
f 4830/4830 4831/4831 4832/4832
f 4700/4700 4830/4830 4832/4832
f 4706/4706 4700/4700 4832/4832
f 4706/4706 4832/4832 4833/4833
f 4706/4706 4833/4833 4758/4758
f 4834/4834 4706/4706 4758/4758
f 4835/4835 4834/4834 4758/4758
f 4742/4742 4835/4835 4758/4758
f 4836/4836 4835/4835 4742/4742
f 4837/4837 4836/4836 4742/4742
f 4838/4838 4837/4837 4742/4742
f 4841/4841 4840/4840 4839/4839
f 4842/4842 4841/4841 4839/4839
f 4842/4842 4839/4839 4843/4843
f 4844/4844 4841/4841 4842/4842
f 4845/4845 4844/4844 4842/4842
f 4846/4846 4844/4844 4845/4845
f 4847/4847 4846/4846 4845/4845
f 4847/4847 4845/4845 4848/4848
f 4849/4849 4846/4846 4847/4847
f 4850/4850 4847/4847 4848/4848
f 4851/4851 4846/4846 4849/4849
f 4852/4852 4846/4846 4851/4851
f 4853/4853 4846/4846 4852/4852
f 4854/4854 4846/4846 4853/4853
f 4855/4855 4854/4854 4853/4853
f 4856/4856 4854/4854 4855/4855
f 4857/4857 4854/4854 4856/4856
f 4858/4858 4854/4854 4857/4857
f 4859/4859 4858/4858 4857/4857
f 4860/4860 4858/4858 4859/4859
f 4860/4860 4859/4859 4861/4861
f 4862/4862 4860/4860 4861/4861
f 4863/4863 4862/4862 4861/4861
f 4864/4864 4863/4863 4861/4861
f 4864/4864 4861/4861 4865/4865
f 4866/4866 4864/4864 4865/4865
f 4866/4866 4865/4865 4867/4867
f 4866/4866 4867/4867 4868/4868
f 4867/4867 4869/4869 4868/4868
f 4868/4868 4869/4869 4870/4870
f 4869/4869 4871/4871 4870/4870
f 4868/4868 4870/4870 4872/4872
f 4870/4870 4871/4871 4873/4873
f 4874/4874 4868/4868 4872/4872
f 4871/4871 4875/4875 4873/4873
f 4874/4874 4872/4872 4876/4876
f 4873/4873 4875/4875 4877/4877
f 4878/4878 4874/4874 4876/4876
f 4879/4879 4878/4878 4876/4876
f 4880/4880 4879/4879 4876/4876
f 4881/4881 4880/4880 4876/4876
f 4877/4877 4875/4875 4882/4882
f 4875/4875 4848/4848 4882/4882
f 4850/4850 4848/4848 4875/4875
f 4882/4882 4848/4848 4883/4883
f 4884/4884 4882/4882 4883/4883
f 4885/4885 4884/4884 4883/4883
f 4885/4885 4883/4883 4886/4886
f 4885/4885 4886/4886 4887/4887
f 4890/4890 4889/4889 4888/4888
f 4888/4888 4889/4889 4891/4891
f 4891/4891 4889/4889 4892/4892
f 4891/4891 4892/4892 4893/4893
f 4893/4893 4892/4892 4894/4894
f 4894/4894 4892/4892 4895/4895
f 4889/4889 4896/4896 4892/4892
f 4896/4896 4897/4897 4892/4892
f 4896/4896 4898/4898 4897/4897
f 4898/4898 4899/4899 4897/4897
f 4899/4899 4900/4900 4897/4897
f 4899/4899 4901/4901 4900/4900
f 4901/4901 4902/4902 4900/4900
f 4902/4902 4903/4903 4900/4900
f 4906/4906 4905/4905 4904/4904
f 4907/4907 4905/4905 4906/4906
f 4907/4907 4908/4908 4905/4905
f 4907/4907 4909/4909 4908/4908
f 4909/4909 4910/4910 4908/4908
f 4911/4911 4910/4910 4909/4909
f 4911/4911 4912/4912 4910/4910
f 4911/4911 4913/4913 4912/4912
f 4913/4913 4914/4914 4912/4912
f 4913/4913 4915/4915 4914/4914
f 4915/4915 4916/4916 4914/4914
f 4915/4915 4917/4917 4916/4916
f 4917/4917 4918/4918 4916/4916
f 4919/4919 4918/4918 4917/4917
f 4919/4919 4920/4920 4918/4918
f 4921/4921 4920/4920 4919/4919
f 4921/4921 4922/4922 4920/4920
f 4923/4923 4922/4922 4921/4921
f 4923/4923 4924/4924 4922/4922
f 4923/4923 4925/4925 4924/4924
f 4925/4925 4926/4926 4924/4924
f 4925/4925 4927/4927 4926/4926
f 4927/4927 4928/4928 4926/4926
f 4927/4927 4929/4929 4928/4928
f 4929/4929 4930/4930 4928/4928
f 4933/4933 4932/4932 4931/4931
f 4933/4933 4931/4931 4934/4934
f 4934/4934 4931/4931 4935/4935
f 4934/4934 4935/4935 4936/4936
f 4937/4937 4934/4934 4936/4936
f 4937/4937 4936/4936 4938/4938
f 4939/4939 4937/4937 4938/4938
f 4939/4939 4938/4938 4940/4940
f 4941/4941 4939/4939 4940/4940
f 4942/4942 4941/4941 4940/4940
f 4942/4942 4940/4940 4943/4943
f 4942/4942 4943/4943 4944/4944
f 4944/4944 4943/4943 4945/4945
f 4946/4946 4944/4944 4945/4945
f 4947/4947 4946/4946 4945/4945
f 4947/4947 4945/4945 4948/4948
f 4949/4949 4947/4947 4948/4948
f 4949/4949 4948/4948 4950/4950
f 4951/4951 4949/4949 4950/4950
f 4951/4951 4950/4950 4952/4952
f 4953/4953 4951/4951 4952/4952
f 4953/4953 4952/4952 4954/4954
f 4955/4955 4953/4953 4954/4954
f 4955/4955 4954/4954 4956/4956
f 4957/4957 4955/4955 4956/4956
f 4958/4958 4957/4957 4956/4956
f 4958/4958 4956/4956 4959/4959
f 4960/4960 4958/4958 4959/4959
f 4960/4960 4959/4959 4961/4961
f 4962/4962 4960/4960 4961/4961
f 4962/4962 4961/4961 4963/4963
f 4964/4964 4962/4962 4963/4963
f 4964/4964 4963/4963 4965/4965
f 4964/4964 4965/4965 4966/4966
f 4966/4966 4965/4965 4967/4967
f 4968/4968 4967/4967 4965/4965
f 4968/4968 4969/4969 4967/4967
f 4970/4970 4969/4969 4968/4968
f 4970/4970 4968/4968 4971/4971
f 4972/4972 4970/4970 4971/4971
f 4972/4972 4971/4971 4973/4973
f 4974/4974 4972/4972 4973/4973
f 4974/4974 4973/4973 4975/4975
f 4978/4978 4977/4977 4976/4976
f 4976/4976 4977/4977 4979/4979
f 4976/4976 4979/4979 4980/4980
f 4980/4980 4979/4979 4981/4981
f 4982/4982 4980/4980 4981/4981
f 4985/4985 4984/4984 4983/4983
f 4984/4984 4986/4986 4983/4983
f 4987/4987 4986/4986 4984/4984
f 4987/4987 4984/4984 4988/4988
f 4987/4987 4988/4988 4989/4989
f 4989/4989 4988/4988 4990/4990
f 4989/4989 4990/4990 4991/4991
f 4992/4992 4989/4989 4991/4991
f 4992/4992 4991/4991 4993/4993
f 4994/4994 4992/4992 4993/4993
f 4994/4994 4993/4993 4995/4995
f 4996/4996 4994/4994 4995/4995
f 4996/4996 4995/4995 4997/4997
f 4998/4998 4996/4996 4997/4997
f 4998/4998 4997/4997 4999/4999
f 4998/4998 4999/4999 5000/5000
f 5001/5001 4998/4998 5000/5000
f 5001/5001 5000/5000 5002/5002
f 5003/5003 5001/5001 5002/5002
f 5003/5003 5002/5002 5004/5004
f 5005/5005 5003/5003 5004/5004
f 5005/5005 5004/5004 5006/5006
f 5007/5007 5005/5005 5006/5006
f 5007/5007 5006/5006 5008/5008
f 5009/5009 5007/5007 5008/5008
f 5009/5009 5008/5008 5010/5010
f 5011/5011 5009/5009 5010/5010
f 5014/5014 5013/5013 5012/5012
f 5013/5013 5015/5015 5012/5012
f 5012/5012 5015/5015 5016/5016
f 5012/5012 5016/5016 5017/5017
f 5018/5018 5012/5012 5017/5017
f 5019/5019 5012/5012 5018/5018
f 5020/5020 5012/5012 5019/5019
f 5017/5017 5016/5016 5021/5021
f 5016/5016 5022/5022 5021/5021
f 5021/5021 5022/5022 5023/5023
f 5023/5023 5022/5022 5024/5024
f 5022/5022 5025/5025 5024/5024
f 5025/5025 5026/5026 5024/5024
f 5023/5023 5024/5024 5027/5027
f 5024/5024 5028/5028 5027/5027
f 5027/5027 5028/5028 5029/5029
f 5032/5032 5031/5031 5030/5030
f 5032/5032 5033/5033 5031/5031
f 5033/5033 5034/5034 5031/5031
f 5033/5033 5035/5035 5034/5034
f 5035/5035 5036/5036 5034/5034
f 5035/5035 5037/5037 5036/5036
f 5037/5037 5038/5038 5036/5036
f 5038/5038 5039/5039 5036/5036
f 5038/5038 5040/5040 5039/5039
f 5040/5040 5041/5041 5039/5039
f 5040/5040 5042/5042 5041/5041
f 5042/5042 5043/5043 5041/5041
f 5042/5042 5044/5044 5043/5043
f 5044/5044 5045/5045 5043/5043
f 5044/5044 5046/5046 5045/5045
f 5046/5046 5047/5047 5045/5045
f 5047/5047 5048/5048 5045/5045
f 5047/5047 5049/5049 5048/5048
f 5049/5049 5050/5050 5048/5048
f 5050/5050 5051/5051 5048/5048
f 5050/5050 5052/5052 5051/5051
f 5052/5052 5053/5053 5051/5051
f 5052/5052 5054/5054 5053/5053
f 5054/5054 5055/5055 5053/5053
f 5055/5055 5056/5056 5053/5053
f 5059/5059 5058/5058 5057/5057
f 5060/5060 5059/5059 5057/5057
f 5060/5060 5057/5057 5061/5061
f 5062/5062 5060/5060 5061/5061
f 5062/5062 5061/5061 5063/5063
f 5064/5064 5062/5062 5063/5063
f 5064/5064 5063/5063 5065/5065
f 5066/5066 5064/5064 5065/5065
f 5066/5066 5065/5065 5067/5067
f 5068/5068 5066/5066 5067/5067
f 5068/5068 5067/5067 5069/5069
f 5068/5068 5069/5069 5070/5070
f 5071/5071 5068/5068 5070/5070
f 5074/5074 5073/5073 5072/5072
f 5072/5072 5073/5073 5075/5075
f 5075/5075 5073/5073 5076/5076
f 5076/5076 5073/5073 5077/5077
f 5077/5077 5073/5073 5078/5078
f 5078/5078 5073/5073 5079/5079
f 5078/5078 5079/5079 5080/5080
f 5080/5080 5079/5079 5081/5081
f 5079/5079 5082/5082 5081/5081
f 5081/5081 5082/5082 5083/5083
f 5083/5083 5082/5082 5084/5084
f 5082/5082 5085/5085 5084/5084
f 5083/5083 5084/5084 5086/5086
f 5089/5089 5088/5088 5087/5087
f 5089/5089 5087/5087 5090/5090
f 5090/5090 5087/5087 5091/5091
f 5092/5092 5090/5090 5091/5091
f 5093/5093 5092/5092 5091/5091
f 5094/5094 5093/5093 5091/5091
f 5095/5095 5094/5094 5091/5091
f 5095/5095 5091/5091 5096/5096
f 5097/5097 5095/5095 5096/5096
f 5097/5097 5096/5096 5098/5098
f 5099/5099 5097/5097 5098/5098
f 5099/5099 5098/5098 5100/5100
f 5101/5101 5099/5099 5100/5100
f 5101/5101 5100/5100 5102/5102
f 5103/5103 5101/5101 5102/5102
f 5103/5103 5102/5102 5104/5104
f 5105/5105 5103/5103 5104/5104
f 5105/5105 5104/5104 5106/5106
f 5105/5105 5106/5106 5107/5107
f 5107/5107 5106/5106 5108/5108
f 5107/5107 5108/5108 5109/5109
f 5110/5110 5107/5107 5109/5109
f 5110/5110 5109/5109 5111/5111
f 5112/5112 5110/5110 5111/5111
f 5112/5112 5111/5111 5113/5113
f 5112/5112 5113/5113 5114/5114
f 5115/5115 5112/5112 5114/5114
f 5113/5113 5116/5116 5114/5114
f 5116/5116 5115/5115 5114/5114
f 5117/5117 5115/5115 5116/5116
f 5118/5118 5117/5117 5116/5116
f 5118/5118 5116/5116 5119/5119
f 5118/5118 5119/5119 5120/5120
f 5121/5121 5118/5118 5120/5120
f 5121/5121 5120/5120 5122/5122
f 5125/5125 5124/5124 5123/5123
f 5123/5123 5124/5124 5126/5126
f 5124/5124 5127/5127 5126/5126
f 5126/5126 5127/5127 5128/5128
f 5128/5128 5127/5127 5129/5129
f 5127/5127 5130/5130 5129/5129
f 5130/5130 5131/5131 5129/5129
f 5127/5127 5132/5132 5130/5130
f 5135/5135 5134/5134 5133/5133
f 5135/5135 5133/5133 5136/5136
f 5135/5135 5136/5136 5137/5137
f 5137/5137 5136/5136 5138/5138
f 5139/5139 5137/5137 5138/5138
f 5139/5139 5138/5138 5140/5140
f 5141/5141 5139/5139 5140/5140
f 5141/5141 5140/5140 5142/5142
f 5143/5143 5141/5141 5142/5142
f 5143/5143 5142/5142 5144/5144
f 5145/5145 5143/5143 5144/5144
f 5145/5145 5144/5144 5146/5146
f 5145/5145 5146/5146 5147/5147
f 5147/5147 5146/5146 5148/5148
f 5147/5147 5148/5148 5149/5149
f 5148/5148 5150/5150 5149/5149
f 5151/5151 5147/5147 5149/5149
f 5150/5150 5151/5151 5149/5149
f 5151/5151 5150/5150 5152/5152
f 5153/5153 5151/5151 5152/5152
f 5154/5154 5153/5153 5152/5152
f 5154/5154 5152/5152 5155/5155
f 5158/5158 5157/5157 5156/5156
f 5157/5157 5159/5159 5156/5156
f 5156/5156 5159/5159 5160/5160
f 5156/5156 5160/5160 5161/5161
f 5156/5156 5161/5161 5162/5162
f 5156/5156 5162/5162 5163/5163
f 5164/5164 5163/5163 5162/5162
f 5165/5165 5163/5163 5164/5164
f 5165/5165 5164/5164 5166/5166
f 5166/5166 5164/5164 5167/5167
f 5166/5166 5167/5167 5168/5168
f 5169/5169 5166/5166 5168/5168
f 5169/5169 5168/5168 5170/5170
f 5171/5171 5169/5169 5170/5170
f 5172/5172 5171/5171 5170/5170
f 5173/5173 5171/5171 5172/5172
f 5174/5174 5173/5173 5172/5172
f 5175/5175 5174/5174 5172/5172
f 5176/5176 5175/5175 5172/5172
f 5168/5168 5167/5167 5177/5177
f 5167/5167 5178/5178 5177/5177
f 5177/5177 5178/5178 5179/5179
f 5180/5180 5178/5178 5167/5167
f 5179/5179 5178/5178 5181/5181
f 5182/5182 5179/5179 5181/5181
f 5180/5180 5183/5183 5178/5178
f 5180/5180 5184/5184 5183/5183
f 5184/5184 5185/5185 5183/5183
f 5185/5185 5186/5186 5183/5183
f 5187/5187 5182/5182 5181/5181
f 5187/5187 5181/5181 5188/5188
f 5189/5189 5187/5187 5188/5188
f 5189/5189 5188/5188 5190/5190
f 5191/5191 5187/5187 5189/5189
f 5194/5194 5193/5193 5192/5192
f 5194/5194 5192/5192 5195/5195
f 5194/5194 5195/5195 5196/5196
f 5196/5196 5195/5195 5197/5197
f 5196/5196 5197/5197 5198/5198
f 5198/5198 5197/5197 5199/5199
f 5200/5200 5198/5198 5199/5199
f 5200/5200 5199/5199 5201/5201
f 5202/5202 5200/5200 5201/5201
f 5202/5202 5201/5201 5203/5203
f 5204/5204 5202/5202 5203/5203
f 5205/5205 5204/5204 5203/5203
f 5205/5205 5203/5203 5206/5206
f 5207/5207 5205/5205 5206/5206
f 5203/5203 5208/5208 5206/5206
f 5209/5209 5207/5207 5206/5206
f 5208/5208 5209/5209 5206/5206
f 5209/5209 5208/5208 5210/5210
f 5211/5211 5209/5209 5210/5210
f 5211/5211 5210/5210 5212/5212
f 5213/5213 5211/5211 5212/5212
f 5213/5213 5212/5212 5214/5214
f 5215/5215 5213/5213 5214/5214
f 5215/5215 5214/5214 5216/5216
f 5217/5217 5215/5215 5216/5216
f 5217/5217 5216/5216 5218/5218
f 5219/5219 5217/5217 5218/5218
f 5219/5219 5218/5218 5220/5220
f 5219/5219 5220/5220 5221/5221
f 5221/5221 5220/5220 5222/5222
f 5221/5221 5222/5222 5223/5223
f 5224/5224 5221/5221 5223/5223
f 5224/5224 5223/5223 5225/5225
f 5226/5226 5224/5224 5225/5225
f 5226/5226 5225/5225 5227/5227
f 5228/5228 5226/5226 5227/5227
f 5228/5228 5227/5227 5229/5229
f 5230/5230 5228/5228 5229/5229
f 5230/5230 5229/5229 5231/5231
f 5232/5232 5230/5230 5231/5231
f 5232/5232 5231/5231 5233/5233
f 5233/5233 5231/5231 5234/5234
f 5233/5233 5234/5234 5235/5235
f 5235/5235 5234/5234 5236/5236
f 5237/5237 5235/5235 5236/5236
f 5237/5237 5236/5236 5238/5238
f 5241/5241 5240/5240 5239/5239
f 5241/5241 5242/5242 5240/5240
f 5243/5243 5242/5242 5241/5241
f 5243/5243 5244/5244 5242/5242
f 5245/5245 5244/5244 5243/5243
f 5245/5245 5246/5246 5244/5244
f 5246/5246 5247/5247 5244/5244
f 5246/5246 5248/5248 5247/5247
f 5248/5248 5249/5249 5247/5247
f 5248/5248 5250/5250 5249/5249
f 5250/5250 5251/5251 5249/5249
f 5250/5250 5252/5252 5251/5251
f 5252/5252 5253/5253 5251/5251
f 5252/5252 5254/5254 5253/5253
f 5252/5252 5255/5255 5254/5254
f 5255/5255 5256/5256 5254/5254
f 5255/5255 5257/5257 5256/5256
f 5257/5257 5258/5258 5256/5256
f 5259/5259 5258/5258 5257/5257
f 5260/5260 5258/5258 5259/5259
f 5261/5261 5260/5260 5259/5259
f 5261/5261 5262/5262 5260/5260
f 5262/5262 5263/5263 5260/5260
f 5264/5264 5263/5263 5262/5262
f 5264/5264 5265/5265 5263/5263
f 5264/5264 5266/5266 5265/5265
f 5266/5266 5267/5267 5265/5265
f 5266/5266 5268/5268 5267/5267
f 5268/5268 5269/5269 5267/5267
f 5270/5270 5269/5269 5268/5268
f 5273/5273 5272/5272 5271/5271
f 5272/5272 5274/5274 5271/5271
f 5272/5272 5275/5275 5274/5274
f 5275/5275 5276/5276 5274/5274
f 5275/5275 5277/5277 5276/5276
f 5278/5278 5272/5272 5273/5273
f 5279/5279 5278/5278 5273/5273
f 5277/5277 5280/5280 5276/5276
f 5281/5281 5278/5278 5279/5279
f 5278/5278 5281/5281 5282/5282
f 5282/5282 5281/5281 5283/5283
f 5284/5284 5283/5283 5281/5281
f 5285/5285 5283/5283 5284/5284
f 5286/5286 5285/5285 5284/5284
f 5286/5286 5287/5287 5285/5285
f 5288/5288 5287/5287 5286/5286
f 5288/5288 5289/5289 5287/5287
f 5290/5290 5289/5289 5288/5288
f 5290/5290 5291/5291 5289/5289
f 5292/5292 5291/5291 5290/5290
f 5292/5292 5293/5293 5291/5291
f 5294/5294 5293/5293 5292/5292
f 5294/5294 5295/5295 5293/5293
f 5296/5296 5295/5295 5294/5294
f 5297/5297 5296/5296 5294/5294
f 5298/5298 5297/5297 5294/5294
f 5299/5299 5298/5298 5294/5294
f 5299/5299 5300/5300 5298/5298
f 5299/5299 5301/5301 5300/5300
f 5299/5299 5302/5302 5301/5301
f 5299/5299 5303/5303 5302/5302
f 5303/5303 5304/5304 5302/5302
f 5303/5303 5305/5305 5304/5304
f 5304/5304 5305/5305 5306/5306
f 5305/5305 5307/5307 5306/5306
f 5307/5307 5308/5308 5306/5306
f 5306/5306 5308/5308 5309/5309
f 5309/5309 5308/5308 5310/5310
f 5310/5310 5308/5308 5311/5311
f 5310/5310 5311/5311 5312/5312
f 5312/5312 5311/5311 5313/5313
f 5312/5312 5313/5313 5314/5314
f 5314/5314 5313/5313 5315/5315
f 5314/5314 5315/5315 5316/5316
f 5316/5316 5315/5315 5317/5317
f 5316/5316 5317/5317 5318/5318
f 5318/5318 5317/5317 5319/5319
f 5320/5320 5318/5318 5319/5319
f 5320/5320 5319/5319 5321/5321
f 5321/5321 5319/5319 5322/5322
f 5321/5321 5322/5322 5323/5323
f 5323/5323 5322/5322 5324/5324
f 5325/5325 5324/5324 5322/5322
f 5280/5280 5325/5325 5322/5322
f 5280/5280 5326/5326 5325/5325
f 5327/5327 5326/5326 5280/5280
f 5327/5327 5280/5280 5277/5277
f 5330/5330 5329/5329 5328/5328
f 5329/5329 5331/5331 5328/5328
f 5332/5332 5330/5330 5328/5328
f 5331/5331 5333/5333 5328/5328
f 5332/5332 5334/5334 5330/5330
f 5335/5335 5334/5334 5332/5332
f 5335/5335 5336/5336 5334/5334
f 5337/5337 5335/5335 5332/5332
f 5336/5336 5338/5338 5334/5334
f 5339/5339 5338/5338 5336/5336
f 5339/5339 5340/5340 5338/5338
f 5340/5340 5341/5341 5338/5338
f 5342/5342 5341/5341 5340/5340
f 5343/5343 5342/5342 5340/5340
f 5343/5343 5344/5344 5342/5342
f 5345/5345 5344/5344 5343/5343
f 5346/5346 5345/5345 5343/5343
f 5347/5347 5346/5346 5343/5343
f 5348/5348 5346/5346 5347/5347
f 5349/5349 5348/5348 5347/5347
f 5348/5348 5349/5349 5350/5350
f 5351/5351 5348/5348 5350/5350
f 5352/5352 5351/5351 5350/5350
f 5352/5352 5350/5350 5353/5353
f 5354/5354 5352/5352 5353/5353
f 5354/5354 5353/5353 5355/5355
f 5354/5354 5355/5355 5356/5356
f 5354/5354 5356/5356 5332/5332
f 5356/5356 5337/5337 5332/5332
f 5357/5357 5354/5354 5332/5332
f 5357/5357 5358/5358 5354/5354
f 5359/5359 5358/5358 5357/5357
f 5360/5360 5359/5359 5357/5357
f 5359/5359 5360/5360 5361/5361
f 5362/5362 5361/5361 5360/5360
f 5363/5363 5362/5362 5360/5360
f 5362/5362 5364/5364 5361/5361
f 5364/5364 5365/5365 5361/5361
f 5365/5365 5366/5366 5361/5361
f 5366/5366 5367/5367 5361/5361
f 5367/5367 5368/5368 5361/5361
f 5367/5367 5369/5369 5368/5368
f 5369/5369 5370/5370 5368/5368
f 5369/5369 5371/5371 5370/5370
f 5371/5371 5372/5372 5370/5370
f 5371/5371 5373/5373 5372/5372
f 5373/5373 5374/5374 5372/5372
f 5375/5375 5374/5374 5373/5373
f 5375/5375 5376/5376 5374/5374
f 5377/5377 5376/5376 5375/5375
f 5378/5378 5376/5376 5377/5377
f 5379/5379 5378/5378 5377/5377
f 5380/5380 5378/5378 5379/5379
f 5381/5381 5380/5380 5379/5379
f 5382/5382 5380/5380 5381/5381
f 5383/5383 5382/5382 5381/5381
f 5384/5384 5382/5382 5383/5383
f 5385/5385 5384/5384 5383/5383
f 5384/5384 5385/5385 5386/5386
f 5387/5387 5384/5384 5386/5386
f 5387/5387 5386/5386 5388/5388
f 5387/5387 5388/5388 5389/5389
f 5387/5387 5389/5389 5390/5390
f 5387/5387 5390/5390 5362/5362
f 5363/5363 5387/5387 5362/5362
f 5387/5387 5363/5363 5391/5391
f 5392/5392 5391/5391 5363/5363
f 5392/5392 5393/5393 5391/5391
f 5393/5393 5392/5392 5394/5394
f 5395/5395 5394/5394 5392/5392
f 5395/5395 5396/5396 5394/5394
f 5396/5396 5397/5397 5394/5394
f 5397/5397 5398/5398 5394/5394
f 5398/5398 5399/5399 5394/5394
f 5395/5395 5400/5400 5396/5396
f 5394/5394 5399/5399 5401/5401
f 5399/5399 5402/5402 5401/5401
f 5402/5402 5403/5403 5401/5401
f 5401/5401 5403/5403 5404/5404
f 5403/5403 5405/5405 5404/5404
f 5405/5405 5406/5406 5404/5404
f 5405/5405 5407/5407 5406/5406
f 5407/5407 5408/5408 5406/5406
f 5407/5407 5409/5409 5408/5408
f 5409/5409 5410/5410 5408/5408
f 5409/5409 5411/5411 5410/5410
f 5411/5411 5412/5412 5410/5410
f 5411/5411 5413/5413 5412/5412
f 5413/5413 5414/5414 5412/5412
f 5415/5415 5414/5414 5413/5413
f 5416/5416 5414/5414 5415/5415
f 5417/5417 5416/5416 5415/5415
f 5418/5418 5416/5416 5417/5417
f 5419/5419 5418/5418 5417/5417
f 5420/5420 5418/5418 5419/5419
f 5421/5421 5418/5418 5420/5420
f 5422/5422 5421/5421 5420/5420
f 5421/5421 5422/5422 5423/5423
f 5395/5395 5421/5421 5423/5423
f 5395/5395 5423/5423 5400/5400
f 5395/5395 5424/5424 5421/5421
f 5425/5425 5424/5424 5395/5395
f 5425/5425 5426/5426 5424/5424
f 5425/5425 5427/5427 5426/5426
f 5428/5428 5427/5427 5425/5425
f 5428/5428 5429/5429 5427/5427
f 5427/5427 5429/5429 5430/5430
f 5428/5428 5431/5431 5429/5429
f 5427/5427 5430/5430 5432/5432
f 5430/5430 5433/5433 5432/5432
f 5433/5433 5434/5434 5432/5432
f 5432/5432 5434/5434 5435/5435
f 5434/5434 5436/5436 5435/5435
f 5435/5435 5436/5436 5437/5437
f 5437/5437 5436/5436 5438/5438
f 5436/5436 5439/5439 5438/5438
f 5439/5439 5440/5440 5438/5438
f 5439/5439 5441/5441 5440/5440
f 5439/5439 5442/5442 5441/5441
f 5442/5442 5443/5443 5441/5441
f 5442/5442 5444/5444 5443/5443
f 5444/5444 5445/5445 5443/5443
f 5444/5444 5446/5446 5445/5445
f 5446/5446 5447/5447 5445/5445
f 5448/5448 5447/5447 5446/5446
f 5448/5448 5449/5449 5447/5447
f 5450/5450 5449/5449 5448/5448
f 5428/5428 5449/5449 5450/5450
f 5431/5431 5428/5428 5450/5450
f 5428/5428 5451/5451 5449/5449
f 5451/5451 5452/5452 5449/5449
f 5452/5452 5451/5451 5453/5453
f 5453/5453 5451/5451 5454/5454
f 5453/5453 5454/5454 5455/5455
f 5455/5455 5454/5454 5456/5456
f 5455/5455 5456/5456 5457/5457
f 5455/5455 5457/5457 5458/5458
f 5456/5456 5454/5454 5459/5459
f 5460/5460 5455/5455 5458/5458
f 5460/5460 5458/5458 5461/5461
f 5460/5460 5461/5461 5462/5462
f 5460/5460 5462/5462 5463/5463
f 5463/5463 5462/5462 5464/5464
f 5463/5463 5464/5464 5465/5465
f 5464/5464 5466/5466 5465/5465
f 5465/5465 5466/5466 5467/5467
f 5466/5466 5468/5468 5467/5467
f 5467/5467 5468/5468 5469/5469
f 5468/5468 5470/5470 5469/5469
f 5469/5469 5470/5470 5471/5471
f 5470/5470 5472/5472 5471/5471
f 5471/5471 5472/5472 5473/5473
f 5472/5472 5474/5474 5473/5473
f 5474/5474 5475/5475 5473/5473
f 5474/5474 5476/5476 5475/5475
f 5476/5476 5477/5477 5475/5475
f 5476/5476 5478/5478 5477/5477
f 5478/5478 5479/5479 5477/5477
f 5480/5480 5479/5479 5478/5478
f 5480/5480 5481/5481 5479/5479
f 5481/5481 5482/5482 5479/5479
f 5482/5482 5483/5483 5479/5479
f 5483/5483 5454/5454 5479/5479
f 5459/5459 5454/5454 5483/5483
f 5479/5479 5454/5454 5484/5484
f 5479/5479 5484/5484 5485/5485
f 5485/5485 5484/5484 5486/5486
f 5486/5486 5484/5484 5487/5487
f 5486/5486 5487/5487 5488/5488
f 5488/5488 5487/5487 5489/5489
f 5489/5489 5487/5487 5490/5490
f 5491/5491 5488/5488 5489/5489
f 5492/5492 5488/5488 5491/5491
f 5493/5493 5488/5488 5492/5492
f 5494/5494 5488/5488 5493/5493
f 5494/5494 5493/5493 5495/5495
f 5496/5496 5494/5494 5495/5495
f 5496/5496 5495/5495 5497/5497
f 5497/5497 5495/5495 5498/5498
f 5499/5499 5497/5497 5498/5498
f 5499/5499 5498/5498 5500/5500
f 5500/5500 5498/5498 5501/5501
f 5500/5500 5501/5501 5502/5502
f 5501/5501 5503/5503 5502/5502
f 5502/5502 5503/5503 5504/5504
f 5503/5503 5505/5505 5504/5504
f 5504/5504 5505/5505 5506/5506
f 5506/5506 5505/5505 5507/5507
f 5505/5505 5508/5508 5507/5507
f 5508/5508 5509/5509 5507/5507
f 5508/5508 5510/5510 5509/5509
f 5510/5510 5511/5511 5509/5509
f 5511/5511 5489/5489 5509/5509
f 5509/5509 5489/5489 5490/5490
f 5509/5509 5490/5490 5512/5512
f 5512/5512 5490/5490 5513/5513
f 5514/5514 5512/5512 5513/5513
f 5514/5514 5513/5513 5515/5515
f 5515/5515 5513/5513 5516/5516
f 5517/5517 5515/5515 5516/5516
f 5518/5518 5517/5517 5516/5516
f 5519/5519 5515/5515 5517/5517
f 5520/5520 5515/5515 5519/5519
f 5521/5521 5515/5515 5520/5520
f 5522/5522 5515/5515 5521/5521
f 5523/5523 5522/5522 5521/5521
f 5524/5524 5522/5522 5523/5523
f 5525/5525 5522/5522 5524/5524
f 5526/5526 5525/5525 5524/5524
f 5527/5527 5525/5525 5526/5526
f 5527/5527 5526/5526 5528/5528
f 5529/5529 5527/5527 5528/5528
f 5529/5529 5528/5528 5530/5530
f 5531/5531 5529/5529 5530/5530
f 5531/5531 5530/5530 5532/5532
f 5533/5533 5531/5531 5532/5532
f 5533/5533 5532/5532 5534/5534
f 5533/5533 5534/5534 5535/5535
f 5534/5534 5536/5536 5535/5535
f 5535/5535 5536/5536 5537/5537
f 5536/5536 5538/5538 5537/5537
f 5537/5537 5538/5538 5539/5539
f 5538/5538 5540/5540 5539/5539
f 5540/5540 5541/5541 5539/5539
f 5539/5539 5541/5541 5542/5542
f 5541/5541 5543/5543 5542/5542
f 5543/5543 5544/5544 5542/5542
f 5542/5542 5544/5544 5516/5516
f 5544/5544 5518/5518 5516/5516
f 5542/5542 5516/5516 5545/5545
f 5545/5545 5516/5516 5546/5546
f 5547/5547 5545/5545 5546/5546
f 5547/5547 5546/5546 5548/5548
f 5548/5548 5546/5546 5333/5333
f 5549/5549 5548/5548 5333/5333
f 5550/5550 5549/5549 5333/5333
f 5551/5551 5548/5548 5549/5549
f 5552/5552 5550/5550 5333/5333
f 5553/5553 5548/5548 5551/5551
f 5553/5553 5554/5554 5548/5548
f 5331/5331 5552/5552 5333/5333
f 5555/5555 5552/5552 5331/5331
f 5556/5556 5555/5555 5331/5331
f 5557/5557 5556/5556 5331/5331
f 5558/5558 5554/5554 5553/5553
f 5558/5558 5559/5559 5554/5554
f 5560/5560 5559/5559 5558/5558
f 5561/5561 5560/5560 5558/5558
f 5562/5562 5560/5560 5561/5561
f 5563/5563 5562/5562 5561/5561
f 5564/5564 5562/5562 5563/5563
f 5557/5557 5565/5565 5556/5556
f 5557/5557 5566/5566 5565/5565
f 5566/5566 5567/5567 5565/5565
f 5564/5564 5563/5563 5568/5568
f 5567/5567 5568/5568 5565/5565
f 5569/5569 5564/5564 5568/5568
f 5567/5567 5569/5569 5568/5568
f 5572/5572 5571/5571 5570/5570
f 5573/5573 5570/5570 5571/5571
f 5572/5572 5570/5570 5574/5574
f 5572/5572 5574/5574 5575/5575
f 5573/5573 5576/5576 5570/5570
f 5577/5577 5575/5575 5574/5574
f 5578/5578 5577/5577 5574/5574
f 5577/5577 5579/5579 5575/5575
f 5579/5579 5580/5580 5575/5575
f 5580/5580 5581/5581 5575/5575
f 5581/5581 5582/5582 5575/5575
f 5582/5582 5583/5583 5575/5575
f 5584/5584 5583/5583 5582/5582
f 5585/5585 5583/5583 5584/5584
f 5585/5585 5586/5586 5583/5583
f 5587/5587 5586/5586 5585/5585
f 5588/5588 5586/5586 5587/5587
f 5589/5589 5588/5588 5587/5587
f 5590/5590 5588/5588 5589/5589
f 5591/5591 5590/5590 5589/5589
f 5592/5592 5590/5590 5591/5591
f 5593/5593 5592/5592 5591/5591
f 5594/5594 5592/5592 5593/5593
f 5594/5594 5593/5593 5595/5595
f 5596/5596 5594/5594 5595/5595
f 5596/5596 5595/5595 5597/5597
f 5598/5598 5596/5596 5597/5597
f 5598/5598 5597/5597 5599/5599
f 5600/5600 5598/5598 5599/5599
f 5600/5600 5599/5599 5601/5601
f 5600/5600 5601/5601 5602/5602
f 5601/5601 5603/5603 5602/5602
f 5602/5602 5603/5603 5604/5604
f 5602/5602 5604/5604 5605/5605
f 5602/5602 5605/5605 5577/5577
f 5578/5578 5602/5602 5577/5577
f 5602/5602 5578/5578 5606/5606
f 5607/5607 5606/5606 5578/5578
f 5607/5607 5608/5608 5606/5606
f 5609/5609 5608/5608 5607/5607
f 5610/5610 5609/5609 5607/5607
f 5610/5610 5611/5611 5609/5609
f 5611/5611 5612/5612 5609/5609
f 5612/5612 5613/5613 5609/5609
f 5613/5613 5614/5614 5609/5609
f 5610/5610 5615/5615 5611/5611
f 5613/5613 5616/5616 5614/5614
f 5616/5616 5617/5617 5614/5614
f 5616/5616 5618/5618 5617/5617
f 5616/5616 5619/5619 5618/5618
f 5619/5619 5620/5620 5618/5618
f 5620/5620 5621/5621 5618/5618
f 5622/5622 5621/5621 5620/5620
f 5623/5623 5621/5621 5622/5622
f 5624/5624 5623/5623 5622/5622
f 5625/5625 5624/5624 5622/5622
f 5626/5626 5625/5625 5622/5622
f 5627/5627 5625/5625 5626/5626
f 5628/5628 5627/5627 5626/5626
f 5629/5629 5628/5628 5626/5626
f 5628/5628 5629/5629 5630/5630
f 5631/5631 5628/5628 5630/5630
f 5631/5631 5630/5630 5632/5632
f 5631/5631 5632/5632 5610/5610
f 5610/5610 5632/5632 5615/5615
f 5633/5633 5631/5631 5610/5610
f 5634/5634 5633/5633 5610/5610
f 5634/5634 5635/5635 5633/5633
f 5636/5636 5635/5635 5634/5634
f 5637/5637 5636/5636 5634/5634
f 5637/5637 5638/5638 5636/5636
f 5638/5638 5639/5639 5636/5636
f 5639/5639 5640/5640 5636/5636
f 5636/5636 5640/5640 5641/5641
f 5637/5637 5642/5642 5638/5638
f 5640/5640 5643/5643 5641/5641
f 5643/5643 5644/5644 5641/5641
f 5643/5643 5645/5645 5644/5644
f 5643/5643 5646/5646 5645/5645
f 5646/5646 5647/5647 5645/5645
f 5646/5646 5648/5648 5647/5647
f 5646/5646 5649/5649 5648/5648
f 5649/5649 5650/5650 5648/5648
f 5651/5651 5650/5650 5649/5649
f 5652/5652 5650/5650 5651/5651
f 5653/5653 5652/5652 5651/5651
f 5654/5654 5652/5652 5653/5653
f 5655/5655 5654/5654 5653/5653
f 5656/5656 5655/5655 5653/5653
f 5657/5657 5655/5655 5656/5656
f 5658/5658 5657/5657 5656/5656
f 5657/5657 5658/5658 5659/5659
f 5657/5657 5659/5659 5637/5637
f 5659/5659 5642/5642 5637/5637
f 5660/5660 5657/5657 5637/5637
f 5660/5660 5661/5661 5657/5657
f 5660/5660 5662/5662 5661/5661
f 5663/5663 5662/5662 5660/5660
f 5663/5663 5664/5664 5662/5662
f 5663/5663 5665/5665 5664/5664
f 5665/5665 5666/5666 5664/5664
f 5666/5666 5667/5667 5664/5664
f 5663/5663 5668/5668 5665/5665
f 5664/5664 5667/5667 5669/5669
f 5667/5667 5670/5670 5669/5669
f 5670/5670 5671/5671 5669/5669
f 5669/5669 5671/5671 5672/5672
f 5671/5671 5673/5673 5672/5672
f 5672/5672 5673/5673 5674/5674
f 5673/5673 5675/5675 5674/5674
f 5675/5675 5676/5676 5674/5674
f 5675/5675 5677/5677 5676/5676
f 5677/5677 5678/5678 5676/5676
f 5677/5677 5679/5679 5678/5678
f 5679/5679 5680/5680 5678/5678
f 5679/5679 5681/5681 5680/5680
f 5681/5681 5682/5682 5680/5680
f 5681/5681 5683/5683 5682/5682
f 5683/5683 5684/5684 5682/5682
f 5685/5685 5684/5684 5683/5683
f 5685/5685 5686/5686 5684/5684
f 5687/5687 5686/5686 5685/5685
f 5688/5688 5686/5686 5687/5687
f 5688/5688 5689/5689 5686/5686
f 5690/5690 5689/5689 5688/5688
f 5691/5691 5689/5689 5690/5690
f 5689/5689 5691/5691 5692/5692
f 5689/5689 5692/5692 5663/5663
f 5692/5692 5668/5668 5663/5663
f 5693/5693 5689/5689 5663/5663
f 5689/5689 5693/5693 5694/5694
f 5693/5693 5695/5695 5694/5694
f 5693/5693 5696/5696 5695/5695
f 5695/5695 5696/5696 5697/5697
f 5697/5697 5696/5696 5698/5698
f 5698/5698 5696/5696 5699/5699
f 5700/5700 5697/5697 5698/5698
f 5697/5697 5700/5700 5701/5701
f 5697/5697 5701/5701 5702/5702
f 5697/5697 5702/5702 5703/5703
f 5703/5703 5702/5702 5704/5704
f 5705/5705 5703/5703 5704/5704
f 5705/5705 5704/5704 5706/5706
f 5704/5704 5707/5707 5706/5706
f 5706/5706 5707/5707 5708/5708
f 5707/5707 5709/5709 5708/5708
f 5708/5708 5709/5709 5710/5710
f 5709/5709 5711/5711 5710/5710
f 5710/5710 5711/5711 5712/5712
f 5711/5711 5713/5713 5712/5712
f 5711/5711 5714/5714 5713/5713
f 5714/5714 5715/5715 5713/5713
f 5714/5714 5716/5716 5715/5715
f 5714/5714 5717/5717 5716/5716
f 5717/5717 5718/5718 5716/5716
f 5719/5719 5718/5718 5717/5717
f 5720/5720 5718/5718 5719/5719
f 5698/5698 5718/5718 5720/5720
f 5698/5698 5699/5699 5718/5718
f 5718/5718 5699/5699 5721/5721
f 5721/5721 5699/5699 5722/5722
f 5721/5721 5722/5722 5723/5723
f 5723/5723 5722/5722 5724/5724
f 5724/5724 5722/5722 5725/5725
f 5726/5726 5724/5724 5725/5725
f 5727/5727 5726/5726 5725/5725
f 5728/5728 5724/5724 5726/5726
f 5729/5729 5724/5724 5728/5728
f 5730/5730 5724/5724 5729/5729
f 5724/5724 5730/5730 5731/5731
f 5732/5732 5724/5724 5731/5731
f 5732/5732 5731/5731 5733/5733
f 5734/5734 5732/5732 5733/5733
f 5734/5734 5733/5733 5735/5735
f 5734/5734 5735/5735 5736/5736
f 5736/5736 5735/5735 5737/5737
f 5736/5736 5737/5737 5738/5738
f 5737/5737 5739/5739 5738/5738
f 5738/5738 5739/5739 5740/5740
f 5739/5739 5741/5741 5740/5740
f 5740/5740 5741/5741 5742/5742
f 5741/5741 5743/5743 5742/5742
f 5742/5742 5743/5743 5744/5744
f 5743/5743 5745/5745 5744/5744
f 5744/5744 5745/5745 5746/5746
f 5745/5745 5747/5747 5746/5746
f 5747/5747 5748/5748 5746/5746
f 5747/5747 5749/5749 5748/5748
f 5749/5749 5750/5750 5748/5748
f 5750/5750 5751/5751 5748/5748
f 5750/5750 5752/5752 5751/5751
f 5752/5752 5753/5753 5751/5751
f 5753/5753 5725/5725 5751/5751
f 5753/5753 5727/5727 5725/5725
f 5751/5751 5725/5725 5754/5754
f 5754/5754 5725/5725 5755/5755
f 5754/5754 5755/5755 5756/5756
f 5756/5756 5755/5755 5757/5757
f 5757/5757 5755/5755 5758/5758
f 5759/5759 5757/5757 5758/5758
f 5760/5760 5757/5757 5759/5759
f 5761/5761 5757/5757 5760/5760
f 5762/5762 5761/5761 5760/5760
f 5763/5763 5761/5761 5762/5762
f 5764/5764 5763/5763 5762/5762
f 5765/5765 5763/5763 5764/5764
f 5765/5765 5764/5764 5766/5766
f 5767/5767 5765/5765 5766/5766
f 5768/5768 5759/5759 5758/5758
f 5767/5767 5766/5766 5769/5769
f 5767/5767 5769/5769 5770/5770
f 5770/5770 5769/5769 5771/5771
f 5771/5771 5769/5769 5772/5772
f 5773/5773 5771/5771 5772/5772
f 5773/5773 5772/5772 5774/5774
f 5772/5772 5775/5775 5774/5774
f 5774/5774 5775/5775 5776/5776
f 5775/5775 5777/5777 5776/5776
f 5777/5777 5778/5778 5776/5776
f 5776/5776 5778/5778 5779/5779
f 5780/5780 5768/5768 5758/5758
f 5778/5778 5780/5780 5779/5779
f 5780/5780 5758/5758 5779/5779
f 5779/5779 5758/5758 5781/5781
f 5782/5782 5779/5779 5781/5781
f 5782/5782 5781/5781 5783/5783
f 5783/5783 5781/5781 5576/5576
f 5784/5784 5783/5783 5576/5576
f 5785/5785 5784/5784 5576/5576
f 5785/5785 5576/5576 5786/5786
f 5787/5787 5784/5784 5785/5785
f 5786/5786 5576/5576 5788/5788
f 5789/5789 5784/5784 5787/5787
f 5788/5788 5576/5576 5573/5573
f 5790/5790 5784/5784 5789/5789
f 5791/5791 5790/5790 5789/5789
f 5792/5792 5790/5790 5791/5791
f 5793/5793 5790/5790 5792/5792
f 5794/5794 5793/5793 5792/5792
f 5795/5795 5793/5793 5794/5794
f 5796/5796 5795/5795 5794/5794
f 5797/5797 5795/5795 5796/5796
f 5797/5797 5796/5796 5798/5798
f 5799/5799 5797/5797 5798/5798
f 5799/5799 5798/5798 5800/5800
f 5801/5801 5799/5799 5800/5800
f 5801/5801 5800/5800 5802/5802
f 5803/5803 5801/5801 5802/5802
f 5803/5803 5802/5802 5804/5804
f 5803/5803 5804/5804 5805/5805
f 5805/5805 5804/5804 5806/5806
f 5805/5805 5806/5806 5807/5807
f 5806/5806 5808/5808 5807/5807
f 5807/5807 5808/5808 5809/5809
f 5807/5807 5809/5809 5573/5573
f 5809/5809 5810/5810 5573/5573
f 5810/5810 5811/5811 5573/5573
f 5811/5811 5788/5788 5573/5573
f 5814/5814 5813/5813 5812/5812
f 5815/5815 5814/5814 5812/5812
f 5814/5814 5816/5816 5813/5813
f 5817/5817 5814/5814 5815/5815
f 5814/5814 5818/5818 5816/5816
f 5819/5819 5814/5814 5817/5817
f 5814/5814 5820/5820 5818/5818
f 5821/5821 5814/5814 5819/5819
f 5814/5814 5822/5822 5820/5820
f 5823/5823 5814/5814 5821/5821
f 5824/5824 5822/5822 5814/5814
f 5825/5825 5814/5814 5823/5823
f 5826/5826 5824/5824 5814/5814
f 5825/5825 5827/5827 5814/5814
f 5828/5828 5826/5826 5814/5814
f 5827/5827 5829/5829 5814/5814
f 5830/5830 5828/5828 5814/5814
f 5829/5829 5830/5830 5814/5814
f 5833/5833 5832/5832 5831/5831
f 5834/5834 5833/5833 5831/5831
f 5833/5833 5835/5835 5832/5832
f 5836/5836 5833/5833 5834/5834
f 5833/5833 5837/5837 5835/5835
f 5838/5838 5833/5833 5836/5836
f 5833/5833 5839/5839 5837/5837
f 5840/5840 5833/5833 5838/5838
f 5833/5833 5841/5841 5839/5839
f 5842/5842 5833/5833 5840/5840
f 5833/5833 5843/5843 5841/5841
f 5842/5842 5844/5844 5833/5833
f 5845/5845 5843/5843 5833/5833
f 5844/5844 5846/5846 5833/5833
f 5847/5847 5845/5845 5833/5833
f 5846/5846 5848/5848 5833/5833
f 5849/5849 5847/5847 5833/5833
f 5848/5848 5849/5849 5833/5833
f 5852/5852 5851/5851 5850/5850
f 5851/5851 5853/5853 5850/5850
f 5854/5854 5851/5851 5852/5852
f 5851/5851 5855/5855 5853/5853
f 5856/5856 5851/5851 5854/5854
f 5851/5851 5857/5857 5855/5855
f 5858/5858 5851/5851 5856/5856
f 5851/5851 5859/5859 5857/5857
f 5860/5860 5851/5851 5858/5858
f 5851/5851 5861/5861 5859/5859
f 5860/5860 5862/5862 5851/5851
f 5863/5863 5861/5861 5851/5851
f 5862/5862 5864/5864 5851/5851
f 5865/5865 5863/5863 5851/5851
f 5864/5864 5866/5866 5851/5851
f 5867/5867 5865/5865 5851/5851
f 5866/5866 5868/5868 5851/5851
f 5868/5868 5867/5867 5851/5851
f 5871/5871 5870/5870 5869/5869
f 5870/5870 5872/5872 5869/5869
f 5873/5873 5870/5870 5871/5871
f 5870/5870 5874/5874 5872/5872
f 5875/5875 5870/5870 5873/5873
f 5870/5870 5876/5876 5874/5874
f 5877/5877 5870/5870 5875/5875
f 5870/5870 5878/5878 5876/5876
f 5879/5879 5870/5870 5877/5877
f 5870/5870 5880/5880 5878/5878
f 5879/5879 5881/5881 5870/5870
f 5870/5870 5882/5882 5880/5880
f 5881/5881 5883/5883 5870/5870
f 5884/5884 5882/5882 5870/5870
f 5883/5883 5885/5885 5870/5870
f 5886/5886 5884/5884 5870/5870
f 5885/5885 5887/5887 5870/5870
f 5887/5887 5886/5886 5870/5870
f 5890/5890 5889/5889 5888/5888
f 5888/5888 5889/5889 5891/5891
f 5890/5890 5892/5892 5889/5889
f 5889/5889 5893/5893 5891/5891
f 5894/5894 5892/5892 5890/5890
f 5891/5891 5893/5893 5895/5895
f 5896/5896 5892/5892 5894/5894
f 5895/5895 5893/5893 5897/5897
f 5898/5898 5896/5896 5894/5894
f 5895/5895 5897/5897 5899/5899
f 5900/5900 5896/5896 5898/5898
f 5899/5899 5897/5897 5901/5901
f 5902/5902 5900/5900 5898/5898
f 5899/5899 5901/5901 5903/5903
f 5904/5904 5900/5900 5902/5902
f 5903/5903 5901/5901 5905/5905
f 5906/5906 5904/5904 5902/5902
f 5903/5903 5905/5905 5907/5907
f 5907/5907 5905/5905 5908/5908
f 5907/5907 5908/5908 5909/5909
f 5910/5910 5904/5904 5906/5906
f 5911/5911 5910/5910 5906/5906
f 5912/5912 5910/5910 5911/5911
f 5913/5913 5910/5910 5912/5912
f 5914/5914 5913/5913 5912/5912
f 5915/5915 5913/5913 5914/5914
f 5916/5916 5915/5915 5914/5914
f 5917/5917 5915/5915 5916/5916
f 5918/5918 5917/5917 5916/5916
f 5919/5919 5917/5917 5918/5918
f 5920/5920 5919/5919 5918/5918
f 5921/5921 5919/5919 5920/5920
f 5922/5922 5921/5921 5920/5920
f 5923/5923 5921/5921 5922/5922
f 5924/5924 5923/5923 5922/5922
f 5925/5925 5923/5923 5924/5924
f 5926/5926 5925/5925 5924/5924
f 5909/5909 5925/5925 5926/5926
f 5909/5909 5908/5908 5925/5925
f 5929/5929 5928/5928 5927/5927
f 5930/5930 5929/5929 5927/5927
f 5929/5929 5931/5931 5928/5928
f 5932/5932 5929/5929 5930/5930
f 5929/5929 5933/5933 5931/5931
f 5934/5934 5929/5929 5932/5932
f 5929/5929 5935/5935 5933/5933
f 5936/5936 5929/5929 5934/5934
f 5929/5929 5937/5937 5935/5935
f 5938/5938 5929/5929 5936/5936
f 5939/5939 5937/5937 5929/5929
f 5938/5938 5940/5940 5929/5929
f 5941/5941 5939/5939 5929/5929
f 5940/5940 5942/5942 5929/5929
f 5943/5943 5941/5941 5929/5929
f 5942/5942 5944/5944 5929/5929
f 5945/5945 5943/5943 5929/5929
f 5944/5944 5945/5945 5929/5929
f 5948/5948 5947/5947 5946/5946
f 5949/5949 5948/5948 5946/5946
f 5948/5948 5950/5950 5947/5947
f 5951/5951 5948/5948 5949/5949
f 5948/5948 5952/5952 5950/5950
f 5953/5953 5948/5948 5951/5951
f 5948/5948 5954/5954 5952/5952
f 5955/5955 5948/5948 5953/5953
f 5948/5948 5956/5956 5954/5954
f 5957/5957 5948/5948 5955/5955
f 5958/5958 5956/5956 5948/5948
f 5959/5959 5948/5948 5957/5957
f 5960/5960 5958/5958 5948/5948
f 5959/5959 5961/5961 5948/5948
f 5962/5962 5960/5960 5948/5948
f 5961/5961 5963/5963 5948/5948
f 5964/5964 5962/5962 5948/5948
f 5963/5963 5964/5964 5948/5948
f 5967/5967 5966/5966 5965/5965
f 5967/5967 5965/5965 5968/5968
f 5969/5969 5966/5966 5967/5967
f 5970/5970 5967/5967 5968/5968
f 5969/5969 5971/5971 5966/5966
f 5970/5970 5968/5968 5972/5972
f 5969/5969 5973/5973 5971/5971
f 5970/5970 5972/5972 5974/5974
f 5973/5973 5975/5975 5971/5971
f 5974/5974 5972/5972 5976/5976
f 5973/5973 5977/5977 5975/5975
f 5974/5974 5976/5976 5978/5978
f 5977/5977 5979/5979 5975/5975
f 5978/5978 5976/5976 5980/5980
f 5977/5977 5981/5981 5979/5979
f 5978/5978 5980/5980 5982/5982
f 5981/5981 5983/5983 5979/5979
f 5982/5982 5980/5980 5984/5984
f 5982/5982 5984/5984 5985/5985
f 5985/5985 5984/5984 5986/5986
f 5981/5981 5987/5987 5983/5983
f 5987/5987 5988/5988 5983/5983
f 5987/5987 5989/5989 5988/5988
f 5987/5987 5990/5990 5989/5989
f 5990/5990 5991/5991 5989/5989
f 5990/5990 5992/5992 5991/5991
f 5992/5992 5993/5993 5991/5991
f 5992/5992 5994/5994 5993/5993
f 5994/5994 5995/5995 5993/5993
f 5994/5994 5996/5996 5995/5995
f 5996/5996 5997/5997 5995/5995
f 5996/5996 5998/5998 5997/5997
f 5998/5998 5999/5999 5997/5997
f 5998/5998 6000/6000 5999/5999
f 6000/6000 6001/6001 5999/5999
f 6000/6000 6002/6002 6001/6001
f 6002/6002 6003/6003 6001/6001
f 6002/6002 5986/5986 6003/6003
f 5985/5985 5986/5986 6002/6002
f 6006/6006 6005/6005 6004/6004
f 6004/6004 6005/6005 6007/6007
f 6008/6008 6005/6005 6006/6006
f 6005/6005 6009/6009 6007/6007
f 6007/6007 6009/6009 6010/6010
f 6005/6005 6008/6008 6011/6011
f 6009/6009 6005/6005 6011/6011
f 6008/6008 6012/6012 6011/6011
f 6009/6009 6013/6013 6010/6010
f 6010/6010 6013/6013 6014/6014
f 6014/6014 6013/6013 6015/6015
f 6013/6013 6016/6016 6015/6015
f 6013/6013 6017/6017 6016/6016
f 6017/6017 6013/6013 6009/6009
f 6017/6017 6018/6018 6016/6016
f 6017/6017 6009/6009 6019/6019
f 6019/6019 6009/6009 6011/6011
f 6017/6017 6020/6020 6018/6018
f 6020/6020 6017/6017 6019/6019
f 6020/6020 6021/6021 6018/6018
f 6012/6012 6022/6022 6011/6011
f 6012/6012 6023/6023 6022/6022
f 6024/6024 6019/6019 6011/6011
f 6024/6024 6020/6020 6019/6019
f 6022/6022 6024/6024 6011/6011
f 6020/6020 6025/6025 6021/6021
f 6025/6025 6020/6020 6024/6024
f 6025/6025 6026/6026 6021/6021
f 6023/6023 6027/6027 6022/6022
f 6023/6023 6028/6028 6027/6027
f 6029/6029 6024/6024 6022/6022
f 6029/6029 6025/6025 6024/6024
f 6027/6027 6029/6029 6022/6022
f 6025/6025 6030/6030 6026/6026
f 6030/6030 6025/6025 6029/6029
f 6030/6030 6031/6031 6026/6026
f 6028/6028 6032/6032 6027/6027
f 6028/6028 6033/6033 6032/6032
f 6034/6034 6029/6029 6027/6027
f 6034/6034 6030/6030 6029/6029
f 6032/6032 6034/6034 6027/6027
f 6030/6030 6035/6035 6031/6031
f 6035/6035 6030/6030 6034/6034
f 6035/6035 6036/6036 6031/6031
f 6033/6033 6037/6037 6032/6032
f 6033/6033 6038/6038 6037/6037
f 6039/6039 6034/6034 6032/6032
f 6039/6039 6035/6035 6034/6034
f 6037/6037 6039/6039 6032/6032
f 6035/6035 6040/6040 6036/6036
f 6040/6040 6035/6035 6039/6039
f 6040/6040 6041/6041 6036/6036
f 6038/6038 6042/6042 6037/6037
f 6038/6038 6043/6043 6042/6042
f 6044/6044 6039/6039 6037/6037
f 6044/6044 6040/6040 6039/6039
f 6042/6042 6044/6044 6037/6037
f 6040/6040 6045/6045 6041/6041
f 6045/6045 6040/6040 6044/6044
f 6045/6045 6046/6046 6041/6041
f 6043/6043 6047/6047 6042/6042
f 6043/6043 6048/6048 6047/6047
f 6049/6049 6044/6044 6042/6042
f 6049/6049 6045/6045 6044/6044
f 6047/6047 6049/6049 6042/6042
f 6045/6045 6050/6050 6046/6046
f 6050/6050 6045/6045 6049/6049
f 6050/6050 6051/6051 6046/6046
f 6048/6048 6052/6052 6047/6047
f 6048/6048 6053/6053 6052/6052
f 6054/6054 6049/6049 6047/6047
f 6054/6054 6050/6050 6049/6049
f 6052/6052 6054/6054 6047/6047
f 6050/6050 6055/6055 6051/6051
f 6055/6055 6050/6050 6054/6054
f 6055/6055 6056/6056 6051/6051
f 6053/6053 6057/6057 6052/6052
f 6053/6053 6058/6058 6057/6057
f 6059/6059 6054/6054 6052/6052
f 6059/6059 6055/6055 6054/6054
f 6057/6057 6059/6059 6052/6052
f 6060/6060 6055/6055 6059/6059
f 6060/6060 6059/6059 6057/6057
f 6055/6055 6061/6061 6056/6056
f 6060/6060 6061/6061 6055/6055
f 6062/6062 6056/6056 6061/6061
f 6060/6060 6062/6062 6061/6061
f 6062/6062 6063/6063 6056/6056
f 6058/6058 6064/6064 6057/6057
f 6064/6064 6060/6060 6057/6057
f 6062/6062 6065/6065 6063/6063
f 6065/6065 6066/6066 6063/6063
f 6067/6067 6062/6062 6060/6060
f 6064/6064 6067/6067 6060/6060
f 6065/6065 6062/6062 6067/6067
f 6058/6058 6068/6068 6064/6064
f 6068/6068 6067/6067 6064/6064
f 6069/6069 6068/6068 6058/6058
f 6070/6070 6068/6068 6069/6069
f 6065/6065 6071/6071 6066/6066
f 6071/6071 6072/6072 6066/6066
f 6065/6065 6067/6067 6073/6073
f 6071/6071 6065/6065 6073/6073
f 6067/6067 6068/6068 6074/6074
f 6068/6068 6070/6070 6074/6074
f 6073/6073 6067/6067 6074/6074
f 6070/6070 6075/6075 6074/6074
f 6075/6075 6073/6073 6074/6074
f 6070/6070 6076/6076 6075/6075
f 6076/6076 6077/6077 6075/6075
f 6071/6071 6078/6078 6072/6072
f 6078/6078 6079/6079 6072/6072
f 6080/6080 6071/6071 6073/6073
f 6075/6075 6080/6080 6073/6073
f 6078/6078 6071/6071 6080/6080
f 6077/6077 6081/6081 6075/6075
f 6081/6081 6080/6080 6075/6075
f 6078/6078 6082/6082 6079/6079
f 6082/6082 6083/6083 6079/6079
f 6084/6084 6078/6078 6080/6080
f 6081/6081 6084/6084 6080/6080
f 6082/6082 6078/6078 6084/6084
f 6077/6077 6085/6085 6081/6081
f 6077/6077 6086/6086 6085/6085
f 6087/6087 6084/6084 6081/6081
f 6085/6085 6087/6087 6081/6081
f 6087/6087 6082/6082 6084/6084
f 6082/6082 6088/6088 6083/6083
f 6088/6088 6089/6089 6083/6083
f 6086/6086 6090/6090 6085/6085
f 6090/6090 6087/6087 6085/6085
f 6091/6091 6082/6082 6087/6087
f 6088/6088 6082/6082 6091/6091
f 6090/6090 6091/6091 6087/6087
f 6086/6086 6092/6092 6090/6090
f 6086/6086 6093/6093 6092/6092
f 6094/6094 6091/6091 6090/6090
f 6094/6094 6088/6088 6091/6091
f 6092/6092 6094/6094 6090/6090
f 6088/6088 6095/6095 6089/6089
f 6095/6095 6096/6096 6089/6089
f 6097/6097 6088/6088 6094/6094
f 6097/6097 6094/6094 6092/6092
f 6095/6095 6088/6088 6097/6097
f 6093/6093 6098/6098 6092/6092
f 6098/6098 6097/6097 6092/6092
f 6095/6095 6099/6099 6096/6096
f 6099/6099 6100/6100 6096/6096
f 6101/6101 6095/6095 6097/6097
f 6101/6101 6097/6097 6098/6098
f 6099/6099 6095/6095 6101/6101
f 6093/6093 6102/6102 6098/6098
f 6102/6102 6101/6101 6098/6098
f 6093/6093 6103/6103 6102/6102
f 6104/6104 6101/6101 6102/6102
f 6104/6104 6099/6099 6101/6101
f 6103/6103 6105/6105 6102/6102
f 6105/6105 6104/6104 6102/6102
f 6103/6103 6106/6106 6105/6105
f 6099/6099 6107/6107 6100/6100
f 6107/6107 6108/6108 6100/6100
f 6109/6109 6099/6099 6104/6104
f 6109/6109 6104/6104 6105/6105
f 6107/6107 6099/6099 6109/6109
f 6110/6110 6107/6107 6109/6109
f 6106/6106 6111/6111 6105/6105
f 6111/6111 6109/6109 6105/6105
f 6110/6110 6109/6109 6111/6111
f 6106/6106 6112/6112 6111/6111
f 6107/6107 6113/6113 6108/6108
f 6113/6113 6107/6107 6110/6110
f 6113/6113 6114/6114 6108/6108
f 6113/6113 6115/6115 6114/6114
f 6115/6115 6113/6113 6110/6110
f 6116/6116 6115/6115 6110/6110
f 6117/6117 6116/6116 6110/6110
f 6118/6118 6110/6110 6111/6111
f 6112/6112 6118/6118 6111/6111
f 6117/6117 6110/6110 6118/6118
f 6112/6112 6119/6119 6118/6118
f 6119/6119 6117/6117 6118/6118
f 6122/6122 6121/6121 6120/6120
f 6121/6121 6123/6123 6120/6120
f 6122/6122 6120/6120 6124/6124
f 6123/6123 6125/6125 6120/6120
f 6124/6124 6120/6120 6126/6126
f 6125/6125 6127/6127 6120/6120
f 6126/6126 6120/6120 6128/6128
f 6127/6127 6129/6129 6120/6120
f 6128/6128 6120/6120 6130/6130
f 6129/6129 6131/6131 6120/6120
f 6130/6130 6120/6120 6132/6132
f 6120/6120 6131/6131 6133/6133
f 6132/6132 6120/6120 6134/6134
f 6120/6120 6133/6133 6135/6135
f 6120/6120 6136/6136 6134/6134
f 6120/6120 6135/6135 6137/6137
f 6120/6120 6138/6138 6136/6136
f 6120/6120 6137/6137 6138/6138
f 6141/6141 6140/6140 6139/6139
f 6140/6140 6142/6142 6139/6139
f 6143/6143 6141/6141 6139/6139
f 6142/6142 6144/6144 6139/6139
f 6143/6143 6139/6139 6145/6145
f 6144/6144 6146/6146 6139/6139
f 6145/6145 6139/6139 6147/6147
f 6146/6146 6148/6148 6139/6139
f 6147/6147 6139/6139 6149/6149
f 6148/6148 6150/6150 6139/6139
f 6149/6149 6139/6139 6151/6151
f 6150/6150 6152/6152 6139/6139
f 6151/6151 6139/6139 6153/6153
f 6139/6139 6152/6152 6154/6154
f 6139/6139 6155/6155 6153/6153
f 6139/6139 6154/6154 6156/6156
f 6139/6139 6157/6157 6155/6155
f 6139/6139 6156/6156 6157/6157
f 6160/6160 6159/6159 6158/6158
f 6159/6159 6161/6161 6158/6158
f 6162/6162 6160/6160 6158/6158
f 6161/6161 6163/6163 6158/6158
f 6164/6164 6162/6162 6158/6158
f 6163/6163 6165/6165 6158/6158
f 6166/6166 6164/6164 6158/6158
f 6158/6158 6165/6165 6167/6167
f 6166/6166 6158/6158 6168/6168
f 6158/6158 6167/6167 6169/6169
f 6168/6168 6158/6158 6170/6170
f 6158/6158 6169/6169 6171/6171
f 6170/6170 6158/6158 6172/6172
f 6158/6158 6171/6171 6173/6173
f 6172/6172 6158/6158 6174/6174
f 6158/6158 6173/6173 6175/6175
f 6174/6174 6158/6158 6176/6176
f 6158/6158 6175/6175 6176/6176
f 6179/6179 6178/6178 6177/6177
f 6180/6180 6179/6179 6177/6177
f 6178/6178 6181/6181 6177/6177
f 6182/6182 6180/6180 6177/6177
f 6181/6181 6183/6183 6177/6177
f 6184/6184 6182/6182 6177/6177
f 6183/6183 6185/6185 6177/6177
f 6184/6184 6177/6177 6186/6186
f 6177/6177 6185/6185 6187/6187
f 6186/6186 6177/6177 6188/6188
f 6177/6177 6187/6187 6189/6189
f 6188/6188 6177/6177 6190/6190
f 6177/6177 6189/6189 6191/6191
f 6190/6190 6177/6177 6192/6192
f 6177/6177 6191/6191 6193/6193
f 6192/6192 6177/6177 6194/6194
f 6177/6177 6193/6193 6195/6195
f 6194/6194 6177/6177 6195/6195
f 6198/6198 6197/6197 6196/6196
f 6199/6199 6198/6198 6196/6196
f 6196/6196 6197/6197 6200/6200
f 6201/6201 6198/6198 6199/6199
f 6197/6197 6202/6202 6200/6200
f 6203/6203 6201/6201 6199/6199
f 6200/6200 6202/6202 6204/6204
f 6205/6205 6201/6201 6203/6203
f 6202/6202 6206/6206 6204/6204
f 6207/6207 6205/6205 6203/6203
f 6204/6204 6206/6206 6208/6208
f 6209/6209 6205/6205 6207/6207
f 6206/6206 6210/6210 6208/6208
f 6211/6211 6209/6209 6207/6207
f 6208/6208 6210/6210 6212/6212
f 6213/6213 6209/6209 6211/6211
f 6210/6210 6214/6214 6212/6212
f 6215/6215 6213/6213 6211/6211
f 6212/6212 6214/6214 6216/6216
f 6217/6217 6213/6213 6215/6215
f 6214/6214 6218/6218 6216/6216
f 6219/6219 6217/6217 6215/6215
f 6216/6216 6218/6218 6220/6220
f 6221/6221 6217/6217 6219/6219
f 6218/6218 6222/6222 6220/6220
f 6223/6223 6221/6221 6219/6219
f 6220/6220 6222/6222 6224/6224
f 6225/6225 6221/6221 6223/6223
f 6222/6222 6226/6226 6224/6224
f 6227/6227 6225/6225 6223/6223
f 6224/6224 6226/6226 6228/6228
f 6229/6229 6225/6225 6227/6227
f 6226/6226 6230/6230 6228/6228
f 6231/6231 6229/6229 6227/6227
f 6228/6228 6230/6230 6232/6232
f 6233/6233 6229/6229 6231/6231
f 6230/6230 6234/6234 6232/6232
f 6235/6235 6233/6233 6231/6231
f 6232/6232 6234/6234 6236/6236
f 6237/6237 6233/6233 6235/6235
f 6234/6234 6238/6238 6236/6236
f 6239/6239 6237/6237 6235/6235
f 6236/6236 6238/6238 6240/6240
f 6241/6241 6237/6237 6239/6239
f 6238/6238 6242/6242 6240/6240
f 6243/6243 6241/6241 6239/6239
f 6240/6240 6242/6242 6244/6244
f 6245/6245 6241/6241 6243/6243
f 6242/6242 6246/6246 6244/6244
f 6247/6247 6245/6245 6243/6243
f 6244/6244 6246/6246 6248/6248
f 6249/6249 6245/6245 6247/6247
f 6246/6246 6250/6250 6248/6248
f 6251/6251 6249/6249 6247/6247
f 6248/6248 6250/6250 6252/6252
f 6253/6253 6249/6249 6251/6251
f 6250/6250 6254/6254 6252/6252
f 6255/6255 6253/6253 6251/6251
f 6252/6252 6254/6254 6256/6256
f 6257/6257 6253/6253 6255/6255
f 6254/6254 6258/6258 6256/6256
f 6259/6259 6257/6257 6255/6255
f 6256/6256 6258/6258 6260/6260
f 6261/6261 6257/6257 6259/6259
f 6258/6258 6261/6261 6260/6260
f 6260/6260 6261/6261 6259/6259
f 6264/6264 6263/6263 6262/6262
f 6262/6262 6263/6263 6265/6265
f 6266/6266 6264/6264 6262/6262
f 6263/6263 6267/6267 6265/6265
f 6268/6268 6264/6264 6266/6266
f 6265/6265 6267/6267 6269/6269
f 6270/6270 6268/6268 6266/6266
f 6267/6267 6271/6271 6269/6269
f 6272/6272 6268/6268 6270/6270
f 6269/6269 6271/6271 6273/6273
f 6274/6274 6272/6272 6270/6270
f 6271/6271 6275/6275 6273/6273
f 6276/6276 6272/6272 6274/6274
f 6273/6273 6275/6275 6277/6277
f 6278/6278 6276/6276 6274/6274
f 6275/6275 6279/6279 6277/6277
f 6280/6280 6276/6276 6278/6278
f 6277/6277 6279/6279 6281/6281
f 6282/6282 6280/6280 6278/6278
f 6279/6279 6283/6283 6281/6281
f 6284/6284 6280/6280 6282/6282
f 6281/6281 6283/6283 6285/6285
f 6286/6286 6284/6284 6282/6282
f 6283/6283 6287/6287 6285/6285
f 6288/6288 6284/6284 6286/6286
f 6285/6285 6287/6287 6289/6289
f 6290/6290 6288/6288 6286/6286
f 6287/6287 6291/6291 6289/6289
f 6292/6292 6288/6288 6290/6290
f 6289/6289 6291/6291 6293/6293
f 6294/6294 6292/6292 6290/6290
f 6291/6291 6295/6295 6293/6293
f 6296/6296 6292/6292 6294/6294
f 6293/6293 6295/6295 6297/6297
f 6298/6298 6296/6296 6294/6294
f 6295/6295 6299/6299 6297/6297
f 6300/6300 6296/6296 6298/6298
f 6297/6297 6299/6299 6301/6301
f 6302/6302 6300/6300 6298/6298
f 6299/6299 6303/6303 6301/6301
f 6304/6304 6300/6300 6302/6302
f 6301/6301 6303/6303 6305/6305
f 6306/6306 6304/6304 6302/6302
f 6303/6303 6307/6307 6305/6305
f 6308/6308 6304/6304 6306/6306
f 6305/6305 6307/6307 6309/6309
f 6310/6310 6308/6308 6306/6306
f 6307/6307 6311/6311 6309/6309
f 6312/6312 6308/6308 6310/6310
f 6309/6309 6311/6311 6313/6313
f 6314/6314 6312/6312 6310/6310
f 6311/6311 6315/6315 6313/6313
f 6316/6316 6312/6312 6314/6314
f 6313/6313 6315/6315 6317/6317
f 6318/6318 6316/6316 6314/6314
f 6315/6315 6319/6319 6317/6317
f 6320/6320 6316/6316 6318/6318
f 6317/6317 6319/6319 6321/6321
f 6322/6322 6320/6320 6318/6318
f 6319/6319 6323/6323 6321/6321
f 6324/6324 6320/6320 6322/6322
f 6321/6321 6323/6323 6325/6325
f 6326/6326 6324/6324 6322/6322
f 6323/6323 6327/6327 6325/6325
f 6327/6327 6324/6324 6326/6326
f 6325/6325 6327/6327 6326/6326
f 6330/6330 6329/6329 6328/6328
f 6331/6331 6330/6330 6328/6328
f 6328/6328 6329/6329 6332/6332
f 6333/6333 6330/6330 6331/6331
f 6329/6329 6334/6334 6332/6332
f 6335/6335 6333/6333 6331/6331
f 6332/6332 6334/6334 6336/6336
f 6337/6337 6333/6333 6335/6335
f 6334/6334 6338/6338 6336/6336
f 6339/6339 6337/6337 6335/6335
f 6336/6336 6338/6338 6340/6340
f 6341/6341 6337/6337 6339/6339
f 6338/6338 6342/6342 6340/6340
f 6343/6343 6341/6341 6339/6339
f 6340/6340 6342/6342 6344/6344
f 6345/6345 6341/6341 6343/6343
f 6342/6342 6346/6346 6344/6344
f 6347/6347 6345/6345 6343/6343
f 6344/6344 6346/6346 6348/6348
f 6345/6345 6347/6347 6349/6349
f 6346/6346 6350/6350 6348/6348
f 6347/6347 6351/6351 6349/6349
f 6348/6348 6350/6350 6352/6352
f 6349/6349 6351/6351 6353/6353
f 6350/6350 6354/6354 6352/6352
f 6351/6351 6355/6355 6353/6353
f 6352/6352 6354/6354 6356/6356
f 6357/6357 6353/6353 6355/6355
f 6354/6354 6358/6358 6356/6356
f 6359/6359 6357/6357 6355/6355
f 6360/6360 6356/6356 6358/6358
f 6361/6361 6357/6357 6359/6359
f 6362/6362 6360/6360 6358/6358
f 6363/6363 6361/6361 6359/6359
f 6364/6364 6360/6360 6362/6362
f 6365/6365 6361/6361 6363/6363
f 6366/6366 6364/6364 6362/6362
f 6367/6367 6365/6365 6363/6363
f 6368/6368 6364/6364 6366/6366
f 6369/6369 6365/6365 6367/6367
f 6370/6370 6368/6368 6366/6366
f 6371/6371 6369/6369 6367/6367
f 6368/6368 6370/6370 6372/6372
f 6373/6373 6369/6369 6371/6371
f 6370/6370 6374/6374 6372/6372
f 6375/6375 6373/6373 6371/6371
f 6372/6372 6374/6374 6376/6376
f 6377/6377 6373/6373 6375/6375
f 6374/6374 6378/6378 6376/6376
f 6379/6379 6377/6377 6375/6375
f 6376/6376 6378/6378 6380/6380
f 6381/6381 6377/6377 6379/6379
f 6378/6378 6382/6382 6380/6380
f 6383/6383 6381/6381 6379/6379
f 6380/6380 6382/6382 6384/6384
f 6385/6385 6381/6381 6383/6383
f 6382/6382 6386/6386 6384/6384
f 6387/6387 6385/6385 6383/6383
f 6384/6384 6386/6386 6388/6388
f 6389/6389 6385/6385 6387/6387
f 6386/6386 6390/6390 6388/6388
f 6391/6391 6389/6389 6387/6387
f 6388/6388 6390/6390 6392/6392
f 6393/6393 6389/6389 6391/6391
f 6392/6392 6393/6393 6391/6391
f 6390/6390 6393/6393 6392/6392
f 6396/6396 6395/6395 6394/6394
f 6395/6395 6397/6397 6394/6394
f 6398/6398 6395/6395 6396/6396
f 6397/6397 6399/6399 6394/6394
f 6400/6400 6398/6398 6396/6396
f 6397/6397 6401/6401 6399/6399
f 6400/6400 6402/6402 6398/6398
f 6401/6401 6403/6403 6399/6399
f 6404/6404 6402/6402 6400/6400
f 6405/6405 6403/6403 6401/6401
f 6404/6404 6406/6406 6402/6402
f 6405/6405 6407/6407 6403/6403
f 6408/6408 6406/6406 6404/6404
f 6409/6409 6407/6407 6405/6405
f 6408/6408 6410/6410 6406/6406
f 6409/6409 6411/6411 6407/6407
f 6412/6412 6410/6410 6408/6408
f 6413/6413 6411/6411 6409/6409
f 6412/6412 6414/6414 6410/6410
f 6413/6413 6415/6415 6411/6411
f 6416/6416 6414/6414 6412/6412
f 6417/6417 6415/6415 6413/6413
f 6416/6416 6418/6418 6414/6414
f 6417/6417 6419/6419 6415/6415
f 6420/6420 6418/6418 6416/6416
f 6421/6421 6419/6419 6417/6417
f 6420/6420 6422/6422 6418/6418
f 6421/6421 6423/6423 6419/6419
f 6424/6424 6422/6422 6420/6420
f 6425/6425 6423/6423 6421/6421
f 6424/6424 6426/6426 6422/6422
f 6425/6425 6427/6427 6423/6423
f 6424/6424 6428/6428 6426/6426
f 6429/6429 6427/6427 6425/6425
f 6428/6428 6429/6429 6426/6426
f 6428/6428 6427/6427 6429/6429
f 6432/6432 6431/6431 6430/6430
f 6431/6431 6433/6433 6430/6430
f 6432/6432 6430/6430 6434/6434
f 6431/6431 6435/6435 6433/6433
f 6436/6436 6432/6432 6434/6434
f 6435/6435 6437/6437 6433/6433
f 6436/6436 6434/6434 6438/6438
f 6435/6435 6439/6439 6437/6437
f 6440/6440 6436/6436 6438/6438
f 6439/6439 6441/6441 6437/6437
f 6440/6440 6438/6438 6442/6442
f 6439/6439 6443/6443 6441/6441
f 6444/6444 6440/6440 6442/6442
f 6443/6443 6445/6445 6441/6441
f 6444/6444 6442/6442 6446/6446
f 6443/6443 6447/6447 6445/6445
f 6448/6448 6444/6444 6446/6446
f 6447/6447 6449/6449 6445/6445
f 6448/6448 6446/6446 6450/6450
f 6447/6447 6451/6451 6449/6449
f 6452/6452 6448/6448 6450/6450
f 6451/6451 6453/6453 6449/6449
f 6452/6452 6450/6450 6454/6454
f 6451/6451 6455/6455 6453/6453
f 6456/6456 6452/6452 6454/6454
f 6455/6455 6457/6457 6453/6453
f 6456/6456 6454/6454 6458/6458
f 6455/6455 6459/6459 6457/6457
f 6460/6460 6456/6456 6458/6458
f 6459/6459 6461/6461 6457/6457
f 6460/6460 6458/6458 6462/6462
f 6459/6459 6463/6463 6461/6461
f 6464/6464 6460/6460 6462/6462
f 6463/6463 6465/6465 6461/6461
f 6464/6464 6462/6462 6465/6465
f 6463/6463 6464/6464 6465/6465
