v 0.0167228552 0.0229679354 -0.0180379517
v 0.0165543528 0.0229715923 -0.0165410893
v 0.0182216734 0.022998464 -0.0164911224
v 0.0148011424 0.0227565599 -0.0168052982
v 0.0145439475 0.0226394184 -0.0184502642
v 0.0133585907 0.022316101 -0.0172422893
v 0.013165532 0.0222009036 -0.0189538245
v 0.0122656794 0.0217410281 -0.0177592228
v 0.0118700245 0.0214699739 -0.0197237314
v 0.0115122176 0.0211507107 -0.0182696051
v 0.0110063531 0.0205876272 -0.0205793986
v 0.01068276 0.020086676 -0.0191238069
v 0.0104174001 0.0195233641 -0.0215251988
v 0.0102052667 0.0188832267 -0.0200952272
v 0.0100423675 0.0180285797 -0.0227456185
v 0.0100177508 0.0176781419 -0.02107951
v 0.0100003463 0.0146626882 -0.0233125247
v 0.0100004058 0.0157229844 -0.0243730043
v 0.0100003464 0.0125321175 -0.0261781068
v 0.0100003466 0.0102117033 -0.0255501247
v 0.0100004064 0.00886899521 -0.027622105
v 0.0100005856 0.00619881408 -0.02681599
v 0.0100004067 0.0054765254 -0.0284925423
v 0.0100002884 0.00239843663 -0.027392598
v 0.0100005265 0.00069045128 -0.0290428317
v 0.0182654834 0.0229967934 0.016493132
v 0.0171411602 0.0229765516 0.0165240708
v 0.01669508 0.0229642159 0.0180393617
v 0.0154506541 0.0228176853 0.0167058664
v 0.0139073114 0.0224875517 0.0186192017
v 0.0135745383 0.0223602442 0.0171841268
v 0.0124614216 0.0218638754 0.0193312662
v 0.0121342516 0.0216727985 0.0178221235
v 0.0112971644 0.0209344226 0.0202571726
v 0.0108278375 0.0203444705 0.018945086
v 0.0105498414 0.0198306132 0.0212543993
v 0.0103327611 0.0192872811 0.0198080772
v 0.010116575 0.0184567669 0.02239163
v 0.010034917 0.0179435703 0.0208901605
v 0.00999891559 0.0170688416 0.0234594409
v 0.00999981003 0.0145544743 0.0233884042
v 0.00999981021 0.0125088563 0.0262180838
v 0.00999945318 0.00999423661 0.025652867
v 0.00999975095 0.0079089748 0.0279188476
v 0.00999975108 0.00638985817 0.0267546886
v 0.00999969166 0.0036355386 0.028799451
v 0.00999969166 0.00359051388 0.0272743666
v 0.00837808802 0.00421296355 0.0282002991
v 0.00149977146 0.00661586541 0.027756131
v 0.00149971223 0.00275527213 0.0283753179
v 0.00837832637 0.00763799326 0.0274759921
v 0.00149971153 0.0108053829 0.0264372386
v 0.00836247112 0.00999983895 0.0267249299
v 0.00834053606 0.0126534484 0.0256407802
v 0.00149971125 0.0139253565 0.0250131357
v 0.00828468626 0.0158504285 0.0239174566
v 0.00149959173 0.0172538189 0.0229940357
v 0.00860833948 0.0192510059 0.021429747
v 0.0014998299 0.0195647431 0.0207397097
v 0.00996964985 0.0214686291 0.0193020227
v 0.00149988939 0.0215960333 0.0186303514
v 0.0125208471 0.0229714216 0.0175332185
v 0.00149988924 0.0232918466 0.0164611265
v 0.0155467956 0.0236245526 0.0166610087
v 0.00149982944 0.0248586004 0.0139953088
v 0.0182475423 0.0237381145 0.0164925601
v 0.0182471842 0.0250972852 0.0144048987
v 0.00149982935 0.0259029942 0.0119873708
v 0.0182483758 0.0270517937 0.0104195882
v 0.00149988889 0.0273275132 0.00830583449
v 0.0182483757 0.0283184332 0.00623383894
v 0.00149994838 0.028243015 0.0041751824
v 0.0182484353 0.0288832134 0.00268253298
v 0.00150006759 0.0284879557 0.00180183633
v 0.0182483756 0.0290011537 -0.000589182309
v 0.00149988878 0.0285367483 -0.0011377334
v 0.0182485547 0.0287502263 -0.00380590864
v 0.00149774304 0.0281885268 -0.00452331115
v 0.0182484951 0.027934152 -0.00783539581
v 0.00149160385 0.0273256302 -0.00829475757
v 0.0182486145 0.0264625896 -0.0117762422
v 0.00149106747 0.0258450048 -0.0120834615
v 0.0182418204 0.0246349185 -0.0151762797
v 0.00149494192 0.0246857964 -0.0142914243
v 0.018247423 0.0237816932 -0.0164298428
v 0.0144686675 0.0234590187 -0.0168816274
v 0.00150048528 0.0227775222 -0.0171715699
v 0.011767087 0.0226736355 -0.0179013514
v 0.00149655162 0.0207184189 -0.0196131426
v 0.00977235791 0.0212582448 -0.0195239278
v 0.00877272879 0.0196093337 -0.0211135295
v 0.00833886724 0.0177683505 -0.022594945
v 0.00150042618 0.0173431197 -0.0229240002
v 0.00829040878 0.0161313153 -0.0237306653
v 0.0014969098 0.0142509876 -0.0248357042
v 0.00832366816 0.01324533 -0.0253582053
v 0.00149541992 0.0115427394 -0.0261275331
v 0.00836217277 0.0104094273 -0.0265834766
v 0.00150066531 0.00872774849 -0.0271566736
v 0.0083686109 0.00631652584 -0.0278228516
v 0.0015004272 0.00565918576 -0.0279425643
v 0.001500368 0.00146883307 -0.0284957903
v 0.00837266396 0.00230169263 -0.0284178124
v 0.00149971223 0.00275527213 0.0283753179
v 0.00837671753 0.000807914971 0.0285017799
v 0.00837808802 0.00421296355 0.0282002991
v 0.00149953378 -0.00135761307 0.0285022717
v 0.00837826758 -0.00235716343 0.0284024427
v 0.00837719465 -0.0055057204 0.0279676227
v 0.0014994745 -0.00567340672 0.0279295782
v 0.00837725459 -0.00860418076 0.0271786994
v 0.00149953445 -0.00895349354 0.027057025
v 0.0083718307 -0.0124445964 0.0256820582
v 0.00149947506 -0.0121065916 0.0258007145
v 0.00149947532 -0.0150879742 0.0241784714
v 0.00842189904 -0.0158852032 0.0236713924
v 0.00149947556 -0.0178553585 0.0222132963
v 0.00887477525 -0.018485415 0.0217071749
v 0.00149947578 -0.0203694958 0.0199330651
v 0.0101300491 -0.0206194474 0.0196702982
v 0.00150174098 -0.0225957453 0.017368875
v 0.0114610212 -0.021735831 0.0184291726
v 0.0134005566 -0.0226469058 0.0172959481
v 0.00149965495 -0.0244994821 0.0145608108
v 0.01616508 -0.0231699757 0.0165951846
v 0.0182415263 -0.0232576144 0.0164913217
v 0.0182278768 -0.0255873382 0.0126478073
v 0.00149965509 -0.0260567553 0.0115449839
v 0.00149971485 -0.0272444623 0.00836540712
v 0.0182278172 -0.027151637 0.00871140874
v 0.00149971492 -0.0280457489 0.00506718643
v 0.0182279366 -0.0279690123 0.00554858816
v 0.0014998341 -0.0284492532 0.00169709529
v 0.0182279367 -0.0284045802 0.00246961754
v 0.0182279964 -0.0284881519 -0.00148200952
v 0.00149977453 -0.0284492561 -0.001697066
v 0.00149983407 -0.0280457518 -0.00506715805
v 0.0182279963 -0.0280168823 -0.00530261168
v 0.00149995323 -0.0272444652 -0.00836537947
v 0.0182280559 -0.0270676987 -0.00899681836
v 0.00149995313 -0.0260567611 -0.011544954
v 0.0182282347 -0.0251427917 -0.0134978211
v 0.00150001256 -0.024499485 -0.0145607832
v 0.0182281749 -0.0232429431 -0.016492435
v 0.0158999572 -0.0231407787 -0.0166362428
v 0.0133450046 -0.022634026 -0.0173257635
v 0.00150007206 -0.0225947266 -0.017370093
v 0.0116203443 -0.0218378792 -0.0183142518
v 0.0102801936 -0.0208011252 -0.0194904889
v 0.0015000122 -0.0203694987 -0.0199330374
v 0.00924575457 -0.0192904939 -0.0209846243
v 0.00862693931 -0.0175683693 -0.0224596093
v 0.00150001198 -0.0178553628 -0.0222132701
v 0.00150013098 -0.0150879829 -0.024178451
v 0.00838548064 -0.0152357134 -0.0241014321
v 0.00837963928 -0.0127332874 -0.025510788
v 0.00150013071 -0.0121065989 -0.025800697
v 0.00837928101 -0.00934618146 -0.026958235
v 0.00150019001 -0.00895350227 -0.0270570075
v 0.00837719461 -0.00498223598 -0.028092321
v 0.00150024939 -0.00567341509 -0.0279295607
v 0.00150018943 -0.00231285745 -0.0284059817
v 0.00837349878 -0.000774289124 -0.0284986541
v 0.001500368 0.00146883307 -0.0284957903
v 0.00837266396 0.00230169263 -0.0284178124
v 0.00837808802 0.00421296355 0.0282002991
v 0.00939238004 0.00133884996 0.0274848775
v 0.00937753817 0.00566813151 0.0269393146
v 0.00837832637 0.00763799326 0.0274759921
v 0.00936037161 0.0100994891 0.0256085157
v 0.00836247112 0.00999983895 0.0267249299
v 0.00834053606 0.0126534484 0.0256407802
v 0.00934463635 0.013250499 0.0241078582
v 0.00828468626 0.0158504285 0.0239174566
v 0.00929885944 0.0158185948 0.0225033626
v 0.00944781118 0.018199358 0.020744864
v 0.00860833948 0.0192510059 0.021429747
v 0.0100052935 0.0197651819 0.0195866058
v 0.00996964985 0.0214686291 0.0193020227
v 0.0106956341 0.0207576459 0.0188153994
v 0.0115683654 0.0215784991 0.018127395
v 0.0121342516 0.0216727985 0.0178221235
v 0.0125208471 0.0229714216 0.0175332185
v 0.0135745383 0.0223602442 0.0171841268
v 0.0155467956 0.0236245526 0.0166610087
v 0.0154506541 0.0228176853 0.0167058664
v 0.0171411602 0.0229765516 0.0165240708
v 0.0182475423 0.0237381145 0.0164925601
v 0.0182654834 0.0229967934 0.016493132
v 0.00837808802 0.00421296355 0.0282002991
v 0.00837671753 0.000807914971 0.0285017799
v 0.00939238004 0.00133884996 0.0274848775
v 0.00837826758 -0.00235716343 0.0284024427
v 0.00938028125 -0.00313876471 0.0273502752
v 0.00837719465 -0.0055057204 0.0279676227
v 0.00937807626 -0.00722063842 0.0265479583
v 0.00837725459 -0.00860418076 0.0271786994
v 0.0093773613 -0.0102356104 0.0255384308
v 0.0083718307 -0.0124445964 0.0256820582
v 0.00935924155 -0.0136992886 0.0238818975
v 0.00842189904 -0.0158852032 0.0236713924
v 0.0095658914 -0.0168696532 0.0216784319
v 0.00887477525 -0.018485415 0.0217071749
v 0.00992793004 -0.0178759603 0.020831365
v 0.0101300491 -0.0206194474 0.0196702982
v 0.0105818525 -0.018989825 0.0197852132
v 0.0119597333 -0.0195710662 0.0185380195
v 0.0114610212 -0.021735831 0.0184291726
v 0.0130647433 -0.0201935636 0.0177137947
v 0.0134005566 -0.0226469058 0.0172959481
v 0.0141823304 -0.0205887295 0.0171468957
v 0.0154733079 -0.0208628889 0.0167257123
v 0.01616508 -0.0231699757 0.0165951846
v 0.0167720926 -0.0209796752 0.0165390127
v 0.0182491556 -0.0210349141 0.0164928671
v 0.0182415263 -0.0232576144 0.0164913217
v 0.00899457866 0.00185415471 0.0299738924
v 0.00999969166 0.0036355386 0.028799451
v 0.00999975167 -0.000394361849 0.0290089025
v 0.00899910908 -0.00281057231 0.0298832048
v 0.00999945445 -0.00456270121 0.0286709022
v 0.00899964633 -0.0060541089 0.0293908321
v 0.00900173258 -0.00871145452 0.0287151575
v 0.00999921613 -0.00835173254 0.0277817453
v 0.0090046534 -0.0116314185 0.0276613195
v 0.0099993358 -0.0122674587 0.0263077265
v 0.00899434221 -0.015056131 0.0259638589
v 0.0100095283 -0.0158827016 0.0242679394
v 0.00920063405 -0.0179370362 0.0240585403
v 0.0103444473 -0.017629576 0.0228238714
v 0.0100001711 -0.0204768984 0.0219509151
v 0.0111855881 -0.0188998825 0.0213645762
v 0.011131229 -0.0219207888 0.0204842028
v 0.0125324138 -0.0199531019 0.0198735317
v 0.0126171135 -0.0229721689 0.0193058571
v 0.0142603534 -0.0206187035 0.0187354453
v 0.0149931328 -0.0237506001 0.0183296404
v 0.0156533137 -0.0208867511 0.0182292759
v 0.0171011099 -0.0209912643 0.0180062169
v 0.0176303401 -0.0240004286 0.0179994473
v 0.0379925379 -0.0209968475 0.0179930692
v 0.0337680008 -0.0240408655 0.0179894341
v 0.0396548529 -0.024014462 0.0179348179
v 0.0406116266 -0.021000053 0.0178047281
v 0.0426660779 -0.0240119282 0.0173924258
v 0.0433031342 -0.0209998243 0.0171938416
v 0.0457435867 -0.0240307727 0.016240144
v 0.0457273145 -0.0209998241 0.0162492986
v 0.0481354004 -0.0209998239 0.0148668551
v 0.0476813925 -0.0239990319 0.0151870117
v 0.0499295616 -0.024039275 0.0134545189
v 0.0502380153 -0.0209998237 0.0131901805
v 0.0520454042 -0.0240122388 0.0112458372
v 0.0520670397 -0.020999825 0.0112189162
v 0.0536445957 -0.0240039514 0.0089050809
v 0.0535820105 -0.0209998249 0.00899699153
v 0.0547488355 -0.0209998233 0.00657414494
v 0.054669976 -0.0240109275 0.00680489684
v 0.055532695 -0.0240239615 0.0040243729
v 0.0555415773 -0.0209998262 0.00400444151
v 0.0559313302 -0.0240412637 0.00141496112
v 0.0559423545 -0.0209998261 0.00134527963
v 0.0559418192 -0.0240444957 -0.0012670951
v 0.0559424185 -0.0209998261 -0.00134393613
v 0.055552183 -0.0240358155 -0.00393326336
v 0.0555415773 -0.0209998262 -0.00400306708
v 0.0546903603 -0.0240149482 -0.00675413103
v 0.0547490101 -0.0209998233 -0.00657281053
v 0.0536318424 -0.0240391947 -0.0089164394
v 0.0535822492 -0.0209998293 -0.00899571532
v 0.0520369408 -0.0240144318 -0.0112546491
v 0.0520674006 -0.0209998294 -0.0112176422
v 0.050238254 -0.0209998266 -0.0131889654
v 0.0501127236 -0.0240236288 -0.0132992267
v 0.0481358166 -0.0209998268 -0.0148656836
v 0.0477265733 -0.0240059557 -0.0151576955
v 0.0457277307 -0.0209998299 -0.0162481883
v 0.0457753536 -0.0240389552 -0.0162237644
v 0.043208541 -0.0209998273 -0.0172218453
v 0.0429862753 -0.0240040076 -0.017298662
v 0.0398669847 -0.0209999702 -0.017923578
v 0.0406153201 -0.0240042945 -0.0178137736
v 0.0385234357 -0.0240180841 -0.0179885436
v 0.0165260444 -0.0209785751 -0.0180350631
v 0.0172913692 -0.0239917295 -0.0180106697
v 0.0149285805 -0.0237278642 -0.0183582102
v 0.0145667207 -0.0206963321 -0.0185977871
v 0.0131582629 -0.0232061331 -0.0190191306
v 0.0129186522 -0.0201331469 -0.0195708562
v 0.0115225926 -0.0222716747 -0.020104328
v 0.0115396392 -0.0192380195 -0.020916271
v 0.0100228204 -0.0205260969 -0.0219065798
v 0.0107901107 -0.0184075053 -0.0219754496
v 0.0103071944 -0.0174808904 -0.022952538
v 0.00919801107 -0.0179143425 -0.0240747089
v 0.0100430261 -0.0162180606 -0.024013684
v 0.00899046779 -0.0153356544 -0.0258036598
v 0.00999623637 -0.013723257 -0.0255707855
v 0.00899696418 -0.0117113413 -0.0276337581
v 0.00999987181 -0.0096836919 -0.027370904
v 0.00900101731 -0.00824859665 -0.0288601004
v 0.00999999071 -0.00476895533 -0.0286371185
v 0.00899875202 -0.00501161406 -0.0295889186
v 0.00899928801 -0.00216072598 -0.02992964
v 0.0100005265 0.00069045128 -0.0290428317
v 0.00900059887 0.000930757019 -0.0300005893
v 0.00899457866 0.00185415471 0.0299738924
v 0.009006321 0.0056018988 0.0294769095
v 0.00999969166 0.0036355386 0.028799451
v 0.00999975095 0.0079089748 0.0279188476
v 0.00900739309 0.00996483801 0.0283570931
v 0.00999981021 0.0125088563 0.0262180838
v 0.00900071706 0.0138354583 0.026732558
v 0.00899785592 0.016538088 0.0252543221
v 0.00999891559 0.0170688416 0.0234594409
v 0.00914877433 0.019169732 0.023426782
v 0.010116575 0.0184567669 0.02239163
v 0.00975161563 0.0210227875 0.0218540357
v 0.0105498414 0.0198306132 0.0212543993
v 0.0112971644 0.0209344226 0.0202571726
v 0.0109040122 0.0225712904 0.02031482
v 0.0124614216 0.0218638754 0.0193312662
v 0.0130010224 0.0237902478 0.0189034603
v 0.0139073114 0.0224875517 0.0186192017
v 0.0146657804 0.0242197797 0.0183612719
v 0.01669508 0.0229642159 0.0180393617
v 0.0166982391 0.0244701616 0.0180351504
v 0.0385144908 0.0245006614 0.0179898852
v 0.0388250928 0.0229967836 0.0179810348
v 0.040772852 0.0244994305 0.017792228
v 0.0415969474 0.0229968027 0.0176299509
v 0.0425521699 0.0245091979 0.0174127941
v 0.0441040358 0.0229968029 0.0169261431
v 0.0449814754 0.0245061771 0.0166008744
v 0.0464833351 0.0229968017 0.0158678085
v 0.047439809 0.0245025365 0.0153327099
v 0.0486848914 0.0229968033 0.0144771257
v 0.0493642038 0.0245028015 0.0139635187
v 0.0509805025 0.0244992015 0.0124827697
v 0.0506626364 0.0229968021 0.0127831998
v 0.0524520271 0.0245019374 0.0107303276
v 0.0523751931 0.0229968037 0.0108215208
v 0.0536671818 0.0244984916 0.00888144932
v 0.0537866299 0.0229968023 0.00863319437
v 0.0547768469 0.0245028864 0.00651594601
v 0.0548675054 0.022996801 0.00626403344
v 0.0554918639 0.0244997141 0.00425929829
v 0.0555949789 0.022996801 0.00376368625
v 0.0559878922 0.0244883869 0.00116907258
v 0.0559853894 0.0229967705 0.000826693031
v 0.0559539747 0.0229968011 -0.00118315729
v 0.0559042652 0.0245027817 -0.00188835202
v 0.0554729639 0.0244985354 -0.0043948552
v 0.0555950371 0.022996801 -0.00376232638
v 0.0548676218 0.022996801 -0.00626269903
v 0.054600175 0.0245226391 -0.00696556526
v 0.0537868685 0.0229967965 -0.00863191817
v 0.053505836 0.0245273626 -0.00914867414
v 0.0522238588 0.0245271093 -0.0110420784
v 0.0523754317 0.0229967978 -0.0108202672
v 0.0500671835 0.024530392 -0.013401013
v 0.0506629914 0.0229967977 -0.012781976
v 0.0486853105 0.0229967975 -0.0144759513
v 0.0470116102 0.0245301822 -0.0155967049
v 0.046483693 0.0229967959 -0.0158666968
v 0.0444139798 0.02452375 -0.0168221683
v 0.0441044549 0.0229967971 -0.0169250881
v 0.0424368344 0.0245003649 -0.0174586618
v 0.0415973636 0.0229967969 -0.0176289541
v 0.0393200499 0.0245040492 -0.0179713825
v 0.0387811635 0.0229967923 -0.0179842144
v 0.0165646642 0.0244717594 -0.0180321833
v 0.0167228552 0.0229679354 -0.0180379517
v 0.0140486933 0.0240937353 -0.0185225523
v 0.0145439475 0.0226394184 -0.0184502642
v 0.012747643 0.023675973 -0.0190433377
v 0.013165532 0.0222009036 -0.0189538245
v 0.0118700245 0.0214699739 -0.0197237314
v 0.0113907432 0.0229272172 -0.0199140282
v 0.0104408241 0.0220588112 -0.0208461293
v 0.0110063531 0.0205876272 -0.0205793986
v 0.00957745107 0.02067869 -0.0221732174
v 0.0104174001 0.0195233641 -0.0215251988
v 0.0100423675 0.0180285797 -0.0227456185
v 0.00904696993 0.0183632954 -0.0240233698
v 0.00899571027 0.0161910714 -0.0254598068
v 0.0100004058 0.0157229844 -0.0243730043
v 0.0100003464 0.0125321175 -0.0261781068
v 0.00900107517 0.0123242404 -0.0274507795
v 0.0100004064 0.00886899521 -0.027622105
v 0.00900262532 0.00806328905 -0.028916719
v 0.0100004067 0.0054765254 -0.0284925423
v 0.00899910844 0.00452011015 -0.0296697282
v 0.0100005265 0.00069045128 -0.0290428317
v 0.00900059887 0.000930757019 -0.0300005893
v 0.00999987104 -0.000884544114 0.0275320024
v 0.00999969166 0.00359051388 0.0272743666
v 0.00939238004 0.00133884996 0.0274848775
v 0.00938028125 -0.00313876471 0.0273502752
v 0.00999897732 -0.00649923881 0.0267562224
v 0.00937807626 -0.00722063842 0.0265479583
v 0.0093773613 -0.0102356104 0.0255384308
v 0.00999951462 -0.0104033561 0.0254563318
v 0.00935924155 -0.0136992886 0.0238818975
v 0.00999683229 -0.0140115377 0.0236746346
v 0.010034503 -0.0161139184 0.0222677132
v 0.0095658914 -0.0168696532 0.0216784319
v 0.0102794781 -0.0174301813 0.0211166305
v 0.00992793004 -0.0178759603 0.020831365
v 0.0106657158 -0.0182234513 0.0202327981
v 0.0105818525 -0.018989825 0.0197852132
v 0.011209072 -0.018941012 0.0193672211
v 0.0119597333 -0.0195710662 0.0185380195
v 0.00999969166 0.00359051388 0.0272743666
v 0.00937753817 0.00566813151 0.0269393146
v 0.00939238004 0.00133884996 0.0274848775
v 0.00999975108 0.00638985817 0.0267546886
v 0.00999945318 0.00999423661 0.025652867
v 0.00936037161 0.0100994891 0.0256085157
v 0.00999981003 0.0145544743 0.0233884042
v 0.00934463635 0.013250499 0.0241078582
v 0.00929885944 0.0158185948 0.0225033626
v 0.010034917 0.0179435703 0.0208901605
v 0.00944781118 0.018199358 0.020744864
v 0.0103327611 0.0192872811 0.0198080772
v 0.0100052935 0.0197651819 0.0195866058
v 0.0108278375 0.0203444705 0.018945086
v 0.0106956341 0.0207576459 0.0188153994
v 0.0121342516 0.0216727985 0.0178221235
v 0.00999969166 0.0036355386 0.028799451
v 0.00999969166 0.00359051388 0.0272743666
v 0.00999987104 -0.000884544114 0.0275320024
v 0.00999975167 -0.000394361849 0.0290089025
v 0.00999945445 -0.00456270121 0.0286709022
v 0.00999897732 -0.00649923881 0.0267562224
v 0.00999921613 -0.00835173254 0.0277817453
v 0.00999951462 -0.0104033561 0.0254563318
v 0.0099993358 -0.0122674587 0.0263077265
v 0.00999683229 -0.0140115377 0.0236746346
v 0.0100095283 -0.0158827016 0.0242679394
v 0.010034503 -0.0161139184 0.0222677132
v 0.0103444473 -0.017629576 0.0228238714
v 0.0102794781 -0.0174301813 0.0211166305
v 0.0106657158 -0.0182234513 0.0202327981
v 0.0111855881 -0.0188998825 0.0213645762
v 0.011209072 -0.018941012 0.0193672211
v 0.0125324138 -0.0199531019 0.0198735317
v 0.0119597333 -0.0195710662 0.0185380195
v 0.0130647433 -0.0201935636 0.0177137947
v 0.0142603534 -0.0206187035 0.0187354453
v 0.0141823304 -0.0205887295 0.0171468957
v 0.0154733079 -0.0208628889 0.0167257123
v 0.0156533137 -0.0208867511 0.0182292759
v 0.0167720926 -0.0209796752 0.0165390127
v 0.0171011099 -0.0209912643 0.0180062169
v 0.0182491556 -0.0210349141 0.0164928671
v 0.0182216734 0.022998464 -0.0164911224
v 0.0387811635 0.0229967923 -0.0179842144
v 0.0167228552 0.0229679354 -0.0180379517
v 0.0182654834 0.0229967934 0.016493132
v 0.0388250928 0.0229967836 0.0179810348
v 0.01669508 0.0229642159 0.0180393617
v 0.0415973636 0.0229967969 -0.0176289541
v 0.0415969474 0.0229968027 0.0176299509
v 0.0441040358 0.0229968029 0.0169261431
v 0.0441044549 0.0229967971 -0.0169250881
v 0.046483693 0.0229967959 -0.0158666968
v 0.0464833351 0.0229968017 0.0158678085
v 0.0486848914 0.0229968033 0.0144771257
v 0.0506629914 0.0229967977 -0.012781976
v 0.0486853105 0.0229967975 -0.0144759513
v 0.0523754317 0.0229967978 -0.0108202672
v 0.0523751931 0.0229968037 0.0108215208
v 0.0506626364 0.0229968021 0.0127831998
v 0.0537868685 0.0229967965 -0.00863191817
v 0.0548676218 0.022996801 -0.00626269903
v 0.0548675054 0.022996801 0.00626403344
v 0.0537866299 0.0229968023 0.00863319437
v 0.0555950371 0.022996801 -0.00376232638
v 0.0559853894 0.0229967705 0.000826693031
v 0.0555949789 0.022996801 0.00376368625
v 0.0559539747 0.0229968011 -0.00118315729
v 0.010000229 -0.000987840066 -0.0275037513
v 0.0100002884 0.00239843663 -0.027392598
v 0.0100005265 0.00069045128 -0.0290428317
v 0.00999999071 -0.00476895533 -0.0286371185
v 0.0100001697 -0.00491749437 -0.0270566554
v 0.01000017 -0.00770211831 -0.026399261
v 0.00999987181 -0.0096836919 -0.027370904
v 0.00999975264 -0.0114543668 -0.025034172
v 0.00999623637 -0.013723257 -0.0255707855
v 0.00999903777 -0.0155144173 -0.0227206736
v 0.0100430261 -0.0162180606 -0.024013684
v 0.01015401 -0.016924006 -0.0215900407
v 0.0103071944 -0.0174808904 -0.022952538
v 0.0105370296 -0.018017092 -0.0204774682
v 0.0107901107 -0.0184075053 -0.0219754496
v 0.0114134566 -0.0191689983 -0.0191027517
v 0.0115396392 -0.0192380195 -0.020916271
v 0.0129186522 -0.0201331469 -0.0195708562
v 0.0129260431 -0.0201224498 -0.0178019123
v 0.0139904634 -0.0205389561 -0.017226224
v 0.0145667207 -0.0206963321 -0.0185977871
v 0.0153837817 -0.0208473169 -0.0167471371
v 0.0165260444 -0.0209785751 -0.0180350631
v 0.0168041606 -0.0209825783 -0.0165339879
v 0.0182510634 -0.0209998265 -0.0164924277
v 0.009378373 0.00251411848 -0.0273982732
v 0.00937426036 0.00555393899 -0.0269440934
v 0.0100002884 0.00239843663 -0.027392598
v 0.0100005856 0.00619881408 -0.02681599
v 0.00937992216 0.00956640443 -0.0258066109
v 0.0100003466 0.0102117033 -0.0255501247
v 0.0093371261 0.0133212024 -0.0240731024
v 0.0100003463 0.0146626882 -0.0233125247
v 0.00930261456 0.0158890246 -0.0224499337
v 0.0100177508 0.0176781419 -0.02107951
v 0.00939965092 0.0178380572 -0.0210050493
v 0.0097361784 0.0191516979 -0.0200340655
v 0.0102052667 0.0188832267 -0.0200952272
v 0.01068276 0.020086676 -0.0191238069
v 0.0102865077 0.0202196077 -0.0192419771
v 0.0110139826 0.0211114132 -0.0185213779
v 0.0115122176 0.0211507107 -0.0182696051
v 0.0122656794 0.0217410281 -0.0177592228
v 0.009378373 0.00251411848 -0.0273982732
v 0.0100002884 0.00239843663 -0.027392598
v 0.010000229 -0.000987840066 -0.0275037513
v 0.00937950611 -0.000283028929 -0.0275035185
v 0.00938707624 -0.0028461297 -0.0273575977
v 0.0100001697 -0.00491749437 -0.0270566554
v 0.00937873175 -0.00641644647 -0.026756883
v 0.01000017 -0.00770211831 -0.026399261
v 0.00938016245 -0.00916687777 -0.0259312539
v 0.00999975264 -0.0114543668 -0.025034172
v 0.00937736147 -0.0121859214 -0.0246817974
v 0.00999903777 -0.0155144173 -0.0227206736
v 0.00937676507 -0.0148337821 -0.0231577782
v 0.00953138006 -0.0166881748 -0.0218198402
v 0.01015401 -0.016924006 -0.0215900407
v 0.00989085539 -0.0178210734 -0.0208886646
v 0.0105370296 -0.018017092 -0.0204774682
v 0.0102878826 -0.0185987539 -0.0201883624
v 0.0114134566 -0.0191689983 -0.0191027517
v 0.0114905847 -0.0198537547 -0.0187924321
v 0.0129260431 -0.0201224498 -0.0178019123
v 0.00837266396 0.00230169263 -0.0284178124
v 0.009378373 0.00251411848 -0.0273982732
v 0.00937950611 -0.000283028929 -0.0275035185
v 0.00837349878 -0.000774289124 -0.0284986541
v 0.00938707624 -0.0028461297 -0.0273575977
v 0.00837719461 -0.00498223598 -0.028092321
v 0.00937873175 -0.00641644647 -0.026756883
v 0.00837928101 -0.00934618146 -0.026958235
v 0.00938016245 -0.00916687777 -0.0259312539
v 0.00937736147 -0.0121859214 -0.0246817974
v 0.00837963928 -0.0127332874 -0.025510788
v 0.00937676507 -0.0148337821 -0.0231577782
v 0.00838548064 -0.0152357134 -0.0241014321
v 0.00953138006 -0.0166881748 -0.0218198402
v 0.00862693931 -0.0175683693 -0.0224596093
v 0.00989085539 -0.0178210734 -0.0208886646
v 0.00924575457 -0.0192904939 -0.0209846243
v 0.0102878826 -0.0185987539 -0.0201883624
v 0.0102801936 -0.0208011252 -0.0194904889
v 0.0114905847 -0.0198537547 -0.0187924321
v 0.0116203443 -0.0218378792 -0.0183142518
v 0.0129260431 -0.0201224498 -0.0178019123
v 0.0133450046 -0.022634026 -0.0173257635
v 0.0139904634 -0.0205389561 -0.017226224
v 0.0153837817 -0.0208473169 -0.0167471371
v 0.0158999572 -0.0231407787 -0.0166362428
v 0.0168041606 -0.0209825783 -0.0165339879
v 0.0182281749 -0.0232429431 -0.016492435
v 0.0182510634 -0.0209998265 -0.0164924277
v 0.00837266396 0.00230169263 -0.0284178124
v 0.0083686109 0.00631652584 -0.0278228516
v 0.009378373 0.00251411848 -0.0273982732
v 0.00937426036 0.00555393899 -0.0269440934
v 0.00937992216 0.00956640443 -0.0258066109
v 0.00836217277 0.0104094273 -0.0265834766
v 0.00832366816 0.01324533 -0.0253582053
v 0.0093371261 0.0133212024 -0.0240731024
v 0.00829040878 0.0161313153 -0.0237306653
v 0.00930261456 0.0158890246 -0.0224499337
v 0.00833886724 0.0177683505 -0.022594945
v 0.00939965092 0.0178380572 -0.0210050493
v 0.00877272879 0.0196093337 -0.0211135295
v 0.0097361784 0.0191516979 -0.0200340655
v 0.00977235791 0.0212582448 -0.0195239278
v 0.0102865077 0.0202196077 -0.0192419771
v 0.0110139826 0.0211114132 -0.0185213779
v 0.011767087 0.0226736355 -0.0179013514
v 0.0122656794 0.0217410281 -0.0177592228
v 0.0133585907 0.022316101 -0.0172422893
v 0.0144686675 0.0234590187 -0.0168816274
v 0.0148011424 0.0227565599 -0.0168052982
v 0.0165543528 0.0229715923 -0.0165410893
v 0.018247423 0.0237816932 -0.0164298428
v 0.0182216734 0.022998464 -0.0164911224
v -5.93621756e-07 -0.0277348328 0.00858500571
v -5.94133517e-07 -0.0218809684 0.019119808
v -5.34216295e-07 -0.0254565821 0.0139891956
v -1.76284119e-07 -0.0289376621 0.00269921493
v -3.5510635e-07 -0.0288427138 -0.00332390737
v -2.95597481e-07 -0.0277470564 -0.0085498672
v -1.16971952e-07 -0.0255921303 -0.0137405194
v -1.76814943e-07 -0.0228657489 -0.0178601273
v 4.1895723e-07 -0.019728436 -0.021299714
v -1.77477373e-07 -0.0152884299 -0.0246949494
v 1.20185153e-07 -0.0111626112 -0.0267755851
v 1.1985951e-07 -0.00743768906 -0.028056369
v 1.79120095e-07 -0.00350211048 -0.0287947565
v 1.19137675e-07 0.000819149773 -0.0290244468
v 5.90044013e-08 0.00686596904 -0.0282350258
v 1.77724398e-07 0.0124628015 -0.0262203655
v 2.96484014e-07 0.0176063069 -0.023125633
v 1.17258847e-07 0.0223104274 -0.0185939847
v 1.76610856e-07 0.0252002268 -0.0143881523
v 2.36046819e-07 0.0271297089 -0.0103375613
v -1.81324349e-07 0.0287158357 -0.0044858607
v -2.53416507e-09 0.0289874675 0.00156408441
v -2.48699202e-09 0.0284478709 0.00571653291
v -3.00393384e-07 0.0271116704 0.010398114
v -1.81014893e-07 0.0251760735 0.0144304795
v -2.99985071e-07 0.0224411167 0.0184238845
v -2.39989338e-07 0.0179674491 0.0228486038
v -4.77953806e-07 0.0127730789 0.0260688743
v -5.96682594e-07 0.0072770752 0.028129667
v -4.76932221e-07 0.00108751719 0.0290231692
v -4.1685087e-07 -0.00436550799 0.0287005212
v -7.14417843e-07 -0.00958420933 0.0274200371
v -5.94836665e-07 -0.0138378964 0.0254982209
v -4.7531079e-07 -0.0174594985 0.0232014412
v 0.00149965495 -0.0244994821 0.0145608108
v 0.00150174098 -0.0225957453 0.017368875
v 0.00149965509 -0.0260567553 0.0115449839
v 0.00149971485 -0.0272444623 0.00836540712
v 0.00149971492 -0.0280457489 0.00506718643
v 0.0014998341 -0.0284492532 0.00169709529
v 0.00149977453 -0.0284492561 -0.001697066
v 0.00149983407 -0.0280457518 -0.00506715805
v 0.00149995323 -0.0272444652 -0.00836537947
v 0.00149995313 -0.0260567611 -0.011544954
v 0.00150001256 -0.024499485 -0.0145607832
v 0.00150007206 -0.0225947266 -0.017370093
v 0.0015000122 -0.0203694987 -0.0199330374
v 0.00150001198 -0.0178553628 -0.0222132701
v 0.00150013098 -0.0150879829 -0.024178451
v 0.00150013071 -0.0121065989 -0.025800697
v 0.00150019001 -0.00895350227 -0.0270570075
v 0.00150024939 -0.00567341509 -0.0279295607
v 0.00150018943 -0.00231285745 -0.0284059817
v 0.001500368 0.00146883307 -0.0284957903
v 0.0015004272 0.00565918576 -0.0279425643
v 0.00150066531 0.00872774849 -0.0271566736
v 0.00149541992 0.0115427394 -0.0261275331
v 0.0014969098 0.0142509876 -0.0248357042
v 0.00150042618 0.0173431197 -0.0229240002
v 0.00149655162 0.0207184189 -0.0196131426
v 0.00150048528 0.0227775222 -0.0171715699
v 0.00149494192 0.0246857964 -0.0142914243
v 0.00149106747 0.0258450048 -0.0120834615
v 0.00149160385 0.0273256302 -0.00829475757
v 0.00149774304 0.0281885268 -0.00452331115
v 0.00149988878 0.0285367483 -0.0011377334
v 0.00150006759 0.0284879557 0.00180183633
v 0.00149994838 0.028243015 0.0041751824
v 0.00149988889 0.0273275132 0.00830583449
v 0.00149982935 0.0259029942 0.0119873708
v 0.00149982944 0.0248586004 0.0139953088
v 0.00149988924 0.0232918466 0.0164611265
v 0.00149988939 0.0215960333 0.0186303514
v 0.0014998299 0.0195647431 0.0207397097
v 0.00149959173 0.0172538189 0.0229940357
v 0.00149971125 0.0139253565 0.0250131357
v 0.00149971153 0.0108053829 0.0264372386
v 0.00149977146 0.00661586541 0.027756131
v 0.00149971223 0.00275527213 0.0283753179
v 0.00149953378 -0.00135761307 0.0285022717
v 0.0014994745 -0.00567340672 0.0279295782
v 0.00149953445 -0.00895349354 0.027057025
v 0.00149947506 -0.0121065916 0.0258007145
v 0.00149947532 -0.0150879742 0.0241784714
v 0.00149947556 -0.0178553585 0.0222132963
v 0.00149947578 -0.0203694958 0.0199330651
v 0.0379925379 -0.0209968475 0.0179930692
v 0.0171011099 -0.0209912643 0.0180062169
v 0.0182491556 -0.0210349141 0.0164928671
v 0.0182510634 -0.0209998265 -0.0164924277
v 0.0406116266 -0.021000053 0.0178047281
v 0.0398669847 -0.0209999702 -0.017923578
v 0.0165260444 -0.0209785751 -0.0180350631
v 0.043208541 -0.0209998273 -0.0172218453
v 0.0433031342 -0.0209998243 0.0171938416
v 0.0457277307 -0.0209998299 -0.0162481883
v 0.0457273145 -0.0209998241 0.0162492986
v 0.0481354004 -0.0209998239 0.0148668551
v 0.0481358166 -0.0209998268 -0.0148656836
v 0.050238254 -0.0209998266 -0.0131889654
v 0.0502380153 -0.0209998237 0.0131901805
v 0.0520670397 -0.020999825 0.0112189162
v 0.0520674006 -0.0209998294 -0.0112176422
v 0.0535822492 -0.0209998293 -0.00899571532
v 0.0535820105 -0.0209998249 0.00899699153
v 0.0555415773 -0.0209998262 -0.00400306708
v 0.0547490101 -0.0209998233 -0.00657281053
v 0.0555415773 -0.0209998262 0.00400444151
v 0.0547488355 -0.0209998233 0.00657414494
v 0.0559424185 -0.0209998261 -0.00134393613
v 0.0559423545 -0.0209998261 0.00134527963
v 0.018247423 0.0237816932 -0.0164298428
v 0.0182418204 0.0246349185 -0.0151762797
v 0.0182216734 0.022998464 -0.0164911224
v 0.0182486145 0.0264625896 -0.0117762422
v 0.0182484951 0.027934152 -0.00783539581
v 0.0182485547 0.0287502263 -0.00380590864
v 0.0182483756 0.0290011537 -0.000589182309
v 0.0182654834 0.0229967934 0.016493132
v 0.0182484353 0.0288832134 0.00268253298
v 0.0182483757 0.0283184332 0.00623383894
v 0.0182483758 0.0270517937 0.0104195882
v 0.0182471842 0.0250972852 0.0144048987
v 0.0182475423 0.0237381145 0.0164925601
v 0.0182510634 -0.0209998265 -0.0164924277
v 0.0182282347 -0.0251427917 -0.0134978211
v 0.0182281749 -0.0232429431 -0.016492435
v 0.0182280559 -0.0270676987 -0.00899681836
v 0.0182279963 -0.0280168823 -0.00530261168
v 0.0182279964 -0.0284881519 -0.00148200952
v 0.0182491556 -0.0210349141 0.0164928671
v 0.0182279367 -0.0284045802 0.00246961754
v 0.0182279366 -0.0279690123 0.00554858816
v 0.0182278172 -0.027151637 0.00871140874
v 0.0182278768 -0.0255873382 0.0126478073
v 0.0182415263 -0.0232576144 0.0164913217
v 0.0126171135 -0.0229721689 0.0193058571
v 0.00114762978 -0.0227435244 0.0195401532
v 0.011131229 -0.0219207888 0.0204842028
v 0.0100001711 -0.0204768984 0.0219509151
v 0.0011679551 -0.0240577588 0.0178857736
v 0.0011909626 -0.0252383615 0.0162137527
v 0.0149931328 -0.0237506001 0.0183296404
v 0.0176303401 -0.0240004286 0.0179994473
v 0.0337680008 -0.0240408655 0.0179894341
v 0.0393182644 -0.0259912859 0.0149441985
v 0.00115227929 -0.0267670227 0.0135214956
v 0.00085562675 -0.0235143597 0.0183889977
v 0.0396000767 -0.0250321545 0.0164581739
v 0.0396548529 -0.024014462 0.0179348179
v 0.0427920248 -0.0251497425 0.0156484675
v 0.0426660779 -0.0240119282 0.0173924258
v 0.0457435867 -0.0240307727 0.016240144
v 0.0465239304 -0.0255237293 0.013303812
v 0.0476813925 -0.0239990319 0.0151870117
v 0.0499295616 -0.024039275 0.0134545189
v 0.000765802664 -0.0253187405 0.015671282
v 0.0428395282 -0.0264756984 0.0132923495
v 0.0498815171 -0.0252526705 0.011006117
v 0.0520454042 -0.0240122388 0.0112458372
v 0.0512089719 -0.0255380887 0.00863560854
v 0.0536445957 -0.0240039514 0.0089050809
v 0.054669976 -0.0240109275 0.00680489684
v 0.0468461536 -0.0264860416 0.0110196801
v 0.0525388714 -0.0254947617 0.00621577492
v 0.055532695 -0.0240239615 0.0040243729
v 0.0517320027 -0.0264329761 0.0037531252
v 0.0559313302 -0.0240412637 0.00141496112
v 0.04945606 -0.0270431003 0.00622502994
v 0.0471048954 -0.0272671156 0.00865288239
v 0.0430362236 -0.0274973331 0.0109240333
v 0.0518268347 -0.0266198955 0.00125461174
v 0.0559418192 -0.0240444957 -0.0012670951
v 0.0474304568 -0.0282548618 0.00375307754
v 0.0461893093 -0.0281832839 0.00621569707
v 0.0518249895 -0.0266208792 -0.00125279194
v 0.055552183 -0.0240358155 -0.00393326336
v 0.0431220538 -0.0282483138 0.00874578764
v 0.0404477727 -0.0287491182 0.00818137778
v 0.0403376844 -0.0274160056 0.0119381693
v 0.0429206495 -0.0289999551 0.00601654865
v 0.0474948315 -0.0284543074 0.00125453644
v 0.0517265836 -0.0264359185 -0.0037513164
v 0.0546903603 -0.0240149482 -0.00675413103
v 0.0377862476 -0.0269407694 0.0131799141
v 0.0377134706 -0.0281223034 0.0104606261
v 0.0431731369 -0.029356055 0.00354659423
v 0.047492803 -0.0284549826 -0.0012528405
v 0.0515129556 -0.0260897227 -0.00616239631
v 0.0536318424 -0.0240391947 -0.0089164394
v 0.0403733863 -0.0295863015 0.00425463113
v 0.0432311321 -0.0295370634 0.00108607346
v 0.0474246767 -0.028256899 -0.00375135678
v 0.0492023269 -0.0264748131 -0.00865117472
v 0.0520369408 -0.0240144318 -0.0112546491
v 0.040431204 -0.0298843917 0.000309391817
v 0.043234709 -0.0295367316 -0.00102556423
v 0.0391327162 -0.0298485126 -0.00271813351
v 0.0472906245 -0.0278615089 -0.00622329826
v 0.0429736389 -0.0293622076 -0.00381600694
v 0.0488217477 -0.0257641762 -0.0109606532
v 0.0501127236 -0.0240236288 -0.0132992267
v 0.037673715 -0.0299959673 0.000502331704
v 0.0459086901 -0.0272428548 -0.00984001308
v 0.0464300531 -0.025610156 -0.0131876266
v 0.0477265733 -0.0240059557 -0.0151576955
v 0.0457753536 -0.0240389552 -0.0162237644
v 0.0431588294 -0.0288725385 -0.00638217389
v 0.0377177025 -0.0296770795 0.00440206422
v 0.0403578302 -0.0293407467 -0.00571424134
v 0.0375942614 -0.0290751483 0.00735195936
v 0.0429157627 -0.0263547487 -0.0134865753
v 0.0428316615 -0.0274200712 -0.0112259739
v 0.04309428 -0.0283060092 -0.00857165214
v 0.0404822257 -0.0282977207 -0.00963016792
v 0.0427531013 -0.0251192562 -0.0157163362
v 0.0429862753 -0.0240040076 -0.017298662
v 0.0394526746 -0.0252777909 -0.0161274816
v 0.0406153201 -0.0240042945 -0.0178137736
v 0.0385234357 -0.0240180841 -0.0179885436
v 0.0172913692 -0.0239917295 -0.0180106697
v 0.00115305403 -0.0251419754 -0.0163439938
v 0.0149285805 -0.0237278642 -0.0183582102
v 0.0131582629 -0.0232061331 -0.0190191306
v 0.0402774831 -0.0267586694 -0.013357203
v 0.0377614511 -0.0269671724 -0.0131583831
v 0.00118887624 -0.0234338599 -0.0187313664
v 0.0115225926 -0.0222716747 -0.020104328
v 0.0100228204 -0.0205260969 -0.0219065798
v 0.0377526299 -0.0284512931 -0.00952306364
v 0.00128501884 -0.0265586305 -0.0139969488
v 0.00114739186 -0.0280278297 -0.0106589381
v 0.037791373 -0.0294467692 -0.00574092119
v 0.000891985807 -0.0266974093 -0.0134179223
v 0.00122505679 -0.0289958406 -0.00767930687
v 0.00110805222 -0.0218219923 -0.0205434393
v 0.000811817276 -0.0232430582 -0.0186822217
v 0.00123775178 -0.0204958704 -0.0219031877
v 0.00919801107 -0.0179143425 -0.0240747089
v 0.000769318918 -0.0207668184 -0.0213435487
v 0.0011417286 -0.0184615535 -0.0236297361
v 0.00899046779 -0.0153356544 -0.0258036598
v 0.000762762805 -0.0252061814 -0.0158403273
v -1.76814943e-07 -0.0228657489 -0.0178601273
v -1.16971952e-07 -0.0255921303 -0.0137405194
v 4.1895723e-07 -0.019728436 -0.021299714
v 0.000737907915 -0.0279108091 -0.0102938764
v -2.95597481e-07 -0.0277470564 -0.0085498672
v 0.000760795284 -0.0183185824 -0.0234648192
v -1.77477373e-07 -0.0152884299 -0.0246949494
v 0.000814559627 -0.0289370422 -0.00721935212
v -3.5510635e-07 -0.0288427138 -0.00332390737
v 0.00081920762 -0.0156398396 -0.0253995386
v 0.00114316002 -0.0294424971 -0.00562402238
v 0.000886919728 -0.0296922254 -0.00330965631
v 0.00121355312 -0.0297794321 -0.0035848494
v 0.00122607015 -0.030006183 0.000151773065
v 0.000867548232 -0.02984952 -0.00055714836
v -1.76284119e-07 -0.0289376621 0.00269921493
v 0.00114506744 -0.0297608668 0.0036680889
v 0.000840845276 -0.0297374499 0.00256575586
v 0.000787260708 -0.029158921 0.00612302028
v -5.93621756e-07 -0.0277348328 0.00858500571
v 0.00125140206 -0.0292961281 0.00645416803
v 0.00112259638 -0.028878622 0.00803728908
v 0.000828983909 -0.0285745714 0.00852550947
v 0.000835003881 -0.0278396939 0.0107229964
v -5.34216295e-07 -0.0254565821 0.0139891956
v 0.00121546035 -0.0279653729 0.0108375229
v 0.00080186361 -0.0266611313 0.013312498
v -5.94133517e-07 -0.0218809684 0.019119808
v 0.000735702006 -0.0214339714 0.0206265599
v 0.000785769698 -0.0189310288 0.0230136604
v -4.7531079e-07 -0.0174594985 0.0232014412
v 0.00114435135 -0.0209140823 0.0214882471
v 0.00114637786 -0.0196262422 0.0226634482
v 0.00920063405 -0.0179370362 0.0240585403
v 0.00114566234 -0.0173173742 0.0244833267
v 0.00899434221 -0.015056131 0.0259638589
v 0.000739516234 -0.0161078118 0.0250150886
v -5.94836665e-07 -0.0138378964 0.0254982209
v 0.00115907319 -0.0150281033 0.0259506633
v 0.000915945738 -0.0134163754 0.0267186406
v -7.14417843e-07 -0.00958420933 0.0274200371
v 0.00118160346 -0.0119280687 0.0275169557
v 0.0090046534 -0.0116314185 0.0276613195
v 0.000783861536 -0.0101216602 0.028025519
v 0.00126665911 -0.00955594794 0.0284413807
v 0.00900173258 -0.00871145452 0.0287151575
v 0.00112289259 -0.00795106379 0.0289031479
v 0.00899964633 -0.0060541089 0.0293908321
v 0.000828743592 -0.00744681231 0.0288769195
v 0.000904977792 -0.00525557545 0.0294249243
v -4.1685087e-07 -0.00436550799 0.0287005212
v 0.0014020209 -0.0049967976 0.0295900216
v 0.00899910908 -0.00281057231 0.0298832048
v 0.00124168411 -0.0022144476 0.0299167295
v 0.000837981935 -0.00293062196 0.0296812883
v 0.000841617638 -0.000817694144 0.0298260595
v -4.76932221e-07 0.00108751719 0.0290231692
v 0.000900625878 0.0028579915 0.0297488499
v 0.00121313317 0.00177467765 0.0299391948
v 0.00118803974 -0.000126080623 0.0299813517
v 0.00899457866 0.00185415471 0.0299738924
v 0.000779153007 -0.0123869947 -0.0270900317
v 1.20185153e-07 -0.0111626112 -0.0267755851
v 0.000952363834 -0.00946360515 -0.0283769157
v 1.1985951e-07 -0.00743768906 -0.028056369
v 0.00114363552 -0.0140592571 -0.0264711183
v 0.00115925175 -0.012236669 -0.0273752841
v 0.0011703982 -0.015863456 -0.0254517043
v 0.00899696418 -0.0117113413 -0.0276337581
v 0.00140374978 -0.00940331435 -0.0285006769
v 0.00900101731 -0.00824859665 -0.0288601004
v 0.00110405739 -0.00662881129 -0.0292268116
v 0.00899875202 -0.00501161406 -0.0295889186
v 0.000795722682 -0.00770865074 -0.0287868839
v 0.000839531741 -0.00427228981 -0.0295357313
v 1.79120095e-07 -0.00350211048 -0.0287947565
v 0.00133723059 -0.0050011479 -0.0295852049
v 0.00899928801 -0.00216072598 -0.02992964
v 0.00124585641 -0.00219223028 -0.0299183914
v 0.00900059887 0.000930757019 -0.0300005893
v 0.00115978709 0.00115029198 -0.0299659296
v 0.000834405499 -0.00154682977 -0.0297850493
v 1.19137675e-07 0.000819149773 -0.0290244468
v 0.00081336485 0.000934596099 -0.0297990453
v 0.0385144908 0.0245006614 0.0179898852
v 0.0394261449 0.0258503196 0.0159948206
v 0.040772852 0.0244994305 0.017792228
v 0.0425521699 0.0245091979 0.0174127941
v 0.0166982391 0.0244701616 0.0180351504
v 0.0427229977 0.0259549016 0.0151615954
v 0.0449814754 0.0245061771 0.0166008744
v 0.0458177302 0.0259672506 0.0138117466
v 0.047439809 0.0245025365 0.0153327099
v 0.0493642038 0.0245028015 0.0139635187
v 0.0489283156 0.0259896434 0.0114614864
v 0.0509805025 0.0244992015 0.0124827697
v 0.0524520271 0.0245019374 0.0107303276
v 0.0514124614 0.0259895999 0.00842007794
v 0.0536671818 0.0244984916 0.00888144932
v 0.0547768469 0.0245028864 0.00651594601
v 0.0427350378 0.0274213854 0.012376126
v 0.0446528755 0.0272008397 0.0119477394
v 0.0474027363 0.027227985 0.00985581573
v 0.0393326254 0.0271753035 0.0136866161
v 0.0429406126 0.0284628282 0.00968592067
v 0.0528166863 0.0260600866 0.00522251939
v 0.0495489197 0.0272304765 0.00721699471
v 0.0463171575 0.028296113 0.00764896467
v 0.0543081703 0.0254717994 0.00335792865
v 0.0554918639 0.0244997141 0.00425929829
v 0.0559878922 0.0244883869 0.00116907258
v 0.0538821775 0.0259694487 3.78777628e-05
v 0.0559042652 0.0245027817 -0.00188835202
v 0.0521202665 0.026825852 0.00282970341
v 0.0506433809 0.0272778547 0.00479638511
v 0.047709997 0.0284817694 0.00475878041
v 0.048774717 0.0283421293 0.00290934913
v 0.0542756904 0.0255289942 -0.0032138214
v 0.0520006963 0.0268916703 -0.00292898094
v 0.0554729639 0.0244985354 -0.0043948552
v 0.0505461683 0.02773358 -9.80732153e-06
v 0.0533651072 0.0257076917 -0.00545544717
v 0.054600175 0.0245226391 -0.00696556526
v 0.0525591349 0.0256309972 -0.00760364856
v 0.053505836 0.0245273626 -0.00914867414
v 0.0515986618 0.0267339275 -0.00526125477
v 0.0515170082 0.0256318295 -0.00933824631
v 0.0522238588 0.0245271093 -0.0110420784
v 0.0496925704 0.0269417724 -0.00810284328
v 0.0502918941 0.025637199 -0.0108911598
v 0.0500671835 0.024530392 -0.013401013
v 0.0501284585 0.0274847276 -0.00500922251
v 0.0486476991 0.0283964865 -0.00288708361
v 0.0480995139 0.0283408457 -0.00478487091
v 0.0476195773 0.0280409249 -0.007038896
v 0.0473707891 0.0269400783 -0.0107113439
v 0.0485430333 0.0256949263 -0.0124881568
v 0.0468363119 0.025642938 -0.0138387011
v 0.0470116102 0.0245301822 -0.0155967049
v 0.0449392777 0.0255857226 -0.0149757674
v 0.0444139798 0.02452375 -0.0168221683
v 0.0446233729 0.0273024906 -0.0117996329
v 0.0426400867 0.0257272893 -0.0155899732
v 0.0424368344 0.0245003649 -0.0174586618
v 0.042961355 0.0271725651 -0.0128486543
v 0.0396483497 0.0258638005 -0.015992827
v 0.0393200499 0.0245040492 -0.0179713825
v 0.0165646642 0.0244717594 -0.0180321833
v 0.0460643151 0.0277826486 -0.00953728668
v 0.044873948 0.0285115714 -0.00827144613
v 0.0429119424 0.0285327647 -0.00950007307
v 0.0426376417 0.0293794969 -0.0066686036
v 0.0452203127 0.0289797677 -0.00609701528
v 0.0449916089 0.0292764929 -0.00480866875
v 0.0013750173 0.0258711692 -0.0159890755
v 0.00129693532 0.0243277596 -0.0182131407
v 0.0140486933 0.0240937353 -0.0185225523
v 0.012747643 0.023675973 -0.0190433377
v 0.0113907432 0.0229272172 -0.0199140282
v 0.0393742293 0.0271240604 -0.0137993935
v 0.0395163869 0.0280856597 -0.0116978736
v 0.0394448002 0.0289110414 -0.00950868416
v 0.00129484879 0.0280819543 -0.0117583106
v 0.00126176837 0.0270598773 -0.0138899515
v 0.000875411142 0.0257012202 -0.0158806652
v 0.00119566708 0.023302922 -0.019436171
v 0.000822661243 0.0239065951 -0.0183467899
v 0.00133740702 0.0221216863 -0.0207708232
v 0.0104408241 0.0220588112 -0.0208461293
v 0.000865755532 0.0221169263 -0.020473155
v 0.00131934693 0.0208566563 -0.0219885522
v 0.00957745107 0.02067869 -0.0221732174
v 1.17258847e-07 0.0223104274 -0.0185939847
v 0.000863013788 0.0208628161 -0.0217079796
v 1.76610856e-07 0.0252002268 -0.0143881523
v 2.96484014e-07 0.0176063069 -0.023125633
v 0.000815389213 0.0268268109 -0.0137733572
v 2.36046819e-07 0.0271297089 -0.0103375613
v 0.000803408531 0.0278621767 -0.0115452742
v 0.000808713268 0.0286994444 -0.0093225055
v -1.81324349e-07 0.0287158357 -0.0044858607
v 0.000857351478 0.0195686866 -0.0228318226
v 0.00127678851 0.0289684134 -0.0093913819
v 0.00132655931 0.018917698 -0.0236152337
v 0.00904696993 0.0183632954 -0.0240233698
v 0.000891505032 0.0182184697 -0.0239172703
v 0.00113385768 0.0166620886 -0.0251234218
v 0.00899571027 0.0161910714 -0.0254598068
v 0.000732658887 0.0159646793 -0.0252394413
v 1.77724398e-07 0.0124628015 -0.0262203655
v 0.00111776457 0.0151352725 -0.0260126573
v 0.00900107517 0.0123242404 -0.0274507795
v 0.000869928627 0.0130982037 -0.0269115902
v 0.000784515482 0.00942279446 -0.0282784429
v 5.90044013e-08 0.00686596904 -0.0282350258
v 0.00131505603 0.0136108823 -0.0268286909
v 0.00115042817 0.0119784346 -0.0275365048
v 0.00114363339 0.0103170861 -0.0281730405
v 0.00900262532 0.00806328905 -0.028916719
v 0.00120288056 0.00868281651 -0.0287153409
v 0.00114560065 0.00691824763 -0.029173278
v 0.00899910844 0.00452011015 -0.0296697282
v 0.000749170224 0.00600929786 -0.0291457865
v 0.0011736746 0.00446971181 -0.0296605809
v 0.00900059887 0.000930757019 -0.0300005893
v 0.00115978709 0.00115029198 -0.0299659296
v 0.000850855997 0.0035091264 -0.0296266197
v 1.19137675e-07 0.000819149773 -0.0290244468
v 0.00081336485 0.000934596099 -0.0297990453
v 0.0394329985 0.0296213146 -0.00708638399
v 0.00130218009 0.0296681742 -0.00694839691
v 0.0393620695 0.0300483521 -0.00489622107
v 0.000819680534 0.0293557882 -0.00706263381
v 0.000799891708 0.0298120693 -0.00471322892
v 0.00126450987 0.0301087596 -0.00464020304
v 0.000865397214 0.0301704481 -0.00228432491
v 0.0425991372 0.0298552718 -0.00405561223
v 0.0451818083 0.0294698733 -0.00289960317
v 0.0419691761 0.0300878725 -0.0026578602
v 0.0377104853 0.0303579789 -0.0025684405
v 0.0470958305 0.029047053 -7.45322879e-06
v 0.043224986 0.02998871 0.000482578298
v 0.0452531534 0.0294540466 0.0028512166
v 0.0403709363 0.0303235872 0.00110440515
v 0.00135194985 0.0303964132 -0.00231734848
v 0.0445818852 0.0292589519 0.00545936018
v 0.0426202375 0.029837111 0.00415911709
v 0.0427222814 0.029324255 0.00683215549
v 0.0375658247 0.0304633202 -2.97127684e-05
v 0.0013288233 0.0304809278 -1.8513397e-05
v 0.0392609803 0.0300782971 0.00473906912
v 0.0374778467 0.0303708894 0.00247950502
v 0.0393180209 0.0296574761 0.00694175324
v 0.00085538358 0.0302485686 -6.30506847e-06
v -2.53416507e-09 0.0289874675 0.00156408441
v 0.00138181183 0.0304014569 0.00236879077
v 0.000841436124 0.0301457389 0.00233690735
v 0.00128000711 0.0301038324 0.00470509804
v 0.000815150482 0.0298255997 0.00471329258
v -2.48699202e-09 0.0284478709 0.00571653291
v 0.00129312016 0.0296531392 0.00699164957
v 0.000801203061 0.0293192716 0.00714236448
v -3.00393384e-07 0.0271116704 0.010398114
v 0.00131112084 0.0289970923 0.00933710835
v 0.000811335889 0.0286715775 0.0094129573
v 0.0393385857 0.0289267837 0.00946805594
v 0.039327797 0.0281074555 0.0116427742
v 0.00127398716 0.0281153859 0.0116589028
v 0.000821647539 0.0278520835 0.0116099211
v 0.00131886954 0.0271001483 0.0138507763
v 0.000792441389 0.0268256758 0.013733076
v -1.81014893e-07 0.0251760735 0.0144304795
v 0.000838992706 0.0256401604 0.0159005969
v -2.99985071e-07 0.0224411167 0.0184238845
v 0.00131201515 0.0258496382 0.0160081778
v 0.000942645295 0.024318132 0.0179806448
v 0.00145131129 0.0246036042 0.0178588234
v 0.0146657804 0.0242197797 0.0183612719
v 0.0130010224 0.0237902478 0.0189034603
v 0.00131171733 0.0233780812 0.0193791537
v 0.0109040122 0.0225712904 0.02031482
v 0.000854311404 0.0226561781 0.019897701
v -2.39989338e-07 0.0179674491 0.0228486038
v 0.00131666463 0.0221999582 0.0206817698
v 0.00975161563 0.0210227875 0.0218540357
v 0.000864086722 0.0208225044 0.0217475739
v 0.00130891611 0.0209405961 0.0219081325
v 0.00914877433 0.019169732 0.023426782
v 0.000848530074 0.0189049767 0.0233654486
v 0.00130986992 0.0196767055 0.0230004487
v 0.00125467617 0.018280167 0.0240617243
v 0.00899785592 0.016538088 0.0252543221
v 0.000903306953 0.016668487 0.0249770063
v -4.77953806e-07 0.0127730789 0.0260688743
v 0.00138163413 0.0167331878 0.025119292
v 0.00123041737 0.0145000305 0.0263851805
v 0.00900071706 0.0138354583 0.026732558
v 0.000840841431 0.0142420643 0.0263235823
v 0.000901399971 0.0119742938 0.0274213584
v -5.96682594e-07 0.0072770752 0.028129667
v 0.00135213026 0.0120863705 0.0275237428
v 0.00900739309 0.00996483801 0.0283570931
v 0.00111859945 0.0103305408 0.0281591841
v 0.000879227279 0.00918809681 0.0284383656
v 0.00136530328 0.00798815175 0.0289443706
v 0.009006321 0.0056018988 0.0294769095
v 0.000911473609 0.00695249336 0.0290647266
v 0.000913023446 0.0052500517 0.0294182973
v -4.76932221e-07 0.00108751719 0.0290231692
v 0.000900625878 0.0028579915 0.0297488499
v 0.00135976029 0.00463615118 0.0296526443
v 0.00899457866 0.00185415471 0.0299738924
v 0.00121313317 0.00177467765 0.0299391948
vt 0.178588867 0.354980469
vt 0.180175781 0.35546875
vt 0.179321289 0.357177734
vt 0.180664062 0.353759766
vt 0.179199219 0.352783203
vt 0.181030273 0.352050781
vt 0.179443359 0.351074219
vt 0.181030273 0.350585938
vt 0.179321289 0.349121094
vt 0.181030273 0.349365234
vt 0.179077148 0.34765625
vt 0.180786133 0.34765625
vt 0.178710938 0.345947266
vt 0.180419922 0.345947266
vt 0.178344727 0.343994141
vt 0.180053711 0.344238281
vt 0.179321289 0.340332031
vt 0.177734375 0.340820312
vt 0.177490234 0.336914062
vt 0.179199219 0.334960938
vt 0.177856445 0.332763672
vt 0.17980957 0.330566406
vt 0.178588867 0.328857422
vt 0.181030273 0.326416016
vt 0.180297852 0.323974609
vt 0.0181121826 0.461425781
vt 0.0176086426 0.460205078
vt 0.0188446045 0.459228516
vt 0.0169525146 0.458496094
vt 0.0180358887 0.456054688
vt 0.0164794922 0.456542969
vt 0.0179443359 0.454345703
vt 0.0163116455 0.454589844
vt 0.0181274414 0.452392578
vt 0.0164794922 0.452148438
vt 0.0184326172 0.450683594
vt 0.0167541504 0.450683594
vt 0.0188293457 0.448730469
vt 0.0171203613 0.448974609
vt 0.0191802979 0.446777344
vt 0.0178833008 0.444335938
vt 0.0196228027 0.440917969
vt 0.0178527832 0.438964844
vt 0.01902771 0.435791016
vt 0.0171661377 0.434814453
vt 0.0178070068 0.431152344
vt 0.0163116455 0.431884766
vt 0.728515625 0.153320312
vt 0.735839844 0.150390625
vt 0.735839844 0.154663086
vt 0.728027344 0.149536133
vt 0.735839844 0.145629883
vt 0.728027344 0.146850586
vt 0.728027344 0.143676758
vt 0.735351562 0.141967773
vt 0.728027344 0.139770508
vt 0.735351562 0.137817383
vt 0.727539062 0.135253906
vt 0.735351562 0.134277344
vt 0.726074219 0.131958008
vt 0.735351562 0.131103516
vt 0.723144531 0.129516602
vt 0.735351562 0.128173828
vt 0.720214844 0.128295898
vt 0.735351562 0.124938965
vt 0.717285156 0.128173828
vt 0.716796875 0.125488281
vt 0.734863281 0.122497559
vt 0.716796875 0.120666504
vt 0.734863281 0.118225098
vt 0.716796875 0.115905762
vt 0.734863281 0.113647461
vt 0.716796875 0.112060547
vt 0.734863281 0.111083984
vt 0.716796875 0.108520508
vt 0.734863281 0.107910156
vt 0.716796875 0.104980469
vt 0.734863281 0.104187012
vt 0.716796875 0.100585938
vt 0.734863281 0.100036621
vt 0.716796875 0.0960083008
vt 0.734863281 0.0956420898
vt 0.716796875 0.0918579102
vt 0.735351562 0.092956543
vt 0.716796875 0.0902099609
vt 0.721191406 0.0896606445
vt 0.735351562 0.0891723633
vt 0.724121094 0.0883178711
vt 0.735351562 0.0857543945
vt 0.726074219 0.0859985352
vt 0.727539062 0.0835571289
vt 0.728027344 0.0809936523
vt 0.735351562 0.0806274414
vt 0.728027344 0.0788574219
vt 0.735351562 0.0766601562
vt 0.728027344 0.0752563477
vt 0.735351562 0.073425293
vt 0.728027344 0.0719604492
vt 0.735839844 0.0701904297
vt 0.728027344 0.0673217773
vt 0.735839844 0.0667724609
vt 0.735839844 0.0621948242
vt 0.728515625 0.0629272461
vt 0 0.461181641
vt 0.00744628906 0.459228516
vt 0.00743865967 0.462890625
vt 7.4505806e-06 0.456787109
vt 0.00745391846 0.455810547
vt 0.00745773315 0.452392578
vt 1.66893005e-05 0.452148438
vt 0.00746536255 0.448730469
vt 2.37822533e-05 0.448486328
vt 0.00746917725 0.444335938
vt 3.01599503e-05 0.444824219
vt 3.43322754e-05 0.441162109
vt 0.00752639771 0.440185547
vt 3.80277634e-05 0.4375
vt 0.00801849365 0.436523438
vt 4.10079956e-05 0.433837891
vt 0.00938415527 0.433349609
vt 4.61935997e-05 0.430175781
vt 0.0108184814 0.431640625
vt 0.0129241943 0.429931641
vt 4.64320183e-05 0.426269531
vt 0.015914917 0.428955078
vt 0.018157959 0.428955078
vt 0.0181427002 0.424072266
vt 4.86969948e-05 0.422607422
vt 5.04851341e-05 0.418945312
vt 0.018157959 0.419433594
vt 5.1677227e-05 0.415283203
vt 0.018157959 0.416015625
vt 5.25712967e-05 0.411621094
vt 0.018157959 0.412597656
vt 0.018157959 0.408203125
vt 5.31077385e-05 0.407958984
vt 5.29289246e-05 0.404296875
vt 0.018157959 0.404052734
vt 5.23924828e-05 0.400634766
vt 0.018157959 0.399902344
vt 5.14388084e-05 0.396972656
vt 0.018157959 0.394775391
vt 5.04255295e-05 0.393310547
vt 0.018157959 0.390869141
vt 0.015625 0.390625
vt 0.0128631592 0.389648438
vt 4.86373901e-05 0.389648438
vt 0.0110015869 0.388427734
vt 0.00954437256 0.38671875
vt 4.64320183e-05 0.385986328
vt 0.00843048096 0.384277344
vt 0.00775527954 0.381835938
vt 4.29153442e-05 0.382324219
vt 3.88026237e-05 0.378662109
vt 0.00748825073 0.37890625
vt 0.00748062134 0.375732422
vt 3.36170197e-05 0.375
vt 0.00747299194 0.371826172
vt 2.76565552e-05 0.371337891
vt 0.00746154785 0.366943359
vt 1.96099281e-05 0.367675781
vt 1.03116035e-05 0.364013672
vt 0.00744247437 0.362304688
vt 0 0.359863281
vt 0.00743484497 0.358886719
vt 0.189208984 0.293701172
vt 0.186401367 0.295654297
vt 0.188720703 0.291503906
vt 0.190917969 0.290283203
vt 0.190551758 0.286865234
vt 0.191894531 0.287841797
vt 0.192871094 0.284912109
vt 0.191650391 0.283203125
vt 0.193847656 0.281005859
vt 0.192382812 0.280029297
vt 0.192626953 0.276855469
vt 0.194335938 0.276611328
vt 0.192626953 0.274658203
vt 0.193481445 0.272949219
vt 0.192260742 0.272949219
vt 0.191772461 0.271728516
vt 0.19128418 0.271240234
vt 0.191650391 0.269775391
vt 0.190307617 0.26953125
vt 0.189208984 0.267333984
vt 0.188842773 0.268066406
vt 0.18737793 0.266845703
vt 0.186767578 0.265625
vt 0.186401367 0.266113281
vt 0.908691406 0.841796875
vt 0.911132812 0.844726562
vt 0.909179688 0.845214844
vt 0.912597656 0.84765625
vt 0.911621094 0.849121094
vt 0.9140625 0.851074219
vt 0.913574219 0.853515625
vt 0.915527344 0.854003906
vt 0.915039062 0.856933594
vt 0.916992188 0.858398438
vt 0.916015625 0.860839844
vt 0.91796875 0.862792969
vt 0.916503906 0.864746094
vt 0.91796875 0.866210938
vt 0.916015625 0.866210938
vt 0.916992188 0.869628906
vt 0.916015625 0.868164062
vt 0.914550781 0.869628906
vt 0.916015625 0.871582031
vt 0.913574219 0.87109375
vt 0.9140625 0.873535156
vt 0.912597656 0.872070312
vt 0.911132812 0.873046875
vt 0.911621094 0.875488281
vt 0.91015625 0.874023438
vt 0.908691406 0.874511719
vt 0.91015625 0.876953125
vt 0.539550781 0.135375977
vt 0.537597656 0.133666992
vt 0.541992188 0.134033203
vt 0.544433594 0.135620117
vt 0.546386719 0.134033203
vt 0.547851562 0.135375977
vt 0.55078125 0.135009766
vt 0.55078125 0.133544922
vt 0.554199219 0.134277344
vt 0.555175781 0.132568359
vt 0.558105469 0.133178711
vt 0.559082031 0.131103516
vt 0.561523438 0.131713867
vt 0.561523438 0.129882812
vt 0.564453125 0.129638672
vt 0.562988281 0.128173828
vt 0.56640625 0.127685547
vt 0.563964844 0.126098633
vt 0.567382812 0.125610352
vt 0.564941406 0.123779297
vt 0.568359375 0.12286377
vt 0.565429688 0.122192383
vt 0.565429688 0.120605469
vt 0.568359375 0.119995117
vt 0.564941406 0.0980224609
vt 0.568359375 0.102539062
vt 0.567871094 0.0961303711
vt 0.564941406 0.0951538086
vt 0.567871094 0.0928344727
vt 0.564941406 0.0921630859
vt 0.567871094 0.0892944336
vt 0.564453125 0.0893554688
vt 0.564453125 0.0863647461
vt 0.567871094 0.0869140625
vt 0.567871094 0.0838012695
vt 0.564453125 0.0834350586
vt 0.567871094 0.0805053711
vt 0.564453125 0.0805664062
vt 0.567871094 0.0774536133
vt 0.564453125 0.0776367188
vt 0.564453125 0.0747070312
vt 0.567382812 0.0748901367
vt 0.567382812 0.0717773438
vt 0.564453125 0.0718383789
vt 0.567382812 0.0689086914
vt 0.564453125 0.0689086914
vt 0.567382812 0.0660400391
vt 0.563964844 0.0659790039
vt 0.567382812 0.0631103516
vt 0.563964844 0.0631103516
vt 0.567382812 0.0599060059
vt 0.563964844 0.0601806641
vt 0.567382812 0.0573120117
vt 0.563964844 0.0572814941
vt 0.567382812 0.0542297363
vt 0.563964844 0.0543518066
vt 0.563964844 0.0514526367
vt 0.566894531 0.0512084961
vt 0.563964844 0.0485534668
vt 0.566894531 0.0479431152
vt 0.563964844 0.0455322266
vt 0.566894531 0.0455322266
vt 0.563476562 0.0426025391
vt 0.566894531 0.0422973633
vt 0.563476562 0.0389099121
vt 0.566894531 0.0396728516
vt 0.566894531 0.0373840332
vt 0.562988281 0.013671875
vt 0.56640625 0.0144271851
vt 0.565917969 0.0118484497
vt 0.5625 0.0114746094
vt 0.565429688 0.00981903076
vt 0.562011719 0.00942230225
vt 0.564453125 0.00773620605
vt 0.561035156 0.00741577148
vt 0.562011719 0.00537872314
vt 0.559570312 0.00611877441
vt 0.55859375 0.00509643555
vt 0.559082031 0.00335121155
vt 0.557128906 0.00420379639
vt 0.555664062 0.00211524963
vt 0.554199219 0.0032119751
vt 0.551757812 0.00106525421
vt 0.549316406 0.00222396851
vt 0.547363281 0.000463247299
vt 0.543945312 0.00172805786
vt 0.543945312 0.000216364861
vt 0.541015625 0.000227212906
vt 0.538085938 0.00193881989
vt 0.537597656 0.000469446182
vt 0.448242188 0.137084961
vt 0.444091797 0.13684082
vt 0.446044922 0.135498047
vt 0.44140625 0.135009766
vt 0.439208984 0.136230469
vt 0.436279297 0.134033203
vt 0.434814453 0.135253906
vt 0.431640625 0.134277344
vt 0.430908203 0.132080078
vt 0.428466797 0.1328125
vt 0.429199219 0.131225586
vt 0.426269531 0.131225586
vt 0.427490234 0.130126953
vt 0.426269531 0.12890625
vt 0.424316406 0.129394531
vt 0.425048828 0.127319336
vt 0.422851562 0.126708984
vt 0.424316406 0.125610352
vt 0.422363281 0.124816895
vt 0.423828125 0.122558594
vt 0.422119141 0.122558594
vt 0.421630859 0.0989990234
vt 0.423095703 0.0985717773
vt 0.421386719 0.096496582
vt 0.423095703 0.0955810547
vt 0.421386719 0.094543457
vt 0.423095703 0.0927734375
vt 0.421386719 0.091796875
vt 0.423095703 0.0899658203
vt 0.421386719 0.0888061523
vt 0.422851562 0.087097168
vt 0.421386719 0.0862426758
vt 0.421142578 0.0838623047
vt 0.422851562 0.0842895508
vt 0.421142578 0.0813598633
vt 0.422851562 0.0814819336
vt 0.421142578 0.0789794922
vt 0.422851562 0.0786743164
vt 0.421142578 0.076171875
vt 0.422851562 0.0758666992
vt 0.421142578 0.0736083984
vt 0.422607422 0.073059082
vt 0.421142578 0.0701904297
vt 0.422607422 0.0698242188
vt 0.422607422 0.0676269531
vt 0.420898438 0.0668945312
vt 0.420898438 0.0641479492
vt 0.422607422 0.0648193359
vt 0.422607422 0.0620117188
vt 0.420898438 0.0612182617
vt 0.422607422 0.0592041016
vt 0.420898438 0.0585632324
vt 0.420898438 0.0560913086
vt 0.422607422 0.0563659668
vt 0.420898438 0.0526428223
vt 0.422607422 0.0535583496
vt 0.422607422 0.0507507324
vt 0.420898438 0.0485534668
vt 0.422607422 0.0479125977
vt 0.420898438 0.0454711914
vt 0.422607422 0.0451049805
vt 0.420898438 0.0432128906
vt 0.422607422 0.0422973633
vt 0.420898438 0.0397949219
vt 0.422607422 0.0392150879
vt 0.421142578 0.0151672363
vt 0.422851562 0.0153503418
vt 0.421630859 0.0123977661
vt 0.423095703 0.0129547119
vt 0.422119141 0.010887146
vt 0.423583984 0.0113754272
vt 0.424560547 0.009765625
vt 0.422851562 0.00917053223
vt 0.423828125 0.00777435303
vt 0.425537109 0.00849151611
vt 0.425537109 0.00617218018
vt 0.426757812 0.00737762451
vt 0.428466797 0.00621032715
vt 0.428222656 0.00443267822
vt 0.430908203 0.0033454895
vt 0.431396484 0.00497436523
vt 0.435058594 0.00368309021
vt 0.435302734 0.00194740295
vt 0.439208984 0.0027141571
vt 0.440185547 0.000991821289
vt 0.442871094 0.00218391418
vt 0.444091797 0.000555515289
vt 0.448242188 0.0019569397
vt 0.447998047 0.000449419022
vt 0.154174805 0.590820312
vt 0.153808594 0.5859375
vt 0.154663086 0.588378906
vt 0.155029297 0.593261719
vt 0.154663086 0.596679688
vt 0.155395508 0.59765625
vt 0.155639648 0.601074219
vt 0.155029297 0.6015625
vt 0.156005859 0.60546875
vt 0.155395508 0.60546875
vt 0.155517578 0.608398438
vt 0.15612793 0.609375
vt 0.155395508 0.610351562
vt 0.155883789 0.610839844
vt 0.155029297 0.611816406
vt 0.155273438 0.612792969
vt 0.154541016 0.612792969
vt 0.153808594 0.614257812
vt 0.266845703 0.614257812
vt 0.267578125 0.612304688
vt 0.267089844 0.6171875
vt 0.267089844 0.611328125
vt 0.267578125 0.607421875
vt 0.268066406 0.607421875
vt 0.268066406 0.602050781
vt 0.268554688 0.603515625
vt 0.269042969 0.600097656
vt 0.268554688 0.597167969
vt 0.269042969 0.597167969
vt 0.268310547 0.595214844
vt 0.268798828 0.594726562
vt 0.267822266 0.59375
vt 0.268066406 0.593261719
vt 0.266845703 0.591796875
vt 0.9375 0.247070312
vt 0.936035156 0.246459961
vt 0.937988281 0.24206543
vt 0.939453125 0.243164062
vt 0.940917969 0.238769531
vt 0.939453125 0.236083984
vt 0.94140625 0.234619141
vt 0.939941406 0.231689453
vt 0.94140625 0.230102539
vt 0.939453125 0.227294922
vt 0.940429688 0.225708008
vt 0.938476562 0.224609375
vt 0.939941406 0.223266602
vt 0.937988281 0.222900391
vt 0.9375 0.221557617
vt 0.938964844 0.221191406
vt 0.937011719 0.220336914
vt 0.937988281 0.21887207
vt 0.936523438 0.218994141
vt 0.936035156 0.217407227
vt 0.9375 0.216552734
vt 0.936035156 0.216064453
vt 0.936035156 0.214477539
vt 0.937988281 0.21496582
vt 0.936523438 0.213134766
vt 0.937988281 0.213378906
vt 0.937011719 0.211669922
vt 0.994140625 0.997070312
vt 0.995605469 0.974609375
vt 0.995605469 0.998535156
vt 0.958007812 0.997070312
vt 0.956542969 0.974609375
vt 0.956542969 0.998535156
vt 0.995117188 0.971679688
vt 0.95703125 0.971679688
vt 0.958007812 0.96875
vt 0.994628906 0.96875
vt 0.993164062 0.966308594
vt 0.958984375 0.966308594
vt 0.960449219 0.963867188
vt 0.989746094 0.961914062
vt 0.991699219 0.963867188
vt 0.987792969 0.959960938
vt 0.964355469 0.959960938
vt 0.962402344 0.961914062
vt 0.985351562 0.958496094
vt 0.982910156 0.95703125
vt 0.969238281 0.95703125
vt 0.966796875 0.958496094
vt 0.979980469 0.956542969
vt 0.975097656 0.956054688
vt 0.972167969 0.956542969
vt 0.977539062 0.956054688
vt 0.920410156 0.268066406
vt 0.918945312 0.264892578
vt 0.920898438 0.265869141
vt 0.922851562 0.271484375
vt 0.921386719 0.272216797
vt 0.921875 0.275390625
vt 0.923828125 0.276855469
vt 0.921875 0.279541016
vt 0.923339844 0.281738281
vt 0.921386719 0.284667969
vt 0.922851562 0.284912109
vt 0.920898438 0.286621094
vt 0.922363281 0.286621094
vt 0.920410156 0.288085938
vt 0.921875 0.288085938
vt 0.919433594 0.290283203
vt 0.921386719 0.289550781
vt 0.920410156 0.291748047
vt 0.918945312 0.292480469
vt 0.918945312 0.293945312
vt 0.920410156 0.293945312
vt 0.918945312 0.295410156
vt 0.920410156 0.296142578
vt 0.919433594 0.297119141
vt 0.919921875 0.298583984
vt 0.00608062744 0.573730469
vt 0.0064163208 0.577148438
vt 0.00539779663 0.573730469
vt 0.00581359863 0.578125
vt 0.00687026978 0.581542969
vt 0.006275177 0.582519531
vt 0.00736618042 0.586425781
vt 0.00681304932 0.587890625
vt 0.00772857666 0.589355469
vt 0.00720214844 0.591796875
vt 0.00788879395 0.592285156
vt 0.00770568848 0.59375
vt 0.00716018677 0.59375
vt 0.00681304932 0.595214844
vt 0.00728225708 0.595214844
vt 0.00664520264 0.596679688
vt 0.00609207153 0.597167969
vt 0.00539779663 0.59765625
vt 0.103759766 0.678710938
vt 0.103149414 0.678222656
vt 0.10357666 0.674804688
vt 0.104125977 0.67578125
vt 0.104492188 0.672851562
vt 0.104064941 0.670410156
vt 0.104919434 0.668945312
vt 0.104431152 0.667480469
vt 0.105285645 0.666015625
vt 0.104919434 0.663085938
vt 0.105712891 0.662109375
vt 0.105529785 0.658203125
vt 0.106079102 0.659179688
vt 0.106201172 0.656738281
vt 0.10559082 0.65625
vt 0.106018066 0.654785156
vt 0.10534668 0.654296875
vt 0.105712891 0.653808594
vt 0.104553223 0.65234375
vt 0.104675293 0.651855469
vt 0.103149414 0.650390625
vt 0.239379883 0.376220703
vt 0.237915039 0.375732422
vt 0.239624023 0.373046875
vt 0.241210938 0.373535156
vt 0.240966797 0.370605469
vt 0.243408203 0.369384766
vt 0.242675781 0.3671875
vt 0.245239258 0.364990234
vt 0.243774414 0.364257812
vt 0.244750977 0.360839844
vt 0.24621582 0.361083984
vt 0.245361328 0.357666016
vt 0.246948242 0.358154297
vt 0.245605469 0.355224609
vt 0.247070312 0.354980469
vt 0.245483398 0.353515625
vt 0.246826172 0.352539062
vt 0.245239258 0.352294922
vt 0.24609375 0.350097656
vt 0.244262695 0.350097656
vt 0.244995117 0.348144531
vt 0.242797852 0.348876953
vt 0.243530273 0.346191406
vt 0.241821289 0.347900391
vt 0.240600586 0.346923828
vt 0.241210938 0.344482422
vt 0.239257812 0.345947266
vt 0.239135742 0.343017578
vt 0.237915039 0.345214844
vt 0.24597168 0.46875
vt 0.243774414 0.46484375
vt 0.247070312 0.467529297
vt 0.245483398 0.46484375
vt 0.243652344 0.460693359
vt 0.241943359 0.460693359
vt 0.240844727 0.457519531
vt 0.2421875 0.456298828
vt 0.239868164 0.454101562
vt 0.241455078 0.453125
vt 0.239624023 0.451904297
vt 0.241088867 0.450683594
vt 0.239501953 0.44921875
vt 0.241088867 0.448730469
vt 0.239990234 0.446777344
vt 0.241210938 0.447265625
vt 0.241577148 0.445800781
vt 0.241333008 0.443847656
vt 0.242431641 0.444335938
vt 0.243164062 0.443115234
vt 0.243530273 0.44140625
vt 0.244262695 0.441650391
vt 0.245605469 0.440429688
vt 0.246704102 0.438720703
vt 0.247070312 0.439453125
vt 0.747558594 0.837402344
vt 0.743652344 0.850097656
vt 0.745117188 0.843261719
vt 0.750976562 0.83203125
vt 0.755859375 0.827636719
vt 0.760742188 0.824707031
vt 0.766601562 0.822265625
vt 0.771972656 0.821289062
vt 0.776855469 0.821289062
vt 0.782714844 0.822265625
vt 0.787597656 0.823730469
vt 0.791503906 0.825683594
vt 0.794921875 0.828613281
vt 0.798339844 0.831542969
vt 0.802246094 0.836914062
vt 0.8046875 0.842773438
vt 0.806152344 0.849121094
vt 0.806152344 0.855957031
vt 0.805175781 0.861816406
vt 0.803222656 0.866210938
vt 0.800292969 0.871582031
vt 0.795410156 0.876464844
vt 0.791992188 0.879394531
vt 0.787109375 0.881835938
vt 0.782714844 0.883300781
vt 0.77734375 0.884277344
vt 0.770507812 0.883789062
vt 0.764160156 0.882324219
vt 0.758789062 0.879394531
vt 0.753417969 0.875488281
vt 0.749511719 0.87109375
vt 0.746582031 0.865722656
vt 0.744628906 0.861328125
vt 0.743652344 0.856445312
vt 0.0548706055 0.896484375
vt 0.0521240234 0.894042969
vt 0.0578918457 0.8984375
vt 0.061126709 0.900390625
vt 0.0645751953 0.901855469
vt 0.0681152344 0.902832031
vt 0.0717773438 0.903320312
vt 0.0754394531 0.903320312
vt 0.0791015625 0.902832031
vt 0.0826416016 0.901855469
vt 0.0861206055 0.900878906
vt 0.0894165039 0.898925781
vt 0.0924682617 0.896972656
vt 0.0952758789 0.89453125
vt 0.0977783203 0.892089844
vt 0.0999145508 0.889160156
vt 0.101745605 0.885742188
vt 0.103149414 0.882324219
vt 0.104125977 0.87890625
vt 0.104736328 0.875
vt 0.104736328 0.870117188
vt 0.104370117 0.866699219
vt 0.103637695 0.863769531
vt 0.102661133 0.860351562
vt 0.101013184 0.856933594
vt 0.0979614258 0.853027344
vt 0.0956420898 0.850097656
vt 0.0927734375 0.84765625
vt 0.0905761719 0.846191406
vt 0.086730957 0.844238281
vt 0.082824707 0.842773438
vt 0.0792236328 0.841796875
vt 0.0760498047 0.841308594
vt 0.0734863281 0.841308594
vt 0.0689086914 0.841796875
vt 0.0647583008 0.842773438
vt 0.0624694824 0.84375
vt 0.0596008301 0.845214844
vt 0.0570373535 0.846679688
vt 0.0545043945 0.848632812
vt 0.0517578125 0.850585938
vt 0.0491027832 0.854003906
vt 0.0471496582 0.856933594
vt 0.045135498 0.861328125
vt 0.0439147949 0.865234375
vt 0.0432128906 0.869628906
vt 0.0432128906 0.874511719
vt 0.0436706543 0.877929688
vt 0.0445861816 0.881835938
vt 0.0458984375 0.885253906
vt 0.0476074219 0.888183594
vt 0.0497131348 0.891601562
vt 0.291259766 0.975097656
vt 0.291259766 0.998046875
vt 0.289550781 0.996582031
vt 0.25390625 0.996582031
vt 0.291015625 0.97265625
vt 0.252197266 0.973144531
vt 0.252197266 0.998535156
vt 0.252929688 0.969726562
vt 0.290283203 0.969726562
vt 0.254150391 0.966796875
vt 0.289306641 0.966796875
vt 0.287841797 0.964355469
vt 0.255615234 0.964355469
vt 0.257324219 0.961914062
vt 0.285888672 0.961914062
vt 0.283935547 0.959960938
vt 0.259521484 0.959960938
vt 0.261962891 0.958496094
vt 0.281494141 0.958496094
vt 0.267333984 0.956542969
vt 0.264648438 0.95703125
vt 0.276123047 0.956542969
vt 0.278808594 0.95703125
vt 0.270263672 0.956054688
vt 0.273193359 0.956054688
vt 0.910644531 0.687011719
vt 0.911621094 0.688476562
vt 0.909667969 0.687011719
vt 0.913574219 0.691894531
vt 0.915039062 0.696289062
vt 0.916015625 0.700683594
vt 0.916503906 0.704101562
vt 0.909667969 0.72265625
vt 0.916015625 0.707519531
vt 0.915527344 0.711425781
vt 0.9140625 0.715820312
vt 0.912109375 0.720214844
vt 0.910644531 0.72265625
vt 0.919433594 9.15527344e-05
vt 0.915039062 0.00333213806
vt 0.916992188 9.15527344e-05
vt 0.912597656 0.00820159912
vt 0.911621094 0.0121994019
vt 0.911132812 0.0163421631
vt 0.919433594 0.0357971191
vt 0.911132812 0.020614624
vt 0.911621094 0.02394104
vt 0.912597656 0.0273590088
vt 0.914550781 0.0316162109
vt 0.916992188 0.0357971191
vt 0.688476562 0.189941406
vt 0.700683594 0.190063477
vt 0.690429688 0.191650391
vt 0.69140625 0.193847656
vt 0.700683594 0.187866211
vt 0.700683594 0.185791016
vt 0.686035156 0.188598633
vt 0.683105469 0.188110352
vt 0.666015625 0.188110352
vt 0.659667969 0.184082031
vt 0.700683594 0.182495117
vt 0.701171875 0.188598633
vt 0.659667969 0.186035156
vt 0.659179688 0.188110352
vt 0.655761719 0.185180664
vt 0.655761719 0.1875
vt 0.65234375 0.186157227
vt 0.651855469 0.182373047
vt 0.650390625 0.184936523
vt 0.647460938 0.182983398
vt 0.701171875 0.185302734
vt 0.655761719 0.182128906
vt 0.647949219 0.17980957
vt 0.645019531 0.180419922
vt 0.646484375 0.177124023
vt 0.643066406 0.177734375
vt 0.642089844 0.175292969
vt 0.651367188 0.17956543
vt 0.645019531 0.174316406
vt 0.641113281 0.17199707
vt 0.645996094 0.171508789
vt 0.640625 0.168945312
vt 0.648925781 0.174194336
vt 0.651367188 0.176757812
vt 0.655761719 0.179321289
vt 0.645996094 0.168701172
vt 0.640625 0.165893555
vt 0.651367188 0.171386719
vt 0.652832031 0.174072266
vt 0.645996094 0.165893555
vt 0.641113281 0.162719727
vt 0.655761719 0.176757812
vt 0.658691406 0.176147461
vt 0.658691406 0.180419922
vt 0.65625 0.173706055
vt 0.651367188 0.168701172
vt 0.645996094 0.163085938
vt 0.642089844 0.159423828
vt 0.661621094 0.182006836
vt 0.661621094 0.178710938
vt 0.655761719 0.171020508
vt 0.651367188 0.165893555
vt 0.646484375 0.160400391
vt 0.643066406 0.156860352
vt 0.659179688 0.171875
vt 0.655761719 0.168457031
vt 0.651367188 0.163208008
vt 0.648925781 0.157592773
vt 0.645019531 0.154052734
vt 0.659179688 0.167602539
vt 0.655761719 0.166137695
vt 0.66015625 0.164428711
vt 0.651367188 0.160522461
vt 0.65625 0.163208008
vt 0.649414062 0.154785156
vt 0.647460938 0.151733398
vt 0.662109375 0.16784668
vt 0.652832031 0.15637207
vt 0.651855469 0.15222168
vt 0.649902344 0.149536133
vt 0.65234375 0.14831543
vt 0.655761719 0.160400391
vt 0.661621094 0.17199707
vt 0.659179688 0.161132812
vt 0.662109375 0.175292969
vt 0.655761719 0.152099609
vt 0.65625 0.154907227
vt 0.655761719 0.157958984
vt 0.658691406 0.156738281
vt 0.65625 0.149291992
vt 0.655761719 0.147094727
vt 0.659667969 0.148803711
vt 0.658203125 0.146484375
vt 0.660644531 0.146362305
vt 0.684082031 0.146606445
vt 0.701171875 0.149047852
vt 0.686523438 0.146240234
vt 0.688476562 0.145385742
vt 0.658691406 0.15234375
vt 0.661621094 0.152587891
vt 0.701171875 0.145996094
vt 0.690429688 0.143798828
vt 0.691894531 0.141113281
vt 0.661621094 0.156860352
vt 0.701171875 0.151977539
vt 0.701171875 0.155883789
vt 0.661621094 0.161132812
vt 0.701660156 0.152587891
vt 0.701171875 0.159301758
vt 0.701660156 0.143554688
vt 0.701660156 0.145996094
vt 0.701660156 0.141479492
vt 0.693359375 0.137451172
vt 0.702148438 0.142089844
vt 0.701660156 0.138671875
vt 0.693847656 0.134033203
vt 0.701660156 0.149536133
vt 0.703125 0.146484375
vt 0.702636719 0.151855469
vt 0.703125 0.141479492
vt 0.701660156 0.15625
vt 0.702636719 0.157958984
vt 0.702148438 0.138793945
vt 0.703613281 0.135498047
vt 0.701660156 0.159790039
vt 0.702636719 0.16394043
vt 0.702636719 0.135253906
vt 0.701171875 0.161499023
vt 0.701171875 0.16394043
vt 0.701171875 0.163696289
vt 0.700683594 0.167724609
vt 0.701171875 0.166992188
vt 0.702636719 0.170532227
vt 0.700683594 0.171508789
vt 0.701171875 0.170288086
vt 0.701171875 0.174194336
vt 0.702636719 0.177124023
vt 0.700683594 0.174438477
vt 0.700683594 0.176147461
vt 0.701171875 0.176757812
vt 0.701171875 0.179321289
vt 0.702636719 0.18359375
vt 0.700683594 0.179321289
vt 0.701171875 0.182373047
vt 0.702636719 0.190307617
vt 0.701660156 0.191894531
vt 0.701660156 0.19543457
vt 0.702636719 0.196655273
vt 0.701171875 0.192871094
vt 0.701171875 0.194702148
vt 0.692871094 0.197509766
vt 0.701171875 0.197753906
vt 0.693359375 0.201416016
vt 0.702148438 0.198974609
vt 0.703125 0.201171875
vt 0.701660156 0.200561523
vt 0.702148438 0.202392578
vt 0.704101562 0.206176758
vt 0.702148438 0.204101562
vt 0.693847656 0.205688477
vt 0.702636719 0.206054688
vt 0.702636719 0.206787109
vt 0.694335938 0.209106445
vt 0.702636719 0.208496094
vt 0.694824219 0.212036133
vt 0.703125 0.208984375
vt 0.703613281 0.211303711
vt 0.705078125 0.211791992
vt 0.703125 0.211669922
vt 0.695800781 0.215698242
vt 0.704101562 0.214599609
vt 0.704101562 0.213745117
vt 0.704589844 0.215942383
vt 0.706542969 0.217529297
vt 0.705566406 0.219726562
vt 0.705078125 0.21875
vt 0.704589844 0.216674805
vt 0.696777344 0.220703125
vt 0.703125 0.131347656
vt 0.704101562 0.130493164
vt 0.703125 0.128051758
vt 0.704589844 0.126220703
vt 0.702148438 0.133178711
vt 0.702636719 0.131103516
vt 0.702148438 0.135375977
vt 0.694335938 0.129516602
vt 0.702636719 0.127807617
vt 0.694824219 0.125366211
vt 0.703125 0.12487793
vt 0.6953125 0.121765137
vt 0.703613281 0.126098633
vt 0.704101562 0.122436523
vt 0.705566406 0.121948242
vt 0.703613281 0.123046875
vt 0.695800781 0.118652344
vt 0.704101562 0.120117188
vt 0.696289062 0.115234375
vt 0.705078125 0.116577148
vt 0.704589844 0.119506836
vt 0.706542969 0.11730957
vt 0.705078125 0.116882324
vt 0.505859375 0.698242188
vt 0.506835938 0.6953125
vt 0.508300781 0.697753906
vt 0.510253906 0.697753906
vt 0.481933594 0.698242188
vt 0.510253906 0.694335938
vt 0.513183594 0.696777344
vt 0.513671875 0.692871094
vt 0.515625 0.6953125
vt 0.518066406 0.693847656
vt 0.517089844 0.690429688
vt 0.520019531 0.691894531
vt 0.521972656 0.689941406
vt 0.520019531 0.687011719
vt 0.522949219 0.687988281
vt 0.524414062 0.685058594
vt 0.510253906 0.690917969
vt 0.512207031 0.690429688
vt 0.515136719 0.688476562
vt 0.506347656 0.692382812
vt 0.510253906 0.687988281
vt 0.521484375 0.683105469
vt 0.517578125 0.685546875
vt 0.514160156 0.685546875
vt 0.5234375 0.681152344
vt 0.525390625 0.682128906
vt 0.525878906 0.678710938
vt 0.522949219 0.677246094
vt 0.525878906 0.675292969
vt 0.520507812 0.680664062
vt 0.519042969 0.682617188
vt 0.515625 0.682617188
vt 0.516601562 0.680664062
vt 0.5234375 0.673828125
vt 0.520507812 0.673828125
vt 0.525390625 0.672363281
vt 0.518554688 0.677246094
vt 0.522460938 0.670898438
vt 0.524414062 0.668945312
vt 0.521484375 0.668457031
vt 0.522949219 0.666503906
vt 0.520019531 0.671386719
vt 0.520507812 0.666503906
vt 0.521484375 0.664550781
vt 0.518066406 0.668457031
vt 0.519042969 0.665039062
vt 0.519042969 0.661621094
vt 0.518066406 0.671875
vt 0.516601562 0.674316406
vt 0.516113281 0.671875
vt 0.515625 0.669433594
vt 0.515136719 0.665527344
vt 0.517089844 0.663085938
vt 0.515136719 0.661621094
vt 0.515136719 0.659179688
vt 0.512695312 0.66015625
vt 0.512207031 0.657714844
vt 0.512207031 0.6640625
vt 0.510253906 0.659667969
vt 0.510253906 0.657226562
vt 0.510253906 0.663085938
vt 0.506835938 0.659179688
vt 0.506347656 0.656738281
vt 0.481933594 0.656738281
vt 0.513671875 0.666992188
vt 0.512207031 0.668457031
vt 0.510253906 0.666992188
vt 0.509765625 0.669921875
vt 0.512695312 0.670898438
vt 0.512207031 0.672363281
vt 0.465576172 0.659179688
vt 0.465576172 0.65625
vt 0.479248047 0.655761719
vt 0.477783203 0.655273438
vt 0.476318359 0.653808594
vt 0.506347656 0.662109375
vt 0.506835938 0.664550781
vt 0.506347656 0.666992188
vt 0.465576172 0.664550781
vt 0.465576172 0.661621094
vt 0.465087891 0.659179688
vt 0.465332031 0.654785156
vt 0.465087891 0.65625
vt 0.465576172 0.652832031
vt 0.475097656 0.65234375
vt 0.465087891 0.653320312
vt 0.465576172 0.650878906
vt 0.474121094 0.650390625
vt 0.463378906 0.654785156
vt 0.46484375 0.651367188
vt 0.463378906 0.66015625
vt 0.463378906 0.647949219
vt 0.46484375 0.661621094
vt 0.463378906 0.665527344
vt 0.46484375 0.664550781
vt 0.465087891 0.666992188
vt 0.463378906 0.672363281
vt 0.46484375 0.649414062
vt 0.465576172 0.666992188
vt 0.465332031 0.6484375
vt 0.473632812 0.647460938
vt 0.46484375 0.647460938
vt 0.465087891 0.645507812
vt 0.473388672 0.64453125
vt 0.464355469 0.645019531
vt 0.462890625 0.641113281
vt 0.46484375 0.643554688
vt 0.472900391 0.639648438
vt 0.464355469 0.641601562
vt 0.463623047 0.637207031
vt 0.462158203 0.634765625
vt 0.46484375 0.642089844
vt 0.464599609 0.640136719
vt 0.464355469 0.638183594
vt 0.472412109 0.634765625
vt 0.464111328 0.636230469
vt 0.463867188 0.634765625
vt 0.471679688 0.630859375
vt 0.463134766 0.633789062
vt 0.463378906 0.631835938
vt 0.470947266 0.626464844
vt 0.462646484 0.628417969
vt 0.462646484 0.630859375
vt 0.4609375 0.628417969
vt 0.462158203 0.628417969
vt 0.506347656 0.669921875
vt 0.465576172 0.669921875
vt 0.506347656 0.671875
vt 0.465087891 0.669433594
vt 0.465087891 0.672363281
vt 0.465576172 0.672363281
vt 0.465087891 0.674804688
vt 0.509765625 0.672851562
vt 0.512695312 0.674316406
vt 0.509277344 0.674316406
vt 0.504394531 0.674804688
vt 0.514648438 0.677246094
vt 0.510253906 0.677734375
vt 0.512695312 0.680175781
vt 0.507324219 0.678710938
vt 0.465576172 0.674804688
vt 0.51171875 0.683105469
vt 0.509765625 0.681640625
vt 0.509765625 0.684570312
vt 0.504394531 0.677246094
vt 0.465576172 0.677246094
vt 0.506347656 0.682617188
vt 0.504394531 0.680175781
vt 0.506347656 0.684570312
vt 0.465087891 0.677246094
vt 0.463378906 0.679199219
vt 0.465576172 0.6796875
vt 0.465087891 0.6796875
vt 0.465576172 0.682128906
vt 0.46484375 0.682617188
vt 0.463378906 0.68359375
vt 0.465576172 0.685058594
vt 0.46484375 0.685058594
vt 0.463378906 0.689453125
vt 0.465576172 0.6875
vt 0.46484375 0.6875
vt 0.506347656 0.6875
vt 0.506347656 0.689941406
vt 0.465576172 0.689941406
vt 0.46484375 0.689941406
vt 0.465576172 0.692871094
vt 0.46484375 0.692871094
vt 0.463378906 0.694335938
vt 0.46484375 0.6953125
vt 0.463378906 0.699707031
vt 0.465576172 0.6953125
vt 0.465087891 0.698242188
vt 0.465576172 0.697753906
vt 0.479736328 0.698730469
vt 0.478027344 0.69921875
vt 0.465576172 0.699707031
vt 0.475585938 0.701171875
vt 0.46484375 0.700683594
vt 0.463378906 0.706542969
vt 0.465332031 0.701660156
vt 0.474365234 0.703613281
vt 0.46484375 0.703613281
vt 0.465332031 0.703613281
vt 0.473632812 0.706054688
vt 0.46484375 0.706054688
vt 0.465332031 0.705078125
vt 0.465087891 0.70703125
vt 0.473388672 0.709960938
vt 0.464599609 0.708984375
vt 0.462890625 0.712890625
vt 0.465087891 0.708984375
vt 0.46484375 0.711914062
vt 0.472900391 0.713378906
vt 0.464355469 0.711914062
vt 0.464111328 0.714355469
vt 0.462158203 0.719238281
vt 0.464599609 0.714355469
vt 0.47265625 0.717773438
vt 0.464111328 0.716308594
vt 0.463623047 0.717773438
vt 0.464111328 0.719238281
vt 0.471923828 0.72265625
vt 0.463378906 0.720214844
vt 0.463134766 0.722167969
vt 0.4609375 0.726074219
vt 0.462646484 0.724609375
vt 0.463378906 0.72265625
vt 0.471191406 0.727050781
vt 0.462646484 0.725585938
f 3/3 2/2 1/1
f 2/2 4/4 1/1
f 4/4 5/5 1/1
f 4/4 6/6 5/5
f 6/6 7/7 5/5
f 6/6 8/8 7/7
f 8/8 9/9 7/7
f 8/8 10/10 9/9
f 10/10 11/11 9/9
f 10/10 12/12 11/11
f 12/12 13/13 11/11
f 12/12 14/14 13/13
f 14/14 15/15 13/13
f 14/14 16/16 15/15
f 15/15 16/16 17/17
f 18/18 15/15 17/17
f 19/19 18/18 17/17
f 19/19 17/17 20/20
f 21/21 19/19 20/20
f 21/21 20/20 22/22
f 23/23 21/21 22/22
f 23/23 22/22 24/24
f 25/25 23/23 24/24
f 28/28 27/27 26/26
f 28/28 29/29 27/27
f 28/28 30/30 29/29
f 30/30 31/31 29/29
f 30/30 32/32 31/31
f 32/32 33/33 31/31
f 34/34 33/33 32/32
f 34/34 35/35 33/33
f 36/36 35/35 34/34
f 35/35 36/36 37/37
f 36/36 38/38 37/37
f 39/39 37/37 38/38
f 38/38 40/40 39/39
f 41/41 39/39 40/40
f 41/41 40/40 42/42
f 43/43 41/41 42/42
f 43/43 42/42 44/44
f 45/45 43/43 44/44
f 45/45 44/44 46/46
f 47/47 45/45 46/46
f 50/50 49/49 48/48
f 49/49 51/51 48/48
f 49/49 52/52 51/51
f 52/52 53/53 51/51
f 54/54 53/53 52/52
f 54/54 52/52 55/55
f 56/56 54/54 55/55
f 56/56 55/55 57/57
f 57/57 58/58 56/56
f 59/59 58/58 57/57
f 59/59 60/60 58/58
f 59/59 61/61 60/60
f 62/62 60/60 61/61
f 62/62 61/61 63/63
f 63/63 64/64 62/62
f 65/65 64/64 63/63
f 64/64 65/65 66/66
f 65/65 67/67 66/66
f 67/67 65/65 68/68
f 69/69 67/67 68/68
f 69/69 68/68 70/70
f 71/71 69/69 70/70
f 71/71 70/70 72/72
f 73/73 71/71 72/72
f 73/73 72/72 74/74
f 73/73 74/74 75/75
f 74/74 76/76 75/75
f 76/76 77/77 75/75
f 76/76 78/78 77/77
f 79/79 77/77 78/78
f 79/79 78/78 80/80
f 81/81 79/79 80/80
f 81/81 80/80 82/82
f 83/83 81/81 82/82
f 83/83 82/82 84/84
f 83/83 84/84 85/85
f 86/86 85/85 84/84
f 86/86 84/84 87/87
f 86/86 87/87 88/88
f 88/88 87/87 89/89
f 88/88 89/89 90/90
f 90/90 89/89 91/91
f 91/91 89/89 92/92
f 92/92 89/89 93/93
f 92/92 93/93 94/94
f 93/93 95/95 94/94
f 95/95 96/96 94/94
f 95/95 97/97 96/96
f 97/97 98/98 96/96
f 97/97 99/99 98/98
f 99/99 100/100 98/98
f 99/99 101/101 100/100
f 101/101 102/102 100/100
f 102/102 103/103 100/100
f 106/106 105/105 104/104
f 105/105 107/107 104/104
f 107/107 105/105 108/108
f 107/107 108/108 109/109
f 110/110 107/107 109/109
f 110/110 109/109 111/111
f 112/112 110/110 111/111
f 112/112 111/111 113/113
f 114/114 112/112 113/113
f 115/115 114/114 113/113
f 116/116 115/115 113/113
f 116/116 117/117 115/115
f 118/118 117/117 116/116
f 118/118 119/119 117/117
f 118/118 120/120 119/119
f 120/120 121/121 119/119
f 122/122 121/121 120/120
f 122/122 123/123 121/121
f 123/123 124/124 121/121
f 123/123 125/125 124/124
f 124/124 125/125 126/126
f 127/127 124/124 126/126
f 127/127 128/128 124/124
f 129/129 128/128 127/127
f 129/129 127/127 130/130
f 130/130 131/131 129/129
f 130/130 132/132 131/131
f 132/132 133/133 131/131
f 132/132 134/134 133/133
f 134/134 135/135 133/133
f 135/135 136/136 133/133
f 135/135 137/137 136/136
f 135/135 138/138 137/137
f 138/138 139/139 137/137
f 138/138 140/140 139/139
f 140/140 141/141 139/139
f 140/140 142/142 141/141
f 143/143 141/141 142/142
f 142/142 144/144 143/143
f 145/145 143/143 144/144
f 146/146 143/143 145/145
f 146/146 147/147 143/143
f 146/146 148/148 147/147
f 148/148 149/149 147/147
f 149/149 150/150 147/147
f 151/151 150/150 149/149
f 151/151 152/152 150/150
f 152/152 153/153 150/150
f 154/154 153/153 152/152
f 154/154 152/152 155/155
f 155/155 156/156 154/154
f 156/156 157/157 154/154
f 157/157 156/156 158/158
f 159/159 157/157 158/158
f 158/158 160/160 159/159
f 160/160 161/161 159/159
f 162/162 161/161 160/160
f 162/162 160/160 163/163
f 164/164 162/162 163/163
f 164/164 163/163 165/165
f 168/168 167/167 166/166
f 168/168 166/166 169/169
f 170/170 168/168 169/169
f 170/170 169/169 171/171
f 170/170 171/171 172/172
f 173/173 170/170 172/172
f 173/173 172/172 174/174
f 175/175 173/173 174/174
f 174/174 176/176 175/175
f 174/174 177/177 176/176
f 177/177 178/178 176/176
f 178/178 177/177 179/179
f 179/179 180/180 178/178
f 179/179 181/181 180/180
f 182/182 180/180 181/181
f 179/179 183/183 181/181
f 183/183 182/182 181/181
f 183/183 184/184 182/182
f 183/183 185/185 184/184
f 186/186 184/184 185/185
f 187/187 186/186 185/185
f 187/187 185/185 188/188
f 189/189 187/187 188/188
f 192/192 191/191 190/190
f 192/192 193/193 191/191
f 192/192 194/194 193/193
f 195/195 193/193 194/194
f 195/195 194/194 196/196
f 197/197 195/195 196/196
f 197/197 196/196 198/198
f 199/199 197/197 198/198
f 199/199 198/198 200/200
f 201/201 199/199 200/200
f 201/201 200/200 202/202
f 203/203 201/201 202/202
f 204/204 203/203 202/202
f 204/204 205/205 203/203
f 204/204 206/206 205/205
f 206/206 207/207 205/205
f 207/207 208/208 205/205
f 207/207 209/209 208/208
f 209/209 210/210 208/208
f 209/209 211/211 210/210
f 211/211 212/212 210/210
f 212/212 213/213 210/210
f 212/212 214/214 213/213
f 214/214 215/215 213/213
f 215/215 216/216 213/213
f 219/219 218/218 217/217
f 219/219 217/217 220/220
f 221/221 219/219 220/220
f 221/221 220/220 222/222
f 222/222 223/223 221/221
f 223/223 224/224 221/221
f 223/223 225/225 224/224
f 226/226 224/224 225/225
f 225/225 227/227 226/226
f 227/227 228/228 226/226
f 228/228 227/227 229/229
f 230/230 228/228 229/229
f 229/229 231/231 230/230
f 231/231 232/232 230/230
f 232/232 231/231 233/233
f 234/234 232/232 233/233
f 234/234 233/233 235/235
f 236/236 234/234 235/235
f 237/237 236/236 235/235
f 237/237 238/238 236/236
f 237/237 239/239 238/238
f 237/237 240/240 239/239
f 240/240 241/241 239/239
f 240/240 242/242 241/241
f 243/243 241/241 242/242
f 243/243 244/244 241/241
f 243/243 245/245 244/244
f 245/245 246/246 244/244
f 245/245 247/247 246/246
f 247/247 248/248 246/246
f 247/247 249/249 248/248
f 247/247 250/250 249/249
f 249/249 250/250 251/251
f 252/252 249/249 251/251
f 252/252 251/251 253/253
f 254/254 252/252 253/253
f 254/254 253/253 255/255
f 256/256 254/254 255/255
f 257/257 256/256 255/255
f 257/257 255/255 258/258
f 258/258 259/259 257/257
f 259/259 260/260 257/257
f 259/259 261/261 260/260
f 261/261 262/262 260/260
f 261/261 263/263 262/262
f 263/263 264/264 262/262
f 263/263 265/265 264/264
f 265/265 266/266 264/264
f 265/265 267/267 266/266
f 267/267 268/268 266/266
f 267/267 269/269 268/268
f 269/269 270/270 268/268
f 269/269 271/271 270/270
f 272/272 270/270 271/271
f 273/273 272/272 271/271
f 273/273 271/271 274/274
f 273/273 274/274 275/275
f 275/275 274/274 276/276
f 277/277 275/275 276/276
f 277/277 276/276 278/278
f 277/277 278/278 279/279
f 279/279 278/278 280/280
f 281/281 279/279 280/280
f 281/281 280/280 282/282
f 282/282 283/283 281/281
f 284/284 281/281 283/283
f 284/284 283/283 285/285
f 284/284 285/285 286/286
f 287/287 284/284 286/286
f 287/287 286/286 288/288
f 289/289 287/287 288/288
f 289/289 288/288 290/290
f 291/291 289/289 290/290
f 291/291 290/290 292/292
f 293/293 291/291 292/292
f 293/293 292/292 294/294
f 294/294 292/292 295/295
f 294/294 295/295 296/296
f 296/296 295/295 297/297
f 298/298 296/296 297/297
f 299/299 298/298 297/297
f 299/299 300/300 298/298
f 299/299 301/301 300/300
f 301/301 302/302 300/300
f 301/301 303/303 302/302
f 304/304 302/302 303/303
f 304/304 305/305 302/302
f 304/304 306/306 305/305
f 309/309 308/308 307/307
f 309/309 310/310 308/308
f 310/310 311/311 308/308
f 310/310 312/312 311/311
f 312/312 313/313 311/311
f 312/312 314/314 313/313
f 312/312 315/315 314/314
f 316/316 314/314 315/315
f 316/316 315/315 317/317
f 316/316 317/317 318/318
f 319/319 318/318 317/317
f 318/318 319/319 320/320
f 321/321 318/318 320/320
f 322/322 321/321 320/320
f 323/323 321/321 322/322
f 323/323 322/322 324/324
f 325/325 323/323 324/324
f 325/325 324/324 326/326
f 327/327 325/325 326/326
f 326/326 328/328 327/327
f 326/326 329/329 328/328
f 330/330 328/328 329/329
f 330/330 329/329 331/331
f 332/332 330/330 331/331
f 332/332 331/331 333/333
f 334/334 332/332 333/333
f 334/334 333/333 335/335
f 334/334 335/335 336/336
f 336/336 335/335 337/337
f 336/336 337/337 338/338
f 339/339 338/338 337/337
f 339/339 337/337 340/340
f 340/340 341/341 339/339
f 340/340 342/342 341/341
f 343/343 341/341 342/342
f 343/343 342/342 344/344
f 345/345 343/343 344/344
f 345/345 344/344 346/346
f 347/347 345/345 346/346
f 347/347 346/346 348/348
f 349/349 347/347 348/348
f 349/349 348/348 350/350
f 351/351 349/349 350/350
f 351/351 352/352 349/349
f 353/353 352/352 351/351
f 353/353 351/351 354/354
f 354/354 355/355 353/353
f 355/355 356/356 353/353
f 355/355 357/357 356/356
f 357/357 358/358 356/356
f 359/359 358/358 357/357
f 359/359 357/357 360/360
f 359/359 360/360 361/361
f 361/361 360/360 362/362
f 362/362 363/363 361/361
f 364/364 361/361 363/363
f 364/364 363/363 365/365
f 365/365 366/366 364/364
f 365/365 367/367 366/366
f 368/368 366/366 367/367
f 368/368 367/367 369/369
f 370/370 368/368 369/369
f 369/369 371/371 370/370
f 370/370 371/371 372/372
f 373/373 372/372 371/371
f 373/373 374/374 372/372
f 374/374 373/373 375/375
f 374/374 375/375 376/376
f 376/376 375/375 377/377
f 378/378 376/376 377/377
f 378/378 379/379 376/376
f 379/379 378/378 380/380
f 378/378 381/381 380/380
f 381/381 382/382 380/380
f 381/381 383/383 382/382
f 382/382 383/383 384/384
f 385/385 382/382 384/384
f 386/386 385/385 384/384
f 387/387 386/386 384/384
f 387/387 388/388 386/386
f 388/388 389/389 386/386
f 388/388 390/390 389/389
f 390/390 391/391 389/389
f 390/390 392/392 391/391
f 392/392 393/393 391/391
f 392/392 394/394 393/393
f 394/394 395/395 393/393
f 398/398 397/397 396/396
f 396/396 399/399 398/398
f 396/396 400/400 399/399
f 400/400 401/401 399/399
f 400/400 402/402 401/401
f 400/400 403/403 402/402
f 404/404 402/402 403/403
f 404/404 403/403 405/405
f 404/404 405/405 406/406
f 407/407 404/404 406/406
f 406/406 408/408 407/407
f 408/408 409/409 407/407
f 409/409 408/408 410/410
f 409/409 410/410 411/411
f 411/411 410/410 412/412
f 413/413 411/411 412/412
f 416/416 415/415 414/414
f 415/415 417/417 414/414
f 415/415 418/418 417/417
f 415/415 419/419 418/418
f 419/419 420/420 418/418
f 421/421 420/420 419/419
f 420/420 421/421 422/422
f 420/420 422/422 423/423
f 424/424 423/423 422/422
f 425/425 423/423 424/424
f 425/425 424/424 426/426
f 427/427 425/425 426/426
f 427/427 426/426 428/428
f 429/429 427/427 428/428
f 432/432 431/431 430/430
f 432/432 430/430 433/433
f 432/432 433/433 434/434
f 435/435 432/432 434/434
f 436/436 435/435 434/434
f 436/436 437/437 435/435
f 436/436 438/438 437/437
f 439/439 437/437 438/438
f 439/439 438/438 440/440
f 440/440 441/441 439/439
f 440/440 442/442 441/441
f 442/442 443/443 441/441
f 442/442 444/444 443/443
f 442/442 445/445 444/444
f 445/445 446/446 444/444
f 445/445 447/447 446/446
f 447/447 448/448 446/446
f 447/447 449/449 448/448
f 447/447 450/450 449/449
f 450/450 451/451 449/449
f 450/450 452/452 451/451
f 450/450 453/453 452/452
f 453/453 454/454 452/452
f 453/453 455/455 454/454
f 456/456 454/454 455/455
f 459/459 458/458 457/457
f 460/460 457/457 458/458
f 461/461 460/460 458/458
f 461/461 462/462 460/460
f 461/461 458/458 463/463
f 464/464 461/461 463/463
f 464/464 463/463 465/465
f 463/463 466/466 465/465
f 465/465 466/466 467/467
f 468/468 465/465 467/467
f 468/468 467/467 469/469
f 467/467 470/470 469/469
f 471/471 470/470 467/467
f 469/469 470/470 472/472
f 473/473 469/469 472/472
f 473/473 474/474 469/469
f 472/472 475/475 473/473
f 473/473 475/475 476/476
f 477/477 473/473 476/476
f 477/477 478/478 473/473
f 476/476 479/479 477/477
f 479/479 480/480 477/477
f 480/480 481/481 477/477
f 479/479 482/482 480/480
f 485/485 484/484 483/483
f 486/486 485/485 483/483
f 486/486 483/483 487/487
f 486/486 487/487 488/488
f 489/489 486/486 488/488
f 489/489 488/488 490/490
f 489/489 490/490 491/491
f 490/490 492/492 491/491
f 493/493 491/491 492/492
f 493/493 492/492 494/494
f 495/495 493/493 494/494
f 494/494 496/496 495/495
f 496/496 497/497 495/495
f 496/496 498/498 497/497
f 499/499 497/497 498/498
f 500/500 499/499 498/498
f 500/500 498/498 501/501
f 501/501 502/502 500/500
f 502/502 503/503 500/500
f 502/502 504/504 503/503
f 504/504 505/505 503/503
f 504/504 506/506 505/505
f 506/506 507/507 505/505
f 510/510 509/509 508/508
f 510/510 511/511 509/509
f 512/512 509/509 511/511
f 512/512 511/511 513/513
f 512/512 513/513 514/514
f 514/514 513/513 515/515
f 516/516 514/514 515/515
f 516/516 515/515 517/517
f 518/518 516/516 517/517
f 519/519 518/518 517/517
f 519/519 517/517 520/520
f 520/520 521/521 519/519
f 521/521 522/522 519/519
f 521/521 523/523 522/522
f 521/521 524/524 523/523
f 525/525 523/523 524/524
f 528/528 527/527 526/526
f 528/528 526/526 529/529
f 528/528 529/529 530/530
f 531/531 528/528 530/530
f 532/532 531/531 530/530
f 532/532 533/533 531/531
f 533/533 532/532 534/534
f 535/535 533/533 534/534
f 536/536 535/535 534/534
f 537/537 535/535 536/536
f 537/537 536/536 538/538
f 539/539 537/537 538/538
f 539/539 540/540 537/537
f 539/539 541/541 540/540
f 541/541 542/542 540/540
f 541/541 543/543 542/542
f 543/543 544/544 542/542
f 543/543 545/545 544/544
f 546/546 544/544 545/545
f 549/549 548/548 547/547
f 549/549 547/547 550/550
f 551/551 549/549 550/550
f 551/551 550/550 552/552
f 553/553 551/551 552/552
f 553/553 552/552 554/554
f 553/553 554/554 555/555
f 556/556 555/555 554/554
f 556/556 554/554 557/557
f 558/558 556/556 557/557
f 558/558 557/557 559/559
f 558/558 559/559 560/560
f 560/560 559/559 561/561
f 561/561 562/562 560/560
f 561/561 563/563 562/562
f 563/563 564/564 562/562
f 564/564 563/563 565/565
f 566/566 564/564 565/565
f 565/565 567/567 566/566
f 567/567 568/568 566/566
f 567/567 569/569 568/568
f 569/569 570/570 568/568
f 569/569 571/571 570/570
f 569/569 572/572 571/571
f 572/572 573/573 571/571
f 572/572 574/574 573/573
f 575/575 573/573 574/574
f 578/578 577/577 576/576
f 578/578 579/579 577/577
f 579/579 580/580 577/577
f 580/580 581/581 577/577
f 582/582 581/581 580/580
f 582/582 580/580 583/583
f 582/582 583/583 584/584
f 585/585 584/584 583/583
f 585/585 586/586 584/584
f 585/585 587/587 586/586
f 588/588 586/586 587/587
f 588/588 587/587 589/589
f 590/590 588/588 589/589
f 590/590 589/589 591/591
f 590/590 591/591 592/592
f 590/590 592/592 593/593
f 592/592 594/594 593/593
f 594/594 595/595 593/593
f 596/596 593/593 595/595
f 596/596 595/595 597/597
f 596/596 597/597 598/598
f 599/599 596/596 598/598
f 599/599 598/598 600/600
f 603/603 602/602 601/601
f 602/602 604/604 601/601
f 604/604 602/602 605/605
f 605/605 602/602 606/606
f 606/606 602/602 607/607
f 607/607 602/602 608/608
f 608/608 602/602 609/609
f 610/610 609/609 602/602
f 610/610 602/602 611/611
f 602/602 612/612 611/611
f 612/612 602/602 613/613
f 614/614 613/613 602/602
f 615/615 614/614 602/602
f 616/616 615/615 602/602
f 617/617 616/616 602/602
f 618/618 617/617 602/602
f 619/619 618/618 602/602
f 620/620 619/619 602/602
f 621/621 620/620 602/602
f 622/622 621/621 602/602
f 623/623 622/622 602/602
f 624/624 623/623 602/602
f 625/625 624/624 602/602
f 626/626 625/625 602/602
f 627/627 626/626 602/602
f 628/628 627/627 602/602
f 629/629 628/628 602/602
f 630/630 629/629 602/602
f 631/631 630/630 602/602
f 631/631 602/602 632/632
f 633/633 632/632 602/602
f 634/634 633/633 602/602
f 637/637 636/636 635/635
f 637/637 638/638 636/636
f 638/638 639/639 636/636
f 640/640 636/636 639/639
f 640/640 641/641 636/636
f 642/642 636/636 641/641
f 642/642 643/643 636/636
f 643/643 644/644 636/636
f 645/645 636/636 644/644
f 645/645 646/646 636/636
f 646/646 647/647 636/636
f 648/648 636/636 647/647
f 648/648 649/649 636/636
f 649/649 650/650 636/636
f 651/651 636/636 650/650
f 651/651 652/652 636/636
f 652/652 653/653 636/636
f 654/654 636/636 653/653
f 654/654 655/655 636/636
f 655/655 656/656 636/636
f 657/657 636/636 656/656
f 657/657 658/658 636/636
f 658/658 659/659 636/636
f 659/659 660/660 636/636
f 660/660 661/661 636/636
f 661/661 662/662 636/636
f 662/662 663/663 636/636
f 663/663 664/664 636/636
f 664/664 665/665 636/636
f 665/665 666/666 636/636
f 666/666 667/667 636/636
f 667/667 668/668 636/636
f 636/636 668/668 669/669
f 669/669 670/670 636/636
f 670/670 671/671 636/636
f 671/671 672/672 636/636
f 672/672 673/673 636/636
f 636/636 673/673 674/674
f 675/675 636/636 674/674
f 675/675 676/676 636/636
f 676/676 677/677 636/636
f 677/677 678/678 636/636
f 678/678 679/679 636/636
f 679/679 680/680 636/636
f 681/681 636/636 680/680
f 681/681 682/682 636/636
f 682/682 683/683 636/636
f 684/684 636/636 683/683
f 684/684 685/685 636/636
f 685/685 686/686 636/636
f 689/689 688/688 687/687
f 690/690 689/689 687/687
f 691/691 690/690 687/687
f 690/690 691/691 692/692
f 690/690 692/692 693/693
f 692/692 691/691 694/694
f 691/691 695/695 694/694
f 694/694 695/695 696/696
f 695/695 697/697 696/696
f 696/696 697/697 698/698
f 699/699 696/696 698/698
f 699/699 698/698 700/700
f 698/698 701/701 700/700
f 700/700 701/701 702/702
f 703/703 700/700 702/702
f 703/703 702/702 704/704
f 702/702 705/705 704/704
f 705/705 706/706 704/704
f 704/704 706/706 707/707
f 706/706 705/705 708/708
f 705/705 709/709 708/708
f 710/710 706/706 708/708
f 710/710 708/708 711/711
f 714/714 713/713 712/712
f 713/713 714/714 715/715
f 714/714 716/716 715/715
f 714/714 717/717 716/716
f 714/714 718/718 717/717
f 719/719 718/718 714/714
f 720/720 718/718 719/719
f 721/721 720/720 719/719
f 722/722 721/721 719/719
f 723/723 722/722 719/719
f 724/724 723/723 719/719
f 727/727 726/726 725/725
f 726/726 728/728 725/725
f 728/728 729/729 725/725
f 729/729 730/730 725/725
f 725/725 730/730 731/731
f 730/730 732/732 731/731
f 732/732 733/733 731/731
f 733/733 734/734 731/731
f 734/734 735/735 731/731
f 735/735 736/736 731/731
f 739/739 738/738 737/737
f 739/739 740/740 738/738
f 741/741 737/737 738/738
f 741/741 742/742 737/737
f 743/743 737/737 742/742
f 743/743 742/742 744/744
f 742/742 745/745 744/744
f 742/742 746/746 745/745
f 742/742 747/747 746/746
f 742/742 741/741 748/748
f 741/741 738/738 748/748
f 746/746 749/749 745/745
f 745/745 749/749 750/750
f 749/749 751/751 750/750
f 746/746 751/751 749/749
f 751/751 752/752 750/750
f 753/753 752/752 751/751
f 754/754 753/753 751/751
f 753/753 754/754 755/755
f 756/756 755/755 754/754
f 747/747 742/742 757/757
f 757/757 742/742 748/748
f 746/746 758/758 751/751
f 754/754 751/751 758/758
f 759/759 756/756 754/754
f 756/756 759/759 760/760
f 759/759 761/761 760/760
f 760/760 761/761 762/762
f 763/763 762/762 761/761
f 759/759 754/754 764/764
f 764/764 754/754 758/758
f 761/761 759/759 764/764
f 763/763 761/761 765/765
f 766/766 763/763 765/765
f 766/766 765/765 767/767
f 768/768 766/766 767/767
f 761/761 769/769 765/765
f 769/769 767/767 765/765
f 761/761 764/764 770/770
f 769/769 761/761 770/770
f 764/764 758/758 771/771
f 770/770 764/764 771/771
f 768/768 767/767 772/772
f 773/773 768/768 772/772
f 767/767 769/769 774/774
f 772/772 767/767 774/774
f 770/770 775/775 769/769
f 775/775 774/774 769/769
f 773/773 772/772 776/776
f 777/777 773/773 776/776
f 775/775 770/770 778/778
f 770/770 771/771 778/778
f 779/779 778/778 771/771
f 780/780 771/771 758/758
f 780/780 779/779 771/771
f 746/746 780/780 758/758
f 775/775 778/778 781/781
f 774/774 775/775 781/781
f 779/779 781/781 778/778
f 772/772 774/774 782/782
f 776/776 772/772 782/782
f 777/777 776/776 783/783
f 784/784 777/777 783/783
f 780/780 746/746 785/785
f 747/747 785/785 746/746
f 780/780 785/785 786/786
f 779/779 780/780 786/786
f 747/747 786/786 785/785
f 774/774 781/781 787/787
f 782/782 774/774 787/787
f 776/776 782/782 788/788
f 783/783 776/776 788/788
f 784/784 783/783 789/789
f 784/784 789/789 790/790
f 781/781 779/779 791/791
f 787/787 781/781 791/791
f 782/782 787/787 792/792
f 788/788 782/782 792/792
f 783/783 788/788 793/793
f 789/789 783/783 793/793
f 789/789 794/794 790/790
f 794/794 795/795 790/790
f 792/792 787/787 796/796
f 787/787 791/791 796/796
f 788/788 792/792 797/797
f 793/793 788/788 797/797
f 797/797 792/792 796/796
f 797/797 796/796 798/798
f 789/789 793/793 799/799
f 794/794 789/789 799/799
f 793/793 797/797 800/800
f 800/800 797/797 798/798
f 799/799 793/793 800/800
f 794/794 801/801 795/795
f 801/801 802/802 795/795
f 796/796 791/791 803/803
f 796/796 803/803 798/798
f 799/799 804/804 794/794
f 804/804 801/801 794/794
f 802/802 801/801 805/805
f 804/804 805/805 801/801
f 806/806 802/802 805/805
f 805/805 807/807 806/806
f 799/799 800/800 808/808
f 804/804 799/799 808/808
f 791/791 809/809 803/803
f 791/791 779/779 809/809
f 800/800 798/798 810/810
f 808/808 800/800 810/810
f 779/779 811/811 809/809
f 779/779 786/786 811/811
f 807/807 805/805 812/812
f 805/805 804/804 813/813
f 805/805 813/813 812/812
f 804/804 808/808 814/814
f 804/804 814/814 813/813
f 814/814 808/808 815/815
f 813/813 814/814 815/815
f 808/808 810/810 815/815
f 807/807 812/812 816/816
f 807/807 816/816 817/817
f 818/818 816/816 812/812
f 816/816 818/818 819/819
f 816/816 819/819 817/817
f 818/818 820/820 819/819
f 820/820 818/818 821/821
f 821/821 818/818 822/822
f 821/821 822/822 823/823
f 823/823 822/822 824/824
f 825/825 812/812 813/813
f 815/815 825/825 813/813
f 825/825 818/818 812/812
f 825/825 815/815 826/826
f 825/825 826/826 818/818
f 827/827 824/824 822/822
f 827/827 828/828 824/824
f 828/828 827/827 829/829
f 815/815 830/830 826/826
f 815/815 810/810 830/830
f 818/818 826/826 831/831
f 818/818 831/831 822/822
f 832/832 831/831 826/826
f 832/832 826/826 830/830
f 810/810 833/833 830/830
f 810/810 798/798 833/833
f 822/822 831/831 834/834
f 834/834 831/831 832/832
f 835/835 830/830 833/833
f 835/835 832/832 830/830
f 836/836 829/829 827/827
f 822/822 837/837 827/827
f 837/837 836/836 827/827
f 836/836 838/838 829/829
f 838/838 839/839 829/829
f 836/836 840/840 838/838
f 840/840 836/836 837/837
f 838/838 841/841 839/839
f 838/838 840/840 841/841
f 841/841 842/842 839/839
f 822/822 843/843 837/837
f 843/843 822/822 834/834
f 837/837 843/843 844/844
f 837/837 844/844 840/840
f 843/843 845/845 844/844
f 843/843 834/834 845/845
f 846/846 840/840 844/844
f 834/834 847/847 845/845
f 847/847 848/848 845/845
f 847/847 834/834 832/832
f 846/846 849/849 840/840
f 840/840 849/849 841/841
f 846/846 850/850 849/849
f 847/847 851/851 848/848
f 847/847 832/832 851/851
f 851/851 832/832 835/835
f 851/851 852/852 848/848
f 841/841 849/849 853/853
f 850/850 853/853 849/849
f 851/851 835/835 854/854
f 835/835 833/833 854/854
f 852/852 851/851 855/855
f 851/851 854/854 855/855
f 856/856 854/854 833/833
f 855/855 854/854 856/856
f 856/856 833/833 798/798
f 857/857 856/856 798/798
f 855/855 856/856 857/857
f 857/857 798/798 803/803
f 852/852 855/855 858/858
f 858/858 855/855 857/857
f 852/852 858/858 859/859
f 860/860 857/857 803/803
f 860/860 803/803 809/809
f 858/858 857/857 861/861
f 859/859 858/858 861/861
f 861/861 857/857 860/860
f 859/859 861/861 862/862
f 861/861 860/860 862/862
f 863/863 859/859 862/862
f 864/864 860/860 809/809
f 864/864 862/862 860/860
f 864/864 809/809 811/811
f 865/865 864/864 811/811
f 862/862 864/864 865/865
f 865/865 811/811 786/786
f 863/863 862/862 866/866
f 862/862 865/865 866/866
f 863/863 866/866 867/867
f 866/866 865/865 867/867
f 868/868 863/863 867/867
f 869/869 865/865 786/786
f 865/865 869/869 867/867
f 747/747 869/869 786/786
f 747/747 867/867 869/869
f 747/747 870/870 867/867
f 868/868 867/867 870/870
f 870/870 747/747 757/757
f 868/868 870/870 757/757
f 868/868 757/757 748/748
f 871/871 868/868 748/748
f 871/871 748/748 872/872
f 738/738 872/872 748/748
f 871/871 872/872 873/873
f 874/874 871/871 873/873
f 875/875 872/872 738/738
f 873/873 872/872 875/875
f 740/740 875/875 738/738
f 740/740 876/876 875/875
f 876/876 873/873 875/875
f 740/740 877/877 876/876
f 877/877 878/878 876/876
f 873/873 876/876 878/878
f 877/877 879/879 878/878
f 874/874 873/873 880/880
f 878/878 880/880 873/873
f 881/881 874/874 880/880
f 879/879 882/882 878/878
f 878/878 882/882 880/880
f 881/881 880/880 883/883
f 880/880 882/882 883/883
f 884/884 881/881 883/883
f 879/879 885/885 882/882
f 882/882 885/885 883/883
f 879/879 886/886 885/885
f 883/883 885/885 887/887
f 884/884 883/883 887/887
f 886/886 888/888 885/885
f 885/885 888/888 887/887
f 886/886 889/889 888/888
f 889/889 890/890 888/888
f 890/890 887/887 888/888
f 889/889 891/891 890/890
f 884/884 887/887 892/892
f 887/887 890/890 892/892
f 884/884 892/892 893/893
f 892/892 890/890 893/893
f 894/894 884/884 893/893
f 891/891 895/895 890/890
f 890/890 895/895 893/893
f 891/891 896/896 895/895
f 893/893 895/895 897/897
f 896/896 897/897 895/895
f 898/898 894/894 893/893
f 893/893 897/897 898/898
f 898/898 899/899 894/894
f 898/898 897/897 899/899
f 899/899 900/900 894/894
f 900/900 899/899 901/901
f 901/901 899/899 902/902
f 896/896 903/903 897/897
f 899/899 897/897 903/903
f 899/899 903/903 902/902
f 904/904 903/903 896/896
f 904/904 902/902 903/903
f 850/850 905/905 853/853
f 850/850 906/906 905/905
f 906/906 907/907 905/905
f 906/906 908/908 907/907
f 905/905 909/909 853/853
f 910/910 905/905 907/907
f 905/905 910/910 909/909
f 853/853 909/909 911/911
f 841/841 853/853 911/911
f 841/841 911/911 842/842
f 911/911 909/909 842/842
f 909/909 912/912 842/842
f 910/910 912/912 909/909
f 910/910 913/913 912/912
f 910/910 907/907 913/913
f 913/913 914/914 912/912
f 913/913 915/915 914/914
f 913/913 907/907 915/915
f 915/915 916/916 914/914
f 908/908 917/917 907/907
f 907/907 917/917 915/915
f 908/908 918/918 917/917
f 918/918 915/915 917/917
f 908/908 919/919 918/918
f 920/920 916/916 915/915
f 918/918 920/920 915/915
f 921/921 916/916 920/920
f 921/921 920/920 922/922
f 922/922 920/920 918/918
f 923/923 921/921 922/922
f 923/923 922/922 924/924
f 919/919 925/925 918/918
f 925/925 922/922 918/918
f 922/922 925/925 924/924
f 926/926 925/925 919/919
f 925/925 927/927 924/924
f 926/926 927/927 925/925
f 930/930 929/929 928/928
f 930/930 931/931 929/929
f 928/928 929/929 932/932
f 933/933 929/929 931/931
f 933/933 931/931 934/934
f 934/934 935/935 933/933
f 936/936 935/935 934/934
f 937/937 935/935 936/936
f 937/937 938/938 935/935
f 939/939 938/938 937/937
f 940/940 938/938 939/939
f 940/940 941/941 938/938
f 942/942 941/941 940/940
f 943/943 941/941 942/942
f 935/935 944/944 933/933
f 938/938 945/945 935/935
f 935/935 945/945 944/944
f 938/938 946/946 945/945
f 941/941 946/946 938/938
f 933/933 947/947 929/929
f 933/933 944/944 947/947
f 945/945 948/948 944/944
f 946/946 948/948 945/945
f 943/943 949/949 941/941
f 941/941 950/950 946/946
f 949/949 950/950 941/941
f 946/946 951/951 948/948
f 950/950 951/951 946/946
f 952/952 949/949 943/943
f 953/953 952/952 943/943
f 953/953 954/954 952/952
f 954/954 955/955 952/952
f 956/956 955/955 954/954
f 949/949 952/952 957/957
f 955/955 957/957 952/952
f 949/949 958/958 950/950
f 958/958 949/949 957/957
f 958/958 959/959 950/950
f 950/950 959/959 951/951
f 960/960 958/958 957/957
f 960/960 959/959 958/958
f 956/956 961/961 955/955
f 961/961 962/962 955/955
f 961/961 956/956 963/963
f 955/955 964/964 957/957
f 964/964 960/960 957/957
f 962/962 964/964 955/955
f 963/963 965/965 961/961
f 962/962 961/961 965/965
f 966/966 965/965 963/963
f 966/966 967/967 965/965
f 968/968 967/967 966/966
f 969/969 962/962 965/965
f 967/967 969/969 965/965
f 968/968 970/970 967/967
f 971/971 970/970 968/968
f 967/967 972/972 969/969
f 970/970 972/972 967/967
f 971/971 973/973 970/970
f 973/973 972/972 970/970
f 974/974 973/973 971/971
f 969/969 975/975 962/962
f 972/972 975/975 969/969
f 962/962 976/976 964/964
f 977/977 962/962 975/975
f 977/977 976/976 962/962
f 972/972 978/978 975/975
f 978/978 977/977 975/975
f 973/973 979/979 972/972
f 979/979 978/978 972/972
f 974/974 980/980 973/973
f 980/980 979/979 973/973
f 980/980 974/974 981/981
f 981/981 979/979 980/980
f 982/982 981/981 974/974
f 982/982 983/983 981/981
f 984/984 983/983 982/982
f 981/981 985/985 979/979
f 983/983 985/985 981/981
f 984/984 986/986 983/983
f 986/986 984/984 987/987
f 986/986 988/988 983/983
f 983/983 988/988 985/985
f 987/987 989/989 986/986
f 986/986 989/989 988/988
f 987/987 990/990 989/989
f 990/990 991/991 989/989
f 979/979 992/992 978/978
f 985/985 992/992 979/979
f 992/992 993/993 978/978
f 985/985 993/993 992/992
f 988/988 994/994 985/985
f 985/985 994/994 993/993
f 993/993 994/994 995/995
f 993/993 996/996 978/978
f 993/993 995/995 996/996
f 978/978 996/996 977/977
f 996/996 997/997 977/977
f 996/996 995/995 997/997
f 976/976 977/977 997/997
f 989/989 991/991 998/998
f 991/991 999/999 998/998
f 991/991 1000/1000 999/999
f 1001/1001 999/999 1000/1000
f 1001/1001 1002/1002 999/999
f 1003/1003 989/989 998/998
f 988/988 989/989 1003/1003
f 988/988 1003/1003 1004/1004
f 994/994 988/988 1004/1004
f 994/994 1004/1004 1005/1005
f 1005/1005 995/995 994/994
f 1004/1004 1003/1003 1006/1006
f 1005/1005 1004/1004 1006/1006
f 1003/1003 998/998 1007/1007
f 1003/1003 1007/1007 1006/1006
f 999/999 1008/1008 998/998
f 998/998 1008/1008 1007/1007
f 1009/1009 999/999 1002/1002
f 1008/1008 999/999 1010/1010
f 1009/1009 1010/1010 999/999
f 1011/1011 1009/1009 1002/1002
f 1011/1011 1002/1002 1012/1012
f 1013/1013 1010/1010 1009/1009
f 1013/1013 1009/1009 1011/1011
f 1014/1014 1011/1011 1012/1012
f 1014/1014 1012/1012 1015/1015
f 1016/1016 1010/1010 1013/1013
f 1016/1016 1008/1008 1010/1010
f 1017/1017 1013/1013 1011/1011
f 1016/1016 1013/1013 1017/1017
f 1017/1017 1011/1011 1014/1014
f 1016/1016 1018/1018 1008/1008
f 1019/1019 1016/1016 1017/1017
f 1018/1018 1020/1020 1008/1008
f 1008/1008 1020/1020 1007/1007
f 1018/1018 1021/1021 1020/1020
f 1022/1022 1007/1007 1020/1020
f 1021/1021 1022/1022 1020/1020
f 1022/1022 1006/1006 1007/1007
f 1023/1023 1022/1022 1021/1021
f 1006/1006 1022/1022 1023/1023
f 1021/1021 1024/1024 1023/1023
f 1025/1025 1017/1017 1014/1014
f 1019/1019 1017/1017 1025/1025
f 1006/1006 1023/1023 1026/1026
f 1005/1005 1006/1006 1026/1026
f 1025/1025 1014/1014 1027/1027
f 1027/1027 1014/1014 1015/1015
f 1027/1027 1015/1015 1028/1028
f 1019/1019 1025/1025 1029/1029
f 1029/1029 1025/1025 1027/1027
f 1027/1027 1028/1028 1030/1030
f 1030/1030 1029/1029 1027/1027
f 1031/1031 1030/1030 1028/1028
f 1019/1019 1029/1029 1032/1032
f 1029/1029 1030/1030 1032/1032
f 1033/1033 1019/1019 1032/1032
f 1031/1031 1034/1034 1030/1030
f 1030/1030 1034/1034 1032/1032
f 1031/1031 1035/1035 1034/1034
f 1033/1033 1032/1032 1036/1036
f 1034/1034 1036/1036 1032/1032
f 1036/1036 1037/1037 1033/1033
f 1037/1037 1038/1038 1033/1033
f 1036/1036 1034/1034 1039/1039
f 1035/1035 1039/1039 1034/1034
f 1040/1040 1036/1036 1039/1039
f 1035/1035 1040/1040 1039/1039
f 1037/1037 1036/1036 1040/1040
f 1035/1035 1041/1041 1040/1040
f 1037/1037 1040/1040 1041/1041
f 1035/1035 1042/1042 1041/1041
f 1042/1042 1043/1043 1041/1041
f 1037/1037 1041/1041 1043/1043
f 1042/1042 1044/1044 1043/1043
f 1044/1044 1037/1037 1043/1043
f 1042/1042 1045/1045 1044/1044
f 1037/1037 1046/1046 1038/1038
f 1046/1046 1037/1037 1044/1044
f 1045/1045 1047/1047 1044/1044
f 1046/1046 1044/1044 1047/1047
f 1045/1045 1048/1048 1047/1047
f 1048/1048 1049/1049 1047/1047
f 1046/1046 1050/1050 1038/1038
f 1050/1050 1046/1046 1047/1047
f 1049/1049 1050/1050 1047/1047
f 1050/1050 1051/1051 1038/1038
f 1052/1052 1050/1050 1049/1049
f 1050/1050 1052/1052 1051/1051
f 1053/1053 1005/1005 1026/1026
f 1005/1005 1053/1053 995/995
f 1053/1053 1026/1026 1054/1054
f 995/995 1053/1053 1055/1055
f 1055/1055 1053/1053 1054/1054
f 1026/1026 1056/1056 1054/1054
f 1026/1026 1023/1023 1056/1056
f 1024/1024 1056/1056 1023/1023
f 1057/1057 1054/1054 1056/1056
f 1057/1057 1056/1056 1024/1024
f 1057/1057 1058/1058 1054/1054
f 1055/1055 1054/1054 1058/1058
f 1057/1057 1024/1024 1059/1059
f 1058/1058 1057/1057 1059/1059
f 1060/1060 995/995 1055/1055
f 995/995 1060/1060 997/997
f 1061/1061 997/997 1060/1060
f 1061/1061 976/976 997/997
f 1060/1060 1055/1055 1062/1062
f 1060/1060 1062/1062 1061/1061
f 1063/1063 1055/1055 1058/1058
f 1062/1062 1055/1055 1063/1063
f 976/976 1061/1061 1064/1064
f 976/976 1064/1064 964/964
f 964/964 1064/1064 960/960
f 1061/1061 1062/1062 1065/1065
f 1061/1061 1065/1065 1064/1064
f 1064/1064 1066/1066 960/960
f 1064/1064 1065/1065 1066/1066
f 959/959 960/960 1066/1066
f 1067/1067 1065/1065 1062/1062
f 1067/1067 1062/1062 1063/1063
f 1063/1063 1058/1058 1068/1068
f 1058/1058 1059/1059 1068/1068
f 1069/1069 959/959 1066/1066
f 1069/1069 951/951 959/959
f 1070/1070 1066/1066 1065/1065
f 1069/1069 1066/1066 1070/1070
f 1067/1067 1070/1070 1065/1065
f 951/951 1069/1069 1071/1071
f 1069/1069 1070/1070 1071/1071
f 951/951 1071/1071 948/948
f 1072/1072 1063/1063 1068/1068
f 1067/1067 1063/1063 1072/1072
f 1068/1068 1059/1059 1073/1073
f 1072/1072 1068/1068 1073/1073
f 1067/1067 1074/1074 1070/1070
f 1074/1074 1071/1071 1070/1070
f 1067/1067 1072/1072 1075/1075
f 1073/1073 1075/1075 1072/1072
f 1074/1074 1067/1067 1075/1075
f 948/948 1071/1071 1076/1076
f 1074/1074 1076/1076 1071/1071
f 1059/1059 1077/1077 1073/1073
f 1024/1024 1077/1077 1059/1059
f 1024/1024 1078/1078 1077/1077
f 1073/1073 1079/1079 1075/1075
f 1079/1079 1074/1074 1075/1075
f 1079/1079 1073/1073 1077/1077
f 1078/1078 1080/1080 1077/1077
f 1079/1079 1077/1077 1080/1080
f 1081/1081 1074/1074 1079/1079
f 1081/1081 1079/1079 1080/1080
f 1081/1081 1076/1076 1074/1074
f 1078/1078 1082/1082 1080/1080
f 1081/1081 1080/1080 1082/1082
f 1078/1078 1083/1083 1082/1082
f 1084/1084 1081/1081 1082/1082
f 1081/1081 1084/1084 1076/1076
f 1083/1083 1085/1085 1082/1082
f 1084/1084 1082/1082 1085/1085
f 1083/1083 1086/1086 1085/1085
f 1076/1076 1084/1084 1087/1087
f 1087/1087 1084/1084 1085/1085
f 1086/1086 1088/1088 1085/1085
f 1087/1087 1085/1085 1088/1088
f 1089/1089 1076/1076 1087/1087
f 948/948 1076/1076 1089/1089
f 1089/1089 944/944 948/948
f 1089/1089 1090/1090 944/944
f 1087/1087 1090/1090 1089/1089
f 1090/1090 947/947 944/944
f 1087/1087 1091/1091 1090/1090
f 1091/1091 1087/1087 1088/1088
f 1091/1091 947/947 1090/1090
f 1086/1086 1092/1092 1088/1088
f 1091/1091 1088/1088 1092/1092
f 1091/1091 1093/1093 947/947
f 1093/1093 1091/1091 1092/1092
f 1093/1093 929/929 947/947
f 1094/1094 1092/1092 1086/1086
f 1093/1093 1092/1092 1094/1094
f 1094/1094 1086/1086 1095/1095
f 1096/1096 1094/1094 1095/1095
f 1096/1096 1093/1093 1094/1094
f 1095/1095 1097/1097 1096/1096
f 1093/1093 1098/1098 929/929
f 1098/1098 1093/1093 1096/1096
f 1098/1098 932/932 929/929
f 1097/1097 1099/1099 1096/1096
f 1099/1099 1098/1098 1096/1096
f 1098/1098 1100/1100 932/932
f 1100/1100 1098/1098 1099/1099
f 932/932 1100/1100 1101/1101
f 1101/1101 1100/1100 1102/1102
f 1102/1102 1100/1100 1103/1103
f 1100/1100 1099/1099 1103/1103
f 1104/1104 1102/1102 1103/1103
f 1099/1099 1097/1097 1105/1105
f 1105/1105 1103/1103 1099/1099
f 1097/1097 1106/1106 1105/1105
f 1104/1104 1103/1103 1107/1107
f 1105/1105 1107/1107 1103/1103
f 1108/1108 1104/1104 1107/1107
f 1105/1105 1109/1109 1107/1107
f 1106/1106 1109/1109 1105/1105
f 1108/1108 1107/1107 1110/1110
f 1109/1109 1110/1110 1107/1107
f 1108/1108 1110/1110 1111/1111
f 1106/1106 1112/1112 1109/1109
f 1109/1109 1112/1112 1110/1110
f 1111/1111 1110/1110 1113/1113
f 1112/1112 1113/1113 1110/1110
f 1111/1111 1113/1113 1114/1114
f 1112/1112 1114/1114 1113/1113
f 1111/1111 1114/1114 1115/1115
f 1106/1106 1116/1116 1112/1112
f 1112/1112 1116/1116 1114/1114
f 1106/1106 1117/1117 1116/1116
f 1115/1115 1114/1114 1118/1118
f 1116/1116 1118/1118 1114/1114
f 1115/1115 1118/1118 1119/1119
f 1116/1116 1119/1119 1118/1118
f 1120/1120 1115/1115 1119/1119
f 1117/1117 1121/1121 1116/1116
f 1121/1121 1119/1119 1116/1116
f 1117/1117 1122/1122 1121/1121
f 1121/1121 1122/1122 1119/1119
f 1117/1117 1123/1123 1122/1122
f 1120/1120 1119/1119 1124/1124
f 1122/1122 1124/1124 1119/1119
f 1125/1125 1120/1120 1124/1124
f 1122/1122 1126/1126 1124/1124
f 1125/1125 1124/1124 1126/1126
f 1127/1127 1126/1126 1122/1122
f 1123/1123 1127/1127 1122/1122
f 1125/1125 1126/1126 1128/1128
f 1127/1127 1128/1128 1126/1126
f 1129/1129 1125/1125 1128/1128
f 1123/1123 1130/1130 1127/1127
f 1127/1127 1130/1130 1128/1128
f 1123/1123 1131/1131 1130/1130
f 1130/1130 1131/1131 1128/1128
f 1123/1123 1132/1132 1131/1131
f 1132/1132 1133/1133 1131/1131
f 1129/1129 1128/1128 1134/1134
f 1131/1131 1134/1134 1128/1128
f 1131/1131 1133/1133 1134/1134
f 1135/1135 1129/1129 1134/1134
f 1133/1133 1136/1136 1134/1134
f 1135/1135 1134/1134 1136/1136
