v 0.0167126671 -0.0229677375 -0.0180381452
v 0.0182114853 -0.0229982643 -0.0164913334
v 0.0165441647 -0.0229713929 -0.0165412799
v 0.0147910139 -0.0227563609 -0.0168054656
v 0.014533819 -0.0226392209 -0.0184504286
v 0.0133484025 -0.0223159007 -0.0172424407
v 0.0131553422 -0.0222007063 -0.0189539714
v 0.0122555507 -0.021740828 -0.0177593596
v 0.0118597764 -0.0214697739 -0.0197238638
v 0.0115020292 -0.0211505137 -0.018269736
v 0.0109961049 -0.0205874302 -0.0205795208
v 0.0106725707 -0.0200864791 -0.0191239247
v 0.0104072106 -0.0195231672 -0.0215253138
v 0.0101950778 -0.0188830271 -0.0200953393
v 0.0100321189 -0.0180283829 -0.0227457305
v 0.0100075021 -0.0176779451 -0.0210796177
v 0.00999015666 -0.01466249 -0.0233126339
v 0.00999015675 -0.0157227891 -0.024373112
v 0.00999009681 -0.0125319193 -0.0261782174
v 0.00999009661 -0.0102115051 -0.0255502324
v 0.00999009649 -0.00886879774 -0.0276222127
v 0.00999027524 -0.00619861734 -0.0268161006
v 0.00999009619 -0.00547632793 -0.02849265
v 0.00999003626 -0.00239823898 -0.0273927086
v 0.00999015544 -0.000690253764 -0.0290429423
v 0.0182557129 -0.0229965894 0.0164929195
v 0.0166853677 -0.0229640122 0.0180391682
v 0.0171313897 -0.0229763478 0.01652387
v 0.0154408835 -0.0228174789 0.016705686
v 0.0138975991 -0.0224873484 0.0186190417
v 0.0135647676 -0.0223600396 0.0171839696
v 0.0124517105 -0.0218636709 0.0193311236
v 0.0121245398 -0.0216725941 0.0178219838
v 0.0112874524 -0.0209342169 0.0202570416
v 0.0108181255 -0.0203442678 0.0189449638
v 0.0105401293 -0.0198304076 0.0212542771
v 0.0103230489 -0.019287077 0.0198079608
v 0.0101068626 -0.0184565643 0.0223915122
v 0.0100252045 -0.0179433677 0.0208900441
v 0.00998932232 -0.0170686361 0.0234593273
v 0.00999015665 -0.0145542689 0.0233882907
v 0.00999021613 -0.0125086508 0.0262179674
v 0.00998985866 -0.00999403186 0.0256527535
v 0.00999009641 -0.00790877006 0.0279187312
v 0.00999009627 -0.0063896527 0.0267545751
v 0.00999009603 -0.00363533276 0.0287993345
v 0.00999003636 -0.00359030841 0.0272742531
v 0.00836843283 -0.00421275799 0.0282002002
v 0.00149011636 -0.00275506778 0.0283753034
v 0.0014901167 -0.00661566142 0.0277561165
v 0.00836873072 -0.00763778807 0.027475899
v 0.0014900574 -0.0108051796 0.0264372269
v 0.00835287661 -0.00999963449 0.0267248339
v 0.00833094202 -0.0126532446 0.0256406813
v 0.00149005767 -0.0139251539 0.025013127
v 0.00827503311 -0.0158502247 0.0239173634
v 0.00148993882 -0.0172536164 0.0229940255
v 0.00859868692 -0.0192508036 0.021429648
v 0.00149011783 -0.0195645406 0.0207396995
v 0.00995993802 -0.0214684251 0.0193019121
v 0.00149011801 -0.0215958308 0.0186303441
v 0.0125110766 -0.0229712186 0.0175330744
v 0.00149017773 -0.0232916455 0.0164611192
v 0.0155370252 -0.0236243491 0.0166608297
v 0.00149005863 -0.0248583964 0.0139952987
v 0.0182377719 -0.0237379105 0.0164923476
v 0.0182374141 -0.0250970812 0.0144046833
v 0.00149005872 -0.0259027931 0.0119873635
v 0.0182385464 -0.0270515897 0.0104193743
v 0.00149005885 -0.0273273121 0.00830582721
v 0.0182385465 -0.0283182292 0.00623362575
v 0.00149005893 -0.0282428168 0.00417517549
v 0.0182385465 -0.0288830123 0.00268232034
v 0.00149011861 -0.0284877575 0.00180182906
v 0.0182384272 -0.0290009497 -0.000589394813
v 0.00148993981 -0.0285365501 -0.00113774022
v 0.0182385465 -0.0287500223 -0.00380612073
v 0.00148767477 -0.0281883257 -0.00452331769
v 0.0182384271 -0.0279339509 -0.00783560899
v 0.00148153542 -0.0273254349 -0.00829476485
v 0.0182384866 -0.0264623914 -0.0117764546
v 0.00148099888 -0.0258448067 -0.0120834666
v 0.0182316325 -0.0246347203 -0.0151764893
v 0.00148481347 -0.0246856011 -0.0142914301
v 0.0182372349 -0.023781495 -0.0164300538
v 0.0144584794 -0.0234588182 -0.0168817947
v 0.00149035649 -0.0227773255 -0.0171715757
v 0.0117568988 -0.022673437 -0.0179014824
v 0.00148636281 -0.0207182237 -0.0196131499
v 0.00976216947 -0.0212580481 -0.0195240355
v 0.00876254006 -0.0196091372 -0.0211136256
v 0.00832861779 -0.0177681526 -0.0225950324
v 0.00149017721 -0.0173429244 -0.022924006
v 0.00828015905 -0.0161311204 -0.0237307555
v 0.00148660062 -0.0142507909 -0.024835713
v 0.00831341865 -0.0132451321 -0.0253582955
v 0.00148516993 -0.0115425426 -0.0261275389
v 0.00835186311 -0.0104092294 -0.0265835668
v 0.00149035526 -0.00872755177 -0.0271566794
v 0.00835829979 -0.00631632865 -0.0278229418
v 0.00149011661 -0.00565899014 -0.0279425702
v 0.00149005658 -0.00146863709 -0.0284957961
v 0.00836235287 -0.00230149544 -0.0284179026
v 0.00149011636 -0.00275506778 0.0283753034
v 0.00836843283 -0.00421275799 0.0282002002
v 0.00836706174 -0.000807709235 0.0285016809
v 0.00148993719 0.00135781788 0.0285022572
v 0.00836861125 0.00235736934 0.0284023408
v 0.00836753777 0.00550592595 0.0279675209
v 0.00148987715 0.00567361143 0.0279295607
v 0.00836759716 0.00860438741 0.0271785975
v 0.00148987687 0.00895369898 0.0270570075
v 0.0083621726 0.0124448015 0.0256819563
v 0.00148981702 0.0121067963 0.0258007
v 0.00148981676 0.0150881796 0.0241784539
v 0.00841224034 0.0158854098 0.0236712905
v 0.00148981652 0.0178555639 0.0222132818
v 0.00886505643 0.0184856232 0.0217070701
v 0.0014898163 0.0203697012 0.0199330505
v 0.0101203299 0.0206196529 0.0196701745
v 0.00149196187 0.0225959507 0.017368859
v 0.0114512422 0.0217360382 0.0184290373
v 0.0133907766 0.0226471134 0.0172957865
v 0.00148987551 0.024499689 0.0145607948
v 0.0161553 0.0231701837 0.016594991
v 0.0182317477 0.0232578228 0.016491102
v 0.0182180381 0.025587548 0.0126475861
v 0.00148987537 0.0260569622 0.0115449671
v 0.00148987527 0.0272446663 0.00836539257
v 0.0182179783 0.027151844 0.00871118682
v 0.0014898752 0.0280459529 0.00506717079
v 0.0182180379 0.0279692163 0.00554836697
v 0.00148987516 0.0284494572 0.00169707982
v 0.0182180379 0.0284047842 0.00246939671
v 0.0182180379 0.0284883559 -0.00148223007
v 0.00148981559 0.0284494572 -0.0016970811
v 0.00148981563 0.0280459529 -0.00506717224
v 0.0182179782 0.0280170863 -0.00530283178
v 0.00148987527 0.0272446663 -0.00836539402
v 0.018218038 0.0270678998 -0.00899703809
v 0.00148987537 0.0260569622 -0.0115449671
v 0.0182180978 0.0251429928 -0.0134980393
v 0.00148987551 0.0244996861 -0.0145607963
v 0.0182180383 0.0232431457 -0.0164926532
v 0.0158898207 0.0231409809 -0.0166364349
v 0.0133348085 0.0226342262 -0.017325925
v 0.00148987567 0.0225949263 -0.0173701061
v 0.011610208 0.0218380806 -0.0183143886
v 0.0102699978 0.0208013263 -0.0194906097
v 0.00148987587 0.0203696983 -0.0199330505
v 0.00923549937 0.0192906948 -0.0209847291
v 0.00861668442 0.0175685702 -0.0224597083
v 0.00148981652 0.0178555625 -0.0222132818
v 0.00148987633 0.0150881811 -0.0241784597
v 0.00837522615 0.0152359127 -0.0241015252
v 0.00836932557 0.0127334868 -0.0255108811
v 0.00148987659 0.0121067978 -0.0258007058
v 0.00836896788 0.00934638156 -0.0269583281
v 0.00148987687 0.00895370044 -0.0270570134
v 0.00836688225 0.0049824339 -0.0280924141
v 0.00148993682 0.00567361216 -0.0279295666
v 0.00148987745 0.00231305398 -0.0284059875
v 0.00836318716 0.000774486583 -0.0284987444
v 0.00149005658 -0.00146863709 -0.0284957961
v 0.00836235287 -0.00230149544 -0.0284179026
v 0.00836843283 -0.00421275799 0.0282002002
v 0.00936788324 -0.00566792614 0.0269392011
v 0.00938278402 -0.00133864423 0.027484764
v 0.00836873072 -0.00763778807 0.027475899
v 0.00935071746 -0.0100992845 0.025608408
v 0.00835287661 -0.00999963449 0.0267248339
v 0.00833094202 -0.0126532446 0.0256406813
v 0.00933498275 -0.0132502951 0.0241077505
v 0.00827503311 -0.0158502247 0.0239173634
v 0.00928914662 -0.0158183894 0.0225032549
v 0.00943815844 -0.0181991555 0.0207447549
v 0.00859868692 -0.0192508036 0.021429648
v 0.00999558133 -0.0197649794 0.0195864894
v 0.00995993802 -0.0214684251 0.0193019121
v 0.0106859221 -0.0207574403 0.0188152786
v 0.0115586536 -0.0215782934 0.0181272597
v 0.0121245398 -0.0216725941 0.0178219838
v 0.0125110766 -0.0229712186 0.0175330744
v 0.0135647676 -0.0223600396 0.0171839696
v 0.0155370252 -0.0236243491 0.0166608297
v 0.0154408835 -0.0228174789 0.016705686
v 0.0171313897 -0.0229763478 0.01652387
v 0.0182377719 -0.0237379105 0.0164923476
v 0.0182557129 -0.0229965894 0.0164929195
v 0.00836843283 -0.00421275799 0.0282002002
v 0.00938278402 -0.00133864423 0.027484764
v 0.00836706174 -0.000807709235 0.0285016809
v 0.00836861125 0.00235736934 0.0284023408
v 0.00937068444 0.00313897081 0.0273501617
v 0.00836753777 0.00550592595 0.0279675209
v 0.00936847874 0.00722084451 0.0265478477
v 0.00836759716 0.00860438741 0.0271785975
v 0.00936776325 0.0102358165 0.0255383202
v 0.0083621726 0.0124448015 0.0256819563
v 0.00934958324 0.0136994954 0.0238817855
v 0.00841224034 0.0158854098 0.0236712905
v 0.00955623252 0.0168698601 0.021678317
v 0.00886505643 0.0184856232 0.0217070701
v 0.00991821133 0.0178761673 0.0208312442
v 0.0101203299 0.0206196529 0.0196701745
v 0.0105720739 0.0189900306 0.0197850866
v 0.0119499547 0.0195712735 0.0185378769
v 0.0114512422 0.0217360382 0.0184290373
v 0.0130550249 0.020193771 0.0177136375
v 0.0133907766 0.0226471134 0.0172957865
v 0.0141725523 0.0205889371 0.0171467269
v 0.0154635283 0.0208630968 0.0167255261
v 0.0161553 0.0231701837 0.016594991
v 0.0167623741 0.0209798818 0.016538809
v 0.018239376 0.0210351225 0.0164926474
v 0.0182317477 0.0232578228 0.016491102
v 0.00898504238 -0.00185394887 0.0299737847
v 0.00999009568 0.000394568006 0.0290087803
v 0.00999009603 -0.00363533276 0.0287993345
v 0.00898951233 0.00281077834 0.0298830972
v 0.00998985739 0.00456290705 0.0286707829
v 0.00899004828 0.00605431529 0.0293907215
v 0.00899213479 0.008711662 0.0287150498
v 0.00998961841 0.00835193947 0.027781626
v 0.00899505511 0.0116316253 0.0276612118
v 0.00998973739 0.0122676641 0.0263076072
v 0.00898468366 0.0150563378 0.0259637542
v 0.00999992924 0.0158829099 0.0242678187
v 0.00919103466 0.0179372459 0.0240584312
v 0.0103347883 0.0176297815 0.0228237463
v 0.00999051156 0.0204771067 0.0219507958
v 0.0111759289 0.018900091 0.0213644424
v 0.0111215096 0.0219209959 0.0204840675
v 0.0125226955 0.0199533093 0.0198733818
v 0.0126073932 0.0229723763 0.0193057058
v 0.0142506335 0.0206189112 0.0187352722
v 0.0149833542 0.0237508064 0.0183294585
v 0.0156435355 0.020886959 0.0182290896
v 0.0170914511 0.020991471 0.0180060102
v 0.017620621 0.0240006369 0.0179992334
v 0.0379828194 0.0209970593 0.0179926064
v 0.0337582788 0.0240410751 0.0179890223
v 0.039645131 0.0240146726 0.0179343348
v 0.0406018469 0.0210002653 0.0178042348
v 0.0426563588 0.0240121409 0.0173919063
v 0.0432933546 0.0210000371 0.0171933149
v 0.0457338648 0.0240309844 0.0162395852
v 0.0457175349 0.0210000373 0.0162487442
v 0.0481256207 0.0210000375 0.0148662657
v 0.0476716735 0.0239992454 0.0151864268
v 0.0499197785 0.0240394889 0.0134539077
v 0.0502281746 0.0210000377 0.0131895649
v 0.052035627 0.0240124517 0.0112451999
v 0.0520572048 0.0210000393 0.0112182795
v 0.0536347602 0.0240041659 0.00890442534
v 0.0535721174 0.0210000394 0.00899633742
v 0.0547389365 0.0210000352 0.00657347555
v 0.0546601405 0.0240111378 0.00680422818
v 0.0555227955 0.0240241735 0.00402369442
v 0.0555316201 0.0210000382 0.00400376375
v 0.0559213143 0.0240414758 0.00141427781
v 0.0559323973 0.0210000382 0.0013445966
v 0.0559318033 0.0240447063 -0.00126777832
v 0.0559323973 0.0210000382 -0.00134461898
v 0.055542167 0.0240360275 -0.00393394184
v 0.055531556 0.0210000382 -0.00400374483
v 0.0546802862 0.0240151585 -0.00675479823
v 0.0547389365 0.0210000352 -0.00657347773
v 0.0536217682 0.0240394034 -0.00891709278
v 0.0535721756 0.021000038 -0.00899636943
v 0.0520268667 0.0240146403 -0.0112552829
v 0.052057263 0.0210000379 -0.0112182759
v 0.0502281164 0.0210000348 -0.0131895766
v 0.0501026495 0.0240238369 -0.013299835
v 0.0481256207 0.0210000346 -0.0148662686
v 0.0477164352 0.0240061634 -0.0151582746
v 0.0457175349 0.0210000373 -0.0162487442
v 0.0457652183 0.0240391626 -0.0162243188
v 0.043198284 0.0210000342 -0.0172223721
v 0.0429761371 0.0240042145 -0.0172991859
v 0.0398567888 0.0210001765 -0.0179240611
v 0.0406051849 0.0240044995 -0.0178142669
v 0.0385133005 0.0240182887 -0.0179890136
v 0.0165158486 0.0209787773 -0.018035261
v 0.0172811729 0.0239919304 -0.0180108764
v 0.0149183842 0.0237280661 -0.0183583892
v 0.0145565249 0.020696534 -0.0185979618
v 0.0131480667 0.0232063347 -0.0190192863
v 0.0129084565 0.0201333486 -0.019571009
v 0.0115123965 0.0222718746 -0.0201044619
v 0.0115294436 0.0192382194 -0.0209164049
v 0.010012565 0.020526298 -0.0219066977
v 0.0107799153 0.0184077066 -0.0219755762
v 0.0102969388 0.0174810915 -0.0229526544
v 0.00918775611 0.017914542 -0.0240748152
v 0.0100327714 0.0162182603 -0.0240137975
v 0.00898021328 0.0153358539 -0.0258037617
v 0.00998598214 0.0137234566 -0.0255709019
v 0.0089867103 0.01171154 -0.02763386
v 0.00998955863 0.00968389082 -0.0273710175
v 0.00899070438 0.00824879468 -0.0288602023
v 0.00998967838 0.00476915389 -0.028637232
v 0.00898843966 0.00501181172 -0.0295890204
v 0.00898903581 0.00216092364 -0.0299297419
v 0.00999015544 -0.000690253764 -0.0290429423
v 0.00899028754 -0.000930559814 -0.0300006883
v 0.00898504238 -0.00185394887 0.0299737847
v 0.00999009603 -0.00363533276 0.0287993345
v 0.00899678465 -0.0056016935 0.0294768019
v 0.00999009641 -0.00790877006 0.0279187312
v 0.00899785824 -0.00996463271 0.0283569883
v 0.00999021613 -0.0125086508 0.0262179674
v 0.00899106356 -0.0138352544 0.0267324562
v 0.00898814323 -0.0165378813 0.0252542202
v 0.00998932232 -0.0170686361 0.0234593273
v 0.00913912176 -0.0191695282 0.0234266787
v 0.0101068626 -0.0184565643 0.0223915122
v 0.00974190372 -0.021022585 0.0218539237
v 0.0105401293 -0.0198304076 0.0212542771
v 0.0112874524 -0.0209342169 0.0202570416
v 0.0108943006 -0.0225710877 0.0203146963
v 0.0124517105 -0.0218636709 0.0193311236
v 0.0129913103 -0.0237900447 0.0189033104
v 0.0138975991 -0.0224873484 0.0186190417
v 0.0146560683 -0.0242195763 0.0183611046
v 0.0166853677 -0.0229640122 0.0180391682
v 0.0166885271 -0.0244699579 0.0180349554
v 0.038504722 -0.0245004539 0.017989421
v 0.0388153209 -0.022996576 0.0179805691
v 0.0407631414 -0.0244992226 0.0177917362
v 0.0415871755 -0.0229965946 0.0176294503
v 0.0425423983 -0.0245089867 0.0174122819
v 0.0440942668 -0.0229965944 0.016925612
v 0.0449717066 -0.0245059685 0.0166003345
v 0.0464735631 -0.0229965928 0.0158672483
v 0.0474300402 -0.0245023245 0.0153321365
v 0.0486750612 -0.022996594 0.0144765378
v 0.049354435 -0.024502592 0.0139629206
v 0.0509707337 -0.0244989918 0.0124821527
v 0.0506528033 -0.0229965924 0.0127825871
v 0.0524421942 -0.0245017274 0.0107296946
v 0.0523653658 -0.0229965937 0.0108208878
v 0.0536572966 -0.0244982814 0.00888080103
v 0.0537768026 -0.0229965921 0.0086325439
v 0.0547669558 -0.0245026789 0.00651528317
v 0.0548576141 -0.022996592 0.00626336914
v 0.0554819089 -0.0244995065 0.00425862781
v 0.0555850294 -0.022996592 0.00376301359
v 0.0559779429 -0.0244881792 0.00116839574
v 0.0559754399 -0.0229965643 0.000826015912
v 0.055943967 -0.0229965934 -0.00118383377
v 0.0558942578 -0.0245025711 -0.00188902741
v 0.0554629565 -0.0244983278 -0.00439552532
v 0.0555850294 -0.022996592 -0.00376299831
v 0.0548576141 -0.022996592 -0.00626336114
v 0.0545901675 -0.0245224288 -0.00696622446
v 0.0537768026 -0.0229965921 -0.00863256864
v 0.0534957063 -0.0245271582 -0.00914932025
v 0.0522137874 -0.0245269022 -0.0110427085
v 0.0523653658 -0.0229965937 -0.0108208988
v 0.0500570538 -0.0245301882 -0.0134016154
v 0.0506528615 -0.0229965938 -0.0127825871
v 0.0486751194 -0.022996594 -0.0144765349
v 0.0470014834 -0.024529976 -0.0155972681
v 0.0464735049 -0.0229965928 -0.0158672556
v 0.0444037919 -0.0245235443 -0.0168227009
v 0.0440942668 -0.0229965944 -0.0169256193
v 0.0424266465 -0.0245001596 -0.0174591711
v 0.0415871755 -0.0229965946 -0.0176294532
v 0.0393098591 -0.0245038473 -0.017971854
v 0.0387709753 -0.0229965891 -0.01798468
v 0.0165544763 -0.0244715615 -0.0180323739
v 0.0167126671 -0.0229677375 -0.0180381452
v 0.0140385054 -0.0240935364 -0.0185227123
v 0.014533819 -0.0226392209 -0.0184504286
v 0.012737455 -0.0236757758 -0.0190434803
v 0.0131553422 -0.0222007063 -0.0189539714
v 0.0118597764 -0.0214697739 -0.0197238638
v 0.011380555 -0.0229270202 -0.0199141548
v 0.0104306358 -0.0220586144 -0.0208462458
v 0.0109961049 -0.0205874302 -0.0205795208
v 0.00956726252 -0.0206784933 -0.0221733237
v 0.0104072106 -0.0195231672 -0.0215253138
v 0.0100321189 -0.0180283829 -0.0227457305
v 0.00903672132 -0.0183631003 -0.0240234687
v 0.00898546128 -0.0161908763 -0.0254599057
v 0.00999015675 -0.0157227891 -0.024373112
v 0.00999009681 -0.0125319193 -0.0261782174
v 0.00899076584 -0.0123240424 -0.0274508726
v 0.00999009649 -0.00886879774 -0.0276222127
v 0.00899231452 -0.00806309175 -0.0289168151
v 0.00999009619 -0.00547632793 -0.02849265
v 0.00898879774 -0.00451991321 -0.0296698272
v 0.00999015544 -0.000690253764 -0.0290429423
v 0.00899028754 -0.000930559814 -0.0300006883
v 0.00999021496 0.000884750043 0.027531886
v 0.00938278402 -0.00133864423 0.027484764
v 0.00999003636 -0.00359030841 0.0272742531
v 0.00937068444 0.00313897081 0.0273501617
v 0.00998937992 0.00649944501 0.026756103
v 0.00936847874 0.00722084451 0.0265478477
v 0.00936776325 0.0102358165 0.0255383202
v 0.00998985688 0.0104035631 0.0254562096
v 0.00934958324 0.0136994954 0.0238817855
v 0.00998711426 0.0140117446 0.0236745153
v 0.0100247846 0.0161141253 0.0222675939
v 0.00955623252 0.0168698601 0.021678317
v 0.0102698191 0.0174303883 0.0211165054
v 0.00991821133 0.0178761673 0.0208312442
v 0.010655997 0.0182236612 0.0202326715
v 0.0105720739 0.0189900306 0.0197850866
v 0.0111994128 0.0189412191 0.0193670887
v 0.0119499547 0.0195712735 0.0185378769
v 0.00999003636 -0.00359030841 0.0272742531
v 0.00938278402 -0.00133864423 0.027484764
v 0.00936788324 -0.00566792614 0.0269392011
v 0.00999009627 -0.0063896527 0.0267545751
v 0.00998985866 -0.00999403186 0.0256527535
v 0.00935071746 -0.0100992845 0.025608408
v 0.00999015665 -0.0145542689 0.0233882907
v 0.00933498275 -0.0132502951 0.0241077505
v 0.00928914662 -0.0158183894 0.0225032549
v 0.0100252045 -0.0179433677 0.0208900441
v 0.00943815844 -0.0181991555 0.0207447549
v 0.0103230489 -0.019287077 0.0198079608
v 0.00999558133 -0.0197649794 0.0195864894
v 0.0108181255 -0.0203442678 0.0189449638
v 0.0106859221 -0.0207574403 0.0188152786
v 0.0121245398 -0.0216725941 0.0178219838
v 0.00999009603 -0.00363533276 0.0287993345
v 0.00999021496 0.000884750043 0.027531886
v 0.00999003636 -0.00359030841 0.0272742531
v 0.00999009568 0.000394568006 0.0290087803
v 0.00998985739 0.00456290705 0.0286707829
v 0.00998937992 0.00649944501 0.026756103
v 0.00998961841 0.00835193947 0.027781626
v 0.00998985688 0.0104035631 0.0254562096
v 0.00998973739 0.0122676641 0.0263076072
v 0.00998711426 0.0140117446 0.0236745153
v 0.00999992924 0.0158829099 0.0242678187
v 0.0100247846 0.0161141253 0.0222675939
v 0.0103347883 0.0176297815 0.0228237463
v 0.0102698191 0.0174303883 0.0211165054
v 0.010655997 0.0182236612 0.0202326715
v 0.0111759289 0.018900091 0.0213644424
v 0.0111994128 0.0189412191 0.0193670887
v 0.0125226955 0.0199533093 0.0198733818
v 0.0119499547 0.0195712735 0.0185378769
v 0.0130550249 0.020193771 0.0177136375
v 0.0142506335 0.0206189112 0.0187352722
v 0.0141725523 0.0205889371 0.0171467269
v 0.0154635283 0.0208630968 0.0167255261
v 0.0156435355 0.020886959 0.0182290896
v 0.0167623741 0.0209798818 0.016538809
v 0.0170914511 0.020991471 0.0180060102
v 0.018239376 0.0210351225 0.0164926474
v 0.0182114853 -0.0229982643 -0.0164913334
v 0.0167126671 -0.0229677375 -0.0180381452
v 0.0387709753 -0.0229965891 -0.01798468
v 0.0182557129 -0.0229965894 0.0164929195
v 0.0388153209 -0.022996576 0.0179805691
v 0.0166853677 -0.0229640122 0.0180391682
v 0.0415871755 -0.0229965946 -0.0176294532
v 0.0415871755 -0.0229965946 0.0176294503
v 0.0440942668 -0.0229965944 0.016925612
v 0.0440942668 -0.0229965944 -0.0169256193
v 0.0464735049 -0.0229965928 -0.0158672556
v 0.0464735631 -0.0229965928 0.0158672483
v 0.0486750612 -0.022996594 0.0144765378
v 0.0506528615 -0.0229965938 -0.0127825871
v 0.0486751194 -0.022996594 -0.0144765349
v 0.0523653658 -0.0229965937 -0.0108208988
v 0.0523653658 -0.0229965937 0.0108208878
v 0.0506528033 -0.0229965924 0.0127825871
v 0.0537768026 -0.0229965921 -0.00863256864
v 0.0548576141 -0.022996592 0.00626336914
v 0.0537768026 -0.0229965921 0.0086325439
v 0.0548576141 -0.022996592 -0.00626336114
v 0.0555850294 -0.022996592 -0.00376299831
v 0.0559754399 -0.0229965643 0.000826015912
v 0.0555850294 -0.022996592 0.00376301359
v 0.055943967 -0.0229965934 -0.00118383377
v 0.00998991664 0.0009880379 -0.0275038648
v 0.00999015544 -0.000690253764 -0.0290429423
v 0.00999003626 -0.00239823898 -0.0273927086
v 0.00998967838 0.00476915389 -0.028637232
v 0.00998985736 0.00491769257 -0.0270567689
v 0.00998991605 0.00770231651 -0.0263993745
v 0.00998955863 0.00968389082 -0.0273710175
v 0.00998949881 0.0114545664 -0.0250342884
v 0.00998598214 0.0137234566 -0.0255709019
v 0.00998878323 0.015514617 -0.0227207885
v 0.0100327714 0.0162182603 -0.0240137975
v 0.0101438148 0.0169242072 -0.0215901586
v 0.0102969388 0.0174810915 -0.0229526544
v 0.0105268343 0.0180172932 -0.0204775904
v 0.0107799153 0.0184077066 -0.0219755762
v 0.0114032604 0.0191691996 -0.0191028841
v 0.0115294436 0.0192382194 -0.0209164049
v 0.0129084565 0.0201333486 -0.019571009
v 0.0129158475 0.0201226514 -0.0178020666
v 0.0139802676 0.0205391579 -0.0172263914
v 0.0145565249 0.020696534 -0.0185979618
v 0.0153736455 0.0208475189 -0.0167473219
v 0.0165158486 0.0209787773 -0.018035261
v 0.016794023 0.0209827806 -0.0165341859
v 0.0182409258 0.0210000291 -0.0164926474
v 0.00936812161 -0.00251392094 -0.027398378
v 0.00999003626 -0.00239823898 -0.0273927086
v 0.00936400951 -0.00555374199 -0.0269441982
v 0.00999027524 -0.00619861734 -0.0268161006
v 0.00936967201 -0.00956620706 -0.0258067128
v 0.00999009661 -0.0102115051 -0.0255502324
v 0.00932687588 -0.0133210043 -0.0240732072
v 0.00999015666 -0.01466249 -0.0233126339
v 0.00929236551 -0.015888828 -0.0224500356
v 0.0100075021 -0.0176779451 -0.0210796177
v 0.00938940149 -0.0178378606 -0.0210051512
v 0.00972604925 -0.0191514998 -0.0200341732
v 0.0101950778 -0.0188830271 -0.0200953393
v 0.0106725707 -0.0200864791 -0.0191239247
v 0.0102763788 -0.0202194109 -0.0192420906
v 0.0110038538 -0.0211112133 -0.0185214987
v 0.0115020292 -0.0211505137 -0.018269736
v 0.0122555507 -0.021740828 -0.0177593596
v 0.00936812161 -0.00251392094 -0.027398378
v 0.00998991664 0.0009880379 -0.0275038648
v 0.00999003626 -0.00239823898 -0.0273927086
v 0.00936919457 0.00028322661 -0.0275036204
v 0.00937676352 0.00284632761 -0.0273577025
v 0.00998985736 0.00491769257 -0.0270567689
v 0.00936841914 0.00641664456 -0.0267569907
v 0.00998991605 0.00770231651 -0.0263993745
v 0.00936990902 0.00916707659 -0.0259313587
v 0.00998949881 0.0114545664 -0.0250342884
v 0.00936710678 0.0121861217 -0.0246819021
v 0.00998878323 0.015514617 -0.0227207885
v 0.00936651065 0.0148339831 -0.0231578873
v 0.00952112532 0.0166883759 -0.0218199508
v 0.0101438148 0.0169242072 -0.0215901586
v 0.00988066012 0.0178212731 -0.020888781
v 0.0105268343 0.0180172932 -0.0204775904
v 0.0102776268 0.0185989536 -0.0201884832
v 0.0114032604 0.0191691996 -0.0191028841
v 0.0114804487 0.0198539531 -0.0187925674
v 0.0129158475 0.0201226514 -0.0178020666
v 0.00836235287 -0.00230149544 -0.0284179026
v 0.00936919457 0.00028322661 -0.0275036204
v 0.00936812161 -0.00251392094 -0.027398378
v 0.00836318716 0.000774486583 -0.0284987444
v 0.00937676352 0.00284632761 -0.0273577025
v 0.00836688225 0.0049824339 -0.0280924141
v 0.00936841914 0.00641664456 -0.0267569907
v 0.00836896788 0.00934638156 -0.0269583281
v 0.00936990902 0.00916707659 -0.0259313587
v 0.00936710678 0.0121861217 -0.0246819021
v 0.00836932557 0.0127334868 -0.0255108811
v 0.00936651065 0.0148339831 -0.0231578873
v 0.00837522615 0.0152359127 -0.0241015252
v 0.00952112532 0.0166883759 -0.0218199508
v 0.00861668442 0.0175685702 -0.0224597083
v 0.00988066012 0.0178212731 -0.020888781
v 0.00923549937 0.0192906948 -0.0209847291
v 0.0102776268 0.0185989536 -0.0201884832
v 0.0102699978 0.0208013263 -0.0194906097
v 0.0114804487 0.0198539531 -0.0187925674
v 0.011610208 0.0218380806 -0.0183143886
v 0.0129158475 0.0201226514 -0.0178020666
v 0.0133348085 0.0226342262 -0.017325925
v 0.0139802676 0.0205391579 -0.0172263914
v 0.0153736455 0.0208475189 -0.0167473219
v 0.0158898207 0.0231409809 -0.0166364349
v 0.016794023 0.0209827806 -0.0165341859
v 0.0182180383 0.0232431457 -0.0164926532
v 0.0182409258 0.0210000291 -0.0164926474
v 0.00836235287 -0.00230149544 -0.0284179026
v 0.00936812161 -0.00251392094 -0.027398378
v 0.00835829979 -0.00631632865 -0.0278229418
v 0.00936400951 -0.00555374199 -0.0269441982
v 0.00936967201 -0.00956620706 -0.0258067128
v 0.00835186311 -0.0104092294 -0.0265835668
v 0.00831341865 -0.0132451321 -0.0253582955
v 0.00932687588 -0.0133210043 -0.0240732072
v 0.00828015905 -0.0161311204 -0.0237307555
v 0.00929236551 -0.015888828 -0.0224500356
v 0.00832861779 -0.0177681526 -0.0225950324
v 0.00938940149 -0.0178378606 -0.0210051512
v 0.00876254006 -0.0196091372 -0.0211136256
v 0.00972604925 -0.0191514998 -0.0200341732
v 0.00976216947 -0.0212580481 -0.0195240355
v 0.0102763788 -0.0202194109 -0.0192420906
v 0.0110038538 -0.0211112133 -0.0185214987
v 0.0117568988 -0.022673437 -0.0179014824
v 0.0122555507 -0.021740828 -0.0177593596
v 0.0133484025 -0.0223159007 -0.0172424407
v 0.0144584794 -0.0234588182 -0.0168817947
v 0.0147910139 -0.0227563609 -0.0168054656
v 0.0165441647 -0.0229713929 -0.0165412799
v 0.0182372349 -0.023781495 -0.0164300538
v 0.0182114853 -0.0229982643 -0.0164913334
v -1.04332375e-05 0.0277350366 0.00858500789
v -1.03138292e-05 0.0254567887 0.013989197
v -1.03135166e-05 0.0218811736 0.0191198094
v -1.00757144e-05 0.0289378659 0.00269921766
v -1.03737298e-05 0.0288429146 -0.00332390409
v -1.0373634e-05 0.0277472573 -0.00854986356
v -1.02542357e-05 0.0255923311 -0.0137405135
v -1.03136027e-05 0.0228659483 -0.0178601214
v -9.77688639e-06 0.0197286354 -0.0212997082
v -1.04321494e-05 0.0152886278 -0.0246949407
v -1.01933697e-05 0.0111628091 -0.0267755764
v -1.0193044e-05 0.00743788551 -0.0280563603
v -1.01330954e-05 0.00350230657 -0.0287947449
v -1.01327176e-05 -0.00081895405 -0.0290244352
v -1.02513981e-05 -0.00686577332 -0.0282350113
v -1.01316997e-05 -0.0124626051 -0.0262203539
v -9.95243625e-06 -0.0176061105 -0.0231256199
v -1.00712342e-05 -0.022310231 -0.0185939716
v -9.95177237e-06 -0.0252000289 -0.0143881392
v -9.8919991e-06 -0.027129511 -0.0103375496
v -1.01302788e-05 -0.0287156348 -0.00448584869
v -9.95144127e-06 -0.0289872667 0.00156409587
v -9.89188386e-06 -0.028447673 0.00571654346
v -1.0130419e-05 -0.0271114695 0.0103981234
v -9.95177448e-06 -0.0251758698 0.0144304897
v -1.00712228e-05 -0.022440913 0.0184238947
v -9.95240468e-06 -0.0179672454 0.0228486126
v -1.0072068e-05 -0.0127728752 0.0260688772
v -1.01917576e-05 -0.00727687075 0.02812967
v -1.00730895e-05 -0.00108731301 0.0290231692
v -1.00139617e-05 0.00436571281 0.0287005212
v -1.03720461e-05 0.00958441451 0.02742004
v -1.01936035e-05 0.0138381016 0.0254982209
v -1.01939201e-05 0.0174597051 0.0232014427
v 0.00148987551 0.024499689 0.0145607948
v 0.00148987537 0.0260569622 0.0115449671
v 0.00149196187 0.0225959507 0.017368859
v 0.00148987527 0.0272446663 0.00836539257
v 0.0014898752 0.0280459529 0.00506717079
v 0.00148987516 0.0284494572 0.00169707982
v 0.00148981559 0.0284494572 -0.0016970811
v 0.00148981563 0.0280459529 -0.00506717224
v 0.00148987527 0.0272446663 -0.00836539402
v 0.00148987537 0.0260569622 -0.0115449671
v 0.00148987551 0.0244996861 -0.0145607963
v 0.00148987567 0.0225949263 -0.0173701061
v 0.00148987587 0.0203696983 -0.0199330505
v 0.00148981652 0.0178555625 -0.0222132818
v 0.00148987633 0.0150881811 -0.0241784597
v 0.00148987659 0.0121067978 -0.0258007058
v 0.00148987687 0.00895370044 -0.0270570134
v 0.00148993682 0.00567361216 -0.0279295666
v 0.00148987745 0.00231305398 -0.0284059875
v 0.00149005658 -0.00146863709 -0.0284957961
v 0.00149011661 -0.00565899014 -0.0279425702
v 0.00149035526 -0.00872755177 -0.0271566794
v 0.00148516993 -0.0115425426 -0.0261275389
v 0.00148660062 -0.0142507909 -0.024835713
v 0.00149017721 -0.0173429244 -0.022924006
v 0.00148636281 -0.0207182237 -0.0196131499
v 0.00149035649 -0.0227773255 -0.0171715757
v 0.00148481347 -0.0246856011 -0.0142914301
v 0.00148099888 -0.0258448067 -0.0120834666
v 0.00148153542 -0.0273254349 -0.00829476485
v 0.00148767477 -0.0281883257 -0.00452331769
v 0.00148993981 -0.0285365501 -0.00113774022
v 0.00149011861 -0.0284877575 0.00180182906
v 0.00149005893 -0.0282428168 0.00417517549
v 0.00149005885 -0.0273273121 0.00830582721
v 0.00149005872 -0.0259027931 0.0119873635
v 0.00149005863 -0.0248583964 0.0139952987
v 0.00149017773 -0.0232916455 0.0164611192
v 0.00149011801 -0.0215958308 0.0186303441
v 0.00149011783 -0.0195645406 0.0207396995
v 0.00148993882 -0.0172536164 0.0229940255
v 0.00149005767 -0.0139251539 0.025013127
v 0.0014900574 -0.0108051796 0.0264372269
v 0.0014901167 -0.00661566142 0.0277561165
v 0.00149011636 -0.00275506778 0.0283753034
v 0.00148993719 0.00135781788 0.0285022572
v 0.00148987715 0.00567361143 0.0279295607
v 0.00148987687 0.00895369898 0.0270570075
v 0.00148981702 0.0121067963 0.0258007
v 0.00148981676 0.0150881796 0.0241784539
v 0.00148981652 0.0178555639 0.0222132818
v 0.0014898163 0.0203697012 0.0199330505
v 0.0379828194 0.0209970593 0.0179926064
v 0.018239376 0.0210351225 0.0164926474
v 0.0170914511 0.020991471 0.0180060102
v 0.0182409258 0.0210000291 -0.0164926474
v 0.0406018469 0.0210002653 0.0178042348
v 0.0398567888 0.0210001765 -0.0179240611
v 0.0165158486 0.0209787773 -0.018035261
v 0.043198284 0.0210000342 -0.0172223721
v 0.0432933546 0.0210000371 0.0171933149
v 0.0457175349 0.0210000373 -0.0162487442
v 0.0457175349 0.0210000373 0.0162487442
v 0.0481256207 0.0210000346 -0.0148662686
v 0.0481256207 0.0210000375 0.0148662657
v 0.0502281164 0.0210000348 -0.0131895766
v 0.0502281746 0.0210000377 0.0131895649
v 0.0520572048 0.0210000393 0.0112182795
v 0.052057263 0.0210000379 -0.0112182759
v 0.0535721174 0.0210000394 0.00899633742
v 0.0535721756 0.021000038 -0.00899636943
v 0.055531556 0.0210000382 -0.00400374483
v 0.0547389365 0.0210000352 -0.00657347773
v 0.0555316201 0.0210000382 0.00400376375
v 0.0547389365 0.0210000352 0.00657347555
v 0.0559323973 0.0210000382 -0.00134461898
v 0.0559323973 0.0210000382 0.0013445966
v 0.0182372349 -0.023781495 -0.0164300538
v 0.0182114853 -0.0229982643 -0.0164913334
v 0.0182316325 -0.0246347203 -0.0151764893
v 0.0182384866 -0.0264623914 -0.0117764546
v 0.0182384271 -0.0279339509 -0.00783560899
v 0.0182385465 -0.0287500223 -0.00380612073
v 0.0182384272 -0.0290009497 -0.000589394813
v 0.0182557129 -0.0229965894 0.0164929195
v 0.0182385465 -0.0288830123 0.00268232034
v 0.0182385465 -0.0283182292 0.00623362575
v 0.0182385464 -0.0270515897 0.0104193743
v 0.0182374141 -0.0250970812 0.0144046833
v 0.0182377719 -0.0237379105 0.0164923476
v 0.0182409258 0.0210000291 -0.0164926474
v 0.0182180383 0.0232431457 -0.0164926532
v 0.0182180978 0.0251429928 -0.0134980393
v 0.018218038 0.0270678998 -0.00899703809
v 0.0182179782 0.0280170863 -0.00530283178
v 0.0182180379 0.0284883559 -0.00148223007
v 0.018239376 0.0210351225 0.0164926474
v 0.0182180379 0.0284047842 0.00246939671
v 0.0182180379 0.0279692163 0.00554836697
v 0.0182179783 0.027151844 0.00871118682
v 0.0182180381 0.025587548 0.0126475861
v 0.0182317477 0.0232578228 0.016491102
v 0.0126073932 0.0229723763 0.0193057058
v 0.0111215096 0.0219209959 0.0204840675
v 0.00113791022 0.0227437297 0.0195401415
v 0.00999051156 0.0204771067 0.0219507958
v 0.00115823531 0.0240579641 0.0178857605
v 0.00118118303 0.0252385654 0.0162137425
v 0.0149833542 0.0237508064 0.0183294585
v 0.017620621 0.0240006369 0.0179992334
v 0.0337582788 0.0240410751 0.0179890223
v 0.0393084839 0.0259914994 0.0149437168
v 0.00114249945 0.0267672266 0.0135214825
v 0.000845907052 0.023514565 0.0183889875
v 0.0395903546 0.0250323681 0.0164576908
v 0.039645131 0.0240146726 0.0179343348
v 0.0427822444 0.0251499537 0.0156479437
v 0.0426563588 0.0240121409 0.0173919063
v 0.0457338648 0.0240309844 0.0162395852
v 0.04651415 0.0255239441 0.013303243
v 0.0476716735 0.0239992454 0.0151864268
v 0.0499197785 0.0240394889 0.0134539077
v 0.000756023079 0.0253189472 0.0156712777
v 0.0428297476 0.0264759126 0.0132918241
v 0.0498716814 0.0252528829 0.0110055073
v 0.052035627 0.0240124517 0.0112451999
v 0.0511991362 0.0255383014 0.00863498208
v 0.0536347602 0.0240041659 0.00890442534
v 0.0546601405 0.0240111378 0.00680422818
v 0.0468363729 0.0264862564 0.0110191089
v 0.0525290357 0.0254949746 0.00621513245
v 0.0555227955 0.0240241735 0.00402369442
v 0.0517221086 0.0264331889 0.00375249256
v 0.0559213143 0.0240414758 0.00141427781
v 0.049446224 0.0270433098 0.00622442458
v 0.0470950565 0.0272673276 0.00865230686
v 0.0430263846 0.0274975443 0.0109235065
v 0.0518168765 0.0266201083 0.00125397855
v 0.0559318033 0.0240447063 -0.00126777832
v 0.0474205565 0.0282550709 0.00375249801
v 0.0461794091 0.0281834957 0.00621513245
v 0.0518149673 0.0266210891 -0.00125342503
v 0.055542167 0.0240360275 -0.00393394184
v 0.0431122146 0.028248525 0.00874526013
v 0.0404378723 0.028749329 0.00818088447
v 0.0403278425 0.0274162164 0.011937676
v 0.042910752 0.0290001664 0.00601602369
v 0.0474848701 0.0284545165 0.00125395609
v 0.0517165614 0.0264361284 -0.00375194795
v 0.0546802862 0.0240151585 -0.00675479823
v 0.0377764669 0.0269409797 0.0131794528
v 0.0377036286 0.0281225137 0.010460164
v 0.0431631783 0.0293562634 0.00354606636
v 0.0474828445 0.0284551917 -0.00125342058
v 0.0515029394 0.0260899354 -0.00616302423
v 0.0536217682 0.0240394034 -0.00891709278
v 0.0403634858 0.0295865123 0.00425413782
v 0.0432211734 0.0295372718 0.00108554523
v 0.0474146572 0.028257111 -0.00375193595
v 0.0491923047 0.0264750225 -0.00865177426
v 0.0520268667 0.0240146403 -0.0112552829
v 0.0404212452 0.0298845995 0.000308898098
v 0.0432247474 0.02953694 -0.0010260922
v 0.0391226963 0.0298487231 -0.00271861118
v 0.047280605 0.0278617209 -0.00622387524
v 0.0429636191 0.0293624188 -0.00381653153
v 0.0488116121 0.0257643885 -0.0109612491
v 0.0501026495 0.0240238369 -0.013299835
v 0.0376637533 0.0299961747 0.000501871818
v 0.0458985543 0.0272430607 -0.00984057187
v 0.0464199147 0.0256103679 -0.0131881927
v 0.0477164352 0.0240061634 -0.0151582746
v 0.0457652183 0.0240391626 -0.0162243188
v 0.0431488126 0.0288727469 -0.00638269994
v 0.037707802 0.0296772869 0.00440160366
v 0.0403478105 0.0293409574 -0.00571473356
v 0.0375844193 0.0290753556 0.00735149952
v 0.0429056242 0.0263549541 -0.0134870963
v 0.0428215839 0.0274202795 -0.0112264956
v 0.0430842022 0.0283062176 -0.00857217747
v 0.040472145 0.0282979286 -0.00963066122
v 0.0427429659 0.0251194616 -0.0157168572
v 0.0429761371 0.0240042145 -0.0172991859
v 0.0394425362 0.0252779986 -0.0161279604
v 0.0406051849 0.0240044995 -0.0178142669
v 0.0385133005 0.0240182887 -0.0179890136
v 0.0172811729 0.0239919304 -0.0180108764
v 0.0011428572 0.0251421735 -0.0163440025
v 0.0149183842 0.0237280661 -0.0183583892
v 0.0131480667 0.0232063347 -0.0190192863
v 0.0402673444 0.0267588743 -0.0133576934
v 0.0377513125 0.0269673798 -0.0131588415
v 0.0377425521 0.0284514976 -0.00952352348
v 0.00127494099 0.0265588316 -0.013996959
v 0.00113731376 0.0280280307 -0.0106589476
v 0.037781295 0.0294469796 -0.00574138176
v 0.0011786798 0.0234340595 -0.0187313737
v 0.0115123965 0.0222718746 -0.0201044619
v 0.010012565 0.020526298 -0.0219066977
v 0.000881848367 0.0266976102 -0.0134179267
v 0.00121497852 0.0289960416 -0.00767931924
v 0.00120359394 0.0297796331 -0.00358486104
v 0.00113314133 0.0294426981 -0.00562403293
v 0.00080454094 0.0289372431 -0.00721935794
v 0.00121611094 0.030006384 0.000151760855
v 0.000876900909 0.0296924293 -0.00330966395
v 0.000727829881 0.02791101 -0.01029388
v 0.00113510827 0.0297610678 0.00366807726
v 0.00124150254 0.029296332 0.00645415421
v 0.0011127566 0.0288788259 0.00803727817
v 0.000777361217 0.0291591249 0.00612301301
v 0.000830945775 0.0297376537 0.00256574822
v 0.000857588958 0.0298497239 -0.000557156045
v -1.03737298e-05 0.0288429146 -0.00332390409
v -1.0373634e-05 0.0277472573 -0.00854986356
v -1.00757144e-05 0.0289378659 0.00269921766
v -1.02542357e-05 0.0255923311 -0.0137405135
v -1.04332375e-05 0.0277350366 0.00858500789
v 0.000752625626 0.0252063823 -0.0158403302
v -1.03136027e-05 0.0228659483 -0.0178601214
v 0.000801620777 0.0232432548 -0.0186822261
v 0.000819144091 0.0285747753 0.00852550147
v 0.000825164283 0.0278398977 0.0107229891
v -1.03138292e-05 0.0254567887 0.013989197
v 0.000759063327 0.0207670179 -0.0213435531
v -9.77688639e-06 0.0197286354 -0.0212997082
v 0.00109785606 0.0218221919 -0.0205434466
v 0.00122755585 0.02049607 -0.0219031965
v 0.00918775611 0.017914542 -0.0240748152
v 0.00113153294 0.0184617501 -0.0236297419
v 0.00898021328 0.0153358539 -0.0258037617
v 0.000750599692 0.0183187819 -0.0234648222
v -1.04321494e-05 0.0152886278 -0.0246949407
v 0.000808893216 0.0156400362 -0.0253995386
v 0.00116014342 0.0158636526 -0.0254517101
v 0.00113332148 0.0140594552 -0.0264711241
v 0.0089867103 0.01171154 -0.02763386
v 0.000768839172 0.0123871913 -0.0270900346
v -1.01933697e-05 0.0111628091 -0.0267755764
v 0.00114893803 0.0122368657 -0.027375287
v 0.000942050602 0.00946380177 -0.0283769186
v -1.0193044e-05 0.00743788551 -0.0280563603
v 0.00139343656 0.00940351104 -0.0285006798
v 0.00899070438 0.00824879468 -0.0288602023
v 0.00109374465 0.00662900793 -0.0292268145
v 0.00898843966 0.00501181172 -0.0295890204
v 0.000785469328 0.00770884733 -0.0287868839
v 0.000829159844 0.00427248604 -0.0295357313
v -1.01330954e-05 0.00350230657 -0.0287947449
v 0.00132691814 0.00500134422 -0.0295852107
v 0.00898903581 0.00216092364 -0.0299297419
v 0.00123560402 0.00219242622 -0.0299183972
v 0.00899028754 -0.000930559814 -0.0300006883
v 0.00114941605 -0.00115009615 -0.0299659325
v 0.000824093651 0.00154702582 -0.0297850464
v -1.01327176e-05 -0.00081895405 -0.0290244352
v 0.000803053435 -0.000934400234 -0.0297990424
v 0.00120562064 0.0279655798 0.0108375098
v 0.000792024127 0.0266613381 0.0133124908
v -1.03135166e-05 0.0218811736 0.0191198094
v 0.00072604229 0.0214341767 0.0206265526
v 0.000776110374 0.0189312341 0.0230136531
v -1.01939201e-05 0.0174597051 0.0232014427
v 0.00113463219 0.0209142877 0.021488237
v 0.00113671841 0.0196264476 0.0226634365
v 0.00919103466 0.0179372459 0.0240584312
v 0.00113606296 0.017317581 0.0244833151
v 0.00898468366 0.0150563378 0.0259637542
v 0.000729857449 0.0161080185 0.0250150828
v -1.01936035e-05 0.0138381016 0.0254982209
v 0.00114947421 0.0150283087 0.0259506487
v 0.000906287469 0.0134165807 0.0267186319
v -1.03720461e-05 0.00958441451 0.02742004
v 0.00117194545 0.0119282741 0.027516947
v 0.00899505511 0.0116316253 0.0276612118
v 0.000774263414 0.0101218663 0.0280255103
v 0.00125700151 0.00955615335 0.0284413662
v 0.00899213479 0.008711662 0.0287150498
v 0.00111329485 0.0079512699 0.0289031363
v 0.00899004828 0.00605431529 0.0293907215
v 0.000819086367 0.0074470169 0.0288769137
v 0.000895380522 0.00525578006 0.0294249156
v -1.00139617e-05 0.00436571281 0.0287005212
v 0.00139242367 0.00499700303 0.029590007
v 0.00898951233 0.00281077834 0.0298830972
v 0.00123208737 0.00221465263 0.0299167208
v 0.000828385071 0.00293082674 0.0296812825
v 0.000832021143 0.000817898926 0.0298260507
v -1.00730895e-05 -0.00108731301 0.0290231692
v 0.000891089689 -0.00285778707 0.0297488441
v 0.00120353713 -0.00177447299 0.0299391802
v 0.00117844337 0.000126285409 0.02998134
v 0.00898504238 -0.00185394887 0.0299737847
v 0.038504722 -0.0245004539 0.017989421
v 0.0407631414 -0.0244992226 0.0177917362
v 0.0394164345 -0.0258501119 0.0159943491
v 0.0425423983 -0.0245089867 0.0174122819
v 0.0166885271 -0.0244699579 0.0180349554
v 0.0427132262 -0.0259546933 0.0151610802
v 0.0449717066 -0.0245059685 0.0166003345
v 0.0458079005 -0.0259670389 0.0138111936
v 0.0474300402 -0.0245023245 0.0153321365
v 0.049354435 -0.024502592 0.0139629206
v 0.0489184888 -0.025989434 0.0114608963
v 0.0509707337 -0.0244989918 0.0124821527
v 0.0524421942 -0.0245017274 0.0107296946
v 0.0514026288 -0.0259893901 0.0084194573
v 0.0536572966 -0.0244982814 0.00888080103
v 0.0547669558 -0.0245026789 0.00651528317
v 0.0427252666 -0.0274211771 0.0123756094
v 0.0446431042 -0.0272006281 0.011947201
v 0.0473929651 -0.0272277759 0.00985524384
v 0.039322796 -0.0271750958 0.0136861432
v 0.0429307834 -0.0284626198 0.00968540262
v 0.0528067955 -0.0260598795 0.00522188129
v 0.0495390292 -0.027230267 0.00721639663
v 0.0463073254 -0.0282959041 0.00764840588
v 0.0542982213 -0.025471592 0.003357272
v 0.0554819089 -0.0244995065 0.00425862781
v 0.0559779429 -0.0244881792 0.00116839574
v 0.0538722285 -0.0259692384 3.7227116e-05
v 0.0558942578 -0.0245025711 -0.00188902741
v 0.0521103759 -0.0268256421 0.0028290744
v 0.0506334904 -0.0272776451 0.00479577393
v 0.0477001096 -0.0284815631 0.00475820525
v 0.0487647655 -0.0283419228 0.00290876123
v 0.0542656774 -0.0255287868 -0.0032144766
v 0.0519906893 -0.0268914604 -0.00292960813
v 0.0554629565 -0.0244983278 -0.00439552532
v 0.0505362778 -0.0277333703 -1.04167555e-05
v 0.0533551 -0.0257074815 -0.00545609109
v 0.0545901675 -0.0245224288 -0.00696622446
v 0.0525490636 -0.0256307872 -0.00760428156
v 0.0534957063 -0.0245271582 -0.00914932025
v 0.051588713 -0.0267337206 -0.0052618765
v 0.0515069369 -0.0256316255 -0.0093388684
v 0.0522137874 -0.0245269022 -0.0110427085
v 0.0496825576 -0.0269415658 -0.00810344281
v 0.0502817646 -0.0256369952 -0.0108917651
v 0.0500570538 -0.0245301882 -0.0134016154
v 0.0501184457 -0.027484521 -0.00500982605
v 0.0486376895 -0.0283962801 -0.00288766951
v 0.0480895043 -0.0283406365 -0.00478544971
v 0.0476095093 -0.0280407187 -0.00703946862
v 0.047360721 -0.026939875 -0.0107119136
v 0.0485329649 -0.0256947199 -0.0124887389
v 0.0468261853 -0.0256427319 -0.0138392628
v 0.0470014834 -0.024529976 -0.0155972681
v 0.0449290871 -0.0255855198 -0.0149763058
v 0.0444037919 -0.0245235443 -0.0168227009
v 0.0446133019 -0.0273022878 -0.0118001677
v 0.0426299572 -0.0257270839 -0.0155904825
v 0.0424266465 -0.0245001596 -0.0174591711
v 0.0429512287 -0.0271723626 -0.012849168
v 0.0396382232 -0.0258635957 -0.0159932999
v 0.0393098591 -0.0245038473 -0.017971854
v 0.0165544763 -0.0244715615 -0.0180323739
v 0.0460542443 -0.0277824427 -0.00953784038
v 0.0448638802 -0.0285113657 -0.00827198674
v 0.0429018746 -0.0285325593 -0.00950058893
v 0.042627574 -0.0293792887 -0.00666911437
v 0.0452102449 -0.0289795619 -0.0060975588
v 0.0449816606 -0.0292762871 -0.00480920935
v 0.00136482939 -0.0258709739 -0.0159890798
v 0.0012868068 -0.0243275643 -0.0182131451
v 0.0140385054 -0.0240935364 -0.0185227123
v 0.012737455 -0.0236757758 -0.0190434803
v 0.011380555 -0.0229270202 -0.0199141548
v 0.0393640419 -0.0271238556 -0.0137998621
v 0.0395062579 -0.0280854549 -0.0116983465
v 0.0394347324 -0.0289108395 -0.00950915564
v 0.0012847805 -0.0280817562 -0.0117583142
v 0.00125164024 -0.0270596821 -0.013889953
v 0.000865282864 -0.0257010251 -0.0158806652
v 0.00118547881 -0.0233027254 -0.0194361724
v 0.00081253256 -0.0239063985 -0.0183467855
v 0.00132721855 -0.0221214896 -0.0207708246
v 0.0104306358 -0.0220586144 -0.0208462458
v 0.000855507393 -0.0221167312 -0.0204731521
v 0.00130915824 -0.0208564596 -0.0219885536
v 0.00956726252 -0.0206784933 -0.0221733237
v -1.00712342e-05 -0.022310231 -0.0185939716
v 0.000852825092 -0.0208626195 -0.0217079782
v -9.95177237e-06 -0.0252000289 -0.0143881392
v -9.95243625e-06 -0.0176061105 -0.0231256199
v 0.000805320704 -0.0268266157 -0.0137733528
v -9.8919991e-06 -0.027129511 -0.0103375496
v 0.000793280631 -0.0278619787 -0.011545272
v 0.000798645086 -0.0286992493 -0.00932250332
v -1.01302788e-05 -0.0287156348 -0.00448584869
v 0.000847102893 -0.01956849 -0.0228318226
v 0.00126672038 -0.0289682152 -0.00939138554
v 0.00131631061 -0.0189175042 -0.0236152366
v 0.00903672132 -0.0183631003 -0.0240234687
v 0.000881315874 -0.018218276 -0.0239172688
v 0.00112360858 -0.0166618948 -0.0251234247
v 0.00898546128 -0.0161908763 -0.0254599057
v 0.000722409672 -0.0159644856 -0.0252394355
v -1.01316997e-05 -0.0124626051 -0.0262203539
v 0.00110751521 -0.0151350759 -0.0260126573
v 0.00899076584 -0.0123240424 -0.0274508726
v 0.000859678911 -0.0130980071 -0.0269115873
v 0.000774205551 -0.00942260006 -0.02827844
v -1.02513981e-05 -0.00686577332 -0.0282350113
v 0.0013048064 -0.0136106856 -0.0268286938
v 0.00114017826 -0.0119782387 -0.0275365048
v 0.00113332361 -0.0103168902 -0.0281730405
v 0.00899231452 -0.00806309175 -0.0289168151
v 0.0011925705 -0.00868262131 -0.0287153409
v 0.00113529028 -0.0069180517 -0.0291732809
v 0.00898879774 -0.00451991321 -0.0296698272
v 0.000738859697 -0.00600910201 -0.0291457836
v 0.0011633638 -0.00446951661 -0.0296605838
v 0.00899028754 -0.000930559814 -0.0300006883
v 0.00114941605 -0.00115009615 -0.0299659325
v 0.000840545033 -0.00350893053 -0.0296266197
v -1.01327176e-05 -0.00081895405 -0.0290244352
v 0.000803053435 -0.000934400234 -0.0297990424
v 0.0394229919 -0.0296211069 -0.00708685548
v 0.00129211208 -0.0296679761 -0.00694839982
v 0.0393520601 -0.0300481445 -0.00489669292
v 0.000809672039 -0.0293555873 -0.0070626309
v 0.000789942956 -0.0298118684 -0.00471322637
v 0.0012545016 -0.0301085615 -0.00464020595
v 0.000855388862 -0.0301702471 -0.00228432345
v 0.0425891307 -0.0298550664 -0.00405612336
v 0.0451717988 -0.0294696675 -0.00290014614
v 0.0419591696 -0.0300876672 -0.00265836352
v 0.037700476 -0.0303577715 -0.00256889161
v 0.047085882 -0.0290468469 -8.02006213e-06
v 0.0432150377 -0.0299885045 0.000482059022
v 0.0452432051 -0.0294538379 0.00285067199
v 0.0403610492 -0.0303233822 0.00110392084
v 0.0013420012 -0.0303962121 -0.00231735303
v 0.0445719979 -0.0292587433 0.00545882358
v 0.0426104086 -0.0298369027 0.00415860486
v 0.0427123912 -0.0293240496 0.00683164108
v 0.0375558765 -0.0304631128 -3.01624027e-05
v 0.00131887457 -0.0304807296 -1.85179232e-05
v 0.0392510902 -0.0300780923 0.00473859836
v 0.0374679597 -0.0303706849 0.00247905627
v 0.0393081337 -0.0296572713 0.00694128103
v 0.000845434904 -0.0302483705 -6.30382431e-06
v -9.95144127e-06 -0.0289872667 0.00156409587
v 0.00137192276 -0.0304012558 0.00236878532
v 0.00083148743 -0.0301455409 0.00233690862
v 0.00127011799 -0.0301036313 0.00470509367
v 0.000805320967 -0.0298254017 0.00471329404
v -9.89188386e-06 -0.028447673 0.00571654346
v 0.00128323095 -0.0296529381 0.00699164448
v 0.000791373457 -0.0293190736 0.00714236521
v -1.0130419e-05 -0.0271114695 0.0103981234
v 0.00130129109 -0.0289968883 0.00933710253
v 0.000801506172 -0.0286713766 0.00941295875
v 0.0393287566 -0.028926576 0.009467583
v 0.0393179677 -0.0281072449 0.0116423013
v 0.00126415735 -0.0281151849 0.0116588977
v 0.000811817679 -0.0278518796 0.0116099211
v 0.00130909912 -0.0270999472 0.013850769
v 0.000782670921 -0.0268254749 0.013733076
v -9.95177448e-06 -0.0251758698 0.0144304897
v 0.000829222031 -0.0256399594 0.0159005984
v -1.00712228e-05 -0.022440913 0.0184238947
v 0.00130224451 -0.0258494342 0.0160081734
v 0.000932874389 -0.024317931 0.0179806448
v 0.00144154043 -0.0246034032 0.0178588161
v 0.0146560683 -0.0242195763 0.0183611046
v 0.0129913103 -0.0237900447 0.0189033104
v 0.00130200592 -0.0233778773 0.0193791479
v 0.0108943006 -0.0225710877 0.0203146963
v 0.000844599779 -0.0226559742 0.0198976995
v -9.95240468e-06 -0.0179672454 0.0228486126
v 0.00130695292 -0.0221997542 0.0206817625
v 0.00974190372 -0.021022585 0.0218539237
v 0.000854434349 -0.0208223034 0.0217475725
v 0.00129920428 -0.0209403922 0.0219081237
v 0.00913912176 -0.0191695282 0.0234266787
v 0.000838877365 -0.0189047728 0.0233654442
v 0.00130021744 -0.0196765016 0.0230004385
v 0.00124502336 -0.018279963 0.024061717
v 0.00898814323 -0.0165378813 0.0252542202
v 0.000893653853 -0.0166682817 0.0249770004
v -1.0072068e-05 -0.0127728752 0.0260688772
v 0.00137198113 -0.0167329853 0.0251192832
v 0.00122076398 -0.0144998265 0.0263851718
v 0.00899106356 -0.0138352544 0.0267324562
v 0.00083124757 -0.0142418619 0.0263235794
v 0.000891805713 -0.0119740907 0.0274213526
v -1.01917576e-05 -0.00727687075 0.02812967
v 0.00134253602 -0.0120861666 0.027523734
v 0.00899785824 -0.00996463271 0.0283569883
v 0.00110900491 -0.0103303369 0.0281591754
v 0.000869572962 -0.00918789293 0.0284383597
v 0.00135570833 -0.00798794778 0.0289443589
v 0.00899678465 -0.0056016935 0.0294768019
v 0.000901878473 -0.00695228947 0.0290647207
v 0.000903428013 -0.00524984745 0.0294182886
v -1.00730895e-05 -0.00108731301 0.0290231692
v 0.000891089689 -0.00285778707 0.0297488441
v 0.00135016475 -0.00463594758 0.0296526327
v 0.00898504238 -0.00185394887 0.0299737847
v 0.00120353713 -0.00177447299 0.0299391802
vt 0.158081055 0.318359375
vt 0.158813477 0.320556641
vt 0.159545898 0.318847656
vt 0.16015625 0.317138672
vt 0.158691406 0.315917969
vt 0.160400391 0.315429688
vt 0.158935547 0.314208984
vt 0.160522461 0.313964844
vt 0.158813477 0.3125
vt 0.160522461 0.312744141
vt 0.158569336 0.310791016
vt 0.16027832 0.311035156
vt 0.158203125 0.309326172
vt 0.159912109 0.309326172
vt 0.157714844 0.307128906
vt 0.159545898 0.307617188
vt 0.158813477 0.303710938
vt 0.157226562 0.304199219
vt 0.156982422 0.300292969
vt 0.158691406 0.298339844
vt 0.157226562 0.295898438
vt 0.159301758 0.293701172
vt 0.157958984 0.292236328
vt 0.160522461 0.289794922
vt 0.159667969 0.287353516
vt 0.106201172 0.0313720703
vt 0.106933594 0.0291137695
vt 0.105651855 0.0302886963
vt 0.104980469 0.0285491943
vt 0.106079102 0.0260925293
vt 0.104553223 0.0264587402
vt 0.106018066 0.024230957
vt 0.104370117 0.024597168
vt 0.106201172 0.0223388672
vt 0.104553223 0.0222473145
vt 0.106506348 0.0205688477
vt 0.104797363 0.0207061768
vt 0.106872559 0.0186157227
vt 0.105163574 0.0188446045
vt 0.10723877 0.0167541504
vt 0.105957031 0.0143585205
vt 0.107666016 0.0110015869
vt 0.105895996 0.00884246826
vt 0.107116699 0.00572967529
vt 0.105224609 0.00482559204
vt 0.105834961 0.00116920471
vt 0.104370117 0.00186824799
vt 0.666503906 0.734375
vt 0.674316406 0.735839844
vt 0.674316406 0.731445312
vt 0.666503906 0.73046875
vt 0.673828125 0.727050781
vt 0.666503906 0.728027344
vt 0.666503906 0.725097656
vt 0.673828125 0.723144531
vt 0.666503906 0.720703125
vt 0.673828125 0.71875
vt 0.666015625 0.716308594
vt 0.673828125 0.715332031
vt 0.664550781 0.712890625
vt 0.673828125 0.712402344
vt 0.661621094 0.710449219
vt 0.673339844 0.709472656
vt 0.658203125 0.709472656
vt 0.673339844 0.706054688
vt 0.655273438 0.709472656
vt 0.655273438 0.706542969
vt 0.673339844 0.703613281
vt 0.655273438 0.701660156
vt 0.673339844 0.69921875
vt 0.655273438 0.697265625
vt 0.673339844 0.694824219
vt 0.655273438 0.693359375
vt 0.673339844 0.692382812
vt 0.655273438 0.689453125
vt 0.673339844 0.688964844
vt 0.655273438 0.686035156
vt 0.673339844 0.685546875
vt 0.655273438 0.681640625
vt 0.673339844 0.681152344
vt 0.655273438 0.677246094
vt 0.673339844 0.676757812
vt 0.655273438 0.672851562
vt 0.673339844 0.674316406
vt 0.655273438 0.671386719
vt 0.659667969 0.670898438
vt 0.673339844 0.670410156
vt 0.662597656 0.669433594
vt 0.673828125 0.666992188
vt 0.664550781 0.666992188
vt 0.666015625 0.664550781
vt 0.666503906 0.662109375
vt 0.673828125 0.661621094
vt 0.666503906 0.66015625
vt 0.673828125 0.657714844
vt 0.666503906 0.65625
vt 0.673828125 0.654785156
vt 0.666503906 0.653320312
vt 0.673828125 0.651367188
vt 0.666503906 0.6484375
vt 0.674316406 0.647949219
vt 0.674316406 0.643554688
vt 0.666503906 0.644042969
vt 0.54296875 0.672363281
vt 0.550292969 0.674316406
vt 0.550292969 0.670410156
vt 0.54296875 0.66796875
vt 0.550292969 0.666992188
vt 0.550292969 0.663574219
vt 0.54296875 0.663574219
vt 0.550292969 0.66015625
vt 0.54296875 0.659667969
vt 0.550292969 0.655761719
vt 0.54296875 0.65625
vt 0.54296875 0.65234375
vt 0.55078125 0.651367188
vt 0.54296875 0.648925781
vt 0.551269531 0.647949219
vt 0.54296875 0.645019531
vt 0.552246094 0.64453125
vt 0.54296875 0.641601562
vt 0.553710938 0.643066406
vt 0.556152344 0.641113281
vt 0.54296875 0.637695312
vt 0.559082031 0.640136719
vt 0.561035156 0.640136719
vt 0.561035156 0.635253906
vt 0.54296875 0.634277344
vt 0.54296875 0.630371094
vt 0.561035156 0.630859375
vt 0.54296875 0.626464844
vt 0.561035156 0.627441406
vt 0.54296875 0.623046875
vt 0.561035156 0.624023438
vt 0.561035156 0.619628906
vt 0.54296875 0.619140625
vt 0.54296875 0.615722656
vt 0.561035156 0.615234375
vt 0.54296875 0.611816406
vt 0.561035156 0.611328125
vt 0.54296875 0.608398438
vt 0.561035156 0.605957031
vt 0.54296875 0.604492188
vt 0.561035156 0.602050781
vt 0.55859375 0.602050781
vt 0.555664062 0.601074219
vt 0.54296875 0.601074219
vt 0.554199219 0.599609375
vt 0.552734375 0.598144531
vt 0.54296875 0.597167969
vt 0.551269531 0.595703125
vt 0.55078125 0.593261719
vt 0.54296875 0.59375
vt 0.54296875 0.58984375
vt 0.550292969 0.590332031
vt 0.550292969 0.586914062
vt 0.54296875 0.586425781
vt 0.550292969 0.583007812
vt 0.54296875 0.582519531
vt 0.550292969 0.578125
vt 0.54296875 0.579101562
vt 0.54296875 0.575195312
vt 0.550292969 0.573730469
vt 0.54296875 0.571289062
vt 0.550292969 0.5703125
vt 0.265625 0.057434082
vt 0.264892578 0.0551452637
vt 0.262695312 0.0592651367
vt 0.267089844 0.0540161133
vt 0.266845703 0.0505065918
vt 0.268066406 0.0515441895
vt 0.269287109 0.0485839844
vt 0.268066406 0.046875
vt 0.270263672 0.0447692871
vt 0.268554688 0.0436706543
vt 0.269042969 0.0404968262
vt 0.270507812 0.040222168
vt 0.268798828 0.0382995605
vt 0.269775391 0.0366821289
vt 0.268554688 0.0367736816
vt 0.268066406 0.035369873
vt 0.267578125 0.0349121094
vt 0.268066406 0.0334472656
vt 0.266601562 0.0333557129
vt 0.265625 0.0309906006
vt 0.265136719 0.0317687988
vt 0.263671875 0.0306243896
vt 0.263183594 0.0292816162
vt 0.262695312 0.0299530029
vt 0.552246094 0.890136719
vt 0.552734375 0.893554688
vt 0.554199219 0.893066406
vt 0.556152344 0.895996094
vt 0.555175781 0.897949219
vt 0.557617188 0.899414062
vt 0.557128906 0.901855469
vt 0.559082031 0.90234375
vt 0.558105469 0.905273438
vt 0.560546875 0.906738281
vt 0.559082031 0.909179688
vt 0.561035156 0.911132812
vt 0.559570312 0.913085938
vt 0.561035156 0.914550781
vt 0.559570312 0.914550781
vt 0.560546875 0.91796875
vt 0.559082031 0.916503906
vt 0.557617188 0.91796875
vt 0.559082031 0.919921875
vt 0.556640625 0.919433594
vt 0.557617188 0.921875
vt 0.555664062 0.920410156
vt 0.5546875 0.921386719
vt 0.555175781 0.923828125
vt 0.553710938 0.922363281
vt 0.552246094 0.922851562
vt 0.553222656 0.925292969
vt 0.527832031 0.491943359
vt 0.530273438 0.490722656
vt 0.525878906 0.490234375
vt 0.532714844 0.4921875
vt 0.534667969 0.490722656
vt 0.536132812 0.491943359
vt 0.5390625 0.491699219
vt 0.5390625 0.490234375
vt 0.542480469 0.490966797
vt 0.543457031 0.489257812
vt 0.546386719 0.489746094
vt 0.547363281 0.487792969
vt 0.549804688 0.48828125
vt 0.549804688 0.486572266
vt 0.552734375 0.486328125
vt 0.551269531 0.484863281
vt 0.5546875 0.484375
vt 0.552246094 0.482666016
vt 0.555664062 0.482177734
vt 0.553222656 0.48046875
vt 0.556640625 0.479492188
vt 0.553222656 0.478759766
vt 0.553710938 0.477294922
vt 0.556640625 0.4765625
vt 0.553222656 0.454589844
vt 0.556640625 0.459228516
vt 0.556152344 0.452880859
vt 0.553222656 0.451904297
vt 0.556152344 0.449462891
vt 0.553222656 0.448730469
vt 0.556152344 0.445800781
vt 0.552734375 0.446044922
vt 0.552734375 0.443115234
vt 0.556152344 0.443603516
vt 0.556152344 0.440429688
vt 0.552734375 0.440185547
vt 0.556152344 0.437255859
vt 0.552734375 0.437255859
vt 0.556152344 0.434082031
vt 0.552734375 0.434326172
vt 0.552734375 0.431396484
vt 0.555664062 0.431640625
vt 0.555664062 0.428466797
vt 0.552734375 0.428466797
vt 0.555664062 0.425537109
vt 0.552734375 0.425537109
vt 0.555664062 0.422607422
vt 0.552246094 0.422607422
vt 0.555664062 0.419677734
vt 0.552246094 0.419677734
vt 0.555664062 0.416503906
vt 0.552246094 0.416748047
vt 0.555664062 0.413818359
vt 0.552246094 0.413818359
vt 0.555664062 0.410888672
vt 0.552246094 0.410888672
vt 0.552246094 0.408203125
vt 0.555175781 0.407714844
vt 0.552246094 0.405273438
vt 0.555175781 0.404541016
vt 0.551757812 0.402099609
vt 0.555175781 0.402099609
vt 0.551757812 0.399169922
vt 0.555175781 0.398925781
vt 0.551757812 0.395507812
vt 0.555175781 0.396240234
vt 0.555175781 0.394042969
vt 0.551269531 0.370361328
vt 0.5546875 0.37109375
vt 0.554199219 0.368408203
vt 0.55078125 0.368164062
vt 0.553710938 0.366455078
vt 0.550292969 0.365966797
vt 0.552246094 0.364257812
vt 0.549316406 0.364013672
vt 0.550292969 0.362060547
vt 0.547851562 0.362792969
vt 0.546875 0.361816406
vt 0.547363281 0.359863281
vt 0.545410156 0.360839844
vt 0.543945312 0.358642578
vt 0.542480469 0.359863281
vt 0.539550781 0.357666016
vt 0.537597656 0.358886719
vt 0.535644531 0.357177734
vt 0.532226562 0.358398438
vt 0.532226562 0.356933594
vt 0.529296875 0.356933594
vt 0.526367188 0.358642578
vt 0.525878906 0.357177734
vt 0.388671875 0.000449180603
vt 0.390625 0.00201416016
vt 0.392822266 0.000622749329
vt 0.395263672 0.00244140625
vt 0.397460938 0.00123023987
vt 0.400634766 0.00348854065
vt 0.402099609 0.00226211548
vt 0.405273438 0.00325965881
vt 0.406005859 0.00539779663
vt 0.408447266 0.00466156006
vt 0.407714844 0.00625610352
vt 0.410644531 0.00621795654
vt 0.409423828 0.00737380981
vt 0.410644531 0.00862121582
vt 0.412353516 0.00815582275
vt 0.411621094 0.0101776123
vt 0.413818359 0.0108337402
vt 0.412353516 0.0119018555
vt 0.414306641 0.0127105713
vt 0.413085938 0.0149688721
vt 0.414794922 0.0149307251
vt 0.415283203 0.0385437012
vt 0.413574219 0.0389099121
vt 0.415283203 0.0409851074
vt 0.413818359 0.0419311523
vt 0.415283203 0.0429382324
vt 0.413818359 0.0447387695
vt 0.415527344 0.045715332
vt 0.413818359 0.0475769043
vt 0.415527344 0.0487060547
vt 0.413818359 0.0503845215
vt 0.415527344 0.0512695312
vt 0.415527344 0.0536499023
vt 0.413818359 0.0531921387
vt 0.415527344 0.0561218262
vt 0.4140625 0.0560302734
vt 0.415527344 0.0585021973
vt 0.4140625 0.0588378906
vt 0.415771484 0.061340332
vt 0.4140625 0.0616455078
vt 0.415771484 0.0639038086
vt 0.4140625 0.064453125
vt 0.415771484 0.0672607422
vt 0.4140625 0.0676879883
vt 0.4140625 0.0698242188
vt 0.415771484 0.0706176758
vt 0.415771484 0.0733642578
vt 0.4140625 0.0726928711
vt 0.414306641 0.0755004883
vt 0.415771484 0.0762939453
vt 0.414306641 0.0783081055
vt 0.415771484 0.078918457
vt 0.415771484 0.0814208984
vt 0.414306641 0.0811157227
vt 0.415771484 0.0848388672
vt 0.414306641 0.0839233398
vt 0.414306641 0.086730957
vt 0.415771484 0.0889282227
vt 0.414306641 0.0895996094
vt 0.415771484 0.0920410156
vt 0.414306641 0.0924072266
vt 0.415771484 0.0942993164
vt 0.414306641 0.0952148438
vt 0.415771484 0.0977172852
vt 0.414306641 0.0982666016
vt 0.415771484 0.122314453
vt 0.4140625 0.122131348
vt 0.415283203 0.12512207
vt 0.413574219 0.124572754
vt 0.414794922 0.126586914
vt 0.413085938 0.126098633
vt 0.412353516 0.127685547
vt 0.413818359 0.128295898
vt 0.412841797 0.129760742
vt 0.411376953 0.12902832
vt 0.411376953 0.131347656
vt 0.41015625 0.130126953
vt 0.408203125 0.131347656
vt 0.408447266 0.133056641
vt 0.406005859 0.134155273
vt 0.405517578 0.132568359
vt 0.401855469 0.133789062
vt 0.401367188 0.135498047
vt 0.397705078 0.134765625
vt 0.396728516 0.136474609
vt 0.393798828 0.135375977
vt 0.392822266 0.136962891
vt 0.388671875 0.135498047
vt 0.388916016 0.137084961
vt 0.0352783203 0.181274414
vt 0.035736084 0.178833008
vt 0.0348815918 0.176513672
vt 0.0361633301 0.18371582
vt 0.0357666016 0.18737793
vt 0.0364990234 0.188232422
vt 0.0368041992 0.191650391
vt 0.0361328125 0.191894531
vt 0.0371398926 0.195800781
vt 0.0364990234 0.196166992
vt 0.0366516113 0.198974609
vt 0.0372314453 0.199951172
vt 0.036529541 0.200805664
vt 0.0369567871 0.201416016
vt 0.0361938477 0.202148438
vt 0.0364074707 0.203125
vt 0.0356445312 0.203369141
vt 0.0348815918 0.204589844
vt 0.0260620117 0.651367188
vt 0.026473999 0.653808594
vt 0.0269622803 0.648925781
vt 0.0263671875 0.647949219
vt 0.0267791748 0.644042969
vt 0.0274810791 0.644042969
vt 0.0273284912 0.638671875
vt 0.0278778076 0.640136719
vt 0.0282592773 0.637207031
vt 0.0277709961 0.633789062
vt 0.0284423828 0.633789062
vt 0.027633667 0.632324219
vt 0.0280609131 0.631835938
vt 0.0272521973 0.630371094
vt 0.0274810791 0.630371094
vt 0.0260620117 0.628417969
vt 0.903808594 0.289794922
vt 0.904296875 0.284667969
vt 0.90234375 0.2890625
vt 0.905761719 0.285644531
vt 0.906738281 0.28125
vt 0.905761719 0.278564453
vt 0.907714844 0.277099609
vt 0.905761719 0.274169922
vt 0.907714844 0.272705078
vt 0.905761719 0.269775391
vt 0.906738281 0.268310547
vt 0.904785156 0.267089844
vt 0.90625 0.265869141
vt 0.904296875 0.265380859
vt 0.903808594 0.264160156
vt 0.905273438 0.263671875
vt 0.903320312 0.262939453
vt 0.904296875 0.261474609
vt 0.902832031 0.26171875
vt 0.90234375 0.260009766
vt 0.903808594 0.259033203
vt 0.90234375 0.258544922
vt 0.90234375 0.257080078
vt 0.903808594 0.257568359
vt 0.902832031 0.255615234
vt 0.904296875 0.255859375
vt 0.903320312 0.254150391
vt 0.998535156 0.916015625
vt 1 0.91796875
vt 1 0.894042969
vt 0.962402344 0.916015625
vt 0.9609375 0.894042969
vt 0.9609375 0.91796875
vt 0.999511719 0.891113281
vt 0.961425781 0.891113281
vt 0.962402344 0.888183594
vt 0.999023438 0.888183594
vt 0.997558594 0.885742188
vt 0.963378906 0.885742188
vt 0.96484375 0.883300781
vt 0.994140625 0.880859375
vt 0.99609375 0.883300781
vt 0.9921875 0.879394531
vt 0.96875 0.879394531
vt 0.966796875 0.880859375
vt 0.989746094 0.877929688
vt 0.973632812 0.876464844
vt 0.971191406 0.877929688
vt 0.987304688 0.876464844
vt 0.984375 0.875976562
vt 0.979492188 0.875488281
vt 0.9765625 0.875976562
vt 0.981933594 0.875488281
vt 0.9453125 0.533691406
vt 0.946289062 0.53125
vt 0.943847656 0.530273438
vt 0.947753906 0.537109375
vt 0.946289062 0.538085938
vt 0.946777344 0.541015625
vt 0.948730469 0.542480469
vt 0.946777344 0.545410156
vt 0.948242188 0.547363281
vt 0.946289062 0.550292969
vt 0.947753906 0.550292969
vt 0.945800781 0.552246094
vt 0.947265625 0.552246094
vt 0.9453125 0.553710938
vt 0.946777344 0.553710938
vt 0.944335938 0.555664062
vt 0.946289062 0.555175781
vt 0.945800781 0.557617188
vt 0.943847656 0.558105469
vt 0.943847656 0.559570312
vt 0.9453125 0.559570312
vt 0.943847656 0.561035156
vt 0.945800781 0.561523438
vt 0.944335938 0.5625
vt 0.944824219 0.563964844
vt 0.537597656 0.610839844
vt 0.536621094 0.610351562
vt 0.537597656 0.613769531
vt 0.537109375 0.614746094
vt 0.538085938 0.618652344
vt 0.537597656 0.619140625
vt 0.538574219 0.623046875
vt 0.538085938 0.624511719
vt 0.5390625 0.625976562
vt 0.538574219 0.628417969
vt 0.5390625 0.62890625
vt 0.5390625 0.630371094
vt 0.538574219 0.630371094
vt 0.538085938 0.631835938
vt 0.538574219 0.631835938
vt 0.538085938 0.633300781
vt 0.537597656 0.633789062
vt 0.536621094 0.634765625
vt 0.6484375 0.327880859
vt 0.647949219 0.323974609
vt 0.647460938 0.327636719
vt 0.6484375 0.324951172
vt 0.648925781 0.322021484
vt 0.6484375 0.319824219
vt 0.649414062 0.318115234
vt 0.648925781 0.316650391
vt 0.649902344 0.315185547
vt 0.649414062 0.3125
vt 0.650390625 0.311523438
vt 0.649902344 0.307373047
vt 0.650390625 0.308349609
vt 0.650878906 0.305908203
vt 0.649902344 0.305419922
vt 0.650390625 0.304199219
vt 0.649902344 0.303710938
vt 0.650390625 0.302978516
vt 0.648925781 0.301757812
vt 0.648925781 0.30078125
vt 0.647460938 0.299804688
vt 0.186523438 0.357177734
vt 0.186767578 0.354003906
vt 0.185058594 0.356445312
vt 0.188354492 0.354492188
vt 0.188110352 0.3515625
vt 0.190551758 0.350341797
vt 0.189819336 0.348144531
vt 0.192382812 0.345947266
vt 0.190917969 0.345214844
vt 0.191894531 0.341796875
vt 0.193481445 0.342041016
vt 0.192626953 0.338623047
vt 0.194091797 0.338867188
vt 0.192749023 0.336181641
vt 0.194335938 0.3359375
vt 0.192626953 0.334472656
vt 0.193969727 0.333251953
vt 0.192382812 0.333251953
vt 0.193237305 0.330810547
vt 0.19140625 0.331054688
vt 0.192138672 0.328857422
vt 0.189941406 0.329833984
vt 0.190673828 0.327148438
vt 0.188964844 0.328857422
vt 0.187744141 0.327880859
vt 0.188476562 0.325439453
vt 0.186401367 0.326904297
vt 0.186279297 0.323974609
vt 0.185058594 0.326171875
vt 0.0140991211 0.505371094
vt 0.0152282715 0.504394531
vt 0.011932373 0.501464844
vt 0.0135879517 0.501464844
vt 0.0117340088 0.497314453
vt 0.0100784302 0.497314453
vt 0.00896453857 0.494140625
vt 0.0103302002 0.493164062
vt 0.00804138184 0.490722656
vt 0.00960540771 0.489990234
vt 0.00768280029 0.488525391
vt 0.00925445557 0.487304688
vt 0.00764465332 0.486083984
vt 0.00918579102 0.485351562
vt 0.00814819336 0.483398438
vt 0.00931549072 0.483886719
vt 0.00964355469 0.482421875
vt 0.00950622559 0.48046875
vt 0.0105361938 0.480957031
vt 0.0112609863 0.479736328
vt 0.0115890503 0.478027344
vt 0.0123214722 0.478515625
vt 0.0137634277 0.477050781
vt 0.0147628784 0.475341797
vt 0.0152282715 0.476074219
vt 0.365966797 0.833007812
vt 0.363525391 0.838867188
vt 0.362060547 0.845703125
vt 0.369628906 0.827636719
vt 0.374267578 0.823242188
vt 0.379394531 0.8203125
vt 0.385009766 0.817871094
vt 0.390136719 0.816894531
vt 0.395263672 0.816894531
vt 0.401123047 0.817871094
vt 0.406005859 0.819335938
vt 0.409667969 0.821289062
vt 0.413330078 0.82421875
vt 0.416748047 0.827148438
vt 0.420654297 0.832519531
vt 0.423339844 0.838378906
vt 0.424804688 0.844726562
vt 0.424804688 0.8515625
vt 0.423583984 0.857421875
vt 0.421875 0.861816406
vt 0.418457031 0.8671875
vt 0.4140625 0.872070312
vt 0.410400391 0.875
vt 0.405761719 0.877441406
vt 0.401123047 0.87890625
vt 0.395996094 0.879882812
vt 0.389160156 0.879394531
vt 0.3828125 0.877929688
vt 0.376953125 0.875
vt 0.371582031 0.87109375
vt 0.367919922 0.866699219
vt 0.364990234 0.861328125
vt 0.36328125 0.856933594
vt 0.362304688 0.852050781
vt 0.845703125 0.260986328
vt 0.849121094 0.263183594
vt 0.843261719 0.258544922
vt 0.852050781 0.264892578
vt 0.85546875 0.266113281
vt 0.859375 0.267089844
vt 0.862792969 0.267578125
vt 0.866699219 0.267578125
vt 0.870117188 0.267333984
vt 0.873535156 0.266357422
vt 0.876953125 0.265136719
vt 0.880371094 0.263671875
vt 0.883300781 0.261474609
vt 0.886230469 0.259277344
vt 0.888671875 0.256591797
vt 0.891113281 0.253417969
vt 0.892578125 0.250244141
vt 0.894042969 0.246948242
vt 0.895019531 0.243408203
vt 0.895996094 0.239379883
vt 0.895996094 0.234741211
vt 0.895507812 0.231323242
vt 0.89453125 0.228149414
vt 0.893554688 0.225097656
vt 0.892089844 0.221557617
vt 0.889160156 0.217407227
vt 0.88671875 0.21484375
vt 0.883789062 0.212402344
vt 0.881835938 0.21081543
vt 0.877929688 0.208740234
vt 0.874023438 0.207275391
vt 0.870117188 0.206420898
vt 0.8671875 0.206054688
vt 0.864746094 0.205932617
vt 0.859863281 0.206420898
vt 0.855957031 0.207397461
vt 0.853515625 0.208251953
vt 0.850585938 0.209594727
vt 0.848144531 0.21105957
vt 0.845703125 0.212890625
vt 0.842773438 0.215087891
vt 0.840332031 0.218383789
vt 0.838378906 0.221557617
vt 0.8359375 0.225830078
vt 0.834960938 0.229858398
vt 0.834472656 0.23425293
vt 0.834472656 0.239013672
vt 0.834960938 0.242675781
vt 0.835449219 0.24621582
vt 0.836914062 0.249633789
vt 0.838867188 0.252929688
vt 0.840820312 0.255859375
vt 0.8515625 0.970703125
vt 0.850097656 0.9921875
vt 0.8515625 0.993652344
vt 0.814453125 0.9921875
vt 0.8515625 0.968261719
vt 0.812988281 0.96875
vt 0.812988281 0.994140625
vt 0.813476562 0.965332031
vt 0.851074219 0.965332031
vt 0.814941406 0.962402344
vt 0.850097656 0.962402344
vt 0.81640625 0.959960938
vt 0.848632812 0.959960938
vt 0.817871094 0.957519531
vt 0.846679688 0.957519531
vt 0.844238281 0.955566406
vt 0.8203125 0.955566406
vt 0.842285156 0.954101562
vt 0.822753906 0.954101562
vt 0.828125 0.952148438
vt 0.825195312 0.952636719
vt 0.836425781 0.952148438
vt 0.839355469 0.952636719
vt 0.831054688 0.951660156
vt 0.833984375 0.951660156
vt 0.874023438 0.698730469
vt 0.873046875 0.698730469
vt 0.875 0.700195312
vt 0.876953125 0.703613281
vt 0.878417969 0.708007812
vt 0.879394531 0.712402344
vt 0.879882812 0.715820312
vt 0.873046875 0.734375
vt 0.879394531 0.719238281
vt 0.87890625 0.723144531
vt 0.877441406 0.728027344
vt 0.875488281 0.731933594
vt 0.874023438 0.734375
vt 0.9296875 9.1612339e-05
vt 0.927246094 9.1612339e-05
vt 0.925292969 0.00333213806
vt 0.922851562 0.00820159912
vt 0.921875 0.0121994019
vt 0.921386719 0.0163421631
vt 0.9296875 0.0357971191
vt 0.921386719 0.020614624
vt 0.921875 0.02394104
vt 0.922851562 0.0273590088
vt 0.924804688 0.0316162109
vt 0.927246094 0.0357971191
vt 0.65625 0.512695312
vt 0.658203125 0.514648438
vt 0.668457031 0.513183594
vt 0.659179688 0.516601562
vt 0.668457031 0.510742188
vt 0.668457031 0.508789062
vt 0.653808594 0.511230469
vt 0.650878906 0.511230469
vt 0.633789062 0.511230469
vt 0.627441406 0.506835938
vt 0.668457031 0.505371094
vt 0.668945312 0.51171875
vt 0.626953125 0.508789062
vt 0.626953125 0.510742188
vt 0.623535156 0.5078125
vt 0.623535156 0.510253906
vt 0.620117188 0.508789062
vt 0.619628906 0.505371094
vt 0.617675781 0.5078125
vt 0.615234375 0.505859375
vt 0.668945312 0.508300781
vt 0.623535156 0.504882812
vt 0.615722656 0.502929688
vt 0.612792969 0.503417969
vt 0.614257812 0.5
vt 0.610839844 0.500488281
vt 0.609863281 0.498046875
vt 0.619140625 0.502441406
vt 0.612792969 0.497314453
vt 0.608886719 0.494873047
vt 0.613769531 0.494384766
vt 0.608398438 0.491943359
vt 0.616699219 0.497070312
vt 0.619140625 0.499755859
vt 0.623535156 0.501953125
vt 0.613769531 0.491455078
vt 0.608398438 0.488769531
vt 0.619140625 0.494140625
vt 0.620117188 0.496826172
vt 0.613769531 0.488769531
vt 0.608886719 0.485595703
vt 0.623535156 0.499755859
vt 0.626464844 0.499023438
vt 0.626464844 0.503417969
vt 0.624023438 0.496582031
vt 0.619140625 0.491455078
vt 0.613769531 0.486083984
vt 0.609863281 0.482177734
vt 0.629394531 0.504882812
vt 0.629394531 0.501464844
vt 0.623535156 0.493896484
vt 0.619140625 0.488769531
vt 0.613769531 0.483154297
vt 0.610839844 0.479736328
vt 0.626464844 0.494628906
vt 0.623535156 0.491210938
vt 0.619140625 0.486083984
vt 0.616699219 0.48046875
vt 0.612792969 0.477050781
vt 0.626464844 0.490478516
vt 0.623535156 0.489013672
vt 0.627929688 0.487304688
vt 0.619140625 0.483398438
vt 0.624023438 0.486083984
vt 0.6171875 0.477783203
vt 0.615234375 0.474609375
vt 0.629394531 0.490722656
vt 0.620605469 0.479248047
vt 0.619628906 0.475097656
vt 0.617675781 0.472412109
vt 0.620117188 0.471191406
vt 0.623535156 0.483398438
vt 0.629394531 0.494873047
vt 0.626953125 0.484130859
vt 0.629394531 0.498046875
vt 0.623535156 0.475097656
vt 0.624023438 0.477783203
vt 0.623535156 0.480712891
vt 0.626464844 0.479736328
vt 0.623535156 0.472167969
vt 0.623535156 0.469970703
vt 0.627441406 0.471679688
vt 0.625976562 0.469482422
vt 0.628417969 0.469238281
vt 0.651855469 0.469482422
vt 0.668945312 0.471923828
vt 0.654296875 0.468994141
vt 0.65625 0.468261719
vt 0.626464844 0.475341797
vt 0.629394531 0.475585938
vt 0.629394531 0.479736328
vt 0.668945312 0.474853516
vt 0.668945312 0.478759766
vt 0.629394531 0.483886719
vt 0.668945312 0.468994141
vt 0.658203125 0.466796875
vt 0.659667969 0.464111328
vt 0.668945312 0.475585938
vt 0.668457031 0.482177734
vt 0.668457031 0.486572266
vt 0.668945312 0.484375
vt 0.668945312 0.482666016
vt 0.668457031 0.490478516
vt 0.668945312 0.486816406
vt 0.669433594 0.479003906
vt 0.668457031 0.494384766
vt 0.668457031 0.497314453
vt 0.668457031 0.499023438
vt 0.668945312 0.497070312
vt 0.668945312 0.493164062
vt 0.668945312 0.489746094
vt 0.670410156 0.486816406
vt 0.670410156 0.480957031
vt 0.670410156 0.493408203
vt 0.670410156 0.474609375
vt 0.670410156 0.5
vt 0.669433594 0.472412109
vt 0.670898438 0.469238281
vt 0.669433594 0.46875
vt 0.668945312 0.499755859
vt 0.668945312 0.501953125
vt 0.670410156 0.506347656
vt 0.669921875 0.465087891
vt 0.670898438 0.464355469
vt 0.669433594 0.466308594
vt 0.669433594 0.464355469
vt 0.661132812 0.460205078
vt 0.669433594 0.461669922
vt 0.661621094 0.456787109
vt 0.669921875 0.461669922
vt 0.671386719 0.458251953
vt 0.670410156 0.458251953
vt 0.669921875 0.458251953
vt 0.669921875 0.456054688
vt 0.661621094 0.452392578
vt 0.670410156 0.454345703
vt 0.671875 0.453369141
vt 0.670410156 0.453857422
vt 0.670898438 0.450927734
vt 0.672363281 0.44921875
vt 0.670410156 0.450683594
vt 0.662597656 0.448242188
vt 0.670898438 0.447753906
vt 0.663085938 0.444580078
vt 0.671386719 0.448974609
vt 0.671875 0.4453125
vt 0.673339844 0.444824219
vt 0.670898438 0.446044922
vt 0.663574219 0.44140625
vt 0.671875 0.442871094
vt 0.6640625 0.438232422
vt 0.672851562 0.439453125
vt 0.672363281 0.442382812
vt 0.674316406 0.440185547
vt 0.672851562 0.439697266
vt 0.668457031 0.502441406
vt 0.668945312 0.505371094
vt 0.670410156 0.513183594
vt 0.669433594 0.514648438
vt 0.669433594 0.518066406
vt 0.670410156 0.51953125
vt 0.668945312 0.515625
vt 0.668945312 0.517578125
vt 0.66015625 0.520507812
vt 0.668945312 0.520507812
vt 0.661132812 0.524414062
vt 0.669921875 0.521972656
vt 0.670898438 0.523925781
vt 0.669433594 0.5234375
vt 0.669921875 0.525390625
vt 0.671875 0.528808594
vt 0.669921875 0.526855469
vt 0.661621094 0.528320312
vt 0.670410156 0.528808594
vt 0.669921875 0.529785156
vt 0.662109375 0.531738281
vt 0.670410156 0.53125
vt 0.662597656 0.53515625
vt 0.670898438 0.531738281
vt 0.671386719 0.534179688
vt 0.672851562 0.534667969
vt 0.670898438 0.534667969
vt 0.663085938 0.538574219
vt 0.671875 0.537597656
vt 0.671875 0.536621094
vt 0.672363281 0.538574219
vt 0.674316406 0.540527344
vt 0.673339844 0.542480469
vt 0.672851562 0.541503906
vt 0.672363281 0.539550781
vt 0.664550781 0.543457031
vt 0.700683594 0.071472168
vt 0.703613281 0.0712890625
vt 0.701660156 0.0688476562
vt 0.705566406 0.0708618164
vt 0.677246094 0.0714111328
vt 0.705566406 0.0678710938
vt 0.708007812 0.0700073242
vt 0.708984375 0.0663452148
vt 0.7109375 0.0685424805
vt 0.713378906 0.0670166016
vt 0.712402344 0.0637207031
vt 0.715332031 0.065246582
vt 0.716796875 0.0632324219
vt 0.715332031 0.0602722168
vt 0.718261719 0.0610961914
vt 0.719726562 0.0583190918
vt 0.705566406 0.0643920898
vt 0.707519531 0.0639648438
vt 0.710449219 0.0616455078
vt 0.701660156 0.0659179688
vt 0.705566406 0.0612182617
vt 0.716796875 0.0566101074
vt 0.712890625 0.0587158203
vt 0.708984375 0.0590209961
vt 0.71875 0.0545349121
vt 0.720703125 0.0556640625
vt 0.721191406 0.0520324707
vt 0.718261719 0.0506896973
vt 0.721191406 0.0484313965
vt 0.715820312 0.0538330078
vt 0.714355469 0.0559997559
vt 0.710449219 0.055847168
vt 0.711914062 0.0538330078
vt 0.71875 0.0469360352
vt 0.715820312 0.0473632812
vt 0.720703125 0.0454711914
vt 0.713867188 0.0506286621
vt 0.717773438 0.0443725586
vt 0.719238281 0.0424499512
vt 0.716796875 0.0419006348
vt 0.718261719 0.0399169922
vt 0.715332031 0.044708252
vt 0.715332031 0.0399475098
vt 0.716796875 0.0377197266
vt 0.712890625 0.0415649414
vt 0.713867188 0.0381774902
vt 0.713867188 0.0350036621
vt 0.713378906 0.0450744629
vt 0.711914062 0.0474853516
vt 0.7109375 0.0454101562
vt 0.710449219 0.0429077148
vt 0.710449219 0.0386657715
vt 0.711914062 0.0363769531
vt 0.709960938 0.0348510742
vt 0.710449219 0.0325012207
vt 0.708007812 0.0335693359
vt 0.707519531 0.0311126709
vt 0.707519531 0.0375366211
vt 0.705566406 0.0329284668
vt 0.705078125 0.0303955078
vt 0.705566406 0.0363464355
vt 0.702148438 0.0325012207
vt 0.701660156 0.0298461914
vt 0.677246094 0.0298614502
vt 0.708984375 0.0401306152
vt 0.707519531 0.0416259766
vt 0.705566406 0.0402832031
vt 0.705078125 0.0434570312
vt 0.708007812 0.0440368652
vt 0.707519531 0.0454711914
vt 0.660644531 0.0325927734
vt 0.660644531 0.0297241211
vt 0.674316406 0.0292053223
vt 0.672851562 0.028503418
vt 0.671386719 0.0272674561
vt 0.701660156 0.0352783203
vt 0.701660156 0.0377807617
vt 0.701660156 0.0403137207
vt 0.660644531 0.037689209
vt 0.660644531 0.03515625
vt 0.66015625 0.0325927734
vt 0.660644531 0.0280609131
vt 0.66015625 0.0293426514
vt 0.660644531 0.026184082
vt 0.670410156 0.0259094238
vt 0.66015625 0.0264282227
vt 0.660644531 0.0243682861
vt 0.669433594 0.0238494873
vt 0.658691406 0.0280609131
vt 0.66015625 0.0245819092
vt 0.658691406 0.0336914062
vt 0.658691406 0.0210571289
vt 0.66015625 0.03515625
vt 0.658691406 0.0387573242
vt 0.66015625 0.0378112793
vt 0.66015625 0.0403747559
vt 0.658691406 0.0455627441
vt 0.66015625 0.0227966309
vt 0.660644531 0.0404052734
vt 0.660644531 0.0217437744
vt 0.668945312 0.020614624
vt 0.66015625 0.0209960938
vt 0.66015625 0.0189361572
vt 0.668457031 0.0177612305
vt 0.659667969 0.0182800293
vt 0.658203125 0.0146331787
vt 0.66015625 0.0170898438
vt 0.66796875 0.0129318237
vt 0.659667969 0.0148010254
vt 0.658691406 0.0106964111
vt 0.657226562 0.00828552246
vt 0.66015625 0.0152740479
vt 0.659667969 0.013420105
vt 0.659667969 0.0115661621
vt 0.667480469 0.00792694092
vt 0.659179688 0.00975799561
vt 0.659179688 0.00785827637
vt 0.666992188 0.00394821167
vt 0.658203125 0.00701522827
vt 0.658691406 0.00524520874
vt 0.666015625 0
vt 0.657714844 0.00175285339
vt 0.657714844 0.00433349609
vt 0.65625 0.00186347961
vt 0.657226562 0.00163555145
vt 0.701660156 0.0430297852
vt 0.660644531 0.0431213379
vt 0.701660156 0.0454101562
vt 0.66015625 0.0429382324
vt 0.66015625 0.045501709
vt 0.660644531 0.0456237793
vt 0.66015625 0.0481262207
vt 0.705078125 0.0463256836
vt 0.707519531 0.0475463867
vt 0.704101562 0.0478210449
vt 0.699707031 0.0479125977
vt 0.709960938 0.0506591797
vt 0.705566406 0.0511779785
vt 0.708007812 0.0537109375
vt 0.702636719 0.0518188477
vt 0.660644531 0.0481262207
vt 0.70703125 0.0565490723
vt 0.705078125 0.0551147461
vt 0.705078125 0.058013916
vt 0.699707031 0.0506286621
vt 0.660644531 0.0505981445
vt 0.701171875 0.0557250977
vt 0.69921875 0.0532836914
vt 0.701660156 0.0581359863
vt 0.66015625 0.0505981445
vt 0.658691406 0.0523376465
vt 0.660644531 0.0531616211
vt 0.66015625 0.0531311035
vt 0.660644531 0.0556640625
vt 0.66015625 0.0557250977
vt 0.658691406 0.0570983887
vt 0.660644531 0.0581665039
vt 0.66015625 0.0584106445
vt 0.658691406 0.0625610352
vt 0.660644531 0.0607910156
vt 0.66015625 0.0609741211
vt 0.701660156 0.0609436035
vt 0.701660156 0.0634765625
vt 0.660644531 0.0634765625
vt 0.66015625 0.0635375977
vt 0.660644531 0.0660400391
vt 0.66015625 0.0660400391
vt 0.658691406 0.0676269531
vt 0.66015625 0.0687255859
vt 0.658691406 0.0729370117
vt 0.660644531 0.0687255859
vt 0.66015625 0.0713500977
vt 0.660644531 0.0710449219
vt 0.674804688 0.0718383789
vt 0.673339844 0.0725708008
vt 0.660644531 0.0731201172
vt 0.670898438 0.0745849609
vt 0.66015625 0.0740356445
vt 0.658691406 0.0797119141
vt 0.660644531 0.0749511719
vt 0.669433594 0.076965332
vt 0.66015625 0.0767822266
vt 0.660644531 0.0767822266
vt 0.668945312 0.0795898438
vt 0.66015625 0.0793457031
vt 0.660644531 0.0785522461
vt 0.66015625 0.0803833008
vt 0.668457031 0.0831298828
vt 0.659667969 0.0822753906
vt 0.658203125 0.0863037109
vt 0.66015625 0.0823364258
vt 0.66015625 0.0850219727
vt 0.66796875 0.0865478516
vt 0.659667969 0.0852050781
vt 0.659179688 0.0878295898
vt 0.657226562 0.0926513672
vt 0.659667969 0.0878295898
vt 0.66796875 0.0911865234
vt 0.659179688 0.0897827148
vt 0.658691406 0.091003418
vt 0.659179688 0.0924072266
vt 0.666992188 0.0961914062
vt 0.658691406 0.0934448242
vt 0.658203125 0.0952758789
vt 0.65625 0.0993652344
vt 0.657714844 0.0979003906
vt 0.658691406 0.0960693359
vt 0.666503906 0.100341797
vt 0.657714844 0.0991210938
f 3/3 2/2 1/1
f 4/4 3/3 1/1
f 5/5 4/4 1/1
f 6/6 4/4 5/5
f 7/7 6/6 5/5
f 8/8 6/6 7/7
f 9/9 8/8 7/7
f 10/10 8/8 9/9
f 11/11 10/10 9/9
f 12/12 10/10 11/11
f 13/13 12/12 11/11
f 14/14 12/12 13/13
f 15/15 14/14 13/13
f 16/16 14/14 15/15
f 16/16 15/15 17/17
f 15/15 18/18 17/17
f 18/18 19/19 17/17
f 17/17 19/19 20/20
f 19/19 21/21 20/20
f 20/20 21/21 22/22
f 21/21 23/23 22/22
f 22/22 23/23 24/24
f 23/23 25/25 24/24
f 28/28 27/27 26/26
f 29/29 27/27 28/28
f 30/30 27/27 29/29
f 31/31 30/30 29/29
f 32/32 30/30 31/31
f 33/33 32/32 31/31
f 33/33 34/34 32/32
f 35/35 34/34 33/33
f 35/35 36/36 34/34
f 36/36 35/35 37/37
f 38/38 36/36 37/37
f 37/37 39/39 38/38
f 40/40 38/38 39/39
f 39/39 41/41 40/40
f 40/40 41/41 42/42
f 41/41 43/43 42/42
f 42/42 43/43 44/44
f 43/43 45/45 44/44
f 44/44 45/45 46/46
f 45/45 47/47 46/46
f 50/50 49/49 48/48
f 51/51 50/50 48/48
f 52/52 50/50 51/51
f 53/53 52/52 51/51
f 53/53 54/54 52/52
f 52/52 54/54 55/55
f 54/54 56/56 55/55
f 55/55 56/56 57/57
f 58/58 57/57 56/56
f 58/58 59/59 57/57
f 60/60 59/59 58/58
f 61/61 59/59 60/60
f 60/60 62/62 61/61
f 61/61 62/62 63/63
f 64/64 63/63 62/62
f 64/64 65/65 63/63
f 65/65 64/64 66/66
f 67/67 65/65 66/66
f 65/65 67/67 68/68
f 67/67 69/69 68/68
f 68/68 69/69 70/70
f 69/69 71/71 70/70
f 70/70 71/71 72/72
f 71/71 73/73 72/72
f 72/72 73/73 74/74
f 74/74 73/73 75/75
f 76/76 74/74 75/75
f 77/77 76/76 75/75
f 78/78 76/76 77/77
f 77/77 79/79 78/78
f 78/78 79/79 80/80
f 79/79 81/81 80/80
f 80/80 81/81 82/82
f 81/81 83/83 82/82
f 82/82 83/83 84/84
f 84/84 83/83 85/85
f 85/85 86/86 84/84
f 84/84 86/86 87/87
f 87/87 86/86 88/88
f 87/87 88/88 89/89
f 89/89 88/88 90/90
f 89/89 90/90 91/91
f 89/89 91/91 92/92
f 89/89 92/92 93/93
f 93/93 92/92 94/94
f 95/95 93/93 94/94
f 96/96 95/95 94/94
f 97/97 95/95 96/96
f 98/98 97/97 96/96
f 99/99 97/97 98/98
f 100/100 99/99 98/98
f 101/101 99/99 100/100
f 102/102 101/101 100/100
f 103/103 102/102 100/100
f 106/106 105/105 104/104
f 107/107 106/106 104/104
f 106/106 107/107 108/108
f 108/108 107/107 109/109
f 107/107 110/110 109/109
f 109/109 110/110 111/111
f 110/110 112/112 111/111
f 111/111 112/112 113/113
f 112/112 114/114 113/113
f 114/114 115/115 113/113
f 115/115 116/116 113/113
f 117/117 116/116 115/115
f 117/117 118/118 116/116
f 119/119 118/118 117/117
f 120/120 118/118 119/119
f 121/121 120/120 119/119
f 121/121 122/122 120/120
f 123/123 122/122 121/121
f 124/124 123/123 121/121
f 125/125 123/123 124/124
f 125/125 124/124 126/126
f 124/124 127/127 126/126
f 128/128 127/127 124/124
f 128/128 129/129 127/127
f 127/127 129/129 130/130
f 131/131 130/130 129/129
f 132/132 130/130 131/131
f 133/133 132/132 131/131
f 134/134 132/132 133/133
f 135/135 134/134 133/133
f 136/136 135/135 133/133
f 137/137 135/135 136/136
f 138/138 135/135 137/137
f 139/139 138/138 137/137
f 140/140 138/138 139/139
f 141/141 140/140 139/139
f 142/142 140/140 141/141
f 141/141 143/143 142/142
f 144/144 142/142 143/143
f 143/143 145/145 144/144
f 143/143 146/146 145/145
f 147/147 146/146 143/143
f 148/148 146/146 147/147
f 149/149 148/148 147/147
f 150/150 149/149 147/147
f 150/150 151/151 149/149
f 152/152 151/151 150/150
f 153/153 152/152 150/150
f 153/153 154/154 152/152
f 152/152 154/154 155/155
f 156/156 155/155 154/154
f 157/157 156/156 154/154
f 156/156 157/157 158/158
f 157/157 159/159 158/158
f 160/160 158/158 159/159
f 161/161 160/160 159/159
f 161/161 162/162 160/160
f 160/160 162/162 163/163
f 162/162 164/164 163/163
f 163/163 164/164 165/165
f 168/168 167/167 166/166
f 166/166 167/167 169/169
f 167/167 170/170 169/169
f 169/169 170/170 171/171
f 171/171 170/170 172/172
f 170/170 173/173 172/172
f 172/172 173/173 174/174
f 173/173 175/175 174/174
f 176/176 174/174 175/175
f 177/177 174/174 176/176
f 178/178 177/177 176/176
f 177/177 178/178 179/179
f 180/180 179/179 178/178
f 181/181 179/179 180/180
f 180/180 182/182 181/181
f 183/183 179/179 181/181
f 182/182 183/183 181/181
f 184/184 183/183 182/182
f 185/185 183/183 184/184
f 184/184 186/186 185/185
f 186/186 187/187 185/185
f 185/185 187/187 188/188
f 187/187 189/189 188/188
f 192/192 191/191 190/190
f 193/193 191/191 192/192
f 194/194 191/191 193/193
f 193/193 195/195 194/194
f 194/194 195/195 196/196
f 195/195 197/197 196/196
f 196/196 197/197 198/198
f 197/197 199/199 198/198
f 198/198 199/199 200/200
f 199/199 201/201 200/200
f 200/200 201/201 202/202
f 201/201 203/203 202/202
f 203/203 204/204 202/202
f 205/205 204/204 203/203
f 206/206 204/204 205/205
f 207/207 206/206 205/205
f 208/208 207/207 205/205
f 209/209 207/207 208/208
f 210/210 209/209 208/208
f 211/211 209/209 210/210
f 212/212 211/211 210/210
f 213/213 212/212 210/210
f 214/214 212/212 213/213
f 215/215 214/214 213/213
f 216/216 215/215 213/213
f 219/219 218/218 217/217
f 217/217 218/218 220/220
f 218/218 221/221 220/220
f 220/220 221/221 222/222
f 223/223 222/222 221/221
f 224/224 223/223 221/221
f 225/225 223/223 224/224
f 224/224 226/226 225/225
f 227/227 225/225 226/226
f 228/228 227/227 226/226
f 227/227 228/228 229/229
f 228/228 230/230 229/229
f 231/231 229/229 230/230
f 232/232 231/231 230/230
f 231/231 232/232 233/233
f 232/232 234/234 233/233
f 233/233 234/234 235/235
f 234/234 236/236 235/235
f 236/236 237/237 235/235
f 238/238 237/237 236/236
f 239/239 237/237 238/238
f 240/240 237/237 239/239
f 241/241 240/240 239/239
f 242/242 240/240 241/241
f 241/241 243/243 242/242
f 244/244 243/243 241/241
f 245/245 243/243 244/244
f 246/246 245/245 244/244
f 247/247 245/245 246/246
f 248/248 247/247 246/246
f 249/249 247/247 248/248
f 250/250 247/247 249/249
f 250/250 249/249 251/251
f 249/249 252/252 251/251
f 251/251 252/252 253/253
f 252/252 254/254 253/253
f 253/253 254/254 255/255
f 254/254 256/256 255/255
f 256/256 257/257 255/255
f 255/255 257/257 258/258
f 259/259 258/258 257/257
f 260/260 259/259 257/257
f 261/261 259/259 260/260
f 262/262 261/261 260/260
f 263/263 261/261 262/262
f 264/264 263/263 262/262
f 265/265 263/263 264/264
f 266/266 265/265 264/264
f 267/267 265/265 266/266
f 268/268 267/267 266/266
f 269/269 267/267 268/268
f 270/270 269/269 268/268
f 271/271 269/269 270/270
f 270/270 272/272 271/271
f 272/272 273/273 271/271
f 271/271 273/273 274/274
f 274/274 273/273 275/275
f 274/274 275/275 276/276
f 275/275 277/277 276/276
f 276/276 277/277 278/278
f 278/278 277/277 279/279
f 278/278 279/279 280/280
f 279/279 281/281 280/280
f 280/280 281/281 282/282
f 283/283 282/282 281/281
f 281/281 284/284 283/283
f 283/283 284/284 285/285
f 285/285 284/284 286/286
f 284/284 287/287 286/286
f 286/286 287/287 288/288
f 287/287 289/289 288/288
f 288/288 289/289 290/290
f 289/289 291/291 290/290
f 290/290 291/291 292/292
f 291/291 293/293 292/292
f 292/292 293/293 294/294
f 292/292 294/294 295/295
f 295/295 294/294 296/296
f 295/295 296/296 297/297
f 296/296 298/298 297/297
f 298/298 299/299 297/297
f 300/300 299/299 298/298
f 301/301 299/299 300/300
f 302/302 301/301 300/300
f 303/303 301/301 302/302
f 302/302 304/304 303/303
f 305/305 304/304 302/302
f 306/306 304/304 305/305
f 309/309 308/308 307/307
f 310/310 308/308 309/309
f 311/311 310/310 309/309
f 312/312 310/310 311/311
f 313/313 312/312 311/311
f 314/314 312/312 313/313
f 315/315 312/312 314/314
f 314/314 316/316 315/315
f 315/315 316/316 317/317
f 317/317 316/316 318/318
f 318/318 319/319 317/317
f 319/319 318/318 320/320
f 318/318 321/321 320/320
f 321/321 322/322 320/320
f 321/321 323/323 322/322
f 322/322 323/323 324/324
f 323/323 325/325 324/324
f 324/324 325/325 326/326
f 325/325 327/327 326/326
f 328/328 326/326 327/327
f 329/329 326/326 328/328
f 328/328 330/330 329/329
f 329/329 330/330 331/331
f 330/330 332/332 331/331
f 331/331 332/332 333/333
f 332/332 334/334 333/333
f 333/333 334/334 335/335
f 335/335 334/334 336/336
f 335/335 336/336 337/337
f 337/337 336/336 338/338
f 338/338 339/339 337/337
f 337/337 339/339 340/340
f 341/341 340/340 339/339
f 342/342 340/340 341/341
f 341/341 343/343 342/342
f 342/342 343/343 344/344
f 343/343 345/345 344/344
f 344/344 345/345 346/346
f 345/345 347/347 346/346
f 346/346 347/347 348/348
f 347/347 349/349 348/348
f 348/348 349/349 350/350
f 349/349 351/351 350/350
f 352/352 351/351 349/349
f 352/352 353/353 351/351
f 351/351 353/353 354/354
f 355/355 354/354 353/353
f 356/356 355/355 353/353
f 357/357 355/355 356/356
f 358/358 357/357 356/356
f 358/358 359/359 357/357
f 357/357 359/359 360/360
f 360/360 359/359 361/361
f 360/360 361/361 362/362
f 363/363 362/362 361/361
f 361/361 364/364 363/363
f 363/363 364/364 365/365
f 366/366 365/365 364/364
f 367/367 365/365 366/366
f 366/366 368/368 367/367
f 367/367 368/368 369/369
f 368/368 370/370 369/369
f 371/371 369/369 370/370
f 371/371 370/370 372/372
f 372/372 373/373 371/371
f 374/374 373/373 372/372
f 373/373 374/374 375/375
f 375/375 374/374 376/376
f 375/375 376/376 377/377
f 376/376 378/378 377/377
f 379/379 378/378 376/376
f 378/378 379/379 380/380
f 381/381 378/378 380/380
f 382/382 381/381 380/380
f 383/383 381/381 382/382
f 383/383 382/382 384/384
f 382/382 385/385 384/384
f 385/385 386/386 384/384
f 386/386 387/387 384/384
f 388/388 387/387 386/386
f 389/389 388/388 386/386
f 390/390 388/388 389/389
f 391/391 390/390 389/389
f 392/392 390/390 391/391
f 393/393 392/392 391/391
f 394/394 392/392 393/393
f 395/395 394/394 393/393
f 398/398 397/397 396/396
f 399/399 396/396 397/397
f 400/400 396/396 399/399
f 401/401 400/400 399/399
f 402/402 400/400 401/401
f 403/403 400/400 402/402
f 402/402 404/404 403/403
f 403/403 404/404 405/405
f 405/405 404/404 406/406
f 404/404 407/407 406/406
f 408/408 406/406 407/407
f 409/409 408/408 407/407
f 408/408 409/409 410/410
f 410/410 409/409 411/411
f 410/410 411/411 412/412
f 411/411 413/413 412/412
f 416/416 415/415 414/414
f 417/417 416/416 414/414
f 418/418 416/416 417/417
f 419/419 416/416 418/418
f 420/420 419/419 418/418
f 420/420 421/421 419/419
f 421/421 420/420 422/422
f 422/422 420/420 423/423
f 423/423 424/424 422/422
f 423/423 425/425 424/424
f 424/424 425/425 426/426
f 425/425 427/427 426/426
f 426/426 427/427 428/428
f 427/427 429/429 428/428
f 432/432 431/431 430/430
f 430/430 431/431 433/433
f 433/433 431/431 434/434
f 431/431 435/435 434/434
f 435/435 436/436 434/434
f 437/437 436/436 435/435
f 438/438 436/436 437/437
f 437/437 439/439 438/438
f 438/438 439/439 440/440
f 441/441 440/440 439/439
f 442/442 440/440 441/441
f 443/443 442/442 441/441
f 444/444 442/442 443/443
f 445/445 442/442 444/444
f 446/446 445/445 444/444
f 447/447 445/445 446/446
f 448/448 447/447 446/446
f 449/449 447/447 448/448
f 450/450 447/447 449/449
f 451/451 450/450 449/449
f 452/452 450/450 451/451
f 453/453 450/450 452/452
f 454/454 453/453 452/452
f 455/455 453/453 454/454
f 454/454 456/456 455/455
f 459/459 458/458 457/457
f 457/457 460/460 459/459
f 460/460 461/461 459/459
f 462/462 461/461 460/460
f 459/459 461/461 463/463
f 461/461 464/464 463/463
f 464/464 465/465 463/463
f 465/465 466/466 463/463
f 466/466 465/465 467/467
f 465/465 468/468 467/467
f 468/468 469/469 467/467
f 469/469 470/470 467/467
f 470/470 471/471 467/467
f 470/470 469/469 472/472
f 469/469 473/473 472/472
f 474/474 473/473 469/469
f 475/475 472/472 473/473
f 473/473 476/476 475/475
f 477/477 476/476 473/473
f 476/476 478/478 475/475
f 479/479 478/478 476/476
f 480/480 479/479 476/476
f 481/481 480/480 476/476
f 482/482 479/479 480/480
f 485/485 484/484 483/483
f 484/484 486/486 483/483
f 483/483 486/486 487/487
f 487/487 486/486 488/488
f 486/486 489/489 488/488
f 488/488 489/489 490/490
f 490/490 489/489 491/491
f 492/492 490/490 491/491
f 491/491 493/493 492/492
f 492/492 493/493 494/494
f 493/493 495/495 494/494
f 496/496 494/494 495/495
f 497/497 496/496 495/495
f 498/498 496/496 497/497
f 497/497 499/499 498/498
f 499/499 500/500 498/498
f 498/498 500/500 501/501
f 502/502 501/501 500/500
f 503/503 502/502 500/500
f 504/504 502/502 503/503
f 505/505 504/504 503/503
f 506/506 504/504 505/505
f 507/507 506/506 505/505
f 510/510 509/509 508/508
f 511/511 509/509 510/510
f 510/510 512/512 511/511
f 511/511 512/512 513/513
f 513/513 512/512 514/514
f 513/513 514/514 515/515
f 514/514 516/516 515/515
f 515/515 516/516 517/517
f 516/516 518/518 517/517
f 518/518 519/519 517/517
f 517/517 519/519 520/520
f 521/521 520/520 519/519
f 522/522 521/521 519/519
f 523/523 521/521 522/522
f 524/524 521/521 523/523
f 523/523 525/525 524/524
f 528/528 527/527 526/526
f 526/526 527/527 529/529
f 529/529 527/527 530/530
f 527/527 531/531 530/530
f 531/531 532/532 530/530
f 533/533 532/532 531/531
f 532/532 533/533 534/534
f 533/533 535/535 534/534
f 535/535 536/536 534/534
f 535/535 537/537 536/536
f 536/536 537/537 538/538
f 537/537 539/539 538/538
f 540/540 539/539 537/537
f 541/541 539/539 540/540
f 542/542 541/541 540/540
f 543/543 541/541 542/542
f 544/544 543/543 542/542
f 545/545 543/543 544/544
f 544/544 546/546 545/545
f 549/549 548/548 547/547
f 547/547 548/548 550/550
f 548/548 551/551 550/550
f 550/550 551/551 552/552
f 551/551 553/553 552/552
f 552/552 553/553 554/554
f 554/554 553/553 555/555
f 555/555 556/556 554/554
f 554/554 556/556 557/557
f 556/556 558/558 557/557
f 557/557 558/558 559/559
f 559/559 558/558 560/560
f 559/559 560/560 561/561
f 562/562 561/561 560/560
f 563/563 561/561 562/562
f 564/564 563/563 562/562
f 563/563 564/564 565/565
f 564/564 566/566 565/565
f 567/567 565/565 566/566
f 568/568 567/567 566/566
f 569/569 567/567 568/568
f 570/570 569/569 568/568
f 571/571 569/569 570/570
f 572/572 569/569 571/571
f 573/573 572/572 571/571
f 574/574 572/572 573/573
f 573/573 575/575 574/574
f 578/578 577/577 576/576
f 579/579 577/577 578/578
f 580/580 579/579 578/578
f 581/581 580/580 578/578
f 581/581 582/582 580/580
f 580/580 582/582 583/583
f 583/583 582/582 584/584
f 584/584 585/585 583/583
f 586/586 585/585 584/584
f 587/587 585/585 586/586
f 586/586 588/588 587/587
f 587/587 588/588 589/589
f 588/588 590/590 589/589
f 589/589 590/590 591/591
f 591/591 590/590 592/592
f 592/592 590/590 593/593
f 594/594 592/592 593/593
f 595/595 594/594 593/593
f 593/593 596/596 595/595
f 595/595 596/596 597/597
f 597/597 596/596 598/598
f 596/596 599/599 598/598
f 598/598 599/599 600/600
f 603/603 602/602 601/601
f 604/604 603/603 601/601
f 603/603 604/604 605/605
f 603/603 605/605 606/606
f 603/603 606/606 607/607
f 603/603 607/607 608/608
f 603/603 608/608 609/609
f 609/609 610/610 603/603
f 603/603 610/610 611/611
f 612/612 603/603 611/611
f 603/603 612/612 613/613
f 613/613 614/614 603/603
f 614/614 615/615 603/603
f 615/615 616/616 603/603
f 616/616 617/617 603/603
f 617/617 618/618 603/603
f 618/618 619/619 603/603
f 619/619 620/620 603/603
f 620/620 621/621 603/603
f 621/621 622/622 603/603
f 622/622 623/623 603/603
f 623/623 624/624 603/603
f 624/624 625/625 603/603
f 625/625 626/626 603/603
f 626/626 627/627 603/603
f 627/627 628/628 603/603
f 628/628 629/629 603/603
f 629/629 630/630 603/603
f 630/630 631/631 603/603
f 603/603 631/631 632/632
f 632/632 633/633 603/603
f 633/633 634/634 603/603
f 637/637 636/636 635/635
f 638/638 636/636 637/637
f 639/639 638/638 637/637
f 637/637 640/640 639/639
f 641/641 640/640 637/637
f 637/637 642/642 641/641
f 643/643 642/642 637/637
f 644/644 643/643 637/637
f 637/637 645/645 644/644
f 646/646 645/645 637/637
f 647/647 646/646 637/637
f 637/637 648/648 647/647
f 649/649 648/648 637/637
f 650/650 649/649 637/637
f 637/637 651/651 650/650
f 652/652 651/651 637/637
f 653/653 652/652 637/637
f 637/637 654/654 653/653
f 655/655 654/654 637/637
f 656/656 655/655 637/637
f 637/637 657/657 656/656
f 658/658 657/657 637/637
f 659/659 658/658 637/637
f 660/660 659/659 637/637
f 661/661 660/660 637/637
f 662/662 661/661 637/637
f 663/663 662/662 637/637
f 664/664 663/663 637/637
f 665/665 664/664 637/637
f 666/666 665/665 637/637
f 667/667 666/666 637/637
f 668/668 667/667 637/637
f 668/668 637/637 669/669
f 670/670 669/669 637/637
f 671/671 670/670 637/637
f 672/672 671/671 637/637
f 673/673 672/672 637/637
f 673/673 637/637 674/674
f 637/637 675/675 674/674
f 676/676 675/675 637/637
f 677/677 676/676 637/637
f 678/678 677/677 637/637
f 679/679 678/678 637/637
f 680/680 679/679 637/637
f 637/637 681/681 680/680
f 682/682 681/681 637/637
f 683/683 682/682 637/637
f 637/637 684/684 683/683
f 685/685 684/684 637/637
f 686/686 685/685 637/637
f 689/689 688/688 687/687
f 688/688 690/690 687/687
f 690/690 691/691 687/687
f 691/691 690/690 692/692
f 692/692 690/690 693/693
f 692/692 694/694 691/691
f 694/694 695/695 691/691
f 694/694 696/696 695/695
f 696/696 697/697 695/695
f 696/696 698/698 697/697
f 698/698 699/699 697/697
f 698/698 700/700 699/699
f 700/700 701/701 699/699
f 701/701 700/700 702/702
f 700/700 703/703 702/702
f 702/702 703/703 704/704
f 703/703 705/705 704/704
f 706/706 704/704 705/705
f 706/706 705/705 707/707
f 708/708 704/704 706/706
f 709/709 704/704 708/708
f 710/710 708/708 706/706
f 708/708 710/710 711/711
f 714/714 713/713 712/712
f 713/713 714/714 715/715
f 716/716 713/713 715/715
f 717/717 713/713 716/716
f 718/718 713/713 717/717
f 718/718 719/719 713/713
f 718/718 720/720 719/719
f 720/720 721/721 719/719
f 721/721 722/722 719/719
f 722/722 723/723 719/719
f 723/723 724/724 719/719
f 727/727 726/726 725/725
f 728/728 727/727 725/725
f 729/729 728/728 725/725
f 730/730 729/729 725/725
f 730/730 725/725 731/731
f 732/732 730/730 731/731
f 733/733 732/732 731/731
f 734/734 733/733 731/731
f 735/735 734/734 731/731
f 736/736 735/735 731/731
f 739/739 738/738 737/737
f 740/740 738/738 739/739
f 737/737 741/741 739/739
f 742/742 741/741 737/737
f 737/737 743/743 742/742
f 742/742 743/743 744/744
f 745/745 742/742 744/744
f 746/746 742/742 745/745
f 747/747 742/742 746/746
f 741/741 742/742 748/748
f 739/739 741/741 748/748
f 749/749 746/746 745/745
f 749/749 745/745 750/750
f 751/751 749/749 750/750
f 751/751 746/746 749/749
f 752/752 751/751 750/750
f 752/752 753/753 751/751
f 753/753 754/754 751/751
f 754/754 753/753 755/755
f 755/755 756/756 754/754
f 742/742 747/747 757/757
f 742/742 757/757 748/748
f 758/758 746/746 751/751
f 751/751 754/754 758/758
f 756/756 759/759 754/754
f 759/759 756/756 760/760
f 761/761 759/759 760/760
f 761/761 760/760 762/762
f 762/762 763/763 761/761
f 754/754 759/759 764/764
f 754/754 764/764 758/758
f 759/759 761/761 764/764
f 761/761 763/763 765/765
f 763/763 766/766 765/765
f 765/765 766/766 767/767
f 766/766 768/768 767/767
f 769/769 761/761 765/765
f 767/767 769/769 765/765
f 764/764 761/761 770/770
f 761/761 769/769 770/770
f 758/758 764/764 771/771
f 764/764 770/770 771/771
f 767/767 768/768 772/772
f 768/768 773/773 772/772
f 769/769 767/767 774/774
f 767/767 772/772 774/774
f 775/775 770/770 769/769
f 774/774 775/775 769/769
f 772/772 773/773 776/776
f 773/773 777/777 776/776
f 770/770 775/775 778/778
f 771/771 770/770 778/778
f 778/778 779/779 771/771
f 771/771 780/780 758/758
f 779/779 780/780 771/771
f 780/780 746/746 758/758
f 778/778 775/775 781/781
f 775/775 774/774 781/781
f 781/781 779/779 778/778
f 774/774 772/772 782/782
f 772/772 776/776 782/782
f 776/776 777/777 783/783
f 777/777 784/784 783/783
f 746/746 780/780 785/785
f 785/785 747/747 746/746
f 785/785 780/780 786/786
f 780/780 779/779 786/786
f 786/786 747/747 785/785
f 781/781 774/774 787/787
f 774/774 782/782 787/787
f 782/782 776/776 788/788
f 776/776 783/783 788/788
f 783/783 784/784 789/789
f 789/789 784/784 790/790
f 779/779 781/781 791/791
f 781/781 787/787 791/791
f 787/787 782/782 792/792
f 782/782 788/788 792/792
f 788/788 783/783 793/793
f 783/783 789/789 793/793
f 794/794 789/789 790/790
f 795/795 794/794 790/790
f 787/787 792/792 796/796
f 791/791 787/787 796/796
f 792/792 788/788 797/797
f 788/788 793/793 797/797
f 792/792 797/797 796/796
f 796/796 797/797 798/798
f 793/793 789/789 799/799
f 789/789 794/794 799/799
f 797/797 793/793 800/800
f 797/797 800/800 798/798
f 793/793 799/799 800/800
f 801/801 794/794 795/795
f 802/802 801/801 795/795
f 791/791 796/796 803/803
f 803/803 796/796 798/798
f 804/804 799/799 794/794
f 801/801 804/804 794/794
f 801/801 802/802 805/805
f 805/805 804/804 801/801
f 802/802 806/806 805/805
f 807/807 805/805 806/806
f 800/800 799/799 808/808
f 799/799 804/804 808/808
f 809/809 791/791 803/803
f 779/779 791/791 809/809
f 798/798 800/800 810/810
f 800/800 808/808 810/810
f 811/811 779/779 809/809
f 786/786 779/779 811/811
f 805/805 807/807 812/812
f 804/804 805/805 813/813
f 813/813 805/805 812/812
f 808/808 804/804 814/814
f 814/814 804/804 813/813
f 808/808 814/814 815/815
f 814/814 813/813 815/815
f 810/810 808/808 815/815
f 812/812 807/807 816/816
f 816/816 807/807 817/817
f 816/816 818/818 812/812
f 818/818 816/816 819/819
f 819/819 816/816 817/817
f 820/820 818/818 819/819
f 818/818 820/820 821/821
f 818/818 821/821 822/822
f 822/822 821/821 823/823
f 822/822 823/823 824/824
f 812/812 825/825 813/813
f 825/825 815/815 813/813
f 818/818 825/825 812/812
f 815/815 825/825 826/826
f 826/826 825/825 818/818
f 810/810 815/815 827/827
f 827/827 815/815 826/826
f 826/826 818/818 828/828
f 828/828 818/818 822/822
f 828/828 829/829 826/826
f 826/826 829/829 827/827
f 830/830 810/810 827/827
f 798/798 810/810 830/830
f 824/824 831/831 822/822
f 832/832 831/831 824/824
f 831/831 832/832 833/833
f 828/828 834/834 829/829
f 828/828 822/822 834/834
f 827/827 835/835 830/830
f 829/829 835/835 827/827
f 830/830 836/836 798/798
f 830/830 835/835 837/837
f 837/837 836/836 830/830
f 829/829 838/838 835/835
f 835/835 838/838 837/837
f 836/836 839/839 798/798
f 798/798 839/839 803/803
f 837/837 840/840 836/836
f 837/837 838/838 840/840
f 836/836 840/840 839/839
f 834/834 841/841 829/829
f 829/829 841/841 838/838
f 839/839 842/842 803/803
f 803/803 842/842 809/809
f 842/842 843/843 809/809
f 809/809 843/843 811/811
f 843/843 844/844 811/811
f 811/811 844/844 786/786
f 845/845 843/843 842/842
f 843/843 845/845 844/844
f 839/839 846/846 842/842
f 842/842 846/846 845/845
f 840/840 847/847 839/839
f 839/839 847/847 846/846
f 838/838 848/848 840/840
f 840/840 848/848 847/847
f 848/848 838/838 849/849
f 838/838 841/841 849/849
f 847/847 848/848 850/850
f 847/847 850/850 846/846
f 846/846 850/850 845/845
f 849/849 841/841 851/851
f 841/841 834/834 851/851
f 850/850 852/852 845/845
f 834/834 853/853 851/851
f 822/822 853/853 834/834
f 851/851 853/853 854/854
f 853/853 822/822 855/855
f 853/853 855/855 854/854
f 855/855 822/822 831/831
f 845/845 852/852 856/856
f 844/844 845/845 856/856
f 856/856 852/852 857/857
f 844/844 856/856 857/857
f 852/852 858/858 857/857
f 854/854 855/855 859/859
f 859/859 860/860 854/854
f 861/861 855/855 831/831
f 861/861 859/859 855/855
f 833/833 861/861 831/831
f 862/862 861/861 833/833
f 859/859 861/861 862/862
f 863/863 862/862 833/833
f 864/864 862/862 863/863
f 859/859 862/862 864/864
f 865/865 864/864 863/863
f 866/866 860/860 859/859
f 866/866 859/859 864/864
f 867/867 860/860 866/866
f 866/866 864/864 868/868
f 868/868 867/867 866/866
f 869/869 864/864 865/865
f 868/868 864/864 869/869
f 870/870 869/869 865/865
f 870/870 868/868 869/869
f 871/871 870/870 865/865
f 872/872 867/867 868/868
f 870/870 872/872 868/868
f 873/873 867/867 872/872
f 871/871 874/874 870/870
f 874/874 872/872 870/870
f 875/875 873/873 872/872
f 872/872 874/874 875/875
f 876/876 873/873 875/875
f 877/877 874/874 871/871
f 875/875 874/874 877/877
f 878/878 877/877 871/871
f 879/879 877/877 878/878
f 875/875 877/877 879/879
f 880/880 879/879 878/878
f 881/881 876/876 875/875
f 881/881 875/875 879/879
f 882/882 876/876 881/881
f 879/879 882/882 881/881
f 883/883 876/876 882/882
f 880/880 884/884 879/879
f 884/884 882/882 879/879
f 880/880 885/885 884/884
f 884/884 885/885 886/886
f 884/884 886/886 882/882
f 885/885 887/887 886/886
f 886/886 887/887 888/888
f 889/889 883/883 882/882
f 886/886 889/889 882/882
f 889/889 886/886 888/888
f 889/889 890/890 883/883
f 891/891 889/889 888/888
f 891/891 890/890 889/889
f 892/892 844/844 857/857
f 844/844 892/892 786/786
f 892/892 747/747 786/786
f 857/857 747/747 892/892
f 893/893 747/747 857/857
f 747/747 893/893 757/757
f 857/857 858/858 893/893
f 893/893 858/858 757/757
f 757/757 858/858 748/748
f 858/858 894/894 748/748
f 748/748 894/894 895/895
f 895/895 739/739 748/748
f 895/895 894/894 896/896
f 894/894 897/897 896/896
f 895/895 898/898 739/739
f 895/895 896/896 898/898
f 898/898 740/740 739/739
f 899/899 740/740 898/898
f 896/896 899/899 898/898
f 900/900 740/740 899/899
f 901/901 900/900 899/899
f 899/899 896/896 901/901
f 902/902 900/900 901/901
f 896/896 897/897 903/903
f 903/903 901/901 896/896
f 897/897 904/904 903/903
f 905/905 902/902 901/901
f 905/905 901/901 903/903
f 903/903 904/904 906/906
f 905/905 903/903 906/906
f 904/904 907/907 906/906
f 908/908 902/902 905/905
f 908/908 905/905 906/906
f 909/909 902/902 908/908
f 908/908 906/906 910/910
f 906/906 907/907 910/910
f 911/911 909/909 908/908
f 911/911 908/908 910/910
f 912/912 909/909 911/911
f 913/913 912/912 911/911
f 910/910 913/913 911/911
f 914/914 912/912 913/913
f 910/910 907/907 915/915
f 913/913 910/910 915/915
f 915/915 907/907 916/916
f 913/913 915/915 916/916
f 907/907 917/917 916/916
f 918/918 914/914 913/913
f 918/918 913/913 916/916
f 919/919 914/914 918/918
f 918/918 916/916 920/920
f 920/920 919/919 918/918
f 917/917 921/921 916/916
f 920/920 916/916 921/921
f 922/922 921/921 917/917
f 920/920 921/921 922/922
f 923/923 922/922 917/917
f 922/922 923/923 924/924
f 922/922 924/924 925/925
f 926/926 919/919 920/920
f 920/920 922/922 926/926
f 926/926 922/922 925/925
f 926/926 927/927 919/919
f 925/925 927/927 926/926
f 930/930 929/929 928/928
f 931/931 929/929 930/930
f 930/930 928/928 932/932
f 930/930 933/933 931/931
f 931/931 933/933 934/934
f 935/935 934/934 933/933
f 935/935 936/936 934/934
f 935/935 937/937 936/936
f 938/938 937/937 935/935
f 938/938 939/939 937/937
f 938/938 940/940 939/939
f 941/941 940/940 938/938
f 941/941 942/942 940/940
f 941/941 943/943 942/942
f 944/944 935/935 933/933
f 945/945 938/938 935/935
f 945/945 935/935 944/944
f 946/946 938/938 945/945
f 946/946 941/941 938/938
f 947/947 933/933 930/930
f 944/944 933/933 947/947
f 948/948 945/945 944/944
f 948/948 946/946 945/945
f 949/949 943/943 941/941
f 950/950 941/941 946/946
f 950/950 949/949 941/941
f 951/951 946/946 948/948
f 951/951 950/950 946/946
f 949/949 952/952 943/943
f 952/952 953/953 943/943
f 954/954 953/953 952/952
f 955/955 954/954 952/952
f 955/955 956/956 954/954
f 952/952 949/949 957/957
f 957/957 955/955 952/952
f 958/958 949/949 950/950
f 949/949 958/958 957/957
f 959/959 958/958 950/950
f 959/959 950/950 951/951
f 958/958 960/960 957/957
f 959/959 960/960 958/958
f 961/961 956/956 955/955
f 962/962 961/961 955/955
f 956/956 961/961 963/963
f 964/964 955/955 957/957
f 960/960 964/964 957/957
f 964/964 962/962 955/955
f 965/965 963/963 961/961
f 961/961 962/962 965/965
f 965/965 966/966 963/963
f 967/967 966/966 965/965
f 967/967 968/968 966/966
f 962/962 969/969 965/965
f 969/969 967/967 965/965
f 970/970 968/968 967/967
f 970/970 971/971 968/968
f 972/972 967/967 969/969
f 972/972 970/970 967/967
f 973/973 971/971 970/970
f 972/972 973/973 970/970
f 973/973 974/974 971/971
f 975/975 969/969 962/962
f 975/975 972/972 969/969
f 976/976 962/962 964/964
f 962/962 977/977 975/975
f 976/976 977/977 962/962
f 978/978 972/972 975/975
f 977/977 978/978 975/975
f 979/979 973/973 972/972
f 978/978 979/979 972/972
f 980/980 974/974 973/973
f 979/979 980/980 973/973
f 974/974 980/980 981/981
f 979/979 981/981 980/980
f 981/981 982/982 974/974
f 983/983 982/982 981/981
f 983/983 984/984 982/982
f 985/985 981/981 979/979
f 985/985 983/983 981/981
f 986/986 984/984 983/983
f 984/984 986/986 987/987
f 988/988 986/986 983/983
f 988/988 983/983 985/985
f 989/989 987/987 986/986
f 989/989 986/986 988/988
f 990/990 987/987 989/989
f 991/991 990/990 989/989
f 992/992 979/979 978/978
f 992/992 985/985 979/979
f 993/993 992/992 978/978
f 993/993 985/985 992/992
f 994/994 988/988 985/985
f 994/994 985/985 993/993
f 994/994 993/993 995/995
f 996/996 993/993 978/978
f 995/995 993/993 996/996
f 996/996 978/978 977/977
f 997/997 996/996 977/977
f 995/995 996/996 997/997
f 977/977 976/976 997/997
f 991/991 989/989 998/998
f 999/999 991/991 998/998
f 1000/1000 991/991 999/999
f 999/999 1001/1001 1000/1000
f 1002/1002 1001/1001 999/999
f 989/989 1003/1003 998/998
f 989/989 988/988 1003/1003
f 1003/1003 988/988 1004/1004
f 988/988 994/994 1004/1004
f 1004/1004 994/994 1005/1005
f 995/995 1005/1005 994/994
f 1003/1003 1004/1004 1006/1006
f 1004/1004 1005/1005 1006/1006
f 998/998 1003/1003 1007/1007
f 1007/1007 1003/1003 1006/1006
f 1008/1008 999/999 998/998
f 1008/1008 998/998 1007/1007
f 999/999 1009/1009 1002/1002
f 999/999 1008/1008 1010/1010
f 1010/1010 1009/1009 999/999
f 1009/1009 1011/1011 1002/1002
f 1002/1002 1011/1011 1012/1012
f 1010/1010 1013/1013 1009/1009
f 1009/1009 1013/1013 1011/1011
f 1011/1011 1014/1014 1012/1012
f 1012/1012 1014/1014 1015/1015
f 1010/1010 1016/1016 1013/1013
f 1008/1008 1016/1016 1010/1010
f 1013/1013 1017/1017 1011/1011
f 1013/1013 1016/1016 1017/1017
f 1011/1011 1017/1017 1014/1014
f 1018/1018 1016/1016 1008/1008
f 1016/1016 1019/1019 1017/1017
f 1020/1020 1018/1018 1008/1008
f 1020/1020 1008/1008 1007/1007
f 1021/1021 1018/1018 1020/1020
f 1007/1007 1022/1022 1020/1020
f 1022/1022 1021/1021 1020/1020
f 1006/1006 1022/1022 1007/1007
f 1022/1022 1023/1023 1021/1021
f 1022/1022 1006/1006 1023/1023
f 1024/1024 1021/1021 1023/1023
f 1017/1017 1025/1025 1014/1014
f 1017/1017 1019/1019 1025/1025
f 1023/1023 1006/1006 1026/1026
f 1006/1006 1005/1005 1026/1026
f 1014/1014 1025/1025 1027/1027
f 1014/1014 1027/1027 1015/1015
f 1015/1015 1027/1027 1028/1028
f 1025/1025 1019/1019 1029/1029
f 1025/1025 1029/1029 1027/1027
f 1028/1028 1027/1027 1030/1030
f 1029/1029 1030/1030 1027/1027
f 1030/1030 1031/1031 1028/1028
f 1029/1029 1019/1019 1032/1032
f 1030/1030 1029/1029 1032/1032
f 1019/1019 1033/1033 1032/1032
f 1034/1034 1031/1031 1030/1030
f 1034/1034 1030/1030 1032/1032
f 1035/1035 1031/1031 1034/1034
f 1032/1032 1033/1033 1036/1036
f 1036/1036 1034/1034 1032/1032
f 1037/1037 1036/1036 1033/1033
f 1038/1038 1037/1037 1033/1033
f 1034/1034 1036/1036 1039/1039
f 1039/1039 1035/1035 1034/1034
f 1036/1036 1040/1040 1039/1039
f 1040/1040 1035/1035 1039/1039
f 1036/1036 1037/1037 1040/1040
f 1041/1041 1035/1035 1040/1040
f 1040/1040 1037/1037 1041/1041
f 1042/1042 1035/1035 1041/1041
f 1043/1043 1042/1042 1041/1041
f 1041/1041 1037/1037 1043/1043
f 1044/1044 1042/1042 1043/1043
f 1037/1037 1044/1044 1043/1043
f 1045/1045 1042/1042 1044/1044
f 1046/1046 1037/1037 1038/1038
f 1037/1037 1046/1046 1044/1044
f 1047/1047 1045/1045 1044/1044
f 1044/1044 1046/1046 1047/1047
f 1048/1048 1045/1045 1047/1047
f 1049/1049 1048/1048 1047/1047
f 1050/1050 1046/1046 1038/1038
f 1046/1046 1050/1050 1047/1047
f 1050/1050 1049/1049 1047/1047
f 1051/1051 1050/1050 1038/1038
f 1050/1050 1052/1052 1049/1049
f 1052/1052 1050/1050 1051/1051
f 1005/1005 1053/1053 1026/1026
f 1053/1053 1005/1005 995/995
f 1026/1026 1053/1053 1054/1054
f 1053/1053 995/995 1055/1055
f 1053/1053 1055/1055 1054/1054
f 1056/1056 1026/1026 1054/1054
f 1023/1023 1026/1026 1056/1056
f 1056/1056 1024/1024 1023/1023
f 1054/1054 1057/1057 1056/1056
f 1056/1056 1057/1057 1024/1024
f 1058/1058 1057/1057 1054/1054
f 1054/1054 1055/1055 1058/1058
f 1024/1024 1057/1057 1059/1059
f 1057/1057 1058/1058 1059/1059
f 995/995 1060/1060 1055/1055
f 1060/1060 995/995 997/997
f 997/997 1061/1061 1060/1060
f 976/976 1061/1061 997/997
f 1055/1055 1060/1060 1062/1062
f 1062/1062 1060/1060 1061/1061
f 1055/1055 1063/1063 1058/1058
f 1055/1055 1062/1062 1063/1063
f 1061/1061 976/976 1064/1064
f 1064/1064 976/976 964/964
f 1064/1064 964/964 960/960
f 1062/1062 1061/1061 1065/1065
f 1065/1065 1061/1061 1064/1064
f 1066/1066 1064/1064 960/960
f 1065/1065 1064/1064 1066/1066
f 960/960 959/959 1066/1066
f 1065/1065 1067/1067 1062/1062
f 1062/1062 1067/1067 1063/1063
f 1058/1058 1063/1063 1068/1068
f 1059/1059 1058/1058 1068/1068
f 959/959 1069/1069 1066/1066
f 951/951 1069/1069 959/959
f 1066/1066 1070/1070 1065/1065
f 1066/1066 1069/1069 1070/1070
f 1070/1070 1067/1067 1065/1065
f 1069/1069 951/951 1071/1071
f 1070/1070 1069/1069 1071/1071
f 1071/1071 951/951 948/948
f 1063/1063 1072/1072 1068/1068
f 1063/1063 1067/1067 1072/1072
f 1059/1059 1068/1068 1073/1073
f 1068/1068 1072/1072 1073/1073
f 1074/1074 1067/1067 1070/1070
f 1071/1071 1074/1074 1070/1070
f 1072/1072 1067/1067 1075/1075
f 1075/1075 1073/1073 1072/1072
f 1067/1067 1074/1074 1075/1075
f 1071/1071 948/948 1076/1076
f 1076/1076 1074/1074 1071/1071
f 1077/1077 1059/1059 1073/1073
f 1077/1077 1024/1024 1059/1059
f 1078/1078 1024/1024 1077/1077
f 1079/1079 1073/1073 1075/1075
f 1074/1074 1079/1079 1075/1075
f 1073/1073 1079/1079 1077/1077
f 1080/1080 1078/1078 1077/1077
f 1077/1077 1079/1079 1080/1080
f 1074/1074 1081/1081 1079/1079
f 1079/1079 1081/1081 1080/1080
f 1076/1076 1081/1081 1074/1074
f 1082/1082 1078/1078 1080/1080
f 1080/1080 1081/1081 1082/1082
f 1083/1083 1078/1078 1082/1082
f 1081/1081 1084/1084 1082/1082
f 1084/1084 1081/1081 1076/1076
f 1085/1085 1083/1083 1082/1082
f 1082/1082 1084/1084 1085/1085
f 1086/1086 1083/1083 1085/1085
f 1084/1084 1076/1076 1087/1087
f 1084/1084 1087/1087 1085/1085
f 1088/1088 1086/1086 1085/1085
f 1085/1085 1087/1087 1088/1088
f 1076/1076 1089/1089 1087/1087
f 1076/1076 948/948 1089/1089
f 944/944 1089/1089 948/948
f 1090/1090 1089/1089 944/944
f 1090/1090 1087/1087 1089/1089
f 947/947 1090/1090 944/944
f 1091/1091 1087/1087 1090/1090
f 1087/1087 1091/1091 1088/1088
f 947/947 1091/1091 1090/1090
f 1092/1092 1086/1086 1088/1088
f 1088/1088 1091/1091 1092/1092
f 1093/1093 1091/1091 947/947
f 1091/1091 1093/1093 1092/1092
f 930/930 1093/1093 947/947
f 1092/1092 1094/1094 1086/1086
f 1092/1092 1093/1093 1094/1094
f 1086/1086 1094/1094 1095/1095
f 1094/1094 1096/1096 1095/1095
f 1093/1093 1096/1096 1094/1094
f 1097/1097 1095/1095 1096/1096
f 1098/1098 1093/1093 930/930
f 1093/1093 1098/1098 1096/1096
f 932/932 1098/1098 930/930
f 1099/1099 1097/1097 1096/1096
f 1098/1098 1099/1099 1096/1096
f 1100/1100 1098/1098 932/932
f 1098/1098 1100/1100 1099/1099
f 1100/1100 932/932 1101/1101
f 1100/1100 1101/1101 1102/1102
f 1100/1100 1102/1102 1103/1103
f 1099/1099 1100/1100 1103/1103
f 1102/1102 1104/1104 1103/1103
f 1097/1097 1099/1099 1105/1105
f 1103/1103 1105/1105 1099/1099
f 1106/1106 1097/1097 1105/1105
f 1103/1103 1104/1104 1107/1107
f 1107/1107 1105/1105 1103/1103
f 1104/1104 1108/1108 1107/1107
f 1109/1109 1105/1105 1107/1107
f 1109/1109 1106/1106 1105/1105
f 1107/1107 1108/1108 1110/1110
f 1110/1110 1109/1109 1107/1107
f 1110/1110 1108/1108 1111/1111
f 1112/1112 1106/1106 1109/1109
f 1112/1112 1109/1109 1110/1110
f 1110/1110 1111/1111 1113/1113
f 1113/1113 1112/1112 1110/1110
f 1113/1113 1111/1111 1114/1114
f 1114/1114 1112/1112 1113/1113
f 1114/1114 1111/1111 1115/1115
f 1116/1116 1106/1106 1112/1112
f 1116/1116 1112/1112 1114/1114
f 1117/1117 1106/1106 1116/1116
f 1114/1114 1115/1115 1118/1118
f 1118/1118 1116/1116 1114/1114
f 1118/1118 1115/1115 1119/1119
f 1119/1119 1116/1116 1118/1118
f 1115/1115 1120/1120 1119/1119
f 1121/1121 1117/1117 1116/1116
f 1119/1119 1121/1121 1116/1116
f 1122/1122 1117/1117 1121/1121
f 1122/1122 1121/1121 1119/1119
f 1123/1123 1117/1117 1122/1122
f 1119/1119 1120/1120 1124/1124
f 1124/1124 1122/1122 1119/1119
f 1120/1120 1125/1125 1124/1124
f 1126/1126 1122/1122 1124/1124
f 1124/1124 1125/1125 1126/1126
f 1126/1126 1127/1127 1122/1122
f 1127/1127 1123/1123 1122/1122
f 1126/1126 1125/1125 1128/1128
f 1128/1128 1127/1127 1126/1126
f 1125/1125 1129/1129 1128/1128
f 1130/1130 1123/1123 1127/1127
f 1130/1130 1127/1127 1128/1128
f 1131/1131 1123/1123 1130/1130
f 1131/1131 1130/1130 1128/1128
f 1132/1132 1123/1123 1131/1131
f 1133/1133 1132/1132 1131/1131
f 1128/1128 1129/1129 1134/1134
f 1134/1134 1131/1131 1128/1128
f 1133/1133 1131/1131 1134/1134
f 1129/1129 1135/1135 1134/1134
f 1136/1136 1133/1133 1134/1134
f 1134/1134 1135/1135 1136/1136
