v 0.0289965837 0.0238534379 -0.00326215668
v 0.0280001152 0.0225564795 0.00864242029
v 0.0280002316 0.022833839 -0.00389700435
v 0.0290080273 0.0237175522 0.00582081193
v 0.0290057631 0.023077818 0.012258155
v 0.0279673327 0.0213063521 0.0161998003
v 0.0289534316 0.0222311453 0.0167457576
v 0.0275998096 0.0206737701 0.0178780771
v 0.0280808173 0.0210581838 0.0202298601
v 0.0270277244 0.0201242505 0.018952362
v 0.0260795333 0.0195202368 0.0198720285
v 0.0264127227 0.0198259202 0.0222782677
v 0.0249370305 0.0189766368 0.0204192547
v 0.0236875987 0.0185083459 0.0236113177
v 0.0232931356 0.0184195107 0.0207970472
v 0.0212119804 0.0180331383 0.0209836246
v 0.0210005018 0.0180233521 0.0239838351
v -0.00176036513 0.0179496156 0.0240085399
v -0.00186121608 0.0179203749 0.0210004349
v -0.00494933271 0.0173075542 0.024019432
v -0.00659632789 0.0167918488 0.0210001032
v -0.00735843276 0.0164341 0.0240101377
v -0.00965726491 0.0151958978 0.0240056979
v -0.0100725896 0.0149088466 0.0209999882
v -0.0117335328 0.0136627252 0.0240060719
v -0.0132055295 0.012288953 0.0210000042
v -0.0137054925 0.0116761929 0.0240087917
v -0.0156748306 0.00890400196 0.0240096517
v -0.0162671807 0.00779458427 0.0210000639
v -0.0169945959 0.00594635164 0.024010241
v -0.0175376528 0.00402090547 0.0210000231
v -0.0178048608 0.00272961032 0.0240390407
v -0.0179865951 0.000899146536 0.0240058478
v -0.0179419513 0.0013503334 0.0209999896
v -0.0179271096 -0.00171277254 0.0240067908
v -0.0179418914 -0.00135052171 0.0209999896
v -0.0174888959 -0.00429148429 0.0240112582
v -0.0175377118 -0.00402094746 0.0209999896
v -0.0163699377 -0.00757104933 0.0240113601
v -0.0167382351 -0.00660077349 0.0209999911
v -0.0155615802 -0.00903186874 0.0209999911
v -0.0141804199 -0.011114455 0.0240144291
v -0.0140343885 -0.0112594561 0.020999994
v -0.0121035565 -0.0133343925 0.0240091656
v -0.0121908171 -0.0132333367 0.020999994
v -0.0101144296 -0.014898032 0.0240090114
v -0.0100727064 -0.0149090405 0.0209999911
v -0.00704490958 -0.016602854 0.0240140886
v -0.00772762145 -0.0162488016 0.0209999911
v -0.00520837161 -0.0172224424 0.020999994
v -0.00325250466 -0.0177210694 0.0240042311
v -0.00158750852 -0.0179540426 0.0210005659
v -0.000729678478 -0.0179844138 0.024006702
v 0.0215338486 -0.0180552156 0.0239679866
v 0.0213621869 -0.0180668848 0.0209771999
v 0.0243291872 -0.0188040162 0.0233822298
v 0.0241342788 -0.0189143037 0.020640486
v 0.0260845426 -0.0198246772 0.0225078853
v 0.0259190815 -0.0201602531 0.0199507631
v 0.0273103728 -0.0210055723 0.0214277126
v 0.0270547888 -0.0215493803 0.0189206199
v 0.0281914477 -0.022392246 0.0199781396
v 0.0278527752 -0.0233821488 0.0170919404
v 0.0288984789 -0.0245096486 0.0173381195
v 0.0280056026 -0.0262739753 0.0124346683
v 0.0290074351 -0.0265327053 0.0140356773
v 0.0290176885 -0.0282368801 0.0102595332
v 0.0280001196 -0.0282169732 0.00683746403
v 0.0290018328 -0.0294226109 0.0059485712
v 0.027999881 -0.0290276342 0.00125181159
v 0.029005887 -0.0299124953 0.00246036179
v 0.0290010005 -0.0299966723 -0.0010547973
v 0.027999881 -0.0286416213 -0.00487083089
v 0.0289957531 -0.0295212525 -0.00554184226
v 0.0280002318 0.0205099433 -0.0131545399
v 0.0280002316 0.022833839 -0.00389700435
v 0.0280001153 0.0213189817 -0.00447454258
v 0.0280001152 0.0221190562 -0.0124955899
v 0.0279993995 0.0195319483 -0.0175718349
v 0.0279602984 0.0208785578 -0.0183242068
v 0.0277436962 0.0188822751 -0.0193354615
v 0.0274268369 0.0202258607 -0.019947422
v 0.0266969188 0.018056173 -0.0208928308
v 0.0264664862 0.0195577647 -0.0210966507
v 0.025295613 0.0189735867 -0.021934323
v 0.0254893282 0.0174475274 -0.0218362096
v 0.0230499485 0.0167448298 -0.0227822209
v 0.0233858808 0.0183603587 -0.0226641845
v 0.0210636833 0.0180157604 -0.0229865866
v 0.0197181682 0.0164769738 -0.0230052014
v -0.00160193588 0.0179461726 -0.0229968777
v -0.0179406402 0.00136649448 -0.0229966376
v -0.00494396815 0.017300044 -0.0229966434
v -0.00750732576 0.0163516183 -0.0229966448
v -0.0098974719 0.0150258659 -0.0229966434
v -0.0120590933 0.0133533806 -0.0229966434
v -0.0139427192 0.0113727578 -0.0229966405
v -0.01550448 0.00912969491 -0.0229966434
v -0.0167081953 0.00667595886 -0.0229966434
v -0.0175267462 0.00406816609 -0.0229966405
v 0.0197319998 -0.0164927199 -0.022996639
v -0.00162064869 -0.0179454278 -0.0229968704
v -0.00494396512 -0.0173002457 -0.022996639
v 0.0214954621 -0.0180237864 -0.0229645128
v 0.0224479445 -0.0166065506 -0.0228830628
v 0.0233292596 -0.0183410602 -0.0226797361
v 0.0245989577 -0.0171804939 -0.0222512928
v 0.0248109123 -0.0188924714 -0.0221594732
v 0.0258467205 -0.0177731075 -0.0215944121
v 0.0264635094 -0.019947066 -0.0211260485
v 0.027249694 -0.0189363656 -0.0202371099
v 0.0275191084 -0.0212283446 -0.0197766843
v 0.0278834126 -0.0201820328 -0.0187283949
v 0.0279679303 -0.0225333167 -0.0183028111
v 0.0280116821 -0.0229077462 -0.0152983674
v 0.0280001194 -0.0254107673 -0.0140004122
v 0.0280000001 -0.0256937235 -0.00992514906
v 0.0280000002 -0.0270363094 -0.0105490588
v 0.0280001195 -0.0269683665 -0.00538177155
v 0.027999881 -0.0286416213 -0.00487083089
v 0.0280002316 0.022833839 -0.00389700435
v 0.0280001152 0.0225564795 0.00864242029
v 0.0280001153 0.0213189817 -0.00447454258
v 0.0280002317 0.0212723763 0.00447355669
v 0.027999996 0.0207164146 0.0112454087
v 0.0279673327 0.0213063521 0.0161998003
v 0.0279908168 0.019888463 0.0156778391
v 0.0277538272 0.0192731439 0.0173674329
v 0.0275998096 0.0206737701 0.0178780771
v 0.0272300224 0.0186459476 0.0186351899
v 0.0270277244 0.0201242505 0.018952362
v 0.0263355948 0.0180055163 0.0196524037
v 0.0260795333 0.0195202368 0.0198720285
v 0.0255134087 0.0175914953 0.0201795265
v 0.0249370305 0.0189766368 0.0204192547
v 0.024288056 0.0171470157 0.0206216049
v 0.0232931356 0.0184195107 0.0207970472
v 0.0222432587 0.0166724659 0.0209170656
v 0.0212119804 0.0180331383 0.0209836246
v 0.0197185262 0.0164665183 0.0210042082
v -0.00186121608 0.0179203749 0.0210004349
v -0.0175376528 0.00402090547 0.0210000231
v -0.00659632789 0.0167918488 0.0210001032
v -0.0100725896 0.0149088466 0.0209999882
v -0.0132055295 0.012288953 0.0210000042
v -0.0162671807 0.00779458427 0.0210000639
v 0.0197194822 -0.0164818423 0.0210017315
v 0.0213621869 -0.0180668848 0.0209771999
v 0.0217168345 -0.0166326961 0.0209563281
v 0.0235444314 -0.0170629888 0.0207652542
v -0.00158750852 -0.0179540426 0.0210005659
v -0.00520837161 -0.0172224424 0.020999994
v -0.00772762145 -0.0162488016 0.0209999911
v -0.0100727064 -0.0149090405 0.0209999911
v 0.0241342788 -0.0189143037 0.020640486
v 0.0249500285 -0.017667449 0.0204161537
v 0.0259190815 -0.0201602531 0.0199507631
v 0.0263403652 -0.0186305776 0.0197034038
v 0.0270547888 -0.0215493803 0.0189206199
v 0.0274126552 -0.0201378387 0.018330467
v -0.0121908171 -0.0132333367 0.020999994
v 0.0278527752 -0.0233821488 0.0170919404
v 0.0279250166 -0.0218967315 0.0165106816
v 0.0280054831 -0.0239976075 0.013485417
v 0.0280056026 -0.0262739753 0.0124346683
v 0.0280001194 -0.0255857686 0.0101216436
v 0.0280001196 -0.0282169732 0.00683746403
v 0.0280002359 -0.0270540249 0.00525458017
v 0.027999881 -0.0290276342 0.00125181159
v 0.0280000002 -0.0275328993 -0.000791932325
v 0.027999881 -0.0286416213 -0.00487083089
v 0.0280001195 -0.0269683665 -0.00538177155
v -0.0140343885 -0.0112594561 0.020999994
v -0.0155615802 -0.00903186874 0.0209999911
v -0.0167382351 -0.00660077349 0.0209999911
v -0.0175377118 -0.00402094746 0.0209999896
v -0.0179418914 -0.00135052171 0.0209999896
v -0.0179419513 0.0013503334 0.0209999896
v 0.0197185262 0.0164665183 0.0210042082
v 0.0197200762 0.0139988772 0.0248385419
v 0.0197293746 0.0164483225 0.0232741906
v 0.0197200765 0.0104602356 0.0265269045
v 0.0197199575 0.00599641089 0.0279102765
v 0.0197200773 0.000674507369 0.028502167
v 0.0197194822 -0.0164818423 0.0210017315
v 0.0197200776 -0.00275404555 0.0283774425
v 0.0197200779 -0.00558155817 0.0279481057
v 0.0197200781 -0.00822240591 0.0273007288
v 0.0197199591 -0.0119751615 0.0258789369
v 0.019720674 -0.016474984 0.0233170256
v 0.0263355948 0.0180055163 0.0196524037
v 0.0255134087 0.0175914953 0.0201795265
v 0.0270327304 0.0182795726 0.0194106935
v 0.0272300224 0.0186459476 0.0186351899
v 0.0284882769 0.0195230004 0.0169542167
v 0.0277538272 0.0192731439 0.0173674329
v 0.0279908168 0.019888463 0.0156778391
v 0.0286179751 0.0206957931 0.0113608912
v 0.027999996 0.0207164146 0.0112454087
v 0.0286232196 0.0212704671 0.00459057701
v 0.0280002317 0.0212723763 0.00447355669
v 0.0286192876 0.0213657793 -0.00101934584
v 0.0280001153 0.0213189817 -0.00447454258
v 0.0286188104 0.0211780945 -0.00660839505
v 0.0286235776 0.020546342 -0.0129115622
v 0.0280002318 0.0205099433 -0.0131545399
v 0.0285783969 0.0193436757 -0.0182112897
v 0.0279993995 0.0195319483 -0.0175718349
v 0.0277436962 0.0188822751 -0.0193354615
v 0.0276261546 0.0184754501 -0.0205688237
v 0.0266969188 0.018056173 -0.0208928308
v 0.0254893282 0.0174475274 -0.0218362096
v 0.0197293746 0.0164483225 0.0232741906
v 0.0222432587 0.0166724659 0.0209170656
v 0.0197185262 0.0164665183 0.0210042082
v 0.023682593 0.0169240163 0.0229309488
v 0.024288056 0.0171470157 0.0206216049
v 0.0255134087 0.0175914953 0.0201795265
v 0.0262346249 0.0178828233 0.022078614
v 0.0270327304 0.0182795726 0.0194106935
v 0.0280102466 0.0189460256 0.0207053905
v 0.0284882769 0.0195230004 0.0169542167
v 0.0291180576 0.0199865852 0.0186041289
v 0.029593943 0.0208076799 0.0161841541
v 0.0286179751 0.0206957931 0.0113608912
v 0.0296236259 0.0215952587 0.0120604709
v 0.0296184978 0.0220974031 0.00734335918
v 0.0286232196 0.0212704671 0.00459057701
v 0.0296241031 0.0223836684 0.00040944642
v 0.0286192876 0.0213657793 -0.00101934584
v 0.0296198103 0.0221787003 -0.00669623405
v 0.0286188104 0.0211780945 -0.00660839505
v 0.0296272028 0.0215716148 -0.0128215775
v 0.0286235776 0.020546342 -0.0129115622
v 0.0296092021 0.0205250847 -0.0177442533
v 0.0285783969 0.0193436757 -0.0182112897
v 0.0291207992 0.0197412108 -0.0198012553
v 0.0276261546 0.0184754501 -0.0205688237
v 0.0278322679 0.0186475833 -0.021756049
v 0.0254893282 0.0174475274 -0.0218362096
v 0.025964617 0.0176537135 -0.0228417062
v 0.0238547305 0.0169376616 -0.0234186125
v 0.0230499485 0.0167448298 -0.0227822209
v 0.0197252011 0.0164234169 -0.0238069362
v 0.0197181682 0.0164769738 -0.0230052014
v 0.0277401228 -0.0201947977 0.0184346223
v 0.0263403652 -0.0186305776 0.0197034038
v 0.0274126552 -0.0201378387 0.018330467
v 0.0285725594 -0.0223004583 0.0160878684
v 0.0279250166 -0.0218967315 0.0165106816
v 0.0280054831 -0.0239976075 0.013485417
v 0.0286178597 -0.0243397419 0.0128211745
v 0.0286393181 -0.0257564684 0.00970545225
v 0.0280001194 -0.0255857686 0.0101216436
v 0.0280002359 -0.0270540249 0.00525458017
v 0.0286149991 -0.0269164452 0.00568023715
v 0.0286207209 -0.0274938186 0.00146420607
v 0.0280000002 -0.0275328993 -0.000791932325
v 0.028625849 -0.0273979331 -0.00255250252
v 0.0280001195 -0.0269683665 -0.00538177155
v 0.0286211982 -0.0269194574 -0.00570864031
v 0.0280000001 -0.0256937235 -0.00992514906
v 0.0286285905 -0.026024212 -0.00892346143
v 0.0286474234 -0.0246130021 -0.0123252888
v 0.0280116821 -0.0229077462 -0.0152983674
v 0.02868426 -0.0227088724 -0.0155265792
v 0.0286263228 -0.0207461479 -0.0181248717
v 0.0278834126 -0.0201820328 -0.0187283949
v 0.0279455201 -0.0193620047 -0.0200031223
v 0.027249694 -0.0189363656 -0.0202371099
v 0.026736736 -0.0182834445 -0.0213634281
v 0.0258467205 -0.0177731075 -0.0215944121
v 0.0221344249 -0.016662005 0.0231222482
v 0.019720674 -0.016474984 0.0233170256
v 0.0197194822 -0.0164818423 0.0210017315
v 0.0217168345 -0.0166326961 0.0209563281
v 0.0235444314 -0.0170629888 0.0207652542
v 0.0245305317 -0.0172983834 0.0226507938
v 0.0249500285 -0.017667449 0.0204161537
v 0.0264804361 -0.0183707677 0.0217919398
v 0.0263403652 -0.0186305776 0.0197034038
v 0.0278165348 -0.0195737773 0.0207199802
v 0.0277401228 -0.0201947977 0.0184346223
v 0.028975726 -0.0213416879 0.0189045415
v 0.0285725594 -0.0223004583 0.0160878684
v 0.0296074161 -0.0237324191 0.0158021037
v 0.0286178597 -0.0243397419 0.0128211745
v 0.0296214821 -0.0254782735 0.0127708641
v 0.0296182663 -0.0269699001 0.00933749179
v 0.0286393181 -0.0257564684 0.00970545225
v 0.0286149991 -0.0269164452 0.00568023715
v 0.0296307811 -0.0281854623 0.00437194831
v 0.0286207209 -0.0274938186 0.00146420607
v 0.0296208887 -0.028499676 0.000698164422
v 0.0296136156 -0.0283285251 -0.00338462996
v 0.028625849 -0.0273979331 -0.00255250252
v 0.0286211982 -0.0269194574 -0.00570864031
v 0.0296295906 -0.0274666297 -0.00769490944
v 0.0286285905 -0.026024212 -0.00892346143
v 0.0296455627 -0.0260452976 -0.0117746495
v 0.0286474234 -0.0246130021 -0.0123252888
v 0.0296872858 -0.0243898688 -0.0150456966
v 0.02868426 -0.0227088724 -0.0155265792
v 0.0296709555 -0.0223376835 -0.0181377662
v 0.0286263228 -0.0207461479 -0.0181248717
v 0.0291808847 -0.0209463691 -0.0197832487
v 0.0279455201 -0.0193620047 -0.0200031223
v 0.0283681164 -0.0196734913 -0.0211166189
v 0.026736736 -0.0182834445 -0.0213634281
v 0.0270198581 -0.0184515133 -0.0222105809
v 0.0258467205 -0.0177731075 -0.0215944121
v 0.0249254707 -0.0172790948 -0.0231644372
v 0.0245989577 -0.0171804939 -0.0222512928
v 0.0224479445 -0.0166065506 -0.0228830628
v 0.0218456989 -0.0165672313 -0.0236841734
v 0.0197319998 -0.0164927199 -0.022996639
v 0.0197241315 -0.0164822629 -0.0237934088
v 0.0395002361 0.00688649652 0.0224128569
v 0.0395019031 0.0151124439 0.0179242867
v 0.0395002358 0.0109723091 0.0206708719
v 0.0395002365 0.00243191371 0.0232797844
v 0.0395004755 -0.00142599038 0.0233847866
v 0.0394999967 0.0164832983 0.0153776811
v 0.0395114402 0.0173323502 0.0118741038
v 0.0395002372 -0.00532227296 0.0227897981
v 0.0395003569 -0.009618261 0.0213833293
v 0.03949988 -0.014580141 0.0183526485
v 0.0395005934 -0.0183921942 0.014527922
v 0.0395001192 -0.0207921208 0.0107535569
v 0.0395000001 -0.0225338425 0.00645951804
v 0.0395086986 0.0180356268 0.00601484971
v 0.0394998808 -0.0234748086 -0.000111928102
v 0.0395001194 -0.0227696781 -0.00543979404
v 0.0394992805 0.0182068956 -0.00356236706
v 0.0394999966 0.0174836116 -0.0111495683
v 0.0395001193 -0.0213095302 -0.00975249859
v 0.0395002384 -0.0189931505 -0.0137174051
v 0.0395005931 -0.0152830393 -0.0178374816
v 0.0395002376 -0.0101127205 -0.0211682694
v 0.0395002371 -0.00428429212 -0.0231061291
v 0.0395003559 0.00213547046 -0.0233709783
v 0.0395002362 0.00652627259 -0.0225039999
v 0.0395002358 0.0109125604 -0.0207975507
v 0.0395003546 0.0163035924 -0.0160277152
v 0.0395002354 0.0149352394 -0.0180239382
v 0.0410001264 -0.00582200524 -0.0231958344
v 0.0410001256 0.00397987782 -0.0236019579
v 0.041000126 -0.00105713603 -0.0238740569
v 0.0410002445 0.00879133653 -0.0222252012
v 0.0410002442 0.0121414152 -0.0205807912
v 0.0410004825 0.0156631889 -0.0180167335
v 0.0410004824 0.0173214058 -0.0146722887
v 0.0410002437 0.0183514428 -0.00880739826
v 0.041000005 0.0188155878 -0.00134073462
v 0.0410002436 0.0184849566 0.00764190918
v 0.0410001244 0.0174782377 0.0139484502
v 0.0410003632 0.0161606461 0.0173738517
v 0.0410001248 0.0133120447 0.0198943308
v 0.0410002445 0.00903146569 0.0221396607
v 0.0410002448 0.0053629737 0.0232915409
v 0.0410000065 0.00114597873 0.0238955414
v 0.0410001263 -0.00454113257 0.023519776
v 0.0410002461 -0.0101492588 0.0216726912
v 0.0410003659 -0.0149945562 0.0186636345
v 0.0410002469 -0.0184081663 0.0152510853
v 0.0410000084 -0.0206770776 0.0119783617
v 0.0410001279 -0.0222612806 0.00874253528
v 0.0410002473 -0.0236356813 0.00367665561
v 0.041000128 -0.0238789253 -0.00118456328
v 0.0410000086 -0.0231963386 -0.00583575566
v 0.0410004858 -0.0212168591 -0.0110921654
v 0.0410001275 -0.0178927054 -0.0158862109
v 0.0410001272 -0.0144419952 -0.019044365
v 0.0410001269 -0.0106750835 -0.0214054133
v -0.0175266261 -0.00406837979 -0.022996639
v -0.0179406996 -0.00136671035 -0.0229966405
v -0.0167082538 -0.00667617206 -0.022996639
v -0.0155044784 -0.00912991153 -0.022996639
v -0.0139427172 -0.0113729734 -0.022996639
v -0.0120590909 -0.0133535937 -0.022996639
v -0.00875282138 -0.0157795403 -0.0229966245
v 0.0280002316 0.022833839 -0.00389700435
v 0.0289980156 0.0233603769 -0.0104893465
v 0.0289965837 0.0238534379 -0.00326215668
v 0.0280001152 0.0221190562 -0.0124955899
v 0.0290039761 0.0227780936 -0.0145932601
v 0.0279602984 0.0208785578 -0.0183242068
v 0.0289671395 0.0219032281 -0.0184468387
v 0.0279185752 0.0205824845 -0.0216429093
v 0.0274268369 0.0202258607 -0.019947422
v 0.0264664862 0.0195577647 -0.0210966507
v 0.0260748854 0.0193649678 -0.0233101484
v 0.025295613 0.0189735867 -0.021934323
v 0.0236128543 0.0183849616 -0.0242065929
v 0.0233858808 0.0183603587 -0.0226641845
v 0.0210636833 0.0180157604 -0.0229865866
v 0.0206656433 0.0180003193 -0.0244945579
v -0.000732185007 0.0179859241 -0.0244991737
v -0.00160193588 0.0179461726 -0.0229968777
v -0.00401675833 0.0175789475 -0.0244951661
v -0.00494396815 0.017300044 -0.0229966434
v -0.00750732576 0.0163516183 -0.0229966448
v -0.00734079002 0.0164473903 -0.0245189964
v -0.00947964279 0.0153136431 -0.0244910538
v -0.0098974719 0.0150258659 -0.0229966434
v -0.0120590933 0.0133533806 -0.0229966434
v -0.0120801936 0.0133839338 -0.0244940078
v -0.0139427192 0.0113727578 -0.0229966405
v -0.0142705447 0.0109638883 -0.0245111441
v -0.01550448 0.00912969491 -0.0229966434
v -0.0158205039 0.00859288782 -0.0245061558
v -0.0167081953 0.00667595886 -0.0229966434
v -0.0169425015 0.00609550841 -0.0245045667
v -0.0175267462 0.00406816609 -0.0229966405
v -0.0176068544 0.00374277252 -0.024526054
v -0.0179406402 0.00136649448 -0.0229966376
v -0.0179923169 0.000689006102 -0.0244995113
v -0.0179406996 -0.00136671035 -0.0229966405
v -0.0178978442 -0.00188786136 -0.0245111703
v -0.0175266261 -0.00406837979 -0.022996639
v -0.017469584 -0.00437253919 -0.0245136529
v -0.0167082538 -0.00667617206 -0.022996639
v -0.0163562284 -0.00757551167 -0.0245184492
v -0.0155044784 -0.00912991153 -0.022996639
v -0.0141432266 -0.0111537336 -0.0244929048
v -0.0139427172 -0.0113729734 -0.022996639
v -0.0120590909 -0.0133535937 -0.022996639
v -0.0122927409 -0.0131611636 -0.0245137984
v -0.0104272347 -0.0146814922 -0.0244951632
v -0.00875282138 -0.0157795403 -0.0229966245
v -0.00766432134 -0.0163230863 -0.0245139003
v -0.00494396512 -0.0173002457 -0.022996639
v -0.00379049625 -0.0176111531 -0.0245082105
v -0.00162064869 -0.0179454278 -0.0229968704
v -0.000758050302 -0.0179855561 -0.0244987546
v 0.0214954621 -0.0180237864 -0.0229645128
v 0.0209716572 -0.0180232349 -0.0244782277
v 0.0232461696 -0.0183648904 -0.0242173366
v 0.0233292596 -0.0183410602 -0.0226797361
v 0.025638701 -0.0192672254 -0.023499025
v 0.0248109123 -0.0188924714 -0.0221594732
v 0.0264635094 -0.019947066 -0.0211260485
v 0.0278162963 -0.0211824333 -0.0217283639
v 0.0275191084 -0.0212283446 -0.0197766843
v 0.0288101457 -0.023255665 -0.0193963177
v 0.0279679303 -0.0225333167 -0.0183028111
v 0.0290026678 -0.025639794 -0.0159054718
v 0.0280001194 -0.0254107673 -0.0140004122
v 0.0289956336 -0.0279736447 -0.0110615118
v 0.0280000002 -0.0270363094 -0.0105490588
v 0.027999881 -0.0286416213 -0.00487083089
v 0.0289957531 -0.0295212525 -0.00554184226
v 0.0296241031 0.0223836684 0.00040944642
v 0.0358308529 0.0223530284 -0.0029450408
v 0.0296198103 0.0221787003 -0.00669623405
v 0.0358267988 0.0222581936 0.00492573272
v 0.0296184978 0.0220974031 0.00734335918
v 0.0358287081 0.0216611925 0.01172056
v 0.0296236259 0.0215952587 0.0120604709
v 0.029593943 0.0208076799 0.0161841541
v 0.0358171423 0.0207314503 0.0165053847
v 0.0357975933 0.0195156319 0.020016612
v 0.0291180576 0.0199865852 0.0186041289
v 0.0280102466 0.0189460256 0.0207053905
v 0.035782573 0.0180199861 0.022047988
v 0.0262346249 0.0178828233 0.022078614
v 0.023682593 0.0169240163 0.0229309488
v 0.03573179 0.0145987464 0.0245305855
v 0.0197293746 0.0164483225 0.0232741906
v 0.0197200762 0.0139988772 0.0248385419
v 0.0197200765 0.0104602356 0.0265269045
v 0.0357459756 0.0104573092 0.0265277631
v 0.0197199575 0.00599641089 0.0279102765
v 0.0357466918 0.00744848679 0.0275226368
v 0.0357453824 0.00411309869 0.0282159803
v 0.0197200773 0.000674507369 0.028502167
v 0.0357440701 0.000730988891 0.0285050395
v 0.0197200776 -0.00275404555 0.0283774425
v 0.035746454 -0.00260210833 0.0283949397
v 0.0197200779 -0.00558155817 0.0279481057
v 0.0357469316 -0.00577236075 0.0279214088
v 0.0197200781 -0.00822240591 0.0273007288
v 0.0357469319 -0.00905336179 0.0270380755
v 0.0197199591 -0.0119751615 0.0258789369
v 0.0357456196 -0.0122309762 0.0257578009
v 0.019720674 -0.016474984 0.0233170256
v 0.0357555151 -0.0148262666 0.0243447954
v 0.0221344249 -0.016662005 0.0231222482
v 0.0245305317 -0.0172983834 0.0226507938
v 0.0357512255 -0.0175841136 0.0224339718
v 0.0264804361 -0.0183707677 0.0217919398
v 0.0278165348 -0.0195737773 0.0207199802
v 0.0357590925 -0.0206414448 0.019671199
v 0.028975726 -0.0213416879 0.0189045415
v 0.0357458592 -0.0236633697 0.0159213596
v 0.0296074161 -0.0237324191 0.0158021037
v 0.0296214821 -0.0254782735 0.0127708641
v 0.0357425241 -0.0254732438 0.0128103158
v 0.0296182663 -0.0269699001 0.00933749179
v 0.0357457402 -0.0267679277 0.00981840858
v 0.0357493171 -0.0276854085 0.00678942961
v 0.0296307811 -0.0281854623 0.00437194831
v 0.0357483655 -0.0283088358 0.00341412888
v 0.0296208887 -0.028499676 0.000698164422
v 0.035744192 -0.0285182117 -0.00129981618
v 0.0296136156 -0.0283285251 -0.00338462996
v 0.0357444306 -0.0277955549 -0.00642544401
v 0.0358308529 0.0223530284 -0.0029450408
v 0.0358281114 0.021950537 -0.00952793634
v 0.0296198103 0.0221787003 -0.00669623405
v 0.0296272028 0.0215716148 -0.0128215775
v 0.0358136876 0.0213615438 -0.0140276301
v 0.0357874593 0.0206701547 -0.0172161657
v 0.0296092021 0.0205250847 -0.0177442533
v 0.0357743481 0.0195866351 -0.0203223783
v 0.0291207992 0.0197412108 -0.0198012553
v 0.0278322679 0.0186475833 -0.021756049
v 0.0357338153 0.0181841753 -0.0223955081
v 0.025964617 0.0176537135 -0.0228417062
v 0.0357165307 0.0163000123 -0.0238727444
v 0.0357072322 0.0145475877 -0.0250353478
v 0.0238547305 0.0169376616 -0.0234186125
v 0.0197252011 0.0164234169 -0.0238069362
v 0.0197173347 0.0128347822 -0.0259528315
v 0.0357122413 0.0106524518 -0.0269513897
v 0.0197173351 0.00823659675 -0.0278381456
v 0.0357021077 0.00708919054 -0.028110345
v 0.0356984118 0.00396063754 -0.0287288247
v 0.0197173355 0.00335942158 -0.0288081763
v 0.0356941222 0.000442658876 -0.0290073949
v 0.0197173359 -0.00117000691 -0.0290002557
v 0.035696864 -0.00293629416 -0.0288521434
v 0.0197170976 -0.00488764427 -0.028582933
v 0.0356953131 -0.00681921571 -0.0281955115
v 0.0197173366 -0.00865236407 -0.0276779203
v 0.0356999643 -0.0105736128 -0.0269736862
v 0.0197172176 -0.0124604424 -0.0261399633
v 0.0357007999 -0.0145568248 -0.0250484969
v 0.0197241315 -0.0164822629 -0.0237934088
v 0.0218456989 -0.0165672313 -0.0236841734
v 0.0249254707 -0.0172790948 -0.0231644372
v 0.0357100959 -0.0177428852 -0.0228038421
v 0.0270198581 -0.0184515133 -0.0222105809
v 0.0283681164 -0.0196734913 -0.0211166189
v 0.0357147469 -0.0200578126 -0.0207412406
v 0.0291808847 -0.0209463691 -0.0197832487
v 0.0357245231 -0.0227021313 -0.0176766087
v 0.0296709555 -0.0223376835 -0.0181377662
v 0.0296872858 -0.0243898688 -0.0150456966
v 0.0357322708 -0.0250560637 -0.0138524789
v 0.0296455627 -0.0260452976 -0.0117746495
v 0.0357447885 -0.0265485489 -0.0104997358
v 0.0296295906 -0.0274666297 -0.00769490944
v 0.0357444306 -0.0277955549 -0.00642544401
v 0.0296136156 -0.0283285251 -0.00338462996
v 0.0197319998 -0.0164927199 -0.022996639
v 0.0197172176 -0.0124604424 -0.0261399633
v 0.0197241315 -0.0164822629 -0.0237934088
v 0.0197173366 -0.00865236407 -0.0276779203
v 0.0197170976 -0.00488764427 -0.028582933
v 0.0197173359 -0.00117000691 -0.0290002557
v 0.0197181682 0.0164769738 -0.0230052014
v 0.0197173355 0.00335942158 -0.0288081763
v 0.0197173351 0.00823659675 -0.0278381456
v 0.0197173347 0.0128347822 -0.0259528315
v 0.0197252011 0.0164234169 -0.0238069362
v 0.0357425241 -0.0254732438 0.0128103158
v 0.0395001192 -0.0207921208 0.0107535569
v 0.0357458592 -0.0236633697 0.0159213596
v 0.0357457402 -0.0267679277 0.00981840858
v 0.0395005934 -0.0183921942 0.014527922
v 0.0357590925 -0.0206414448 0.019671199
v 0.0395000001 -0.0225338425 0.00645951804
v 0.0357493171 -0.0276854085 0.00678942961
v 0.0357483655 -0.0283088358 0.00341412888
v 0.03949988 -0.014580141 0.0183526485
v 0.0357512255 -0.0175841136 0.0224339718
v 0.0357555151 -0.0148262666 0.0243447954
v 0.0394998808 -0.0234748086 -0.000111928102
v 0.035744192 -0.0285182117 -0.00129981618
v 0.0357444306 -0.0277955549 -0.00642544401
v 0.0395001194 -0.0227696781 -0.00543979404
v 0.0357447885 -0.0265485489 -0.0104997358
v 0.0395001193 -0.0213095302 -0.00975249859
v 0.0357322708 -0.0250560637 -0.0138524789
v 0.0395002384 -0.0189931505 -0.0137174051
v 0.0357245231 -0.0227021313 -0.0176766087
v 0.0395003569 -0.009618261 0.0213833293
v 0.0357456196 -0.0122309762 0.0257578009
v 0.0357469319 -0.00905336179 0.0270380755
v 0.0395002372 -0.00532227296 0.0227897981
v 0.0357469316 -0.00577236075 0.0279214088
v 0.0395005931 -0.0152830393 -0.0178374816
v 0.0395004755 -0.00142599038 0.0233847866
v 0.035746454 -0.00260210833 0.0283949397
v 0.0357440701 0.000730988891 0.0285050395
v 0.0395002365 0.00243191371 0.0232797844
v 0.0357453824 0.00411309869 0.0282159803
v 0.0357147469 -0.0200578126 -0.0207412406
v 0.0357100959 -0.0177428852 -0.0228038421
v 0.0357007999 -0.0145568248 -0.0250484969
v 0.0395002376 -0.0101127205 -0.0211682694
v 0.0356999643 -0.0105736128 -0.0269736862
v 0.0395002361 0.00688649652 0.0224128569
v 0.0357466918 0.00744848679 0.0275226368
v 0.0357459756 0.0104573092 0.0265277631
v 0.0395002358 0.0109723091 0.0206708719
v 0.03573179 0.0145987464 0.0245305855
v 0.0395002371 -0.00428429212 -0.0231061291
v 0.0395019031 0.0151124439 0.0179242867
v 0.035782573 0.0180199861 0.022047988
v 0.0357975933 0.0195156319 0.020016612
v 0.0394999967 0.0164832983 0.0153776811
v 0.0358171423 0.0207314503 0.0165053847
v 0.0395114402 0.0173323502 0.0118741038
v 0.0358287081 0.0216611925 0.01172056
v 0.0395086986 0.0180356268 0.00601484971
v 0.0358267988 0.0222581936 0.00492573272
v 0.0356953131 -0.00681921571 -0.0281955115
v 0.035696864 -0.00293629416 -0.0288521434
v 0.0356941222 0.000442658876 -0.0290073949
v 0.0394992805 0.0182068956 -0.00356236706
v 0.0358308529 0.0223530284 -0.0029450408
v 0.0358281114 0.021950537 -0.00952793634
v 0.0394999966 0.0174836116 -0.0111495683
v 0.0358136876 0.0213615438 -0.0140276301
v 0.0395003559 0.00213547046 -0.0233709783
v 0.0356984118 0.00396063754 -0.0287288247
v 0.0357021077 0.00708919054 -0.028110345
v 0.0395002362 0.00652627259 -0.0225039999
v 0.0357122413 0.0106524518 -0.0269513897
v 0.0395003546 0.0163035924 -0.0160277152
v 0.0395002358 0.0109125604 -0.0207975507
v 0.0357072322 0.0145475877 -0.0250353478
v 0.0357165307 0.0163000123 -0.0238727444
v 0.0395002354 0.0149352394 -0.0180239382
v 0.0357338153 0.0181841753 -0.0223955081
v 0.0357874593 0.0206701547 -0.0172161657
v 0.0357743481 0.0195866351 -0.0203223783
v 0.0358805668 -0.0294781841 -0.005438874
v 0.0355777764 -0.0290322494 -0.00761918491
v 0.0289957531 -0.0295212525 -0.00554184226
v 0.0289956336 -0.0279736447 -0.0110615118
v 0.0362966089 -0.0288533626 -0.00766023732
v 0.0367901342 -0.029073178 -0.00529845711
v 0.0358724613 -0.0282742983 -0.0100405436
v 0.0369685901 -0.0281689656 -0.00837107946
v 0.0410000086 -0.0231963386 -0.00583575566
v 0.0410004858 -0.0212168591 -0.0110921654
v 0.0366108429 -0.0280241625 -0.00980239711
v 0.0368014584 -0.0271364141 -0.011811321
v 0.0358934422 -0.0274973133 -0.0120656616
v 0.0356457249 -0.0266056739 -0.0140833756
v 0.0290026678 -0.025639794 -0.0159054718
v 0.0362946995 -0.0264188418 -0.0141030599
v 0.0358527927 -0.0253412085 -0.0163324235
v 0.0288101457 -0.023255665 -0.0193963177
v 0.0369377137 -0.0260019701 -0.0139018011
v 0.036806467 -0.0249862639 -0.016043229
v 0.0410001275 -0.0178927054 -0.0158862109
v 0.0367665306 -0.0238243036 -0.0178646093
v 0.0358945158 -0.0241426603 -0.0181369047
v 0.0355442773 -0.0226740651 -0.0201058996
v 0.0278162963 -0.0211824333 -0.0217283639
v 0.0362896933 -0.0226498521 -0.0198684385
v 0.0369353298 -0.0223513297 -0.0194813285
v 0.0367941877 -0.0208946509 -0.0213383712
v 0.0410001272 -0.0144419952 -0.019044365
v 0.0358940383 -0.0211478442 -0.0217112713
v 0.0356355903 -0.0195635131 -0.0232335224
v 0.025638701 -0.0192672254 -0.023499025
v 0.035804631 -0.0177314023 -0.0246877578
v 0.0232461696 -0.0183648904 -0.0242173366
v 0.0209716572 -0.0180232349 -0.0244782277
v 0.0362868321 -0.0194232006 -0.0231459824
v 0.0369150645 -0.0190819334 -0.0228267207
v 0.03675747 -0.0175112579 -0.0242947179
v 0.0367829794 -0.0156750376 -0.0255184772
v 0.0410001269 -0.0106750835 -0.0214054133
v 0.0358752018 -0.0157967644 -0.0259686378
v 0.0369045749 -0.012463718 -0.0271237455
v 0.0410001264 -0.00582200524 -0.0231958344
v -0.000521181559 -0.0162928569 -0.02568372
v -0.000758050302 -0.0179855561 -0.0244987546
v -0.00379049625 -0.0176111531 -0.0245082105
v 0.0362824195 -0.013713176 -0.0269974233
v 0.0356214046 -0.0138461559 -0.027107881
v -0.00423288192 -0.0156878046 -0.025740781
v -0.00766432134 -0.0163230863 -0.0245139003
v 0.036280871 -0.0116306267 -0.0279752916
v -0.00121736398 -0.0140175515 -0.0269969227
v -0.00473606441 -0.0135932209 -0.0268356671
v -0.00853979467 -0.0131498171 -0.0260869274
v -0.0104272347 -0.0146814922 -0.0244951632
v -0.0122927409 -0.0131611636 -0.0245137984
v 0.0369012363 -0.00831012772 -0.0286921655
v 0.0355818261 -0.0116729496 -0.0281414745
v 0.0357066405 -0.00849811528 -0.0292768062
v -0.00427436727 -0.0112917394 -0.0279982749
v -0.0109058606 -0.0108798713 -0.0262566056
v -0.0141432266 -0.0111537336 -0.0244929048
v 4.24395418e-05 -0.0118438751 -0.0280484383
v -0.00167477035 -0.00966747844 -0.0288660754
v -0.00804519573 -0.00980284237 -0.0277105544
v -0.0112761248 -0.00861752659 -0.0269480457
v -0.00549995828 -0.00751061791 -0.0290430617
v 0.0363847016 -0.0094569089 -0.0287326635
v 0.0362782484 -0.00727099806 -0.0294359284
v 0.0369100574 -0.00510709947 -0.0294110418
v 0.0362776515 -0.00501982914 -0.0299099891
v 0.036892295 -0.00163052578 -0.0298609608
v 0.041000126 -0.00105713603 -0.0238740569
v -0.00178217826 -0.0071277225 -0.0295992417
v 0.0356628884 -0.0051866207 -0.0300395943
v -0.00940740011 -0.00619857029 -0.0283213565
v 0.0369398591 0.00202073202 -0.0297632243
v 0.0410001256 0.00397987782 -0.0236019579
v 0.0362759837 -0.00273948491 -0.0302100205
v 0.0356298669 -0.00176906412 -0.030467601
v 0.0362800347 -0.000441563327 -0.0303327746
v -0.00114464713 -0.00490706235 -0.0300601416
v -0.0046091074 -0.00442234781 -0.0298204657
v 0.0362770543 0.00185770722 -0.0302783825
v 0.0369029028 0.00528670566 -0.029413795
v -0.0074849126 -0.00377818062 -0.0293189427
v -0.00172305076 -0.00262908412 -0.03034744
v -0.0054615734 -0.00145005527 -0.0299721461
v -0.00961029498 -0.00124751079 -0.0289091578
v -0.0106161828 -0.00373065615 -0.0283038215
v -0.00174808501 -4.32111755e-05 -0.0304544606
v 0.0356426228 0.00171458125 -0.0304448884
v -0.0135396704 -0.00614971259 -0.0265721814
v -0.00532019121 0.000995069685 -0.0300203217
v 0.036278128 0.00414416417 -0.030046553
v -0.0018650295 0.00232094755 -0.030358191
v 0.0356074564 0.00434035703 -0.0301824475
v -0.0137574662 -0.00373616833 -0.0269153737
v -0.0142465818 -0.00860639754 -0.0254533428
v -0.0163562284 -0.00757551167 -0.0245184492
v -0.017469584 -0.00437253919 -0.0245136529
v -0.0157457586 -0.00117750871 -0.0260231289
v -0.0178978442 -0.00188786136 -0.0245111703
v 0.0362800341 0.00640535244 -0.0296399608
v -0.0128123763 -0.00124562778 -0.0275918952
v -0.0157250165 0.0012742259 -0.0260324014
v -0.0179923169 0.000689006102 -0.0244995113
v -0.0176068544 0.00374277252 -0.024526054
v -0.0117695331 0.00124989826 -0.0280847889
v -0.0147217511 0.00502493693 -0.0261790177
v -0.0169425015 0.00609550841 -0.0245045667
v -0.0158205039 0.00859288782 -0.0245061558
v -0.00850427106 0.00124800534 -0.0292364537
v -0.00840449327 0.00497174187 -0.0288877345
v -0.011689663 0.00373851442 -0.0278927269
v -0.00522136723 0.00401616444 -0.0297835097
v -0.0132365233 0.00861603287 -0.0260233937
v -0.0142705447 0.0109638883 -0.0245111441
v -0.01152885 0.00620088512 -0.0275108818
v -0.0110433112 0.0110072009 -0.026149847
v -0.0120801936 0.0133839338 -0.0244940078
v -0.00922048132 0.00861980362 -0.0277320214
v -0.00492739752 0.00906522867 -0.0286891067
v -0.00866592061 0.0132257475 -0.0260106899
v -0.00947964279 0.0153136431 -0.0244910538
v -0.00734079002 0.0164473903 -0.0245189964
v -0.00722694481 0.010905249 -0.02750321
v -0.0043039333 0.0156497084 -0.0257551117
v -0.00401675833 0.0175789475 -0.0244951661
v -0.000732185007 0.0179859241 -0.0244991737
v -0.00481116876 0.0124470894 -0.027389382
v -0.000605584606 0.0162961252 -0.0256789965
v 0.0206656433 0.0180003193 -0.0244945579
v -0.00180673719 0.0140037619 -0.0269821525
v 0.0358489734 0.0176008429 -0.0247752876
v 0.0236128543 0.0183849616 -0.0242065929
v -0.00124573811 0.0118708135 -0.0280161388
v 0.0359934538 0.0150611714 -0.0263894297
v 0.0356620539 0.0190750465 -0.0235981584
v 0.0260748854 0.0193649678 -0.0233101484
v 0.0356280786 0.0132413918 -0.0274122576
v 0.0356755231 0.0200924466 -0.0224052885
v 0.0279185752 0.0205824845 -0.0216429093
v 0.0362579811 0.0188295266 -0.0236307314
v 0.0362925505 0.0197897624 -0.0225534794
v 0.0359659181 0.0208223823 -0.0210590209
v 0.0365185711 0.0172984367 -0.0246685551
v 0.0368915777 0.0140088861 -0.0263825059
v 0.0362869486 0.0129080948 -0.0274002523
v 0.0355659712 0.0111665826 -0.0283469737
v 0.036927698 0.018919328 -0.022892587
v 0.035861965 0.0214940201 -0.0195536792
v 0.0289671395 0.0219032281 -0.0184468387
v 0.0368852587 0.0201641149 -0.021291351
v 0.0369646513 0.017308594 -0.0241749818
v 0.0367484066 0.0212399583 -0.0191542451
v 0.035987254 0.0223296479 -0.0166118043
v 0.0410004825 0.0156631889 -0.0180167335
v 0.0410002442 0.0121414152 -0.0205807912
v 0.0410004824 0.0173214058 -0.0146722887
v 0.0410002445 0.00879133653 -0.0222252012
v 0.0359492269 0.0230156149 -0.0130218657
v 0.0290039761 0.0227780936 -0.0145932601
v 0.0368547403 0.0220091216 -0.0161072385
v 0.0369164927 0.0225542218 -0.0128363448
v 0.0410002437 0.0183514428 -0.00880739826
v 0.0368612973 0.0230423032 -0.00919178128
v 0.041000005 0.0188155878 -0.00134073462
v 0.0368701186 0.023361501 -0.00364937368
v 0.0358948667 0.0234513589 -0.0094109062
v 0.0289980156 0.0233603769 -0.0104893465
v 0.0359072649 0.0237816525 -0.0039857885
v 0.0289965837 0.0238534379 -0.00326215668
v 0.036970138 0.00979597421 -0.0281431479
v 0.0365915293 0.0085827228 -0.0288810057
v 0.0362845652 0.0108002731 -0.0283137226
v 0.0358891462 0.00872208279 -0.0291663135
v 0.0355694292 0.00674086061 -0.0297320832
v -0.00097048363 0.00973072957 -0.0288599229
v -0.00169074578 0.00462396696 -0.0301059103
v -0.0018489366 0.00717417263 -0.0295790582
v -0.00530350245 0.00630835592 -0.0293573277
v 0.0289957531 -0.0295212525 -0.00554184226
v 0.0290010005 -0.0299966723 -0.0010547973
v 0.0358732967 -0.0298030236 -0.00322959349
v 0.0358805668 -0.0294781841 -0.005438874
v 0.0367901342 -0.029073178 -0.00529845711
v 0.0357214242 -0.0300134617 -0.000167623114
v 0.029005887 -0.0299124953 0.00246036179
v 0.0368194593 -0.0293864778 -0.00293061385
v 0.0410000086 -0.0231963386 -0.00583575566
v 0.041000128 -0.0238789253 -0.00118456328
v 0.0365312121 -0.0297149932 -0.000833400463
v 0.0369571466 -0.0293799294 0.000240897657
v 0.0410002473 -0.0236356813 0.00367665561
v 0.0359870199 -0.0298031225 0.00313096243
v 0.0290018328 -0.0294226109 0.0059485712
v 0.0363286756 -0.0298255703 0.000776997149
v 0.0369211452 -0.02925462 0.00313147175
v 0.0359944123 -0.0294837283 0.00533825987
v 0.0368863369 -0.0287524887 0.00647011548
v 0.0410001279 -0.0222612806 0.00874253528
v 0.0359619877 -0.0289903078 0.0076192453
v 0.0290176885 -0.0282368801 0.0102595332
v 0.0359864261 -0.0283010331 0.00985313964
v 0.0369199518 -0.0277708136 0.00971842892
v 0.0359573367 -0.0274037882 0.0121560079
v 0.0290074351 -0.0265327053 0.0140356773
v 0.0368874078 -0.026524183 0.0128471016
v 0.0410000084 -0.0206770776 0.0119783617
v 0.0359753374 -0.0264113243 0.0141652854
v 0.0359677091 -0.0253243457 0.0160316573
v 0.0288984789 -0.0245096486 0.0173381195
v 0.0369401001 -0.0247126849 0.015934465
v 0.0410002469 -0.0184081663 0.0152510853
v 0.03600681 -0.0240499821 0.0178623493
v 0.0368844272 -0.0228687507 0.0185929006
v 0.0359532851 -0.0226195899 0.0196744062
v 0.0281914477 -0.022392246 0.0199781396
v 0.0359659218 -0.0209893869 0.0213984196
v 0.0273103728 -0.0210055723 0.0214277126
v 0.0260845426 -0.0198246772 0.0225078853
v 0.0369197154 -0.0205812769 0.0210271086
v 0.0410003659 -0.0149945562 0.0186636345
v 0.0360323191 -0.0193283876 0.0228757344
v 0.0359286075 -0.0176861851 0.0242146634
v 0.0243291872 -0.0188040162 0.0233822298
v 0.0215338486 -0.0180552156 0.0239679866
v -0.000729678478 -0.0179844138 0.024006702
v 0.0368928931 -0.0180714426 0.0232743259
v -0.0018039928 -0.015966395 0.0253645441
v -0.00325250466 -0.0177210694 0.0240042311
v 0.0369180444 -0.0152503341 0.0251623074
v 0.0410002461 -0.0101492588 0.0216726912
v 0.0359686629 -0.0155136132 0.025644424
v -0.00584518759 -0.0153247199 0.0251465244
v -0.00704490958 -0.016602854 0.0240140886
v -0.00948893903 -0.0124640058 0.0256070663
v -0.0101144296 -0.014898032 0.0240090114
v -0.0121035565 -0.0133343925 0.0240091656
v -0.0124877674 -0.00953006638 0.0255808904
v -0.0141804199 -0.011114455 0.0240144291
v -0.0163699377 -0.00757104933 0.0240113601
v -0.015140413 -0.00642755536 0.0251098652
v -0.0174888959 -0.00429148429 0.0240112582
v -0.0161011207 -0.00184176037 0.0252699538
v -0.0179271096 -0.00171277254 0.0240067908
v -0.0179865951 0.000899146536 0.0240058478
v -0.0178048608 0.00272961032 0.0240390407
v -0.0136080979 -0.00502352933 0.0262797985
v -0.0109285109 -0.00804941469 0.0267733092
v -0.00789117671 -0.0109856671 0.0268018979
v -0.00848686633 -0.00607281874 0.0281698391
v -0.014582157 -0.000425447662 0.0262341462
v -0.0120860332 -0.00350145525 0.0272527075
v -0.00461816662 -0.0135211103 0.0263955822
v -0.00108206145 -0.0140810779 0.0264824164
v -0.00430762675 -0.0114281244 0.0274139311
v 0.0359916693 -0.0136078348 0.0266957853
v -0.0153632169 0.00410708464 0.0254594313
v -0.0169945959 0.00594635164 0.024010241
v -0.0140488154 0.00761232027 0.0254266546
v -0.0156748306 0.00890400196 0.0240096517
v -0.0137054925 0.0116761929 0.0240087917
v -0.0132712131 0.00334550889 0.0267352938
v -0.0064892759 -0.00933757749 0.0277804007
v -0.00117111101 -0.0117148659 0.02759872
v 0.0368932477 -0.0122923226 0.0267803553
v -0.00454544939 -0.00770700175 0.0286585477
v -0.0016131392 -0.00931264672 0.0284943962
v 0.0359537614 -0.0115237553 0.0276743638
v 0.0369346156 -0.00914802408 0.0279458822
v 0.0410001263 -0.00454113257 0.023519776
v 0.0359835635 -0.00919404096 0.0285253249
v -0.00116240909 -0.00711846306 0.0291206758
v 0.0368708371 -0.00592592774 0.0288859388
v -0.00398647748 -0.00470657686 0.0293839956
v 0.0359697332 -0.00692484513 0.0291601958
v 1.96699608e-05 -0.00489978847 0.0295918813
v 0.036924481 -0.00251486913 0.0293096469
v 0.0410000065 0.00114597873 0.0238955414
v 0.0359439848 -0.00472774459 0.0296008307
v 0.0360137232 -0.00264582481 0.0298374536
v 0.0359699712 -0.000388080109 0.0299722858
v 0.000186562728 -0.00221941317 0.0299151405
v -0.00401675661 -0.00212670546 0.0296798244
v -0.00752806648 -0.00180476265 0.0290026626
v -0.00173723692 -5.25844866e-05 0.0299653737
v -0.00508677957 0.000933098646 0.0295795238
v 0.0369124406 -0.000280263704 0.0294233789
v 0.0369155399 0.00197693366 0.0293592078
v -0.00131487861 0.00230482735 0.0298919942
v -0.00513863601 0.00461722294 0.0292234821
v 0.0368819218 0.00522679215 0.0290060387
v 0.0410002448 0.0053629737 0.0232915409
v 0.0360035889 0.00210674867 0.0298847386
v -0.00170016326 0.00491445083 0.0295702746
v -0.00861465912 0.00277798988 0.028620119
v 0.0369127978 0.00847832448 0.0281823159
v 0.0410002445 0.00903146569 0.0221396607
v 0.0360110975 0.00427015935 0.0296500453
v 0.0359723542 0.0064925373 0.029259242
v -0.00177991449 0.00709287472 0.0291128148
v -0.00106203634 0.00936093411 0.0284903945
v 0.0359765275 0.0088025367 0.0286432507
v -0.00451147612 0.00890640037 0.0283044734
v 0.0369210223 0.0107586649 0.027383471
v 0.036027072 0.0107882307 0.0279395812
v -0.0010938654 0.0117765549 0.0275789411
v 0.0369014731 0.0128405084 0.0264898117
v 0.0410001248 0.0133120447 0.0198943308
v 0.0359660382 0.0128852933 0.027061766
v -0.00431251601 0.0113806836 0.0274303748
v -0.00677907511 0.00743004871 0.0282791822
v -0.00659036686 0.010350167 0.0273921643
v -0.00470113852 0.0131606484 0.0265706418
v -0.00837218876 0.0134056965 0.0255436404
v -0.008335948 0.00582088542 0.0282432447
v -0.00942075291 0.0100767181 0.0266603223
v -0.00122273089 0.0138992719 0.0265669165
v -0.00414562337 0.0155787024 0.0253317005
v -0.00044596333 0.0157839545 0.0255169289
v 0.0359956016 0.0149823131 0.0259474764
v 0.0369201867 0.0147911971 0.0254330545
v -0.010935426 0.00856206438 0.0266114919
v -0.0120917563 0.011230417 0.0250744226
v -0.011213184 0.00564949744 0.0272654142
v -0.0117335328 0.0136627252 0.0240060719
v -0.00965726491 0.0151958978 0.0240056979
v -0.00735843276 0.0164341 0.0240101377
v -0.00494933271 0.0173075542 0.024019432
v -0.00176036513 0.0179496156 0.0240085399
v 0.0210005018 0.0180233521 0.0239838351
v 0.0356997231 0.0177346696 0.0242001668
v 0.0236875987 0.0185083459 0.0236113177
v 0.0359636511 0.0190053516 0.0231166588
v 0.0264127227 0.0198259202 0.0222782677
v 0.0363153186 0.0176242177 0.024086058
v -0.0102304222 0.00116251269 0.028196341
v 0.0369205445 0.017345908 0.0237628745
v 0.0368834719 0.0187276196 0.0226868608
v 0.0410003632 0.0161606461 0.0173738517
v -0.0118165015 -0.000423654352 0.0275905069
v -0.00916600154 -0.00342096944 0.0283780479
v 0.0369013532 0.0193943142 0.0219391804
v 0.036925195 0.0202780214 0.0205437464
v 0.0410001244 0.0174782377 0.0139484502
v 0.03627753 0.0197391858 0.0221059279
v 0.0356739748 0.0197461721 0.0223697789
v 0.0359110807 0.0205395338 0.0211407314
v 0.0280808173 0.0210581838 0.0202298601
v 0.035705206 0.0213124748 0.0196030989
v 0.0289534316 0.0222311453 0.0167457576
v 0.0365276308 0.0209065346 0.0198414258
v 0.0369175639 0.0213402923 0.0179666458
v 0.0362625094 0.0217082578 0.0180479736
v 0.0357880558 0.0221239507 0.0170428189
v 0.0370483361 0.0220404141 0.0146041581
v 0.0410002436 0.0184849566 0.00764190918
v 0.0365214315 0.0224252816 0.0146811755
v 0.0357924679 0.0226399441 0.0147709303
v 0.0290057631 0.023077818 0.012258155
v 0.0357646911 0.0231600296 0.0115801187
v 0.0290080273 0.0237175522 0.00582081193
v 0.0367667652 0.0228287233 0.0113176589
v 0.0360445943 0.0235032613 0.008054098
v 0.0370066127 0.0229727873 0.00794502339
v 0.0357694583 0.0238585346 0.00162241577
v 0.0289965837 0.0238534379 -0.00326215668
v 0.0359072649 0.0237816525 -0.0039857885
v 0.0364176006 0.0236688315 0.00168086135
v 0.0368701186 0.023361501 -0.00364937368
v 0.0369546391 0.0233328875 0.00174918805
v 0.041000005 0.0188155878 -0.00134073462
vt 0.217407227 0.183837891
vt 0.229858398 0.185180664
vt 0.216796875 0.185302734
vt 0.226928711 0.183837891
vt 0.233642578 0.184082031
vt 0.237792969 0.185913086
vt 0.23828125 0.184692383
vt 0.239501953 0.186645508
vt 0.241943359 0.185913086
vt 0.240722656 0.18737793
vt 0.241699219 0.188354492
vt 0.244140625 0.187866211
vt 0.24230957 0.189575195
vt 0.245605469 0.190795898
vt 0.242675781 0.19128418
vt 0.242919922 0.193237305
vt 0.24609375 0.193359375
vt 0.246826172 0.215332031
vt 0.243774414 0.215454102
vt 0.246948242 0.218383789
vt 0.243896484 0.220092773
vt 0.247070312 0.220825195
vt 0.247192383 0.223388672
vt 0.244018555 0.223999023
vt 0.247192383 0.225830078
vt 0.244140625 0.227905273
vt 0.247314453 0.228515625
vt 0.247436523 0.231811523
vt 0.244262695 0.233154297
vt 0.247558594 0.234985352
vt 0.244384766 0.236938477
vt 0.247558594 0.23815918
vt 0.247680664 0.239868164
vt 0.244506836 0.239501953
vt 0.247680664 0.242431641
vt 0.244506836 0.24206543
vt 0.247802734 0.244873047
vt 0.244628906 0.244750977
vt 0.247802734 0.248291016
vt 0.244628906 0.247314453
vt 0.244750977 0.24987793
vt 0.247924805 0.252197266
vt 0.244750977 0.252441406
vt 0.248046875 0.255126953
vt 0.244873047 0.255126953
vt 0.248046875 0.257568359
vt 0.244873047 0.2578125
vt 0.248168945 0.260986328
vt 0.244995117 0.260253906
vt 0.244995117 0.262939453
vt 0.248168945 0.264892578
vt 0.245117188 0.266357422
vt 0.248168945 0.267333984
vt 0.248535156 0.288574219
vt 0.245483398 0.288574219
vt 0.248046875 0.291503906
vt 0.245117188 0.291259766
vt 0.247070312 0.293457031
vt 0.244384766 0.293457031
vt 0.24597168 0.294921875
vt 0.243286133 0.295166016
vt 0.244262695 0.296386719
vt 0.241088867 0.296875
vt 0.241333008 0.298339844
vt 0.235839844 0.298583984
vt 0.237548828 0.299560547
vt 0.233398438 0.300537109
vt 0.229736328 0.299804688
vt 0.228759766 0.301269531
vt 0.223876953 0.300048828
vt 0.225097656 0.301513672
vt 0.221435547 0.301269531
vt 0.217529297 0.299560547
vt 0.216796875 0.30078125
vt 0.690917969 0.849609375
vt 0.687988281 0.840332031
vt 0.689453125 0.841308594
vt 0.688964844 0.848632812
vt 0.691894531 0.853515625
vt 0.690429688 0.854492188
vt 0.692382812 0.85546875
vt 0.69140625 0.855957031
vt 0.693359375 0.856933594
vt 0.691894531 0.857421875
vt 0.692382812 0.858886719
vt 0.694335938 0.858398438
vt 0.694824219 0.860839844
vt 0.693359375 0.860839844
vt 0.693847656 0.862792969
vt 0.6953125 0.864257812
vt 0.694335938 0.884765625
vt 0.711914062 0.900390625
vt 0.694824219 0.888183594
vt 0.695800781 0.890625
vt 0.697265625 0.892578125
vt 0.69921875 0.89453125
vt 0.701171875 0.896484375
vt 0.703613281 0.897949219
vt 0.706054688 0.898925781
vt 0.708984375 0.899902344
vt 0.729492188 0.863769531
vt 0.731445312 0.884277344
vt 0.730957031 0.887207031
vt 0.730957031 0.861816406
vt 0.729492188 0.860839844
vt 0.731445312 0.860351562
vt 0.729980469 0.858886719
vt 0.731933594 0.858886719
vt 0.730957031 0.857421875
vt 0.732910156 0.856933594
vt 0.731933594 0.85546875
vt 0.734375 0.854980469
vt 0.733398438 0.854003906
vt 0.735839844 0.853515625
vt 0.735839844 0.850585938
vt 0.738769531 0.849609375
vt 0.738769531 0.845703125
vt 0.740234375 0.846191406
vt 0.739746094 0.841308594
vt 0.741699219 0.840332031
vt 0.263671875 0.85546875
vt 0.263671875 0.84375
vt 0.265380859 0.855957031
vt 0.265136719 0.84765625
vt 0.265625 0.840820312
vt 0.264892578 0.836425781
vt 0.266357422 0.836914062
vt 0.266845703 0.834960938
vt 0.265380859 0.834472656
vt 0.267578125 0.833984375
vt 0.265869141 0.833496094
vt 0.268066406 0.832519531
vt 0.266601562 0.83203125
vt 0.268554688 0.831542969
vt 0.267089844 0.831054688
vt 0.269042969 0.830078125
vt 0.267578125 0.829101562
vt 0.26953125 0.828125
vt 0.268066406 0.827148438
vt 0.26953125 0.825683594
vt 0.267822266 0.805175781
vt 0.281982422 0.790039062
vt 0.268798828 0.80078125
vt 0.270751953 0.797363281
vt 0.2734375 0.793945312
vt 0.278076172 0.791015625
vt 0.303955078 0.825195312
vt 0.305664062 0.826660156
vt 0.303955078 0.827148438
vt 0.304443359 0.829101562
vt 0.305175781 0.8046875
vt 0.304199219 0.801269531
vt 0.303222656 0.798828125
vt 0.301757812 0.796875
vt 0.306396484 0.829589844
vt 0.305175781 0.830566406
vt 0.307861328 0.831542969
vt 0.306152344 0.83203125
vt 0.309326172 0.833007812
vt 0.307861328 0.833496094
vt 0.300048828 0.794921875
vt 0.311279297 0.834472656
vt 0.309814453 0.835449219
vt 0.312011719 0.837890625
vt 0.314453125 0.838867188
vt 0.313720703 0.841308594
vt 0.316650391 0.844238281
vt 0.315429688 0.846191406
vt 0.317626953 0.849609375
vt 0.316162109 0.8515625
vt 0.317382812 0.85546875
vt 0.315673828 0.855957031
vt 0.297851562 0.79296875
vt 0.295654297 0.791503906
vt 0.29296875 0.790527344
vt 0.290283203 0.789550781
vt 0.287597656 0.789550781
vt 0.284667969 0.789550781
vt 0.229003906 0.382080078
vt 0.233032227 0.379882812
vt 0.231445312 0.382080078
vt 0.234741211 0.376464844
vt 0.236206055 0.372070312
vt 0.236816406 0.366943359
vt 0.229003906 0.350341797
vt 0.236694336 0.363769531
vt 0.236206055 0.360839844
vt 0.235595703 0.358398438
vt 0.234130859 0.354736328
vt 0.231445312 0.350585938
vt 0.906738281 0.199584961
vt 0.907714844 0.200195312
vt 0.905761719 0.19921875
vt 0.905761719 0.198364258
vt 0.904296875 0.196533203
vt 0.905273438 0.197021484
vt 0.904785156 0.1953125
vt 0.904296875 0.191040039
vt 0.904785156 0.191040039
vt 0.904296875 0.184570312
vt 0.904785156 0.184448242
vt 0.904296875 0.179199219
vt 0.904785156 0.17590332
vt 0.904296875 0.173828125
vt 0.904296875 0.167724609
vt 0.904785156 0.167480469
vt 0.904296875 0.162475586
vt 0.904785156 0.163085938
vt 0.905273438 0.161254883
vt 0.905273438 0.16003418
vt 0.90625 0.159667969
vt 0.907714844 0.158569336
vt 0.454101562 0.421875
vt 0.451416016 0.419433594
vt 0.454101562 0.419677734
vt 0.449951172 0.421386719
vt 0.44921875 0.419189453
vt 0.447753906 0.418945312
vt 0.447021484 0.420654297
vt 0.446044922 0.418212891
vt 0.444824219 0.419433594
vt 0.444091797 0.415771484
vt 0.443359375 0.417236328
vt 0.442382812 0.415039062
vt 0.443115234 0.410400391
vt 0.441650391 0.410888672
vt 0.44140625 0.406494141
vt 0.442626953 0.403808594
vt 0.441162109 0.399902344
vt 0.442626953 0.3984375
vt 0.44140625 0.393066406
vt 0.442871094 0.393066406
vt 0.441650391 0.386962891
vt 0.443115234 0.386962891
vt 0.442626953 0.382324219
vt 0.444091797 0.381835938
vt 0.443359375 0.380371094
vt 0.445556641 0.379638672
vt 0.4453125 0.378417969
vt 0.447998047 0.378417969
vt 0.447509766 0.377441406
vt 0.449707031 0.376708984
vt 0.450683594 0.377441406
vt 0.454101562 0.376464844
vt 0.454101562 0.377197266
vt 0.0065536499 0.541503906
vt 0.0050163269 0.543457031
vt 0.00619506836 0.541503906
vt 0.00746154785 0.538574219
vt 0.00677871704 0.5390625
vt 0.00688934326 0.535644531
vt 0.0075340271 0.53515625
vt 0.00759124756 0.531738281
vt 0.00691986084 0.532226562
vt 0.00695800781 0.52734375
vt 0.00759506226 0.527832031
vt 0.0076789856 0.5234375
vt 0.00705337524 0.521484375
vt 0.00773239136 0.51953125
vt 0.0071144104 0.517089844
vt 0.00776290894 0.516601562
vt 0.00714492798 0.512207031
vt 0.00779342651 0.513183594
vt 0.00785064697 0.509765625
vt 0.00718688965 0.506347656
vt 0.00788879395 0.506347656
vt 0.00785064697 0.502929688
vt 0.00708007812 0.502441406
vt 0.00717544556 0.500976562
vt 0.0064239502 0.500488281
vt 0.00598144531 0.499267578
vt 0.0050163269 0.498779297
vt 0.950195312 0.428955078
vt 0.947265625 0.429199219
vt 0.947753906 0.427001953
vt 0.949707031 0.427001953
vt 0.951660156 0.427001953
vt 0.952636719 0.428710938
vt 0.953125 0.426513672
vt 0.955078125 0.427978516
vt 0.955078125 0.426025391
vt 0.95703125 0.427001953
vt 0.95703125 0.424804688
vt 0.958984375 0.425292969
vt 0.959472656 0.422363281
vt 0.961425781 0.422119141
vt 0.9609375 0.418945312
vt 0.962402344 0.418945312
vt 0.963867188 0.415527344
vt 0.961914062 0.415771484
vt 0.962890625 0.411865234
vt 0.964355469 0.410644531
vt 0.963378906 0.407714844
vt 0.96484375 0.406982422
vt 0.96484375 0.403076172
vt 0.963378906 0.404052734
vt 0.962890625 0.400878906
vt 0.963867188 0.398925781
vt 0.962402344 0.397705078
vt 0.962890625 0.395019531
vt 0.9609375 0.394287109
vt 0.961914062 0.391601562
vt 0.959960938 0.391113281
vt 0.959960938 0.388427734
vt 0.958007812 0.388183594
vt 0.958984375 0.38671875
vt 0.956542969 0.386230469
vt 0.957519531 0.385253906
vt 0.955078125 0.385009766
vt 0.955566406 0.384277344
vt 0.954101562 0.384765625
vt 0.953125 0.383300781
vt 0.952636719 0.384033203
vt 0.950195312 0.383544922
vt 0.949707031 0.382568359
vt 0.947265625 0.383300781
vt 0.947265625 0.382568359
vt 0.948242188 0.740722656
vt 0.956542969 0.735839844
vt 0.952148438 0.738769531
vt 0.944335938 0.741699219
vt 0.940429688 0.741699219
vt 0.957519531 0.733398438
vt 0.958496094 0.729492188
vt 0.936523438 0.741210938
vt 0.932617188 0.739746094
vt 0.927734375 0.736816406
vt 0.923828125 0.732910156
vt 0.921875 0.729003906
vt 0.919921875 0.724609375
vt 0.958984375 0.723632812
vt 0.918945312 0.717773438
vt 0.919433594 0.711914062
vt 0.958984375 0.713378906
vt 0.958007812 0.705566406
vt 0.920898438 0.707519531
vt 0.922851562 0.703125
vt 0.926269531 0.69921875
vt 0.931152344 0.6953125
vt 0.937011719 0.693359375
vt 0.942871094 0.692871094
vt 0.947265625 0.693847656
vt 0.951660156 0.695800781
vt 0.95703125 0.700683594
vt 0.955566406 0.698730469
vt 0.491943359 0.943359375
vt 0.481689453 0.942382812
vt 0.487060547 0.942382812
vt 0.476806641 0.943847656
vt 0.473144531 0.9453125
vt 0.469482422 0.947265625
vt 0.467529297 0.950683594
vt 0.466308594 0.956054688
vt 0.465576172 0.963378906
vt 0.465576172 0.972167969
vt 0.466308594 0.978027344
vt 0.467529297 0.981445312
vt 0.470458984 0.983886719
vt 0.474853516 0.986328125
vt 0.478515625 0.987304688
vt 0.482910156 0.98828125
vt 0.488769531 0.98828125
vt 0.494628906 0.986328125
vt 0.499755859 0.983886719
vt 0.503417969 0.98046875
vt 0.505859375 0.977539062
vt 0.5078125 0.974609375
vt 0.509277344 0.969726562
vt 0.509765625 0.96484375
vt 0.509277344 0.960449219
vt 0.507324219 0.955566406
vt 0.504394531 0.950683594
vt 0.500488281 0.947753906
vt 0.496826172 0.9453125
vt 0.717285156 0.899902344
vt 0.714355469 0.900390625
vt 0.720214844 0.898925781
vt 0.72265625 0.897460938
vt 0.725097656 0.895996094
vt 0.727050781 0.89453125
vt 0.729492188 0.891113281
vt 0.5234375 0.477539062
vt 0.530273438 0.478759766
vt 0.522949219 0.479003906
vt 0.532226562 0.477294922
vt 0.534667969 0.478271484
vt 0.538574219 0.476318359
vt 0.538574219 0.477783203
vt 0.541992188 0.476074219
vt 0.540039062 0.475585938
vt 0.541503906 0.474365234
vt 0.543457031 0.474121094
vt 0.541992188 0.473144531
vt 0.544433594 0.471435547
vt 0.54296875 0.471191406
vt 0.543457031 0.468994141
vt 0.544921875 0.468505859
vt 0.544921875 0.447998047
vt 0.543457031 0.447265625
vt 0.544921875 0.444824219
vt 0.543457031 0.443847656
vt 0.543457031 0.44140625
vt 0.544921875 0.44140625
vt 0.544921875 0.439208984
vt 0.543457031 0.438720703
vt 0.543457031 0.436035156
vt 0.544921875 0.436035156
vt 0.543457031 0.433349609
vt 0.544921875 0.432861328
vt 0.543457031 0.430664062
vt 0.544921875 0.430175781
vt 0.543457031 0.428222656
vt 0.544921875 0.427490234
vt 0.543457031 0.425537109
vt 0.544921875 0.425292969
vt 0.543457031 0.422851562
vt 0.544921875 0.422119141
vt 0.543457031 0.420166016
vt 0.544921875 0.419677734
vt 0.543457031 0.417724609
vt 0.544921875 0.417236328
vt 0.543457031 0.415039062
vt 0.544921875 0.4140625
vt 0.543457031 0.412353516
vt 0.544921875 0.409912109
vt 0.54296875 0.409667969
vt 0.54296875 0.407226562
vt 0.544921875 0.407470703
vt 0.544433594 0.405029297
vt 0.54296875 0.403076172
vt 0.544433594 0.402099609
vt 0.54296875 0.399169922
vt 0.544433594 0.397949219
vt 0.54296875 0.395996094
vt 0.544433594 0.395019531
vt 0.542480469 0.373779297
vt 0.543945312 0.374267578
vt 0.543457031 0.372070312
vt 0.541992188 0.372070312
vt 0.54296875 0.369628906
vt 0.541503906 0.370361328
vt 0.540527344 0.368652344
vt 0.541015625 0.366699219
vt 0.5390625 0.366943359
vt 0.538574219 0.364746094
vt 0.537109375 0.365722656
vt 0.534667969 0.362792969
vt 0.532714844 0.363769531
vt 0.529296875 0.361328125
vt 0.528808594 0.362548828
vt 0.522949219 0.361328125
vt 0.5234375 0.360107422
vt 0.702148438 0.406982422
vt 0.695800781 0.403808594
vt 0.702148438 0.400146484
vt 0.695800781 0.411376953
vt 0.702148438 0.413818359
vt 0.695800781 0.41796875
vt 0.702148438 0.418212891
vt 0.702148438 0.422363281
vt 0.695800781 0.422607422
vt 0.695800781 0.426269531
vt 0.702636719 0.424804688
vt 0.703613281 0.427001953
vt 0.695800781 0.428466797
vt 0.705566406 0.428710938
vt 0.708007812 0.429931641
vt 0.695800781 0.432617188
vt 0.712402344 0.430419922
vt 0.712402344 0.433349609
vt 0.712402344 0.437011719
vt 0.695800781 0.437011719
vt 0.712402344 0.441650391
vt 0.695800781 0.440185547
vt 0.695800781 0.443359375
vt 0.712402344 0.446777344
vt 0.695800781 0.446533203
vt 0.712402344 0.449951172
vt 0.695800781 0.449951172
vt 0.712402344 0.452880859
vt 0.695800781 0.452880859
vt 0.712402344 0.455322266
vt 0.695800781 0.456298828
vt 0.712402344 0.459228516
vt 0.695800781 0.459472656
vt 0.712402344 0.464111328
vt 0.695800781 0.462402344
vt 0.709960938 0.464355469
vt 0.707519531 0.465332031
vt 0.695800781 0.465576172
vt 0.705078125 0.466552734
vt 0.704101562 0.468017578
vt 0.695800781 0.469482422
vt 0.702636719 0.470458984
vt 0.695800781 0.474121094
vt 0.702148438 0.474365234
vt 0.702148438 0.477783203
vt 0.695800781 0.477539062
vt 0.702148438 0.481201172
vt 0.695800781 0.480712891
vt 0.695800781 0.483886719
vt 0.702148438 0.486083984
vt 0.695800781 0.487060547
vt 0.702148438 0.489746094
vt 0.695800781 0.491699219
vt 0.702148438 0.493652344
vt 0.695800781 0.496582031
vt 0.788574219 0.63671875
vt 0.788574219 0.643066406
vt 0.782226562 0.640136719
vt 0.782226562 0.646484375
vt 0.788574219 0.647460938
vt 0.788574219 0.650390625
vt 0.782226562 0.650878906
vt 0.788574219 0.653808594
vt 0.781738281 0.653320312
vt 0.780273438 0.655273438
vt 0.788574219 0.65625
vt 0.778320312 0.656738281
vt 0.788574219 0.658203125
vt 0.788574219 0.660644531
vt 0.776367188 0.657714844
vt 0.771972656 0.658203125
vt 0.771972656 0.662109375
vt 0.788574219 0.664550781
vt 0.771972656 0.666992188
vt 0.788574219 0.66796875
vt 0.788574219 0.671386719
vt 0.771972656 0.671875
vt 0.788574219 0.674804688
vt 0.771972656 0.676269531
vt 0.788574219 0.677734375
vt 0.771972656 0.6796875
vt 0.788574219 0.681640625
vt 0.771972656 0.68359375
vt 0.788574219 0.685546875
vt 0.771972656 0.6875
vt 0.788574219 0.689941406
vt 0.771972656 0.691894531
vt 0.774414062 0.691894531
vt 0.77734375 0.692871094
vt 0.788574219 0.693359375
vt 0.779785156 0.694335938
vt 0.780761719 0.695800781
vt 0.788574219 0.696289062
vt 0.781738281 0.697753906
vt 0.788574219 0.700195312
vt 0.782226562 0.699707031
vt 0.782226562 0.703613281
vt 0.788574219 0.704589844
vt 0.782226562 0.70703125
vt 0.788574219 0.708007812
vt 0.782226562 0.7109375
vt 0.788574219 0.712402344
vt 0.782226562 0.715332031
vt 0.403808594 0.0387268066
vt 0.406982422 0.0348510742
vt 0.404541016 0.0386962891
vt 0.408691406 0.0311737061
vt 0.409667969 0.027557373
vt 0.409912109 0.0239868164
vt 0.403808594 0.00701904297
vt 0.409912109 0.0196380615
vt 0.408691406 0.0149383545
vt 0.406738281 0.0105209351
vt 0.404541016 0.00706863403
vt 0.889648438 0.702148438
vt 0.884277344 0.705078125
vt 0.887695312 0.698730469
vt 0.891113281 0.705566406
vt 0.881835938 0.701171875
vt 0.884765625 0.694824219
vt 0.885742188 0.709472656
vt 0.892089844 0.708496094
vt 0.892578125 0.712402344
vt 0.877929688 0.697265625
vt 0.881835938 0.691894531
vt 0.87890625 0.689941406
vt 0.88671875 0.716308594
vt 0.893066406 0.717285156
vt 0.892089844 0.72265625
vt 0.886230469 0.721679688
vt 0.891113281 0.727050781
vt 0.884765625 0.726074219
vt 0.889648438 0.730957031
vt 0.8828125 0.729980469
vt 0.887207031 0.734863281
vt 0.873535156 0.694335938
vt 0.876464844 0.688476562
vt 0.873046875 0.687011719
vt 0.869140625 0.692871094
vt 0.870117188 0.686035156
vt 0.87890625 0.734375
vt 0.865722656 0.692382812
vt 0.866699219 0.685546875
vt 0.86328125 0.685546875
vt 0.861816406 0.692382812
vt 0.859863281 0.686035156
vt 0.884765625 0.73828125
vt 0.882324219 0.740722656
vt 0.879394531 0.743164062
vt 0.874511719 0.737792969
vt 0.875488281 0.745117188
vt 0.857421875 0.693359375
vt 0.856445312 0.686523438
vt 0.853515625 0.6875
vt 0.854003906 0.6953125
vt 0.849609375 0.689941406
vt 0.868652344 0.740234375
vt 0.850097656 0.697753906
vt 0.846191406 0.692871094
vt 0.844726562 0.694824219
vt 0.848632812 0.700683594
vt 0.843261719 0.698730469
vt 0.84765625 0.704101562
vt 0.842285156 0.704101562
vt 0.847167969 0.709960938
vt 0.841796875 0.711425781
vt 0.871582031 0.746582031
vt 0.867675781 0.747558594
vt 0.864257812 0.747558594
vt 0.847167969 0.720214844
vt 0.841796875 0.719726562
vt 0.842285156 0.7265625
vt 0.848144531 0.728027344
vt 0.842773438 0.731445312
vt 0.862792969 0.740234375
vt 0.860839844 0.747558594
vt 0.857421875 0.746582031
vt 0.858398438 0.739746094
vt 0.854003906 0.745605469
vt 0.849121094 0.732910156
vt 0.854492188 0.737792969
vt 0.850097656 0.743164062
vt 0.848144531 0.7421875
vt 0.850585938 0.734863281
vt 0.846679688 0.740234375
vt 0.84375 0.734863281
vt 0.845214844 0.73828125
vt 0.638671875 0.795410156
vt 0.640136719 0.793457031
vt 0.645996094 0.797363281
vt 0.647949219 0.791992188
vt 0.639160156 0.793457031
vt 0.637695312 0.795410156
vt 0.640625 0.791015625
vt 0.638671875 0.791992188
vt 0.631347656 0.791015625
vt 0.633300781 0.78515625
vt 0.639648438 0.791015625
vt 0.640136719 0.7890625
vt 0.641113281 0.7890625
vt 0.642089844 0.787109375
vt 0.649414062 0.786132812
vt 0.641113281 0.786621094
vt 0.642089844 0.784667969
vt 0.650390625 0.782226562
vt 0.640625 0.786621094
vt 0.641113281 0.784667969
vt 0.634277344 0.779296875
vt 0.641601562 0.782226562
vt 0.642578125 0.782714844
vt 0.643554688 0.780273438
vt 0.651855469 0.778808594
vt 0.642578125 0.780273438
vt 0.641601562 0.780273438
vt 0.642089844 0.778320312
vt 0.634765625 0.774414062
vt 0.643066406 0.778320312
vt 0.643554688 0.776367188
vt 0.654296875 0.776367188
vt 0.643554688 0.773925781
vt 0.656738281 0.775390625
vt 0.659179688 0.774902344
vt 0.643066406 0.776367188
vt 0.642089844 0.775878906
vt 0.642578125 0.773925781
vt 0.643066406 0.771972656
vt 0.634765625 0.76953125
vt 0.644042969 0.771972656
vt 0.643066406 0.768554688
vt 0.635253906 0.763183594
vt 0.681152344 0.773925781
vt 0.681152344 0.775878906
vt 0.684570312 0.775390625
vt 0.643554688 0.770019531
vt 0.64453125 0.770019531
vt 0.685058594 0.7734375
vt 0.688476562 0.774414062
vt 0.643554688 0.767578125
vt 0.681640625 0.771484375
vt 0.685546875 0.770996094
vt 0.689453125 0.770996094
vt 0.691894531 0.772949219
vt 0.693847656 0.771484375
vt 0.643066406 0.764648438
vt 0.64453125 0.767578125
vt 0.64453125 0.764648438
vt 0.685058594 0.768554688
vt 0.691894531 0.768554688
vt 0.696289062 0.769042969
vt 0.680175781 0.769042969
vt 0.682128906 0.766601562
vt 0.688964844 0.767089844
vt 0.692382812 0.766113281
vt 0.686035156 0.764648438
vt 0.643554688 0.765625
vt 0.644042969 0.763671875
vt 0.643066406 0.76171875
vt 0.644042969 0.76171875
vt 0.643554688 0.758300781
vt 0.635253906 0.7578125
vt 0.682128906 0.764160156
vt 0.64453125 0.76171875
vt 0.690429688 0.763671875
vt 0.643554688 0.754882812
vt 0.635253906 0.751953125
vt 0.644042969 0.759277344
vt 0.645019531 0.758300781
vt 0.644042969 0.757324219
vt 0.681640625 0.762207031
vt 0.685058594 0.76171875
vt 0.644042969 0.755371094
vt 0.643554688 0.751953125
vt 0.687988281 0.761230469
vt 0.682128906 0.759765625
vt 0.686035156 0.758789062
vt 0.690429688 0.758789062
vt 0.69140625 0.761230469
vt 0.682128906 0.7578125
vt 0.645019531 0.755371094
vt 0.694824219 0.763671875
vt 0.686035156 0.756835938
vt 0.64453125 0.752929688
vt 0.682617188 0.755371094
vt 0.645019531 0.752929688
vt 0.6953125 0.761230469
vt 0.695800781 0.766601562
vt 0.698730469 0.765625
vt 0.700195312 0.762207031
vt 0.697753906 0.758789062
vt 0.700683594 0.759765625
vt 0.64453125 0.750976562
vt 0.693847656 0.758789062
vt 0.697753906 0.756347656
vt 0.700683594 0.756835938
vt 0.700195312 0.75390625
vt 0.692871094 0.756347656
vt 0.696289062 0.752929688
vt 0.699707031 0.751464844
vt 0.698242188 0.749023438
vt 0.689453125 0.756347656
vt 0.689453125 0.752929688
vt 0.692871094 0.75390625
vt 0.686035156 0.75390625
vt 0.694824219 0.749023438
vt 0.696777344 0.746582031
vt 0.692871094 0.751464844
vt 0.692382812 0.746582031
vt 0.694335938 0.744140625
vt 0.690429688 0.749511719
vt 0.686035156 0.749023438
vt 0.689941406 0.744628906
vt 0.69140625 0.7421875
vt 0.688964844 0.740722656
vt 0.688476562 0.747070312
vt 0.685546875 0.7421875
vt 0.685546875 0.739746094
vt 0.681640625 0.739257812
vt 0.686035156 0.745605469
vt 0.681640625 0.741210938
vt 0.66015625 0.739257812
vt 0.682617188 0.743652344
vt 0.645019531 0.739746094
vt 0.657226562 0.738769531
vt 0.682128906 0.74609375
vt 0.645019531 0.742675781
vt 0.645019531 0.73828125
vt 0.654785156 0.737792969
vt 0.645019531 0.744628906
vt 0.645019531 0.736816406
vt 0.652832031 0.735839844
vt 0.64453125 0.73828125
vt 0.64453125 0.737304688
vt 0.64453125 0.735351562
vt 0.64453125 0.740234375
vt 0.643554688 0.743164062
vt 0.64453125 0.744628906
vt 0.645019531 0.746582031
vt 0.643554688 0.737792969
vt 0.64453125 0.733886719
vt 0.651367188 0.731933594
vt 0.643554688 0.736328125
vt 0.643554688 0.739746094
vt 0.643554688 0.733886719
vt 0.643554688 0.731445312
vt 0.636230469 0.736816406
vt 0.635742188 0.741699219
vt 0.635742188 0.732910156
vt 0.635742188 0.74609375
vt 0.643066406 0.728027344
vt 0.650878906 0.728027344
vt 0.642578125 0.730957031
vt 0.641601562 0.728027344
vt 0.633789062 0.726074219
vt 0.640625 0.724121094
vt 0.631347656 0.718261719
vt 0.639160156 0.71875
vt 0.642089844 0.724121094
vt 0.649902344 0.723632812
vt 0.640625 0.71875
vt 0.647949219 0.716308594
vt 0.643554688 0.747558594
vt 0.644042969 0.749023438
vt 0.64453125 0.746582031
vt 0.645019531 0.748535156
vt 0.645019531 0.750488281
vt 0.681640625 0.748046875
vt 0.682128906 0.753417969
vt 0.682617188 0.750976562
vt 0.686035156 0.751464844
vt 0.639160156 0.150268555
vt 0.637207031 0.145507812
vt 0.64453125 0.145263672
vt 0.645507812 0.147460938
vt 0.646484375 0.146972656
vt 0.643554688 0.142211914
vt 0.636230469 0.141845703
vt 0.645507812 0.14453125
vt 0.653808594 0.144775391
vt 0.651367188 0.140136719
vt 0.64453125 0.142578125
vt 0.64453125 0.141357422
vt 0.649902344 0.135009766
vt 0.642578125 0.138916016
vt 0.635253906 0.138061523
vt 0.643554688 0.141113281
vt 0.643554688 0.138427734
vt 0.642089844 0.13671875
vt 0.642578125 0.135131836
vt 0.6484375 0.129150391
vt 0.641601562 0.134399414
vt 0.634277344 0.133178711
vt 0.641113281 0.131958008
vt 0.642089844 0.131713867
vt 0.640625 0.129516602
vt 0.633300781 0.128540039
vt 0.641113281 0.128295898
vt 0.647949219 0.12512207
vt 0.640136719 0.127319336
vt 0.639648438 0.12512207
vt 0.6328125 0.124206543
vt 0.641113281 0.124694824
vt 0.647460938 0.120544434
vt 0.639648438 0.12286377
vt 0.640625 0.121459961
vt 0.639648438 0.120544434
vt 0.631835938 0.120483398
vt 0.639160156 0.118164062
vt 0.630859375 0.118347168
vt 0.629882812 0.116638184
vt 0.640136719 0.118041992
vt 0.646972656 0.114868164
vt 0.639160156 0.115905762
vt 0.639160156 0.113830566
vt 0.627929688 0.115234375
vt 0.625488281 0.114196777
vt 0.604980469 0.114013672
vt 0.640136719 0.114685059
vt 0.604003906 0.111450195
vt 0.602539062 0.113708496
vt 0.640136719 0.11126709
vt 0.646972656 0.108032227
vt 0.639160156 0.111206055
vt 0.600097656 0.110717773
vt 0.598632812 0.112426758
vt 0.596191406 0.107543945
vt 0.595214844 0.110534668
vt 0.593261719 0.108825684
vt 0.593261719 0.104309082
vt 0.591308594 0.106323242
vt 0.589355469 0.102416992
vt 0.590820312 0.101013184
vt 0.588378906 0.0987548828
vt 0.58984375 0.0960693359
vt 0.587890625 0.0959472656
vt 0.587890625 0.0930786133
vt 0.587890625 0.0910644531
vt 0.592773438 0.0994262695
vt 0.595214844 0.102600098
vt 0.598144531 0.105712891
vt 0.59765625 0.100463867
vt 0.591796875 0.094543457
vt 0.594238281 0.0977783203
vt 0.601074219 0.108520508
vt 0.604492188 0.109191895
vt 0.6015625 0.106140137
vt 0.639160156 0.109069824
vt 0.590820312 0.0897216797
vt 0.588867188 0.0875244141
vt 0.592285156 0.0859375
vt 0.590332031 0.0842285156
vt 0.592285156 0.081237793
vt 0.593261719 0.090637207
vt 0.599609375 0.103881836
vt 0.604492188 0.106506348
vt 0.640136719 0.107849121
vt 0.6015625 0.102172852
vt 0.604492188 0.103881836
vt 0.639160156 0.106811523
vt 0.640136719 0.104431152
vt 0.646972656 0.100769043
vt 0.639160156 0.104309082
vt 0.604980469 0.1015625
vt 0.640136719 0.101074219
vt 0.602050781 0.0990600586
vt 0.639160156 0.101989746
vt 0.605957031 0.0993041992
vt 0.640136719 0.0975952148
vt 0.646972656 0.0936889648
vt 0.639160156 0.0997924805
vt 0.639160156 0.0977172852
vt 0.639160156 0.0954589844
vt 0.605957031 0.0966186523
vt 0.602539062 0.0964355469
vt 0.599121094 0.0960693359
vt 0.604492188 0.0944213867
vt 0.6015625 0.0933837891
vt 0.640136719 0.0953369141
vt 0.640136719 0.0930786133
vt 0.604980469 0.0920410156
vt 0.6015625 0.0896606445
vt 0.640136719 0.08984375
vt 0.647460938 0.0884399414
vt 0.639160156 0.092956543
vt 0.604492188 0.0894165039
vt 0.598144531 0.0914306641
vt 0.640136719 0.0864868164
vt 0.647460938 0.0837402344
vt 0.639160156 0.0908203125
vt 0.639160156 0.0886230469
vt 0.604492188 0.0871582031
vt 0.604980469 0.0848388672
vt 0.639160156 0.0863037109
vt 0.602050781 0.0852050781
vt 0.640136719 0.0840454102
vt 0.639648438 0.0842285156
vt 0.604980469 0.0822143555
vt 0.640625 0.0817871094
vt 0.646972656 0.0777587891
vt 0.639160156 0.0819702148
vt 0.602050781 0.0825195312
vt 0.599609375 0.0866699219
vt 0.600097656 0.0835571289
vt 0.6015625 0.0805053711
vt 0.598144531 0.0798950195
vt 0.598144531 0.0883178711
vt 0.597167969 0.0836181641
vt 0.604980469 0.0797729492
vt 0.602050781 0.0776367188
vt 0.605957031 0.0775756836
vt 0.639648438 0.0796508789
vt 0.640625 0.0795898438
vt 0.595703125 0.0852050781
vt 0.594238281 0.08203125
vt 0.595214844 0.0883178711
vt 0.594238281 0.0791015625
vt 0.596679688 0.0775146484
vt 0.599121094 0.0762329102
vt 0.6015625 0.075378418
vt 0.604492188 0.0748291016
vt 0.625488281 0.0756225586
vt 0.639160156 0.0765991211
vt 0.627929688 0.0751342773
vt 0.639648438 0.075012207
vt 0.630859375 0.0733032227
vt 0.639648438 0.0765991211
vt 0.596191406 0.0930175781
vt 0.640625 0.0766601562
vt 0.640625 0.0749511719
vt 0.646972656 0.0731201172
vt 0.594726562 0.0946044922
vt 0.597167969 0.0977172852
vt 0.640625 0.0739746094
vt 0.640625 0.0724487305
vt 0.6484375 0.0690307617
vt 0.640136719 0.0738525391
vt 0.639160156 0.0739746094
vt 0.639648438 0.0726318359
vt 0.6328125 0.0708618164
vt 0.639648438 0.0709838867
vt 0.633789062 0.0667724609
vt 0.640625 0.071472168
vt 0.641113281 0.0697631836
vt 0.640625 0.0695800781
vt 0.640625 0.0684204102
vt 0.642578125 0.0664672852
vt 0.650390625 0.0618896484
vt 0.641601562 0.0662231445
vt 0.641113281 0.0661010742
vt 0.634765625 0.0616149902
vt 0.642089844 0.0627441406
vt 0.63671875 0.0543212891
vt 0.643066406 0.0628662109
vt 0.643066406 0.0591430664
vt 0.64453125 0.0594787598
vt 0.645019531 0.0521850586
vt 0.640136719 0.0442504883
vt 0.647460938 0.0461730957
vt 0.645996094 0.0524902344
vt 0.6484375 0.0469665527
vt 0.646484375 0.0528259277
vt 0.653808594 0.0519714355
f 3/3 2/2 1/1
f 4/4 1/1 2/2
f 5/5 4/4 2/2
f 5/5 2/2 6/6
f 7/7 5/5 6/6
f 6/6 8/8 7/7
f 8/8 9/9 7/7
f 8/8 10/10 9/9
f 10/10 11/11 9/9
f 9/9 11/11 12/12
f 11/11 13/13 12/12
f 14/14 12/12 13/13
f 14/14 13/13 15/15
f 14/14 15/15 16/16
f 14/14 16/16 17/17
f 16/16 18/18 17/17
f 16/16 19/19 18/18
f 19/19 20/20 18/18
f 19/19 21/21 20/20
f 21/21 22/22 20/20
f 23/23 22/22 21/21
f 23/23 21/21 24/24
f 23/23 24/24 25/25
f 24/24 26/26 25/25
f 27/27 25/25 26/26
f 28/28 27/27 26/26
f 28/28 26/26 29/29
f 29/29 30/30 28/28
f 30/30 29/29 31/31
f 32/32 30/30 31/31
f 31/31 33/33 32/32
f 31/31 34/34 33/33
f 35/35 33/33 34/34
f 35/35 34/34 36/36
f 36/36 37/37 35/35
f 36/36 38/38 37/37
f 39/39 37/37 38/38
f 39/39 38/38 40/40
f 40/40 41/41 39/39
f 42/42 39/39 41/41
f 42/42 41/41 43/43
f 43/43 44/44 42/42
f 43/43 45/45 44/44
f 46/46 44/44 45/45
f 46/46 45/45 47/47
f 47/47 48/48 46/46
f 47/47 49/49 48/48
f 48/48 49/49 50/50
f 48/48 50/50 51/51
f 51/51 50/50 52/52
f 52/52 53/53 51/51
f 53/53 52/52 54/54
f 55/55 54/54 52/52
f 55/55 56/56 54/54
f 55/55 57/57 56/56
f 57/57 58/58 56/56
f 57/57 59/59 58/58
f 59/59 60/60 58/58
f 59/59 61/61 60/60
f 62/62 60/60 61/61
f 61/61 63/63 62/62
f 63/63 64/64 62/62
f 63/63 65/65 64/64
f 64/64 65/65 66/66
f 67/67 66/66 65/65
f 65/65 68/68 67/67
f 69/69 67/67 68/68
f 69/69 68/68 70/70
f 71/71 69/69 70/70
f 71/71 70/70 72/72
f 72/72 70/70 73/73
f 74/74 72/72 73/73
f 77/77 76/76 75/75
f 75/75 76/76 78/78
f 75/75 78/78 79/79
f 79/79 78/78 80/80
f 81/81 79/79 80/80
f 81/81 80/80 82/82
f 83/83 81/81 82/82
f 83/83 82/82 84/84
f 83/83 84/84 85/85
f 86/86 83/83 85/85
f 87/87 86/86 85/85
f 87/87 85/85 88/88
f 88/88 89/89 87/87
f 90/90 87/87 89/89
f 89/89 91/91 90/90
f 92/92 90/90 91/91
f 92/92 91/91 93/93
f 92/92 93/93 94/94
f 92/92 94/94 95/95
f 92/92 95/95 96/96
f 92/92 96/96 97/97
f 92/92 97/97 98/98
f 92/92 98/98 99/99
f 92/92 99/99 100/100
f 92/92 101/101 90/90
f 92/92 102/102 101/101
f 92/92 103/103 102/102
f 102/102 104/104 101/101
f 104/104 105/105 101/101
f 104/104 106/106 105/105
f 105/105 106/106 107/107
f 108/108 107/107 106/106
f 108/108 109/109 107/107
f 110/110 109/109 108/108
f 110/110 111/111 109/109
f 110/110 112/112 111/111
f 112/112 113/113 111/111
f 112/112 114/114 113/113
f 114/114 115/115 113/113
f 115/115 114/114 116/116
f 117/117 115/115 116/116
f 118/118 117/117 116/116
f 118/118 119/119 117/117
f 118/118 120/120 119/119
f 123/123 122/122 121/121
f 123/123 124/124 122/122
f 124/124 125/125 122/122
f 126/126 122/122 125/125
f 126/126 125/125 127/127
f 126/126 127/127 128/128
f 126/126 128/128 129/129
f 128/128 130/130 129/129
f 130/130 131/131 129/129
f 130/130 132/132 131/131
f 133/133 131/131 132/132
f 133/133 132/132 134/134
f 135/135 133/133 134/134
f 134/134 136/136 135/135
f 137/137 135/135 136/136
f 136/136 138/138 137/137
f 139/139 137/137 138/138
f 139/139 138/138 140/140
f 140/140 141/141 139/139
f 140/140 142/142 141/141
f 142/142 143/143 141/141
f 142/142 144/144 143/143
f 142/142 145/145 144/144
f 142/142 146/146 145/145
f 142/142 140/140 147/147
f 148/148 142/142 147/147
f 148/148 147/147 149/149
f 148/148 149/149 150/150
f 148/148 151/151 142/142
f 151/151 152/152 142/142
f 152/152 153/153 142/142
f 153/153 154/154 142/142
f 155/155 148/148 150/150
f 155/155 150/150 156/156
f 157/157 155/155 156/156
f 157/157 156/156 158/158
f 159/159 157/157 158/158
f 158/158 160/160 159/159
f 154/154 161/161 142/142
f 162/162 159/159 160/160
f 162/162 160/160 163/163
f 162/162 163/163 164/164
f 165/165 162/162 164/164
f 164/164 166/166 165/165
f 166/166 167/167 165/165
f 166/166 168/168 167/167
f 169/169 167/167 168/168
f 169/169 168/168 170/170
f 171/171 169/169 170/170
f 170/170 172/172 171/171
f 161/161 173/173 142/142
f 173/173 174/174 142/142
f 174/174 175/175 142/142
f 175/175 176/176 142/142
f 176/176 177/177 142/142
f 177/177 178/178 142/142
f 181/181 180/180 179/179
f 180/180 182/182 179/179
f 182/182 183/183 179/179
f 183/183 184/184 179/179
f 185/185 179/179 184/184
f 185/185 184/184 186/186
f 187/187 185/185 186/186
f 185/185 187/187 188/188
f 189/189 185/185 188/188
f 190/190 185/185 189/189
f 193/193 192/192 191/191
f 193/193 191/191 194/194
f 195/195 193/193 194/194
f 195/195 194/194 196/196
f 196/196 197/197 195/195
f 195/195 197/197 198/198
f 198/198 197/197 199/199
f 200/200 198/198 199/199
f 200/200 199/199 201/201
f 200/200 201/201 202/202
f 201/201 203/203 202/202
f 203/203 204/204 202/202
f 205/205 204/204 203/203
f 205/205 203/203 206/206
f 207/207 205/205 206/206
f 207/207 206/206 208/208
f 207/207 208/208 209/209
f 210/210 207/207 209/209
f 210/210 209/209 211/211
f 212/212 210/210 211/211
f 215/215 214/214 213/213
f 214/214 216/216 213/213
f 214/214 217/217 216/216
f 218/218 216/216 217/217
f 216/216 218/218 219/219
f 218/218 220/220 219/219
f 220/220 221/221 219/219
f 220/220 222/222 221/221
f 222/222 223/223 221/221
f 222/222 224/224 223/223
f 224/224 222/222 225/225
f 226/226 224/224 225/225
f 226/226 225/225 227/227
f 225/225 228/228 227/227
f 228/228 229/229 227/227
f 228/228 230/230 229/229
f 230/230 231/231 229/229
f 230/230 232/232 231/231
f 232/232 233/233 231/231
f 233/233 232/232 234/234
f 235/235 233/233 234/234
f 235/235 234/234 236/236
f 236/236 237/237 235/235
f 236/236 238/238 237/237
f 238/238 239/239 237/237
f 239/239 238/238 240/240
f 241/241 239/239 240/240
f 240/240 242/242 241/241
f 240/240 243/243 242/242
f 243/243 244/244 242/242
f 244/244 243/243 245/245
f 248/248 247/247 246/246
f 248/248 246/246 249/249
f 250/250 248/248 249/249
f 250/250 249/249 251/251
f 251/251 249/249 252/252
f 251/251 252/252 253/253
f 254/254 251/251 253/253
f 255/255 254/254 253/253
f 255/255 253/253 256/256
f 256/256 257/257 255/255
f 257/257 258/258 255/255
f 257/257 259/259 258/258
f 260/260 258/258 259/259
f 260/260 259/259 261/261
f 261/261 262/262 260/260
f 261/261 263/263 262/262
f 263/263 264/264 262/262
f 264/264 265/265 262/262
f 264/264 266/266 265/265
f 265/265 266/266 267/267
f 267/267 268/268 265/265
f 267/267 269/269 268/268
f 270/270 268/268 269/269
f 269/269 271/271 270/270
f 271/271 272/272 270/270
f 275/275 274/274 273/273
f 276/276 275/275 273/273
f 277/277 276/276 273/273
f 277/277 273/273 278/278
f 278/278 279/279 277/277
f 280/280 279/279 278/278
f 280/280 281/281 279/279
f 280/280 282/282 281/281
f 282/282 283/283 281/281
f 282/282 284/284 283/283
f 284/284 285/285 283/283
f 286/286 285/285 284/284
f 286/286 287/287 285/285
f 286/286 288/288 287/287
f 288/288 289/289 287/287
f 289/289 290/290 287/287
f 291/291 290/290 289/289
f 292/292 291/291 289/289
f 292/292 293/293 291/291
f 293/293 292/292 294/294
f 293/293 294/294 295/295
f 296/296 293/293 295/295
f 297/297 296/296 295/295
f 297/297 295/295 298/298
f 299/299 297/297 298/298
f 299/299 298/298 300/300
f 301/301 299/299 300/300
f 301/301 300/300 302/302
f 303/303 301/301 302/302
f 303/303 302/302 304/304
f 305/305 303/303 304/304
f 304/304 306/306 305/305
f 307/307 305/305 306/306
f 308/308 307/307 306/306
f 308/308 309/309 307/307
f 308/308 310/310 309/309
f 310/310 311/311 309/309
f 310/310 312/312 311/311
f 313/313 311/311 312/312
f 313/313 312/312 314/314
f 312/312 315/315 314/314
f 316/316 314/314 315/315
f 316/316 315/315 317/317
f 320/320 319/319 318/318
f 321/321 318/318 319/319
f 319/319 322/322 321/321
f 319/319 323/323 322/322
f 323/323 324/324 322/322
f 325/325 322/322 324/324
f 326/326 325/325 324/324
f 326/326 324/324 327/327
f 328/328 327/327 324/324
f 328/328 324/324 329/329
f 330/330 329/329 324/324
f 330/330 324/324 331/331
f 332/332 330/330 331/331
f 332/332 331/331 333/333
f 331/331 334/334 333/333
f 334/334 335/335 333/333
f 336/336 333/333 335/335
f 336/336 335/335 337/337
f 337/337 335/335 338/338
f 339/339 338/338 335/335
f 340/340 339/339 335/335
f 341/341 340/340 335/335
f 342/342 341/341 335/335
f 343/343 342/342 335/335
f 343/343 335/335 344/344
f 344/344 345/345 343/343
f 348/348 347/347 346/346
f 347/347 349/349 346/346
f 350/350 346/346 349/349
f 350/350 351/351 346/346
f 351/351 352/352 346/346
f 346/346 352/352 353/353
f 346/346 353/353 354/354
f 354/354 355/355 346/346
f 355/355 356/356 346/346
f 346/346 356/356 357/357
f 357/357 358/358 346/346
f 358/358 359/359 346/346
f 359/359 360/360 346/346
f 361/361 346/346 360/360
f 346/346 361/361 362/362
f 362/362 363/363 346/346
f 346/346 363/363 364/364
f 365/365 346/346 364/364
f 346/346 365/365 366/366
f 367/367 346/346 366/366
f 367/367 368/368 346/346
f 368/368 369/369 346/346
f 369/369 370/370 346/346
f 371/371 346/346 370/370
f 346/346 371/371 372/372
f 372/372 373/373 346/346
f 374/374 346/346 373/373
f 92/92 376/376 375/375
f 92/92 375/375 377/377
f 92/92 377/377 378/378
f 92/92 378/378 379/379
f 92/92 379/379 380/380
f 92/92 380/380 381/381
f 92/92 381/381 103/103
f 384/384 383/383 382/382
f 383/383 385/385 382/382
f 383/383 386/386 385/385
f 387/387 385/385 386/386
f 387/387 386/386 388/388
f 387/387 388/388 389/389
f 390/390 387/387 389/389
f 391/391 390/390 389/389
f 391/391 389/389 392/392
f 393/393 391/391 392/392
f 393/393 392/392 394/394
f 395/395 393/393 394/394
f 396/396 395/395 394/394
f 396/396 394/394 397/397
f 396/396 397/397 398/398
f 399/399 396/396 398/398
f 399/399 398/398 400/400
f 401/401 399/399 400/400
f 400/400 402/402 401/401
f 400/400 403/403 402/402
f 402/402 403/403 404/404
f 405/405 402/402 404/404
f 406/406 405/405 404/404
f 406/406 404/404 407/407
f 407/407 408/408 406/406
f 407/407 409/409 408/408
f 409/409 410/410 408/408
f 409/409 411/411 410/410
f 412/412 410/410 411/411
f 413/413 412/412 411/411
f 413/413 414/414 412/412
f 413/413 415/415 414/414
f 415/415 416/416 414/414
f 415/415 417/417 416/416
f 418/418 416/416 417/417
f 418/418 417/417 419/419
f 420/420 418/418 419/419
f 421/421 420/420 419/419
f 421/421 422/422 420/420
f 421/421 423/423 422/422
f 423/423 424/424 422/422
f 423/423 425/425 424/424
f 425/425 426/426 424/424
f 425/425 427/427 426/426
f 425/425 428/428 427/427
f 427/427 428/428 429/429
f 430/430 427/427 429/429
f 430/430 429/429 431/431
f 432/432 430/430 431/431
f 432/432 431/431 433/433
f 433/433 434/434 432/432
f 433/433 435/435 434/434
f 436/436 434/434 435/435
f 436/436 435/435 437/437
f 437/437 438/438 436/436
f 438/438 439/439 436/436
f 438/438 440/440 439/439
f 440/440 441/441 439/439
f 441/441 440/440 442/442
f 440/440 443/443 442/442
f 443/443 444/444 442/442
f 443/443 445/445 444/444
f 446/446 444/444 445/445
f 445/445 447/447 446/446
f 447/447 448/448 446/446
f 447/447 449/449 448/448
f 449/449 450/450 448/448
f 449/449 451/451 450/450
f 449/449 452/452 451/451
f 455/455 454/454 453/453
f 456/456 453/453 454/454
f 456/456 457/457 453/453
f 456/456 458/458 457/457
f 458/458 459/459 457/457
f 460/460 459/459 458/458
f 460/460 458/458 461/461
f 462/462 460/460 461/461
f 462/462 463/463 460/460
f 462/462 464/464 463/463
f 462/462 465/465 464/464
f 465/465 466/466 464/464
f 465/465 467/467 466/466
f 467/467 465/465 468/468
f 468/468 469/469 467/467
f 469/469 468/468 470/470
f 471/471 470/470 468/468
f 471/471 468/468 472/472
f 473/473 471/471 472/472
f 473/473 472/472 474/474
f 474/474 475/475 473/473
f 475/475 476/476 473/473
f 475/475 477/477 476/476
f 477/477 478/478 476/476
f 477/477 479/479 478/478
f 479/479 480/480 478/478
f 479/479 481/481 480/480
f 481/481 482/482 480/480
f 481/481 483/483 482/482
f 483/483 484/484 482/482
f 483/483 485/485 484/484
f 485/485 486/486 484/484
f 485/485 487/487 486/486
f 487/487 488/488 486/486
f 488/488 487/487 489/489
f 487/487 490/490 489/489
f 490/490 491/491 489/489
f 491/491 490/490 492/492
f 490/490 493/493 492/492
f 493/493 494/494 492/492
f 493/493 495/495 494/494
f 495/495 496/496 494/494
f 495/495 497/497 496/496
f 495/495 498/498 497/497
f 498/498 499/499 497/497
f 498/498 500/500 499/499
f 500/500 501/501 499/499
f 501/501 502/502 499/499
f 501/501 503/503 502/502
f 504/504 502/502 503/503
f 504/504 503/503 505/505
f 506/506 504/504 505/505
f 505/505 507/507 506/506
f 510/510 509/509 508/508
f 510/510 511/511 509/509
f 511/511 512/512 509/509
f 513/513 512/512 511/511
f 513/513 511/511 514/514
f 514/514 515/515 513/513
f 516/516 515/515 514/514
f 517/517 515/515 516/516
f 517/517 518/518 515/515
f 518/518 517/517 519/519
f 520/520 518/518 519/519
f 519/519 521/521 520/520
f 519/519 522/522 521/521
f 522/522 523/523 521/521
f 523/523 524/524 521/521
f 524/524 525/525 521/521
f 524/524 526/526 525/525
f 526/526 527/527 525/525
f 528/528 527/527 526/526
f 528/528 526/526 529/529
f 530/530 528/528 529/529
f 530/530 529/529 531/531
f 532/532 530/530 531/531
f 532/532 531/531 533/533
f 534/534 532/532 533/533
f 534/534 533/533 535/535
f 536/536 534/534 535/535
f 536/536 535/535 537/537
f 536/536 537/537 538/538
f 538/538 537/537 539/539
f 538/538 539/539 540/540
f 540/540 541/541 538/538
f 541/541 542/542 538/538
f 541/541 543/543 542/542
f 543/543 544/544 542/542
f 545/545 542/542 544/544
f 545/545 544/544 546/546
f 545/545 546/546 547/547
f 547/547 546/546 548/548
f 548/548 549/549 547/547
f 549/549 550/550 547/547
f 549/549 551/551 550/550
f 551/551 552/552 550/550
f 551/551 553/553 552/552
f 553/553 554/554 552/552
f 554/554 553/553 555/555
f 558/558 557/557 556/556
f 557/557 559/559 556/556
f 559/559 560/560 556/556
f 560/560 561/561 556/556
f 562/562 556/556 561/561
f 562/562 561/561 563/563
f 564/564 562/562 563/563
f 565/565 562/562 564/564
f 566/566 562/562 565/565
f 569/569 568/568 567/567
f 570/570 567/567 568/568
f 571/571 568/568 569/569
f 572/572 571/571 569/569
f 573/573 570/570 568/568
f 570/570 573/573 574/574
f 573/573 575/575 574/574
f 576/576 571/571 572/572
f 577/577 576/576 572/572
f 577/577 578/578 576/576
f 573/573 579/579 575/575
f 579/579 580/580 575/575
f 579/579 581/581 580/580
f 579/579 582/582 581/581
f 582/582 583/583 581/581
f 582/582 584/584 583/583
f 584/584 585/585 583/583
f 584/584 586/586 585/585
f 586/586 587/587 585/585
f 578/578 588/588 576/576
f 578/578 589/589 588/588
f 589/589 590/590 588/588
f 590/590 591/591 588/588
f 590/590 592/592 591/591
f 586/586 593/593 587/587
f 592/592 594/594 591/591
f 594/594 592/592 595/595
f 595/595 596/596 594/594
f 596/596 597/597 594/594
f 596/596 598/598 597/597
f 593/593 599/599 587/587
f 593/593 600/600 599/599
f 593/593 601/601 600/600
f 593/593 602/602 601/601
f 602/602 603/603 601/601
f 597/597 598/598 604/604
f 598/598 605/605 604/604
f 605/605 606/606 604/604
f 604/604 606/606 607/607
f 606/606 608/608 607/607
f 602/602 609/609 603/603
f 608/608 610/610 607/607
f 608/608 611/611 610/610
f 610/610 611/611 612/612
f 613/613 610/610 612/612
f 613/613 612/612 614/614
f 614/614 615/615 613/613
f 614/614 616/616 615/615
f 616/616 617/617 615/615
f 616/616 618/618 617/617
f 609/609 619/619 603/603
f 609/609 620/620 619/619
f 609/609 621/621 620/620
f 622/622 617/617 618/618
f 622/622 618/618 623/623
f 622/622 623/623 624/624
f 625/625 622/622 624/624
f 625/625 624/624 626/626
f 609/609 627/627 621/621
f 621/621 627/627 628/628
f 629/629 628/628 627/627
f 629/629 627/627 630/630
f 631/631 629/629 630/630
f 625/625 626/626 632/632
f 631/631 630/630 633/633
f 634/634 631/631 633/633
f 635/635 634/634 633/633
f 636/636 635/635 633/633
f 637/637 635/635 636/636
f 637/637 636/636 632/632
f 632/632 626/626 638/638
f 639/639 637/637 632/632
f 632/632 638/638 639/639
f 642/642 641/641 640/640
f 642/642 643/643 641/641
f 640/640 641/641 644/644
f 640/640 644/644 645/645
f 643/643 646/646 641/641
f 641/641 646/646 644/644
f 645/645 644/644 647/647
f 645/645 647/647 648/648
f 647/647 649/649 648/648
f 644/644 650/650 647/647
f 644/644 646/646 650/650
f 650/650 651/651 647/647
f 646/646 651/651 650/650
f 647/647 651/651 649/649
f 652/652 646/646 643/643
f 646/646 652/652 651/651
f 653/653 652/652 643/643
f 654/654 653/653 643/643
f 652/652 655/655 651/651
f 652/652 653/653 655/655
f 654/654 656/656 653/653
f 653/653 656/656 655/655
f 654/654 657/657 656/656
f 658/658 649/649 651/651
f 651/651 655/655 658/658
f 658/658 659/659 649/649
f 655/655 659/659 658/658
f 655/655 656/656 659/659
f 659/659 660/660 649/649
f 656/656 661/661 659/659
f 659/659 661/661 660/660
f 657/657 662/662 656/656
f 656/656 662/662 661/661
f 657/657 663/663 662/662
f 657/657 664/664 663/663
f 662/662 665/665 661/661
f 662/662 663/663 665/665
f 660/660 661/661 666/666
f 661/661 665/665 666/666
f 660/660 666/666 667/667
f 665/665 667/667 666/666
f 668/668 660/660 667/667
f 663/663 669/669 665/665
f 669/669 663/663 664/664
f 665/665 669/669 667/667
f 670/670 669/669 664/664
f 670/670 664/664 671/671
f 671/671 672/672 670/670
f 671/671 673/673 672/672
f 673/673 674/674 672/672
f 669/669 670/670 675/675
f 669/669 675/675 667/667
f 670/670 672/672 675/675
f 667/667 675/675 676/676
f 668/668 667/667 676/676
f 675/675 677/677 676/676
f 668/668 676/676 677/677
f 675/675 672/672 677/677
f 668/668 677/677 678/678
f 672/672 678/678 677/677
f 679/679 668/668 678/678
f 674/674 680/680 672/672
f 672/672 680/680 678/678
f 679/679 678/678 681/681
f 682/682 679/679 681/681
f 680/680 674/674 683/683
f 674/674 684/684 683/683
f 685/685 683/683 684/684
f 680/680 686/686 678/678
f 678/678 686/686 681/681
f 680/680 687/687 686/686
f 687/687 680/680 683/683
f 685/685 688/688 683/683
f 689/689 688/688 685/685
f 686/686 690/690 681/681
f 687/687 690/690 686/686
f 688/688 691/691 683/683
f 687/687 683/683 691/691
f 689/689 692/692 688/688
f 691/691 688/688 692/692
f 689/689 693/693 692/692
f 693/693 689/689 694/694
f 693/693 694/694 695/695
f 690/690 696/696 681/681
f 682/682 681/681 696/696
f 697/697 687/687 691/691
f 687/687 697/697 690/690
f 697/697 698/698 690/690
f 699/699 691/691 692/692
f 693/693 699/699 692/692
f 700/700 693/693 695/695
f 695/695 701/701 700/700
f 697/697 691/691 702/702
f 702/702 691/691 699/699
f 697/697 702/702 703/703
f 698/698 697/697 703/703
f 703/703 702/702 699/699
f 693/693 704/704 699/699
f 693/693 700/700 704/704
f 701/701 705/705 700/700
f 700/700 705/705 704/704
f 699/699 706/706 703/703
f 704/704 706/706 699/699
f 690/690 698/698 707/707
f 690/690 707/707 696/696
f 707/707 708/708 696/696
f 698/698 708/708 707/707
f 708/708 709/709 696/696
f 682/682 696/696 709/709
f 708/708 710/710 709/709
f 698/698 710/710 708/708
f 709/709 711/711 682/682
f 710/710 711/711 709/709
f 711/711 712/712 682/682
f 698/698 703/703 713/713
f 706/706 713/713 703/703
f 698/698 714/714 710/710
f 698/698 713/713 714/714
f 704/704 715/715 706/706
f 705/705 715/715 704/704
f 712/712 711/711 716/716
f 717/717 712/712 716/716
f 710/710 718/718 711/711
f 714/714 718/718 710/710
f 714/714 719/719 718/718
f 718/718 720/720 711/711
f 720/720 716/716 711/711
f 719/719 720/720 718/718
f 713/713 721/721 714/714
f 721/721 719/719 714/714
f 706/706 722/722 713/713
f 721/721 713/713 722/722
f 720/720 723/723 716/716
f 719/719 723/723 720/720
f 717/717 716/716 724/724
f 723/723 724/724 716/716
f 722/722 706/706 725/725
f 715/715 725/725 706/706
f 726/726 721/721 722/722
f 721/721 726/726 719/719
f 722/722 727/727 726/726
f 725/725 727/727 722/722
f 725/725 728/728 727/727
f 715/715 729/729 725/725
f 729/729 728/728 725/725
f 726/726 730/730 719/719
f 730/730 726/726 727/727
f 719/719 731/731 723/723
f 731/731 719/719 730/730
f 729/729 715/715 732/732
f 715/715 705/705 732/732
f 730/730 727/727 733/733
f 728/728 733/733 727/727
f 731/731 734/734 723/723
f 723/723 734/734 724/724
f 731/731 730/730 735/735
f 735/735 730/730 733/733
f 731/731 736/736 734/734
f 731/731 735/735 736/736
f 728/728 729/729 737/737
f 729/729 732/732 737/737
f 738/738 732/732 705/705
f 701/701 738/738 705/705
f 701/701 739/739 738/738
f 739/739 732/732 738/738
f 739/739 737/737 732/732
f 739/739 740/740 737/737
f 740/740 741/741 737/737
f 740/740 742/742 741/741
f 736/736 743/743 734/734
f 734/734 743/743 724/724
f 728/728 737/737 744/744
f 737/737 741/741 744/744
f 742/742 745/745 741/741
f 742/742 746/746 745/745
f 745/745 746/746 747/747
f 741/741 748/748 744/744
f 748/748 728/728 744/744
f 741/741 745/745 748/748
f 745/745 747/747 749/749
f 747/747 750/750 749/749
f 750/750 751/751 749/749
f 728/728 748/748 752/752
f 748/748 753/753 752/752
f 728/728 752/752 733/733
f 745/745 754/754 748/748
f 745/745 749/749 754/754
f 748/748 754/754 753/753
f 752/752 755/755 733/733
f 752/752 753/753 755/755
f 733/733 755/755 735/735
f 751/751 756/756 749/749
f 757/757 756/756 751/751
f 749/749 758/758 754/754
f 754/754 758/758 753/753
f 749/749 756/756 758/758
f 756/756 757/757 759/759
f 759/759 757/757 760/760
f 761/761 758/758 756/756
f 758/758 761/761 753/753
f 759/759 761/761 756/756
f 753/753 761/761 762/762
f 763/763 759/759 760/760
f 763/763 760/760 764/764
f 763/763 764/764 765/765
f 761/761 759/759 766/766
f 761/761 766/766 762/762
f 759/759 763/763 766/766
f 763/763 765/765 767/767
f 768/768 767/767 765/765
f 769/769 767/767 768/768
f 766/766 763/763 770/770
f 770/770 762/762 766/766
f 763/763 767/767 770/770
f 769/769 771/771 767/767
f 772/772 771/771 769/769
f 773/773 770/770 767/767
f 771/771 773/773 767/767
f 772/772 774/774 771/771
f 772/772 775/775 774/774
f 776/776 762/762 770/770
f 773/773 776/776 770/770
f 777/777 773/773 771/771
f 774/774 777/777 771/771
f 775/775 778/778 774/774
f 779/779 778/778 775/775
f 780/780 776/776 773/773
f 777/777 780/780 773/773
f 781/781 778/778 779/779
f 781/781 779/779 782/782
f 783/783 774/774 778/778
f 781/781 784/784 778/778
f 783/783 778/778 784/784
f 782/782 785/785 781/781
f 784/784 781/781 785/785
f 786/786 774/774 783/783
f 777/777 774/774 786/786
f 777/777 786/786 787/787
f 780/780 777/777 788/788
f 788/788 777/777 787/787
f 780/780 789/789 776/776
f 789/789 780/780 788/788
f 784/784 790/790 783/783
f 783/783 790/790 786/786
f 782/782 791/791 785/785
f 782/782 792/792 791/791
f 785/785 793/793 784/784
f 793/793 790/790 784/784
f 790/790 794/794 786/786
f 787/787 786/786 794/794
f 795/795 785/785 791/791
f 793/793 785/785 795/795
f 796/796 791/791 792/792
f 791/791 796/796 795/795
f 797/797 790/790 793/793
f 797/797 794/794 790/790
f 797/797 798/798 794/794
f 798/798 787/787 794/794
f 799/799 797/797 793/793
f 799/799 793/793 795/795
f 787/787 798/798 800/800
f 796/796 792/792 801/801
f 802/802 801/801 792/792
f 796/796 803/803 795/795
f 799/799 795/795 803/803
f 803/803 796/796 801/801
f 799/799 803/803 804/804
f 803/803 801/801 804/804
f 805/805 799/799 804/804
f 805/805 804/804 806/806
f 806/806 804/804 801/801
f 807/807 805/805 806/806
f 807/807 806/806 808/808
f 802/802 809/809 801/801
f 801/801 809/809 806/806
f 808/808 806/806 809/809
f 802/802 810/810 809/809
f 811/811 808/808 809/809
f 810/810 812/812 809/809
f 812/812 811/811 809/809
f 813/813 800/800 717/717
f 813/813 717/717 724/724
f 813/813 787/787 800/800
f 724/724 814/814 813/813
f 743/743 814/814 724/724
f 815/815 787/787 813/813
f 814/814 815/815 813/813
f 815/815 788/788 787/787
f 789/789 788/788 815/815
f 816/816 815/815 814/814
f 743/743 816/816 814/814
f 816/816 789/789 815/815
f 817/817 816/816 743/743
f 736/736 817/817 743/743
f 789/789 816/816 818/818
f 816/816 817/817 818/818
f 789/789 818/818 776/776
f 776/776 818/818 762/762
f 817/817 736/736 819/819
f 819/819 736/736 735/735
f 755/755 819/819 735/735
f 817/817 820/820 818/818
f 817/817 819/819 820/820
f 818/818 820/820 762/762
f 755/755 820/820 819/819
f 821/821 762/762 820/820
f 755/755 821/821 820/820
f 753/753 762/762 821/821
f 753/753 821/821 755/755
f 824/824 823/823 822/822
f 822/822 825/825 824/824
f 824/824 825/825 826/826
f 824/824 827/827 823/823
f 823/823 827/827 828/828
f 824/824 826/826 829/829
f 829/829 826/826 830/830
f 829/829 830/830 831/831
f 832/832 824/824 829/829
f 827/827 824/824 832/832
f 831/831 833/833 829/829
f 832/832 829/829 833/833
f 833/833 831/831 834/834
f 828/828 827/827 835/835
f 828/828 835/835 836/836
f 837/837 827/827 832/832
f 833/833 837/837 832/832
f 837/837 835/835 827/827
f 833/833 838/838 837/837
f 838/838 833/833 834/834
f 837/837 838/838 835/835
f 839/839 836/836 835/835
f 838/838 839/839 835/835
f 840/840 838/838 834/834
f 838/838 840/840 839/839
f 840/840 834/834 841/841
f 839/839 842/842 836/836
f 840/840 842/842 839/839
f 842/842 843/843 836/836
f 840/840 844/844 842/842
f 842/842 844/844 843/843
f 845/845 840/840 841/841
f 840/840 845/845 844/844
f 846/846 843/843 844/844
f 845/845 846/846 844/844
f 846/846 847/847 843/843
f 848/848 845/845 841/841
f 845/845 848/848 846/846
f 841/841 849/849 848/848
f 846/846 850/850 847/847
f 848/848 850/850 846/846
f 847/847 850/850 851/851
f 848/848 851/851 850/850
f 852/852 847/847 851/851
f 849/849 853/853 848/848
f 848/848 853/853 851/851
f 849/849 854/854 853/853
f 852/852 851/851 855/855
f 853/853 855/855 851/851
f 853/853 854/854 856/856
f 853/853 856/856 855/855
f 852/852 855/855 857/857
f 856/856 857/857 855/855
f 858/858 852/852 857/857
f 857/857 859/859 858/858
f 856/856 859/859 857/857
f 860/860 858/858 859/859
f 861/861 860/860 859/859
f 854/854 862/862 856/856
f 856/856 862/862 859/859
f 854/854 863/863 862/862
f 861/861 859/859 864/864
f 862/862 864/864 859/859
f 861/861 864/864 865/865
f 861/861 865/865 866/866
f 867/867 866/866 865/865
f 865/865 868/868 867/867
f 862/862 869/869 864/864
f 863/863 869/869 862/862
f 869/869 865/865 864/864
f 865/865 870/870 868/868
f 868/868 870/870 871/871
f 863/863 872/872 869/869
f 863/863 873/873 872/872
f 869/869 874/874 865/865
f 865/865 874/874 870/870
f 869/869 872/872 874/874
f 871/871 870/870 875/875
f 876/876 871/871 875/875
f 875/875 877/877 876/876
f 877/877 878/878 876/876
f 877/877 879/879 878/878
f 877/877 880/880 879/879
f 880/880 881/881 879/879
f 880/880 882/882 881/881
f 882/882 880/880 883/883
f 884/884 882/882 883/883
f 885/885 884/884 883/883
f 885/885 886/886 884/884
f 887/887 886/886 885/885
f 888/888 887/887 885/885
f 889/889 883/883 880/880
f 889/889 885/885 883/883
f 890/890 880/880 877/877
f 890/890 889/889 880/880
f 891/891 877/877 875/875
f 891/891 890/890 877/877
f 892/892 890/890 891/891
f 893/893 888/888 885/885
f 893/893 885/885 889/889
f 894/894 889/889 890/890
f 892/892 894/894 890/890
f 894/894 893/893 889/889
f 895/895 891/891 875/875
f 870/870 895/895 875/875
f 870/870 896/896 895/895
f 874/874 896/896 870/870
f 891/891 895/895 897/897
f 896/896 897/897 895/895
f 898/898 896/896 874/874
f 872/872 898/898 874/874
f 899/899 888/888 893/893
f 899/899 900/900 888/888
f 901/901 900/900 899/899
f 900/900 901/901 902/902
f 903/903 902/902 901/901
f 904/904 899/899 893/893
f 904/904 901/901 899/899
f 905/905 891/891 897/897
f 905/905 892/892 891/891
f 896/896 906/906 897/897
f 898/898 906/906 896/896
f 872/872 907/907 898/898
f 873/873 907/907 872/872
f 897/897 908/908 905/905
f 908/908 892/892 905/905
f 906/906 909/909 897/897
f 908/908 897/897 909/909
f 898/898 910/910 906/906
f 907/907 910/910 898/898
f 910/910 909/909 906/906
f 873/873 911/911 907/907
f 873/873 912/912 911/911
f 907/907 913/913 910/910
f 910/910 913/913 909/909
f 907/907 911/911 913/913
f 909/909 914/914 908/908
f 913/913 914/914 909/909
f 912/912 915/915 911/911
f 911/911 915/915 913/913
f 916/916 892/892 908/908
f 908/908 914/914 916/916
f 913/913 917/917 914/914
f 913/913 915/915 917/917
f 914/914 917/917 918/918
f 914/914 918/918 916/916
f 912/912 919/919 915/915
f 912/912 920/920 919/919
f 917/917 915/915 921/921
f 917/917 921/921 918/918
f 915/915 922/922 921/921
f 915/915 919/919 922/922
f 919/919 923/923 922/922
f 921/921 922/922 924/924
f 921/921 924/924 918/918
f 922/922 923/923 924/924
f 916/916 918/918 925/925
f 918/918 924/924 925/925
f 916/916 926/926 892/892
f 925/925 926/926 916/916
f 925/925 924/924 927/927
f 923/923 927/927 924/924
f 928/928 925/925 927/927
f 925/925 928/928 926/926
f 920/920 929/929 919/919
f 919/919 929/929 923/923
f 930/930 929/929 920/920
f 929/929 930/930 923/923
f 931/931 927/927 923/923
f 928/928 927/927 931/931
f 928/928 931/931 932/932
f 933/933 930/930 920/920
f 933/933 920/920 934/934
f 923/923 930/930 935/935
f 931/931 923/923 935/935
f 930/930 933/933 935/935
f 931/931 935/935 936/936
f 936/936 932/932 931/931
f 928/928 937/937 926/926
f 932/932 937/937 928/928
f 938/938 933/933 934/934
f 938/938 934/934 939/939
f 935/935 933/933 940/940
f 936/936 935/935 940/940
f 941/941 940/940 933/933
f 936/936 940/940 941/941
f 938/938 941/941 933/933
f 936/936 942/942 932/932
f 942/942 936/936 941/941
f 943/943 942/942 941/941
f 944/944 941/941 938/938
f 943/943 941/941 944/944
f 945/945 932/932 942/942
f 943/943 945/945 942/942
f 946/946 938/938 939/939
f 947/947 944/944 938/938
f 947/947 938/938 946/946
f 943/943 944/944 948/948
f 948/948 944/944 947/947
f 949/949 946/946 939/939
f 949/949 939/939 950/950
f 951/951 947/947 946/946
f 948/948 947/947 951/951
f 951/951 946/946 949/949
f 945/945 943/943 952/952
f 943/943 948/948 952/952
f 945/945 953/953 932/932
f 954/954 945/945 952/952
f 954/954 953/953 945/945
f 955/955 952/952 948/948
f 955/955 954/954 952/952
f 955/955 956/956 954/954
f 953/953 957/957 932/932
f 932/932 957/957 937/937
f 954/954 958/958 953/953
f 954/954 956/956 958/958
f 953/953 958/958 957/957
f 959/959 955/955 948/948
f 948/948 951/951 959/959
f 955/955 959/959 960/960
f 955/955 960/960 956/956
f 961/961 959/959 951/951
f 959/959 961/961 960/960
f 961/961 951/951 962/962
f 962/962 951/951 949/949
f 962/962 949/949 963/963
f 963/963 949/949 950/950
f 958/958 964/964 957/957
f 956/956 965/965 958/958
f 958/958 965/965 964/964
f 957/957 964/964 966/966
f 957/957 966/966 937/937
f 964/964 965/965 901/901
f 964/964 901/901 966/966
f 965/965 903/903 901/901
f 967/967 903/903 965/965
f 956/956 967/967 965/965
f 967/967 956/956 968/968
f 969/969 968/968 956/956
f 956/956 960/960 969/969
f 960/960 970/970 969/969
f 971/971 970/970 960/960
f 971/971 960/960 961/961
f 972/972 971/971 961/961
f 966/966 901/901 904/904
f 972/972 961/961 973/973
f 961/961 962/962 973/973
f 974/974 972/972 973/973
f 974/974 973/973 975/975
f 976/976 974/974 975/975
f 973/973 962/962 977/977
f 973/973 977/977 975/975
f 977/977 962/962 963/963
f 966/966 904/904 978/978
f 937/937 966/966 978/978
f 937/937 978/978 926/926
f 977/977 963/963 979/979
f 950/950 979/979 963/963
f 979/979 980/980 977/977
f 979/979 950/950 980/980
f 980/980 975/975 977/977
f 950/950 981/981 980/980
f 978/978 904/904 982/982
f 982/982 904/904 893/893
f 982/982 893/893 894/894
f 926/926 978/978 983/983
f 978/978 982/982 983/983
f 983/983 982/982 894/894
f 926/926 983/983 892/892
f 983/983 894/894 892/892
f 981/981 984/984 980/980
f 984/984 975/975 980/980
f 981/981 985/985 984/984
f 981/981 986/986 985/985
f 984/984 987/987 975/975
f 987/987 984/984 985/985
f 987/987 988/988 975/975
f 976/976 975/975 988/988
f 988/988 987/987 989/989
f 976/976 988/988 989/989
f 989/989 987/987 985/985
f 990/990 976/976 989/989
f 990/990 989/989 991/991
f 990/990 991/991 992/992
f 989/989 985/985 993/993
f 993/993 991/991 989/989
f 986/986 994/994 985/985
f 985/985 994/994 993/993
f 991/991 993/993 995/995
f 995/995 993/993 994/994
f 991/991 996/996 992/992
f 991/991 995/995 996/996
f 986/986 997/997 994/994
f 986/986 998/998 997/997
f 994/994 999/999 995/995
f 999/999 996/996 995/995
f 994/994 997/997 999/999
f 996/996 1000/1000 992/992
f 999/999 1000/1000 996/996
f 1000/1000 1001/1001 992/992
f 1000/1000 1002/1002 1001/1001
f 1000/1000 999/999 1002/1002
f 1003/1003 1001/1001 1002/1002
f 999/999 997/997 1004/1004
f 999/999 1004/1004 1002/1002
f 998/998 1004/1004 997/997
f 1003/1003 1002/1002 1005/1005
f 1005/1005 1002/1002 1004/1004
f 998/998 1006/1006 1004/1004
f 1004/1004 1006/1006 1005/1005
f 1003/1003 1005/1005 1007/1007
f 1007/1007 1008/1008 1003/1003
f 1008/1008 1007/1007 1009/1009
f 1010/1010 1007/1007 1005/1005
f 1007/1007 1010/1010 1009/1009
f 1010/1010 1005/1005 1006/1006
f 1010/1010 1011/1011 1009/1009
f 998/998 1012/1012 1006/1006
f 1012/1012 1010/1010 1006/1006
f 1010/1010 1012/1012 1011/1011
f 998/998 1013/1013 1012/1012
f 1012/1012 1013/1013 1011/1011
